                  Welcome to Q-Chem
     A Quantum Leap Into The Future Of Chemistry


 Q-Chem 6.3 (devel), Q-Chem, Inc., Pleasanton, CA (2025)

 E. Epifanovsky,  A. T. B. Gilbert,  Xintian Feng,  Joonho Lee,  Yuezhi Mao,  
 N. Mardirossian,  P. Pokhilko,  A. White,  M. Wormit,  M. P. Coons,  
 A. L. Dempwolff,  Zhengting Gan,  D. Hait,  P. R. Horn,  L. D. Jacobson,  
 I. Kaliman,  J. Kussmann,  A. W. Lange,  Ka Un Lao,  D. S. Levine,  Jie Liu,  
 S. C. McKenzie,  A. F. Morrison,  K. D. Nanda,  F. Plasser,  D. R. Rehn,  
 M. L. Vidal,  Zhi-Qiang You,  Ying Zhu,  Huseyin Aksu,  B. Alam,  
 B. Albrecht,  A. Aldossary,  E. Alguire,  J. H. Andersen,  
 J. E. Arias-Martinez,  V. Athavale,  F. Ballesteros,  D. Barton,  K. Begam,  
 A. Behn,  N. Bellonzi,  Y. A. Bernard,  E. J. Berquist,  H. Burton,  
 S. Camps,  A. Carreras,  K. Carter-Fenk,  Mathew Chow,  Romit Chakraborty,  
 Chandrima Chakravarty,  Junhan Chen,  A. D. Chien,  K. D. Closser,  
 V. Cofer-Shabica,  L. Cunha,  S. Dasgupta,  Jia Deng,  Joseph Dickinson,  
 M. de Wergifosse,  M. Diedenhofen,  L. B. Dittmer,  Hainam Do,  Wenjie Dou,  
 S. Ehlert,  Po-Tung Fang,  S. Fatehi,  Qingguo Feng,  Jonathan Fetherolf,  
 T. Friedhoff,  Thomas Froitzheim,  Sarai Folkestad,  B. Ganoe,  J. Gayvert,  
 Qinghui Ge,  G. Gidofalvi,  M. Gimferrer,  G. Giudetti,  M. Goldey,  
 Montgomery Gray,  J. Gomes,  C. Gonzalez-Espinoza,  S. Gulania,  A. Gunina,  
 J. A. Gyamfi,  M. W. D. Hanson-Heine,  P. H. P. Harbach,  A. W. Hauser,  
 M. F. Herbst,  M. Hernandez Vera,  M. Hodecker,  Z. C. Holden,  S. Houck,  
 Xunkun Huang,  Kerwin Hui,  B. C. Huynh,  K. Ikeda,  M. Ivanov,  
 Nayanthara K. Jayadev,  Hyunjun Ji,  Zuxin Jin,  Hanjie Jiang,  
 Subrata Jana,  B. Kaduk,  S. Kaehler,  R. Kang,  Richard Kang,  
 K. Khistyaev,  Jaehoon Kim,  Yongbin Kim,  P. Klunzinger,  Z. Koczor-Benda,  
 Joong Hoon Koh,  D. Kosenkov,  Saikiran Kotaru,  L. Koulias,  T. Kowalczyk,  
 C. M. Krauter,  K. Kue,  A. Kunitsa,  T. Kus,  A. Landau,  C. W. Lander,  
 K. V. Lawler,  D. Lefrancois,  S. Lehtola,  Rain Li,  Shaozhi Li,  
 Tao E. Li,  Yi-Pei Li,  Jiashu Liang,  M. Liebenthal,  Hung-Hsuan Lin,  
 You-Sheng Lin,  Fenglai Liu,  Kuan-Yu Liu,  Xiao Liu,  M. Loipersberger,  
 A. Luenser,  C. Malbon,  Aniket Mandal,  Manisha,  A. Manjanath,  
 P. Manohar,  E. Mansoor,  S. F. Manzer,  Shan-Ping Mao,  A. V. Marenich,  
 T. Markovich,  S. Mason,  F. Matz,  S. A. Maurer,  Samuel May,  
 Alexandra McIsaac,  P. F. McLaughlin,  M. F. S. J. Menger,  J.-M. Mewes,  
 S. A. Mewes,  R. E. Moorby,  P. Morgante,  Mohammad Mostafanejad,  
 Madhubani Mukherjee,  J. W. Mullinax,  Quyen Nguyen,  Avik Kumar Ojha,  
 K. J. Oosterbaan,  Eno Paenurk,  Xiaoliang Pan,  G. Paran,  V. Parravicini,  
 R. L. Patterson,  Alexander C. Paul,  Suranjan K. Paul,  F. Pavosevic,  
 Zheng Pei,  P. Pokhilko,  S. Prager,  E. I. Proynov,  E. Ramos,  B. Rana,  
 A. E. Rask,  A. Rettig,  R. M. Richard,  F. Rob,  E. Rossomme,  S. Roy,  
 T. Scheele,  M. Scheurer,  M. Schneider,  P. E. Schneider,  Tim K. Schramm,  
 N. Sergueev,  S. M. Sharada,  Hengyuan Shen,  W. Skomorowski,  D. W. Small,  
 C. J. Stein,  Alistair J. Sterling,  Yingli Su,  Yu-Chuan Su,  
 E. J. Sundstrom,  J. Talbot,  J. A. Tan,  Zhen Tao,  Hung-Hsuan Teh,  
 J. Thirman,  C. Titeca,  N. Tkachenko,  Hung-Yi Tsai,  T. Tsuchimochi,  
 N. M. Tubman,  C. Utku,  S. P. Veccham,  O. Vydrov,  Z. Wang,  Rahel Weiss,  
 J. Wenzel,  Jonathan Wong,  J. Witte,  H. Wu,  Yanze Wu,  A. Yamada,  
 Chou-Hsun Yang,  Kun Yao,  S. Yeganeh,  S. R. Yost,  Qi Yu,  A. Zech,  
 F. Zeller,  Chongxiao Zhao,  T. Zhao,  Igor Ying Zhang,  Xing Zhang,  
 Yu Zhang,  D. Zuev,  A. Aspuru-Guzik,  A. T. Bell,  N. A. Besley,  
 K. B. Bravaya,  B. R. Brooks,  D. Casanova,  Jeng-Da Chai,  Hsing-Ta Chen,  
 S. Coriani,  C. J. Cramer,  A. E. DePrince, III,  R. A. DiStasio Jr.,  
 A. Dreuw,  B. D. Dunietz,  T. R. Furlani,  W. A. Goddard III,  S. Grimme,  
 S. Hammes-Schiffer,  T. Head-Gordon,  W. J. Hehre,  Chao-Ping Hsu,  
 T.-C. Jagau,  Yousung Jung,  A. Klamt,  Jing Kong,  D. S. Lambrecht,  
 Xiangyuan Li,  WanZhen Liang,  N. J. Mayhall,  C. W. McCurdy,  J. B. Neaton,  
 T. Neudecker,  C. Ochsenfeld,  J. A. Parkhill,  R. Peverati,  
 V. A. Rassolov,  Haisheng Ren,  Yihan Shao,  L. V. Slipchenko,  
 R. P. Steele,  J. E. Subotnik,  A. J. W. Thom,  A. Tkatchenko,  
 D. G. Truhlar,  T. Van Voorhis,  Fan Wang,  T. A. Wesolowski,  K. B. Whaley,  
 H. L. Woodcock III,  P. M. Zimmerman,  S. Faraji,  P. M. W. Gill,  
 M. Head-Gordon,  J. M. Herbert,  A. I. Krylov

 Contributors to earlier versions of Q-Chem not listed above: 
 R. D. Adamson,  B. Austin,  R. Baer,  J. Baker,  G. J. O. Beran,  
 K. Brandhorst,  S. T. Brown,  E. F. C. Byrd,  Arup K. Chakraborty,  
 G. K. L. Chan,  Chun-Min Chang,  Yunqing Chen,  C.-L. Cheng,  
 Siu Hung Chien,  D. M. Chipman,  D. L. Crittenden,  H. Dachsel,  
 R. J. Doerksen,  A. D. Dutoi,  R. G. Edgar,  J. Fosso-Tande,  
 L. Fusti-Molnar,  D. Ghosh,  A. Ghysels,  A. Golubeva-Zadorozhnaya,  
 J. Gonthier,  M. S. Gordon,  S. R. Gwaltney,  G. Hawkins,  J. E. Herr,  
 A. Heyden,  S. Hirata,  E. G. Hohenstein,  G. Kedziora,  F. J. Keil,  
 C. Kelley,  Jihan Kim,  R. A. King,  R. Z. Khaliullin,  P. P. Korambath,  
 W. Kurlancheek,  A. Laurent,  A. M. Lee,  M. S. Lee,  S. V. Levchenko,  
 Ching Yeh Lin,  D. Liotard,  E. Livshits,  R. C. Lochan,  I. Lotan,  
 L. A. Martinez-Martinez,  P. E. Maslen,  N. Nair,  D. P. O'Neill,  
 D. Neuhauser,  E. Neuscamman,  C. M. Oana,  R. Olivares-Amaya,  R. Olson,  
 T. M. Perrine,  B. Peters,  P. A. Pieniazek,  A. Prociuk,  Y. M. Rhee,  
 J. Ritchie,  M. A. Rohrdanz,  E. Rosta,  N. J. Russ,  H. F. Schaefer III,  
 M. W. Schmidt,  N. E. Schultz,  S. Sharma,  N. Shenvi,  C. D. Sherrill,  
 A. C. Simmonett,  A. Sodt,  T. Stein,  D. Stuck,  K. S. Thanthiriwatte,  
 V. Vanovschi,  L. Vogt,  Tao Wang,  A. Warshel,  M. A. Watson,  
 C. F. Williams,  Q. Wu,  X. Xu,  Jun Yang,  W. Zhang,  Yan Zhao

   Please cite Q-Chem as follows:
  "Software for the frontiers of quantum chemistry:
   An overview of developments in the Q-Chem 5 package"
   J. Chem. Phys. 155, 084801 (2021)
   https://doi.org/10.1063/5.0055522 (open access)

 Q-Chem 6.3.0 for Intel X86 EM64T Linux

 Parts of Q-Chem use Armadillo 12.8.2 (Cortisol Injector).
 http://arma.sourceforge.net/

 Q-Chem begins on Sun Mar  1 17:01:07 2026  

 Host: della-h14n9
0

 Scratch files written to /scratch/gpfs/SHS/nb2617/nb2617/scratch/qchem2647026//
 Executable: /scratch/gpfs/SHS/nb2617/nb2617/project/qchem/exe/qcprog.exe
 Number of threads = 16
 Processing $rem in /scratch/gpfs/SHS/nb2617/nb2617/project/qchem/config/preferences:
 Processing $rem in /home/nb2617/.qchemrc:
 User has disabled the Standard Nuclear Orientation.  Turning symmetry off.

 Checking the input file for inconsistencies... 	...done.

--------------------------------------------------------------
User input:
--------------------------------------------------------------
$molecule
0 1
C         -0.68707        0.30984        2.22026
O          0.08552        0.16400        1.12459
O         -0.17867        0.47679        3.31757
H         -1.76683        0.27858        2.12583
H          1.05137        0.18820        1.18304
$end

$rem
jobtype = opt
NO_REORIENT    TRUE

method = B3LYP
basis = cc-pVDZ
! DFT_D D3_BJ
XC_GRID              	= 000099000590
NL_GRID              	= 000099000590
SCF_ALGORITHM GDM
THRESH 14
SCF_CONVERGENCE 10
max_scf_cycles 500
VIBMAN_PRINT = 7
GEOM_OPT_PRINT = 7
GEOM_OPT_DRIVER = OPTIMIZE


MEM_TOTAL 30000

GEOM_OPT_TOL_GRADIENT 1
GEOM_OPT_TOL_DISPLACEMENT 1
GEOM_OPT_TOL_ENERGY 1
$end
--------------------------------------------------------------
 ----------------------------------------------------------------
             Standard Nuclear Orientation (Angstroms)
    I     Atom           X                Y                Z
 ----------------------------------------------------------------
    1      C      -0.6870700000     0.3098400000     2.2202600000
    2      O       0.0855200000     0.1640000000     1.1245900000
    3      O      -0.1786700000     0.4767900000     3.3175700000
    4      H      -1.7668300000     0.2785800000     2.1258300000
    5      H       1.0513700000     0.1882000000     1.1830400000
 ----------------------------------------------------------------
 Nuclear Repulsion Energy =          69.70343549 hartrees
 There are       12 alpha and       12 beta electrons
 Requested basis set is cc-pVDZ
 There are 24 shells and 52 basis functions

 Total QAlloc Memory Limit  30000 MB
 Mega-Array Size       188 MB
 MEM_STATIC part       192 MB

 A cutoff of  1.0D-14 yielded    299 shell pairs
 There are      1431 function pairs (      1608 Cartesian)
 Smallest overlap matrix eigenvalue = 1.41E-02

 Scale SEOQF with 1.000000e-01/1.000000e+00/1.000000e-01

 Standard Electronic Orientation quadrupole field applied
 Nucleus-field energy     =    -0.0000000121 hartrees
 Guess from superposition of atomic densities
 Warning:  Energy on first SCF cycle will be non-variational
 SAD guess density has 24.000000 electrons

 -----------------------------------------------------------------------
  General SCF calculation program by
  Eric Jon Sundstrom, Paul Horn, Yuezhi Mao, Dmitri Zuev, Alec White,
  David Stuck, Shaama M.S., Shane Yost, Joonho Lee, David Small,
  Daniel Levine, Susi Lehtola, Hugh Burton, Evgeny Epifanovsky,
  Bang C. Huynh
 -----------------------------------------------------------------------
 Exchange:     0.2000 Hartree-Fock + 0.0800 Slater + 0.7200 B88
 Correlation:  0.1900 VWN1RPA + 0.8100 LYP
 Using Euler-Maclaurin-Lebedev (99,590) quadrature formula
Added inc_jk
Added qchem_hcore
Added xc
Added P-dependent contribution
 using 16 threads for integral computing
 -------------------------------------------------------
 OpenMP Integral computing Module                
 Release: version 1.0, May 2013, Q-Chem Inc. Pittsburgh 
 -------------------------------------------------------
 A restricted SCF calculation will be
 performed using Roothaan-Hall, GDM
 SCF converges when RMS gradient is below 1.0e-10
 User-specified cutoff of 10e-14
 used for neglect of 2-electron integrals.
 A cutoff of 10e-14
 used for neglect of overlap integrals.
 Incremental Fock algorithm is on at the start.
 ---------------------------------------
  Cycle       Energy         DIIS error
 ---------------------------------------
    1    -190.1683852623      1.05e-01  Roothaan Step
 ---------------------------------------
  Cycle       Energy        RMS Gradient
 ---------------------------------------
    1    -189.6646500515      2.82e-01   Descent step
    2    -189.6391520860      4.89e-01  Line search: overstep
    3    -189.7530782718      4.09e-02   Normal BFGS step
    4    -189.7452271927      1.10e-01  Line search: overstep
    5    -189.7603621680      1.45e-02   Normal BFGS step
    6    -189.7613996639      8.63e-03   Normal BFGS step
    7    -189.7617030173      4.03e-03   Normal BFGS step
    8    -189.7617366428      5.98e-04   Normal BFGS step
    9    -189.7617397560      1.31e-04   Normal BFGS step
   10    -189.7617398417      3.46e-05   Normal BFGS step
   11    -189.7617398450      2.29e-06   Normal BFGS step
   12    -189.7617398450      5.96e-07   Normal BFGS step
   13    -189.7617398450      3.60e-07   Normal BFGS step
   14    -189.7617398450      4.29e-07   Normal BFGS step
   15    -189.7617398450      4.64e-08   Normal BFGS step
   16    -189.7617398450      3.23e-08   Normal BFGS step
   17    -189.7617398450      2.38e-09   Normal BFGS step
   18    -189.7617398450      1.26e-09   Normal BFGS step
   19    -189.7617398450      2.89e-10   Normal BFGS step
   20    -189.7617398450      2.11e-10   Normal BFGS step
   21    -189.7617398450      2.45e-11  Convergence criterion met
 ---------------------------------------
 SCF time:   CPU 16.37s  wall 2.00s 
 SCF   energy =  -189.76173985
 Total energy =  -189.76173985
 Integrated density by DFT XC:
   Number of electrons = 24
   Numerical integral  =    24.000000005892
   Relative error      =     0.0000000245 %

 --------------------------------------------------------------

                    Orbital Energies (a.u.)
 --------------------------------------------------------------

 Alpha MOs
 -- Occupied --
-19.1900 -19.1315 -10.3258  -1.1025  -1.0113  -0.6738  -0.5421  -0.4700
 -0.4400  -0.3832  -0.3192  -0.2761
 -- Virtual --
 -0.0038   0.0424   0.0956   0.2406   0.2631   0.4502   0.4590   0.5104
  0.6121   0.6319   0.7317   0.8753   0.9120   0.9377   0.9756   1.0471
  1.0744   1.1581   1.1668   1.4147   1.4180   1.4603   1.5109   1.6609
  1.7009   1.7104   1.8846   2.0592   2.2991   2.3315   2.6039   2.6787
  2.8085   2.8982   2.9699   3.1101   3.1941   3.4197   3.4371   3.7030
 --------------------------------------------------------------

          Ground-State Mulliken Net Atomic Charges

     Atom                 Charge (a.u.)
  ----------------------------------------
      1 C                     0.234796
      2 O                    -0.183561
      3 O                    -0.253375
      4 H                     0.036021
      5 H                     0.166120
  ----------------------------------------
  Sum of atomic charges =     0.000000

 -----------------------------------------------------------------
                    Cartesian Multipole Moments
 -----------------------------------------------------------------
    Charge (ESU x 10^10)
                -0.0000
    Dipole Moment (Debye)
         X       0.1389      Y      -0.2421      Z      -1.6901
       Tot       1.7130
    Quadrupole Moments (Debye-Ang)
        XX     -12.1215     XY      -0.0973     YY     -16.7919
        XZ      -1.1715     YZ      -1.6843     ZZ     -28.0633
    Octopole Moments (Debye-Ang^2)
       XXX      12.5449    XXY      -4.1699    XYY       4.4844
       YYY     -15.5161    XXZ     -29.2354    XYZ      -0.3074
       YYZ     -37.0326    XZZ       1.6359    YZZ     -12.9218
       ZZZ    -161.3483
    Hexadecapole Moments (Debye-Ang^3)
      XXXX     -34.0537   XXXY       4.3686   XXYY     -11.1871
      XYYY       4.9140   YYYY     -23.9835   XXXZ      30.8300
      XXYZ     -11.6153   XYYZ      11.9206   YYYZ     -39.7435
      XXZZ     -90.6451   XYZZ       1.5280   YYZZ    -102.0743
      XZZZ      33.8230   YZZZ     -70.2523   ZZZZ    -776.7982
 -----------------------------------------------------------------
 Calculating analytic gradient of the SCF energy
Added xc
 Gradient of SCF Energy
            1           2           3           4           5
    1  -0.0679956   0.0410214   0.0151455   0.0105942   0.0012344
    2  -0.0075310   0.0056885   0.0018496   0.0032851  -0.0032921
    3  -0.0444283   0.0347197   0.0110891   0.0215275  -0.0229080
 Max gradient component =       6.800E-02
 RMS gradient           =       2.715E-02
 Gradient time:  CPU 1.60 s  wall 0.39 s
 Geometry Optimization Parameters
   NAtoms,    NIC,     NZ,  NCons,   NDum,   NFix, NCnnct, MaxDiis
        5      20       0       0       0       0       0       0

 Rotation Matrix is:


     1.000000    0.000000    0.000000
     0.000000    1.000000    0.000000
     0.000000    0.000000    1.000000


** GEOMETRY OPTIMIZATION IN DELOCALIZED INTERNAL COORDINATES **
   Searching for a Minimum

   Optimization Cycle:   1

                       Coordinates (Angstroms)
     ATOM                X               Y               Z
      1  C        -0.6870700000    0.3098400000    2.2202600000
      2  O         0.0855200000    0.1640000000    1.1245900000
      3  O        -0.1786700000    0.4767900000    3.3175700000
      4  H        -1.7668300000    0.2785800000    2.1258300000
      5  H         1.0513700000    0.1882000000    1.1830400000
   Point Group: c1    Number of degrees of freedom:     9


   Energy is   -189.761739845


                       Cartesian Gradient (au)
     ATOM              X           Y           Z
    1  C          -0.067996   -0.007531   -0.044428
    2  O           0.041021    0.005688    0.034720
    3  O           0.015146    0.001850    0.011089
    4  H           0.010594    0.003285    0.021527
    5  H           0.001234   -0.003292   -0.022908

 Attempting to generate delocalized internal coordinates
 Generating Primitive Internal Coordinates
 Primitive Stretches:
         2    1
         3    1
         4    1
         5    2
 There are      4 Stretches
 Primitive Bends:
         2    1    3
         2    1    4
         3    1    4
         5    2    1
 There are      4 Bends
 Primitive Torsions:
         5    2    1    3
         5    2    1    4
 There are      2 Torsions
 There are     10 Primitive Internals
  CALCULATING B-MATRIX COLUMN:           1
  CALCULATING B-MATRIX COLUMN:           2
  CALCULATING B-MATRIX COLUMN:           3
  CALCULATING B-MATRIX COLUMN:           4
  CALCULATING B-MATRIX COLUMN:           5
  CALCULATING B-MATRIX COLUMN:           6
  CALCULATING B-MATRIX COLUMN:           7
  CALCULATING B-MATRIX COLUMN:           8
  CALCULATING B-MATRIX COLUMN:           9
  CALCULATING B-MATRIX COLUMN:          10

      B-Matrix



    -0.572893   -0.416437    0.995784    0.000000    0.715579   -0.277488
     0.108144   -0.136751    0.028829    0.000000    0.017761   -0.106166
     0.812464   -0.898821    0.087086    0.000000    0.042193   -0.702900
     0.572893    0.000000    0.000000   -0.997862   -0.321558    0.321558
    -0.108144    0.000000    0.000000   -0.025002   -0.037307    0.037312
    -0.812464    0.000000    0.000000   -0.060387   -0.221775    0.221774
     0.000000    0.416437    0.000000    0.000000   -0.394021    0.000000
     0.000000    0.136751    0.000000    0.000000    0.019546    0.000000
     0.000000    0.898821    0.000000    0.000000    0.179582    0.000000
     0.000000    0.000000   -0.995784    0.000000    0.000000   -0.044070
     0.000000    0.000000   -0.028829    0.000000    0.000000    0.068854
     0.000000    0.000000   -0.087086    0.000000    0.000000    0.481126
     0.000000    0.000000    0.000000    0.997862    0.000000    0.000000
     0.000000    0.000000    0.000000    0.025002    0.000000    0.000000
     0.000000    0.000000    0.000000    0.060387    0.000000    0.000000


    -0.438091   -0.321558    0.015676   -0.008841
     0.088389   -0.037312   -0.961880    0.542226
     0.660709   -0.221774    0.139085   -0.078407
     0.000000    0.286931   -0.017896   -0.010558
     0.000000    0.114845    1.097761    0.647509
     0.000000    0.761855   -0.158738   -0.093632
     0.394021    0.000000   -0.008106    0.000000
    -0.019541    0.000000    0.497462    0.000000
    -0.179583    0.000000   -0.071931    0.000000
     0.044070    0.000000    0.000000    0.009072
    -0.068848    0.000000    0.000000   -0.556392
    -0.481127    0.000000    0.000000    0.080456
     0.000000    0.034627    0.010327    0.010327
     0.000000   -0.077533   -0.633343   -0.633343
     0.000000   -0.540082    0.091583    0.091583

 Generating Delocalized Internal Coordinates

      B*B(t) Matrix



     2.000000   -0.506475   -0.496606   -0.519902   -0.373749   -0.423591
    -0.506475    2.000000   -0.496898    0.000000   -0.338346    0.761855
    -0.496606   -0.496898    2.000000    0.000000    0.716748   -0.340591
    -0.519902    0.000000    0.000000    2.000000    0.335196   -0.335196
    -0.373749   -0.338346    0.716748    0.335196    0.856008   -0.384083
    -0.423591    0.761855   -0.340591   -0.335196   -0.384083    0.974479
     0.797340   -0.423509   -0.376157    0.000000   -0.471926   -0.590396
    -0.467019    0.338346   -0.340591   -0.335196   -0.505630    0.514584
    -0.000000   -0.000003   -0.000008   -0.000002    0.000006    0.000007
    -0.000000    0.000006    0.000000    0.000000   -0.000001   -0.000000


     0.797340   -0.467019   -0.000000   -0.000000
    -0.423509    0.338346   -0.000003    0.000006
    -0.376157   -0.340591   -0.000008    0.000000
     0.000000   -0.335196   -0.000002    0.000000
    -0.471926   -0.505630    0.000006   -0.000001
    -0.590396    0.514584    0.000007   -0.000000
     1.062322   -0.008954    0.000011   -0.000008
    -0.008954    1.128817    0.000006   -0.000000
     0.000011    0.000006    2.837728    0.602879
    -0.000008   -0.000000    0.602879    1.454125

   Eigenvalues of B*B(t):
     0.000000    0.276748    0.536267    0.856573    1.228293    1.290922
     2.116049    3.063560    3.379007    3.566059

   Eigenvectors:


     0.000000    0.370968    0.464084    0.027706   -0.000044   -0.420473
     0.000000    0.149428   -0.192533    0.458336   -0.000069   -0.586261
    -0.000000   -0.048747    0.332989    0.561357   -0.000011   -0.086505
     0.000000    0.076913    0.394137    0.092420    0.000009    0.067421
     0.577350    0.524271   -0.290902   -0.290799   -0.000029   -0.211984
     0.577350   -0.301030    0.551035   -0.236212   -0.000007   -0.022875
     0.577350   -0.223241   -0.260133    0.527011    0.000022    0.234859
     0.000000    0.645327    0.159367    0.217706    0.000070    0.605684
    -0.000006   -0.000000    0.000002    0.000001   -0.350787    0.000038
     0.000006   -0.000002   -0.000003    0.000002    0.936455   -0.000108


    -0.029290   -0.000009   -0.543681   -0.415928
     0.140409   -0.000007   -0.054817    0.603415
    -0.450611    0.000011    0.552149   -0.237104
     0.838864    0.000008    0.343689   -0.061958
    -0.032854    0.000011    0.386508   -0.164966
    -0.148332   -0.000003   -0.055719    0.437014
     0.181186   -0.000003   -0.330790   -0.272048
    -0.129517   -0.000003   -0.128450    0.332614
    -0.000000    0.936455   -0.000019    0.000005
    -0.000001    0.350787   -0.000005    0.000004

 There are      1 Redundant primitive internals

  Preliminary Set of Delocalized Internal Coordinates:


     0.370968    0.464084    0.027706   -0.000044   -0.420473   -0.029290
     0.149428   -0.192533    0.458336   -0.000069   -0.586261    0.140409
    -0.048747    0.332989    0.561357   -0.000011   -0.086505   -0.450611
     0.076913    0.394137    0.092420    0.000009    0.067421    0.838864
     0.524271   -0.290902   -0.290799   -0.000029   -0.211984   -0.032854
    -0.301030    0.551035   -0.236212   -0.000007   -0.022875   -0.148332
    -0.223241   -0.260133    0.527011    0.000022    0.234859    0.181186
     0.645327    0.159367    0.217706    0.000070    0.605684   -0.129517
    -0.000000    0.000002    0.000001   -0.350787    0.000038   -0.000000
    -0.000002   -0.000003    0.000002    0.936455   -0.000108   -0.000001


    -0.000009   -0.543681   -0.415928
    -0.000007   -0.054817    0.603415
     0.000011    0.552149   -0.237104
     0.000008    0.343689   -0.061958
     0.000011    0.386508   -0.164966
    -0.000003   -0.055719    0.437014
    -0.000003   -0.330790   -0.272048
    -0.000003   -0.128450    0.332614
     0.936455   -0.000019    0.000005
     0.350787   -0.000005    0.000004

  Inverse B-Matrix



     0.092809   -0.284300   -0.106445   -0.011223   -0.034167   -0.241242
     0.056867   -0.012109    0.017364    0.688101    0.022414    0.000308
     0.382820   -0.051670    0.132059   -0.099477    0.159412    0.029333
     0.200757    0.352503    0.004284   -0.002944   -0.056985   -0.438622
     0.004621   -0.019256    0.025371    0.180165    0.093245   -0.017481
     0.009294   -0.172896    0.174970   -0.025975    0.651422   -0.071427
    -0.839419   -0.126904    0.599017    0.002308   -0.052734    0.067488
     0.126628   -0.050219    0.054515   -0.142078   -0.068854    0.007097
     0.970370   -0.333001    0.309486    0.020485   -0.470355    0.041476
     0.187788   -0.684982   -0.613322    0.006926    0.075525    0.218914
    -0.014277    0.086248   -0.080240   -0.424197   -0.011767   -0.004582
    -0.119895    0.673686   -0.485765    0.061329   -0.090229   -0.056378
     0.358066    0.743683    0.116465    0.004933    0.068361    0.393462
    -0.173839   -0.004665   -0.017010   -0.301991   -0.035037    0.014658
    -1.242589   -0.116118   -0.130751    0.043638   -0.250251    0.056996


     0.003789    0.403189   -0.133534
    -0.231937   -0.013919   -0.061726
     0.033537   -0.141747   -0.411823
    -0.006685   -0.246665    0.031562
     0.409700    0.005602    0.030060
    -0.059243    0.066598    0.204308
    -0.002480   -0.090399    0.058634
     0.152062    0.001927    0.023727
    -0.021989    0.023541    0.157483
     0.001035   -0.166304    0.057446
    -0.063709    0.000895    0.015606
     0.009212    0.024936    0.101456
     0.004341    0.100179   -0.014108
    -0.266117    0.005495   -0.007668
     0.038482    0.026672   -0.051424

  Primitive Weights in Final Non-Redundant Optimization Space

  Weight for primitive     1 is    1.000000
  Weight for primitive     2 is    1.000000
  Weight for primitive     3 is    1.000000
  Weight for primitive     4 is    1.000000
  Weight for primitive     5 is    0.666667
  Weight for primitive     6 is    0.666667
  Weight for primitive     7 is    0.666667
  Weight for primitive     8 is    1.000000
  Weight for primitive     9 is    1.000000
  Weight for primitive    10 is    1.000000
 Setting up default Hessian from a force field
 Initial Hessian constructed with Jon Baker's OPTIMIZE code

   Hessian Matrix


     0.259198    0.039543    0.041794   -0.000015   -0.137782    0.039424
     0.039543    0.361925   -0.006881    0.000004    0.022436    0.069922
     0.041794   -0.006881    0.398503   -0.000026   -0.218453    0.031434
    -0.000015    0.000004   -0.000026    0.022448    0.000056   -0.000003
    -0.137782    0.022436   -0.218453    0.000056    0.508323   -0.030600
     0.039424    0.069922    0.031434   -0.000003   -0.030600    0.481584
    -0.000001    0.000001   -0.000001    0.000000    0.000005    0.000001
    -0.062799   -0.013985    0.036483    0.000011    0.107376    0.059574
     0.003234   -0.187996    0.190229   -0.000025   -0.205186    0.073384


    -0.000001   -0.062799    0.003234
     0.000001   -0.013985   -0.187996
    -0.000001    0.036483    0.190229
     0.000000    0.000011   -0.000025
     0.000005    0.107376   -0.205186
     0.000001    0.059574    0.073384
     0.022448    0.000008   -0.000003
     0.000008    0.396093    0.023506
    -0.000003    0.023506    0.530584

  9 Hessian modes will be used to form the next step
  Hessian Eigenvalues:
     0.022448    0.022448    0.160000    0.160000    0.220000    0.354760
     0.538043    0.553254    0.950153

  Hessian Eigenvectors:


    -0.000001    0.000000    0.252808    0.596289    0.642098   -0.048747
    -0.000000   -0.000004    0.581603   -0.127018   -0.356281    0.332989
     0.000002   -0.000000   -0.375490    0.444588   -0.356155    0.561357
     0.414139    0.910213    0.000015    0.000071   -0.000032   -0.000011
    -0.000050   -0.000104    0.121784    0.620674   -0.259626   -0.086505
    -0.000001   -0.000001   -0.266522   -0.005678   -0.040238   -0.450611
     0.910213   -0.414139   -0.000002   -0.000003    0.000012    0.000011
    -0.000017    0.000011    0.111979   -0.204432    0.473374    0.552149
     0.000007   -0.000001    0.598690    0.059892   -0.202041   -0.237104


     0.076913   -0.370968    0.149428
     0.394137   -0.464084   -0.192533
     0.092420   -0.027706    0.458336
     0.000009    0.000044   -0.000069
     0.067421    0.420473   -0.586261
     0.838864    0.029290    0.140409
     0.000008    0.000009   -0.000007
     0.343689    0.543681   -0.054817
    -0.061958    0.415928    0.603415

 Minimum search - taking simple RFO step
 Searching for Lamda that Minimizes Along All modes
 Value Taken    Lamda =  -0.02090751
 Calculated Step too Large.  Step scaled by  0.925984
 Step Taken.  Stepsize is  0.300000


     Parameter Values and Displacements in Internal Coordinates
  Coordinate  Current Value    Gradient  Displacement   New Value
       1           2.703321     0.011960    -0.058919     2.644403
       2           2.475803     0.035481    -0.167240     2.308563
       3           2.905188     0.006216    -0.001951     2.903237
       4           2.941807     0.000003    -0.000038     2.941769
       5          -1.198134     0.014492    -0.121463    -1.319597
       6           0.585737    -0.003757     0.043480     0.629217
       7           1.102023    -0.000002     0.000020     1.102043
       8          -0.019672    -0.031619     0.091295     0.071623
       9           0.435323     0.043108    -0.183241     0.252082

                             Maximum     Tolerance    Cnvgd?
         Gradient           0.043108      0.000001      NO
         Displacement       0.183241      0.000001      NO
         Energy change     *********      0.000000      NO


 New Cartesian Coordinates Obtained by Inverse Iteration
  CALCULATING B-MATRIX COLUMN:           1
  CALCULATING B-MATRIX COLUMN:           2
  CALCULATING B-MATRIX COLUMN:           3
  CALCULATING B-MATRIX COLUMN:           4
  CALCULATING B-MATRIX COLUMN:           5
  CALCULATING B-MATRIX COLUMN:           6
  CALCULATING B-MATRIX COLUMN:           7
  CALCULATING B-MATRIX COLUMN:           8
  CALCULATING B-MATRIX COLUMN:           9
  CALCULATING B-MATRIX COLUMN:          10

      B-Matrix



    -0.572893   -0.416437    0.995784    0.000000    0.715579   -0.277488
     0.108144   -0.136751    0.028829    0.000000    0.017761   -0.106166
     0.812464   -0.898821    0.087086    0.000000    0.042193   -0.702900
     0.572893    0.000000    0.000000   -0.997862   -0.321558    0.321558
    -0.108144    0.000000    0.000000   -0.025002   -0.037307    0.037312
    -0.812464    0.000000    0.000000   -0.060387   -0.221775    0.221774
     0.000000    0.416437    0.000000    0.000000   -0.394021    0.000000
     0.000000    0.136751    0.000000    0.000000    0.019546    0.000000
     0.000000    0.898821    0.000000    0.000000    0.179582    0.000000
     0.000000    0.000000   -0.995784    0.000000    0.000000   -0.044070
     0.000000    0.000000   -0.028829    0.000000    0.000000    0.068854
     0.000000    0.000000   -0.087086    0.000000    0.000000    0.481126
     0.000000    0.000000    0.000000    0.997862    0.000000    0.000000
     0.000000    0.000000    0.000000    0.025002    0.000000    0.000000
     0.000000    0.000000    0.000000    0.060387    0.000000    0.000000


    -0.438091   -0.321558    0.015676   -0.008841
     0.088389   -0.037312   -0.961880    0.542226
     0.660709   -0.221774    0.139085   -0.078407
     0.000000    0.286931   -0.017896   -0.010558
     0.000000    0.114845    1.097761    0.647509
     0.000000    0.761855   -0.158738   -0.093632
     0.394021    0.000000   -0.008106    0.000000
    -0.019541    0.000000    0.497462    0.000000
    -0.179583    0.000000   -0.071931    0.000000
     0.044070    0.000000    0.000000    0.009072
    -0.068848    0.000000    0.000000   -0.556392
    -0.481127    0.000000    0.000000    0.080456
     0.000000    0.034627    0.010327    0.010327
     0.000000   -0.077533   -0.633343   -0.633343
     0.000000   -0.540082    0.091583    0.091583

  Inverse B-Matrix



     0.092809   -0.284300   -0.106445   -0.011223   -0.034167   -0.241242
     0.056867   -0.012109    0.017364    0.688101    0.022414    0.000308
     0.382820   -0.051670    0.132059   -0.099477    0.159412    0.029333
     0.200757    0.352503    0.004284   -0.002944   -0.056985   -0.438622
     0.004621   -0.019256    0.025371    0.180165    0.093245   -0.017481
     0.009294   -0.172896    0.174970   -0.025975    0.651422   -0.071427
    -0.839419   -0.126904    0.599017    0.002308   -0.052734    0.067488
     0.126628   -0.050219    0.054515   -0.142078   -0.068854    0.007097
     0.970370   -0.333001    0.309486    0.020485   -0.470355    0.041476
     0.187788   -0.684982   -0.613322    0.006926    0.075525    0.218914
    -0.014277    0.086248   -0.080240   -0.424197   -0.011767   -0.004582
    -0.119895    0.673686   -0.485765    0.061329   -0.090229   -0.056378
     0.358066    0.743683    0.116465    0.004933    0.068361    0.393462
    -0.173839   -0.004665   -0.017010   -0.301991   -0.035037    0.014658
    -1.242589   -0.116118   -0.130751    0.043638   -0.250251    0.056996


     0.003789    0.403189   -0.133534
    -0.231937   -0.013919   -0.061726
     0.033537   -0.141747   -0.411823
    -0.006685   -0.246665    0.031562
     0.409700    0.005602    0.030060
    -0.059243    0.066598    0.204308
    -0.002480   -0.090399    0.058634
     0.152062    0.001927    0.023727
    -0.021989    0.023541    0.157483
     0.001035   -0.166304    0.057446
    -0.063709    0.000895    0.015606
     0.009212    0.024936    0.101456
     0.004341    0.100179   -0.014108
    -0.266117    0.005495   -0.007668
     0.038482    0.026672   -0.051424

     Iterative generation of Cartesian Coordinates
     Internal   True Value     Estimate     Difference
         1      2.64440256    2.70332109   -0.05891853
         2      2.30856323    2.47580302   -0.16723978
         3      2.90323669    2.90518791   -0.00195123
         4      2.94176883    2.94180707   -0.00003824
         5     -1.31959712   -1.19813420   -0.12146291
         6      0.62921708    0.58573744    0.04347964
         7      1.10204290    1.10202270    0.00002020
         8      0.07162310   -0.01967230    0.09129540
         9      0.25208224    0.43532276   -0.18324051
     Cycle:   1  Maximum deviation:   0.18324051
  CALCULATING B-MATRIX COLUMN:           1
  CALCULATING B-MATRIX COLUMN:           2
  CALCULATING B-MATRIX COLUMN:           3
  CALCULATING B-MATRIX COLUMN:           4
  CALCULATING B-MATRIX COLUMN:           5
  CALCULATING B-MATRIX COLUMN:           6
  CALCULATING B-MATRIX COLUMN:           7
  CALCULATING B-MATRIX COLUMN:           8
  CALCULATING B-MATRIX COLUMN:           9
  CALCULATING B-MATRIX COLUMN:          10

      B-Matrix



    -0.493402   -0.402947    0.987317    0.000000    0.742186   -0.267096
     0.116586   -0.137414    0.038360    0.000000    0.014535   -0.099878
     0.861952   -0.904848    0.154057    0.000000    0.016774   -0.660695
     0.493402    0.000000    0.000000   -0.982580   -0.342854    0.342855
    -0.116586    0.000000    0.000000   -0.042192   -0.033321    0.033310
    -0.861952    0.000000    0.000000   -0.180989   -0.191751    0.191753
     0.000000    0.402947    0.000000    0.000000   -0.399332    0.000000
     0.000000    0.137414    0.000000    0.000000    0.018786    0.000000
     0.000000    0.904848    0.000000    0.000000    0.174978    0.000000
     0.000000    0.000000   -0.987317    0.000000    0.000000   -0.075758
     0.000000    0.000000   -0.038360    0.000000    0.000000    0.066567
     0.000000    0.000000   -0.154057    0.000000    0.000000    0.468942
     0.000000    0.000000    0.000000    0.982580    0.000000    0.000000
     0.000000    0.000000    0.000000    0.042192    0.000000    0.000000
     0.000000    0.000000    0.000000    0.180989    0.000000    0.000000


    -0.475091   -0.342855    0.015701   -0.008451
     0.085379   -0.033317   -0.962354    0.518846
     0.643916   -0.191752    0.139154   -0.075016
     0.000000    0.242420   -0.016169   -0.009056
     0.000000    0.108001    0.991402    0.555259
     0.000000    0.719597   -0.143351   -0.080287
     0.399332    0.000000   -0.008784    0.000000
    -0.018799    0.000000    0.538365    0.000000
    -0.174976    0.000000   -0.077847    0.000000
     0.075759    0.000000    0.000000    0.008255
    -0.066580    0.000000    0.000000   -0.506692
    -0.468940    0.000000    0.000000    0.073260
     0.000000    0.100435    0.009252    0.009252
     0.000000   -0.074685   -0.567413   -0.567413
     0.000000   -0.527845    0.082044    0.082044

  Inverse B-Matrix



     0.075873   -0.269097   -0.121567   -0.011623   -0.075672   -0.232181
     0.058380   -0.009992    0.018518    0.712498    0.022079   -0.004157
     0.395194   -0.038749    0.141816   -0.103005    0.161801   -0.002566
     0.115844    0.365701   -0.014625   -0.003656   -0.073246   -0.447264
     0.001222   -0.024663    0.024358    0.224039    0.091552   -0.020238
    -0.004577   -0.211802    0.170099   -0.032325    0.641608   -0.089530
    -0.827276   -0.122451    0.584240    0.002327   -0.066914    0.084013
     0.124241   -0.046994    0.056981   -0.143427   -0.069910    0.002921
     0.952523   -0.311213    0.328198    0.020691   -0.476039    0.010726
     0.201768   -0.718727   -0.584103    0.007255    0.048596    0.231608
    -0.008081    0.083442   -0.083594   -0.445441   -0.008618   -0.003469
    -0.078662    0.658099   -0.512293    0.064406   -0.065451   -0.050096
     0.433792    0.744575    0.136054    0.005696    0.167237    0.363825
    -0.175761   -0.001793   -0.016263   -0.347669   -0.035102    0.024942
    -1.264478   -0.096335   -0.127821    0.050233   -0.261919    0.131466


     0.003683    0.401726   -0.151571
    -0.225296   -0.016059   -0.061067
     0.032577   -0.156405   -0.405250
    -0.007145   -0.256027    0.061232
     0.437755    0.009461    0.028050
    -0.063293    0.094386    0.187052
    -0.002952   -0.060582    0.040117
     0.180812   -0.002889    0.024269
    -0.026149   -0.013111    0.163297
     0.001559   -0.183215    0.001027
    -0.095622   -0.002281    0.019641
     0.013826    0.004859    0.135750
     0.004855    0.098098    0.049194
    -0.297649    0.011767   -0.010894
     0.043039    0.070271   -0.080849

     Iterative generation of Cartesian Coordinates
     Internal   True Value     Estimate     Difference
         1      2.64440256    2.64993983   -0.00553727
         2      2.30856323    2.32124776   -0.01268452
         3      2.90323669    2.90670188   -0.00346520
         4      2.94176883    2.94176916   -0.00000033
         5     -1.31959712   -1.32434435    0.00474723
         6      0.62921708    0.63805821   -0.00884113
         7      1.10204290    1.10204318   -0.00000028
         8      0.07162310    0.07359526   -0.00197216
         9      0.25208224    0.24605122    0.00603102
     Cycle:   2  Maximum deviation:   0.01268452
  CALCULATING B-MATRIX COLUMN:           1
  CALCULATING B-MATRIX COLUMN:           2
  CALCULATING B-MATRIX COLUMN:           3
  CALCULATING B-MATRIX COLUMN:           4
  CALCULATING B-MATRIX COLUMN:           5
  CALCULATING B-MATRIX COLUMN:           6
  CALCULATING B-MATRIX COLUMN:           7
  CALCULATING B-MATRIX COLUMN:           8
  CALCULATING B-MATRIX COLUMN:           9
  CALCULATING B-MATRIX COLUMN:          10

      B-Matrix



    -0.493949   -0.402995    0.987129    0.000000    0.743620   -0.267757
     0.116533   -0.137412    0.038524    0.000000    0.014708   -0.100188
     0.861646   -0.904827    0.155215    0.000000    0.017799   -0.662765
     0.493949    0.000000    0.000000   -0.982450   -0.344253    0.344254
    -0.116533    0.000000    0.000000   -0.042289   -0.033498    0.033487
    -0.861646    0.000000    0.000000   -0.181671   -0.192817    0.192819
     0.000000    0.402995    0.000000    0.000000   -0.399366    0.000000
     0.000000    0.137412    0.000000    0.000000    0.018791    0.000000
     0.000000    0.904827    0.000000    0.000000    0.175018    0.000000
     0.000000    0.000000   -0.987129    0.000000    0.000000   -0.076497
     0.000000    0.000000   -0.038524    0.000000    0.000000    0.066700
     0.000000    0.000000   -0.155215    0.000000    0.000000    0.469946
     0.000000    0.000000    0.000000    0.982450    0.000000    0.000000
     0.000000    0.000000    0.000000    0.042289    0.000000    0.000000
     0.000000    0.000000    0.000000    0.181671    0.000000    0.000000


    -0.475864   -0.344254    0.015721   -0.008466
     0.085518   -0.033494   -0.963576    0.519758
     0.644960   -0.192818    0.139331   -0.075148
     0.000000    0.242679   -0.016263   -0.009129
     0.000000    0.108729    0.997133    0.559716
     0.000000    0.724601   -0.144180   -0.080932
     0.399367    0.000000   -0.008781    0.000000
    -0.018804    0.000000    0.538151    0.000000
    -0.175016    0.000000   -0.077816    0.000000
     0.076497    0.000000    0.000000    0.008273
    -0.066713    0.000000    0.000000   -0.507766
    -0.469944    0.000000    0.000000    0.073415
     0.000000    0.101574    0.009323    0.009323
     0.000000   -0.075236   -0.571707   -0.571707
     0.000000   -0.531784    0.082665    0.082665

  Inverse B-Matrix



     0.076321   -0.268426   -0.121472   -0.011604   -0.074888   -0.232517
     0.058187   -0.009903    0.018431    0.711354    0.021932   -0.004203
     0.393808   -0.038209    0.141205   -0.102840    0.160697   -0.002847
     0.113728    0.365283   -0.014857   -0.003623   -0.074556   -0.446781
     0.000762   -0.024632    0.024251    0.222050    0.091226   -0.020228
    -0.007516   -0.211537    0.169381   -0.032038    0.639504   -0.089516
    -0.823399   -0.122388    0.584189    0.002334   -0.065368    0.083765
     0.123895   -0.046878    0.056896   -0.143882   -0.070095    0.002869
     0.949694   -0.310420    0.327618    0.020757   -0.477493    0.010390
     0.202080   -0.718516   -0.583423    0.007220    0.049430    0.231264
    -0.007632    0.083116   -0.083573   -0.443272   -0.008548   -0.003381
    -0.075589    0.655824   -0.512225    0.064092   -0.065053   -0.049449
     0.431269    0.744046    0.135564    0.005673    0.165381    0.364269
    -0.175212   -0.001703   -0.016004   -0.346250   -0.034516    0.024944
    -1.260397   -0.095658   -0.125979    0.050028   -0.257655    0.131422


     0.003681    0.401340   -0.150603
    -0.225213   -0.016045   -0.061034
     0.032565   -0.156269   -0.405130
    -0.007109   -0.255856    0.060177
     0.435548    0.009482    0.027936
    -0.062974    0.094513    0.186382
    -0.002928   -0.059951    0.040930
     0.179333   -0.002919    0.024310
    -0.025935   -0.013393    0.163488
     0.001528   -0.183850    0.001568
    -0.093678   -0.002318    0.019497
     0.013545    0.004669    0.134692
     0.004828    0.098317    0.047929
    -0.295991    0.011801   -0.010709
     0.042799    0.070479   -0.079431

     Iterative generation of Cartesian Coordinates
     Internal   True Value     Estimate     Difference
         1      2.64440256    2.64439901    0.00000355
         2      2.30856323    2.30856383   -0.00000060
         3      2.90323669    2.90323927   -0.00000259
         4      2.94176883    2.94176883    0.00000000
         5     -1.31959712   -1.31959770    0.00000059
         6      0.62921708    0.62921770   -0.00000062
         7      1.10204290    1.10204289    0.00000000
         8      0.07162310    0.07162212    0.00000098
         9      0.25208224    0.25208055    0.00000169
     Cycle:   3  Maximum deviation:   0.00000355
  CALCULATING B-MATRIX COLUMN:           1
  CALCULATING B-MATRIX COLUMN:           2
  CALCULATING B-MATRIX COLUMN:           3
  CALCULATING B-MATRIX COLUMN:           4
  CALCULATING B-MATRIX COLUMN:           5
  CALCULATING B-MATRIX COLUMN:           6
  CALCULATING B-MATRIX COLUMN:           7
  CALCULATING B-MATRIX COLUMN:           8
  CALCULATING B-MATRIX COLUMN:           9
  CALCULATING B-MATRIX COLUMN:          10

      B-Matrix



    -0.493949   -0.402993    0.987129    0.000000    0.743620   -0.267757
     0.116533   -0.137413    0.038524    0.000000    0.014708   -0.100188
     0.861646   -0.904828    0.155215    0.000000    0.017800   -0.662765
     0.493949    0.000000    0.000000   -0.982450   -0.344254    0.344254
    -0.116533    0.000000    0.000000   -0.042288   -0.033498    0.033487
    -0.861646    0.000000    0.000000   -0.181669   -0.192817    0.192819
     0.000000    0.402993    0.000000    0.000000   -0.399367    0.000000
     0.000000    0.137413    0.000000    0.000000    0.018791    0.000000
     0.000000    0.904828    0.000000    0.000000    0.175016    0.000000
     0.000000    0.000000   -0.987129    0.000000    0.000000   -0.076497
     0.000000    0.000000   -0.038524    0.000000    0.000000    0.066701
     0.000000    0.000000   -0.155215    0.000000    0.000000    0.469947
     0.000000    0.000000    0.000000    0.982450    0.000000    0.000000
     0.000000    0.000000    0.000000    0.042288    0.000000    0.000000
     0.000000    0.000000    0.000000    0.181669    0.000000    0.000000


    -0.475864   -0.344254    0.015721   -0.008466
     0.085518   -0.033494   -0.963580    0.519757
     0.644959   -0.192818    0.139331   -0.075147
     0.000000    0.242681   -0.016263   -0.009129
     0.000000    0.108729    0.997136    0.559718
     0.000000    0.724602   -0.144180   -0.080932
     0.399367    0.000000   -0.008781    0.000000
    -0.018804    0.000000    0.538152    0.000000
    -0.175014    0.000000   -0.077816    0.000000
     0.076497    0.000000    0.000000    0.008273
    -0.066713    0.000000    0.000000   -0.507767
    -0.469945    0.000000    0.000000    0.073415
     0.000000    0.101573    0.009323    0.009323
     0.000000   -0.075236   -0.571708   -0.571708
     0.000000   -0.531784    0.082665    0.082665

  Inverse B-Matrix



     0.076322   -0.268426   -0.121472   -0.011604   -0.074888   -0.232517
     0.058187   -0.009903    0.018431    0.711353    0.021932   -0.004203
     0.393808   -0.038208    0.141204   -0.102840    0.160697   -0.002847
     0.113730    0.365283   -0.014857   -0.003623   -0.074555   -0.446781
     0.000762   -0.024632    0.024251    0.222051    0.091226   -0.020228
    -0.007516   -0.211537    0.169381   -0.032038    0.639504   -0.089516
    -0.823400   -0.122387    0.584188    0.002334   -0.065366    0.083765
     0.123894   -0.046878    0.056896   -0.143882   -0.070095    0.002869
     0.949693   -0.310420    0.327620    0.020757   -0.477493    0.010391
     0.202081   -0.718516   -0.583423    0.007220    0.049430    0.231264
    -0.007632    0.083116   -0.083573   -0.443272   -0.008548   -0.003381
    -0.075589    0.655824   -0.512226    0.064092   -0.065053   -0.049449
     0.431266    0.744046    0.135564    0.005673    0.165379    0.364270
    -0.175212   -0.001703   -0.016004   -0.346251   -0.034516    0.024943
    -1.260396   -0.095659   -0.125980    0.050028   -0.257655    0.131421


     0.003681    0.401340   -0.150603
    -0.225213   -0.016045   -0.061034
     0.032565   -0.156268   -0.405130
    -0.007109   -0.255856    0.060177
     0.435547    0.009483    0.027936
    -0.062974    0.094514    0.186382
    -0.002928   -0.059952    0.040929
     0.179333   -0.002919    0.024310
    -0.025935   -0.013394    0.163488
     0.001528   -0.183850    0.001569
    -0.093678   -0.002318    0.019497
     0.013545    0.004670    0.134692
     0.004828    0.098317    0.047928
    -0.295989    0.011801   -0.010709
     0.042799    0.070479   -0.079431

     Iterative generation of Cartesian Coordinates
     Internal   True Value     Estimate     Difference
         1      2.64440256    2.64440256   -0.00000000
         2      2.30856323    2.30856323   -0.00000000
         3      2.90323669    2.90323669   -0.00000000
         4      2.94176883    2.94176883   -0.00000000
         5     -1.31959712   -1.31959712    0.00000000
         6      0.62921708    0.62921708   -0.00000000
         7      1.10204290    1.10204290   -0.00000000
         8      0.07162310    0.07162310   -0.00000000
         9      0.25208224    0.25208224   -0.00000000
     Cycle:   4  Maximum deviation:   0.00000000

 Displacement from previous Coordinates is:  0.310980
 ----------------------------------------------------------------
             Standard Nuclear Orientation (Angstroms)
    I     Atom           X                Y                Z
 ----------------------------------------------------------------
    1      C      -0.6338199637     0.3127424376     2.2344073784
    2      O       0.0262574403     0.1570163168     1.0829657773
    3      O      -0.1451940319     0.4793541001     3.3315052676
    4      H      -1.7203150441     0.2703405021     2.0635679909
    5      H       0.9773915993     0.1979566434     1.2588435858
 ----------------------------------------------------------------
 Nuclear Repulsion Energy =          69.92789039 hartrees
 There are       12 alpha and       12 beta electrons
 Applying Cartesian multipole field
    Component          Value
    ---------          -----
     (2,0,0)        1.00000E-11
     (0,2,0)        2.00000E-10
     (0,0,2)       -3.00000E-11
 Nucleus-field energy     =    -0.0000000122 hartrees
 Requested basis set is cc-pVDZ
 There are 24 shells and 52 basis functions
 A cutoff of  1.0D-14 yielded    299 shell pairs
 There are      1431 function pairs (      1608 Cartesian)
 Smallest overlap matrix eigenvalue = 1.38E-02
 Guess MOs from SCF MO coefficient file

 -----------------------------------------------------------------------
  General SCF calculation program by
  Eric Jon Sundstrom, Paul Horn, Yuezhi Mao, Dmitri Zuev, Alec White,
  David Stuck, Shaama M.S., Shane Yost, Joonho Lee, David Small,
  Daniel Levine, Susi Lehtola, Hugh Burton, Evgeny Epifanovsky,
  Bang C. Huynh
 -----------------------------------------------------------------------
 Exchange:     0.2000 Hartree-Fock + 0.0800 Slater + 0.7200 B88
 Correlation:  0.1900 VWN1RPA + 0.8100 LYP
 Using Euler-Maclaurin-Lebedev (99,590) quadrature formula
Added inc_jk
Added qchem_hcore
Added xc
Added P-dependent contribution
 A restricted SCF calculation will be
 performed using GDM
 SCF converges when RMS gradient is below 1.0e-10
 User-specified cutoff of 10e-14
 used for neglect of 2-electron integrals.
 A cutoff of 10e-14
 used for neglect of overlap integrals.
 Incremental Fock algorithm is on at the start.
 ---------------------------------------
  Cycle       Energy        RMS Gradient
 ---------------------------------------
    1    -189.7680874800      1.46e-02   Normal BFGS step
    2    -189.7722245293      2.00e-02   Normal BFGS step
    3    -189.7712971811      3.83e-02  Line search: overstep
    4    -189.7725408804      5.02e-03   Normal BFGS step
    5    -189.7725745756      5.45e-04   Normal BFGS step
    6    -189.7725748668      6.84e-04   Normal BFGS step
    7    -189.7725754676      8.66e-05   Normal BFGS step
    8    -189.7725754880      6.58e-05   Normal BFGS step
    9    -189.7725755177      8.40e-06   Normal BFGS step
   10    -189.7725755180      3.35e-06   Normal BFGS step
   11    -189.7725755181      1.49e-07   Normal BFGS step
   12    -189.7725755181      4.35e-08   Normal BFGS step
   13    -189.7725755181      2.93e-09   Normal BFGS step
   14    -189.7725755181      3.23e-09   Normal BFGS step
   15    -189.7725755181      2.95e-09   Normal BFGS step
   16    -189.7725755181      1.68e-09   Normal BFGS step
   17    -189.7725755181      6.78e-10   Normal BFGS step
   18    -189.7725755181      2.15e-10   Normal BFGS step
   19    -189.7725755181      5.13e-11  Convergence criterion met
 ---------------------------------------
 SCF time:   CPU 13.10s  wall 1.00s 
 SCF   energy =  -189.77257552
 Total energy =  -189.77257552
 Integrated density by DFT XC:
   Number of electrons = 24
   Numerical integral  =    23.999999992837
   Relative error      =     0.0000000298 %

 --------------------------------------------------------------

                    Orbital Energies (a.u.)
 --------------------------------------------------------------

 Alpha MOs
 -- Occupied --
-19.2030 -19.1409 -10.3258  -1.1172  -1.0269  -0.6707  -0.5217  -0.4880
 -0.4496  -0.4029  -0.3294  -0.2861
 -- Virtual --
 -0.0009   0.0486   0.0963   0.2455   0.2635   0.4472   0.4705   0.5284
  0.5826   0.6300   0.7275   0.8631   0.9083   0.9384   0.9673   1.0203
  1.0891   1.0937   1.1618   1.3581   1.3723   1.4959   1.5635   1.6725
  1.7092   1.7375   1.8729   2.0515   2.2587   2.3298   2.6051   2.6907
  2.8254   2.8749   3.0712   3.1310   3.1588   3.4186   3.4861   3.6532
 --------------------------------------------------------------

          Ground-State Mulliken Net Atomic Charges

     Atom                 Charge (a.u.)
  ----------------------------------------
      1 C                     0.221680
      2 O                    -0.151065
      3 O                    -0.243168
      4 H                     0.019015
      5 H                     0.153538
  ----------------------------------------
  Sum of atomic charges =     0.000000

 -----------------------------------------------------------------
                    Cartesian Multipole Moments
 -----------------------------------------------------------------
    Charge (ESU x 10^10)
                 0.0000
    Dipole Moment (Debye)
         X       0.2573      Y      -0.2238      Z      -1.5764
       Tot       1.6129
    Quadrupole Moments (Debye-Ang)
        XX     -13.0738     XY      -0.0372     YY     -16.7615
        XZ      -0.6465     YZ      -1.6270     ZZ     -27.7049
    Octopole Moments (Debye-Ang^2)
       XXX      12.7725    XXY      -4.3974    XYY       4.4334
       YYY     -15.4647    XXZ     -30.8490    XYZ      -0.1828
       YYZ     -36.8904    XZZ       2.6279    YZZ     -12.7425
       ZZZ    -159.9865
    Hexadecapole Moments (Debye-Ang^3)
      XXXX     -34.3787   XXXY       4.3323   XXYY     -10.8264
      XYYY       4.5996   YYYY     -23.9865   XXXZ      30.7621
      XXYZ     -12.1182   XYYZ      11.1559   YYYZ     -39.8232
      XXZZ     -93.8592   XYZZ       1.5261   YYZZ    -102.1102
      XZZZ      32.6153   YZZZ     -69.7629   ZZZZ    -773.6230
 -----------------------------------------------------------------
 Calculating analytic gradient of the SCF energy
Added xc
 Gradient of SCF Energy
            1           2           3           4           5
    1  -0.0031911   0.0056689  -0.0000553   0.0047036  -0.0071262
    2  -0.0034413   0.0012431   0.0021483   0.0008246  -0.0007748
    3  -0.0234192   0.0079471   0.0148566   0.0051662  -0.0045507
 Max gradient component =       2.342E-02
 RMS gradient           =       8.223E-03
 Gradient time:  CPU 1.52 s  wall 0.23 s
 Geometry Optimization Parameters
   NAtoms,    NIC,     NZ,  NCons,   NDum,   NFix, NCnnct, MaxDiis
        5      20       0       0       0       0       0       0

 Rotation Matrix is:


     1.000000    0.000000    0.000000
     0.000000    1.000000    0.000000
     0.000000    0.000000    1.000000

 Cartesian Hessian Update
 Hessian updated using BFGS update


** GEOMETRY OPTIMIZATION IN DELOCALIZED INTERNAL COORDINATES **
   Searching for a Minimum

   Optimization Cycle:   2

                       Coordinates (Angstroms)
     ATOM                X               Y               Z
      1  C        -0.6338199637    0.3127424376    2.2344073784
      2  O         0.0262574403    0.1570163168    1.0829657773
      3  O        -0.1451940319    0.4793541001    3.3315052676
      4  H        -1.7203150441    0.2703405021    2.0635679909
      5  H         0.9773915993    0.1979566434    1.2588435858
   Point Group: c1    Number of degrees of freedom:     9


   Energy is   -189.772575518


                       Cartesian Gradient (au)
     ATOM              X           Y           Z
    1  C          -0.003191   -0.003441   -0.023419
    2  O           0.005669    0.001243    0.007947
    3  O          -0.000055    0.002148    0.014857
    4  H           0.004704    0.000825    0.005166
    5  H          -0.007126   -0.000775   -0.004551
  CALCULATING B-MATRIX COLUMN:           1
  CALCULATING B-MATRIX COLUMN:           2
  CALCULATING B-MATRIX COLUMN:           3
  CALCULATING B-MATRIX COLUMN:           4
  CALCULATING B-MATRIX COLUMN:           5
  CALCULATING B-MATRIX COLUMN:           6
  CALCULATING B-MATRIX COLUMN:           7
  CALCULATING B-MATRIX COLUMN:           8
  CALCULATING B-MATRIX COLUMN:           9
  CALCULATING B-MATRIX COLUMN:          10

      B-Matrix



    -0.493949   -0.402993    0.987129    0.000000    0.743620   -0.267757
     0.116533   -0.137413    0.038524    0.000000    0.014708   -0.100188
     0.861646   -0.904828    0.155215    0.000000    0.017800   -0.662765
     0.493949    0.000000    0.000000   -0.982450   -0.344254    0.344254
    -0.116533    0.000000    0.000000   -0.042288   -0.033498    0.033487
    -0.861646    0.000000    0.000000   -0.181669   -0.192817    0.192819
     0.000000    0.402993    0.000000    0.000000   -0.399367    0.000000
     0.000000    0.137413    0.000000    0.000000    0.018791    0.000000
     0.000000    0.904828    0.000000    0.000000    0.175016    0.000000
     0.000000    0.000000   -0.987129    0.000000    0.000000   -0.076497
     0.000000    0.000000   -0.038524    0.000000    0.000000    0.066701
     0.000000    0.000000   -0.155215    0.000000    0.000000    0.469947
     0.000000    0.000000    0.000000    0.982450    0.000000    0.000000
     0.000000    0.000000    0.000000    0.042288    0.000000    0.000000
     0.000000    0.000000    0.000000    0.181669    0.000000    0.000000


    -0.475864   -0.344254    0.015721   -0.008466
     0.085518   -0.033494   -0.963580    0.519757
     0.644959   -0.192818    0.139331   -0.075147
     0.000000    0.242681   -0.016263   -0.009129
     0.000000    0.108729    0.997136    0.559718
     0.000000    0.724602   -0.144180   -0.080932
     0.399367    0.000000   -0.008781    0.000000
    -0.018804    0.000000    0.538152    0.000000
    -0.175014    0.000000   -0.077816    0.000000
     0.076497    0.000000    0.000000    0.008273
    -0.066713    0.000000    0.000000   -0.507767
    -0.469945    0.000000    0.000000    0.073415
     0.000000    0.101573    0.009323    0.009323
     0.000000   -0.075236   -0.571708   -0.571708
     0.000000   -0.531784    0.082665    0.082665

  Inverse B-Matrix



     0.076322   -0.268426   -0.121472   -0.011604   -0.074888   -0.232517
     0.058187   -0.009903    0.018431    0.711353    0.021932   -0.004203
     0.393808   -0.038208    0.141204   -0.102840    0.160697   -0.002847
     0.113730    0.365283   -0.014857   -0.003623   -0.074555   -0.446781
     0.000762   -0.024632    0.024251    0.222051    0.091226   -0.020228
    -0.007516   -0.211537    0.169381   -0.032038    0.639504   -0.089516
    -0.823400   -0.122387    0.584188    0.002334   -0.065366    0.083765
     0.123894   -0.046878    0.056896   -0.143882   -0.070095    0.002869
     0.949693   -0.310420    0.327620    0.020757   -0.477493    0.010391
     0.202081   -0.718516   -0.583423    0.007220    0.049430    0.231264
    -0.007632    0.083116   -0.083573   -0.443272   -0.008548   -0.003381
    -0.075589    0.655824   -0.512226    0.064092   -0.065053   -0.049449
     0.431266    0.744046    0.135564    0.005673    0.165379    0.364270
    -0.175212   -0.001703   -0.016004   -0.346251   -0.034516    0.024943
    -1.260396   -0.095659   -0.125980    0.050028   -0.257655    0.131421


     0.003681    0.401340   -0.150603
    -0.225213   -0.016045   -0.061034
     0.032565   -0.156268   -0.405130
    -0.007109   -0.255856    0.060177
     0.435547    0.009483    0.027936
    -0.062974    0.094514    0.186382
    -0.002928   -0.059952    0.040929
     0.179333   -0.002919    0.024310
    -0.025935   -0.013394    0.163488
     0.001528   -0.183850    0.001569
    -0.093678   -0.002318    0.019497
     0.013545    0.004670    0.134692
     0.004828    0.098317    0.047928
    -0.295989    0.011801   -0.010709
     0.042799    0.070479   -0.079431
 Hessian updated using BFGS update

   Hessian Matrix


     0.253760    0.029396    0.039902   -0.000016   -0.140665    0.041169
     0.029396    0.411267    0.003811    0.000015    0.052216    0.076831
     0.039902    0.003811    0.400808   -0.000024   -0.212131    0.032803
    -0.000016    0.000015   -0.000024    0.022448    0.000061   -0.000002
    -0.140665    0.052216   -0.212131    0.000061    0.524901   -0.027794
     0.041169    0.076831    0.032803   -0.000002   -0.027794    0.481220
    -0.000001   -0.000005   -0.000003   -0.000000    0.000002    0.000001
    -0.051753   -0.039198    0.030781    0.000004    0.089635    0.053578
    -0.013791   -0.187019    0.191125   -0.000021   -0.197351    0.080598


    -0.000001   -0.051753   -0.013791
    -0.000005   -0.039198   -0.187019
    -0.000003    0.030781    0.191125
    -0.000000    0.000004   -0.000021
     0.000002    0.089635   -0.197351
     0.000001    0.053578    0.080598
     0.022448    0.000011   -0.000006
     0.000011    0.404411    0.036111
    -0.000006    0.036111    0.492987

  9 Hessian modes will be used to form the next step
  Hessian Eigenvalues:
     0.022448    0.022448    0.144436    0.160818    0.267846    0.350947
     0.539585    0.566635    0.939086

  Hessian Eigenvectors:


    -0.000001   -0.000012    0.488480    0.570042    0.537863   -0.059896
    -0.000000   -0.000039    0.419139   -0.306828   -0.319983    0.380269
     0.000002   -0.000001   -0.339663    0.486296   -0.319070    0.565382
     0.581594    0.813479    0.000061    0.000070   -0.000072   -0.000005
    -0.000068   -0.000118    0.196785    0.544790   -0.352977   -0.031789
    -0.000002    0.000009   -0.264435    0.053778    0.024918   -0.459788
     0.813479   -0.581594   -0.000031   -0.000007    0.000036    0.000010
    -0.000015    0.000032    0.105053   -0.187498    0.501184    0.534331
     0.000008   -0.000040    0.592158   -0.097883   -0.360707   -0.185000


    -0.078676    0.343885   -0.138231
     0.209558    0.620992    0.231601
     0.071412    0.105869   -0.458666
     0.000031   -0.000027    0.000072
     0.255567   -0.336232    0.600425
     0.781857    0.288879   -0.142846
     0.000009   -0.000012    0.000005
     0.500503   -0.407817    0.017209
     0.132959   -0.349410   -0.579368

 Minimum search - taking simple RFO step
 Searching for Lamda that Minimizes Along All modes
 Value Taken    Lamda =  -0.00132435
 Step Taken.  Stepsize is  0.082026


     Parameter Values and Displacements in Internal Coordinates
  Coordinate  Current Value    Gradient  Displacement   New Value
       1           2.644403     0.008692    -0.048717     2.595686
       2           2.308563    -0.007350    -0.006688     2.301875
       3           2.903237    -0.002573     0.032062     2.935299
       4           2.941769    -0.000003     0.000093     2.941862
       5          -1.319597    -0.006158    -0.005302    -1.324900
       6           0.629217    -0.004674     0.021793     0.651010
       7           1.102043     0.000001    -0.000073     1.101970
       8           0.071623    -0.000328    -0.005524     0.066100
       9           0.252082     0.015262    -0.052428     0.199654

                             Maximum     Tolerance    Cnvgd?
         Gradient           0.015262      0.000001      NO
         Displacement       0.052428      0.000001      NO
         Energy change     -0.010836      0.000000      NO


 New Cartesian Coordinates Obtained by Inverse Iteration
  CALCULATING B-MATRIX COLUMN:           1
  CALCULATING B-MATRIX COLUMN:           2
  CALCULATING B-MATRIX COLUMN:           3
  CALCULATING B-MATRIX COLUMN:           4
  CALCULATING B-MATRIX COLUMN:           5
  CALCULATING B-MATRIX COLUMN:           6
  CALCULATING B-MATRIX COLUMN:           7
  CALCULATING B-MATRIX COLUMN:           8
  CALCULATING B-MATRIX COLUMN:           9
  CALCULATING B-MATRIX COLUMN:          10

      B-Matrix



    -0.493949   -0.402993    0.987129    0.000000    0.743620   -0.267757
     0.116533   -0.137413    0.038524    0.000000    0.014708   -0.100188
     0.861646   -0.904828    0.155215    0.000000    0.017800   -0.662765
     0.493949    0.000000    0.000000   -0.982450   -0.344254    0.344254
    -0.116533    0.000000    0.000000   -0.042288   -0.033498    0.033487
    -0.861646    0.000000    0.000000   -0.181669   -0.192817    0.192819
     0.000000    0.402993    0.000000    0.000000   -0.399367    0.000000
     0.000000    0.137413    0.000000    0.000000    0.018791    0.000000
     0.000000    0.904828    0.000000    0.000000    0.175016    0.000000
     0.000000    0.000000   -0.987129    0.000000    0.000000   -0.076497
     0.000000    0.000000   -0.038524    0.000000    0.000000    0.066701
     0.000000    0.000000   -0.155215    0.000000    0.000000    0.469947
     0.000000    0.000000    0.000000    0.982450    0.000000    0.000000
     0.000000    0.000000    0.000000    0.042288    0.000000    0.000000
     0.000000    0.000000    0.000000    0.181669    0.000000    0.000000


    -0.475864   -0.344254    0.015721   -0.008466
     0.085518   -0.033494   -0.963580    0.519757
     0.644959   -0.192818    0.139331   -0.075147
     0.000000    0.242681   -0.016263   -0.009129
     0.000000    0.108729    0.997136    0.559718
     0.000000    0.724602   -0.144180   -0.080932
     0.399367    0.000000   -0.008781    0.000000
    -0.018804    0.000000    0.538152    0.000000
    -0.175014    0.000000   -0.077816    0.000000
     0.076497    0.000000    0.000000    0.008273
    -0.066713    0.000000    0.000000   -0.507767
    -0.469945    0.000000    0.000000    0.073415
     0.000000    0.101573    0.009323    0.009323
     0.000000   -0.075236   -0.571708   -0.571708
     0.000000   -0.531784    0.082665    0.082665

  Inverse B-Matrix



     0.076322   -0.268426   -0.121472   -0.011604   -0.074888   -0.232517
     0.058187   -0.009903    0.018431    0.711353    0.021932   -0.004203
     0.393808   -0.038208    0.141204   -0.102840    0.160697   -0.002847
     0.113730    0.365283   -0.014857   -0.003623   -0.074555   -0.446781
     0.000762   -0.024632    0.024251    0.222051    0.091226   -0.020228
    -0.007516   -0.211537    0.169381   -0.032038    0.639504   -0.089516
    -0.823400   -0.122387    0.584188    0.002334   -0.065366    0.083765
     0.123894   -0.046878    0.056896   -0.143882   -0.070095    0.002869
     0.949693   -0.310420    0.327620    0.020757   -0.477493    0.010391
     0.202081   -0.718516   -0.583423    0.007220    0.049430    0.231264
    -0.007632    0.083116   -0.083573   -0.443272   -0.008548   -0.003381
    -0.075589    0.655824   -0.512226    0.064092   -0.065053   -0.049449
     0.431266    0.744046    0.135564    0.005673    0.165379    0.364270
    -0.175212   -0.001703   -0.016004   -0.346251   -0.034516    0.024943
    -1.260396   -0.095659   -0.125980    0.050028   -0.257655    0.131421


     0.003681    0.401340   -0.150603
    -0.225213   -0.016045   -0.061034
     0.032565   -0.156268   -0.405130
    -0.007109   -0.255856    0.060177
     0.435547    0.009483    0.027936
    -0.062974    0.094514    0.186382
    -0.002928   -0.059952    0.040929
     0.179333   -0.002919    0.024310
    -0.025935   -0.013394    0.163488
     0.001528   -0.183850    0.001569
    -0.093678   -0.002318    0.019497
     0.013545    0.004670    0.134692
     0.004828    0.098317    0.047928
    -0.295989    0.011801   -0.010709
     0.042799    0.070479   -0.079431

     Iterative generation of Cartesian Coordinates
     Internal   True Value     Estimate     Difference
         1      2.59568597    2.64440256   -0.04871659
         2      2.30187529    2.30856323   -0.00668795
         3      2.93529884    2.90323669    0.03206215
         4      2.94186165    2.94176883    0.00009282
         5     -1.32489956   -1.31959712   -0.00530244
         6      0.65100966    0.62921708    0.02179258
         7      1.10197022    1.10204290   -0.00007267
         8      0.06609953    0.07162310   -0.00552357
         9      0.19965410    0.25208224   -0.05242814
     Cycle:   1  Maximum deviation:   0.05242814
  CALCULATING B-MATRIX COLUMN:           1
  CALCULATING B-MATRIX COLUMN:           2
  CALCULATING B-MATRIX COLUMN:           3
  CALCULATING B-MATRIX COLUMN:           4
  CALCULATING B-MATRIX COLUMN:           5
  CALCULATING B-MATRIX COLUMN:           6
  CALCULATING B-MATRIX COLUMN:           7
  CALCULATING B-MATRIX COLUMN:           8
  CALCULATING B-MATRIX COLUMN:           9
  CALCULATING B-MATRIX COLUMN:          10
  Torsional sign change  primitive torsion          10
    previous value:    3.1415762021692037     
  calculated value:   -3.1415471708558758     
  reassigned value:    3.1416381363237105     

      B-Matrix



    -0.486920   -0.434152    0.984787    0.000000    0.740684   -0.262522
     0.117248   -0.135806    0.040532    0.000000    0.012000   -0.098940
     0.865541   -0.890544    0.168971    0.000000   -0.000112   -0.654329
     0.486920    0.000000    0.000000   -0.974271   -0.344975    0.344974
    -0.117248    0.000000    0.000000   -0.047736   -0.033010    0.033061
    -0.865541    0.000000    0.000000   -0.220268   -0.189598    0.189590
     0.000000    0.434152    0.000000    0.000000   -0.395709    0.000000
     0.000000    0.135806    0.000000    0.000000    0.021010    0.000000
     0.000000    0.890544    0.000000    0.000000    0.189710    0.000000
     0.000000    0.000000   -0.984787    0.000000    0.000000   -0.082452
     0.000000    0.000000   -0.040532    0.000000    0.000000    0.065879
     0.000000    0.000000   -0.168971    0.000000    0.000000    0.464738
     0.000000    0.000000    0.000000    0.974271    0.000000    0.000000
     0.000000    0.000000    0.000000    0.047736    0.000000    0.000000
     0.000000    0.000000    0.000000    0.220268    0.000000    0.000000


    -0.478159   -0.344974    0.014929   -0.008534
     0.086762   -0.033043   -0.919701    0.522078
     0.654466   -0.189593    0.132983   -0.075523
     0.000000    0.223249   -0.015397   -0.008715
     0.000000    0.106623    0.946002    0.535075
     0.000000    0.712052   -0.136810   -0.077385
     0.395708    0.000000   -0.008623    0.000000
    -0.020944    0.000000    0.531541    0.000000
    -0.189719    0.000000   -0.076855    0.000000
     0.082451    0.000000    0.000000    0.008158
    -0.065817    0.000000    0.000000   -0.499312
    -0.464747    0.000000    0.000000    0.072227
     0.000000    0.121725    0.009092    0.009092
     0.000000   -0.073580   -0.557842   -0.557842
     0.000000   -0.522459    0.080681    0.080681

  Inverse B-Matrix



     0.061173   -0.263773   -0.125518   -0.011865   -0.078728   -0.229329
     0.057330   -0.010079    0.019573    0.726640    0.022085   -0.004917
     0.389629   -0.039951    0.149275   -0.105044    0.162180   -0.008152
     0.091841    0.373928   -0.024252   -0.003625   -0.080989   -0.447828
    -0.000479   -0.025056    0.024699    0.220531    0.090829   -0.021052
    -0.013885   -0.215354    0.173538   -0.031798    0.637387   -0.095046
    -0.809706   -0.132792    0.588248    0.002399   -0.086428    0.088384
     0.127266   -0.047614    0.054502   -0.147550   -0.070539    0.000540
     0.971323   -0.314278    0.310647    0.021237   -0.478259   -0.006207
     0.193836   -0.724129   -0.578169    0.007401    0.048012    0.234738
    -0.008324    0.082226   -0.083210   -0.450808   -0.007478   -0.002888
    -0.079306    0.650237   -0.510164    0.065172   -0.057439   -0.046494
     0.462857    0.746767    0.139691    0.005690    0.198133    0.354036
    -0.175793    0.000523   -0.015564   -0.348814   -0.034898    0.028317
    -1.267761   -0.080654   -0.123296    0.050433   -0.263869    0.155898


     0.003787    0.400202   -0.158202
    -0.232179   -0.016859   -0.061147
     0.033569   -0.161668   -0.405004
    -0.007338   -0.258549    0.061849
     0.450144    0.009149    0.028083
    -0.065108    0.092361    0.187242
    -0.003146   -0.050593    0.050098
     0.193666   -0.001656    0.023666
    -0.027999   -0.005772    0.158094
     0.001588   -0.188024   -0.013963
    -0.098424   -0.003692    0.019761
     0.014234   -0.004281    0.138163
     0.005109    0.096964    0.060218
    -0.313207    0.013058   -0.010362
     0.045304    0.079360   -0.078496

     Iterative generation of Cartesian Coordinates
     Internal   True Value     Estimate     Difference
         1      2.59568597    2.59606828   -0.00038231
         2      2.30187529    2.30248828   -0.00061299
         3      2.93529884    2.93634893   -0.00105009
         4      2.94186165    2.94186011    0.00000154
         5     -1.32489956   -1.32532931    0.00042975
         6      0.65100966    0.65228709   -0.00127744
         7      1.10197022    1.10197425   -0.00000403
         8      0.06609953    0.06640848   -0.00030895
         9      0.19965410    0.20049159   -0.00083749
     Cycle:   2  Maximum deviation:   0.00127744
  CALCULATING B-MATRIX COLUMN:           1
  CALCULATING B-MATRIX COLUMN:           2
  CALCULATING B-MATRIX COLUMN:           3
  CALCULATING B-MATRIX COLUMN:           4
  CALCULATING B-MATRIX COLUMN:           5
  CALCULATING B-MATRIX COLUMN:           6
  CALCULATING B-MATRIX COLUMN:           7
  CALCULATING B-MATRIX COLUMN:           8
  CALCULATING B-MATRIX COLUMN:           9
  CALCULATING B-MATRIX COLUMN:          10
  Torsional sign change  primitive torsion          10
    previous value:    3.1415762021692037     
  calculated value:   -3.1415471864406230     
  reassigned value:    3.1416381207389632     

      B-Matrix



    -0.486853   -0.433994    0.984776    0.000000    0.740976   -0.262509
     0.117256   -0.135813    0.040542    0.000000    0.011993   -0.098944
     0.865578   -0.890620    0.169036    0.000000   -0.000175   -0.654349
     0.486853    0.000000    0.000000   -0.974201   -0.345001    0.345000
    -0.117256    0.000000    0.000000   -0.047779   -0.033007    0.033059
    -0.865578    0.000000    0.000000   -0.220566   -0.189578    0.189570
     0.000000    0.433994    0.000000    0.000000   -0.395976    0.000000
     0.000000    0.135813    0.000000    0.000000    0.021013    0.000000
     0.000000    0.890620    0.000000    0.000000    0.189752    0.000000
     0.000000    0.000000   -0.984776    0.000000    0.000000   -0.082491
     0.000000    0.000000   -0.040542    0.000000    0.000000    0.065885
     0.000000    0.000000   -0.169036    0.000000    0.000000    0.464779
     0.000000    0.000000    0.000000    0.974201    0.000000    0.000000
     0.000000    0.000000    0.000000    0.047779    0.000000    0.000000
     0.000000    0.000000    0.000000    0.220566    0.000000    0.000000


    -0.478465   -0.345000    0.014933   -0.008537
     0.086767   -0.033042   -0.920106    0.522204
     0.654550   -0.189573    0.133042   -0.075542
     0.000000    0.223015   -0.015403   -0.008720
     0.000000    0.106673    0.946379    0.535354
     0.000000    0.712409   -0.136866   -0.077427
     0.395975    0.000000   -0.008628    0.000000
    -0.020945    0.000000    0.531948    0.000000
    -0.189762    0.000000   -0.076914    0.000000
     0.082490    0.000000    0.000000    0.008159
    -0.065821    0.000000    0.000000   -0.499336
    -0.464788    0.000000    0.000000    0.072232
     0.000000    0.121985    0.009098    0.009098
     0.000000   -0.073631   -0.558222   -0.558222
     0.000000   -0.522837    0.080737    0.080737

  Inverse B-Matrix



     0.061091   -0.263721   -0.125430   -0.011862   -0.078706   -0.229276
     0.057313   -0.010074    0.019565    0.726412    0.022070   -0.004926
     0.389522   -0.039922    0.149206   -0.105011    0.162070   -0.008220
     0.091573    0.373894   -0.024330   -0.003625   -0.081186   -0.447820
    -0.000510   -0.025066    0.024673    0.220488    0.090790   -0.021063
    -0.014079   -0.215414    0.173370   -0.031791    0.637137   -0.095118
    -0.809191   -0.132763    0.588156    0.002399   -0.086206    0.088327
     0.127189   -0.047602    0.054519   -0.147585   -0.070557    0.000544
     0.970730   -0.314193    0.310775    0.021241   -0.478411   -0.006167
     0.193751   -0.724120   -0.578074    0.007398    0.048004    0.234784
    -0.008313    0.082224   -0.083193   -0.450524   -0.007456   -0.002885
    -0.079210    0.650217   -0.510054    0.065131   -0.057286   -0.046478
     0.462776    0.746710    0.139678    0.005689    0.198094    0.353985
    -0.175680    0.000518   -0.015564   -0.348790   -0.034847    0.028329
    -1.266963   -0.080687   -0.123296    0.050430   -0.263510    0.155982


     0.003785    0.400147   -0.158187
    -0.232073   -0.016861   -0.061148
     0.033554   -0.161675   -0.405008
    -0.007334   -0.258569    0.061821
     0.449860    0.009157    0.028072
    -0.065068    0.092413    0.187171
    -0.003144   -0.050426    0.050115
     0.193614   -0.001682    0.023663
    -0.027992   -0.005977    0.158077
     0.001586   -0.188084   -0.013988
    -0.098316   -0.003704    0.019764
     0.014219   -0.004353    0.138189
     0.005108    0.096931    0.060240
    -0.313085    0.013091   -0.010352
     0.045287    0.079593   -0.078429

     Iterative generation of Cartesian Coordinates
     Internal   True Value     Estimate     Difference
         1      2.59568597    2.59568590    0.00000007
         2      2.30187529    2.30187527    0.00000002
         3      2.93529884    2.93529873    0.00000011
         4      2.94186165    2.94186165   -0.00000000
         5     -1.32489956   -1.32489977    0.00000021
         6      0.65100966    0.65100975   -0.00000009
         7      1.10197022    1.10197022    0.00000000
         8      0.06609953    0.06609966   -0.00000013
         9      0.19965410    0.19965403    0.00000007
     Cycle:   3  Maximum deviation:   0.00000021
  CALCULATING B-MATRIX COLUMN:           1
  CALCULATING B-MATRIX COLUMN:           2
  CALCULATING B-MATRIX COLUMN:           3
  CALCULATING B-MATRIX COLUMN:           4
  CALCULATING B-MATRIX COLUMN:           5
  CALCULATING B-MATRIX COLUMN:           6
  CALCULATING B-MATRIX COLUMN:           7
  CALCULATING B-MATRIX COLUMN:           8
  CALCULATING B-MATRIX COLUMN:           9
  CALCULATING B-MATRIX COLUMN:          10
  Torsional sign change  primitive torsion          10
    previous value:    3.1415762021692037     
  calculated value:   -3.1415471860022972     
  reassigned value:    3.1416381211772890     

      B-Matrix



    -0.486853   -0.433994    0.984776    0.000000    0.740976   -0.262508
     0.117256   -0.135813    0.040542    0.000000    0.011993   -0.098944
     0.865578   -0.890620    0.169036    0.000000   -0.000175   -0.654349
     0.486853    0.000000    0.000000   -0.974201   -0.345001    0.345000
    -0.117256    0.000000    0.000000   -0.047779   -0.033007    0.033059
    -0.865578    0.000000    0.000000   -0.220566   -0.189578    0.189570
     0.000000    0.433994    0.000000    0.000000   -0.395976    0.000000
     0.000000    0.135813    0.000000    0.000000    0.021013    0.000000
     0.000000    0.890620    0.000000    0.000000    0.189752    0.000000
     0.000000    0.000000   -0.984776    0.000000    0.000000   -0.082491
     0.000000    0.000000   -0.040542    0.000000    0.000000    0.065885
     0.000000    0.000000   -0.169036    0.000000    0.000000    0.464779
     0.000000    0.000000    0.000000    0.974201    0.000000    0.000000
     0.000000    0.000000    0.000000    0.047779    0.000000    0.000000
     0.000000    0.000000    0.000000    0.220566    0.000000    0.000000


    -0.478465   -0.345000    0.014933   -0.008537
     0.086767   -0.033042   -0.920106    0.522204
     0.654550   -0.189573    0.133042   -0.075542
     0.000000    0.223015   -0.015403   -0.008720
     0.000000    0.106673    0.946379    0.535354
     0.000000    0.712410   -0.136866   -0.077427
     0.395975    0.000000   -0.008628    0.000000
    -0.020945    0.000000    0.531948    0.000000
    -0.189762    0.000000   -0.076914    0.000000
     0.082490    0.000000    0.000000    0.008159
    -0.065821    0.000000    0.000000   -0.499336
    -0.464788    0.000000    0.000000    0.072232
     0.000000    0.121985    0.009098    0.009098
     0.000000   -0.073631   -0.558222   -0.558222
     0.000000   -0.522837    0.080737    0.080737

  Inverse B-Matrix



     0.061091   -0.263721   -0.125430   -0.011862   -0.078706   -0.229276
     0.057313   -0.010074    0.019565    0.726412    0.022070   -0.004926
     0.389522   -0.039922    0.149206   -0.105011    0.162070   -0.008220
     0.091573    0.373894   -0.024330   -0.003625   -0.081186   -0.447820
    -0.000510   -0.025066    0.024673    0.220488    0.090790   -0.021063
    -0.014079   -0.215414    0.173370   -0.031791    0.637137   -0.095118
    -0.809191   -0.132763    0.588156    0.002399   -0.086206    0.088327
     0.127189   -0.047602    0.054519   -0.147585   -0.070557    0.000544
     0.970730   -0.314193    0.310775    0.021241   -0.478411   -0.006167
     0.193751   -0.724120   -0.578074    0.007398    0.048004    0.234784
    -0.008313    0.082224   -0.083193   -0.450524   -0.007456   -0.002885
    -0.079210    0.650217   -0.510054    0.065131   -0.057286   -0.046477
     0.462775    0.746710    0.139678    0.005689    0.198094    0.353985
    -0.175680    0.000518   -0.015564   -0.348790   -0.034847    0.028329
    -1.266962   -0.080687   -0.123296    0.050430   -0.263510    0.155982


     0.003785    0.400147   -0.158187
    -0.232073   -0.016861   -0.061148
     0.033554   -0.161675   -0.405008
    -0.007334   -0.258569    0.061821
     0.449860    0.009157    0.028072
    -0.065068    0.092413    0.187171
    -0.003144   -0.050426    0.050115
     0.193614   -0.001682    0.023663
    -0.027992   -0.005977    0.158077
     0.001586   -0.188084   -0.013988
    -0.098316   -0.003704    0.019764
     0.014219   -0.004353    0.138189
     0.005108    0.096931    0.060240
    -0.313085    0.013091   -0.010352
     0.045287    0.079593   -0.078429

     Iterative generation of Cartesian Coordinates
     Internal   True Value     Estimate     Difference
         1      2.59568597    2.59568597   -0.00000000
         2      2.30187529    2.30187529   -0.00000000
         3      2.93529884    2.93529884   -0.00000000
         4      2.94186165    2.94186165    0.00000000
         5     -1.32489956   -1.32489956   -0.00000000
         6      0.65100966    0.65100966   -0.00000000
         7      1.10197022    1.10197022   -0.00000000
         8      0.06609953    0.06609953   -0.00000000
         9      0.19965410    0.19965410    0.00000000
     Cycle:   4  Maximum deviation:   0.00000000

 Displacement from previous Coordinates is:  0.107183
 ----------------------------------------------------------------
             Standard Nuclear Orientation (Angstroms)
    I     Atom           X                Y                Z
 ----------------------------------------------------------------
    1      C      -0.6360806325     0.3132840318     2.2380920467
    2      O       0.0160887684     0.1562121067     1.0785964923
    3      O      -0.1136462028     0.4767735077     3.3102038959
    4      H      -1.7294518868     0.2682710070     2.0504157432
    5      H       0.9674099537     0.2028693468     1.2939818219
 ----------------------------------------------------------------
 Nuclear Repulsion Energy =          70.15534564 hartrees
 There are       12 alpha and       12 beta electrons
 Applying Cartesian multipole field
    Component          Value
    ---------          -----
     (2,0,0)        1.00000E-11
     (0,2,0)        2.00000E-10
     (0,0,2)       -3.00000E-11
 Nucleus-field energy     =    -0.0000000121 hartrees
 Requested basis set is cc-pVDZ
 There are 24 shells and 52 basis functions
 A cutoff of  1.0D-14 yielded    299 shell pairs
 There are      1431 function pairs (      1608 Cartesian)
 Smallest overlap matrix eigenvalue = 1.36E-02
 Guess MOs from SCF MO coefficient file

 -----------------------------------------------------------------------
  General SCF calculation program by
  Eric Jon Sundstrom, Paul Horn, Yuezhi Mao, Dmitri Zuev, Alec White,
  David Stuck, Shaama M.S., Shane Yost, Joonho Lee, David Small,
  Daniel Levine, Susi Lehtola, Hugh Burton, Evgeny Epifanovsky,
  Bang C. Huynh
 -----------------------------------------------------------------------
 Exchange:     0.2000 Hartree-Fock + 0.0800 Slater + 0.7200 B88
 Correlation:  0.1900 VWN1RPA + 0.8100 LYP
 Using Euler-Maclaurin-Lebedev (99,590) quadrature formula
Added inc_jk
Added qchem_hcore
Added xc
Added P-dependent contribution
 A restricted SCF calculation will be
 performed using GDM
 SCF converges when RMS gradient is below 1.0e-10
 User-specified cutoff of 10e-14
 used for neglect of 2-electron integrals.
 A cutoff of 10e-14
 used for neglect of overlap integrals.
 Incremental Fock algorithm is on at the start.
 ---------------------------------------
  Cycle       Energy        RMS Gradient
 ---------------------------------------
    1    -189.7722942782      7.75e-03   Normal BFGS step
    2    -189.7731348360      9.94e-03   Normal BFGS step
    3    -189.7729470454      1.77e-02  Line search: overstep
    4    -189.7732187948      2.14e-03   Normal BFGS step
    5    -189.7732280315      6.11e-04   Normal BFGS step
    6    -189.7732284837      6.83e-04   Normal BFGS step
    7    -189.7732290262      8.69e-05   Normal BFGS step
    8    -189.7732290616      5.24e-05   Normal BFGS step
    9    -189.7732290778      7.06e-06   Normal BFGS step
   10    -189.7732290782      2.68e-06   Normal BFGS step
   11    -189.7732290783      2.07e-07   Normal BFGS step
   12    -189.7732290783      6.60e-08   Normal BFGS step
   13    -189.7732290783      6.64e-09   Normal BFGS step
   14    -189.7732290783      6.06e-09   Normal BFGS step
   15    -189.7732290783      5.47e-09   Normal BFGS step
   16    -189.7732290783      3.60e-10   Normal BFGS step
   17    -189.7732290783      9.13e-11  Convergence criterion met
 ---------------------------------------
 SCF time:   CPU 11.86s  wall 2.00s 
 SCF   energy =  -189.77322908
 Total energy =  -189.77322908
 Integrated density by DFT XC:
   Number of electrons = 24
   Numerical integral  =    23.999999979794
   Relative error      =     0.0000000842 %

 --------------------------------------------------------------

                    Orbital Energies (a.u.)
 --------------------------------------------------------------

 Alpha MOs
 -- Occupied --
-19.2010 -19.1431 -10.3262  -1.1184  -1.0293  -0.6651  -0.5175  -0.4899
 -0.4507  -0.4065  -0.3301  -0.2890
 -- Virtual --
 -0.0002   0.0497   0.0939   0.2468   0.2609   0.4457   0.4657   0.5375
  0.5736   0.6370   0.7260   0.8587   0.9099   0.9409   0.9649   1.0141
  1.0783   1.0957   1.1642   1.3460   1.3589   1.4902   1.5825   1.6656
  1.7061   1.7420   1.8703   2.0388   2.2653   2.3195   2.6033   2.6941
  2.8226   2.8836   3.0687   3.1296   3.1493   3.4317   3.4904   3.6420
 --------------------------------------------------------------

          Ground-State Mulliken Net Atomic Charges

     Atom                 Charge (a.u.)
  ----------------------------------------
      1 C                     0.217592
      2 O                    -0.157965
      3 O                    -0.235368
      4 H                     0.020790
      5 H                     0.154950
  ----------------------------------------
  Sum of atomic charges =     0.000000

 -----------------------------------------------------------------
                    Cartesian Multipole Moments
 -----------------------------------------------------------------
    Charge (ESU x 10^10)
                 0.0000
    Dipole Moment (Debye)
         X       0.1540      Y      -0.2050      Z      -1.4355
       Tot       1.4582
    Quadrupole Moments (Debye-Ang)
        XX     -13.0931     XY      -0.0625     YY     -16.7517
        XZ      -0.8192     YZ      -1.5465     ZZ     -27.1314
    Octopole Moments (Debye-Ang^2)
       XXX      12.3480    XXY      -4.3735    XYY       4.3266
       YYY     -15.4006    XXZ     -30.6564    XYZ      -0.2569
       YYZ     -36.7036    XZZ       2.0142    YZZ     -12.4325
       ZZZ    -157.4846
    Hexadecapole Moments (Debye-Ang^3)
      XXXX     -34.4908   XXXY       4.1169   XXYY     -10.8206
      XYYY       4.3821   YYYY     -23.8835   XXXZ      29.2762
      XXYZ     -11.9721   XYYZ      10.6298   YYYZ     -39.4573
      XXZZ     -92.8027   XYZZ       1.1854   YYZZ    -101.0924
      XZZZ      29.2603   YZZZ     -68.3661   ZZZZ    -761.0254
 -----------------------------------------------------------------
 Calculating analytic gradient of the SCF energy
Added xc
 Gradient of SCF Energy
            1           2           3           4           5
    1   0.0033045  -0.0024196   0.0003771  -0.0001979  -0.0010641
    2  -0.0006492   0.0005782   0.0000869  -0.0000635   0.0000475
    3  -0.0049886   0.0043103   0.0006072  -0.0003741   0.0004452
 Max gradient component =       4.989E-03
 RMS gradient           =       2.050E-03
 Gradient time:  CPU 1.50 s  wall 0.23 s
 Geometry Optimization Parameters
   NAtoms,    NIC,     NZ,  NCons,   NDum,   NFix, NCnnct, MaxDiis
        5      20       0       0       0       0       0       0

 Rotation Matrix is:


     1.000000    0.000000    0.000000
     0.000000    1.000000    0.000000
     0.000000    0.000000    1.000000

 Cartesian Hessian Update
 Hessian updated using BFGS update


** GEOMETRY OPTIMIZATION IN DELOCALIZED INTERNAL COORDINATES **
   Searching for a Minimum

   Optimization Cycle:   3

                       Coordinates (Angstroms)
     ATOM                X               Y               Z
      1  C        -0.6360806325    0.3132840318    2.2380920467
      2  O         0.0160887684    0.1562121067    1.0785964923
      3  O        -0.1136462028    0.4767735077    3.3102038959
      4  H        -1.7294518868    0.2682710070    2.0504157432
      5  H         0.9674099537    0.2028693468    1.2939818219
   Point Group: c1    Number of degrees of freedom:     9


   Energy is   -189.773229078


                       Cartesian Gradient (au)
     ATOM              X           Y           Z
    1  C           0.003304   -0.000649   -0.004989
    2  O          -0.002420    0.000578    0.004310
    3  O           0.000377    0.000087    0.000607
    4  H          -0.000198   -0.000064   -0.000374
    5  H          -0.001064    0.000048    0.000445
  CALCULATING B-MATRIX COLUMN:           1
  CALCULATING B-MATRIX COLUMN:           2
  CALCULATING B-MATRIX COLUMN:           3
  CALCULATING B-MATRIX COLUMN:           4
  CALCULATING B-MATRIX COLUMN:           5
  CALCULATING B-MATRIX COLUMN:           6
  CALCULATING B-MATRIX COLUMN:           7
  CALCULATING B-MATRIX COLUMN:           8
  CALCULATING B-MATRIX COLUMN:           9
  CALCULATING B-MATRIX COLUMN:          10

      B-Matrix



    -0.486853   -0.433994    0.984776    0.000000    0.740976   -0.262508
     0.117256   -0.135813    0.040542    0.000000    0.011993   -0.098944
     0.865578   -0.890620    0.169036    0.000000   -0.000175   -0.654349
     0.486853    0.000000    0.000000   -0.974201   -0.345001    0.345000
    -0.117256    0.000000    0.000000   -0.047779   -0.033007    0.033059
    -0.865578    0.000000    0.000000   -0.220566   -0.189578    0.189570
     0.000000    0.433994    0.000000    0.000000   -0.395976    0.000000
     0.000000    0.135813    0.000000    0.000000    0.021013    0.000000
     0.000000    0.890620    0.000000    0.000000    0.189752    0.000000
     0.000000    0.000000   -0.984776    0.000000    0.000000   -0.082491
     0.000000    0.000000   -0.040542    0.000000    0.000000    0.065885
     0.000000    0.000000   -0.169036    0.000000    0.000000    0.464779
     0.000000    0.000000    0.000000    0.974201    0.000000    0.000000
     0.000000    0.000000    0.000000    0.047779    0.000000    0.000000
     0.000000    0.000000    0.000000    0.220566    0.000000    0.000000


    -0.478465   -0.345000    0.014933   -0.008537
     0.086767   -0.033042   -0.920106    0.522204
     0.654550   -0.189573    0.133042   -0.075542
     0.000000    0.223015   -0.015403   -0.008720
     0.000000    0.106673    0.946379    0.535354
     0.000000    0.712410   -0.136866   -0.077427
     0.395975    0.000000   -0.008628    0.000000
    -0.020945    0.000000    0.531948    0.000000
    -0.189762    0.000000   -0.076914    0.000000
     0.082490    0.000000    0.000000    0.008159
    -0.065821    0.000000    0.000000   -0.499336
    -0.464788    0.000000    0.000000    0.072232
     0.000000    0.121985    0.009098    0.009098
     0.000000   -0.073631   -0.558222   -0.558222
     0.000000   -0.522837    0.080737    0.080737

  Inverse B-Matrix



     0.061091   -0.263721   -0.125430   -0.011862   -0.078706   -0.229276
     0.057313   -0.010074    0.019565    0.726412    0.022070   -0.004926
     0.389522   -0.039922    0.149206   -0.105011    0.162070   -0.008220
     0.091573    0.373894   -0.024330   -0.003625   -0.081186   -0.447820
    -0.000510   -0.025066    0.024673    0.220488    0.090790   -0.021063
    -0.014079   -0.215414    0.173370   -0.031791    0.637137   -0.095118
    -0.809191   -0.132763    0.588156    0.002399   -0.086206    0.088327
     0.127189   -0.047602    0.054519   -0.147585   -0.070557    0.000544
     0.970730   -0.314193    0.310775    0.021241   -0.478411   -0.006167
     0.193751   -0.724120   -0.578074    0.007398    0.048004    0.234784
    -0.008313    0.082224   -0.083193   -0.450524   -0.007456   -0.002885
    -0.079210    0.650217   -0.510054    0.065131   -0.057286   -0.046477
     0.462775    0.746710    0.139678    0.005689    0.198094    0.353985
    -0.175680    0.000518   -0.015564   -0.348790   -0.034847    0.028329
    -1.266962   -0.080687   -0.123296    0.050430   -0.263510    0.155982


     0.003785    0.400147   -0.158187
    -0.232073   -0.016861   -0.061148
     0.033554   -0.161675   -0.405008
    -0.007334   -0.258569    0.061821
     0.449860    0.009157    0.028072
    -0.065068    0.092413    0.187171
    -0.003144   -0.050426    0.050115
     0.193614   -0.001682    0.023663
    -0.027992   -0.005977    0.158077
     0.001586   -0.188084   -0.013988
    -0.098316   -0.003704    0.019764
     0.014219   -0.004353    0.138189
     0.005108    0.096931    0.060240
    -0.313085    0.013091   -0.010352
     0.045287    0.079593   -0.078429
 Hessian updated using BFGS update

   Hessian Matrix


     0.295891    0.046363    0.033013   -0.000158   -0.163785    0.034679
     0.046363    0.380025   -0.002899    0.000050    0.037879    0.062562
     0.033013   -0.002899    0.401527    0.000009   -0.208870    0.032659
    -0.000158    0.000050    0.000009    0.022448    0.000152    0.000048
    -0.163785    0.037879   -0.208870    0.000152    0.536925   -0.025771
     0.034679    0.062562    0.032659    0.000048   -0.025771    0.478652
     0.000068   -0.000022   -0.000019   -0.000000   -0.000042   -0.000024
    -0.079058   -0.031721    0.037156    0.000051    0.107057    0.063439
    -0.001423   -0.137544    0.193702   -0.000171   -0.198264    0.092313


     0.000068   -0.079058   -0.001423
    -0.000022   -0.031721   -0.137544
    -0.000019    0.037156    0.193702
    -0.000000    0.000051   -0.000171
    -0.000042    0.107057   -0.198264
    -0.000024    0.063439    0.092313
     0.022448   -0.000012    0.000067
    -0.000012    0.413144    0.006507
     0.000067    0.006507    0.444620

  9 Hessian modes will be used to form the next step
  Hessian Eigenvalues:
     0.022448    0.022448    0.152590    0.164123    0.266781    0.349440
     0.517963    0.572201    0.927687

  Hessian Eigenvectors:


     0.000125    0.000723    0.123791    0.694772    0.521821   -0.010310
     0.000021    0.000105    0.452437   -0.101045   -0.371860    0.454425
    -0.000083   -0.000482   -0.525183    0.282383   -0.319430    0.552627
     0.591509    0.806297   -0.000876   -0.000462   -0.000285    0.000194
    -0.000051   -0.000015   -0.046409    0.605893   -0.323828   -0.079396
    -0.000059   -0.000318   -0.270049   -0.083788    0.018664   -0.434669
     0.806298   -0.591509    0.000424    0.000257    0.000143   -0.000090
     0.000003    0.000120    0.237105   -0.079229    0.525604    0.482461
     0.000145    0.000740    0.610623    0.216648   -0.325446   -0.244918


     0.278212   -0.333768   -0.201894
     0.615150   -0.207876    0.136698
    -0.016827    0.143701   -0.464840
     0.000098    0.000167    0.000242
    -0.041045    0.314412    0.647326
     0.706330    0.453948   -0.160613
    -0.000046   -0.000057   -0.000075
    -0.029189    0.646645    0.097335
    -0.206074    0.318846   -0.519783

 Minimum search - taking simple RFO step
 Searching for Lamda that Minimizes Along All modes
 Value Taken    Lamda =  -0.00007086
 Step Taken.  Stepsize is  0.011790


     Parameter Values and Displacements in Internal Coordinates
  Coordinate  Current Value    Gradient  Displacement   New Value
       1           2.595696    -0.002839     0.006381     2.602077
       2           2.301892    -0.003694     0.007206     2.309099
       3           2.935289     0.000170     0.000866     2.936155
       4          -2.942060     0.000016    -0.000686    -2.942747
       5          -1.324220     0.001266    -0.000653    -1.324873
       6           0.651018    -0.000357     0.000657     0.651675
       7          -1.102090    -0.000008     0.000337    -1.101753
       8           0.066131     0.003118    -0.005729     0.060402
       9           0.199627     0.002178    -0.003369     0.196257

                             Maximum     Tolerance    Cnvgd?
         Gradient           0.003694      0.000001      NO
         Displacement       0.007206      0.000001      NO
         Energy change     -0.000654      0.000000      NO


 New Cartesian Coordinates Obtained by Inverse Iteration
  CALCULATING B-MATRIX COLUMN:           1
  CALCULATING B-MATRIX COLUMN:           2
  CALCULATING B-MATRIX COLUMN:           3
  CALCULATING B-MATRIX COLUMN:           4
  CALCULATING B-MATRIX COLUMN:           5
  CALCULATING B-MATRIX COLUMN:           6
  CALCULATING B-MATRIX COLUMN:           7
  CALCULATING B-MATRIX COLUMN:           8
  CALCULATING B-MATRIX COLUMN:           9
  CALCULATING B-MATRIX COLUMN:          10

      B-Matrix



    -0.486853   -0.433994    0.984776    0.000000    0.740976   -0.262508
     0.117256   -0.135813    0.040542    0.000000    0.011993   -0.098944
     0.865578   -0.890620    0.169036    0.000000   -0.000175   -0.654349
     0.486853    0.000000    0.000000   -0.974201   -0.345001    0.345000
    -0.117256    0.000000    0.000000   -0.047779   -0.033007    0.033059
    -0.865578    0.000000    0.000000   -0.220566   -0.189578    0.189570
     0.000000    0.433994    0.000000    0.000000   -0.395976    0.000000
     0.000000    0.135813    0.000000    0.000000    0.021013    0.000000
     0.000000    0.890620    0.000000    0.000000    0.189752    0.000000
     0.000000    0.000000   -0.984776    0.000000    0.000000   -0.082491
     0.000000    0.000000   -0.040542    0.000000    0.000000    0.065885
     0.000000    0.000000   -0.169036    0.000000    0.000000    0.464779
     0.000000    0.000000    0.000000    0.974201    0.000000    0.000000
     0.000000    0.000000    0.000000    0.047779    0.000000    0.000000
     0.000000    0.000000    0.000000    0.220566    0.000000    0.000000


    -0.478465   -0.345000    0.014933   -0.008537
     0.086767   -0.033042   -0.920106    0.522204
     0.654550   -0.189573    0.133042   -0.075542
     0.000000    0.223015   -0.015403   -0.008720
     0.000000    0.106673    0.946379    0.535354
     0.000000    0.712410   -0.136866   -0.077427
     0.395975    0.000000   -0.008628    0.000000
    -0.020945    0.000000    0.531948    0.000000
    -0.189762    0.000000   -0.076914    0.000000
     0.082490    0.000000    0.000000    0.008159
    -0.065821    0.000000    0.000000   -0.499336
    -0.464788    0.000000    0.000000    0.072232
     0.000000    0.121985    0.009098    0.009098
     0.000000   -0.073631   -0.558222   -0.558222
     0.000000   -0.522837    0.080737    0.080737

  Inverse B-Matrix



     0.061091   -0.263721   -0.125430   -0.011862   -0.078706   -0.229276
     0.057313   -0.010074    0.019565    0.726412    0.022070   -0.004926
     0.389522   -0.039922    0.149206   -0.105011    0.162070   -0.008220
     0.091573    0.373894   -0.024330   -0.003625   -0.081186   -0.447820
    -0.000510   -0.025066    0.024673    0.220488    0.090790   -0.021063
    -0.014079   -0.215414    0.173370   -0.031791    0.637137   -0.095118
    -0.809191   -0.132763    0.588156    0.002399   -0.086206    0.088327
     0.127189   -0.047602    0.054519   -0.147585   -0.070557    0.000544
     0.970730   -0.314193    0.310775    0.021241   -0.478411   -0.006167
     0.193751   -0.724120   -0.578074    0.007398    0.048004    0.234784
    -0.008313    0.082224   -0.083193   -0.450524   -0.007456   -0.002885
    -0.079210    0.650217   -0.510054    0.065131   -0.057286   -0.046477
     0.462775    0.746710    0.139678    0.005689    0.198094    0.353985
    -0.175680    0.000518   -0.015564   -0.348790   -0.034847    0.028329
    -1.266962   -0.080687   -0.123296    0.050430   -0.263510    0.155982


     0.003785    0.400147   -0.158187
    -0.232073   -0.016861   -0.061148
     0.033554   -0.161675   -0.405008
    -0.007334   -0.258569    0.061821
     0.449860    0.009157    0.028072
    -0.065068    0.092413    0.187171
    -0.003144   -0.050426    0.050115
     0.193614   -0.001682    0.023663
    -0.027992   -0.005977    0.158077
     0.001586   -0.188084   -0.013988
    -0.098316   -0.003704    0.019764
     0.014219   -0.004353    0.138189
     0.005108    0.096931    0.060240
    -0.313085    0.013091   -0.010352
     0.045287    0.079593   -0.078429

     Iterative generation of Cartesian Coordinates
     Internal   True Value     Estimate     Difference
         1      2.60207746    2.59569633    0.00638113
         2      2.30909883    2.30189235    0.00720648
         3      2.93615467    2.93528914    0.00086553
         4     -2.94274664   -2.94206017   -0.00068647
         5     -1.32487320   -1.32422043   -0.00065277
         6      0.65167517    0.65101825    0.00065692
         7     -1.10175284   -1.10208994    0.00033710
         8      0.06040233    0.06613086   -0.00572854
         9      0.19625738    0.19962680   -0.00336942
     Cycle:   1  Maximum deviation:   0.00720648
  CALCULATING B-MATRIX COLUMN:           1
  CALCULATING B-MATRIX COLUMN:           2
  CALCULATING B-MATRIX COLUMN:           3
  CALCULATING B-MATRIX COLUMN:           4
  CALCULATING B-MATRIX COLUMN:           5
  CALCULATING B-MATRIX COLUMN:           6
  CALCULATING B-MATRIX COLUMN:           7
  CALCULATING B-MATRIX COLUMN:           8
  CALCULATING B-MATRIX COLUMN:           9
  CALCULATING B-MATRIX COLUMN:          10
  Torsional sign change  primitive torsion          10
    previous value:   -3.1415471860022972     
  calculated value:    3.1411145075711966     
  reassigned value:   -3.1420707996083896     

      B-Matrix



    -0.487892   -0.433398    0.984680    0.000000    0.739662   -0.260581
     0.116929   -0.136171    0.040217    0.000000    0.012383   -0.098470
     0.865037   -0.890855    0.169670    0.000000   -0.000466   -0.653986
     0.487892    0.000000    0.000000   -0.974957   -0.343342    0.343348
    -0.116929    0.000000    0.000000   -0.047391   -0.033145    0.032777
    -0.865037    0.000000    0.000000   -0.217287   -0.189169    0.189222
     0.000000    0.433398    0.000000    0.000000   -0.396320    0.000000
     0.000000    0.136171    0.000000    0.000000    0.020763    0.000000
     0.000000    0.890855    0.000000    0.000000    0.189635    0.000000
     0.000000    0.000000   -0.984680    0.000000    0.000000   -0.082766
     0.000000    0.000000   -0.040217    0.000000    0.000000    0.065692
     0.000000    0.000000   -0.169670    0.000000    0.000000    0.464764
     0.000000    0.000000    0.000000    0.974957    0.000000    0.000000
     0.000000    0.000000    0.000000    0.047391    0.000000    0.000000
     0.000000    0.000000    0.000000    0.217287    0.000000    0.000000


    -0.479102   -0.343345    0.015442   -0.008279
     0.087383   -0.032963   -0.920207    0.520592
     0.654264   -0.189195    0.133096   -0.075039
     0.000000    0.223291   -0.015654   -0.008878
     0.000000    0.106479    0.946498    0.537218
     0.000000    0.711836   -0.136769   -0.077624
     0.396328    0.000000   -0.008955    0.000000
    -0.021241    0.000000    0.532035    0.000000
    -0.189565    0.000000   -0.076967    0.000000
     0.082773    0.000000    0.000000    0.007990
    -0.066142    0.000000    0.000000   -0.499483
    -0.464699    0.000000    0.000000    0.072023
     0.000000    0.120054    0.009167    0.009167
     0.000000   -0.073515   -0.558327   -0.558327
     0.000000   -0.522641    0.080641    0.080641

  Inverse B-Matrix



     0.061409   -0.264148   -0.125356   -0.011774   -0.078373   -0.229258
     0.057384   -0.010072    0.019301    0.726643    0.022078   -0.004861
     0.389736   -0.039847    0.149254   -0.105096    0.162200   -0.007698
     0.093845    0.373677   -0.024005   -0.003471   -0.080375   -0.447902
    -0.000520   -0.024887    0.024726    0.221296    0.090842   -0.021022
    -0.012990   -0.214594    0.173655   -0.032052    0.637851   -0.094972
    -0.810654   -0.131555    0.587900    0.002350   -0.085783    0.087604
     0.127062   -0.047596    0.054620   -0.148285   -0.070586    0.000724
     0.971076   -0.314739    0.311348    0.021692   -0.478118   -0.005093
     0.194688   -0.725235   -0.577627    0.006976    0.048501    0.234930
    -0.008410    0.082351   -0.083069   -0.451050   -0.007398   -0.002919
    -0.080849    0.651594   -0.510250    0.065299   -0.057284   -0.046268
     0.460713    0.747260    0.139087    0.005919    0.196031    0.354627
    -0.175516    0.000204   -0.015578   -0.348603   -0.034936    0.028078
    -1.266973   -0.082414   -0.124006    0.050157   -0.264649    0.154031


     0.003838    0.400674   -0.158165
    -0.232816   -0.016666   -0.061138
     0.033677   -0.160931   -0.405304
    -0.007407   -0.258832    0.062232
     0.449477    0.008953    0.028210
    -0.064882    0.092142    0.187746
    -0.003226   -0.050816    0.050393
     0.193520   -0.001625    0.023698
    -0.028062   -0.005115    0.157610
     0.001679   -0.187461   -0.014393
    -0.097781   -0.003699    0.019708
     0.014133   -0.005014    0.138592
     0.005116    0.096434    0.059933
    -0.312399    0.013038   -0.010478
     0.045135    0.078917   -0.078644

     Iterative generation of Cartesian Coordinates
     Internal   True Value     Estimate     Difference
         1      2.60207746    2.60207767   -0.00000021
         2      2.30909883    2.30909837    0.00000047
         3      2.93615467    2.93615371    0.00000096
         4     -2.94274664   -2.94274579   -0.00000085
         5     -1.32487320   -1.32488022    0.00000702
         6      0.65167517    0.65168547   -0.00001030
         7     -1.10175284   -1.10175245   -0.00000039
         8      0.06040233    0.06040885   -0.00000652
         9      0.19625738    0.19625030    0.00000708
     Cycle:   2  Maximum deviation:   0.00001030
  CALCULATING B-MATRIX COLUMN:           1
  CALCULATING B-MATRIX COLUMN:           2
  CALCULATING B-MATRIX COLUMN:           3
  CALCULATING B-MATRIX COLUMN:           4
  CALCULATING B-MATRIX COLUMN:           5
  CALCULATING B-MATRIX COLUMN:           6
  CALCULATING B-MATRIX COLUMN:           7
  CALCULATING B-MATRIX COLUMN:           8
  CALCULATING B-MATRIX COLUMN:           9
  CALCULATING B-MATRIX COLUMN:          10
  Torsional sign change  primitive torsion          10
    previous value:   -3.1415471860022972     
  calculated value:    3.1411135763487676     
  reassigned value:   -3.1420717308308186     

      B-Matrix



    -0.487896   -0.433399    0.984680    0.000000    0.739661   -0.260581
     0.116929   -0.136172    0.040217    0.000000    0.012383   -0.098470
     0.865035   -0.890855    0.169669    0.000000   -0.000465   -0.653988
     0.487896    0.000000    0.000000   -0.974958   -0.343341    0.343347
    -0.116929    0.000000    0.000000   -0.047391   -0.033146    0.032777
    -0.865035    0.000000    0.000000   -0.217282   -0.189170    0.189224
     0.000000    0.433399    0.000000    0.000000   -0.396320    0.000000
     0.000000    0.136172    0.000000    0.000000    0.020763    0.000000
     0.000000    0.890855    0.000000    0.000000    0.189635    0.000000
     0.000000    0.000000   -0.984680    0.000000    0.000000   -0.082766
     0.000000    0.000000   -0.040217    0.000000    0.000000    0.065692
     0.000000    0.000000   -0.169669    0.000000    0.000000    0.464764
     0.000000    0.000000    0.000000    0.974958    0.000000    0.000000
     0.000000    0.000000    0.000000    0.047391    0.000000    0.000000
     0.000000    0.000000    0.000000    0.217282    0.000000    0.000000


    -0.479101   -0.343344    0.015442   -0.008279
     0.087384   -0.032964   -0.920206    0.520591
     0.654265   -0.189197    0.133096   -0.075039
     0.000000    0.223292   -0.015654   -0.008878
     0.000000    0.106480    0.946504    0.537224
     0.000000    0.711841   -0.136770   -0.077625
     0.396328    0.000000   -0.008956    0.000000
    -0.021242    0.000000    0.532033    0.000000
    -0.189566    0.000000   -0.076967    0.000000
     0.082773    0.000000    0.000000    0.007990
    -0.066142    0.000000    0.000000   -0.499484
    -0.464699    0.000000    0.000000    0.072023
     0.000000    0.120052    0.009168    0.009168
     0.000000   -0.073516   -0.558331   -0.558331
     0.000000   -0.522645    0.080641    0.080641

  Inverse B-Matrix



     0.061409   -0.264148   -0.125355   -0.011774   -0.078371   -0.229259
     0.057384   -0.010072    0.019301    0.726643    0.022078   -0.004861
     0.389735   -0.039848    0.149254   -0.105096    0.162200   -0.007697
     0.093846    0.373677   -0.024005   -0.003471   -0.080375   -0.447902
    -0.000520   -0.024886    0.024726    0.221294    0.090842   -0.021022
    -0.012991   -0.214592    0.173655   -0.032052    0.637850   -0.094972
    -0.810652   -0.131555    0.587901    0.002350   -0.085782    0.087603
     0.127062   -0.047596    0.054620   -0.148286   -0.070586    0.000724
     0.971075   -0.314740    0.311347    0.021693   -0.478119   -0.005092
     0.194688   -0.725234   -0.577627    0.006976    0.048503    0.234929
    -0.008410    0.082351   -0.083069   -0.451049   -0.007398   -0.002919
    -0.080849    0.651594   -0.510250    0.065299   -0.057285   -0.046268
     0.460708    0.747261    0.139085    0.005919    0.196025    0.354629
    -0.175515    0.000203   -0.015578   -0.348601   -0.034936    0.028078
    -1.266970   -0.082414   -0.124005    0.050157   -0.264646    0.154028


     0.003838    0.400674   -0.158164
    -0.232817   -0.016666   -0.061138
     0.033677   -0.160930   -0.405304
    -0.007407   -0.258832    0.062231
     0.449474    0.008952    0.028210
    -0.064882    0.092141    0.187746
    -0.003226   -0.050816    0.050394
     0.193519   -0.001625    0.023698
    -0.028062   -0.005113    0.157609
     0.001679   -0.187461   -0.014391
    -0.097778   -0.003699    0.019708
     0.014132   -0.005013    0.138591
     0.005116    0.096434    0.059930
    -0.312397    0.013037   -0.010478
     0.045135    0.078916   -0.078642

     Iterative generation of Cartesian Coordinates
     Internal   True Value     Estimate     Difference
         1      2.60207746    2.60207746   -0.00000000
         2      2.30909883    2.30909883   -0.00000000
         3      2.93615467    2.93615467   -0.00000000
         4     -2.94274664   -2.94274664    0.00000000
         5     -1.32487320   -1.32487320   -0.00000000
         6      0.65167517    0.65167517   -0.00000000
         7     -1.10175284   -1.10175284    0.00000000
         8      0.06040233    0.06040233    0.00000000
         9      0.19625738    0.19625738   -0.00000000
     Cycle:   3  Maximum deviation:   0.00000000

 Displacement from previous Coordinates is:  0.016312
 ----------------------------------------------------------------
             Standard Nuclear Orientation (Angstroms)
    I     Atom           X                Y                Z
 ----------------------------------------------------------------
    1      C      -0.6379171329     0.3132932945     2.2405207345
    2      O       0.0183620135     0.1560100959     1.0769431247
    3      O      -0.1164930626     0.4771219104     3.3123114682
    4      H      -1.7311671149     0.2686423528     2.0521440291
    5      H       0.9715352968     0.2023423464     1.2893706435
 ----------------------------------------------------------------
 Nuclear Repulsion Energy =          70.03613294 hartrees
 There are       12 alpha and       12 beta electrons
 Applying Cartesian multipole field
    Component          Value
    ---------          -----
     (2,0,0)        1.00000E-11
     (0,2,0)        2.00000E-10
     (0,0,2)       -3.00000E-11
 Nucleus-field energy     =    -0.0000000121 hartrees
 Requested basis set is cc-pVDZ
 There are 24 shells and 52 basis functions
 A cutoff of  1.0D-14 yielded    299 shell pairs
 There are      1431 function pairs (      1608 Cartesian)
 Smallest overlap matrix eigenvalue = 1.37E-02
 Guess MOs from SCF MO coefficient file

 -----------------------------------------------------------------------
  General SCF calculation program by
  Eric Jon Sundstrom, Paul Horn, Yuezhi Mao, Dmitri Zuev, Alec White,
  David Stuck, Shaama M.S., Shane Yost, Joonho Lee, David Small,
  Daniel Levine, Susi Lehtola, Hugh Burton, Evgeny Epifanovsky,
  Bang C. Huynh
 -----------------------------------------------------------------------
 Exchange:     0.2000 Hartree-Fock + 0.0800 Slater + 0.7200 B88
 Correlation:  0.1900 VWN1RPA + 0.8100 LYP
 Using Euler-Maclaurin-Lebedev (99,590) quadrature formula
Added inc_jk
Added qchem_hcore
Added xc
Added P-dependent contribution
 A restricted SCF calculation will be
 performed using GDM
 SCF converges when RMS gradient is below 1.0e-10
 User-specified cutoff of 10e-14
 used for neglect of 2-electron integrals.
 A cutoff of 10e-14
 used for neglect of overlap integrals.
 Incremental Fock algorithm is on at the start.
 ---------------------------------------
  Cycle       Energy        RMS Gradient
 ---------------------------------------
    1    -189.7732513736      1.14e-03   Normal BFGS step
    2    -189.7732694064      9.93e-04   Normal BFGS step
    3    -189.7732673456      2.09e-03  Line search: overstep
    4    -189.7732706230      1.57e-04   Normal BFGS step
    5    -189.7732707614      1.40e-04   Normal BFGS step
    6    -189.7732708397      5.68e-05   Normal BFGS step
    7    -189.7732708430      4.95e-05   Normal BFGS step
    8    -189.7732708467      7.16e-06   Normal BFGS step
    9    -189.7732708471      2.55e-06   Normal BFGS step
   10    -189.7732708472      2.19e-07   Normal BFGS step
   11    -189.7732708472      3.46e-08   Normal BFGS step
   12    -189.7732708472      7.57e-09   Normal BFGS step
   13    -189.7732708472      1.13e-09   Normal BFGS step
   14    -189.7732708472      4.15e-10   Normal BFGS step
   15    -189.7732708472      5.78e-10   Normal BFGS step
   16    -189.7732708472      1.92e-10   Normal BFGS step
   17    -189.7732708472      4.22e-11  Convergence criterion met
 ---------------------------------------
 SCF time:   CPU 11.78s  wall 2.00s 
 SCF   energy =  -189.77327085
 Total energy =  -189.77327085
 Integrated density by DFT XC:
   Number of electrons = 24
   Numerical integral  =    23.999999978936
   Relative error      =     0.0000000878 %

 --------------------------------------------------------------

                    Orbital Energies (a.u.)
 --------------------------------------------------------------

 Alpha MOs
 -- Occupied --
-19.2002 -19.1438 -10.3266  -1.1162  -1.0293  -0.6640  -0.5172  -0.4893
 -0.4495  -0.4064  -0.3301  -0.2894
 -- Virtual --
 -0.0009   0.0496   0.0936   0.2462   0.2586   0.4460   0.4651   0.5356
  0.5742   0.6368   0.7259   0.8583   0.9100   0.9424   0.9649   1.0157
  1.0795   1.0952   1.1637   1.3475   1.3585   1.4898   1.5783   1.6643
  1.7056   1.7400   1.8700   2.0375   2.2645   2.3182   2.6027   2.6926
  2.8232   2.8803   3.0658   3.1280   3.1443   3.4311   3.4883   3.6404
 --------------------------------------------------------------

          Ground-State Mulliken Net Atomic Charges

     Atom                 Charge (a.u.)
  ----------------------------------------
      1 C                     0.219103
      2 O                    -0.163576
      3 O                    -0.233324
      4 H                     0.021841
      5 H                     0.155957
  ----------------------------------------
  Sum of atomic charges =     0.000000

 -----------------------------------------------------------------
                    Cartesian Multipole Moments
 -----------------------------------------------------------------
    Charge (ESU x 10^10)
                 0.0000
    Dipole Moment (Debye)
         X       0.1504      Y      -0.2021      Z      -1.4126
       Tot       1.4349
    Quadrupole Moments (Debye-Ang)
        XX     -13.0615     XY      -0.0642     YY     -16.7570
        XZ      -0.8368     YZ      -1.5341     ZZ     -27.0421
    Octopole Moments (Debye-Ang^2)
       XXX      12.3621    XXY      -4.3648    XYY       4.3341
       YYY     -15.4008    XXZ     -30.6086    XYZ      -0.2607
       YYZ     -36.7079    XZZ       1.9878    YZZ     -12.3944
       ZZZ    -157.2222
    Hexadecapole Moments (Debye-Ang^3)
      XXXX     -34.4954   XXXY       4.1332   XXYY     -10.8391
      XYYY       4.4060   YYYY     -23.8946   XXXZ      29.4089
      XXYZ     -11.9643   XYYZ      10.6918   YYYZ     -39.4743
      XXZZ     -92.7925   XYZZ       1.1913   YYZZ    -101.1447
      XZZZ      29.4199   YZZZ     -68.2894   ZZZZ    -760.6908
 -----------------------------------------------------------------
 Calculating analytic gradient of the SCF energy
Added xc
 Gradient of SCF Energy
            1           2           3           4           5
    1   0.0007672  -0.0009483   0.0001997  -0.0004135   0.0003948
    2  -0.0003260   0.0001759   0.0000974   0.0000350   0.0000177
    3  -0.0014909   0.0010804   0.0003354  -0.0000054   0.0000805
 Max gradient component =       1.491E-03
 RMS gradient           =       6.062E-04
 Gradient time:  CPU 1.52 s  wall 0.23 s
 Geometry Optimization Parameters
   NAtoms,    NIC,     NZ,  NCons,   NDum,   NFix, NCnnct, MaxDiis
        5      20       0       0       0       0       0       0

 Rotation Matrix is:


     1.000000    0.000000    0.000000
     0.000000    1.000000    0.000000
     0.000000    0.000000    1.000000

 Cartesian Hessian Update
 Hessian updated using BFGS update


** GEOMETRY OPTIMIZATION IN DELOCALIZED INTERNAL COORDINATES **
   Searching for a Minimum

   Optimization Cycle:   4

                       Coordinates (Angstroms)
     ATOM                X               Y               Z
      1  C        -0.6379171329    0.3132932945    2.2405207345
      2  O         0.0183620135    0.1560100959    1.0769431247
      3  O        -0.1164930626    0.4771219104    3.3123114682
      4  H        -1.7311671149    0.2686423528    2.0521440291
      5  H         0.9715352968    0.2023423464    1.2893706435
   Point Group: c1    Number of degrees of freedom:     9


   Energy is   -189.773270847


                       Cartesian Gradient (au)
     ATOM              X           Y           Z
    1  C           0.000767   -0.000326   -0.001491
    2  O          -0.000948    0.000176    0.001080
    3  O           0.000200    0.000097    0.000335
    4  H          -0.000413    0.000035   -0.000005
    5  H           0.000395    0.000018    0.000080
  CALCULATING B-MATRIX COLUMN:           1
  CALCULATING B-MATRIX COLUMN:           2
  CALCULATING B-MATRIX COLUMN:           3
  CALCULATING B-MATRIX COLUMN:           4
  CALCULATING B-MATRIX COLUMN:           5
  CALCULATING B-MATRIX COLUMN:           6
  CALCULATING B-MATRIX COLUMN:           7
  CALCULATING B-MATRIX COLUMN:           8
  CALCULATING B-MATRIX COLUMN:           9
  CALCULATING B-MATRIX COLUMN:          10

      B-Matrix



    -0.487896   -0.433399    0.984680    0.000000    0.739661   -0.260581
     0.116929   -0.136172    0.040217    0.000000    0.012383   -0.098470
     0.865035   -0.890855    0.169669    0.000000   -0.000465   -0.653988
     0.487896    0.000000    0.000000   -0.974958   -0.343341    0.343347
    -0.116929    0.000000    0.000000   -0.047391   -0.033146    0.032777
    -0.865035    0.000000    0.000000   -0.217282   -0.189170    0.189224
     0.000000    0.433399    0.000000    0.000000   -0.396320    0.000000
     0.000000    0.136172    0.000000    0.000000    0.020763    0.000000
     0.000000    0.890855    0.000000    0.000000    0.189635    0.000000
     0.000000    0.000000   -0.984680    0.000000    0.000000   -0.082766
     0.000000    0.000000   -0.040217    0.000000    0.000000    0.065692
     0.000000    0.000000   -0.169669    0.000000    0.000000    0.464764
     0.000000    0.000000    0.000000    0.974958    0.000000    0.000000
     0.000000    0.000000    0.000000    0.047391    0.000000    0.000000
     0.000000    0.000000    0.000000    0.217282    0.000000    0.000000


    -0.479101   -0.343344    0.015442   -0.008279
     0.087384   -0.032964   -0.920206    0.520591
     0.654265   -0.189197    0.133096   -0.075039
     0.000000    0.223292   -0.015654   -0.008878
     0.000000    0.106480    0.946504    0.537224
     0.000000    0.711841   -0.136770   -0.077625
     0.396328    0.000000   -0.008956    0.000000
    -0.021242    0.000000    0.532033    0.000000
    -0.189566    0.000000   -0.076967    0.000000
     0.082773    0.000000    0.000000    0.007990
    -0.066142    0.000000    0.000000   -0.499484
    -0.464699    0.000000    0.000000    0.072023
     0.000000    0.120052    0.009168    0.009168
     0.000000   -0.073516   -0.558331   -0.558331
     0.000000   -0.522645    0.080641    0.080641

  Inverse B-Matrix



     0.061409   -0.264148   -0.125355   -0.011774   -0.078371   -0.229259
     0.057384   -0.010072    0.019301    0.726643    0.022078   -0.004861
     0.389735   -0.039848    0.149254   -0.105096    0.162200   -0.007697
     0.093846    0.373677   -0.024005   -0.003471   -0.080375   -0.447902
    -0.000520   -0.024886    0.024726    0.221294    0.090842   -0.021022
    -0.012991   -0.214592    0.173655   -0.032052    0.637850   -0.094972
    -0.810652   -0.131555    0.587901    0.002350   -0.085782    0.087603
     0.127062   -0.047596    0.054620   -0.148286   -0.070586    0.000724
     0.971075   -0.314740    0.311347    0.021693   -0.478119   -0.005092
     0.194688   -0.725234   -0.577627    0.006976    0.048503    0.234929
    -0.008410    0.082351   -0.083069   -0.451049   -0.007398   -0.002919
    -0.080849    0.651594   -0.510250    0.065299   -0.057285   -0.046268
     0.460708    0.747261    0.139085    0.005919    0.196025    0.354629
    -0.175515    0.000203   -0.015578   -0.348601   -0.034936    0.028078
    -1.266970   -0.082414   -0.124005    0.050157   -0.264646    0.154028


     0.003838    0.400674   -0.158164
    -0.232817   -0.016666   -0.061138
     0.033677   -0.160930   -0.405304
    -0.007407   -0.258832    0.062231
     0.449474    0.008952    0.028210
    -0.064882    0.092141    0.187746
    -0.003226   -0.050816    0.050394
     0.193519   -0.001625    0.023698
    -0.028062   -0.005113    0.157609
     0.001679   -0.187461   -0.014391
    -0.097778   -0.003699    0.019708
     0.014132   -0.005013    0.138591
     0.005116    0.096434    0.059930
    -0.312397    0.013037   -0.010478
     0.045135    0.078916   -0.078642
 Hessian updated using BFGS update

   Hessian Matrix


     0.278087    0.037408    0.049197   -0.004532   -0.151449    0.044169
     0.037408    0.388976    0.019549   -0.006385    0.048245    0.078439
     0.049197    0.019549    0.402031   -0.000518   -0.215659    0.035840
    -0.004532   -0.006385   -0.000518    0.022706    0.001873   -0.001115
    -0.151449    0.048245   -0.215659    0.001873    0.529665   -0.028912
     0.044169    0.078439    0.035840   -0.001115   -0.028912    0.482757
     0.002083    0.002943    0.000226   -0.000120   -0.000834    0.000514
    -0.040009    0.006368    0.021280    0.003839    0.085708    0.057852
     0.027273   -0.108881    0.182751    0.002400   -0.213745    0.088763


     0.002083   -0.040009    0.027273
     0.002943    0.006368   -0.108881
     0.000226    0.021280    0.182751
    -0.000120    0.003839    0.002400
    -0.000834    0.085708   -0.213745
     0.000514    0.057852    0.088763
     0.022503   -0.001753   -0.001114
    -0.001753    0.352802   -0.036914
    -0.001114   -0.036914    0.413424

  9 Hessian modes will be used to form the next step
  Hessian Eigenvalues:
     0.022448    0.022505    0.151955    0.166238    0.268011    0.350608
     0.428813    0.552482    0.929890

  Hessian Eigenvectors:


     0.000214    0.014975    0.004974    0.704569    0.524714   -0.128052
     0.000244    0.015865    0.420767   -0.071272   -0.336377    0.283066
     0.000040    0.001760   -0.555235    0.191281   -0.304348    0.581543
     0.432504    0.901329    0.001231   -0.007136    0.001765    0.002879
    -0.000066   -0.000767   -0.114363    0.594341   -0.342677    0.010210
     0.000023    0.001008   -0.259300   -0.124942    0.023515   -0.452292
     0.901632   -0.432370   -0.000538    0.003341   -0.000806   -0.001311
    -0.000223   -0.012023    0.279621   -0.042663    0.526098    0.586912
    -0.000114   -0.005998    0.596774    0.301963   -0.352329   -0.127024


     0.394310    0.086939   -0.220392
     0.611758    0.488991    0.104818
    -0.019822    0.084198   -0.465640
    -0.021108   -0.005885    0.001320
    -0.266153    0.136370    0.653234
    -0.221709    0.796457   -0.168915
     0.009695    0.002727   -0.000573
    -0.440718    0.303132    0.111718
    -0.393845   -0.036983   -0.505856

 Minimum search - taking simple RFO step
 Searching for Lamda that Minimizes Along All modes
 Value Taken    Lamda =  -0.00000652
 Step Taken.  Stepsize is  0.007599


     Parameter Values and Displacements in Internal Coordinates
  Coordinate  Current Value    Gradient  Displacement   New Value
       1           2.602067    -0.000483     0.001148     2.603215
       2           2.309082    -0.000279     0.000185     2.309267
       3           2.936164     0.000400    -0.000424     2.935740
       4           2.941175    -0.000107     0.005811     2.946986
       5          -1.325552     0.000323    -0.001037    -1.326590
       6           0.651667     0.000227     0.000177     0.651843
       7           1.102307     0.000049    -0.002673     1.099635
       8           0.060371     0.001009    -0.002823     0.057548
       9           0.196285     0.000740    -0.002496     0.193788

                             Maximum     Tolerance    Cnvgd?
         Gradient           0.001009      0.000001      NO
         Displacement       0.005811      0.000001      NO
         Energy change     -0.000042      0.000000      NO


 New Cartesian Coordinates Obtained by Inverse Iteration
  CALCULATING B-MATRIX COLUMN:           1
  CALCULATING B-MATRIX COLUMN:           2
  CALCULATING B-MATRIX COLUMN:           3
  CALCULATING B-MATRIX COLUMN:           4
  CALCULATING B-MATRIX COLUMN:           5
  CALCULATING B-MATRIX COLUMN:           6
  CALCULATING B-MATRIX COLUMN:           7
  CALCULATING B-MATRIX COLUMN:           8
  CALCULATING B-MATRIX COLUMN:           9
  CALCULATING B-MATRIX COLUMN:          10

      B-Matrix



    -0.487896   -0.433399    0.984680    0.000000    0.739661   -0.260581
     0.116929   -0.136172    0.040217    0.000000    0.012383   -0.098470
     0.865035   -0.890855    0.169669    0.000000   -0.000465   -0.653988
     0.487896    0.000000    0.000000   -0.974958   -0.343341    0.343347
    -0.116929    0.000000    0.000000   -0.047391   -0.033146    0.032777
    -0.865035    0.000000    0.000000   -0.217282   -0.189170    0.189224
     0.000000    0.433399    0.000000    0.000000   -0.396320    0.000000
     0.000000    0.136172    0.000000    0.000000    0.020763    0.000000
     0.000000    0.890855    0.000000    0.000000    0.189635    0.000000
     0.000000    0.000000   -0.984680    0.000000    0.000000   -0.082766
     0.000000    0.000000   -0.040217    0.000000    0.000000    0.065692
     0.000000    0.000000   -0.169669    0.000000    0.000000    0.464764
     0.000000    0.000000    0.000000    0.974958    0.000000    0.000000
     0.000000    0.000000    0.000000    0.047391    0.000000    0.000000
     0.000000    0.000000    0.000000    0.217282    0.000000    0.000000


    -0.479101   -0.343344    0.015442   -0.008279
     0.087384   -0.032964   -0.920206    0.520591
     0.654265   -0.189197    0.133096   -0.075039
     0.000000    0.223292   -0.015654   -0.008878
     0.000000    0.106480    0.946504    0.537224
     0.000000    0.711841   -0.136770   -0.077625
     0.396328    0.000000   -0.008956    0.000000
    -0.021242    0.000000    0.532033    0.000000
    -0.189566    0.000000   -0.076967    0.000000
     0.082773    0.000000    0.000000    0.007990
    -0.066142    0.000000    0.000000   -0.499484
    -0.464699    0.000000    0.000000    0.072023
     0.000000    0.120052    0.009168    0.009168
     0.000000   -0.073516   -0.558331   -0.558331
     0.000000   -0.522645    0.080641    0.080641

  Inverse B-Matrix



     0.061409   -0.264148   -0.125355   -0.011774   -0.078371   -0.229259
     0.057384   -0.010072    0.019301    0.726643    0.022078   -0.004861
     0.389735   -0.039848    0.149254   -0.105096    0.162200   -0.007697
     0.093846    0.373677   -0.024005   -0.003471   -0.080375   -0.447902
    -0.000520   -0.024886    0.024726    0.221294    0.090842   -0.021022
    -0.012991   -0.214592    0.173655   -0.032052    0.637850   -0.094972
    -0.810652   -0.131555    0.587901    0.002350   -0.085782    0.087603
     0.127062   -0.047596    0.054620   -0.148286   -0.070586    0.000724
     0.971075   -0.314740    0.311347    0.021693   -0.478119   -0.005092
     0.194688   -0.725234   -0.577627    0.006976    0.048503    0.234929
    -0.008410    0.082351   -0.083069   -0.451049   -0.007398   -0.002919
    -0.080849    0.651594   -0.510250    0.065299   -0.057285   -0.046268
     0.460708    0.747261    0.139085    0.005919    0.196025    0.354629
    -0.175515    0.000203   -0.015578   -0.348601   -0.034936    0.028078
    -1.266970   -0.082414   -0.124005    0.050157   -0.264646    0.154028


     0.003838    0.400674   -0.158164
    -0.232817   -0.016666   -0.061138
     0.033677   -0.160930   -0.405304
    -0.007407   -0.258832    0.062231
     0.449474    0.008952    0.028210
    -0.064882    0.092141    0.187746
    -0.003226   -0.050816    0.050394
     0.193519   -0.001625    0.023698
    -0.028062   -0.005113    0.157609
     0.001679   -0.187461   -0.014391
    -0.097778   -0.003699    0.019708
     0.014132   -0.005013    0.138591
     0.005116    0.096434    0.059930
    -0.312397    0.013037   -0.010478
     0.045135    0.078916   -0.078642

     Iterative generation of Cartesian Coordinates
     Internal   True Value     Estimate     Difference
         1      2.60321469    2.60206710    0.00114759
         2      2.30926706    2.30908177    0.00018529
         3      2.93574043    2.93616437   -0.00042394
         4      2.94698581    2.94117518    0.00581063
         5     -1.32658969   -1.32555233   -0.00103736
         6      0.65184345    0.65166657    0.00017687
         7      1.09963460    1.10230732   -0.00267272
         8      0.05754765    0.06037099   -0.00282334
         9      0.19378822    0.19628468   -0.00249647
     Cycle:   1  Maximum deviation:   0.00581063
  CALCULATING B-MATRIX COLUMN:           1
  CALCULATING B-MATRIX COLUMN:           2
  CALCULATING B-MATRIX COLUMN:           3
  CALCULATING B-MATRIX COLUMN:           4
  CALCULATING B-MATRIX COLUMN:           5
  CALCULATING B-MATRIX COLUMN:           6
  CALCULATING B-MATRIX COLUMN:           7
  CALCULATING B-MATRIX COLUMN:           8
  CALCULATING B-MATRIX COLUMN:           9
  CALCULATING B-MATRIX COLUMN:          10
  Torsional sign change  primitive torsion          10
    previous value:    3.1411135763487676     
  calculated value:   -3.1375684840097415     
  reassigned value:    3.1456168231698447     

      B-Matrix



    -0.487799   -0.433387    0.984457    0.000000    0.739413   -0.259593
     0.118811   -0.133436    0.043781    0.000000    0.008642   -0.101632
     0.864833   -0.891274    0.170082    0.000000   -0.000284   -0.653394
     0.487799    0.000000    0.000000   -0.974903   -0.342921    0.342873
    -0.118811    0.000000    0.000000   -0.046741   -0.031262    0.034409
    -0.864833    0.000000    0.000000   -0.217668   -0.189126    0.188666
     0.000000    0.433387    0.000000    0.000000   -0.396491    0.000000
     0.000000    0.133436    0.000000    0.000000    0.022620    0.000000
     0.000000    0.891274    0.000000    0.000000    0.189410    0.000000
     0.000000    0.000000   -0.984457    0.000000    0.000000   -0.083280
     0.000000    0.000000   -0.043781    0.000000    0.000000    0.067224
     0.000000    0.000000   -0.170082    0.000000    0.000000    0.464728
     0.000000    0.000000    0.000000    0.974903    0.000000    0.000000
     0.000000    0.000000    0.000000    0.046741    0.000000    0.000000
     0.000000    0.000000    0.000000    0.217668    0.000000    0.000000


    -0.479630   -0.342900    0.011214   -0.010232
     0.081888   -0.032845   -0.919962    0.520010
     0.655274   -0.188896    0.132709   -0.077210
     0.000000    0.222637   -0.013526   -0.007767
     0.000000    0.107323    0.945915    0.537594
     0.000000    0.711543   -0.137579   -0.078235
     0.396426    0.000000   -0.006252    0.000000
    -0.018515    0.000000    0.532375    0.000000
    -0.189992    0.000000   -0.076664    0.000000
     0.083204    0.000000    0.000000    0.009434
    -0.063373    0.000000    0.000000   -0.499276
    -0.465282    0.000000    0.000000    0.073912
     0.000000    0.120263    0.008564    0.008564
     0.000000   -0.074478   -0.558327   -0.558327
     0.000000   -0.522647    0.081534    0.081534

  Inverse B-Matrix



     0.061302   -0.264086   -0.125521   -0.012552   -0.078520   -0.229155
     0.057078   -0.010020    0.021521    0.726711    0.022188   -0.004791
     0.389644   -0.039602    0.148893   -0.104662    0.162069   -0.007864
     0.093570    0.373605   -0.024068   -0.004865   -0.080473   -0.447909
     0.001075   -0.025370    0.024667    0.221559    0.091324   -0.021190
    -0.013410   -0.214428    0.173647   -0.030877    0.637659   -0.095130
    -0.810619   -0.130910    0.587650    0.002886   -0.085708    0.087464
     0.128290   -0.048127    0.054454   -0.148969   -0.069964    0.000422
     0.970615   -0.314674    0.311426    0.018855   -0.478417   -0.005065
     0.195011   -0.725872   -0.577171    0.010611    0.048499    0.235080
    -0.009379    0.082777   -0.084271   -0.451147   -0.007735   -0.002336
    -0.080560    0.651570   -0.510170    0.064523   -0.056825   -0.046177
     0.460736    0.747263    0.139109    0.003919    0.196202    0.354520
    -0.177064    0.000740   -0.016371   -0.348154   -0.035814    0.027895
    -1.266289   -0.082865   -0.123796    0.052161   -0.264486    0.154236


     0.003515    0.400867   -0.158258
    -0.233103   -0.017262   -0.061561
     0.033595   -0.160657   -0.405239
    -0.006715   -0.259082    0.062418
     0.449224    0.010280    0.027817
    -0.065902    0.091978    0.187887
    -0.002564   -0.050604    0.050647
     0.193821   -0.001106    0.022872
    -0.027372   -0.005049    0.157564
     0.000836   -0.187373   -0.015039
    -0.097629   -0.004532    0.020620
     0.014167   -0.005492    0.138686
     0.004929    0.096191    0.060232
    -0.312314    0.012620   -0.009748
     0.045512    0.079220   -0.078899

     Iterative generation of Cartesian Coordinates
     Internal   True Value     Estimate     Difference
         1      2.60321469    2.60321924   -0.00000455
         2      2.30926706    2.30927471   -0.00000765
         3      2.93574043    2.93574811   -0.00000768
         4      2.94698581    2.94698464    0.00000117
         5     -1.32658969   -1.32659919    0.00000950
         6      0.65184345    0.65183725    0.00000620
         7      1.09963460    1.09963572   -0.00000112
         8      0.05754765    0.05755482   -0.00000717
         9      0.19378822    0.19379099   -0.00000278
     Cycle:   2  Maximum deviation:   0.00000950
  CALCULATING B-MATRIX COLUMN:           1
  CALCULATING B-MATRIX COLUMN:           2
  CALCULATING B-MATRIX COLUMN:           3
  CALCULATING B-MATRIX COLUMN:           4
  CALCULATING B-MATRIX COLUMN:           5
  CALCULATING B-MATRIX COLUMN:           6
  CALCULATING B-MATRIX COLUMN:           7
  CALCULATING B-MATRIX COLUMN:           8
  CALCULATING B-MATRIX COLUMN:           9
  CALCULATING B-MATRIX COLUMN:          10
  Torsional sign change  primitive torsion          10
    previous value:    3.1411135763487676     
  calculated value:   -3.1375677835591920     
  reassigned value:    3.1456175236203943     

      B-Matrix



    -0.487799   -0.433390    0.984456    0.000000    0.739414   -0.259592
     0.118811   -0.133435    0.043782    0.000000    0.008641   -0.101634
     0.864833   -0.891273    0.170085    0.000000   -0.000285   -0.653397
     0.487799    0.000000    0.000000   -0.974903   -0.342922    0.342874
    -0.118811    0.000000    0.000000   -0.046741   -0.031261    0.034409
    -0.864833    0.000000    0.000000   -0.217668   -0.189126    0.188667
     0.000000    0.433390    0.000000    0.000000   -0.396492    0.000000
     0.000000    0.133435    0.000000    0.000000    0.022620    0.000000
     0.000000    0.891273    0.000000    0.000000    0.189412    0.000000
     0.000000    0.000000   -0.984456    0.000000    0.000000   -0.083281
     0.000000    0.000000   -0.043782    0.000000    0.000000    0.067224
     0.000000    0.000000   -0.170085    0.000000    0.000000    0.464730
     0.000000    0.000000    0.000000    0.974903    0.000000    0.000000
     0.000000    0.000000    0.000000    0.046741    0.000000    0.000000
     0.000000    0.000000    0.000000    0.217668    0.000000    0.000000


    -0.479632   -0.342900    0.011213   -0.010232
     0.081888   -0.032845   -0.919963    0.520011
     0.655279   -0.188897    0.132709   -0.077211
     0.000000    0.222637   -0.013526   -0.007767
     0.000000    0.107324    0.945914    0.537595
     0.000000    0.711543   -0.137579   -0.078236
     0.396427    0.000000   -0.006251    0.000000
    -0.018515    0.000000    0.532376    0.000000
    -0.189994    0.000000   -0.076664    0.000000
     0.083206    0.000000    0.000000    0.009435
    -0.063373    0.000000    0.000000   -0.499279
    -0.465285    0.000000    0.000000    0.073913
     0.000000    0.120263    0.008564    0.008564
     0.000000   -0.074479   -0.558327   -0.558327
     0.000000   -0.522647    0.081534    0.081534

  Inverse B-Matrix



     0.061301   -0.264085   -0.125521   -0.012552   -0.078519   -0.229155
     0.057077   -0.010020    0.021522    0.726709    0.022188   -0.004791
     0.389642   -0.039600    0.148892   -0.104661    0.162069   -0.007865
     0.093571    0.373604   -0.024068   -0.004865   -0.080473   -0.447909
     0.001076   -0.025370    0.024667    0.221559    0.091324   -0.021190
    -0.013411   -0.214428    0.173647   -0.030877    0.637658   -0.095130
    -0.810618   -0.130909    0.587648    0.002886   -0.085710    0.087463
     0.128291   -0.048127    0.054454   -0.148969   -0.069964    0.000422
     0.970615   -0.314673    0.311425    0.018854   -0.478417   -0.005066
     0.195010   -0.725872   -0.577170    0.010612    0.048500    0.235080
    -0.009380    0.082777   -0.084271   -0.451147   -0.007735   -0.002336
    -0.080560    0.651567   -0.510169    0.064523   -0.056823   -0.046176
     0.460736    0.747262    0.139110    0.003919    0.196202    0.354520
    -0.177064    0.000740   -0.016372   -0.348152   -0.035814    0.027895
    -1.266287   -0.082866   -0.123796    0.052161   -0.264487    0.154237


     0.003515    0.400867   -0.158258
    -0.233103   -0.017262   -0.061561
     0.033595   -0.160657   -0.405238
    -0.006715   -0.259082    0.062418
     0.449224    0.010280    0.027817
    -0.065902    0.091978    0.187887
    -0.002564   -0.050602    0.050649
     0.193822   -0.001106    0.022872
    -0.027372   -0.005048    0.157565
     0.000835   -0.187374   -0.015039
    -0.097629   -0.004532    0.020620
     0.014167   -0.005494    0.138684
     0.004929    0.096191    0.060231
    -0.312313    0.012620   -0.009747
     0.045512    0.079220   -0.078898

     Iterative generation of Cartesian Coordinates
     Internal   True Value     Estimate     Difference
         1      2.60321469    2.60321469    0.00000000
         2      2.30926706    2.30926706    0.00000000
         3      2.93574043    2.93574043   -0.00000000
         4      2.94698581    2.94698581   -0.00000000
         5     -1.32658969   -1.32658969   -0.00000000
         6      0.65184345    0.65184345   -0.00000000
         7      1.09963460    1.09963460   -0.00000000
         8      0.05754765    0.05754765    0.00000000
         9      0.19378822    0.19378822    0.00000000
     Cycle:   3  Maximum deviation:   0.00000000

 Displacement from previous Coordinates is:  0.006608
 ----------------------------------------------------------------
             Standard Nuclear Orientation (Angstroms)
    I     Atom           X                Y                Z
 ----------------------------------------------------------------
    1      C      -0.6382883782     0.3159801749     2.2410358805
    2      O       0.0187649061     0.1559442302     1.0761262040
    3      O      -0.1170536514     0.4764615060     3.3129633451
    4      H      -1.7306703134     0.2673983683     2.0523046420
    5      H       0.9715674369     0.2016257205     1.2888599284
 ----------------------------------------------------------------
 Nuclear Repulsion Energy =          70.00914621 hartrees
 There are       12 alpha and       12 beta electrons
 Applying Cartesian multipole field
    Component          Value
    ---------          -----
     (2,0,0)        1.00000E-11
     (0,2,0)        2.00000E-10
     (0,0,2)       -3.00000E-11
 Nucleus-field energy     =    -0.0000000121 hartrees
 Requested basis set is cc-pVDZ
 There are 24 shells and 52 basis functions
 A cutoff of  1.0D-14 yielded    299 shell pairs
 There are      1431 function pairs (      1608 Cartesian)
 Smallest overlap matrix eigenvalue = 1.37E-02
 Guess MOs from SCF MO coefficient file

 -----------------------------------------------------------------------
  General SCF calculation program by
  Eric Jon Sundstrom, Paul Horn, Yuezhi Mao, Dmitri Zuev, Alec White,
  David Stuck, Shaama M.S., Shane Yost, Joonho Lee, David Small,
  Daniel Levine, Susi Lehtola, Hugh Burton, Evgeny Epifanovsky,
  Bang C. Huynh
 -----------------------------------------------------------------------
 Exchange:     0.2000 Hartree-Fock + 0.0800 Slater + 0.7200 B88
 Correlation:  0.1900 VWN1RPA + 0.8100 LYP
 Using Euler-Maclaurin-Lebedev (99,590) quadrature formula
Added inc_jk
Added qchem_hcore
Added xc
Added P-dependent contribution
 A restricted SCF calculation will be
 performed using GDM
 SCF converges when RMS gradient is below 1.0e-10
 User-specified cutoff of 10e-14
 used for neglect of 2-electron integrals.
 A cutoff of 10e-14
 used for neglect of overlap integrals.
 Incremental Fock algorithm is on at the start.
 ---------------------------------------
  Cycle       Energy        RMS Gradient
 ---------------------------------------
    1    -189.7732619493      8.03e-04   Normal BFGS step
    2    -189.7732706202      4.16e-04   Normal BFGS step
    3    -189.7732699991      1.06e-03  Line search: overstep
    4    -189.7732708707      5.79e-05   Normal BFGS step
    5    -189.7732709083      5.26e-05   Normal BFGS step
    6    -189.7732709186      2.32e-05   Normal BFGS step
    7    -189.7732709193      1.89e-05   Normal BFGS step
    8    -189.7732709200      3.46e-06   Normal BFGS step
    9    -189.7732709201      1.60e-06   Normal BFGS step
   10    -189.7732709201      1.90e-07   Normal BFGS step
   11    -189.7732709201      6.23e-08   Normal BFGS step
   12    -189.7732709201      5.17e-09   Normal BFGS step
   13    -189.7732709201      1.29e-09   Normal BFGS step
   14    -189.7732709201      1.37e-10   Normal BFGS step
   15    -189.7732709201      3.50e-10   Normal BFGS step
   16    -189.7732709201      1.21e-10   Normal BFGS step
   17    -189.7732709201      2.99e-11  Convergence criterion met
 ---------------------------------------
 SCF time:   CPU 11.78s  wall 1.00s 
 SCF   energy =  -189.77327092
 Total energy =  -189.77327092
 Integrated density by DFT XC:
   Number of electrons = 24
   Numerical integral  =    23.999999976906
   Relative error      =     0.0000000962 %

 --------------------------------------------------------------

                    Orbital Energies (a.u.)
 --------------------------------------------------------------

 Alpha MOs
 -- Occupied --
-19.1999 -19.1441 -10.3267  -1.1157  -1.0295  -0.6637  -0.5171  -0.4893
 -0.4493  -0.4066  -0.3302  -0.2896
 -- Virtual --
 -0.0011   0.0498   0.0936   0.2459   0.2578   0.4461   0.4650   0.5358
  0.5744   0.6370   0.7259   0.8580   0.9101   0.9431   0.9648   1.0157
  1.0795   1.0951   1.1636   1.3474   1.3583   1.4902   1.5778   1.6640
  1.7059   1.7398   1.8698   2.0385   2.2647   2.3189   2.6024   2.6924
  2.8237   2.8795   3.0662   3.1277   3.1426   3.4311   3.4875   3.6408
 --------------------------------------------------------------

          Ground-State Mulliken Net Atomic Charges

     Atom                 Charge (a.u.)
  ----------------------------------------
      1 C                     0.219754
      2 O                    -0.164929
      3 O                    -0.232493
      4 H                     0.021883
      5 H                     0.155785
  ----------------------------------------
  Sum of atomic charges =     0.000000

 -----------------------------------------------------------------
                    Cartesian Multipole Moments
 -----------------------------------------------------------------
    Charge (ESU x 10^10)
                -0.0000
    Dipole Moment (Debye)
         X       0.1474      Y      -0.1977      Z      -1.4029
       Tot       1.4244
    Quadrupole Moments (Debye-Ang)
        XX     -13.0589     XY      -0.0664     YY     -16.7538
        XZ      -0.8425     YZ      -1.5189     ZZ     -27.0037
    Octopole Moments (Debye-Ang^2)
       XXX      12.3611    XXY      -4.3790    XYY       4.3333
       YYY     -15.4215    XXZ     -30.6006    XYZ      -0.2637
       YYZ     -36.6945    XZZ       1.9781    YZZ     -12.3606
       ZZZ    -157.0936
    Hexadecapole Moments (Debye-Ang^3)
      XXXX     -34.4897   XXXY       4.1682   XXYY     -10.8448
      XYYY       4.4279   YYYY     -23.9173   XXXZ      29.4316
      XXYZ     -11.9911   XYYZ      10.6987   YYYZ     -39.5126
      XXZZ     -92.7861   XYZZ       1.1942   YYZZ    -101.1247
      XZZZ      29.4313   YZZZ     -68.2277   ZZZZ    -760.3811
 -----------------------------------------------------------------
 Calculating analytic gradient of the SCF energy
Added xc
 Gradient of SCF Energy
            1           2           3           4           5
    1   0.0000370  -0.0001177  -0.0000113  -0.0000323   0.0001243
    2   0.0010307  -0.0003055  -0.0003792  -0.0003552   0.0000092
    3  -0.0001879  -0.0000025   0.0000890   0.0000724   0.0000290
 Max gradient component =       1.031E-03
 RMS gradient           =       3.169E-04
 Gradient time:  CPU 1.51 s  wall 0.23 s
 Geometry Optimization Parameters
   NAtoms,    NIC,     NZ,  NCons,   NDum,   NFix, NCnnct, MaxDiis
        5      20       0       0       0       0       0       0

 Rotation Matrix is:


     1.000000    0.000000    0.000000
     0.000000    1.000000    0.000000
     0.000000    0.000000    1.000000

 Cartesian Hessian Update
 Hessian updated using BFGS update


** GEOMETRY OPTIMIZATION IN DELOCALIZED INTERNAL COORDINATES **
   Searching for a Minimum

   Optimization Cycle:   5

                       Coordinates (Angstroms)
     ATOM                X               Y               Z
      1  C        -0.6382883782    0.3159801749    2.2410358805
      2  O         0.0187649061    0.1559442302    1.0761262040
      3  O        -0.1170536514    0.4764615060    3.3129633451
      4  H        -1.7306703134    0.2673983683    2.0523046420
      5  H         0.9715674369    0.2016257205    1.2888599284
   Point Group: c1    Number of degrees of freedom:     9


   Energy is   -189.773270920


                       Cartesian Gradient (au)
     ATOM              X           Y           Z
    1  C           0.000037    0.001031   -0.000188
    2  O          -0.000118   -0.000306   -0.000002
    3  O          -0.000011   -0.000379    0.000089
    4  H          -0.000032   -0.000355    0.000072
    5  H           0.000124    0.000009    0.000029
  CALCULATING B-MATRIX COLUMN:           1
  CALCULATING B-MATRIX COLUMN:           2
  CALCULATING B-MATRIX COLUMN:           3
  CALCULATING B-MATRIX COLUMN:           4
  CALCULATING B-MATRIX COLUMN:           5
  CALCULATING B-MATRIX COLUMN:           6
  CALCULATING B-MATRIX COLUMN:           7
  CALCULATING B-MATRIX COLUMN:           8
  CALCULATING B-MATRIX COLUMN:           9
  CALCULATING B-MATRIX COLUMN:          10

      B-Matrix



    -0.487799   -0.433390    0.984456    0.000000    0.739414   -0.259592
     0.118811   -0.133435    0.043782    0.000000    0.008641   -0.101634
     0.864833   -0.891273    0.170085    0.000000   -0.000285   -0.653397
     0.487799    0.000000    0.000000   -0.974903   -0.342922    0.342874
    -0.118811    0.000000    0.000000   -0.046741   -0.031261    0.034409
    -0.864833    0.000000    0.000000   -0.217668   -0.189126    0.188667
     0.000000    0.433390    0.000000    0.000000   -0.396492    0.000000
     0.000000    0.133435    0.000000    0.000000    0.022620    0.000000
     0.000000    0.891273    0.000000    0.000000    0.189412    0.000000
     0.000000    0.000000   -0.984456    0.000000    0.000000   -0.083281
     0.000000    0.000000   -0.043782    0.000000    0.000000    0.067224
     0.000000    0.000000   -0.170085    0.000000    0.000000    0.464730
     0.000000    0.000000    0.000000    0.974903    0.000000    0.000000
     0.000000    0.000000    0.000000    0.046741    0.000000    0.000000
     0.000000    0.000000    0.000000    0.217668    0.000000    0.000000


    -0.479632   -0.342900    0.011213   -0.010232
     0.081888   -0.032845   -0.919963    0.520011
     0.655279   -0.188897    0.132709   -0.077211
     0.000000    0.222637   -0.013526   -0.007767
     0.000000    0.107324    0.945914    0.537595
     0.000000    0.711543   -0.137579   -0.078236
     0.396427    0.000000   -0.006251    0.000000
    -0.018515    0.000000    0.532376    0.000000
    -0.189994    0.000000   -0.076664    0.000000
     0.083206    0.000000    0.000000    0.009435
    -0.063373    0.000000    0.000000   -0.499279
    -0.465285    0.000000    0.000000    0.073913
     0.000000    0.120263    0.008564    0.008564
     0.000000   -0.074479   -0.558327   -0.558327
     0.000000   -0.522647    0.081534    0.081534

  Inverse B-Matrix



     0.061301   -0.264085   -0.125521   -0.012552   -0.078519   -0.229155
     0.057077   -0.010020    0.021522    0.726709    0.022188   -0.004791
     0.389642   -0.039600    0.148892   -0.104661    0.162069   -0.007865
     0.093571    0.373604   -0.024068   -0.004865   -0.080473   -0.447909
     0.001076   -0.025370    0.024667    0.221559    0.091324   -0.021190
    -0.013411   -0.214428    0.173647   -0.030877    0.637658   -0.095130
    -0.810618   -0.130909    0.587648    0.002886   -0.085710    0.087463
     0.128291   -0.048127    0.054454   -0.148969   -0.069964    0.000422
     0.970615   -0.314673    0.311425    0.018854   -0.478417   -0.005066
     0.195010   -0.725872   -0.577170    0.010612    0.048500    0.235080
    -0.009380    0.082777   -0.084271   -0.451147   -0.007735   -0.002336
    -0.080560    0.651567   -0.510169    0.064523   -0.056823   -0.046176
     0.460736    0.747262    0.139110    0.003919    0.196202    0.354520
    -0.177064    0.000740   -0.016372   -0.348152   -0.035814    0.027895
    -1.266287   -0.082866   -0.123796    0.052161   -0.264487    0.154237


     0.003515    0.400867   -0.158258
    -0.233103   -0.017262   -0.061561
     0.033595   -0.160657   -0.405238
    -0.006715   -0.259082    0.062418
     0.449224    0.010280    0.027817
    -0.065902    0.091978    0.187887
    -0.002564   -0.050602    0.050649
     0.193822   -0.001106    0.022872
    -0.027372   -0.005048    0.157565
     0.000835   -0.187374   -0.015039
    -0.097629   -0.004532    0.020620
     0.014167   -0.005494    0.138684
     0.004929    0.096191    0.060231
    -0.312313    0.012620   -0.009747
     0.045512    0.079220   -0.078898
 Hessian updated using BFGS update

   Hessian Matrix


     0.263013    0.030921    0.063203    0.028816   -0.141752    0.055286
     0.030921    0.386755    0.025964    0.017351    0.052318    0.084252
     0.063203    0.025964    0.389281   -0.025120   -0.224737    0.026211
     0.028816    0.017351   -0.025120    0.103240   -0.021217   -0.008793
    -0.141752    0.052318   -0.224737   -0.021217    0.523444   -0.036243
     0.055286    0.084252    0.026211   -0.008793   -0.036243    0.476413
    -0.013234   -0.007959    0.011525   -0.037123    0.009771    0.004038
    -0.002639    0.023953   -0.012421   -0.054125    0.061404    0.033000
     0.052561   -0.097434    0.159637   -0.044282   -0.230112    0.071128


    -0.013234   -0.002639    0.052561
    -0.007959    0.023953   -0.097434
     0.011525   -0.012421    0.159637
    -0.037123   -0.054125   -0.044282
     0.009771    0.061404   -0.230112
     0.004038    0.033000    0.071128
     0.039505    0.024867    0.020326
     0.024867    0.264112   -0.098125
     0.020326   -0.098125    0.371554

  9 Hessian modes will be used to form the next step
  Hessian Eigenvalues:
     0.022448    0.060166    0.152568    0.167260    0.268835    0.293374
     0.379001    0.546554    0.927110

  Hessian Eigenvectors:


    -0.000070   -0.114369    0.058423    0.713732    0.528144   -0.279272
    -0.000016    0.045135   -0.399529   -0.036847   -0.331893   -0.159854
     0.000023    0.014354    0.550612    0.135630   -0.322955    0.492931
     0.417626    0.732709    0.336752   -0.143835    0.087396   -0.367413
    -0.000015    0.149466    0.192810    0.565936   -0.348342    0.133115
    -0.000003   -0.061835    0.217164   -0.138596    0.017937   -0.038124
     0.908619   -0.336847   -0.154727    0.066144   -0.040145    0.168778
     0.000078    0.386400   -0.259311   -0.034563    0.503927    0.685943
     0.000080    0.398597   -0.494842    0.324166   -0.348933    0.017453


     0.189374    0.164801   -0.232685
     0.608881    0.566232    0.099597
     0.344387    0.056174   -0.457369
     0.109096   -0.001715    0.010012
    -0.185172    0.076676    0.664057
    -0.553918    0.772250   -0.157596
    -0.050106    0.000806   -0.004564
     0.056097    0.188320    0.138515
    -0.340771   -0.106529   -0.491566

 Minimum search - taking simple RFO step
 Searching for Lamda that Minimizes Along All modes
 Value Taken    Lamda =  -0.00001331
 Step Taken.  Stepsize is  0.014244


     Parameter Values and Displacements in Internal Coordinates
  Coordinate  Current Value    Gradient  Displacement   New Value
       1           2.603225     0.000034     0.001442     2.604667
       2           2.309284     0.000075    -0.000154     2.309130
       3           2.935731     0.000010    -0.000648     2.935083
       4          -2.936936     0.000923    -0.011694    -2.948630
       5          -1.325911    -0.000032    -0.001530    -1.327441
       6           0.651852     0.000085     0.000199     0.652051
       7          -1.104426    -0.000424     0.005366    -1.099060
       8           0.057579     0.000077    -0.004265     0.053314
       9           0.193761     0.000004    -0.003775     0.189986

                             Maximum     Tolerance    Cnvgd?
         Gradient           0.000923      0.000001      NO
         Displacement       0.011694      0.000001      NO
         Energy change     -0.000000      0.000000      NO


 New Cartesian Coordinates Obtained by Inverse Iteration
  CALCULATING B-MATRIX COLUMN:           1
  CALCULATING B-MATRIX COLUMN:           2
  CALCULATING B-MATRIX COLUMN:           3
  CALCULATING B-MATRIX COLUMN:           4
  CALCULATING B-MATRIX COLUMN:           5
  CALCULATING B-MATRIX COLUMN:           6
  CALCULATING B-MATRIX COLUMN:           7
  CALCULATING B-MATRIX COLUMN:           8
  CALCULATING B-MATRIX COLUMN:           9
  CALCULATING B-MATRIX COLUMN:          10

      B-Matrix



    -0.487799   -0.433390    0.984456    0.000000    0.739414   -0.259592
     0.118811   -0.133435    0.043782    0.000000    0.008641   -0.101634
     0.864833   -0.891273    0.170085    0.000000   -0.000285   -0.653397
     0.487799    0.000000    0.000000   -0.974903   -0.342922    0.342874
    -0.118811    0.000000    0.000000   -0.046741   -0.031261    0.034409
    -0.864833    0.000000    0.000000   -0.217668   -0.189126    0.188667
     0.000000    0.433390    0.000000    0.000000   -0.396492    0.000000
     0.000000    0.133435    0.000000    0.000000    0.022620    0.000000
     0.000000    0.891273    0.000000    0.000000    0.189412    0.000000
     0.000000    0.000000   -0.984456    0.000000    0.000000   -0.083281
     0.000000    0.000000   -0.043782    0.000000    0.000000    0.067224
     0.000000    0.000000   -0.170085    0.000000    0.000000    0.464730
     0.000000    0.000000    0.000000    0.974903    0.000000    0.000000
     0.000000    0.000000    0.000000    0.046741    0.000000    0.000000
     0.000000    0.000000    0.000000    0.217668    0.000000    0.000000


    -0.479632   -0.342900    0.011213   -0.010232
     0.081888   -0.032845   -0.919963    0.520011
     0.655279   -0.188897    0.132709   -0.077211
     0.000000    0.222637   -0.013526   -0.007767
     0.000000    0.107324    0.945914    0.537595
     0.000000    0.711543   -0.137579   -0.078236
     0.396427    0.000000   -0.006251    0.000000
    -0.018515    0.000000    0.532376    0.000000
    -0.189994    0.000000   -0.076664    0.000000
     0.083206    0.000000    0.000000    0.009435
    -0.063373    0.000000    0.000000   -0.499279
    -0.465285    0.000000    0.000000    0.073913
     0.000000    0.120263    0.008564    0.008564
     0.000000   -0.074479   -0.558327   -0.558327
     0.000000   -0.522647    0.081534    0.081534

  Inverse B-Matrix



     0.061301   -0.264085   -0.125521   -0.012552   -0.078519   -0.229155
     0.057077   -0.010020    0.021522    0.726709    0.022188   -0.004791
     0.389642   -0.039600    0.148892   -0.104661    0.162069   -0.007865
     0.093571    0.373604   -0.024068   -0.004865   -0.080473   -0.447909
     0.001076   -0.025370    0.024667    0.221559    0.091324   -0.021190
    -0.013411   -0.214428    0.173647   -0.030877    0.637658   -0.095130
    -0.810618   -0.130909    0.587648    0.002886   -0.085710    0.087463
     0.128291   -0.048127    0.054454   -0.148969   -0.069964    0.000422
     0.970615   -0.314673    0.311425    0.018854   -0.478417   -0.005066
     0.195010   -0.725872   -0.577170    0.010612    0.048500    0.235080
    -0.009380    0.082777   -0.084271   -0.451147   -0.007735   -0.002336
    -0.080560    0.651567   -0.510169    0.064523   -0.056823   -0.046176
     0.460736    0.747262    0.139110    0.003919    0.196202    0.354520
    -0.177064    0.000740   -0.016372   -0.348152   -0.035814    0.027895
    -1.266287   -0.082866   -0.123796    0.052161   -0.264487    0.154237


     0.003515    0.400867   -0.158258
    -0.233103   -0.017262   -0.061561
     0.033595   -0.160657   -0.405238
    -0.006715   -0.259082    0.062418
     0.449224    0.010280    0.027817
    -0.065902    0.091978    0.187887
    -0.002564   -0.050602    0.050649
     0.193822   -0.001106    0.022872
    -0.027372   -0.005048    0.157565
     0.000835   -0.187374   -0.015039
    -0.097629   -0.004532    0.020620
     0.014167   -0.005494    0.138684
     0.004929    0.096191    0.060231
    -0.312313    0.012620   -0.009747
     0.045512    0.079220   -0.078898

     Iterative generation of Cartesian Coordinates
     Internal   True Value     Estimate     Difference
         1      2.60466738    2.60322506    0.00144233
         2      2.30912999    2.30928412   -0.00015413
         3      2.93508256    2.93573073   -0.00064816
         4     -2.94862966   -2.93693601   -0.01169365
         5     -1.32744104   -1.32591056   -0.00153048
         6      0.65205140    0.65185204    0.00019936
         7     -1.09905985   -1.10442556    0.00536571
         8      0.05331411    0.05757899   -0.00426487
         9      0.18998581    0.19376092   -0.00377511
     Cycle:   1  Maximum deviation:   0.01169365
  CALCULATING B-MATRIX COLUMN:           1
  CALCULATING B-MATRIX COLUMN:           2
  CALCULATING B-MATRIX COLUMN:           3
  CALCULATING B-MATRIX COLUMN:           4
  CALCULATING B-MATRIX COLUMN:           5
  CALCULATING B-MATRIX COLUMN:           6
  CALCULATING B-MATRIX COLUMN:           7
  CALCULATING B-MATRIX COLUMN:           8
  CALCULATING B-MATRIX COLUMN:           9
  CALCULATING B-MATRIX COLUMN:          10
  Torsional sign change  primitive torsion          10
    previous value:   -3.1375677835591920     
  calculated value:    3.1365508519945662     
  reassigned value:   -3.1466344551850201     

      B-Matrix



    -0.487502   -0.433280    0.984305    0.000000    0.738871   -0.258300
     0.115080   -0.138948    0.037071    0.000000    0.015963   -0.095166
     0.865505   -0.890484    0.172539    0.000000   -0.001904   -0.654149
     0.487502    0.000000    0.000000   -0.974741   -0.342240    0.342308
    -0.115080    0.000000    0.000000   -0.048222   -0.034866    0.030950
    -0.865505    0.000000    0.000000   -0.218069   -0.188133    0.188693
     0.000000    0.433280    0.000000    0.000000   -0.396631    0.000000
     0.000000    0.138948    0.000000    0.000000    0.018903    0.000000
     0.000000    0.890484    0.000000    0.000000    0.190038    0.000000
     0.000000    0.000000   -0.984305    0.000000    0.000000   -0.084009
     0.000000    0.000000   -0.037071    0.000000    0.000000    0.064216
     0.000000    0.000000   -0.172539    0.000000    0.000000    0.465456
     0.000000    0.000000    0.000000    0.974741    0.000000    0.000000
     0.000000    0.000000    0.000000    0.048222    0.000000    0.000000
     0.000000    0.000000    0.000000    0.218069    0.000000    0.000000


    -0.480784   -0.342278    0.019695   -0.006294
     0.093047   -0.032907   -0.919126    0.520416
     0.654037   -0.188416    0.133303   -0.072741
     0.000000    0.221640   -0.017778   -0.010027
     0.000000    0.105519    0.945337    0.538358
     0.000000    0.711596   -0.135708   -0.077229
     0.396716    0.000000   -0.011705    0.000000
    -0.024025    0.000000    0.532558    0.000000
    -0.189280    0.000000   -0.077403    0.000000
     0.084067    0.000000    0.000000    0.006533
    -0.069023    0.000000    0.000000   -0.500004
    -0.464757    0.000000    0.000000    0.070161
     0.000000    0.120638    0.009788    0.009788
     0.000000   -0.072612   -0.558770   -0.558770
     0.000000   -0.523180    0.079809    0.079809

  Inverse B-Matrix



     0.061098   -0.263956   -0.125658   -0.010983   -0.078748   -0.228989
     0.057621   -0.009997    0.017029    0.726633    0.021899   -0.005008
     0.389324   -0.039205    0.149486   -0.105552    0.161915   -0.008109
     0.093101    0.373479   -0.024194   -0.002063   -0.080644   -0.447918
    -0.002249   -0.024364    0.024774    0.221392    0.090284   -0.020948
    -0.013305   -0.214455    0.173595   -0.033299    0.637567   -0.095461
    -0.810379   -0.129985    0.587260    0.001816   -0.085584    0.087252
     0.125681   -0.047026    0.054797   -0.148570   -0.071320    0.001004
     0.970540   -0.314823    0.311415    0.024706   -0.478575   -0.005242
     0.195430   -0.726817   -0.576524    0.003292    0.048469    0.235342
    -0.007331    0.081896   -0.081878   -0.451074   -0.006851   -0.003411
    -0.080527    0.651659   -0.510660    0.066114   -0.056294   -0.045735
     0.460750    0.747279    0.139116    0.007939    0.196508    0.354313
    -0.173722   -0.000510   -0.014722   -0.348382   -0.034012    0.028363
    -1.266031   -0.083176   -0.123836    0.048031   -0.264613    0.154546


     0.004177    0.401107   -0.158426
    -0.233453   -0.015965   -0.060718
     0.033896   -0.160580   -0.405339
    -0.008105   -0.259389    0.062664
     0.449331    0.007613    0.028657
    -0.063796    0.092422    0.187869
    -0.003899   -0.050206    0.051013
     0.193883   -0.002070    0.024468
    -0.028862   -0.004713    0.157088
     0.002526   -0.187315   -0.016004
    -0.097370   -0.003155    0.018863
     0.014013   -0.006628    0.139268
     0.005302    0.095803    0.060753
    -0.312390    0.013576   -0.011269
     0.044749    0.079499   -0.078885

     Iterative generation of Cartesian Coordinates
     Internal   True Value     Estimate     Difference
         1      2.60466738    2.60468580   -0.00001842
         2      2.30912999    2.30916094   -0.00003095
         3      2.93508256    2.93511219   -0.00002963
         4     -2.94862966   -2.94862647   -0.00000320
         5     -1.32744104   -1.32747976    0.00003871
         6      0.65205140    0.65202675    0.00002465
         7     -1.09905985   -1.09906406    0.00000421
         8      0.05331411    0.05334281   -0.00002870
         9      0.18998581    0.18999776   -0.00001195
     Cycle:   2  Maximum deviation:   0.00003871
  CALCULATING B-MATRIX COLUMN:           1
  CALCULATING B-MATRIX COLUMN:           2
  CALCULATING B-MATRIX COLUMN:           3
  CALCULATING B-MATRIX COLUMN:           4
  CALCULATING B-MATRIX COLUMN:           5
  CALCULATING B-MATRIX COLUMN:           6
  CALCULATING B-MATRIX COLUMN:           7
  CALCULATING B-MATRIX COLUMN:           8
  CALCULATING B-MATRIX COLUMN:           9
  CALCULATING B-MATRIX COLUMN:          10
  Torsional sign change  primitive torsion          10
    previous value:   -3.1375677835591920     
  calculated value:    3.1365493304063303     
  reassigned value:   -3.1466359767732559     

      B-Matrix



    -0.487501   -0.433290    0.984303    0.000000    0.738878   -0.258295
     0.115078   -0.138950    0.037071    0.000000    0.015965   -0.095165
     0.865506   -0.890479    0.172551    0.000000   -0.001912   -0.654161
     0.487501    0.000000    0.000000   -0.974741   -0.342243    0.342311
    -0.115078    0.000000    0.000000   -0.048221   -0.034867    0.030949
    -0.865506    0.000000    0.000000   -0.218071   -0.188134    0.188694
     0.000000    0.433290    0.000000    0.000000   -0.396635    0.000000
     0.000000    0.138950    0.000000    0.000000    0.018902    0.000000
     0.000000    0.890479    0.000000    0.000000    0.190046    0.000000
     0.000000    0.000000   -0.984303    0.000000    0.000000   -0.084016
     0.000000    0.000000   -0.037071    0.000000    0.000000    0.064216
     0.000000    0.000000   -0.172551    0.000000    0.000000    0.465468
     0.000000    0.000000    0.000000    0.974741    0.000000    0.000000
     0.000000    0.000000    0.000000    0.048221    0.000000    0.000000
     0.000000    0.000000    0.000000    0.218071    0.000000    0.000000


    -0.480795   -0.342281    0.019698   -0.006293
     0.093054   -0.032907   -0.919126    0.520423
     0.654055   -0.188417    0.133302   -0.072740
     0.000000    0.221642   -0.017779   -0.010027
     0.000000    0.105518    0.945333    0.538362
     0.000000    0.711597   -0.135706   -0.077229
     0.396720    0.000000   -0.011707    0.000000
    -0.024028    0.000000    0.532563    0.000000
    -0.189287    0.000000   -0.077404    0.000000
     0.084075    0.000000    0.000000    0.006532
    -0.069026    0.000000    0.000000   -0.500015
    -0.464768    0.000000    0.000000    0.070161
     0.000000    0.120639    0.009788    0.009788
     0.000000   -0.072611   -0.558770   -0.558770
     0.000000   -0.523181    0.079808    0.079808

  Inverse B-Matrix



     0.061091   -0.263951   -0.125658   -0.010982   -0.078746   -0.228989
     0.057620   -0.009996    0.017027    0.726625    0.021899   -0.005008
     0.389317   -0.039197    0.149485   -0.105551    0.161913   -0.008110
     0.093102    0.373474   -0.024192   -0.002062   -0.080643   -0.447916
    -0.002251   -0.024363    0.024774    0.221390    0.090283   -0.020948
    -0.013306   -0.214454    0.173594   -0.033299    0.637564   -0.095462
    -0.810372   -0.129981    0.587252    0.001816   -0.085594    0.087249
     0.125681   -0.047025    0.054796   -0.148568   -0.071321    0.001003
     0.970541   -0.314819    0.311410    0.024708   -0.478575   -0.005246
     0.195427   -0.726818   -0.576519    0.003289    0.048472    0.235342
    -0.007330    0.081894   -0.081876   -0.451074   -0.006850   -0.003411
    -0.080528    0.651648   -0.510655    0.066114   -0.056290   -0.045728
     0.460752    0.747276    0.139118    0.007940    0.196511    0.354314
    -0.173719   -0.000511   -0.014721   -0.348373   -0.034011    0.028363
    -1.266024   -0.083179   -0.123834    0.048028   -0.264613    0.154547


     0.004177    0.401105   -0.158426
    -0.233455   -0.015964   -0.060717
     0.033896   -0.160579   -0.405336
    -0.008105   -0.259390    0.062661
     0.449330    0.007613    0.028657
    -0.063795    0.092425    0.187870
    -0.003900   -0.050198    0.051022
     0.193885   -0.002070    0.024469
    -0.028863   -0.004710    0.157089
     0.002526   -0.187318   -0.016007
    -0.097371   -0.003156    0.018861
     0.014013   -0.006637    0.139261
     0.005302    0.095801    0.060751
    -0.312389    0.013577   -0.011269
     0.044748    0.079500   -0.078884

     Iterative generation of Cartesian Coordinates
     Internal   True Value     Estimate     Difference
         1      2.60466738    2.60466738    0.00000000
         2      2.30912999    2.30912999    0.00000000
         3      2.93508256    2.93508256   -0.00000000
         4     -2.94862966   -2.94862966    0.00000000
         5     -1.32744104   -1.32744104   -0.00000000
         6      0.65205140    0.65205140   -0.00000000
         7     -1.09905985   -1.09905985    0.00000000
         8      0.05331411    0.05331411    0.00000000
         9      0.18998581    0.18998581    0.00000000
     Cycle:   3  Maximum deviation:   0.00000000

 Displacement from previous Coordinates is:  0.012451
 ----------------------------------------------------------------
             Standard Nuclear Orientation (Angstroms)
    I     Atom           X                Y                Z
 ----------------------------------------------------------------
    1      C      -0.6386424473     0.3110004732     2.2430714790
    2      O       0.0192924808     0.1556901487     1.0749785020
    3      O      -0.1177960789     0.4780281440     3.3134920961
    4      H      -1.7298631048     0.2699032137     2.0517779581
    5      H       0.9713291502     0.2027880204     1.2879699648
 ----------------------------------------------------------------
 Nuclear Repulsion Energy =          69.97365697 hartrees
 There are       12 alpha and       12 beta electrons
 Applying Cartesian multipole field
    Component          Value
    ---------          -----
     (2,0,0)        1.00000E-11
     (0,2,0)        2.00000E-10
     (0,0,2)       -3.00000E-11
 Nucleus-field energy     =    -0.0000000121 hartrees
 Requested basis set is cc-pVDZ
 There are 24 shells and 52 basis functions
 A cutoff of  1.0D-14 yielded    299 shell pairs
 There are      1431 function pairs (      1608 Cartesian)
 Smallest overlap matrix eigenvalue = 1.37E-02
 Guess MOs from SCF MO coefficient file

 -----------------------------------------------------------------------
  General SCF calculation program by
  Eric Jon Sundstrom, Paul Horn, Yuezhi Mao, Dmitri Zuev, Alec White,
  David Stuck, Shaama M.S., Shane Yost, Joonho Lee, David Small,
  Daniel Levine, Susi Lehtola, Hugh Burton, Evgeny Epifanovsky,
  Bang C. Huynh
 -----------------------------------------------------------------------
 Exchange:     0.2000 Hartree-Fock + 0.0800 Slater + 0.7200 B88
 Correlation:  0.1900 VWN1RPA + 0.8100 LYP
 Using Euler-Maclaurin-Lebedev (99,590) quadrature formula
Added inc_jk
Added qchem_hcore
Added xc
Added P-dependent contribution
 A restricted SCF calculation will be
 performed using GDM
 SCF converges when RMS gradient is below 1.0e-10
 User-specified cutoff of 10e-14
 used for neglect of 2-electron integrals.
 A cutoff of 10e-14
 used for neglect of overlap integrals.
 Incremental Fock algorithm is on at the start.
 ---------------------------------------
  Cycle       Energy        RMS Gradient
 ---------------------------------------
    1    -189.7732316642      1.61e-03   Normal BFGS step
    2    -189.7732628111      5.93e-04   Normal BFGS step
    3    -189.7732615111      1.57e-03  Line search: overstep
    4    -189.7732634305      1.25e-04   Normal BFGS step
    5    -189.7732635450      1.04e-04   Normal BFGS step
    6    -189.7732635793      3.52e-05   Normal BFGS step
    7    -189.7732635805      3.27e-05   Normal BFGS step
    8    -189.7732635829      5.42e-06   Normal BFGS step
    9    -189.7732635830      3.12e-06   Normal BFGS step
   10    -189.7732635830      3.21e-07   Normal BFGS step
   11    -189.7732635830      1.16e-07   Normal BFGS step
   12    -189.7732635830      6.23e-09   Normal BFGS step
   13    -189.7732635830      1.63e-09   Normal BFGS step
   14    -189.7732635830      2.71e-10   Normal BFGS step
   15    -189.7732635830      5.71e-11  Convergence criterion met
 ---------------------------------------
 SCF time:   CPU 10.51s  wall 1.00s 
 SCF   energy =  -189.77326358
 Total energy =  -189.77326358
 Integrated density by DFT XC:
   Number of electrons = 24
   Numerical integral  =    23.999999980007
   Relative error      =     0.0000000833 %

 --------------------------------------------------------------

                    Orbital Energies (a.u.)
 --------------------------------------------------------------

 Alpha MOs
 -- Occupied --
-19.1995 -19.1446 -10.3268  -1.1150  -1.0298  -0.6634  -0.5169  -0.4893
 -0.4489  -0.4069  -0.3303  -0.2899
 -- Virtual --
 -0.0014   0.0502   0.0936   0.2455   0.2568   0.4462   0.4648   0.5362
  0.5745   0.6373   0.7260   0.8576   0.9102   0.9441   0.9647   1.0156
  1.0794   1.0950   1.1636   1.3473   1.3578   1.4907   1.5772   1.6636
  1.7065   1.7397   1.8694   2.0402   2.2650   2.3203   2.6021   2.6921
  2.8245   2.8785   3.0670   3.1273   3.1400   3.4312   3.4864   3.6417
 --------------------------------------------------------------

          Ground-State Mulliken Net Atomic Charges

     Atom                 Charge (a.u.)
  ----------------------------------------
      1 C                     0.220698
      2 O                    -0.166739
      3 O                    -0.231288
      4 H                     0.021893
      5 H                     0.155436
  ----------------------------------------
  Sum of atomic charges =     0.000000

 -----------------------------------------------------------------
                    Cartesian Multipole Moments
 -----------------------------------------------------------------
    Charge (ESU x 10^10)
                -0.0000
    Dipole Moment (Debye)
         X       0.1427      Y      -0.2016      Z      -1.3871
       Tot       1.4089
    Quadrupole Moments (Debye-Ang)
        XX     -13.0563     XY      -0.0647     YY     -16.7581
        XZ      -0.8511     YZ      -1.5290     ZZ     -26.9379
    Octopole Moments (Debye-Ang^2)
       XXX      12.3553    XXY      -4.3480    XYY       4.3337
       YYY     -15.3740    XXZ     -30.5984    XYZ      -0.2625
       YYZ     -36.7018    XZZ       1.9625    YZZ     -12.3639
       ZZZ    -156.8789
    Hexadecapole Moments (Debye-Ang^3)
      XXXX     -34.4726   XXXY       4.1099   XXYY     -10.8259
      XYYY       4.3963   YYYY     -23.8707   XXXZ      29.4699
      XXYZ     -11.9386   XYYZ      10.7122   YYYZ     -39.4355
      XXZZ     -92.8038   XYZZ       1.1853   YYZZ    -101.1511
      XZZZ      29.4435   YZZZ     -68.1839   ZZZZ    -759.8748
 -----------------------------------------------------------------
 Calculating analytic gradient of the SCF energy
Added xc
 Gradient of SCF Energy
            1           2           3           4           5
    1  -0.0009298   0.0011337  -0.0003493   0.0005680  -0.0004225
    2  -0.0010007   0.0001571   0.0004041   0.0004566  -0.0000171
    3   0.0022771  -0.0016699  -0.0005252  -0.0000372  -0.0000448
 Max gradient component =       2.277E-03
 RMS gradient           =       9.101E-04
 Gradient time:  CPU 1.52 s  wall 0.23 s
 Geometry Optimization Parameters
   NAtoms,    NIC,     NZ,  NCons,   NDum,   NFix, NCnnct, MaxDiis
        5      20       0       0       0       0       0       0

 Rotation Matrix is:


     1.000000    0.000000    0.000000
     0.000000    1.000000    0.000000
     0.000000    0.000000    1.000000

 Cartesian Hessian Update
 Hessian updated using BFGS update


** GEOMETRY OPTIMIZATION IN DELOCALIZED INTERNAL COORDINATES **
   Searching for a Minimum

   Optimization Cycle:   6

                       Coordinates (Angstroms)
     ATOM                X               Y               Z
      1  C        -0.6386424473    0.3110004732    2.2430714790
      2  O         0.0192924808    0.1556901487    1.0749785020
      3  O        -0.1177960789    0.4780281440    3.3134920961
      4  H        -1.7298631048    0.2699032137    2.0517779581
      5  H         0.9713291502    0.2027880204    1.2879699648
   Point Group: c1    Number of degrees of freedom:     9


   Energy is   -189.773263583


                       Cartesian Gradient (au)
     ATOM              X           Y           Z
    1  C          -0.000930   -0.001001    0.002277
    2  O           0.001134    0.000157   -0.001670
    3  O          -0.000349    0.000404   -0.000525
    4  H           0.000568    0.000457   -0.000037
    5  H          -0.000423   -0.000017   -0.000045
  CALCULATING B-MATRIX COLUMN:           1
  CALCULATING B-MATRIX COLUMN:           2
  CALCULATING B-MATRIX COLUMN:           3
  CALCULATING B-MATRIX COLUMN:           4
  CALCULATING B-MATRIX COLUMN:           5
  CALCULATING B-MATRIX COLUMN:           6
  CALCULATING B-MATRIX COLUMN:           7
  CALCULATING B-MATRIX COLUMN:           8
  CALCULATING B-MATRIX COLUMN:           9
  CALCULATING B-MATRIX COLUMN:          10

      B-Matrix



    -0.487501   -0.433290    0.984303    0.000000    0.738878   -0.258295
     0.115078   -0.138950    0.037071    0.000000    0.015965   -0.095165
     0.865506   -0.890479    0.172551    0.000000   -0.001912   -0.654161
     0.487501    0.000000    0.000000   -0.974741   -0.342243    0.342311
    -0.115078    0.000000    0.000000   -0.048221   -0.034867    0.030949
    -0.865506    0.000000    0.000000   -0.218071   -0.188134    0.188694
     0.000000    0.433290    0.000000    0.000000   -0.396635    0.000000
     0.000000    0.138950    0.000000    0.000000    0.018902    0.000000
     0.000000    0.890479    0.000000    0.000000    0.190046    0.000000
     0.000000    0.000000   -0.984303    0.000000    0.000000   -0.084016
     0.000000    0.000000   -0.037071    0.000000    0.000000    0.064216
     0.000000    0.000000   -0.172551    0.000000    0.000000    0.465468
     0.000000    0.000000    0.000000    0.974741    0.000000    0.000000
     0.000000    0.000000    0.000000    0.048221    0.000000    0.000000
     0.000000    0.000000    0.000000    0.218071    0.000000    0.000000


    -0.480795   -0.342281    0.019698   -0.006293
     0.093054   -0.032907   -0.919126    0.520423
     0.654055   -0.188417    0.133302   -0.072740
     0.000000    0.221642   -0.017779   -0.010027
     0.000000    0.105518    0.945333    0.538362
     0.000000    0.711597   -0.135706   -0.077229
     0.396720    0.000000   -0.011707    0.000000
    -0.024028    0.000000    0.532563    0.000000
    -0.189287    0.000000   -0.077404    0.000000
     0.084075    0.000000    0.000000    0.006532
    -0.069026    0.000000    0.000000   -0.500015
    -0.464768    0.000000    0.000000    0.070161
     0.000000    0.120639    0.009788    0.009788
     0.000000   -0.072611   -0.558770   -0.558770
     0.000000   -0.523181    0.079808    0.079808

  Inverse B-Matrix



     0.061091   -0.263951   -0.125658   -0.010982   -0.078746   -0.228989
     0.057620   -0.009996    0.017027    0.726625    0.021899   -0.005008
     0.389317   -0.039197    0.149485   -0.105551    0.161913   -0.008110
     0.093102    0.373474   -0.024192   -0.002062   -0.080643   -0.447916
    -0.002251   -0.024363    0.024774    0.221390    0.090283   -0.020948
    -0.013306   -0.214454    0.173594   -0.033299    0.637564   -0.095462
    -0.810372   -0.129981    0.587252    0.001816   -0.085594    0.087249
     0.125681   -0.047025    0.054796   -0.148568   -0.071321    0.001003
     0.970541   -0.314819    0.311410    0.024708   -0.478575   -0.005246
     0.195427   -0.726818   -0.576519    0.003289    0.048472    0.235342
    -0.007330    0.081894   -0.081876   -0.451074   -0.006850   -0.003411
    -0.080528    0.651648   -0.510655    0.066114   -0.056290   -0.045728
     0.460752    0.747276    0.139118    0.007940    0.196511    0.354314
    -0.173719   -0.000511   -0.014721   -0.348373   -0.034011    0.028363
    -1.266024   -0.083179   -0.123834    0.048028   -0.264613    0.154547


     0.004177    0.401105   -0.158426
    -0.233455   -0.015964   -0.060717
     0.033896   -0.160579   -0.405336
    -0.008105   -0.259390    0.062661
     0.449330    0.007613    0.028657
    -0.063795    0.092425    0.187870
    -0.003900   -0.050198    0.051022
     0.193885   -0.002070    0.024469
    -0.028863   -0.004710    0.157089
     0.002526   -0.187318   -0.016007
    -0.097371   -0.003156    0.018861
     0.014013   -0.006637    0.139261
     0.005302    0.095801    0.060751
    -0.312389    0.013577   -0.011269
     0.044748    0.079500   -0.078884
 Hessian updated using BFGS update

   Hessian Matrix


     0.273670    0.036360    0.053034   -0.006937   -0.149439    0.050436
     0.036360    0.389280    0.020592   -0.005368    0.048430    0.081345
     0.053034    0.020592    0.398852    0.005747   -0.217377    0.030526
    -0.006937   -0.005368    0.005747    0.143291    0.005186   -0.000227
    -0.149439    0.048430   -0.217377    0.005186    0.528984   -0.032686
     0.050436    0.081345    0.030526   -0.000227   -0.032686    0.477877
     0.003182    0.002473   -0.002646   -0.055494   -0.002352    0.000107
    -0.025082    0.011864    0.008533    0.009812    0.077680    0.042119
     0.035212   -0.106540    0.176009    0.009432   -0.217563    0.078591


     0.003182   -0.025082    0.035212
     0.002473    0.011864   -0.106540
    -0.002646    0.008533    0.176009
    -0.055494    0.009812    0.009432
    -0.002352    0.077680   -0.217563
     0.000107    0.042119    0.078591
     0.047932   -0.004486   -0.004336
    -0.004486    0.309762   -0.062226
    -0.004336   -0.062226    0.399546

  9 Hessian modes will be used to form the next step
  Hessian Eigenvalues:
     0.022448    0.146169    0.164766    0.169324    0.269041    0.329596
     0.393424    0.546009    0.928418

  Hessian Eigenvectors:


    -0.000024   -0.001335   -0.518731    0.486098    0.500754   -0.276763
    -0.000022    0.388069    0.130626    0.022581   -0.349899    0.064894
     0.000005   -0.497943   -0.258841    0.012412   -0.277724    0.602181
     0.417328   -0.174687    0.551937    0.693697   -0.027306    0.078655
    -0.000067   -0.068110   -0.496081    0.333334   -0.335566    0.135698
     0.000009   -0.245938    0.057482   -0.108740    0.021949   -0.236868
     0.908756    0.080284   -0.253518   -0.318517    0.012538   -0.036074
    -0.000057    0.341324    0.049337   -0.020444    0.559998    0.688795
    -0.000046    0.618761   -0.161603    0.238794   -0.349427    0.011024


     0.305619    0.150952   -0.226015
     0.622296    0.554288    0.103452
     0.166446    0.062671   -0.462076
    -0.049990   -0.005928   -0.002187
    -0.256691    0.088615    0.658325
    -0.484818    0.779001   -0.160954
     0.022934    0.002746    0.001036
    -0.184313    0.206387    0.126661
    -0.392053   -0.093368   -0.499353

 Minimum search - taking simple RFO step
 Searching for Lamda that Minimizes Along All modes
 Value Taken    Lamda =  -0.00002084
 Step Taken.  Stepsize is  0.009290


     Parameter Values and Displacements in Internal Coordinates
  Coordinate  Current Value    Gradient  Displacement   New Value
       1           2.604657     0.000699    -0.001605     2.603052
       2           2.309113     0.000424    -0.000074     2.309039
       3           2.935092    -0.000619     0.000817     2.935910
       4           2.935292    -0.001149     0.006194     2.941486
       5          -1.328120    -0.000514     0.001773    -1.326347
       6           0.652043    -0.000203    -0.000343     0.651700
       7           1.105000     0.000527    -0.002833     1.102167
       8           0.053283    -0.001302     0.004214     0.057497
       9           0.190013    -0.001071     0.003955     0.193968

                             Maximum     Tolerance    Cnvgd?
         Gradient           0.001302      0.000001      NO
         Displacement       0.006194      0.000001      NO
         Energy change      0.000007      0.000000      NO


 New Cartesian Coordinates Obtained by Inverse Iteration
  CALCULATING B-MATRIX COLUMN:           1
  CALCULATING B-MATRIX COLUMN:           2
  CALCULATING B-MATRIX COLUMN:           3
  CALCULATING B-MATRIX COLUMN:           4
  CALCULATING B-MATRIX COLUMN:           5
  CALCULATING B-MATRIX COLUMN:           6
  CALCULATING B-MATRIX COLUMN:           7
  CALCULATING B-MATRIX COLUMN:           8
  CALCULATING B-MATRIX COLUMN:           9
  CALCULATING B-MATRIX COLUMN:          10

      B-Matrix



    -0.487501   -0.433290    0.984303    0.000000    0.738878   -0.258295
     0.115078   -0.138950    0.037071    0.000000    0.015965   -0.095165
     0.865506   -0.890479    0.172551    0.000000   -0.001912   -0.654161
     0.487501    0.000000    0.000000   -0.974741   -0.342243    0.342311
    -0.115078    0.000000    0.000000   -0.048221   -0.034867    0.030949
    -0.865506    0.000000    0.000000   -0.218071   -0.188134    0.188694
     0.000000    0.433290    0.000000    0.000000   -0.396635    0.000000
     0.000000    0.138950    0.000000    0.000000    0.018902    0.000000
     0.000000    0.890479    0.000000    0.000000    0.190046    0.000000
     0.000000    0.000000   -0.984303    0.000000    0.000000   -0.084016
     0.000000    0.000000   -0.037071    0.000000    0.000000    0.064216
     0.000000    0.000000   -0.172551    0.000000    0.000000    0.465468
     0.000000    0.000000    0.000000    0.974741    0.000000    0.000000
     0.000000    0.000000    0.000000    0.048221    0.000000    0.000000
     0.000000    0.000000    0.000000    0.218071    0.000000    0.000000


    -0.480795   -0.342281    0.019698   -0.006293
     0.093054   -0.032907   -0.919126    0.520423
     0.654055   -0.188417    0.133302   -0.072740
     0.000000    0.221642   -0.017779   -0.010027
     0.000000    0.105518    0.945333    0.538362
     0.000000    0.711597   -0.135706   -0.077229
     0.396720    0.000000   -0.011707    0.000000
    -0.024028    0.000000    0.532563    0.000000
    -0.189287    0.000000   -0.077404    0.000000
     0.084075    0.000000    0.000000    0.006532
    -0.069026    0.000000    0.000000   -0.500015
    -0.464768    0.000000    0.000000    0.070161
     0.000000    0.120639    0.009788    0.009788
     0.000000   -0.072611   -0.558770   -0.558770
     0.000000   -0.523181    0.079808    0.079808

  Inverse B-Matrix



     0.061091   -0.263951   -0.125658   -0.010982   -0.078746   -0.228989
     0.057620   -0.009996    0.017027    0.726625    0.021899   -0.005008
     0.389317   -0.039197    0.149485   -0.105551    0.161913   -0.008110
     0.093102    0.373474   -0.024192   -0.002062   -0.080643   -0.447916
    -0.002251   -0.024363    0.024774    0.221390    0.090283   -0.020948
    -0.013306   -0.214454    0.173594   -0.033299    0.637564   -0.095462
    -0.810372   -0.129981    0.587252    0.001816   -0.085594    0.087249
     0.125681   -0.047025    0.054796   -0.148568   -0.071321    0.001003
     0.970541   -0.314819    0.311410    0.024708   -0.478575   -0.005246
     0.195427   -0.726818   -0.576519    0.003289    0.048472    0.235342
    -0.007330    0.081894   -0.081876   -0.451074   -0.006850   -0.003411
    -0.080528    0.651648   -0.510655    0.066114   -0.056290   -0.045728
     0.460752    0.747276    0.139118    0.007940    0.196511    0.354314
    -0.173719   -0.000511   -0.014721   -0.348373   -0.034011    0.028363
    -1.266024   -0.083179   -0.123834    0.048028   -0.264613    0.154547


     0.004177    0.401105   -0.158426
    -0.233455   -0.015964   -0.060717
     0.033896   -0.160579   -0.405336
    -0.008105   -0.259390    0.062661
     0.449330    0.007613    0.028657
    -0.063795    0.092425    0.187870
    -0.003900   -0.050198    0.051022
     0.193885   -0.002070    0.024469
    -0.028863   -0.004710    0.157089
     0.002526   -0.187318   -0.016007
    -0.097371   -0.003156    0.018861
     0.014013   -0.006637    0.139261
     0.005302    0.095801    0.060751
    -0.312389    0.013577   -0.011269
     0.044748    0.079500   -0.078884

     Iterative generation of Cartesian Coordinates
     Internal   True Value     Estimate     Difference
         1      2.60305222    2.60465702   -0.00160480
         2      2.30903896    2.30911292   -0.00007396
         3      2.93590974    2.93509227    0.00081747
         4      2.94148586    2.93529215    0.00619371
         5     -1.32634683   -1.32812017    0.00177335
         6      0.65170009    0.65204281   -0.00034272
         7      1.10216719    1.10500031   -0.00283312
         8      0.05749680    0.05328278    0.00421402
         9      0.19396774    0.19001311    0.00395463
     Cycle:   1  Maximum deviation:   0.00619371
  CALCULATING B-MATRIX COLUMN:           1
  CALCULATING B-MATRIX COLUMN:           2
  CALCULATING B-MATRIX COLUMN:           3
  CALCULATING B-MATRIX COLUMN:           4
  CALCULATING B-MATRIX COLUMN:           5
  CALCULATING B-MATRIX COLUMN:           6
  CALCULATING B-MATRIX COLUMN:           7
  CALCULATING B-MATRIX COLUMN:           8
  CALCULATING B-MATRIX COLUMN:           9
  CALCULATING B-MATRIX COLUMN:          10

      B-Matrix



    -0.487818   -0.433443    0.984502    0.000000    0.739367   -0.259645
     0.117038   -0.136024    0.040540    0.000000    0.012130   -0.098614
     0.865064   -0.890856    0.170623    0.000000   -0.000784   -0.653872
     0.487818    0.000000    0.000000   -0.974909   -0.342928    0.342931
    -0.117038    0.000000    0.000000   -0.047384   -0.033002    0.032823
    -0.865064    0.000000    0.000000   -0.217502   -0.188916    0.188942
     0.000000    0.433443    0.000000    0.000000   -0.396439    0.000000
     0.000000    0.136024    0.000000    0.000000    0.020872    0.000000
     0.000000    0.890856    0.000000    0.000000    0.189699    0.000000
     0.000000    0.000000   -0.984502    0.000000    0.000000   -0.083286
     0.000000    0.000000   -0.040540    0.000000    0.000000    0.065792
     0.000000    0.000000   -0.170623    0.000000    0.000000    0.464931
     0.000000    0.000000    0.000000    0.974909    0.000000    0.000000
     0.000000    0.000000    0.000000    0.047384    0.000000    0.000000
     0.000000    0.000000    0.000000    0.217502    0.000000    0.000000


    -0.479732   -0.342929    0.015209   -0.008380
     0.087117   -0.032915   -0.919802    0.520289
     0.654564   -0.188928    0.133020   -0.075117
     0.000000    0.222705   -0.015534   -0.008827
     0.000000    0.106509    0.946104    0.537794
     0.000000    0.711775   -0.136762   -0.077738
     0.396443    0.000000   -0.008814    0.000000
    -0.021106    0.000000    0.532224    0.000000
    -0.189665    0.000000   -0.076977    0.000000
     0.083289    0.000000    0.000000    0.008069
    -0.066011    0.000000    0.000000   -0.499557
    -0.464899    0.000000    0.000000    0.072137
     0.000000    0.120224    0.009138    0.009138
     0.000000   -0.073595   -0.558526   -0.558526
     0.000000   -0.522847    0.080718    0.080718

  Inverse B-Matrix



     0.061303   -0.264065   -0.125488   -0.011816   -0.078469   -0.229171
     0.057344   -0.010034    0.019415    0.726694    0.022065   -0.004875
     0.389568   -0.039597    0.149214   -0.105081    0.162071   -0.007841
     0.093588    0.373614   -0.024081   -0.003546   -0.080463   -0.447895
    -0.000471   -0.024897    0.024721    0.221392    0.090847   -0.021053
    -0.013238   -0.214466    0.173653   -0.032002    0.637700   -0.095134
    -0.810503   -0.130954    0.587667    0.002383   -0.085722    0.087440
     0.127099   -0.047617    0.054608   -0.148632   -0.070582    0.000700
     0.970827   -0.314744    0.311346    0.021586   -0.478341   -0.005127
     0.195024   -0.725885   -0.577152    0.007171    0.048556    0.235073
    -0.008435    0.082361   -0.083141   -0.451082   -0.007361   -0.002856
    -0.080679    0.651564   -0.510345    0.065262   -0.056887   -0.046059
     0.460588    0.747291    0.139054    0.005808    0.196098    0.354552
    -0.175537    0.000187   -0.015603   -0.348371   -0.034968    0.028085
    -1.266478   -0.082757   -0.123868    0.050235   -0.264544    0.154160


     0.003825    0.400846   -0.158238
    -0.233122   -0.016669   -0.061163
     0.033715   -0.160733   -0.405302
    -0.007367   -0.259053    0.062390
     0.449317    0.009024    0.028202
    -0.064916    0.092154    0.187828
    -0.003193   -0.050579    0.050688
     0.193674   -0.001568    0.023635
    -0.028045   -0.004932    0.157441
     0.001631   -0.187407   -0.015028
    -0.097551   -0.003826    0.019773
     0.014102   -0.005616    0.138771
     0.005104    0.096193    0.060187
    -0.312318    0.013039   -0.010447
     0.045144    0.079127   -0.078739

     Iterative generation of Cartesian Coordinates
     Internal   True Value     Estimate     Difference
         1      2.60305222    2.60305727   -0.00000505
         2      2.30903896    2.30904811   -0.00000915
         3      2.93590974    2.93591964   -0.00000990
         4      2.94148586    2.94148723   -0.00000137
         5     -1.32634683   -1.32635740    0.00001058
         6      0.65170009    0.65169294    0.00000714
         7      1.10216719    1.10216531    0.00000189
         8      0.05749680    0.05750534   -0.00000854
         9      0.19396774    0.19397048   -0.00000274
     Cycle:   2  Maximum deviation:   0.00001058
  CALCULATING B-MATRIX COLUMN:           1
  CALCULATING B-MATRIX COLUMN:           2
  CALCULATING B-MATRIX COLUMN:           3
  CALCULATING B-MATRIX COLUMN:           4
  CALCULATING B-MATRIX COLUMN:           5
  CALCULATING B-MATRIX COLUMN:           6
  CALCULATING B-MATRIX COLUMN:           7
  CALCULATING B-MATRIX COLUMN:           8
  CALCULATING B-MATRIX COLUMN:           9
  CALCULATING B-MATRIX COLUMN:          10

      B-Matrix



    -0.487818   -0.433446    0.984502    0.000000    0.739369   -0.259644
     0.117037   -0.136025    0.040539    0.000000    0.012132   -0.098614
     0.865064   -0.890855    0.170626    0.000000   -0.000786   -0.653876
     0.487818    0.000000    0.000000   -0.974909   -0.342929    0.342932
    -0.117037    0.000000    0.000000   -0.047384   -0.033003    0.032822
    -0.865064    0.000000    0.000000   -0.217503   -0.188916    0.188942
     0.000000    0.433446    0.000000    0.000000   -0.396440    0.000000
     0.000000    0.136025    0.000000    0.000000    0.020871    0.000000
     0.000000    0.890855    0.000000    0.000000    0.189701    0.000000
     0.000000    0.000000   -0.984502    0.000000    0.000000   -0.083288
     0.000000    0.000000   -0.040539    0.000000    0.000000    0.065792
     0.000000    0.000000   -0.170626    0.000000    0.000000    0.464934
     0.000000    0.000000    0.000000    0.974909    0.000000    0.000000
     0.000000    0.000000    0.000000    0.047384    0.000000    0.000000
     0.000000    0.000000    0.000000    0.217503    0.000000    0.000000


    -0.479735   -0.342930    0.015211   -0.008379
     0.087119   -0.032914   -0.919803    0.520292
     0.654569   -0.188929    0.133020   -0.075117
     0.000000    0.222706   -0.015534   -0.008827
     0.000000    0.106509    0.946103    0.537795
     0.000000    0.711776   -0.136761   -0.077737
     0.396444    0.000000   -0.008815    0.000000
    -0.021107    0.000000    0.532225    0.000000
    -0.189667    0.000000   -0.076977    0.000000
     0.083291    0.000000    0.000000    0.008069
    -0.066013    0.000000    0.000000   -0.499561
    -0.464902    0.000000    0.000000    0.072137
     0.000000    0.120225    0.009138    0.009138
     0.000000   -0.073594   -0.558526   -0.558526
     0.000000   -0.522847    0.080718    0.080718

  Inverse B-Matrix



     0.061301   -0.264064   -0.125488   -0.011816   -0.078469   -0.229171
     0.057344   -0.010033    0.019414    0.726691    0.022065   -0.004875
     0.389566   -0.039595    0.149214   -0.105080    0.162070   -0.007841
     0.093589    0.373612   -0.024081   -0.003546   -0.080463   -0.447895
    -0.000472   -0.024896    0.024721    0.221391    0.090846   -0.021053
    -0.013238   -0.214466    0.173653   -0.032002    0.637700   -0.095135
    -0.810502   -0.130953    0.587665    0.002383   -0.085725    0.087439
     0.127099   -0.047616    0.054608   -0.148631   -0.070582    0.000700
     0.970827   -0.314742    0.311345    0.021586   -0.478341   -0.005128
     0.195023   -0.725885   -0.577151    0.007170    0.048557    0.235073
    -0.008435    0.082360   -0.083141   -0.451082   -0.007361   -0.002856
    -0.080679    0.651560   -0.510344    0.065262   -0.056885   -0.046057
     0.460589    0.747290    0.139055    0.005809    0.196099    0.354553
    -0.175536    0.000186   -0.015603   -0.348369   -0.034968    0.028084
    -1.266476   -0.082758   -0.123867    0.050234   -0.264544    0.154161


     0.003825    0.400845   -0.158238
    -0.233122   -0.016669   -0.061163
     0.033715   -0.160733   -0.405300
    -0.007367   -0.259053    0.062390
     0.449317    0.009024    0.028202
    -0.064915    0.092155    0.187829
    -0.003193   -0.050577    0.050691
     0.193674   -0.001568    0.023635
    -0.028045   -0.004931    0.157442
     0.001631   -0.187408   -0.015028
    -0.097551   -0.003827    0.019772
     0.014102   -0.005618    0.138769
     0.005104    0.096193    0.060187
    -0.312318    0.013040   -0.010447
     0.045144    0.079127   -0.078739

     Iterative generation of Cartesian Coordinates
     Internal   True Value     Estimate     Difference
         1      2.60305222    2.60305222    0.00000000
         2      2.30903896    2.30903896    0.00000000
         3      2.93590974    2.93590974   -0.00000000
         4      2.94148586    2.94148586    0.00000000
         5     -1.32634683   -1.32634683   -0.00000000
         6      0.65170009    0.65170009   -0.00000000
         7      1.10216719    1.10216719    0.00000000
         8      0.05749680    0.05749680    0.00000000
         9      0.19396774    0.19396774    0.00000000
     Cycle:   3  Maximum deviation:   0.00000000

 Displacement from previous Coordinates is:  0.007834
 ----------------------------------------------------------------
             Standard Nuclear Orientation (Angstroms)
    I     Atom           X                Y                Z
 ----------------------------------------------------------------
    1      C      -0.6382511734     0.3135489576     2.2413580445
    2      O       0.0187489854     0.1559218047     1.0762773060
    3      O      -0.1169385579     0.4771483059     3.3128036165
    4      H      -1.7306833867     0.2685652205     2.0520267573
    5      H       0.9714441325     0.2022257113     1.2888242758
 ----------------------------------------------------------------
 Nuclear Repulsion Energy =          70.01324719 hartrees
 There are       12 alpha and       12 beta electrons
 Applying Cartesian multipole field
    Component          Value
    ---------          -----
     (2,0,0)        1.00000E-11
     (0,2,0)        2.00000E-10
     (0,0,2)       -3.00000E-11
 Nucleus-field energy     =    -0.0000000121 hartrees
 Requested basis set is cc-pVDZ
 There are 24 shells and 52 basis functions
 A cutoff of  1.0D-14 yielded    299 shell pairs
 There are      1431 function pairs (      1608 Cartesian)
 Smallest overlap matrix eigenvalue = 1.37E-02
 Guess MOs from SCF MO coefficient file

 -----------------------------------------------------------------------
  General SCF calculation program by
  Eric Jon Sundstrom, Paul Horn, Yuezhi Mao, Dmitri Zuev, Alec White,
  David Stuck, Shaama M.S., Shane Yost, Joonho Lee, David Small,
  Daniel Levine, Susi Lehtola, Hugh Burton, Evgeny Epifanovsky,
  Bang C. Huynh
 -----------------------------------------------------------------------
 Exchange:     0.2000 Hartree-Fock + 0.0800 Slater + 0.7200 B88
 Correlation:  0.1900 VWN1RPA + 0.8100 LYP
 Using Euler-Maclaurin-Lebedev (99,590) quadrature formula
Added inc_jk
Added qchem_hcore
Added xc
Added P-dependent contribution
 A restricted SCF calculation will be
 performed using GDM
 SCF converges when RMS gradient is below 1.0e-10
 User-specified cutoff of 10e-14
 used for neglect of 2-electron integrals.
 A cutoff of 10e-14
 used for neglect of overlap integrals.
 Incremental Fock algorithm is on at the start.
 ---------------------------------------
  Cycle       Energy        RMS Gradient
 ---------------------------------------
    1    -189.7732610190      8.56e-04   Normal BFGS step
    2    -189.7732732027      6.51e-04   Normal BFGS step
    3    -189.7732718605      1.55e-03  Line search: overstep
    4    -189.7732737343      7.36e-05   Normal BFGS step
    5    -189.7732738049      6.13e-05   Normal BFGS step
    6    -189.7732738215      3.49e-05   Normal BFGS step
    7    -189.7732738232      2.50e-05   Normal BFGS step
    8    -189.7732738244      4.68e-06   Normal BFGS step
    9    -189.7732738245      2.07e-06   Normal BFGS step
   10    -189.7732738245      2.44e-07   Normal BFGS step
   11    -189.7732738245      7.76e-08   Normal BFGS step
   12    -189.7732738245      7.71e-09   Normal BFGS step
   13    -189.7732738245      2.34e-09   Normal BFGS step
   14    -189.7732738245      4.25e-10   Normal BFGS step
   15    -189.7732738245      8.59e-10   Normal BFGS step
   16    -189.7732738245      1.35e-10   Normal BFGS step
  GDM::WARNING energy changes are now smaller than effective accuracy.
  GDM::        calculation will continue, but THRESH should be increased
  GDM::        or SCF_CONVERGENCE decreased. 
  GDM::        effective_thresh = 3.78e-09
   17    -189.7732738245      2.65e-11  Convergence criterion met
 ---------------------------------------
 SCF time:   CPU 11.78s  wall 2.00s 
 SCF   energy =  -189.77327382
 Total energy =  -189.77327382
 Integrated density by DFT XC:
   Number of electrons = 24
   Numerical integral  =    23.999999978548
   Relative error      =     0.0000000894 %

 --------------------------------------------------------------

                    Orbital Energies (a.u.)
 --------------------------------------------------------------

 Alpha MOs
 -- Occupied --
-19.1999 -19.1441 -10.3267  -1.1158  -1.0295  -0.6638  -0.5171  -0.4893
 -0.4493  -0.4066  -0.3302  -0.2896
 -- Virtual --
 -0.0011   0.0498   0.0936   0.2460   0.2579   0.4461   0.4650   0.5358
  0.5744   0.6370   0.7259   0.8580   0.9101   0.9431   0.9648   1.0157
  1.0795   1.0951   1.1637   1.3475   1.3581   1.4901   1.5779   1.6640
  1.7059   1.7398   1.8697   2.0387   2.2648   2.3190   2.6025   2.6924
  2.8238   2.8796   3.0661   3.1277   3.1427   3.4312   3.4876   3.6409
 --------------------------------------------------------------

          Ground-State Mulliken Net Atomic Charges

     Atom                 Charge (a.u.)
  ----------------------------------------
      1 C                     0.219710
      2 O                    -0.164746
      3 O                    -0.232559
      4 H                     0.021871
      5 H                     0.155723
  ----------------------------------------
  Sum of atomic charges =     0.000000

 -----------------------------------------------------------------
                    Cartesian Multipole Moments
 -----------------------------------------------------------------
    Charge (ESU x 10^10)
                 0.0000
    Dipole Moment (Debye)
         X       0.1472      Y      -0.2007      Z      -1.4033
       Tot       1.4252
    Quadrupole Moments (Debye-Ang)
        XX     -13.0589     XY      -0.0652     YY     -16.7561
        XZ      -0.8429     YZ      -1.5282     ZZ     -27.0042
    Octopole Moments (Debye-Ang^2)
       XXX      12.3586    XXY      -4.3650    XYY       4.3335
       YYY     -15.4006    XXZ     -30.6034    XYZ      -0.2623
       YYZ     -36.7026    XZZ       1.9765    YZZ     -12.3766
       ZZZ    -157.0983
    Hexadecapole Moments (Debye-Ang^3)
      XXXX     -34.4866   XXXY       4.1377   XXYY     -10.8373
      XYYY       4.4100   YYYY     -23.8954   XXXZ      29.4280
      XXYZ     -11.9662   XYYZ      10.6982   YYYZ     -39.4769
      XXZZ     -92.7934   XYZZ       1.1901   YYZZ    -101.1412
      XZZZ      29.4237   YZZZ     -68.2453   ZZZZ    -760.4008
 -----------------------------------------------------------------
 Calculating analytic gradient of the SCF energy
Added xc
 Gradient of SCF Energy
            1           2           3           4           5
    1   0.0000509  -0.0000644   0.0000261  -0.0000362   0.0000236
    2  -0.0000777   0.0000313   0.0000266   0.0000196   0.0000003
    3  -0.0001283   0.0001037   0.0000271  -0.0000032   0.0000007
 Max gradient component =       1.283E-04
 RMS gradient           =       5.497E-05
 Gradient time:  CPU 1.52 s  wall 0.23 s
 Geometry Optimization Parameters
   NAtoms,    NIC,     NZ,  NCons,   NDum,   NFix, NCnnct, MaxDiis
        5      20       0       0       0       0       0       0

 Rotation Matrix is:


     1.000000    0.000000    0.000000
     0.000000    1.000000    0.000000
     0.000000    0.000000    1.000000

 Cartesian Hessian Update
 Hessian updated using BFGS update


** GEOMETRY OPTIMIZATION IN DELOCALIZED INTERNAL COORDINATES **
   Searching for a Minimum

   Optimization Cycle:   7

                       Coordinates (Angstroms)
     ATOM                X               Y               Z
      1  C        -0.6382511734    0.3135489576    2.2413580445
      2  O         0.0187489854    0.1559218047    1.0762773060
      3  O        -0.1169385579    0.4771483059    3.3128036165
      4  H        -1.7306833867    0.2685652205    2.0520267573
      5  H         0.9714441325    0.2022257113    1.2888242758
   Point Group: c1    Number of degrees of freedom:     9


   Energy is   -189.773273825


                       Cartesian Gradient (au)
     ATOM              X           Y           Z
    1  C           0.000051   -0.000078   -0.000128
    2  O          -0.000064    0.000031    0.000104
    3  O           0.000026    0.000027    0.000027
    4  H          -0.000036    0.000020   -0.000003
    5  H           0.000024    0.000000    0.000001
  CALCULATING B-MATRIX COLUMN:           1
  CALCULATING B-MATRIX COLUMN:           2
  CALCULATING B-MATRIX COLUMN:           3
  CALCULATING B-MATRIX COLUMN:           4
  CALCULATING B-MATRIX COLUMN:           5
  CALCULATING B-MATRIX COLUMN:           6
  CALCULATING B-MATRIX COLUMN:           7
  CALCULATING B-MATRIX COLUMN:           8
  CALCULATING B-MATRIX COLUMN:           9
  CALCULATING B-MATRIX COLUMN:          10

      B-Matrix



    -0.487818   -0.433446    0.984502    0.000000    0.739369   -0.259644
     0.117037   -0.136025    0.040539    0.000000    0.012132   -0.098614
     0.865064   -0.890855    0.170626    0.000000   -0.000786   -0.653876
     0.487818    0.000000    0.000000   -0.974909   -0.342929    0.342932
    -0.117037    0.000000    0.000000   -0.047384   -0.033003    0.032822
    -0.865064    0.000000    0.000000   -0.217503   -0.188916    0.188942
     0.000000    0.433446    0.000000    0.000000   -0.396440    0.000000
     0.000000    0.136025    0.000000    0.000000    0.020871    0.000000
     0.000000    0.890855    0.000000    0.000000    0.189701    0.000000
     0.000000    0.000000   -0.984502    0.000000    0.000000   -0.083288
     0.000000    0.000000   -0.040539    0.000000    0.000000    0.065792
     0.000000    0.000000   -0.170626    0.000000    0.000000    0.464934
     0.000000    0.000000    0.000000    0.974909    0.000000    0.000000
     0.000000    0.000000    0.000000    0.047384    0.000000    0.000000
     0.000000    0.000000    0.000000    0.217503    0.000000    0.000000


    -0.479735   -0.342930    0.015211   -0.008379
     0.087119   -0.032914   -0.919803    0.520292
     0.654569   -0.188929    0.133020   -0.075117
     0.000000    0.222706   -0.015534   -0.008827
     0.000000    0.106509    0.946103    0.537795
     0.000000    0.711776   -0.136761   -0.077737
     0.396444    0.000000   -0.008815    0.000000
    -0.021107    0.000000    0.532225    0.000000
    -0.189667    0.000000   -0.076977    0.000000
     0.083291    0.000000    0.000000    0.008069
    -0.066013    0.000000    0.000000   -0.499561
    -0.464902    0.000000    0.000000    0.072137
     0.000000    0.120225    0.009138    0.009138
     0.000000   -0.073594   -0.558526   -0.558526
     0.000000   -0.522847    0.080718    0.080718

  Inverse B-Matrix



     0.061301   -0.264064   -0.125488   -0.011816   -0.078469   -0.229171
     0.057344   -0.010033    0.019414    0.726691    0.022065   -0.004875
     0.389566   -0.039595    0.149214   -0.105080    0.162070   -0.007841
     0.093589    0.373612   -0.024081   -0.003546   -0.080463   -0.447895
    -0.000472   -0.024896    0.024721    0.221391    0.090846   -0.021053
    -0.013238   -0.214466    0.173653   -0.032002    0.637700   -0.095135
    -0.810502   -0.130953    0.587665    0.002383   -0.085725    0.087439
     0.127099   -0.047616    0.054608   -0.148631   -0.070582    0.000700
     0.970827   -0.314742    0.311345    0.021586   -0.478341   -0.005128
     0.195023   -0.725885   -0.577151    0.007170    0.048557    0.235073
    -0.008435    0.082360   -0.083141   -0.451082   -0.007361   -0.002856
    -0.080679    0.651560   -0.510344    0.065262   -0.056885   -0.046057
     0.460589    0.747290    0.139055    0.005809    0.196099    0.354553
    -0.175536    0.000186   -0.015603   -0.348369   -0.034968    0.028084
    -1.266476   -0.082758   -0.123867    0.050234   -0.264544    0.154161


     0.003825    0.400845   -0.158238
    -0.233122   -0.016669   -0.061163
     0.033715   -0.160733   -0.405300
    -0.007367   -0.259053    0.062390
     0.449317    0.009024    0.028202
    -0.064915    0.092155    0.187829
    -0.003193   -0.050577    0.050691
     0.193674   -0.001568    0.023635
    -0.028045   -0.004931    0.157442
     0.001631   -0.187408   -0.015028
    -0.097551   -0.003827    0.019772
     0.014102   -0.005618    0.138769
     0.005104    0.096193    0.060187
    -0.312318    0.013040   -0.010447
     0.045144    0.079127   -0.078739
 Hessian updated using BFGS update

   Hessian Matrix


     0.276463    0.037903    0.050536   -0.006958   -0.151441    0.049748
     0.037903    0.390126    0.019211   -0.005160    0.047326    0.080971
     0.050536    0.019211    0.401086    0.005805   -0.215586    0.031142
    -0.006958   -0.005160    0.005805    0.136615    0.005129   -0.000400
    -0.151441    0.047326   -0.215586    0.005129    0.530418   -0.032194
     0.049748    0.080971    0.031142   -0.000400   -0.032194    0.478042
     0.003186    0.002375   -0.002669   -0.052423   -0.002322    0.000188
    -0.029875    0.009236    0.012823    0.009249    0.081109    0.043284
     0.030908   -0.108919    0.179858    0.009501   -0.214478    0.079652


     0.003186   -0.029875    0.030908
     0.002375    0.009236   -0.108919
    -0.002669    0.012823    0.179858
    -0.052423    0.009249    0.009501
    -0.002322    0.081109   -0.214478
     0.000188    0.043284    0.079652
     0.046519   -0.004219   -0.004360
    -0.004219    0.317931   -0.054839
    -0.004360   -0.054839    0.406176

  9 Hessian modes will be used to form the next step
  Hessian Eigenvalues:
     0.022448    0.147267    0.159391    0.167369    0.269338    0.339486
     0.403255    0.546021    0.928801

  Hessian Eigenvectors:


    -0.000015   -0.004531   -0.152345    0.699170    0.487689   -0.235097
    -0.000023    0.383872    0.150002   -0.039082   -0.356905    0.175441
     0.000001   -0.498185   -0.242823    0.133580   -0.260198    0.618730
     0.417299   -0.259372    0.831876    0.244010   -0.024898    0.059749
    -0.000077   -0.080890   -0.220145    0.551529   -0.329745    0.108180
     0.000012   -0.240251   -0.035023   -0.132641    0.022641   -0.316578
     0.908769    0.119183   -0.381997   -0.111968    0.011429   -0.027368
    -0.000081    0.323445    0.065772   -0.034048    0.579733    0.643488
    -0.000070    0.595042    0.058072    0.311089   -0.347835   -0.028320


     0.349660    0.149665   -0.223962
     0.594466    0.553268    0.104685
     0.075674    0.063248   -0.463410
    -0.052879   -0.006056   -0.002428
    -0.284985    0.089722    0.656588
    -0.434737    0.779496   -0.161603
     0.024227    0.002806    0.001145
    -0.284932    0.208052    0.123525
    -0.404772   -0.092200   -0.501641

 Minimum search - taking simple RFO step
 Searching for Lamda that Minimizes Along All modes
 Value Taken    Lamda =  -0.00000008
 Step Taken.  Stepsize is  0.000590


     Parameter Values and Displacements in Internal Coordinates
  Coordinate  Current Value    Gradient  Displacement   New Value
       1           2.603052    -0.000047     0.000120     2.603172
       2           2.309039    -0.000024    -0.000003     2.309036
       3           2.935910     0.000043    -0.000066     2.935843
       4           2.941486    -0.000052     0.000367     2.941853
       5          -1.326347     0.000033    -0.000132    -1.326479
       6           0.651700     0.000010     0.000033     0.651733
       7           1.102167     0.000024    -0.000173     1.101994
       8           0.057497     0.000076    -0.000259     0.057238
       9           0.193968     0.000073    -0.000282     0.193686

                             Maximum     Tolerance    Cnvgd?
         Gradient           0.000076      0.000001      NO
         Displacement       0.000367      0.000001      NO
         Energy change     -0.000010      0.000000      NO


 New Cartesian Coordinates Obtained by Inverse Iteration
  CALCULATING B-MATRIX COLUMN:           1
  CALCULATING B-MATRIX COLUMN:           2
  CALCULATING B-MATRIX COLUMN:           3
  CALCULATING B-MATRIX COLUMN:           4
  CALCULATING B-MATRIX COLUMN:           5
  CALCULATING B-MATRIX COLUMN:           6
  CALCULATING B-MATRIX COLUMN:           7
  CALCULATING B-MATRIX COLUMN:           8
  CALCULATING B-MATRIX COLUMN:           9
  CALCULATING B-MATRIX COLUMN:          10

      B-Matrix



    -0.487818   -0.433446    0.984502    0.000000    0.739369   -0.259644
     0.117037   -0.136025    0.040539    0.000000    0.012132   -0.098614
     0.865064   -0.890855    0.170626    0.000000   -0.000786   -0.653876
     0.487818    0.000000    0.000000   -0.974909   -0.342929    0.342932
    -0.117037    0.000000    0.000000   -0.047384   -0.033003    0.032822
    -0.865064    0.000000    0.000000   -0.217503   -0.188916    0.188942
     0.000000    0.433446    0.000000    0.000000   -0.396440    0.000000
     0.000000    0.136025    0.000000    0.000000    0.020871    0.000000
     0.000000    0.890855    0.000000    0.000000    0.189701    0.000000
     0.000000    0.000000   -0.984502    0.000000    0.000000   -0.083288
     0.000000    0.000000   -0.040539    0.000000    0.000000    0.065792
     0.000000    0.000000   -0.170626    0.000000    0.000000    0.464934
     0.000000    0.000000    0.000000    0.974909    0.000000    0.000000
     0.000000    0.000000    0.000000    0.047384    0.000000    0.000000
     0.000000    0.000000    0.000000    0.217503    0.000000    0.000000


    -0.479735   -0.342930    0.015211   -0.008379
     0.087119   -0.032914   -0.919803    0.520292
     0.654569   -0.188929    0.133020   -0.075117
     0.000000    0.222706   -0.015534   -0.008827
     0.000000    0.106509    0.946103    0.537795
     0.000000    0.711776   -0.136761   -0.077737
     0.396444    0.000000   -0.008815    0.000000
    -0.021107    0.000000    0.532225    0.000000
    -0.189667    0.000000   -0.076977    0.000000
     0.083291    0.000000    0.000000    0.008069
    -0.066013    0.000000    0.000000   -0.499561
    -0.464902    0.000000    0.000000    0.072137
     0.000000    0.120225    0.009138    0.009138
     0.000000   -0.073594   -0.558526   -0.558526
     0.000000   -0.522847    0.080718    0.080718

  Inverse B-Matrix



     0.061301   -0.264064   -0.125488   -0.011816   -0.078469   -0.229171
     0.057344   -0.010033    0.019414    0.726691    0.022065   -0.004875
     0.389566   -0.039595    0.149214   -0.105080    0.162070   -0.007841
     0.093589    0.373612   -0.024081   -0.003546   -0.080463   -0.447895
    -0.000472   -0.024896    0.024721    0.221391    0.090846   -0.021053
    -0.013238   -0.214466    0.173653   -0.032002    0.637700   -0.095135
    -0.810502   -0.130953    0.587665    0.002383   -0.085725    0.087439
     0.127099   -0.047616    0.054608   -0.148631   -0.070582    0.000700
     0.970827   -0.314742    0.311345    0.021586   -0.478341   -0.005128
     0.195023   -0.725885   -0.577151    0.007170    0.048557    0.235073
    -0.008435    0.082360   -0.083141   -0.451082   -0.007361   -0.002856
    -0.080679    0.651560   -0.510344    0.065262   -0.056885   -0.046057
     0.460589    0.747290    0.139055    0.005809    0.196099    0.354553
    -0.175536    0.000186   -0.015603   -0.348369   -0.034968    0.028084
    -1.266476   -0.082758   -0.123867    0.050234   -0.264544    0.154161


     0.003825    0.400845   -0.158238
    -0.233122   -0.016669   -0.061163
     0.033715   -0.160733   -0.405300
    -0.007367   -0.259053    0.062390
     0.449317    0.009024    0.028202
    -0.064915    0.092155    0.187829
    -0.003193   -0.050577    0.050691
     0.193674   -0.001568    0.023635
    -0.028045   -0.004931    0.157442
     0.001631   -0.187408   -0.015028
    -0.097551   -0.003827    0.019772
     0.014102   -0.005618    0.138769
     0.005104    0.096193    0.060187
    -0.312318    0.013040   -0.010447
     0.045144    0.079127   -0.078739

     Iterative generation of Cartesian Coordinates
     Internal   True Value     Estimate     Difference
         1      2.60317245    2.60305222    0.00012023
         2      2.30903560    2.30903896   -0.00000337
         3      2.93584331    2.93590974   -0.00006643
         4      2.94185280    2.94148586    0.00036694
         5     -1.32647884   -1.32634683   -0.00013201
         6      0.65173293    0.65170009    0.00003284
         7      1.10199370    1.10216719   -0.00017349
         8      0.05723819    0.05749680   -0.00025861
         9      0.19368564    0.19396774   -0.00028210
     Cycle:   1  Maximum deviation:   0.00036694
  CALCULATING B-MATRIX COLUMN:           1
  CALCULATING B-MATRIX COLUMN:           2
  CALCULATING B-MATRIX COLUMN:           3
  CALCULATING B-MATRIX COLUMN:           4
  CALCULATING B-MATRIX COLUMN:           5
  CALCULATING B-MATRIX COLUMN:           6
  CALCULATING B-MATRIX COLUMN:           7
  CALCULATING B-MATRIX COLUMN:           8
  CALCULATING B-MATRIX COLUMN:           9
  CALCULATING B-MATRIX COLUMN:          10
  Torsional sign change  primitive torsion          10
    previous value:    3.1413554474568448     
  calculated value:   -3.1415470822679694     
  reassigned value:    3.1416382249116168     

      B-Matrix



    -0.487790   -0.433428    0.984481    0.000000    0.739351   -0.259548
     0.117159   -0.135852    0.040770    0.000000    0.011892   -0.098812
     0.865063   -0.890889    0.170691    0.000000   -0.000788   -0.653828
     0.487790    0.000000    0.000000   -0.974899   -0.342890    0.342889
    -0.117159    0.000000    0.000000   -0.047348   -0.032880    0.032923
    -0.865063    0.000000    0.000000   -0.217555   -0.188895    0.188889
     0.000000    0.433428    0.000000    0.000000   -0.396461    0.000000
     0.000000    0.135852    0.000000    0.000000    0.020989    0.000000
     0.000000    0.890889    0.000000    0.000000    0.189683    0.000000
     0.000000    0.000000   -0.984481    0.000000    0.000000   -0.083341
     0.000000    0.000000   -0.040770    0.000000    0.000000    0.065890
     0.000000    0.000000   -0.170691    0.000000    0.000000    0.464940
     0.000000    0.000000    0.000000    0.974899    0.000000    0.000000
     0.000000    0.000000    0.000000    0.047348    0.000000    0.000000
     0.000000    0.000000    0.000000    0.217555    0.000000    0.000000


    -0.479800   -0.342889    0.014942   -0.008503
     0.086771   -0.032905   -0.919796    0.520250
     0.654638   -0.188891    0.132997   -0.075254
     0.000000    0.222635   -0.015400   -0.008758
     0.000000    0.106561    0.946044    0.537819
     0.000000    0.711739   -0.136810   -0.077777
     0.396460    0.000000   -0.008643    0.000000
    -0.020933    0.000000    0.532272    0.000000
    -0.189691    0.000000   -0.076962    0.000000
     0.083340    0.000000    0.000000    0.008160
    -0.065838    0.000000    0.000000   -0.499548
    -0.464947    0.000000    0.000000    0.072257
     0.000000    0.120254    0.009101    0.009101
     0.000000   -0.073656   -0.558520   -0.558520
     0.000000   -0.522847    0.080774    0.080774

  Inverse B-Matrix



     0.061290   -0.264056   -0.125505   -0.011865   -0.078492   -0.229158
     0.057324   -0.010028    0.019555    0.726689    0.022071   -0.004872
     0.389560   -0.039566    0.149187   -0.105052    0.162058   -0.007864
     0.093551    0.373603   -0.024087   -0.003635   -0.080474   -0.447896
    -0.000371   -0.024928    0.024717    0.221421    0.090877   -0.021066
    -0.013269   -0.214460    0.173648   -0.031930    0.637682   -0.095154
    -0.810502   -0.130884    0.587633    0.002417   -0.085715    0.087427
     0.127173   -0.047648    0.054598   -0.148679   -0.070544    0.000680
     0.970774   -0.314732    0.311363    0.021407   -0.478367   -0.005127
     0.195056   -0.725950   -0.577104    0.007400    0.048548    0.235091
    -0.008494    0.082387   -0.083217   -0.451090   -0.007380   -0.002819
    -0.080647    0.651559   -0.510345    0.065214   -0.056837   -0.046046
     0.460605    0.747286    0.139063    0.005683    0.196133    0.354536
    -0.175632    0.000218   -0.015653   -0.348341   -0.035024    0.028076
    -1.266417   -0.082801   -0.123853    0.050361   -0.264535    0.154191


     0.003805    0.400863   -0.158251
    -0.233142   -0.016706   -0.061189
     0.033710   -0.160711   -0.405293
    -0.007324   -0.259079    0.062413
     0.449298    0.009109    0.028178
    -0.064981    0.092154    0.187837
    -0.003151   -0.050551    0.050707
     0.193704   -0.001536    0.023583
    -0.028004   -0.004936    0.157437
     0.001577   -0.187402   -0.015098
    -0.097545   -0.003882    0.019831
     0.014105   -0.005672    0.138788
     0.005093    0.096168    0.060228
    -0.312314    0.013016   -0.010402
     0.045169    0.079165   -0.078769

     Iterative generation of Cartesian Coordinates
     Internal   True Value     Estimate     Difference
         1      2.60317245    2.60317246   -0.00000002
         2      2.30903560    2.30903563   -0.00000003
         3      2.93584331    2.93584335   -0.00000004
         4      2.94185280    2.94185280    0.00000000
         5     -1.32647884   -1.32647887    0.00000004
         6      0.65173293    0.65173290    0.00000003
         7      1.10199370    1.10199370    0.00000000
         8      0.05723819    0.05723822   -0.00000003
         9      0.19368564    0.19368565   -0.00000001
     Cycle:   2  Maximum deviation:   0.00000004
  CALCULATING B-MATRIX COLUMN:           1
  CALCULATING B-MATRIX COLUMN:           2
  CALCULATING B-MATRIX COLUMN:           3
  CALCULATING B-MATRIX COLUMN:           4
  CALCULATING B-MATRIX COLUMN:           5
  CALCULATING B-MATRIX COLUMN:           6
  CALCULATING B-MATRIX COLUMN:           7
  CALCULATING B-MATRIX COLUMN:           8
  CALCULATING B-MATRIX COLUMN:           9
  CALCULATING B-MATRIX COLUMN:          10
  Torsional sign change  primitive torsion          10
    previous value:    3.1413554474568448     
  calculated value:   -3.1415470772790588     
  reassigned value:    3.1416382299005274     

      B-Matrix



    -0.487790   -0.433428    0.984481    0.000000    0.739351   -0.259548
     0.117159   -0.135852    0.040770    0.000000    0.011892   -0.098812
     0.865063   -0.890889    0.170691    0.000000   -0.000788   -0.653828
     0.487790    0.000000    0.000000   -0.974899   -0.342890    0.342889
    -0.117159    0.000000    0.000000   -0.047348   -0.032880    0.032923
    -0.865063    0.000000    0.000000   -0.217555   -0.188895    0.188889
     0.000000    0.433428    0.000000    0.000000   -0.396461    0.000000
     0.000000    0.135852    0.000000    0.000000    0.020989    0.000000
     0.000000    0.890889    0.000000    0.000000    0.189683    0.000000
     0.000000    0.000000   -0.984481    0.000000    0.000000   -0.083341
     0.000000    0.000000   -0.040770    0.000000    0.000000    0.065890
     0.000000    0.000000   -0.170691    0.000000    0.000000    0.464940
     0.000000    0.000000    0.000000    0.974899    0.000000    0.000000
     0.000000    0.000000    0.000000    0.047348    0.000000    0.000000
     0.000000    0.000000    0.000000    0.217555    0.000000    0.000000


    -0.479800   -0.342889    0.014942   -0.008503
     0.086771   -0.032905   -0.919796    0.520250
     0.654638   -0.188891    0.132997   -0.075254
     0.000000    0.222635   -0.015400   -0.008758
     0.000000    0.106561    0.946044    0.537819
     0.000000    0.711739   -0.136810   -0.077777
     0.396460    0.000000   -0.008643    0.000000
    -0.020933    0.000000    0.532272    0.000000
    -0.189691    0.000000   -0.076962    0.000000
     0.083340    0.000000    0.000000    0.008160
    -0.065838    0.000000    0.000000   -0.499548
    -0.464947    0.000000    0.000000    0.072257
     0.000000    0.120254    0.009101    0.009101
     0.000000   -0.073656   -0.558520   -0.558520
     0.000000   -0.522847    0.080774    0.080774

  Inverse B-Matrix



     0.061290   -0.264056   -0.125505   -0.011865   -0.078492   -0.229158
     0.057324   -0.010028    0.019555    0.726689    0.022071   -0.004872
     0.389560   -0.039566    0.149187   -0.105052    0.162058   -0.007864
     0.093551    0.373603   -0.024087   -0.003635   -0.080474   -0.447896
    -0.000371   -0.024928    0.024717    0.221421    0.090877   -0.021066
    -0.013269   -0.214460    0.173648   -0.031930    0.637682   -0.095154
    -0.810502   -0.130884    0.587633    0.002417   -0.085715    0.087427
     0.127173   -0.047648    0.054598   -0.148679   -0.070544    0.000680
     0.970774   -0.314732    0.311363    0.021407   -0.478367   -0.005127
     0.195056   -0.725950   -0.577104    0.007400    0.048548    0.235091
    -0.008494    0.082387   -0.083217   -0.451090   -0.007380   -0.002819
    -0.080647    0.651559   -0.510345    0.065214   -0.056837   -0.046046
     0.460605    0.747286    0.139063    0.005683    0.196133    0.354536
    -0.175632    0.000218   -0.015653   -0.348341   -0.035024    0.028076
    -1.266417   -0.082801   -0.123853    0.050361   -0.264535    0.154191


     0.003805    0.400863   -0.158251
    -0.233142   -0.016706   -0.061189
     0.033710   -0.160711   -0.405293
    -0.007324   -0.259079    0.062413
     0.449298    0.009109    0.028178
    -0.064981    0.092154    0.187837
    -0.003151   -0.050551    0.050707
     0.193704   -0.001536    0.023583
    -0.028004   -0.004936    0.157437
     0.001577   -0.187402   -0.015098
    -0.097545   -0.003882    0.019831
     0.014105   -0.005672    0.138788
     0.005093    0.096168    0.060228
    -0.312314    0.013016   -0.010402
     0.045169    0.079165   -0.078769

     Iterative generation of Cartesian Coordinates
     Internal   True Value     Estimate     Difference
         1      2.60317245    2.60317245    0.00000000
         2      2.30903560    2.30903560    0.00000000
         3      2.93584331    2.93584331   -0.00000000
         4      2.94185280    2.94185280    0.00000000
         5     -1.32647884   -1.32647884   -0.00000000
         6      0.65173293    0.65173293   -0.00000000
         7      1.10199370    1.10199370    0.00000000
         8      0.05723819    0.05723819   -0.00000000
         9      0.19368564    0.19368564   -0.00000000
     Cycle:   3  Maximum deviation:   0.00000000

 Displacement from previous Coordinates is:  0.000503
 ----------------------------------------------------------------
             Standard Nuclear Orientation (Angstroms)
    I     Atom           X                Y                Z
 ----------------------------------------------------------------
    1      C      -0.6382747750     0.3137242392     2.2414251995
    2      O       0.0187790717     0.1559105336     1.0761836449
    3      O      -0.1170029319     0.4771095415     3.3128722437
    4      H      -1.7306195405     0.2684868605     2.0520330038
    5      H       0.9714381758     0.2021788252     1.2887759081
 ----------------------------------------------------------------
 Nuclear Repulsion Energy =          70.01050533 hartrees
 There are       12 alpha and       12 beta electrons
 Applying Cartesian multipole field
    Component          Value
    ---------          -----
     (2,0,0)        1.00000E-11
     (0,2,0)        2.00000E-10
     (0,0,2)       -3.00000E-11
 Nucleus-field energy     =    -0.0000000121 hartrees
 Requested basis set is cc-pVDZ
 There are 24 shells and 52 basis functions
 A cutoff of  1.0D-14 yielded    299 shell pairs
 There are      1431 function pairs (      1608 Cartesian)
 Smallest overlap matrix eigenvalue = 1.37E-02
 Guess MOs from SCF MO coefficient file

 -----------------------------------------------------------------------
  General SCF calculation program by
  Eric Jon Sundstrom, Paul Horn, Yuezhi Mao, Dmitri Zuev, Alec White,
  David Stuck, Shaama M.S., Shane Yost, Joonho Lee, David Small,
  Daniel Levine, Susi Lehtola, Hugh Burton, Evgeny Epifanovsky,
  Bang C. Huynh
 -----------------------------------------------------------------------
 Exchange:     0.2000 Hartree-Fock + 0.0800 Slater + 0.7200 B88
 Correlation:  0.1900 VWN1RPA + 0.8100 LYP
 Using Euler-Maclaurin-Lebedev (99,590) quadrature formula
Added inc_jk
Added qchem_hcore
Added xc
Added P-dependent contribution
 A restricted SCF calculation will be
 performed using GDM
 SCF converges when RMS gradient is below 1.0e-10
 User-specified cutoff of 10e-14
 used for neglect of 2-electron integrals.
 A cutoff of 10e-14
 used for neglect of overlap integrals.
 Incremental Fock algorithm is on at the start.
 ---------------------------------------
  Cycle       Energy        RMS Gradient
 ---------------------------------------
    1    -189.7732738051      5.26e-05   Normal BFGS step
    2    -189.7732738532      4.66e-05   Normal BFGS step
    3    -189.7732738470      1.06e-04   Normal BFGS step
    4    -189.7732738561      3.75e-06   Normal BFGS step
    5    -189.7732738561      4.34e-06   Normal BFGS step
    6    -189.7732738562      1.39e-06   Normal BFGS step
    7    -189.7732738562      1.14e-06   Normal BFGS step
    8    -189.7732738562      4.76e-08   Normal BFGS step
    9    -189.7732738562      2.32e-08   Normal BFGS step
   10    -189.7732738562      1.21e-09   Normal BFGS step
   11    -189.7732738562      4.99e-10   Normal BFGS step
   12    -189.7732738562      5.48e-11  Convergence criterion met
 ---------------------------------------
 SCF time:   CPU 8.60s  wall 1.00s 
 SCF   energy =  -189.77327386
 Total energy =  -189.77327386
 Integrated density by DFT XC:
   Number of electrons = 24
   Numerical integral  =    23.999999978419
   Relative error      =     0.0000000899 %

 --------------------------------------------------------------

                    Orbital Energies (a.u.)
 --------------------------------------------------------------

 Alpha MOs
 -- Occupied --
-19.1999 -19.1441 -10.3267  -1.1157  -1.0295  -0.6637  -0.5171  -0.4893
 -0.4493  -0.4066  -0.3302  -0.2896
 -- Virtual --
 -0.0011   0.0499   0.0936   0.2459   0.2578   0.4461   0.4650   0.5358
  0.5744   0.6371   0.7259   0.8580   0.9101   0.9431   0.9648   1.0157
  1.0795   1.0951   1.1636   1.3475   1.3581   1.4902   1.5778   1.6640
  1.7060   1.7398   1.8697   2.0388   2.2648   2.3190   2.6024   2.6924
  2.8238   2.8795   3.0662   3.1277   3.1425   3.4312   3.4876   3.6410
 --------------------------------------------------------------

          Ground-State Mulliken Net Atomic Charges

     Atom                 Charge (a.u.)
  ----------------------------------------
      1 C                     0.219776
      2 O                    -0.164882
      3 O                    -0.232470
      4 H                     0.021870
      5 H                     0.155706
  ----------------------------------------
  Sum of atomic charges =     0.000000

 -----------------------------------------------------------------
                    Cartesian Multipole Moments
 -----------------------------------------------------------------
    Charge (ESU x 10^10)
                -0.0000
    Dipole Moment (Debye)
         X       0.1469      Y      -0.2003      Z      -1.4023
       Tot       1.4241
    Quadrupole Moments (Debye-Ang)
        XX     -13.0589     XY      -0.0653     YY     -16.7559
        XZ      -0.8433     YZ      -1.5270     ZZ     -27.0002
    Octopole Moments (Debye-Ang^2)
       XXX      12.3588    XXY      -4.3659    XYY       4.3335
       YYY     -15.4018    XXZ     -30.6031    XYZ      -0.2625
       YYZ     -36.7015    XZZ       1.9760    YZZ     -12.3736
       ZZZ    -157.0846
    Hexadecapole Moments (Debye-Ang^3)
      XXXX     -34.4862   XXXY       4.1401   XXYY     -10.8375
      XYYY       4.4115   YYYY     -23.8968   XXXZ      29.4311
      XXYZ     -11.9680   XYYZ      10.6991   YYYZ     -39.4793
      XXZZ     -92.7939   XYZZ       1.1904   YYZZ    -101.1398
      XZZZ      29.4260   YZZZ     -68.2394   ZZZZ    -760.3686
 -----------------------------------------------------------------
 Calculating analytic gradient of the SCF energy
Added xc
 Gradient of SCF Energy
            1           2           3           4           5
    1  -0.0000070   0.0000070  -0.0000033   0.0000044  -0.0000012
    2   0.0000170  -0.0000064  -0.0000058  -0.0000049   0.0000001
    3   0.0000145  -0.0000156  -0.0000013   0.0000017   0.0000006
 Max gradient component =       1.696E-05
 RMS gradient           =       8.068E-06
 Gradient time:  CPU 1.51 s  wall 0.23 s
 Geometry Optimization Parameters
   NAtoms,    NIC,     NZ,  NCons,   NDum,   NFix, NCnnct, MaxDiis
        5      20       0       0       0       0       0       0

 Rotation Matrix is:


     1.000000    0.000000    0.000000
     0.000000    1.000000    0.000000
     0.000000    0.000000    1.000000

 Cartesian Hessian Update
 Hessian updated using BFGS update


** GEOMETRY OPTIMIZATION IN DELOCALIZED INTERNAL COORDINATES **
   Searching for a Minimum

   Optimization Cycle:   8

                       Coordinates (Angstroms)
     ATOM                X               Y               Z
      1  C        -0.6382747750    0.3137242392    2.2414251995
      2  O         0.0187790717    0.1559105336    1.0761836449
      3  O        -0.1170029319    0.4771095415    3.3128722437
      4  H        -1.7306195405    0.2684868605    2.0520330038
      5  H         0.9714381758    0.2021788252    1.2887759081
   Point Group: c1    Number of degrees of freedom:     9


   Energy is   -189.773273856


                       Cartesian Gradient (au)
     ATOM              X           Y           Z
    1  C          -0.000007    0.000017    0.000015
    2  O           0.000007   -0.000006   -0.000016
    3  O          -0.000003   -0.000006   -0.000001
    4  H           0.000004   -0.000005    0.000002
    5  H          -0.000001    0.000000    0.000001
  CALCULATING B-MATRIX COLUMN:           1
  CALCULATING B-MATRIX COLUMN:           2
  CALCULATING B-MATRIX COLUMN:           3
  CALCULATING B-MATRIX COLUMN:           4
  CALCULATING B-MATRIX COLUMN:           5
  CALCULATING B-MATRIX COLUMN:           6
  CALCULATING B-MATRIX COLUMN:           7
  CALCULATING B-MATRIX COLUMN:           8
  CALCULATING B-MATRIX COLUMN:           9
  CALCULATING B-MATRIX COLUMN:          10

      B-Matrix



    -0.487790   -0.433428    0.984481    0.000000    0.739351   -0.259548
     0.117159   -0.135852    0.040770    0.000000    0.011892   -0.098812
     0.865063   -0.890889    0.170691    0.000000   -0.000788   -0.653828
     0.487790    0.000000    0.000000   -0.974899   -0.342890    0.342889
    -0.117159    0.000000    0.000000   -0.047348   -0.032880    0.032923
    -0.865063    0.000000    0.000000   -0.217555   -0.188895    0.188889
     0.000000    0.433428    0.000000    0.000000   -0.396461    0.000000
     0.000000    0.135852    0.000000    0.000000    0.020989    0.000000
     0.000000    0.890889    0.000000    0.000000    0.189683    0.000000
     0.000000    0.000000   -0.984481    0.000000    0.000000   -0.083341
     0.000000    0.000000   -0.040770    0.000000    0.000000    0.065890
     0.000000    0.000000   -0.170691    0.000000    0.000000    0.464940
     0.000000    0.000000    0.000000    0.974899    0.000000    0.000000
     0.000000    0.000000    0.000000    0.047348    0.000000    0.000000
     0.000000    0.000000    0.000000    0.217555    0.000000    0.000000


    -0.479800   -0.342889    0.014942   -0.008503
     0.086771   -0.032905   -0.919796    0.520250
     0.654638   -0.188891    0.132997   -0.075254
     0.000000    0.222635   -0.015400   -0.008758
     0.000000    0.106561    0.946044    0.537819
     0.000000    0.711739   -0.136810   -0.077777
     0.396460    0.000000   -0.008643    0.000000
    -0.020933    0.000000    0.532272    0.000000
    -0.189691    0.000000   -0.076962    0.000000
     0.083340    0.000000    0.000000    0.008160
    -0.065838    0.000000    0.000000   -0.499548
    -0.464947    0.000000    0.000000    0.072257
     0.000000    0.120254    0.009101    0.009101
     0.000000   -0.073656   -0.558520   -0.558520
     0.000000   -0.522847    0.080774    0.080774

  Inverse B-Matrix



     0.061290   -0.264056   -0.125505   -0.011865   -0.078492   -0.229158
     0.057324   -0.010028    0.019555    0.726689    0.022071   -0.004872
     0.389560   -0.039566    0.149187   -0.105052    0.162058   -0.007864
     0.093551    0.373603   -0.024087   -0.003635   -0.080474   -0.447896
    -0.000371   -0.024928    0.024717    0.221421    0.090877   -0.021066
    -0.013269   -0.214460    0.173648   -0.031930    0.637682   -0.095154
    -0.810502   -0.130884    0.587633    0.002417   -0.085715    0.087427
     0.127173   -0.047648    0.054598   -0.148679   -0.070544    0.000680
     0.970774   -0.314732    0.311363    0.021407   -0.478367   -0.005127
     0.195056   -0.725950   -0.577104    0.007400    0.048548    0.235091
    -0.008494    0.082387   -0.083217   -0.451090   -0.007380   -0.002819
    -0.080647    0.651559   -0.510345    0.065214   -0.056837   -0.046046
     0.460605    0.747286    0.139063    0.005683    0.196133    0.354536
    -0.175632    0.000218   -0.015653   -0.348341   -0.035024    0.028076
    -1.266417   -0.082801   -0.123853    0.050361   -0.264535    0.154191


     0.003805    0.400863   -0.158251
    -0.233142   -0.016706   -0.061189
     0.033710   -0.160711   -0.405293
    -0.007324   -0.259079    0.062413
     0.449298    0.009109    0.028178
    -0.064981    0.092154    0.187837
    -0.003151   -0.050551    0.050707
     0.193704   -0.001536    0.023583
    -0.028004   -0.004936    0.157437
     0.001577   -0.187402   -0.015098
    -0.097545   -0.003882    0.019831
     0.014105   -0.005672    0.138788
     0.005093    0.096168    0.060228
    -0.312314    0.013016   -0.010402
     0.045169    0.079165   -0.078769
 Hessian updated using BFGS update

   Hessian Matrix


     0.280422    0.040681    0.047525    0.000543   -0.155263    0.049996
     0.040681    0.391955    0.017007   -0.000406    0.044812    0.080964
     0.047525    0.017007    0.403307   -0.000287   -0.212551    0.030816
     0.000543   -0.000406   -0.000287    0.148655   -0.001396   -0.000699
    -0.155263    0.044812   -0.212551   -0.001396    0.533871   -0.032180
     0.049996    0.080964    0.030816   -0.000699   -0.032180    0.477785
    -0.000260    0.000189    0.000129   -0.057961    0.000678    0.000323
    -0.034937    0.005465    0.016508   -0.001271    0.086304    0.042637
     0.026073   -0.112522    0.183377   -0.000556   -0.209513    0.079032


    -0.000260   -0.034937    0.026073
     0.000189    0.005465   -0.112522
     0.000129    0.016508    0.183377
    -0.057961   -0.001271   -0.000556
     0.000678    0.086304   -0.209513
     0.000323    0.042637    0.079032
     0.049066    0.000611    0.000258
     0.000611    0.324009   -0.049036
     0.000258   -0.049036    0.411717

  9 Hessian modes will be used to form the next step
  Hessian Eigenvalues:
     0.022448    0.148540    0.167181    0.175293    0.269891    0.346144
     0.416999    0.546006    0.928285

  Hessian Eigenvectors:


    -0.000017   -0.028157    0.719727   -0.051687    0.471564   -0.188675
    -0.000016    0.412753   -0.051264   -0.002135   -0.364426    0.274091
    -0.000005   -0.550037    0.155078    0.003770   -0.242398    0.629346
     0.417343    0.015217    0.059132    0.906648    0.003575   -0.005597
    -0.000084   -0.136048    0.577617   -0.030633   -0.323784    0.080913
     0.000013   -0.241767   -0.132592    0.015012    0.022263   -0.372737
     0.908749   -0.006926   -0.027068   -0.416384   -0.001647    0.002630
    -0.000073    0.323138   -0.037319    0.001373    0.601285    0.585593
    -0.000065    0.587063    0.313803   -0.027532   -0.345216   -0.069009


     0.380898    0.159011   -0.224033
     0.542023    0.560512    0.105393
    -0.018496    0.058908   -0.463412
     0.005820   -0.002722   -0.000951
    -0.312585    0.081624    0.656625
    -0.395867    0.775739   -0.160727
    -0.002739    0.001267    0.000470
    -0.368479    0.196154    0.124383
    -0.412974   -0.100766   -0.501487

 Minimum search - taking simple RFO step
 Searching for Lamda that Minimizes Along All modes
 Value Taken    Lamda =  -0.00000000
 Step Taken.  Stepsize is  0.000096


     Parameter Values and Displacements in Internal Coordinates
  Coordinate  Current Value    Gradient  Displacement   New Value
       1           2.603183     0.000007    -0.000014     2.603169
       2           2.309053     0.000005    -0.000004     2.309048
       3           2.935834    -0.000006     0.000012     2.935846
       4          -2.942069     0.000013    -0.000074    -2.942143
       5          -1.325800    -0.000007     0.000021    -1.325779
       6           0.651742     0.000000    -0.000005     0.651736
       7          -1.102066    -0.000006     0.000034    -1.102032
       8           0.057270    -0.000009     0.000027     0.057296
       9           0.193658    -0.000009     0.000031     0.193689

                             Maximum     Tolerance    Cnvgd?
         Gradient           0.000013      0.000001      NO
         Displacement       0.000074      0.000001      NO
         Energy change     -0.000000      0.000000      NO


 New Cartesian Coordinates Obtained by Inverse Iteration
  CALCULATING B-MATRIX COLUMN:           1
  CALCULATING B-MATRIX COLUMN:           2
  CALCULATING B-MATRIX COLUMN:           3
  CALCULATING B-MATRIX COLUMN:           4
  CALCULATING B-MATRIX COLUMN:           5
  CALCULATING B-MATRIX COLUMN:           6
  CALCULATING B-MATRIX COLUMN:           7
  CALCULATING B-MATRIX COLUMN:           8
  CALCULATING B-MATRIX COLUMN:           9
  CALCULATING B-MATRIX COLUMN:          10

      B-Matrix



    -0.487790   -0.433428    0.984481    0.000000    0.739351   -0.259548
     0.117159   -0.135852    0.040770    0.000000    0.011892   -0.098812
     0.865063   -0.890889    0.170691    0.000000   -0.000788   -0.653828
     0.487790    0.000000    0.000000   -0.974899   -0.342890    0.342889
    -0.117159    0.000000    0.000000   -0.047348   -0.032880    0.032923
    -0.865063    0.000000    0.000000   -0.217555   -0.188895    0.188889
     0.000000    0.433428    0.000000    0.000000   -0.396461    0.000000
     0.000000    0.135852    0.000000    0.000000    0.020989    0.000000
     0.000000    0.890889    0.000000    0.000000    0.189683    0.000000
     0.000000    0.000000   -0.984481    0.000000    0.000000   -0.083341
     0.000000    0.000000   -0.040770    0.000000    0.000000    0.065890
     0.000000    0.000000   -0.170691    0.000000    0.000000    0.464940
     0.000000    0.000000    0.000000    0.974899    0.000000    0.000000
     0.000000    0.000000    0.000000    0.047348    0.000000    0.000000
     0.000000    0.000000    0.000000    0.217555    0.000000    0.000000


    -0.479800   -0.342889    0.014942   -0.008503
     0.086771   -0.032905   -0.919796    0.520250
     0.654638   -0.188891    0.132997   -0.075254
     0.000000    0.222635   -0.015400   -0.008758
     0.000000    0.106561    0.946044    0.537819
     0.000000    0.711739   -0.136810   -0.077777
     0.396460    0.000000   -0.008643    0.000000
    -0.020933    0.000000    0.532272    0.000000
    -0.189691    0.000000   -0.076962    0.000000
     0.083340    0.000000    0.000000    0.008160
    -0.065838    0.000000    0.000000   -0.499548
    -0.464947    0.000000    0.000000    0.072257
     0.000000    0.120254    0.009101    0.009101
     0.000000   -0.073656   -0.558520   -0.558520
     0.000000   -0.522847    0.080774    0.080774

  Inverse B-Matrix



     0.061290   -0.264056   -0.125505   -0.011865   -0.078492   -0.229158
     0.057324   -0.010028    0.019555    0.726689    0.022071   -0.004872
     0.389560   -0.039566    0.149187   -0.105052    0.162058   -0.007864
     0.093551    0.373603   -0.024087   -0.003635   -0.080474   -0.447896
    -0.000371   -0.024928    0.024717    0.221421    0.090877   -0.021066
    -0.013269   -0.214460    0.173648   -0.031930    0.637682   -0.095154
    -0.810502   -0.130884    0.587633    0.002417   -0.085715    0.087427
     0.127173   -0.047648    0.054598   -0.148679   -0.070544    0.000680
     0.970774   -0.314732    0.311363    0.021407   -0.478367   -0.005127
     0.195056   -0.725950   -0.577104    0.007400    0.048548    0.235091
    -0.008494    0.082387   -0.083217   -0.451090   -0.007380   -0.002819
    -0.080647    0.651559   -0.510345    0.065214   -0.056837   -0.046046
     0.460605    0.747286    0.139063    0.005683    0.196133    0.354536
    -0.175632    0.000218   -0.015653   -0.348341   -0.035024    0.028076
    -1.266417   -0.082801   -0.123853    0.050361   -0.264535    0.154191


     0.003805    0.400863   -0.158251
    -0.233142   -0.016706   -0.061189
     0.033710   -0.160711   -0.405293
    -0.007324   -0.259079    0.062413
     0.449298    0.009109    0.028178
    -0.064981    0.092154    0.187837
    -0.003151   -0.050551    0.050707
     0.193704   -0.001536    0.023583
    -0.028004   -0.004936    0.157437
     0.001577   -0.187402   -0.015098
    -0.097545   -0.003882    0.019831
     0.014105   -0.005672    0.138788
     0.005093    0.096168    0.060228
    -0.312314    0.013016   -0.010402
     0.045169    0.079165   -0.078769

     Iterative generation of Cartesian Coordinates
     Internal   True Value     Estimate     Difference
         1      2.60316899    2.60318281   -0.00001381
         2      2.30904817    2.30905266   -0.00000449
         3      2.93584551    2.93583361    0.00001190
         4     -2.94214311   -2.94206901   -0.00007409
         5     -1.32577859   -1.32579971    0.00002112
         6      0.65173621    0.65174152   -0.00000531
         7     -1.10203233   -1.10206646    0.00003413
         8      0.05729611    0.05726952    0.00002659
         9      0.19368944    0.19365834    0.00003111
     Cycle:   1  Maximum deviation:   0.00007409
  CALCULATING B-MATRIX COLUMN:           1
  CALCULATING B-MATRIX COLUMN:           2
  CALCULATING B-MATRIX COLUMN:           3
  CALCULATING B-MATRIX COLUMN:           4
  CALCULATING B-MATRIX COLUMN:           5
  CALCULATING B-MATRIX COLUMN:           6
  CALCULATING B-MATRIX COLUMN:           7
  CALCULATING B-MATRIX COLUMN:           8
  CALCULATING B-MATRIX COLUMN:           9
  CALCULATING B-MATRIX COLUMN:          10
  Torsional sign change  primitive torsion          10
    previous value:   -3.1415470772790588     
  calculated value:    3.1415808163179331     
  reassigned value:   -3.1416044908616532     

      B-Matrix



    -0.487793   -0.433432    0.984483    0.000000    0.739353   -0.259558
     0.117135   -0.135887    0.040726    0.000000    0.011939   -0.098772
     0.865065   -0.890883    0.170690    0.000000   -0.000791   -0.653836
     0.487793    0.000000    0.000000   -0.974901   -0.342894    0.342894
    -0.117135    0.000000    0.000000   -0.047356   -0.032904    0.032902
    -0.865065    0.000000    0.000000   -0.217545   -0.188896    0.188896
     0.000000    0.433432    0.000000    0.000000   -0.396458    0.000000
     0.000000    0.135887    0.000000    0.000000    0.020965    0.000000
     0.000000    0.890883    0.000000    0.000000    0.189687    0.000000
     0.000000    0.000000   -0.984483    0.000000    0.000000   -0.083336
     0.000000    0.000000   -0.040726    0.000000    0.000000    0.065870
     0.000000    0.000000   -0.170690    0.000000    0.000000    0.464940
     0.000000    0.000000    0.000000    0.974901    0.000000    0.000000
     0.000000    0.000000    0.000000    0.047356    0.000000    0.000000
     0.000000    0.000000    0.000000    0.217545    0.000000    0.000000


    -0.479795   -0.342894    0.014996   -0.008478
     0.086841   -0.032907   -0.919796    0.520253
     0.654626   -0.188896    0.133002   -0.075226
     0.000000    0.222645   -0.015427   -0.008772
     0.000000    0.106551    0.946054    0.537821
     0.000000    0.711745   -0.136800   -0.077771
     0.396458    0.000000   -0.008677    0.000000
    -0.020968    0.000000    0.532266    0.000000
    -0.189687    0.000000   -0.076965    0.000000
     0.083336    0.000000    0.000000    0.008141
    -0.065873    0.000000    0.000000   -0.499551
    -0.464940    0.000000    0.000000    0.072233
     0.000000    0.120249    0.009108    0.009108
     0.000000   -0.073644   -0.558523   -0.558523
     0.000000   -0.522850    0.080763    0.080763

  Inverse B-Matrix



     0.061291   -0.264056   -0.125503   -0.011855   -0.078489   -0.229160
     0.057327   -0.010029    0.019526    0.726690    0.022070   -0.004873
     0.389559   -0.039568    0.149193   -0.105058    0.162059   -0.007861
     0.093556    0.373605   -0.024086   -0.003617   -0.080472   -0.447896
    -0.000391   -0.024922    0.024718    0.221418    0.090871   -0.021063
    -0.013265   -0.214461    0.173649   -0.031945    0.637684   -0.095151
    -0.810500   -0.130891    0.587636    0.002410   -0.085716    0.087428
     0.127158   -0.047642    0.054600   -0.148673   -0.070552    0.000684
     0.970781   -0.314733    0.311361    0.021444   -0.478364   -0.005128
     0.195055   -0.725945   -0.577107    0.007354    0.048551    0.235089
    -0.008482    0.082381   -0.083202   -0.451089   -0.007376   -0.002826
    -0.080651    0.651558   -0.510347    0.065224   -0.056843   -0.046046
     0.460598    0.747288    0.139061    0.005708    0.196126    0.354539
    -0.175612    0.000211   -0.015643   -0.348346   -0.035013    0.028078
    -1.266425   -0.082796   -0.123855    0.050335   -0.264536    0.154185


     0.003809    0.400861   -0.158249
    -0.233141   -0.016699   -0.061184
     0.033711   -0.160713   -0.405295
    -0.007333   -0.259076    0.062411
     0.449299    0.009092    0.028183
    -0.064967    0.092155    0.187836
    -0.003159   -0.050553    0.050707
     0.193699   -0.001542    0.023593
    -0.028012   -0.004934    0.157437
     0.001588   -0.187403   -0.015092
    -0.097544   -0.003872    0.019819
     0.014104   -0.005668    0.138786
     0.005095    0.096171    0.060223
    -0.312313    0.013021   -0.010411
     0.045164    0.079159   -0.078764

     Iterative generation of Cartesian Coordinates
     Internal   True Value     Estimate     Difference
         1      2.60316899    2.60316900   -0.00000000
         2      2.30904817    2.30904817   -0.00000000
         3      2.93584551    2.93584551   -0.00000000
         4     -2.94214311   -2.94214311   -0.00000000
         5     -1.32577859   -1.32577859    0.00000000
         6      0.65173621    0.65173621    0.00000000
         7     -1.10203233   -1.10203233   -0.00000000
         8      0.05729611    0.05729611   -0.00000000
         9      0.19368944    0.19368944   -0.00000000
     Cycle:   2  Maximum deviation:   0.00000000

 Displacement from previous Coordinates is:  0.000084
 ----------------------------------------------------------------
             Standard Nuclear Orientation (Angstroms)
    I     Atom           X                Y                Z
 ----------------------------------------------------------------
    1      C      -0.6382720504     0.3136902821     2.2414210139
    2      O       0.0187751008     0.1559118517     1.0761972064
    3      O      -0.1169942291     0.4771179730     3.3128636996
    4      H      -1.7306261397     0.2685023248     2.0520282295
    5      H       0.9714373184     0.2021875683     1.2887798506
 ----------------------------------------------------------------
 Nuclear Repulsion Energy =          70.01088158 hartrees
 There are       12 alpha and       12 beta electrons
 Applying Cartesian multipole field
    Component          Value
    ---------          -----
     (2,0,0)        1.00000E-11
     (0,2,0)        2.00000E-10
     (0,0,2)       -3.00000E-11
 Nucleus-field energy     =    -0.0000000121 hartrees
 Requested basis set is cc-pVDZ
 There are 24 shells and 52 basis functions
 A cutoff of  1.0D-14 yielded    299 shell pairs
 There are      1431 function pairs (      1608 Cartesian)
 Smallest overlap matrix eigenvalue = 1.37E-02
 Guess MOs from SCF MO coefficient file

 -----------------------------------------------------------------------
  General SCF calculation program by
  Eric Jon Sundstrom, Paul Horn, Yuezhi Mao, Dmitri Zuev, Alec White,
  David Stuck, Shaama M.S., Shane Yost, Joonho Lee, David Small,
  Daniel Levine, Susi Lehtola, Hugh Burton, Evgeny Epifanovsky,
  Bang C. Huynh
 -----------------------------------------------------------------------
 Exchange:     0.2000 Hartree-Fock + 0.0800 Slater + 0.7200 B88
 Correlation:  0.1900 VWN1RPA + 0.8100 LYP
 Using Euler-Maclaurin-Lebedev (99,590) quadrature formula
Added inc_jk
Added qchem_hcore
Added xc
Added P-dependent contribution
 A restricted SCF calculation will be
 performed using GDM
 SCF converges when RMS gradient is below 1.0e-10
 User-specified cutoff of 10e-14
 used for neglect of 2-electron integrals.
 A cutoff of 10e-14
 used for neglect of overlap integrals.
 Incremental Fock algorithm is on at the start.
 ---------------------------------------
  Cycle       Energy        RMS Gradient
 ---------------------------------------
    1    -189.7732738558      1.02e-05   Normal BFGS step
    2    -189.7732738571      5.28e-06   Normal BFGS step
    3    -189.7732738571      1.33e-05   Normal BFGS step
    4    -189.7732738572      7.26e-07   Normal BFGS step
    5    -189.7732738572      6.36e-07   Normal BFGS step
    6    -189.7732738572      2.20e-07   Normal BFGS step
    7    -189.7732738572      1.97e-07   Normal BFGS step
    8    -189.7732738572      8.10e-09   Normal BFGS step
    9    -189.7732738572      4.90e-09   Normal BFGS step
   10    -189.7732738572      1.65e-10   Normal BFGS step
   11    -189.7732738572      6.23e-11  Convergence criterion met
 ---------------------------------------
 SCF time:   CPU 7.98s  wall 1.00s 
 SCF   energy =  -189.77327386
 Total energy =  -189.77327386
 Integrated density by DFT XC:
   Number of electrons = 24
   Numerical integral  =    23.999999978446
   Relative error      =     0.0000000898 %

 --------------------------------------------------------------

                    Orbital Energies (a.u.)
 --------------------------------------------------------------

 Alpha MOs
 -- Occupied --
-19.1999 -19.1441 -10.3267  -1.1157  -1.0295  -0.6638  -0.5171  -0.4893
 -0.4493  -0.4066  -0.3302  -0.2896
 -- Virtual --
 -0.0011   0.0499   0.0936   0.2459   0.2579   0.4461   0.4650   0.5358
  0.5744   0.6371   0.7259   0.8580   0.9101   0.9431   0.9648   1.0157
  1.0795   1.0951   1.1636   1.3475   1.3581   1.4902   1.5778   1.6640
  1.7060   1.7398   1.8697   2.0388   2.2649   2.3190   2.6024   2.6924
  2.8238   2.8795   3.0662   3.1277   3.1425   3.4312   3.4876   3.6410
 --------------------------------------------------------------

          Ground-State Mulliken Net Atomic Charges

     Atom                 Charge (a.u.)
  ----------------------------------------
      1 C                     0.219768
      2 O                    -0.164865
      3 O                    -0.232480
      4 H                     0.021869
      5 H                     0.155707
  ----------------------------------------
  Sum of atomic charges =     0.000000

 -----------------------------------------------------------------
                    Cartesian Multipole Moments
 -----------------------------------------------------------------
    Charge (ESU x 10^10)
                -0.0000
    Dipole Moment (Debye)
         X       0.1470      Y      -0.2004      Z      -1.4024
       Tot       1.4242
    Quadrupole Moments (Debye-Ang)
        XX     -13.0589     XY      -0.0653     YY     -16.7559
        XZ      -0.8433     YZ      -1.5272     ZZ     -27.0006
    Octopole Moments (Debye-Ang^2)
       XXX      12.3588    XXY      -4.3657    XYY       4.3335
       YYY     -15.4016    XXZ     -30.6032    XYZ      -0.2625
       YYZ     -36.7016    XZZ       1.9761    YZZ     -12.3741
       ZZZ    -157.0862
    Hexadecapole Moments (Debye-Ang^3)
      XXXX     -34.4862   XXXY       4.1397   XXYY     -10.8375
      XYYY       4.4113   YYYY     -23.8965   XXXZ      29.4307
      XXYZ     -11.9677   XYYZ      10.6990   YYYZ     -39.4789
      XXZZ     -92.7940   XYZZ       1.1903   YYZZ    -101.1401
      XZZZ      29.4256   YZZZ     -68.2401   ZZZZ    -760.3726
 -----------------------------------------------------------------
 Calculating analytic gradient of the SCF energy
Added xc
 Gradient of SCF Energy
            1           2           3           4           5
    1  -0.0000003  -0.0000001   0.0000002   0.0000001   0.0000002
    2  -0.0000001   0.0000000   0.0000000   0.0000000   0.0000000
    3  -0.0000001  -0.0000003   0.0000001   0.0000002   0.0000000
 Max gradient component =       3.322E-07
 RMS gradient           =       1.564E-07
 Gradient time:  CPU 1.52 s  wall 0.23 s
 Geometry Optimization Parameters
   NAtoms,    NIC,     NZ,  NCons,   NDum,   NFix, NCnnct, MaxDiis
        5      20       0       0       0       0       0       0

 Rotation Matrix is:


     1.000000    0.000000    0.000000
     0.000000    1.000000    0.000000
     0.000000    0.000000    1.000000

 Cartesian Hessian Update
 Hessian updated using BFGS update
**WARNING** Hereditary positive definiteness endangered
 due to small product of step size times gradient change
**WARNING** Small scalar product
 Hessian update skipped this cycle


** GEOMETRY OPTIMIZATION IN DELOCALIZED INTERNAL COORDINATES **
   Searching for a Minimum

   Optimization Cycle:   9

                       Coordinates (Angstroms)
     ATOM                X               Y               Z
      1  C        -0.6382720504    0.3136902821    2.2414210139
      2  O         0.0187751008    0.1559118517    1.0761972064
      3  O        -0.1169942291    0.4771179730    3.3128636996
      4  H        -1.7306261397    0.2685023248    2.0520282295
      5  H         0.9714373184    0.2021875683    1.2887798506
   Point Group: c1    Number of degrees of freedom:     9


   Energy is   -189.773273857


                       Cartesian Gradient (au)
     ATOM              X           Y           Z
    1  C          -0.000000   -0.000000   -0.000000
    2  O          -0.000000    0.000000   -0.000000
    3  O           0.000000    0.000000    0.000000
    4  H           0.000000    0.000000    0.000000
    5  H           0.000000    0.000000    0.000000
  CALCULATING B-MATRIX COLUMN:           1
  CALCULATING B-MATRIX COLUMN:           2
  CALCULATING B-MATRIX COLUMN:           3
  CALCULATING B-MATRIX COLUMN:           4
  CALCULATING B-MATRIX COLUMN:           5
  CALCULATING B-MATRIX COLUMN:           6
  CALCULATING B-MATRIX COLUMN:           7
  CALCULATING B-MATRIX COLUMN:           8
  CALCULATING B-MATRIX COLUMN:           9
  CALCULATING B-MATRIX COLUMN:          10

      B-Matrix



    -0.487793   -0.433432    0.984483    0.000000    0.739353   -0.259558
     0.117135   -0.135887    0.040726    0.000000    0.011939   -0.098772
     0.865065   -0.890883    0.170690    0.000000   -0.000791   -0.653836
     0.487793    0.000000    0.000000   -0.974901   -0.342894    0.342894
    -0.117135    0.000000    0.000000   -0.047356   -0.032904    0.032902
    -0.865065    0.000000    0.000000   -0.217545   -0.188896    0.188896
     0.000000    0.433432    0.000000    0.000000   -0.396458    0.000000
     0.000000    0.135887    0.000000    0.000000    0.020965    0.000000
     0.000000    0.890883    0.000000    0.000000    0.189687    0.000000
     0.000000    0.000000   -0.984483    0.000000    0.000000   -0.083336
     0.000000    0.000000   -0.040726    0.000000    0.000000    0.065870
     0.000000    0.000000   -0.170690    0.000000    0.000000    0.464940
     0.000000    0.000000    0.000000    0.974901    0.000000    0.000000
     0.000000    0.000000    0.000000    0.047356    0.000000    0.000000
     0.000000    0.000000    0.000000    0.217545    0.000000    0.000000


    -0.479795   -0.342894    0.014996   -0.008478
     0.086841   -0.032907   -0.919796    0.520253
     0.654626   -0.188896    0.133002   -0.075226
     0.000000    0.222645   -0.015427   -0.008772
     0.000000    0.106551    0.946054    0.537821
     0.000000    0.711745   -0.136800   -0.077771
     0.396458    0.000000   -0.008677    0.000000
    -0.020968    0.000000    0.532266    0.000000
    -0.189687    0.000000   -0.076965    0.000000
     0.083336    0.000000    0.000000    0.008141
    -0.065873    0.000000    0.000000   -0.499551
    -0.464940    0.000000    0.000000    0.072233
     0.000000    0.120249    0.009108    0.009108
     0.000000   -0.073644   -0.558523   -0.558523
     0.000000   -0.522850    0.080763    0.080763

  Inverse B-Matrix



     0.061291   -0.264056   -0.125503   -0.011855   -0.078489   -0.229160
     0.057327   -0.010029    0.019526    0.726690    0.022070   -0.004873
     0.389559   -0.039568    0.149193   -0.105058    0.162059   -0.007861
     0.093556    0.373605   -0.024086   -0.003617   -0.080472   -0.447896
    -0.000391   -0.024922    0.024718    0.221418    0.090871   -0.021063
    -0.013265   -0.214461    0.173649   -0.031945    0.637684   -0.095151
    -0.810500   -0.130891    0.587636    0.002410   -0.085716    0.087428
     0.127158   -0.047642    0.054600   -0.148673   -0.070552    0.000684
     0.970781   -0.314733    0.311361    0.021444   -0.478364   -0.005128
     0.195055   -0.725945   -0.577107    0.007354    0.048551    0.235089
    -0.008482    0.082381   -0.083202   -0.451089   -0.007376   -0.002826
    -0.080651    0.651558   -0.510347    0.065224   -0.056843   -0.046046
     0.460598    0.747288    0.139061    0.005708    0.196126    0.354539
    -0.175612    0.000211   -0.015643   -0.348346   -0.035013    0.028078
    -1.266425   -0.082796   -0.123855    0.050335   -0.264536    0.154185


     0.003809    0.400861   -0.158249
    -0.233141   -0.016699   -0.061184
     0.033711   -0.160713   -0.405295
    -0.007333   -0.259076    0.062411
     0.449299    0.009092    0.028183
    -0.064967    0.092155    0.187836
    -0.003159   -0.050553    0.050707
     0.193699   -0.001542    0.023593
    -0.028012   -0.004934    0.157437
     0.001588   -0.187403   -0.015092
    -0.097544   -0.003872    0.019819
     0.014104   -0.005668    0.138786
     0.005095    0.096171    0.060223
    -0.312313    0.013021   -0.010411
     0.045164    0.079159   -0.078764
 Hessian updated using BFGS update
**WARNING** Hereditary positive definiteness endangered
 due to small product of step size times gradient change
**WARNING** Small scalar product
 Hessian update skipped this cycle

   Hessian Matrix


     0.280422    0.040681    0.047525    0.000543   -0.155263    0.049996
     0.040681    0.391955    0.017007   -0.000406    0.044812    0.080964
     0.047525    0.017007    0.403307   -0.000287   -0.212551    0.030816
     0.000543   -0.000406   -0.000287    0.148655   -0.001396   -0.000699
    -0.155263    0.044812   -0.212551   -0.001396    0.533871   -0.032180
     0.049996    0.080964    0.030816   -0.000699   -0.032180    0.477785
    -0.000260    0.000189    0.000129   -0.057961    0.000678    0.000323
    -0.034937    0.005465    0.016508   -0.001271    0.086304    0.042637
     0.026073   -0.112522    0.183377   -0.000556   -0.209513    0.079032


    -0.000260   -0.034937    0.026073
     0.000189    0.005465   -0.112522
     0.000129    0.016508    0.183377
    -0.057961   -0.001271   -0.000556
     0.000678    0.086304   -0.209513
     0.000323    0.042637    0.079032
     0.049066    0.000611    0.000258
     0.000611    0.324009   -0.049036
     0.000258   -0.049036    0.411717

  9 Hessian modes will be used to form the next step
  Hessian Eigenvalues:
     0.022448    0.148540    0.167181    0.175293    0.269891    0.346144
     0.416999    0.546006    0.928285

  Hessian Eigenvectors:


    -0.000017   -0.028157    0.719727   -0.051687    0.471564   -0.188675
    -0.000016    0.412753   -0.051264   -0.002135   -0.364426    0.274091
    -0.000005   -0.550037    0.155078    0.003770   -0.242398    0.629346
     0.417343    0.015217    0.059132    0.906648    0.003575   -0.005597
    -0.000084   -0.136048    0.577617   -0.030633   -0.323784    0.080913
     0.000013   -0.241767   -0.132592    0.015012    0.022263   -0.372737
     0.908749   -0.006926   -0.027068   -0.416384   -0.001647    0.002630
    -0.000073    0.323138   -0.037319    0.001373    0.601285    0.585593
    -0.000065    0.587063    0.313803   -0.027532   -0.345216   -0.069009


     0.380898    0.159011   -0.224033
     0.542023    0.560512    0.105393
    -0.018496    0.058908   -0.463412
     0.005820   -0.002722   -0.000951
    -0.312585    0.081624    0.656625
    -0.395867    0.775739   -0.160727
    -0.002739    0.001267    0.000470
    -0.368479    0.196154    0.124383
    -0.412974   -0.100766   -0.501487

 Minimum search - taking simple RFO step
 Searching for Lamda that Minimizes Along All modes
 Value Taken    Lamda =  -0.00000000
 Step Taken.  Stepsize is  0.000002


     Parameter Values and Displacements in Internal Coordinates
  Coordinate  Current Value    Gradient  Displacement   New Value
       1           2.603159    -0.000000     0.000001     2.603159
       2           2.309031     0.000000    -0.000001     2.309030
       3           2.935855     0.000000     0.000000     2.935856
       4           2.941779    -0.000000     0.000000     2.941779
       5          -1.326458    -0.000000     0.000001    -1.326457
       6           0.651728     0.000000    -0.000000     0.651727
       7           1.102028     0.000000    -0.000000     1.102028
       8           0.057265    -0.000000     0.000000     0.057265
       9           0.193717     0.000000    -0.000000     0.193716

                             Maximum     Tolerance    Cnvgd?
         Gradient           0.000000      0.000001     YES
         Displacement       0.000001      0.000001     YES
         Energy change     -0.000000      0.000000     YES


                       Distance Matrix (Angstroms)
             C (  1)   O (  2)   O (  3)   H (  4)
   O (  2)  1.346979
   O (  3)  1.202676  2.263688
   H (  4)  1.109572  2.006322  2.058406
   H (  5)  1.873799  0.977189  2.314559  2.808575

 Final energy is   -189.77327385719860     


 ******************************
 **  OPTIMIZATION CONVERGED  **
 ******************************

                       Coordinates (Angstroms)
     ATOM                X               Y               Z
      1  C        -0.6382720504    0.3136902821    2.2414210139
      2  O         0.0187751008    0.1559118517    1.0761972064
      3  O        -0.1169942291    0.4771179730    3.3128636996
      4  H        -1.7306261397    0.2685023248    2.0520282295
      5  H         0.9714373184    0.2021875683    1.2887798506

Z-matrix Print:
$molecule
0 1
C 
H  1 1.109572
O  1 1.202676 2 125.753902
O  1 1.346979 2 109.135043 3 -180.000000 0
H  4 0.977189 1 106.368406 2 180.000000 0
$end


 --------------------------------------------------------------

                    Orbital Energies (a.u.)
 --------------------------------------------------------------

 Alpha MOs
 -- Occupied --
-19.1999 -19.1441 -10.3267  -1.1157  -1.0295  -0.6638  -0.5171  -0.4893
 -0.4493  -0.4066  -0.3302  -0.2896
 -- Virtual --
 -0.0011   0.0499   0.0936   0.2459   0.2579   0.4461   0.4650   0.5358
  0.5744   0.6371   0.7259   0.8580   0.9101   0.9431   0.9648   1.0157
  1.0795   1.0951   1.1636   1.3475   1.3581   1.4902   1.5778   1.6640
  1.7060   1.7398   1.8697   2.0388   2.2649   2.3190   2.6024   2.6924
  2.8238   2.8795   3.0662   3.1277   3.1425   3.4312   3.4876   3.6410
 --------------------------------------------------------------

          Ground-State Mulliken Net Atomic Charges

     Atom                 Charge (a.u.)
  ----------------------------------------
      1 C                     0.219768
      2 O                    -0.164865
      3 O                    -0.232480
      4 H                     0.021869
      5 H                     0.155707
  ----------------------------------------
  Sum of atomic charges =     0.000000

 -----------------------------------------------------------------
                    Cartesian Multipole Moments
 -----------------------------------------------------------------
    Charge (ESU x 10^10)
                -0.0000
    Dipole Moment (Debye)
         X       0.1470      Y      -0.2004      Z      -1.4024
       Tot       1.4242
    Quadrupole Moments (Debye-Ang)
        XX     -13.0589     XY      -0.0653     YY     -16.7559
        XZ      -0.8433     YZ      -1.5272     ZZ     -27.0006
    Octopole Moments (Debye-Ang^2)
       XXX      12.3588    XXY      -4.3657    XYY       4.3335
       YYY     -15.4016    XXZ     -30.6032    XYZ      -0.2625
       YYZ     -36.7016    XZZ       1.9761    YZZ     -12.3741
       ZZZ    -157.0862
    Hexadecapole Moments (Debye-Ang^3)
      XXXX     -34.4862   XXXY       4.1397   XXYY     -10.8375
      XYYY       4.4113   YYYY     -23.8965   XXXZ      29.4307
      XXYZ     -11.9677   XYYZ      10.6990   YYYZ     -39.4789
      XXZZ     -92.7940   XYZZ       1.1903   YYZZ    -101.1401
      XZZZ      29.4256   YZZZ     -68.2401   ZZZZ    -760.3726
 -----------------------------------------------------------------
 Total job time:  15.91s(wall), 121.65s(cpu) 
 Sun Mar  1 17:01:23 2026

        *************************************************************
        *                                                           *
        *  Thank you very much for using Q-Chem.  Have a nice day.  *
        *                                                           *
        *************************************************************


 
User input: 2 of 2 
 
                  Welcome to Q-Chem
     A Quantum Leap Into The Future Of Chemistry


 Q-Chem 6.3 (devel), Q-Chem, Inc., Pleasanton, CA (2025)

 E. Epifanovsky,  A. T. B. Gilbert,  Xintian Feng,  Joonho Lee,  Yuezhi Mao,  
 N. Mardirossian,  P. Pokhilko,  A. White,  M. Wormit,  M. P. Coons,  
 A. L. Dempwolff,  Zhengting Gan,  D. Hait,  P. R. Horn,  L. D. Jacobson,  
 I. Kaliman,  J. Kussmann,  A. W. Lange,  Ka Un Lao,  D. S. Levine,  Jie Liu,  
 S. C. McKenzie,  A. F. Morrison,  K. D. Nanda,  F. Plasser,  D. R. Rehn,  
 M. L. Vidal,  Zhi-Qiang You,  Ying Zhu,  Huseyin Aksu,  B. Alam,  
 B. Albrecht,  A. Aldossary,  E. Alguire,  J. H. Andersen,  
 J. E. Arias-Martinez,  V. Athavale,  F. Ballesteros,  D. Barton,  K. Begam,  
 A. Behn,  N. Bellonzi,  Y. A. Bernard,  E. J. Berquist,  H. Burton,  
 S. Camps,  A. Carreras,  K. Carter-Fenk,  Mathew Chow,  Romit Chakraborty,  
 Chandrima Chakravarty,  Junhan Chen,  A. D. Chien,  K. D. Closser,  
 V. Cofer-Shabica,  L. Cunha,  S. Dasgupta,  Jia Deng,  Joseph Dickinson,  
 M. de Wergifosse,  M. Diedenhofen,  L. B. Dittmer,  Hainam Do,  Wenjie Dou,  
 S. Ehlert,  Po-Tung Fang,  S. Fatehi,  Qingguo Feng,  Jonathan Fetherolf,  
 T. Friedhoff,  Thomas Froitzheim,  Sarai Folkestad,  B. Ganoe,  J. Gayvert,  
 Qinghui Ge,  G. Gidofalvi,  M. Gimferrer,  G. Giudetti,  M. Goldey,  
 Montgomery Gray,  J. Gomes,  C. Gonzalez-Espinoza,  S. Gulania,  A. Gunina,  
 J. A. Gyamfi,  M. W. D. Hanson-Heine,  P. H. P. Harbach,  A. W. Hauser,  
 M. F. Herbst,  M. Hernandez Vera,  M. Hodecker,  Z. C. Holden,  S. Houck,  
 Xunkun Huang,  Kerwin Hui,  B. C. Huynh,  K. Ikeda,  M. Ivanov,  
 Nayanthara K. Jayadev,  Hyunjun Ji,  Zuxin Jin,  Hanjie Jiang,  
 Subrata Jana,  B. Kaduk,  S. Kaehler,  R. Kang,  Richard Kang,  
 K. Khistyaev,  Jaehoon Kim,  Yongbin Kim,  P. Klunzinger,  Z. Koczor-Benda,  
 Joong Hoon Koh,  D. Kosenkov,  Saikiran Kotaru,  L. Koulias,  T. Kowalczyk,  
 C. M. Krauter,  K. Kue,  A. Kunitsa,  T. Kus,  A. Landau,  C. W. Lander,  
 K. V. Lawler,  D. Lefrancois,  S. Lehtola,  Rain Li,  Shaozhi Li,  
 Tao E. Li,  Yi-Pei Li,  Jiashu Liang,  M. Liebenthal,  Hung-Hsuan Lin,  
 You-Sheng Lin,  Fenglai Liu,  Kuan-Yu Liu,  Xiao Liu,  M. Loipersberger,  
 A. Luenser,  C. Malbon,  Aniket Mandal,  Manisha,  A. Manjanath,  
 P. Manohar,  E. Mansoor,  S. F. Manzer,  Shan-Ping Mao,  A. V. Marenich,  
 T. Markovich,  S. Mason,  F. Matz,  S. A. Maurer,  Samuel May,  
 Alexandra McIsaac,  P. F. McLaughlin,  M. F. S. J. Menger,  J.-M. Mewes,  
 S. A. Mewes,  R. E. Moorby,  P. Morgante,  Mohammad Mostafanejad,  
 Madhubani Mukherjee,  J. W. Mullinax,  Quyen Nguyen,  Avik Kumar Ojha,  
 K. J. Oosterbaan,  Eno Paenurk,  Xiaoliang Pan,  G. Paran,  V. Parravicini,  
 R. L. Patterson,  Alexander C. Paul,  Suranjan K. Paul,  F. Pavosevic,  
 Zheng Pei,  P. Pokhilko,  S. Prager,  E. I. Proynov,  E. Ramos,  B. Rana,  
 A. E. Rask,  A. Rettig,  R. M. Richard,  F. Rob,  E. Rossomme,  S. Roy,  
 T. Scheele,  M. Scheurer,  M. Schneider,  P. E. Schneider,  Tim K. Schramm,  
 N. Sergueev,  S. M. Sharada,  Hengyuan Shen,  W. Skomorowski,  D. W. Small,  
 C. J. Stein,  Alistair J. Sterling,  Yingli Su,  Yu-Chuan Su,  
 E. J. Sundstrom,  J. Talbot,  J. A. Tan,  Zhen Tao,  Hung-Hsuan Teh,  
 J. Thirman,  C. Titeca,  N. Tkachenko,  Hung-Yi Tsai,  T. Tsuchimochi,  
 N. M. Tubman,  C. Utku,  S. P. Veccham,  O. Vydrov,  Z. Wang,  Rahel Weiss,  
 J. Wenzel,  Jonathan Wong,  J. Witte,  H. Wu,  Yanze Wu,  A. Yamada,  
 Chou-Hsun Yang,  Kun Yao,  S. Yeganeh,  S. R. Yost,  Qi Yu,  A. Zech,  
 F. Zeller,  Chongxiao Zhao,  T. Zhao,  Igor Ying Zhang,  Xing Zhang,  
 Yu Zhang,  D. Zuev,  A. Aspuru-Guzik,  A. T. Bell,  N. A. Besley,  
 K. B. Bravaya,  B. R. Brooks,  D. Casanova,  Jeng-Da Chai,  Hsing-Ta Chen,  
 S. Coriani,  C. J. Cramer,  A. E. DePrince, III,  R. A. DiStasio Jr.,  
 A. Dreuw,  B. D. Dunietz,  T. R. Furlani,  W. A. Goddard III,  S. Grimme,  
 S. Hammes-Schiffer,  T. Head-Gordon,  W. J. Hehre,  Chao-Ping Hsu,  
 T.-C. Jagau,  Yousung Jung,  A. Klamt,  Jing Kong,  D. S. Lambrecht,  
 Xiangyuan Li,  WanZhen Liang,  N. J. Mayhall,  C. W. McCurdy,  J. B. Neaton,  
 T. Neudecker,  C. Ochsenfeld,  J. A. Parkhill,  R. Peverati,  
 V. A. Rassolov,  Haisheng Ren,  Yihan Shao,  L. V. Slipchenko,  
 R. P. Steele,  J. E. Subotnik,  A. J. W. Thom,  A. Tkatchenko,  
 D. G. Truhlar,  T. Van Voorhis,  Fan Wang,  T. A. Wesolowski,  K. B. Whaley,  
 H. L. Woodcock III,  P. M. Zimmerman,  S. Faraji,  P. M. W. Gill,  
 M. Head-Gordon,  J. M. Herbert,  A. I. Krylov

 Contributors to earlier versions of Q-Chem not listed above: 
 R. D. Adamson,  B. Austin,  R. Baer,  J. Baker,  G. J. O. Beran,  
 K. Brandhorst,  S. T. Brown,  E. F. C. Byrd,  Arup K. Chakraborty,  
 G. K. L. Chan,  Chun-Min Chang,  Yunqing Chen,  C.-L. Cheng,  
 Siu Hung Chien,  D. M. Chipman,  D. L. Crittenden,  H. Dachsel,  
 R. J. Doerksen,  A. D. Dutoi,  R. G. Edgar,  J. Fosso-Tande,  
 L. Fusti-Molnar,  D. Ghosh,  A. Ghysels,  A. Golubeva-Zadorozhnaya,  
 J. Gonthier,  M. S. Gordon,  S. R. Gwaltney,  G. Hawkins,  J. E. Herr,  
 A. Heyden,  S. Hirata,  E. G. Hohenstein,  G. Kedziora,  F. J. Keil,  
 C. Kelley,  Jihan Kim,  R. A. King,  R. Z. Khaliullin,  P. P. Korambath,  
 W. Kurlancheek,  A. Laurent,  A. M. Lee,  M. S. Lee,  S. V. Levchenko,  
 Ching Yeh Lin,  D. Liotard,  E. Livshits,  R. C. Lochan,  I. Lotan,  
 L. A. Martinez-Martinez,  P. E. Maslen,  N. Nair,  D. P. O'Neill,  
 D. Neuhauser,  E. Neuscamman,  C. M. Oana,  R. Olivares-Amaya,  R. Olson,  
 T. M. Perrine,  B. Peters,  P. A. Pieniazek,  A. Prociuk,  Y. M. Rhee,  
 J. Ritchie,  M. A. Rohrdanz,  E. Rosta,  N. J. Russ,  H. F. Schaefer III,  
 M. W. Schmidt,  N. E. Schultz,  S. Sharma,  N. Shenvi,  C. D. Sherrill,  
 A. C. Simmonett,  A. Sodt,  T. Stein,  D. Stuck,  K. S. Thanthiriwatte,  
 V. Vanovschi,  L. Vogt,  Tao Wang,  A. Warshel,  M. A. Watson,  
 C. F. Williams,  Q. Wu,  X. Xu,  Jun Yang,  W. Zhang,  Yan Zhao

   Please cite Q-Chem as follows:
  "Software for the frontiers of quantum chemistry:
   An overview of developments in the Q-Chem 5 package"
   J. Chem. Phys. 155, 084801 (2021)
   https://doi.org/10.1063/5.0055522 (open access)

 Q-Chem 6.3.0 for Intel X86 EM64T Linux

 Parts of Q-Chem use Armadillo 12.8.2 (Cortisol Injector).
 http://arma.sourceforge.net/

 Q-Chem begins on Sun Mar  1 17:01:23 2026  

 Host: della-h14n9
0

 Scratch files written to /scratch/gpfs/SHS/nb2617/nb2617/scratch/qchem2647026//
 Executable: /scratch/gpfs/SHS/nb2617/nb2617/project/qchem/exe/qcprog.exe
 Number of threads = 16
 Processing $rem in /scratch/gpfs/SHS/nb2617/nb2617/project/qchem/config/preferences:
 Processing $rem in /home/nb2617/.qchemrc:
 User has disabled the Standard Nuclear Orientation.  Turning symmetry off.

 Checking the input file for inconsistencies... 	...done.

--------------------------------------------------------------
User input:
--------------------------------------------------------------
$molecule
    READ
$end
$rem
    JOBTYPE         FREQ

    method = B3LYP
    basis = cc-pVDZ
    ! DFT_D D3_BJ
    NO_REORIENT    TRUE


    SCF_ALGORITHM GDM
    THRESH 14
    SCF_CONVERGENCE 10
    max_scf_cycles 500
    VIBMAN_PRINT = 7
    GEOM_OPT_PRINT = 7
    GEOM_OPT_DRIVER = OPTIMIZE

    XC_GRID              	= 000099000590
    NL_GRID              	= 000099000590

    MEM_TOTAL 30000

    ANHAR           TRUE
    FDIFF_STEPSIZE_QFF 5291
    VIBMAN_PRINT    6
    IGNORE_LOW_FREQ 300
$end
--------------------------------------------------------------
 ----------------------------------------------------------------
             Standard Nuclear Orientation (Angstroms)
    I     Atom           X                Y                Z
 ----------------------------------------------------------------
    1      C      -0.6382720504     0.3136902821     2.2414210139
    2      O       0.0187751008     0.1559118517     1.0761972064
    3      O      -0.1169942291     0.4771179730     3.3128636996
    4      H      -1.7306261397     0.2685023248     2.0520282295
    5      H       0.9714373184     0.2021875683     1.2887798506
 ----------------------------------------------------------------
 Nuclear Repulsion Energy =          70.01088158 hartrees
 There are       12 alpha and       12 beta electrons
 Requested basis set is cc-pVDZ
 There are 24 shells and 52 basis functions

 Total QAlloc Memory Limit  30000 MB
 Mega-Array Size       188 MB
 MEM_STATIC part       192 MB


                       Distance Matrix (Angstroms)
             C (  1)   O (  2)   O (  3)   H (  4)
   O (  2)  1.346979
   O (  3)  1.202676  2.263688
   H (  4)  1.109572  2.006322  2.058406
   H (  5)  1.873799  0.977189  2.314559  2.808575

 A cutoff of  1.0D-14 yielded    299 shell pairs
 There are      1431 function pairs (      1608 Cartesian)
 Smallest overlap matrix eigenvalue = 1.37E-02
 Guess from superposition of atomic densities
 Warning:  Energy on first SCF cycle will be non-variational
 SAD guess density has 24.000000 electrons

 -----------------------------------------------------------------------
  General SCF calculation program by
  Eric Jon Sundstrom, Paul Horn, Yuezhi Mao, Dmitri Zuev, Alec White,
  David Stuck, Shaama M.S., Shane Yost, Joonho Lee, David Small,
  Daniel Levine, Susi Lehtola, Hugh Burton, Evgeny Epifanovsky,
  Bang C. Huynh
 -----------------------------------------------------------------------
 Exchange:     0.2000 Hartree-Fock + 0.0800 Slater + 0.7200 B88
 Correlation:  0.1900 VWN1RPA + 0.8100 LYP
 Using Euler-Maclaurin-Lebedev (99,590) quadrature formula
Added inc_jk
Added qchem_hcore
Added xc
Added P-dependent contribution
 using 16 threads for integral computing
 -------------------------------------------------------
 OpenMP Integral computing Module                
 Release: version 1.0, May 2013, Q-Chem Inc. Pittsburgh 
 -------------------------------------------------------
 A restricted SCF calculation will be
 performed using Roothaan-Hall, GDM
 SCF converges when RMS gradient is below 1.0e-10
 User-specified cutoff of 10e-14
 used for neglect of 2-electron integrals.
 A cutoff of 10e-14
 used for neglect of overlap integrals.
 Incremental Fock algorithm is on at the start.
 ---------------------------------------
  Cycle       Energy         DIIS error
 ---------------------------------------
    1    -190.2014994625      1.08e-01  Roothaan Step
 ---------------------------------------
  Cycle       Energy        RMS Gradient
 ---------------------------------------
    1    -189.6857206493      2.37e-01   Descent step
    2    -189.6611008906      4.10e-01  Line search: overstep
    3    -189.7667922402      3.37e-02   Normal BFGS step
    4    -189.7611273304      9.55e-02  Line search: overstep
    5    -189.7722074827      1.24e-02   Normal BFGS step
    6    -189.7729566547      9.09e-03   Normal BFGS step
    7    -189.7732461355      3.45e-03   Normal BFGS step
    8    -189.7732705747      6.13e-04   Normal BFGS step
    9    -189.7732737766      1.32e-04   Normal BFGS step
   10    -189.7732738507      3.78e-05   Normal BFGS step
   11    -189.7732738551      1.95e-06   Normal BFGS step
   12    -189.7732738552      7.97e-07   Normal BFGS step
   13    -189.7732738552      3.43e-07   Normal BFGS step
   14    -189.7732738552      4.23e-07   Normal BFGS step
   15    -189.7732738552      4.49e-08   Normal BFGS step
   16    -189.7732738552      3.24e-08   Normal BFGS step
   17    -189.7732738552      3.67e-09   Normal BFGS step
   18    -189.7732738552      1.58e-09   Normal BFGS step
   19    -189.7732738552      4.79e-10   Normal BFGS step
  GDM::WARNING energy changes are now smaller than effective accuracy.
  GDM::        calculation will continue, but THRESH should be increased
  GDM::        or SCF_CONVERGENCE decreased. 
  GDM::        effective_thresh = 1.95e-09
   20    -189.7732738552      2.01e-10   Normal BFGS step
   21    -189.7732738552      2.09e-11  Convergence criterion met
 ---------------------------------------
 SCF time:   CPU 15.08s  wall 2.00s 
 SCF   energy =  -189.77327386
 Total energy =  -189.77327386
 Integrated density by DFT XC:
   Number of electrons = 24
   Numerical integral  =    23.999999978446
   Relative error      =     0.0000000898 %

 --------------------------------------------------------------

                    Orbital Energies (a.u.)
 --------------------------------------------------------------

 Alpha MOs
 -- Occupied --
-19.1999 -19.1441 -10.3267  -1.1157  -1.0295  -0.6638  -0.5171  -0.4893
 -0.4493  -0.4066  -0.3302  -0.2896
 -- Virtual --
 -0.0011   0.0499   0.0936   0.2459   0.2579   0.4461   0.4650   0.5358
  0.5744   0.6371   0.7259   0.8580   0.9101   0.9431   0.9648   1.0157
  1.0795   1.0951   1.1636   1.3475   1.3581   1.4902   1.5778   1.6640
  1.7060   1.7398   1.8697   2.0388   2.2649   2.3190   2.6024   2.6924
  2.8238   2.8795   3.0662   3.1277   3.1425   3.4312   3.4876   3.6410
 --------------------------------------------------------------

          Ground-State Mulliken Net Atomic Charges

     Atom                 Charge (a.u.)
  ----------------------------------------
      1 C                     0.219768
      2 O                    -0.164865
      3 O                    -0.232480
      4 H                     0.021869
      5 H                     0.155707
  ----------------------------------------
  Sum of atomic charges =     0.000000

 -----------------------------------------------------------------
                    Cartesian Multipole Moments
 -----------------------------------------------------------------
    Charge (ESU x 10^10)
                -0.0000
    Dipole Moment (Debye)
         X       0.1470      Y      -0.2004      Z      -1.4024
       Tot       1.4242
    Quadrupole Moments (Debye-Ang)
        XX     -13.0589     XY      -0.0653     YY     -16.7559
        XZ      -0.8433     YZ      -1.5272     ZZ     -27.0006
    Octopole Moments (Debye-Ang^2)
       XXX      12.3588    XXY      -4.3657    XYY       4.3335
       YYY     -15.4016    XXZ     -30.6032    XYZ      -0.2625
       YYZ     -36.7016    XZZ       1.9761    YZZ     -12.3741
       ZZZ    -157.0862
    Hexadecapole Moments (Debye-Ang^3)
      XXXX     -34.4862   XXXY       4.1397   XXYY     -10.8375
      XYYY       4.4113   YYYY     -23.8965   XXXZ      29.4307
      XXYZ     -11.9677   XYYZ      10.6990   YYYZ     -39.4789
      XXZZ     -92.7940   XYZZ       1.1903   YYZZ    -101.1401
      XZZZ      29.4256   YZZZ     -68.2401   ZZZZ    -760.3726
 -----------------------------------------------------------------
 Calculating MO derivatives via CPSCF
Added inc_jk
Added qchem_hcore
Added xc
Added inc_jk
Added qchem_hcore
Added xc
    1     0    18    0.0725603  
    2     0    18    0.0074270  
    3     0    18    0.0004309  
    4     2    16    0.0000219  
    5    18     0    0.0000010  Converged
Added jk
Added xc
 Polarizability Matrix (a.u.)
            1           2           3
    1 -19.8033825  -0.1481214   0.1727517
    2  -0.1481214  -9.4265891  -1.6530724
    3   0.1727517  -1.6530724 -20.6367833
 Calculating analytic Hessian of the SCF energy
Added xc
 Hessian of the SCF Energy
            1           2           3           4           5           6
    1   0.7790631   0.0384329   0.1993361  -0.1874183   0.0076669   0.0672752
    2   0.0384329   0.2060960   0.1076650   0.0123146  -0.0641846  -0.0244298
    3   0.1993361   0.1076650   0.9119742   0.0994177  -0.0239055  -0.2373553
    4  -0.1874183   0.0123146   0.0994177   0.6084943   0.0078727  -0.0094932
    5   0.0076669  -0.0641846  -0.0239055   0.0078727   0.0491703   0.0528928
    6   0.0672752  -0.0244298  -0.2373553  -0.0094932   0.0528928   0.4081569
    7  -0.2681322  -0.0424148  -0.2711767   0.0417763   0.0023678   0.0149650
    8  -0.0434538  -0.0851664  -0.0850458   0.0002798   0.0266457  -0.0181408
    9  -0.2783609  -0.0851628  -0.6297462   0.0005243  -0.0183760  -0.0978777
   10  -0.2840635  -0.0078645  -0.0294308  -0.0247835   0.0000799   0.0044597
   11  -0.0091984  -0.0627084   0.0003375   0.0042885   0.0097453  -0.0013560
   12  -0.0386581   0.0001870  -0.0569464   0.0335655  -0.0008817  -0.0000103
   13  -0.0394491  -0.0004683   0.0018537  -0.4380688  -0.0179873  -0.0772068
   14   0.0065524   0.0059634   0.0009488  -0.0247556  -0.0213767  -0.0089663
   15   0.0504077   0.0017407   0.0120738  -0.1240144  -0.0097296  -0.0729136
            7           8           9          10          11          12
    1  -0.2681322  -0.0434538  -0.2783609  -0.2840635  -0.0091984  -0.0386581
    2  -0.0424148  -0.0851664  -0.0851628  -0.0078645  -0.0627084   0.0001870
    3  -0.2711767  -0.0850458  -0.6297462  -0.0294308   0.0003375  -0.0569464
    4   0.0417763   0.0002798   0.0005243  -0.0247835   0.0042885   0.0335655
    5   0.0023678   0.0266457  -0.0183760   0.0000799   0.0097453  -0.0008817
    6   0.0149650  -0.0181408  -0.0978777   0.0044597  -0.0013560  -0.0000103
    7   0.2313676   0.0469366   0.3017444  -0.0103968  -0.0059819  -0.0378367
    8   0.0469366   0.0454345   0.1073687  -0.0028687   0.0201331  -0.0051931
    9   0.3017444   0.1073687   0.7376608  -0.0163077  -0.0048425  -0.0107183
   10  -0.0103968  -0.0028687  -0.0163077   0.3195948   0.0103243   0.0382410
   11  -0.0059819   0.0201331  -0.0048425   0.0103243   0.0266196   0.0073737
   12  -0.0378367  -0.0051931  -0.0107183   0.0382410   0.0073737   0.0720593
   13   0.0053851  -0.0008939  -0.0076002  -0.0003510   0.0005675   0.0046881
   14  -0.0009077  -0.0070469   0.0010127   0.0003290   0.0062105  -0.0014859
   15  -0.0076960   0.0010110   0.0006814   0.0030377  -0.0015127  -0.0043843
           13          14          15
    1  -0.0394491   0.0065524   0.0504077
    2  -0.0004683   0.0059634   0.0017407
    3   0.0018537   0.0009488   0.0120738
    4  -0.4380688  -0.0247556  -0.1240144
    5  -0.0179873  -0.0213767  -0.0097296
    6  -0.0772068  -0.0089663  -0.0729136
    7   0.0053851  -0.0009077  -0.0076960
    8  -0.0008939  -0.0070469   0.0010110
    9  -0.0076002   0.0010127   0.0006814
   10  -0.0003510   0.0003290   0.0030377
   11   0.0005675   0.0062105  -0.0015127
   12   0.0046881  -0.0014859  -0.0043843
   13   0.4724839   0.0187820   0.0782651
   14   0.0187820   0.0162496   0.0084907
   15   0.0782651   0.0084907   0.0645427

 Direct stationary perturbation theory relativistic correction:

 rels  =       0.068896739228
 relv  =      -0.278435727156
 rel2e =       0.093768703368
 E_rel =      -0.115770284561


 Mass-Weighted Hessian Matrix:


     0.064922    0.003203    0.016611   -0.013528    0.000553    0.004856
     0.003203    0.017175    0.008972    0.000889   -0.004633   -0.001763
     0.016611    0.008972    0.075998    0.007176   -0.001726   -0.017132
    -0.013528    0.000889    0.007176    0.038043    0.000492   -0.000594
     0.000553   -0.004633   -0.001726    0.000492    0.003074    0.003307
     0.004856   -0.001763   -0.017132   -0.000594    0.003307    0.025518
    -0.019354   -0.003062   -0.019574    0.002612    0.000148    0.000936
    -0.003137   -0.006147   -0.006139    0.000017    0.001666   -0.001134
    -0.020092   -0.006147   -0.045455    0.000033   -0.001149   -0.006119
    -0.081683   -0.002261   -0.008463   -0.006173    0.000020    0.001111
    -0.002645   -0.018032    0.000097    0.001068    0.002427   -0.000338
    -0.011116    0.000054   -0.016375    0.008360   -0.000220   -0.000003
    -0.011344   -0.000135    0.000533   -0.109108   -0.004480   -0.019230
     0.001884    0.001715    0.000273   -0.006166   -0.005324   -0.002233
     0.014495    0.000501    0.003472   -0.030888   -0.002423   -0.018160


    -0.019354   -0.003137   -0.020092   -0.081683   -0.002645   -0.011116
    -0.003062   -0.006147   -0.006147   -0.002261   -0.018032    0.000054
    -0.019574   -0.006139   -0.045455   -0.008463    0.000097   -0.016375
     0.002612    0.000017    0.000033   -0.006173    0.001068    0.008360
     0.000148    0.001666   -0.001149    0.000020    0.002427   -0.000220
     0.000936   -0.001134   -0.006119    0.001111   -0.000338   -0.000003
     0.014465    0.002934    0.018865   -0.002589   -0.001490   -0.009424
     0.002934    0.002841    0.006713   -0.000715    0.005014   -0.001293
     0.018865    0.006713    0.046118   -0.004062   -0.001206   -0.002670
    -0.002589   -0.000715   -0.004062    0.317112    0.010244    0.037944
    -0.001490    0.005014   -0.001206    0.010244    0.026413    0.007316
    -0.009424   -0.001293   -0.002670    0.037944    0.007316    0.071499
     0.001341   -0.000223   -0.001893   -0.000348    0.000563    0.004652
    -0.000226   -0.001755    0.000252    0.000326    0.006162   -0.001474
    -0.001917    0.000252    0.000170    0.003014   -0.001501   -0.004350


    -0.011344    0.001884    0.014495
    -0.000135    0.001715    0.000501
     0.000533    0.000273    0.003472
    -0.109108   -0.006166   -0.030888
    -0.004480   -0.005324   -0.002423
    -0.019230   -0.002233   -0.018160
     0.001341   -0.000226   -0.001917
    -0.000223   -0.001755    0.000252
    -0.001893    0.000252    0.000170
    -0.000348    0.000326    0.003014
     0.000563    0.006162   -0.001501
     0.004652   -0.001474   -0.004350
     0.468813    0.018636    0.077657
     0.018636    0.016123    0.008425
     0.077657    0.008425    0.064041

 Vectors for Translations and Rotations


     0.510723    0.000000    0.000000    0.009020    0.000856    0.028431
     0.000000    0.510723    0.000000   -0.553255   -0.052477    0.030388
     0.000000    0.000000    0.510723    0.080000    0.007588    0.206948
     0.589639    0.000000    0.000000   -0.003084   -0.011306   -0.641436
     0.000000    0.589639    0.000000    0.189188    0.693513   -0.029619
     0.000000    0.000000    0.589639   -0.027356   -0.100281   -0.132517
     0.589639    0.000000    0.000000   -0.005407    0.011192    0.654324
     0.000000    0.589639    0.000000    0.331661   -0.686516    0.002217
     0.000000    0.000000    0.589639   -0.047958    0.099269   -0.058434
     0.148009    0.000000    0.000000    0.009611    0.000040   -0.019673
     0.000000    0.148009    0.000000   -0.589709   -0.002488    0.030869
     0.000000    0.000000    0.148009    0.085271    0.000361    0.215698
     0.148009    0.000000    0.000000   -0.006911   -0.002538   -0.129773
     0.000000    0.148009    0.000000    0.423824    0.155691   -0.026566
     0.000000    0.000000    0.148009   -0.061285   -0.022512   -0.169090

 The Projection Matrix


     0.738271    0.004171   -0.006612   -0.282868   -0.001458    0.004100
     0.004171    0.429393    0.038370    0.017193   -0.159180   -0.016371
    -0.006612    0.038370    0.689876    0.133076   -0.014268   -0.270769
    -0.282868    0.017193    0.133076    0.240748   -0.010574   -0.086219
    -0.001458   -0.159180   -0.014268   -0.010574    0.134696    0.070797
     0.004100   -0.016371   -0.270769   -0.086219    0.070797    0.623961
    -0.319706   -0.022288   -0.135063    0.072143    0.012641    0.087683
    -0.002467   -0.153743   -0.021783   -0.005316    0.065753   -0.059478
     0.002009   -0.019548   -0.285966   -0.036507   -0.061502   -0.346775
    -0.075119    0.005918    0.003302   -0.099861   -0.002429   -0.002340
     0.004444   -0.402920    0.040807    0.017954    0.026934   -0.012291
    -0.006902    0.040641   -0.127055    0.138624   -0.009994   -0.056320
    -0.071838   -0.000013    0.027428   -0.170563   -0.000776   -0.017641
    -0.003201    0.167868   -0.029590   -0.013973   -0.276215    0.023687
     0.005379   -0.029949   -0.035525   -0.108904    0.022198   -0.113613


    -0.319706   -0.002467    0.002009   -0.075119    0.004444   -0.006902
    -0.022288   -0.153743   -0.019548    0.005918   -0.402920    0.040641
    -0.135063   -0.021783   -0.285966    0.003302    0.040807   -0.127055
     0.072143   -0.005316   -0.036507   -0.099861    0.017954    0.138624
     0.012641    0.065753   -0.061502   -0.002429    0.026934   -0.009994
     0.087683   -0.059478   -0.346775   -0.002340   -0.012291   -0.056320
     0.224032    0.008026    0.036864   -0.074348   -0.023359   -0.140680
     0.008026    0.071018    0.084185   -0.003116    0.106535   -0.028512
     0.036864    0.084185    0.636757   -0.000693   -0.026230   -0.070614
    -0.074348   -0.003116   -0.000693    0.977614    0.006275    0.003424
    -0.023359    0.106535   -0.026230    0.006275    0.629378    0.043627
    -0.140680   -0.028512   -0.070614    0.003424    0.043627    0.924296
    -0.002367    0.000838   -0.007663   -0.024393   -0.000076    0.028582
     0.017932   -0.120895    0.003318   -0.004603    0.229233   -0.030466
     0.110560    0.005246   -0.097857   -0.002737   -0.030976    0.019800


    -0.071838   -0.003201    0.005379
    -0.000013    0.167868   -0.029949
     0.027428   -0.029590   -0.035525
    -0.170563   -0.013973   -0.108904
    -0.000776   -0.276215    0.022198
    -0.017641    0.023687   -0.113613
    -0.002367    0.017932    0.110560
     0.000838   -0.120895    0.005246
    -0.007663    0.003318   -0.097857
    -0.024393   -0.004603   -0.002737
    -0.000076    0.229233   -0.030976
     0.028582   -0.030466    0.019800
     0.961198   -0.000123   -0.022424
    -0.000123    0.773521    0.024987
    -0.022424    0.024987    0.945239

 Translations and Rotations Projected Out of Hessian

 Projected Mass-Weighted Hessian Matrix:


     0.064922    0.003203    0.016611   -0.013528    0.000553    0.004856
     0.003203    0.017174    0.008972    0.000888   -0.004633   -0.001764
     0.016611    0.008972    0.075998    0.007176   -0.001725   -0.017132
    -0.013528    0.000888    0.007176    0.038043    0.000493   -0.000593
     0.000553   -0.004633   -0.001725    0.000493    0.003074    0.003307
     0.004856   -0.001764   -0.017132   -0.000593    0.003307    0.025518
    -0.019354   -0.003061   -0.019574    0.002612    0.000148    0.000935
    -0.003136   -0.006147   -0.006139    0.000018    0.001666   -0.001134
    -0.020092   -0.006147   -0.045455    0.000033   -0.001149   -0.006119
    -0.081683   -0.002261   -0.008463   -0.006173    0.000020    0.001111
    -0.002645   -0.018032    0.000097    0.001068    0.002427   -0.000338
    -0.011116    0.000053   -0.016375    0.008361   -0.000220   -0.000002
    -0.011344   -0.000135    0.000533   -0.109108   -0.004480   -0.019230
     0.001884    0.001716    0.000273   -0.006167   -0.005324   -0.002233
     0.014495    0.000502    0.003472   -0.030889   -0.002424   -0.018160


    -0.019354   -0.003136   -0.020092   -0.081683   -0.002645   -0.011116
    -0.003061   -0.006147   -0.006147   -0.002261   -0.018032    0.000053
    -0.019574   -0.006139   -0.045455   -0.008463    0.000097   -0.016375
     0.002612    0.000018    0.000033   -0.006173    0.001068    0.008361
     0.000148    0.001666   -0.001149    0.000020    0.002427   -0.000220
     0.000935   -0.001134   -0.006119    0.001111   -0.000338   -0.000002
     0.014466    0.002934    0.018865   -0.002589   -0.001490   -0.009424
     0.002934    0.002841    0.006713   -0.000715    0.005014   -0.001293
     0.018865    0.006713    0.046118   -0.004062   -0.001206   -0.002670
    -0.002589   -0.000715   -0.004062    0.317112    0.010244    0.037944
    -0.001490    0.005014   -0.001206    0.010244    0.026414    0.007316
    -0.009424   -0.001293   -0.002670    0.037944    0.007316    0.071499
     0.001341   -0.000223   -0.001893   -0.000348    0.000563    0.004652
    -0.000225   -0.001756    0.000252    0.000326    0.006163   -0.001474
    -0.001916    0.000251    0.000170    0.003014   -0.001499   -0.004350


    -0.011344    0.001884    0.014495
    -0.000135    0.001716    0.000502
     0.000533    0.000273    0.003472
    -0.109108   -0.006167   -0.030889
    -0.004480   -0.005324   -0.002424
    -0.019230   -0.002233   -0.018160
     0.001341   -0.000225   -0.001916
    -0.000223   -0.001756    0.000251
    -0.001893    0.000252    0.000170
    -0.000348    0.000326    0.003014
     0.000563    0.006163   -0.001499
     0.004652   -0.001474   -0.004350
     0.468813    0.018636    0.077657
     0.018636    0.016122    0.008423
     0.077657    0.008423    0.064041

 Eigenvectors of Proj. Mass-Weighted Hessian Matrix:


    -0.129525    0.425408    0.160383    0.006220   -0.076249   -0.180013
     0.212905   -0.195969    0.634763    0.249837   -0.140965    0.040749
     0.281169    0.065432   -0.160485    0.239081    0.217043   -0.311068
     0.159838    0.679237    0.242328   -0.399323   -0.144761    0.182217
    -0.082218   -0.105842    0.503434   -0.230628    0.732120   -0.068608
     0.543482    0.165302   -0.121986    0.117089    0.097420   -0.123535
    -0.425112    0.308411    0.147061    0.382390   -0.054861   -0.573821
     0.001258    0.262419    0.056866    0.678458    0.179454    0.603634
     0.495987    0.089907   -0.063637    0.033987    0.182245   -0.265968
    -0.027295    0.133572    0.044946   -0.015163   -0.019334   -0.034292
     0.194393   -0.212189    0.411810    0.074568   -0.315940   -0.113330
    -0.009247   -0.003292   -0.092028    0.166622    0.112594   -0.163395
     0.028085    0.159548    0.061671   -0.081280   -0.038284    0.026121
    -0.136268    0.111300   -0.075290   -0.054998    0.421491    0.095780
     0.215538    0.060563    0.009504   -0.056189   -0.018568    0.032311


     0.427788   -0.004795    0.009509    0.353000    0.515022    0.070665
     0.019402    0.273030   -0.583469   -0.032016   -0.037676   -0.005778
     0.084552   -0.039563    0.084362   -0.261224   -0.318723   -0.047718
    -0.111385    0.005504   -0.001776   -0.268828   -0.286969    0.140780
    -0.067293   -0.332102    0.108218    0.086425   -0.006564    0.019235
    -0.450992    0.048499   -0.015586    0.627672   -0.012772    0.117020
    -0.304327    0.002875   -0.002874   -0.082793   -0.137061   -0.196009
     0.067461   -0.161869    0.176955   -0.034249    0.007988   -0.035280
     0.501712    0.022951   -0.025622   -0.227602    0.070789   -0.221982
     0.130354   -0.002790   -0.012435    0.132263    0.105770   -0.117335
    -0.001978    0.164922    0.763438   -0.038909    0.033898    0.123350
    -0.029457   -0.023856   -0.110448   -0.283365    0.222174    0.866187
     0.049624   -0.014042   -0.001850    0.050459   -0.193664    0.093523
    -0.065640    0.860836    0.113820   -0.058479    0.090438   -0.039491
    -0.464358   -0.124271   -0.016492   -0.409047    0.646489   -0.283379


     0.282044   -0.283810   -0.014441
     0.106692   -0.013204   -0.000261
     0.705994   -0.059320   -0.000179
    -0.016912    0.003540   -0.231454
    -0.013331    0.000586   -0.010217
    -0.090254    0.003655   -0.044546
    -0.259330    0.009362    0.000821
    -0.080410    0.002263   -0.000375
    -0.526829    0.014594   -0.002685
     0.158542    0.944794    0.015486
    -0.011647    0.036358    0.001040
    -0.098396    0.144955    0.005446
    -0.031273   -0.016874    0.953139
     0.016941   -0.002150    0.042056
     0.120612   -0.012962    0.183332

 Vibrational Frequencies in atomic units
    -0.0000000000   -0.0000000000   -0.0000000000   -0.0000000000    0.0000000000    0.0000000000
     0.0149244075    0.0185685294    0.0414536437    0.0490892606    0.0652046770    0.0736115903
     0.1288058842    0.3482827017    0.5122142377
 Vibrational Electric Transition dipole:  1      0.19220040459989   -0.01142259197650   -0.10272865296662
 Vibrational Electric Transition dipole:  2     -0.00614060300495    0.36936812117210   -0.05339681918160
 Vibrational Electric Transition dipole:  3     -0.00055591501654    0.03483362089692   -0.00505963449008
 Vibrational Electric Transition dipole:  4      0.26485814636166   -0.05343280644262   -0.39893721171567
 Vibrational Electric Transition dipole:  5      0.09244712037999   -0.00498042227173   -0.04519693346433
 Vibrational Electric Transition dipole:  6      0.06663836143022   -0.00145711536367   -0.01747122204524
 Vibrational Electric Transition dipole:  7      0.04776814426989    0.08304520434578    0.56890356254589
 Vibrational Electric Transition dipole:  8     -0.23408166533805   -0.01083968740192   -0.04857410574776
 Vibrational Electric Transition dipole:  9      0.21904916504420    0.00182693090708   -0.01207976461593
 **********************************************************************
 **                                                                  **
 **                       VIBRATIONAL ANALYSIS                       **
 **                       --------------------                       **
 **                                                                  **
 **        VIBRATIONAL FREQUENCIES (CM**-1) AND NORMAL MODES         **
 **     FORCE CONSTANTS (mDYN/ANGSTROM) AND REDUCED MASSES (AMU)     **
 **                  INFRARED INTENSITIES (KM/MOL)                   **
 **                                                                  **
 **********************************************************************


 Mode:                 1                      2                      3
 Frequency:       627.99                 700.48                1046.62
 Force Cnst:      0.8016                 0.3644                 1.0157
 Red. Mass:       3.4499                 1.2604                 1.5738
 IR Active:          YES                    YES                    YES
 IR Intens:       46.428                135.822                  1.208
 Raman Active:       YES                    YES                    YES
               X      Y      Z        X      Y      Z        X      Y      Z
 C          0.229  0.010  0.045   -0.002  0.088 -0.013    0.003 -0.211  0.031
 O         -0.052 -0.031 -0.209    0.002 -0.093  0.014   -0.001  0.034 -0.005
 O         -0.141  0.031  0.233    0.001 -0.045  0.006   -0.001  0.056 -0.008
 H          0.241 -0.004 -0.055   -0.003  0.184 -0.027   -0.016  0.954 -0.138
 H          0.092 -0.121 -0.859   -0.016  0.963 -0.139   -0.002  0.142 -0.021
 TransDip   0.192 -0.011 -0.103   -0.006  0.369 -0.053   -0.001  0.035 -0.005

 Mode:                 4                      5                      6
 Frequency:      1138.93                1312.64                1394.69
 Force Cnst:      2.3885                 1.8174                 1.3152
 Red. Mass:       3.1252                 1.7902                 1.1476
 IR Active:          YES                    YES                    YES
 IR Intens:      226.324                 10.347                  4.629
 Raman Active:       YES                    YES                    YES
               X      Y      Z        X      Y      Z        X      Y      Z
 C          0.180 -0.016 -0.133    0.199 -0.015 -0.123    0.022 -0.002 -0.015
 O         -0.119  0.038  0.277   -0.096 -0.002 -0.004    0.038  0.005  0.031
 O         -0.037 -0.015 -0.101   -0.046  0.003  0.024   -0.053 -0.009 -0.059
 H          0.233 -0.069 -0.499    0.141  0.045  0.296   -0.125  0.132  0.924
 H          0.089 -0.103 -0.720   -0.258  0.121  0.862    0.100 -0.042 -0.302
 TransDip   0.265 -0.053 -0.399    0.092 -0.005 -0.045    0.067 -0.001 -0.017

 Mode:                 7                      8                      9
 Frequency:      1844.90                3033.69                3679.01
 Force Cnst:     16.4398                 5.9238                 8.4811
 Red. Mass:       8.1978                 1.0925                 1.0635
 IR Active:          YES                    YES                    YES
 IR Intens:      324.469                 55.833                 46.923
 Raman Active:       YES                    YES                    YES
               X      Y      Z        X      Y      Z        X      Y      Z
 C          0.233  0.088  0.584   -0.086 -0.004 -0.018   -0.004 -0.000 -0.000
 O         -0.012 -0.010 -0.065    0.001  0.000  0.001   -0.060 -0.003 -0.011
 O         -0.186 -0.058 -0.377    0.002  0.001  0.004    0.000 -0.000 -0.001
 H          0.452 -0.033 -0.281    0.984  0.038  0.151    0.016  0.001  0.006
 H         -0.089  0.048  0.344   -0.018 -0.002 -0.013    0.979  0.043  0.188
 TransDip   0.048  0.083  0.569   -0.234 -0.011 -0.049    0.219  0.002 -0.012

 STANDARD THERMODYNAMIC QUANTITIES AT   298.15 K  AND     1.00 ATM

   This Molecule has  0 Imaginary Frequencies
   Zero point vibrational energy:       21.128 kcal/mol

   Atom    1 Element C  Has Mass   12.00000
   Atom    2 Element O  Has Mass   15.99491
   Atom    3 Element O  Has Mass   15.99491
   Atom    4 Element H  Has Mass    1.00783
   Atom    5 Element H  Has Mass    1.00783
   Molecular Mass:    46.005480 amu
   Principal axes and moments of inertia in amu*Bohr^2:
                             1           2           3
    Eigenvalues --       23.40373   150.25043   173.65416
          X              -0.10056    -0.99480     0.01613
          Y               0.14078    -0.03028    -0.98958
          Z               0.98492    -0.09724     0.14309
   Rotational Symmetry Number is   1
   The Molecule is an Asymmetric Top
   Translational Enthalpy:        0.889 kcal/mol
   Rotational Enthalpy:           0.889 kcal/mol
   Vibrational Enthalpy:         21.334 kcal/mol
   gas constant (RT):             0.592 kcal/mol
   Translational Entropy:        37.404  cal/mol.K
   Rotational Entropy:           21.040  cal/mol.K
   Vibrational Entropy:           0.887  cal/mol.K

   Total Enthalpy:               23.704 kcal/mol
   Total Entropy:                59.331  cal/mol.K

   Quasi-RRHO corrections using alpha = 4, and omega = 100 cm^-1
   QRRHO-Vib. Enthalpy:          21.333 kcal/mol
   QRRHO-Vib. Entropy:            0.888  cal/mol.K
   QRRHO-Total Enthalpy:         23.703 kcal/mol
   QRRHO-Total Entropy:          59.331  cal/mol.K
 ANHAR part of the calculation will be done on the head node (MPI+OMP NYI).
 =====================================================
 =====================================================
 = Starting finite difference calculation for ANHAR  =
 Finite diff step size:  9.99854e-02 a.u.

 Low frequencies less than 300 will be treated as rotation
 Anharmonic Force Field will start with mode 1

 Eng[0,0,0,0] =  -189.77327385521212

 You need 0.0004599 GB memory
 Calculating analytic gradient of the SCF energy
Added xc
 Gradient of SCF Energy
            1           2           3           4           5
    1  -0.0000003  -0.0000001   0.0000002   0.0000001   0.0000002
    2  -0.0000001   0.0000000   0.0000000   0.0000000   0.0000000
    3  -0.0000001  -0.0000003   0.0000001   0.0000002   0.0000000
 Max gradient component =       3.322E-07
 RMS gradient           =       1.564E-07
 Grad[1,0,0,0] = -7.14154736e-09
 Grad[2,0,0,0] = 2.41122292e-08
 Grad[3,0,0,0] = 2.19571412e-08
 Grad[4,0,0,0] = -2.24254128e-07
 Grad[5,0,0,0] = -2.71965463e-09
 Grad[6,0,0,0] = 1.74836566e-07
 Grad[7,0,0,0] = -2.62799027e-07
 Grad[8,0,0,0] = 1.22417139e-07
 Grad[9,0,0,0] = 2.10524337e-07
 CoordNormalMode -1 , 0 , 0
 ----------------------------------------------------------------
             Standard Nuclear Orientation (Angstroms)
    I     Atom           X                Y                Z
 ----------------------------------------------------------------
    1      C      -0.6504082041     0.3131398616     2.2390223183
    2      O       0.0215121165     0.1575654095     1.0872792837
    3      O      -0.1095161027     0.4754602843     3.3005352908
    4      H      -1.7433868284     0.2686959720     2.0549118816
    5      H       0.9665795263     0.2086132124     1.3342369962
 ----------------------------------------------------------------
 Nuclear Repulsion Energy =          70.28226224 hartrees
 There are       12 alpha and       12 beta electrons

                       Distance Matrix (Angstroms)
             C (  1)   O (  2)   O (  3)   H (  4)
   O (  2)  1.342458
   O (  3)  1.202382  2.239805
   H (  4)  1.109267  2.015820  2.064912
   H (  5)  1.855859  0.978134  2.257325  2.804799

 Requested basis set is cc-pVDZ
 There are 24 shells and 52 basis functions
 A cutoff of  1.0D-14 yielded    299 shell pairs
 There are      1431 function pairs (      1608 Cartesian)
 Smallest overlap matrix eigenvalue = 1.35E-02
 Guess MOs from SCF MO coefficient file

 -----------------------------------------------------------------------
  General SCF calculation program by
  Eric Jon Sundstrom, Paul Horn, Yuezhi Mao, Dmitri Zuev, Alec White,
  David Stuck, Shaama M.S., Shane Yost, Joonho Lee, David Small,
  Daniel Levine, Susi Lehtola, Hugh Burton, Evgeny Epifanovsky,
  Bang C. Huynh
 -----------------------------------------------------------------------
 Exchange:     0.2000 Hartree-Fock + 0.0800 Slater + 0.7200 B88
 Correlation:  0.1900 VWN1RPA + 0.8100 LYP
 Using Euler-Maclaurin-Lebedev (99,590) quadrature formula
Added inc_jk
Added qchem_hcore
Added xc
Added P-dependent contribution
 A restricted SCF calculation will be
 performed using GDM
 SCF converges when RMS gradient is below 1.0e-10
 User-specified cutoff of 10e-14
 used for neglect of 2-electron integrals.
 A cutoff of 10e-14
 used for neglect of overlap integrals.
 Incremental Fock algorithm is on at the start.
 ---------------------------------------
  Cycle       Energy        RMS Gradient
 ---------------------------------------
    1    -189.7725982876      6.73e-03   Normal BFGS step
    2    -189.7730081370      6.52e-04   Normal BFGS step
    3    -189.7730109948      1.25e-03   Normal BFGS step
    4    -189.7730117726      1.01e-03   Normal BFGS step
    5    -189.7730126790      1.36e-04   Normal BFGS step
    6    -189.7730128696      7.95e-05   Normal BFGS step
    7    -189.7730128869      5.63e-05   Normal BFGS step
    8    -189.7730128954      2.87e-05   Normal BFGS step
    9    -189.7730128968      7.94e-06   Normal BFGS step
   10    -189.7730128972      1.51e-06   Normal BFGS step
   11    -189.7730128972      4.41e-07   Normal BFGS step
   12    -189.7730128972      2.07e-08   Normal BFGS step
   13    -189.7730128972      5.63e-09   Normal BFGS step
   14    -189.7730128972      2.27e-09   Normal BFGS step
   15    -189.7730128972      2.85e-09   Normal BFGS step
   16    -189.7730128972      2.08e-10   Normal BFGS step
   17    -189.7730128972      2.15e-10   Normal BFGS step
   18    -189.7730128972      1.13e-10   Normal BFGS step
   19    -189.7730128972      3.24e-11  Convergence criterion met
 ---------------------------------------
 SCF time:   CPU 13.07s  wall 1.00s 
 SCF   energy =  -189.77301290
 Total energy =  -189.77301290
 Integrated density by DFT XC:
   Number of electrons = 24
   Numerical integral  =    23.999999956602
   Relative error      =     0.0000001808 %

 --------------------------------------------------------------

                    Orbital Energies (a.u.)
 --------------------------------------------------------------

 Alpha MOs
 -- Occupied --
-19.1988 -19.1428 -10.3262  -1.1185  -1.0275  -0.6629  -0.5178  -0.4895
 -0.4502  -0.4074  -0.3288  -0.2892
 -- Virtual --
 -0.0010   0.0512   0.0928   0.2466   0.2590   0.4452   0.4640   0.5397
  0.5739   0.6398   0.7256   0.8583   0.9111   0.9428   0.9648   1.0152
  1.0721   1.0963   1.1645   1.3431   1.3609   1.4781   1.5924   1.6655
  1.7058   1.7357   1.8726   2.0363   2.2708   2.3229   2.6027   2.6956
  2.8249   2.8903   3.0579   3.1220   3.1442   3.4385   3.4960   3.6354
 --------------------------------------------------------------

          Ground-State Mulliken Net Atomic Charges

     Atom                 Charge (a.u.)
  ----------------------------------------
      1 C                     0.218388
      2 O                    -0.162239
      3 O                    -0.235894
      4 H                     0.024231
      5 H                     0.155515
  ----------------------------------------
  Sum of atomic charges =     0.000000

 -----------------------------------------------------------------
                    Cartesian Multipole Moments
 -----------------------------------------------------------------
    Charge (ESU x 10^10)
                -0.0000
    Dipole Moment (Debye)
         X       0.0548      Y      -0.1950      Z      -1.3540
       Tot       1.3690
    Quadrupole Moments (Debye-Ang)
        XX     -12.9572     XY      -0.0781     YY     -16.7458
        XZ      -0.9413     YZ      -1.5103     ZZ     -26.8637
    Octopole Moments (Debye-Ang^2)
       XXX      12.1509    XXY      -4.3244    XYY       4.3307
       YYY     -15.4025    XXZ     -30.2931    XYZ      -0.2826
       YYZ     -36.7000    XZZ       1.8026    YZZ     -12.3332
       ZZZ    -156.7904
    Hexadecapole Moments (Debye-Ang^3)
      XXXX     -34.6295   XXXY       4.0677   XXYY     -10.8872
      XYYY       4.3844   YYYY     -23.8534   XXXZ      28.9267
      XXYZ     -11.8247   XYYZ      10.6407   YYYZ     -39.3711
      XXZZ     -91.8281   XYZZ       1.1275   YYZZ    -100.8650
      XZZZ      28.8080   YZZZ     -68.0077   ZZZZ    -757.9362
 -----------------------------------------------------------------
 Eng[-1,0] = -1.89773013e+02
 Calculating analytic gradient of the SCF energy
Added xc
 Gradient of SCF Energy
            1           2           3           4           5
    1  -0.0042148   0.0007340   0.0034918  -0.0003849   0.0003739
    2  -0.0002109   0.0007442  -0.0007476   0.0000039   0.0002103
    3  -0.0009639   0.0050411  -0.0055782   0.0000749   0.0014261
 Max gradient component =       5.578E-03
 RMS gradient           =       2.470E-03
 Grad[1,-1,0,0] = -5.25980108e-03
 Grad[2,-1,0,0] = -1.50391885e-07
 Grad[3,-1,0,0] = 3.68856938e-08
 Grad[4,-1,0,0] = 1.42908915e-05
 Grad[5,-1,0,0] = 2.11721986e-05
 Grad[6,-1,0,0] = -1.74189290e-05
 Grad[7,-1,0,0] = -1.34515429e-04
 Grad[8,-1,0,0] = -2.19748110e-05
 Grad[9,-1,0,0] = 5.57222171e-04
 points done 1/90
 CoordNormalMode 1 , 0 , 0
 ----------------------------------------------------------------
             Standard Nuclear Orientation (Angstroms)
    I     Atom           X                Y                Z
 ----------------------------------------------------------------
    1      C      -0.6261358967     0.3142407027     2.2438197095
    2      O       0.0160380851     0.1542582939     1.0651151290
    3      O      -0.1244723555     0.4787756617     3.3251921083
    4      H      -1.7178654509     0.2683086776     2.0491445775
    5      H       0.9762951105     0.1957619241     1.2433227051
 ----------------------------------------------------------------
 Nuclear Repulsion Energy =          69.72756231 hartrees
 There are       12 alpha and       12 beta electrons

                       Distance Matrix (Angstroms)
             C (  1)   O (  2)   O (  3)   H (  4)
   O (  2)  1.351786
   O (  3)  1.203372  2.287576
   H (  4)  1.109902  1.996933  2.052193
   H (  5)  1.892833  0.977535  2.371912  2.813026

 Requested basis set is cc-pVDZ
 There are 24 shells and 52 basis functions
 A cutoff of  1.0D-14 yielded    299 shell pairs
 There are      1431 function pairs (      1608 Cartesian)
 Smallest overlap matrix eigenvalue = 1.39E-02
 Guess MOs from SCF MO coefficient file

 -----------------------------------------------------------------------
  General SCF calculation program by
  Eric Jon Sundstrom, Paul Horn, Yuezhi Mao, Dmitri Zuev, Alec White,
  David Stuck, Shaama M.S., Shane Yost, Joonho Lee, David Small,
  Daniel Levine, Susi Lehtola, Hugh Burton, Evgeny Epifanovsky,
  Bang C. Huynh
 -----------------------------------------------------------------------
 Exchange:     0.2000 Hartree-Fock + 0.0800 Slater + 0.7200 B88
 Correlation:  0.1900 VWN1RPA + 0.8100 LYP
 Using Euler-Maclaurin-Lebedev (99,590) quadrature formula
Added inc_jk
Added qchem_hcore
Added xc
Added P-dependent contribution
 A restricted SCF calculation will be
 performed using GDM
 SCF converges when RMS gradient is below 1.0e-10
 User-specified cutoff of 10e-14
 used for neglect of 2-electron integrals.
 A cutoff of 10e-14
 used for neglect of overlap integrals.
 Incremental Fock algorithm is on at the start.
 ---------------------------------------
  Cycle       Energy        RMS Gradient
 ---------------------------------------
    1    -189.7713598006      1.32e-02   Normal BFGS step
    2    -189.7729994370      1.16e-03   Normal BFGS step
    3    -189.7730113879      1.40e-03   Normal BFGS step
    4    -189.7730171934      1.15e-03   Normal BFGS step
    5    -189.7730180352      8.25e-04   Normal BFGS step
    6    -189.7730190073      3.84e-04   Normal BFGS step
    7    -189.7730191068      2.51e-04   Normal BFGS step
    8    -189.7730192797      2.88e-05   Normal BFGS step
    9    -189.7730192842      1.24e-05   Normal BFGS step
   10    -189.7730192861      1.07e-06   Normal BFGS step
   11    -189.7730192861      2.72e-07   Normal BFGS step
   12    -189.7730192861      2.33e-08   Normal BFGS step
   13    -189.7730192861      6.58e-09   Normal BFGS step
   14    -189.7730192861      1.23e-09   Normal BFGS step
   15    -189.7730192861      2.87e-09   Normal BFGS step
   16    -189.7730192861      3.18e-10   Normal BFGS step
   17    -189.7730192861      4.14e-10   Normal BFGS step
  GDM::WARNING energy changes are now smaller than effective accuracy.
  GDM::        calculation will continue, but THRESH should be increased
  GDM::        or SCF_CONVERGENCE decreased. 
  GDM::        effective_thresh = 4.71e-09
   18    -189.7730192861      4.95e-11  Convergence criterion met
 ---------------------------------------
 SCF time:   CPU 12.44s  wall 1.00s 
 SCF   energy =  -189.77301929
 Total energy =  -189.77301929
 Integrated density by DFT XC:
   Number of electrons = 24
   Numerical integral  =    24.000000009280
   Relative error      =     0.0000000387 %

 --------------------------------------------------------------

                    Orbital Energies (a.u.)
 --------------------------------------------------------------

 Alpha MOs
 -- Occupied --
-19.2010 -19.1455 -10.3272  -1.1128  -1.0312  -0.6645  -0.5162  -0.4891
 -0.4482  -0.4058  -0.3314  -0.2899
 -- Virtual --
 -0.0013   0.0483   0.0945   0.2410   0.2600   0.4469   0.4660   0.5313
  0.5749   0.6342   0.7264   0.8578   0.9090   0.9427   0.9648   1.0168
  1.0860   1.0937   1.1627   1.3520   1.3543   1.5017   1.5634   1.6641
  1.7062   1.7423   1.8685   2.0391   2.2569   2.3163   2.6023   2.6887
  2.8214   2.8686   3.0714   3.1331   3.1401   3.4211   3.4820   3.6457
 --------------------------------------------------------------

          Ground-State Mulliken Net Atomic Charges

     Atom                 Charge (a.u.)
  ----------------------------------------
      1 C                     0.221553
      2 O                    -0.168420
      3 O                    -0.229470
      4 H                     0.019795
      5 H                     0.156542
  ----------------------------------------
  Sum of atomic charges =     0.000000

 -----------------------------------------------------------------
                    Cartesian Multipole Moments
 -----------------------------------------------------------------
    Charge (ESU x 10^10)
                -0.0000
    Dipole Moment (Debye)
         X       0.2362      Y      -0.2058      Z      -1.4510
       Tot       1.4844
    Quadrupole Moments (Debye-Ang)
        XX     -13.1579     XY      -0.0534     YY     -16.7684
        XZ      -0.7521     YZ      -1.5432     ZZ     -27.1337
    Octopole Moments (Debye-Ang^2)
       XXX      12.5486    XXY      -4.4064    XYY       4.3346
       YYY     -15.4027    XXZ     -30.9070    XYZ      -0.2432
       YYZ     -36.7075    XZZ       2.1415    YZZ     -12.4128
       ZZZ    -157.3757
    Hexadecapole Moments (Debye-Ang^3)
      XXXX     -34.3279   XXXY       4.2067   XXYY     -10.7900
      XYYY       4.4374   YYYY     -23.9447   XXXZ      29.8984
      XXYZ     -12.1087   XYYZ      10.7556   YYYZ     -39.5935
      XXZZ     -93.7446   XYZZ       1.2530   YYZZ    -101.4318
      XZZZ      30.0357   YZZZ     -68.4750   ZZZZ    -762.8753
 -----------------------------------------------------------------
 Eng[1,0] = -1.89773019e+02
 Calculating analytic gradient of the SCF energy
Added xc
 Gradient of SCF Energy
            1           2           3           4           5
    1   0.0040117  -0.0017526  -0.0032594   0.0003404   0.0006599
    2   0.0001609  -0.0007444   0.0007496  -0.0000066  -0.0001594
    3   0.0006449  -0.0049293   0.0055639  -0.0000885  -0.0011910
 Max gradient component =       5.564E-03
 RMS gradient           =       2.430E-03
 Grad[1,1,0,0] = 5.06816145e-03
 Grad[2,1,0,0] = 2.18475272e-07
 Grad[3,1,0,0] = 8.76606076e-08
 Grad[4,1,0,0] = 5.12900724e-05
 Grad[5,1,0,0] = -3.76590941e-06
 Grad[6,1,0,0] = -5.97127816e-06
 Grad[7,1,0,0] = -1.61277918e-04
 Grad[8,1,0,0] = -2.24088684e-05
 Grad[9,1,0,0] = 5.61148579e-04
 points done 2/90
 CoordNormalMode -2 , 0 , 0
 ----------------------------------------------------------------
             Standard Nuclear Orientation (Angstroms)
    I     Atom           X                Y                Z
 ----------------------------------------------------------------
    1      C      -0.6381898214     0.3090085584     2.2420994168
    2      O       0.0186933580     0.1608443389     1.0754768809
    3      O      -0.1170369319     0.4795221132     3.3125228182
    4      H      -1.7304610610     0.2587441201     2.0534397376
    5      H       0.9722681894     0.1512529881     1.2961327895
 ----------------------------------------------------------------
 Nuclear Repulsion Energy =          70.00145895 hartrees
 There are       12 alpha and       12 beta electrons

                       Distance Matrix (Angstroms)
             C (  1)   O (  2)   O (  3)   H (  4)
   O (  2)  1.347018
   O (  3)  1.202698  2.263703
   H (  4)  1.109583  2.006374  2.058439
   H (  5)  1.874384  0.978819  2.315205  2.808881

 Requested basis set is cc-pVDZ
 There are 24 shells and 52 basis functions
 A cutoff of  1.0D-14 yielded    299 shell pairs
 There are      1431 function pairs (      1608 Cartesian)
 Smallest overlap matrix eigenvalue = 1.37E-02
 Guess MOs from SCF MO coefficient file

 -----------------------------------------------------------------------
  General SCF calculation program by
  Eric Jon Sundstrom, Paul Horn, Yuezhi Mao, Dmitri Zuev, Alec White,
  David Stuck, Shaama M.S., Shane Yost, Joonho Lee, David Small,
  Daniel Levine, Susi Lehtola, Hugh Burton, Evgeny Epifanovsky,
  Bang C. Huynh
 -----------------------------------------------------------------------
 Exchange:     0.2000 Hartree-Fock + 0.0800 Slater + 0.7200 B88
 Correlation:  0.1900 VWN1RPA + 0.8100 LYP
 Using Euler-Maclaurin-Lebedev (99,590) quadrature formula
Added inc_jk
Added qchem_hcore
Added xc
Added P-dependent contribution
 A restricted SCF calculation will be
 performed using GDM
 SCF converges when RMS gradient is below 1.0e-10
 User-specified cutoff of 10e-14
 used for neglect of 2-electron integrals.
 A cutoff of 10e-14
 used for neglect of overlap integrals.
 Incremental Fock algorithm is on at the start.
 ---------------------------------------
  Cycle       Energy        RMS Gradient
 ---------------------------------------
    1    -189.7722773806      7.71e-03   Normal BFGS step
    2    -189.7731447056      6.30e-04   Normal BFGS step
    3    -189.7731528905      1.06e-03   Normal BFGS step
    4    -189.7731533573      1.29e-03   Normal BFGS step
    5    -189.7731546004      2.07e-04   Normal BFGS step
    6    -189.7731548561      7.26e-05   Normal BFGS step
    7    -189.7731548828      3.23e-05   Normal BFGS step
    8    -189.7731548872      3.18e-05   Normal BFGS step
    9    -189.7731548887      1.31e-05   Normal BFGS step
   10    -189.7731548890      1.94e-06   Normal BFGS step
   11    -189.7731548891      5.18e-07   Normal BFGS step
   12    -189.7731548891      5.44e-08   Normal BFGS step
   13    -189.7731548891      9.79e-09   Normal BFGS step
   14    -189.7731548891      3.06e-09   Normal BFGS step
   15    -189.7731548891      1.33e-09   Normal BFGS step
  GDM::WARNING energy changes are now smaller than effective accuracy.
  GDM::        calculation will continue, but THRESH should be increased
  GDM::        or SCF_CONVERGENCE decreased. 
  GDM::        effective_thresh = 9.80e-09
   16    -189.7731548891      1.68e-09   Normal BFGS step
   17    -189.7731548891      1.98e-10   Normal BFGS step
   18    -189.7731548891      5.44e-11  Convergence criterion met
 ---------------------------------------
 SCF time:   CPU 12.41s  wall 2.00s 
 SCF   energy =  -189.77315489
 Total energy =  -189.77315489
 Integrated density by DFT XC:
   Number of electrons = 24
   Numerical integral  =    23.999999982690
   Relative error      =     0.0000000721 %

 --------------------------------------------------------------

                    Orbital Energies (a.u.)
 --------------------------------------------------------------

 Alpha MOs
 -- Occupied --
-19.2000 -19.1442 -10.3267  -1.1155  -1.0294  -0.6634  -0.5170  -0.4893
 -0.4493  -0.4064  -0.3301  -0.2896
 -- Virtual --
 -0.0012   0.0494   0.0936   0.2460   0.2578   0.4461   0.4649   0.5357
  0.5739   0.6366   0.7259   0.8580   0.9099   0.9430   0.9643   1.0162
  1.0797   1.0949   1.1638   1.3461   1.3592   1.4904   1.5778   1.6636
  1.7059   1.7398   1.8700   2.0363   2.2631   2.3187   2.6027   2.6922
  2.8237   2.8793   3.0664   3.1257   3.1437   3.4311   3.4870   3.6389
 --------------------------------------------------------------

          Ground-State Mulliken Net Atomic Charges

     Atom                 Charge (a.u.)
  ----------------------------------------
      1 C                     0.219842
      2 O                    -0.165939
      3 O                    -0.232364
      4 H                     0.021836
      5 H                     0.156625
  ----------------------------------------
  Sum of atomic charges =     0.000000

 -----------------------------------------------------------------
                    Cartesian Multipole Moments
 -----------------------------------------------------------------
    Charge (ESU x 10^10)
                -0.0000
    Dipole Moment (Debye)
         X       0.1482      Y      -0.3057      Z      -1.3867
       Tot       1.4277
    Quadrupole Moments (Debye-Ang)
        XX     -13.0596     XY      -0.1694     YY     -16.7965
        XZ      -0.8257     YZ      -1.6689     ZZ     -26.9575
    Octopole Moments (Debye-Ang^2)
       XXX      12.3633    XXY      -4.4651    XYY       4.2980
       YYY     -15.3624    XXZ     -30.5910    XYZ      -0.3825
       YYZ     -36.7567    XZZ       2.0164    YZZ     -12.5405
       ZZZ    -157.0046
    Hexadecapole Moments (Debye-Ang^3)
      XXXX     -34.4957   XXXY       4.0473   XXYY     -10.8777
      XYYY       4.3838   YYYY     -23.8521   XXXZ      29.4544
      XXYZ     -12.1062   XYYZ      10.6598   YYYZ     -39.3918
      XXZZ     -92.7616   XYZZ       1.0513   YYZZ    -101.2016
      XZZZ      29.4993   YZZZ     -68.3498   ZZZZ    -760.2751
 -----------------------------------------------------------------
 Eng[-2,0] = -1.89773155e+02
 Calculating analytic gradient of the SCF energy
Added xc
 Gradient of SCF Energy
            1           2           3           4           5
    1   0.0000570  -0.0014766   0.0000186   0.0000232   0.0013779
    2  -0.0019816   0.0027810   0.0013513  -0.0003464  -0.0018042
    3   0.0002025  -0.0006756  -0.0001639   0.0000233   0.0006138
 Max gradient component =       2.781E-03
 RMS gradient           =       1.207E-03
 Grad[1,-2,0,0] = -4.19453684e-05
 Grad[2,-2,0,0] = -2.41955863e-03
 Grad[3,-2,0,0] = -6.55427536e-06
 Grad[4,-2,0,0] = -1.10899431e-05
 Grad[5,-2,0,0] = 1.02878698e-04
 Grad[6,-2,0,0] = -6.37910154e-05
 Grad[7,-2,0,0] = -1.11935083e-05
 Grad[8,-2,0,0] = -1.72416775e-05
 Grad[9,-2,0,0] = 1.47532486e-03
 points done 3/90
 CoordNormalMode 2 , 0 , 0
 ----------------------------------------------------------------
             Standard Nuclear Orientation (Angstroms)
    I     Atom           X                Y                Z
 ----------------------------------------------------------------
    1      C      -0.6383542795     0.3183720058     2.2407426110
    2      O       0.0188568436     0.1509793646     1.0769175318
    3      O      -0.1169515262     0.4747138328     3.3132045809
    4      H      -1.7307912184     0.2782605296     2.0506167214
    5      H       0.9706064474     0.2531221484     1.2814269117
 ----------------------------------------------------------------
 Nuclear Repulsion Energy =          70.00179536 hartrees
 There are       12 alpha and       12 beta electrons

                       Distance Matrix (Angstroms)
             C (  1)   O (  2)   O (  3)   H (  4)
   O (  2)  1.347010
   O (  3)  1.202696  2.263676
   H (  4)  1.109583  2.006380  2.058446
   H (  5)  1.874380  0.978818  2.315169  2.808885

 Requested basis set is cc-pVDZ
 There are 24 shells and 52 basis functions
 A cutoff of  1.0D-14 yielded    299 shell pairs
 There are      1431 function pairs (      1608 Cartesian)
 Smallest overlap matrix eigenvalue = 1.37E-02
 Guess MOs from SCF MO coefficient file

 -----------------------------------------------------------------------
  General SCF calculation program by
  Eric Jon Sundstrom, Paul Horn, Yuezhi Mao, Dmitri Zuev, Alec White,
  David Stuck, Shaama M.S., Shane Yost, Joonho Lee, David Small,
  Daniel Levine, Susi Lehtola, Hugh Burton, Evgeny Epifanovsky,
  Bang C. Huynh
 -----------------------------------------------------------------------
 Exchange:     0.2000 Hartree-Fock + 0.0800 Slater + 0.7200 B88
 Correlation:  0.1900 VWN1RPA + 0.8100 LYP
 Using Euler-Maclaurin-Lebedev (99,590) quadrature formula
Added inc_jk
Added qchem_hcore
Added xc
Added P-dependent contribution
 A restricted SCF calculation will be
 performed using GDM
 SCF converges when RMS gradient is below 1.0e-10
 User-specified cutoff of 10e-14
 used for neglect of 2-electron integrals.
 A cutoff of 10e-14
 used for neglect of overlap integrals.
 Incremental Fock algorithm is on at the start.
 ---------------------------------------
  Cycle       Energy        RMS Gradient
 ---------------------------------------
    1    -189.7712944446      1.54e-02   Normal BFGS step
    2    -189.7731324359      1.14e-03   Normal BFGS step
    3    -189.7731500163      1.62e-03   Normal BFGS step
    4    -189.7731510464      2.00e-03   Normal BFGS step
    5    -189.7731542614      3.48e-04   Normal BFGS step
    6    -189.7731546221      3.29e-04   Normal BFGS step
    7    -189.7731547988      1.47e-04   Normal BFGS step
    8    -189.7731548453      2.91e-05   Normal BFGS step
    9    -189.7731548528      9.68e-06   Normal BFGS step
   10    -189.7731548534      4.23e-06   Normal BFGS step
   11    -189.7731548535      5.88e-07   Normal BFGS step
   12    -189.7731548535      9.95e-08   Normal BFGS step
   13    -189.7731548535      1.43e-08   Normal BFGS step
   14    -189.7731548535      3.15e-09   Normal BFGS step
   15    -189.7731548535      1.51e-09   Normal BFGS step
   16    -189.7731548535      2.74e-09   Normal BFGS step
   17    -189.7731548535      2.19e-10   Normal BFGS step
   18    -189.7731548535      1.16e-10   Normal BFGS step
  GDM::WARNING energy changes are now smaller than effective accuracy.
  GDM::        calculation will continue, but THRESH should be increased
  GDM::        or SCF_CONVERGENCE decreased. 
  GDM::        effective_thresh = 4.77e-09
   19    -189.7731548535      5.75e-11  Convergence criterion met
 ---------------------------------------
 SCF time:   CPU 13.04s  wall 2.00s 
 SCF   energy =  -189.77315485
 Total energy =  -189.77315485
 Integrated density by DFT XC:
   Number of electrons = 24
   Numerical integral  =    24.000000000601
   Relative error      =     0.0000000025 %

 --------------------------------------------------------------

                    Orbital Energies (a.u.)
 --------------------------------------------------------------

 Alpha MOs
 -- Occupied --
-19.1999 -19.1442 -10.3267  -1.1155  -1.0294  -0.6634  -0.5170  -0.4893
 -0.4493  -0.4064  -0.3301  -0.2896
 -- Virtual --
 -0.0012   0.0494   0.0936   0.2460   0.2578   0.4461   0.4649   0.5357
  0.5739   0.6366   0.7259   0.8580   0.9099   0.9430   0.9643   1.0162
  1.0797   1.0949   1.1638   1.3461   1.3592   1.4904   1.5778   1.6636
  1.7059   1.7398   1.8700   2.0363   2.2631   2.3187   2.6027   2.6922
  2.8237   2.8793   3.0664   3.1257   3.1437   3.4311   3.4871   3.6389
 --------------------------------------------------------------

          Ground-State Mulliken Net Atomic Charges

     Atom                 Charge (a.u.)
  ----------------------------------------
      1 C                     0.219839
      2 O                    -0.165935
      3 O                    -0.232366
      4 H                     0.021838
      5 H                     0.156625
  ----------------------------------------
  Sum of atomic charges =     0.000000

 -----------------------------------------------------------------
                    Cartesian Multipole Moments
 -----------------------------------------------------------------
    Charge (ESU x 10^10)
                 0.0000
    Dipole Moment (Debye)
         X       0.1447      Y      -0.0950      Z      -1.4172
       Tot       1.4277
    Quadrupole Moments (Debye-Ang)
        XX     -13.0663     XY       0.0386     YY     -16.7061
        XZ      -0.8607     YZ      -1.3864     ZZ     -27.0411
    Octopole Moments (Debye-Ang^2)
       XXX      12.3535    XXY      -4.2683    XYY       4.3770
       YYY     -15.4351    XXZ     -30.6274    XYZ      -0.1435
       YYZ     -36.6348    XZZ       1.9395    YZZ     -12.2094
       ZZZ    -157.1556
    Hexadecapole Moments (Debye-Ang^3)
      XXXX     -34.5080   XXXY       4.2321   XXYY     -10.7922
      XYYY       4.4444   YYYY     -23.9591   XXXZ      29.4132
      XXYZ     -11.8338   XYYZ      10.7494   YYYZ     -39.5564
      XXZZ     -92.8511   XYZZ       1.3276   YYZZ    -101.0653
      XZZZ      29.3686   YZZZ     -68.1284   ZZZZ    -760.4160
 -----------------------------------------------------------------
 Eng[2,0] = -1.89773155e+02
 Calculating analytic gradient of the SCF energy
Added xc
 Gradient of SCF Energy
            1           2           3           4           5
    1  -0.0000122  -0.0013817   0.0000657   0.0000116   0.0013167
    2   0.0019582  -0.0029035  -0.0013421   0.0003394   0.0019480
    3  -0.0003686   0.0001557   0.0002180  -0.0000760   0.0000708
 Max gradient component =       2.903E-03
 RMS gradient           =       1.207E-03
 Grad[1,2,0,0] = -4.08965391e-05
 Grad[2,2,0,0] = 2.42045241e-03
 Grad[3,2,0,0] = 6.71161313e-06
 Grad[4,2,0,0] = -9.84955956e-06
 Grad[5,2,0,0] = 1.01781687e-04
 Grad[6,2,0,0] = -6.33677025e-05
 Grad[7,2,0,0] = -1.17119191e-05
 Grad[8,2,0,0] = -1.72240127e-05
 Grad[9,2,0,0] = 1.47509637e-03
 points done 4/90
 CoordNormalMode -3 , 0 , 0
 ----------------------------------------------------------------
             Standard Nuclear Orientation (Angstroms)
    I     Atom           X                Y                Z
 ----------------------------------------------------------------
    1      C      -0.6384542491     0.3248701655     2.2398045404
    2      O       0.0188045840     0.1541157975     1.0764558818
    3      O      -0.1169465299     0.4741811273     3.3132889334
    4      H      -1.7298039881     0.2180256899     2.0593307439
    5      H       0.9715596300     0.1946620684     1.2898702352
 ----------------------------------------------------------------
 Nuclear Repulsion Energy =          70.00258766 hartrees
 There are       12 alpha and       12 beta electrons

                       Distance Matrix (Angstroms)
             C (  1)   O (  2)   O (  3)   H (  4)
   O (  2)  1.347044
   O (  3)  1.202760  2.263690
   H (  4)  1.111319  2.006928  2.058965
   H (  5)  1.873893  0.977206  2.314563  2.808911

 Requested basis set is cc-pVDZ
 There are 24 shells and 52 basis functions
 A cutoff of  1.0D-14 yielded    299 shell pairs
 There are      1431 function pairs (      1608 Cartesian)
 Smallest overlap matrix eigenvalue = 1.37E-02
 Guess MOs from SCF MO coefficient file

 -----------------------------------------------------------------------
  General SCF calculation program by
  Eric Jon Sundstrom, Paul Horn, Yuezhi Mao, Dmitri Zuev, Alec White,
  David Stuck, Shaama M.S., Shane Yost, Joonho Lee, David Small,
  Daniel Levine, Susi Lehtola, Hugh Burton, Evgeny Epifanovsky,
  Bang C. Huynh
 -----------------------------------------------------------------------
 Exchange:     0.2000 Hartree-Fock + 0.0800 Slater + 0.7200 B88
 Correlation:  0.1900 VWN1RPA + 0.8100 LYP
 Using Euler-Maclaurin-Lebedev (99,590) quadrature formula
Added inc_jk
Added qchem_hcore
Added xc
Added P-dependent contribution
 A restricted SCF calculation will be
 performed using GDM
 SCF converges when RMS gradient is below 1.0e-10
 User-specified cutoff of 10e-14
 used for neglect of 2-electron integrals.
 A cutoff of 10e-14
 used for neglect of overlap integrals.
 Incremental Fock algorithm is on at the start.
 ---------------------------------------
  Cycle       Energy        RMS Gradient
 ---------------------------------------
    1    -189.7722125772      7.80e-03   Normal BFGS step
    2    -189.7729384051      1.06e-03   Normal BFGS step
    3    -189.7729461997      4.06e-04   Normal BFGS step
    4    -189.7729462733      6.71e-04   Normal BFGS step
    5    -189.7729466484      1.91e-04   Normal BFGS step
    6    -189.7729466825      1.83e-04   Normal BFGS step
    7    -189.7729467247      4.76e-05   Normal BFGS step
    8    -189.7729467288      1.77e-05   Normal BFGS step
    9    -189.7729467316      3.63e-06   Normal BFGS step
   10    -189.7729467317      1.07e-06   Normal BFGS step
   11    -189.7729467317      1.24e-07   Normal BFGS step
   12    -189.7729467317      3.62e-08   Normal BFGS step
   13    -189.7729467317      4.54e-09   Normal BFGS step
   14    -189.7729467317      1.30e-09   Normal BFGS step
   15    -189.7729467317      3.97e-10   Normal BFGS step
   16    -189.7729467317      7.17e-10   Normal BFGS step
   17    -189.7729467317      3.50e-11  Convergence criterion met
 ---------------------------------------
 SCF time:   CPU 11.85s  wall 2.00s 
 SCF   energy =  -189.77294673
 Total energy =  -189.77294673
 Integrated density by DFT XC:
   Number of electrons = 24
   Numerical integral  =    23.999999974482
   Relative error      =     0.0000001063 %

 --------------------------------------------------------------

                    Orbital Energies (a.u.)
 --------------------------------------------------------------

 Alpha MOs
 -- Occupied --
-19.1999 -19.1442 -10.3268  -1.1157  -1.0296  -0.6635  -0.5169  -0.4894
 -0.4493  -0.4065  -0.3302  -0.2896
 -- Virtual --
 -0.0019   0.0500   0.0936   0.2461   0.2579   0.4460   0.4649   0.5356
  0.5737   0.6368   0.7257   0.8579   0.9098   0.9427   0.9649   1.0160
  1.0792   1.0952   1.1624   1.3420   1.3650   1.4910   1.5759   1.6631
  1.7057   1.7402   1.8699   2.0384   2.2626   2.3163   2.6029   2.6913
  2.8239   2.8799   3.0611   3.1279   3.1455   3.4303   3.4865   3.6404
 --------------------------------------------------------------

          Ground-State Mulliken Net Atomic Charges

     Atom                 Charge (a.u.)
  ----------------------------------------
      1 C                     0.218952
      2 O                    -0.164772
      3 O                    -0.232257
      4 H                     0.022404
      5 H                     0.155673
  ----------------------------------------
  Sum of atomic charges =     0.000000

 -----------------------------------------------------------------
                    Cartesian Multipole Moments
 -----------------------------------------------------------------
    Charge (ESU x 10^10)
                 0.0000
    Dipole Moment (Debye)
         X       0.1497      Y      -0.2113      Z      -1.3995
       Tot       1.4232
    Quadrupole Moments (Debye-Ang)
        XX     -13.0673     XY      -0.0493     YY     -16.7570
        XZ      -0.8399     YZ      -1.5358     ZZ     -26.9924
    Octopole Moments (Debye-Ang^2)
       XXX      12.3847    XXY      -4.4912    XYY       4.3397
       YYY     -15.3733    XXZ     -30.6026    XYZ      -0.2206
       YYZ     -36.7016    XZZ       1.9783    YZZ     -12.3718
       ZZZ    -157.0656
    Hexadecapole Moments (Debye-Ang^3)
      XXXX     -34.5520   XXXY       4.2898   XXYY     -10.9002
      XYYY       4.3103   YYYY     -23.9024   XXXZ      29.4647
      XXYZ     -12.2110   XYYZ      10.7173   YYYZ     -39.4411
      XXZZ     -92.7642   XYZZ       1.2407   YYZZ    -101.1374
      XZZZ      29.4440   YZZZ     -68.2059   ZZZZ    -760.3107
 -----------------------------------------------------------------
 Eng[-3,0] = -1.89772947e+02
 Calculating analytic gradient of the SCF energy
Added xc
 Gradient of SCF Energy
            1           2           3           4           5
    1   0.0006227   0.0000094   0.0000647  -0.0007018   0.0000050
    2   0.0105570  -0.0022414  -0.0036698  -0.0040530  -0.0005929
    3  -0.0014766   0.0003669   0.0005706   0.0004540   0.0000851
 Max gradient component =       1.056E-02
 RMS gradient           =       3.167E-03
 Grad[1,-3,0,0] = 7.44890284e-06
 Grad[2,-3,0,0] = -3.54806260e-06
 Grad[3,-3,0,0] = -6.56433452e-03
 Grad[4,-3,0,0] = 3.52505408e-05
 Grad[5,-3,0,0] = 8.14970037e-06
 Grad[6,-3,0,0] = -1.20689215e-05
 Grad[7,-3,0,0] = -1.13820412e-04
 Grad[8,-3,0,0] = -8.43971377e-04
 Grad[9,-3,0,0] = -1.99778365e-05
 points done 5/90
 CoordNormalMode 3 , 0 , 0
 ----------------------------------------------------------------
             Standard Nuclear Orientation (Angstroms)
    I     Atom           X                Y                Z
 ----------------------------------------------------------------
    1      C      -0.6380898518     0.3025103987     2.2430374875
    2      O       0.0187456176     0.1577079060     1.0759385310
    3      O      -0.1170419282     0.4800548187     3.3124384657
    4      H      -1.7314482913     0.3189789598     2.0447257152
    5      H       0.9713150068     0.2097130682     1.2876894660
 ----------------------------------------------------------------
 Nuclear Repulsion Energy =          70.00264722 hartrees
 There are       12 alpha and       12 beta electrons

                       Distance Matrix (Angstroms)
             C (  1)   O (  2)   O (  3)   H (  4)
   O (  2)  1.347041
   O (  3)  1.202760  2.263687
   H (  4)  1.111320  2.006922  2.058968
   H (  5)  1.873896  0.977206  2.314566  2.808909

 Requested basis set is cc-pVDZ
 There are 24 shells and 52 basis functions
 A cutoff of  1.0D-14 yielded    299 shell pairs
 There are      1431 function pairs (      1608 Cartesian)
 Smallest overlap matrix eigenvalue = 1.37E-02
 Guess MOs from SCF MO coefficient file

 -----------------------------------------------------------------------
  General SCF calculation program by
  Eric Jon Sundstrom, Paul Horn, Yuezhi Mao, Dmitri Zuev, Alec White,
  David Stuck, Shaama M.S., Shane Yost, Joonho Lee, David Small,
  Daniel Levine, Susi Lehtola, Hugh Burton, Evgeny Epifanovsky,
  Bang C. Huynh
 -----------------------------------------------------------------------
 Exchange:     0.2000 Hartree-Fock + 0.0800 Slater + 0.7200 B88
 Correlation:  0.1900 VWN1RPA + 0.8100 LYP
 Using Euler-Maclaurin-Lebedev (99,590) quadrature formula
Added inc_jk
Added qchem_hcore
Added xc
Added P-dependent contribution
 A restricted SCF calculation will be
 performed using GDM
 SCF converges when RMS gradient is below 1.0e-10
 User-specified cutoff of 10e-14
 used for neglect of 2-electron integrals.
 A cutoff of 10e-14
 used for neglect of overlap integrals.
 Incremental Fock algorithm is on at the start.
 ---------------------------------------
  Cycle       Energy        RMS Gradient
 ---------------------------------------
    1    -189.7718926989      9.82e-03   Normal BFGS step
    2    -189.7729327992      1.39e-03   Normal BFGS step
    3    -189.7729427057      1.58e-03   Normal BFGS step
    4    -189.7729432429      1.70e-03   Normal BFGS step
    5    -189.7729463607      2.34e-04   Normal BFGS step
    6    -189.7729464651      3.36e-04   Normal BFGS step
    7    -189.7729466436      5.42e-05   Normal BFGS step
    8    -189.7729466610      2.72e-05   Normal BFGS step
    9    -189.7729466644      2.73e-06   Normal BFGS step
   10    -189.7729466644      5.80e-07   Normal BFGS step
   11    -189.7729466644      2.13e-07   Normal BFGS step
   12    -189.7729466644      4.05e-08   Normal BFGS step
   13    -189.7729466644      5.15e-09   Normal BFGS step
   14    -189.7729466644      1.86e-09   Normal BFGS step
   15    -189.7729466644      2.53e-09   Normal BFGS step
   16    -189.7729466644      8.77e-10   Normal BFGS step
   17    -189.7729466644      3.61e-10   Normal BFGS step
  GDM::WARNING energy changes are now smaller than effective accuracy.
  GDM::        calculation will continue, but THRESH should be increased
  GDM::        or SCF_CONVERGENCE decreased. 
  GDM::        effective_thresh = 7.18e-09
   18    -189.7729466644      6.16e-11  Convergence criterion met
 ---------------------------------------
 SCF time:   CPU 12.39s  wall 2.00s 
 SCF   energy =  -189.77294666
 Total energy =  -189.77294666
 Integrated density by DFT XC:
   Number of electrons = 24
   Numerical integral  =    23.999999988041
   Relative error      =     0.0000000498 %

 --------------------------------------------------------------

                    Orbital Energies (a.u.)
 --------------------------------------------------------------

 Alpha MOs
 -- Occupied --
-19.1999 -19.1442 -10.3268  -1.1157  -1.0296  -0.6635  -0.5169  -0.4894
 -0.4493  -0.4065  -0.3302  -0.2896
 -- Virtual --
 -0.0019   0.0500   0.0936   0.2461   0.2579   0.4460   0.4649   0.5356
  0.5737   0.6368   0.7257   0.8579   0.9098   0.9427   0.9649   1.0160
  1.0792   1.0952   1.1624   1.3420   1.3650   1.4910   1.5759   1.6631
  1.7057   1.7402   1.8699   2.0384   2.2626   2.3163   2.6029   2.6913
  2.8239   2.8799   3.0611   3.1279   3.1455   3.4303   3.4866   3.6404
 --------------------------------------------------------------

          Ground-State Mulliken Net Atomic Charges

     Atom                 Charge (a.u.)
  ----------------------------------------
      1 C                     0.218951
      2 O                    -0.164771
      3 O                    -0.232257
      4 H                     0.022404
      5 H                     0.155673
  ----------------------------------------
  Sum of atomic charges =     0.000000

 -----------------------------------------------------------------
                    Cartesian Multipole Moments
 -----------------------------------------------------------------
    Charge (ESU x 10^10)
                -0.0000
    Dipole Moment (Debye)
         X       0.1494      Y      -0.1890      Z      -1.4027
       Tot       1.4232
    Quadrupole Moments (Debye-Ang)
        XX     -13.0663     XY      -0.0800     YY     -16.7525
        XZ      -0.8357     YZ      -1.5171     ZZ     -26.9979
    Octopole Moments (Debye-Ang^2)
       XXX      12.3726    XXY      -4.2441    XYY       4.3252
       YYY     -15.4277    XXZ     -30.6356    XYZ      -0.3006
       YYZ     -36.6961    XZZ       2.0018    YZZ     -12.3714
       ZZZ    -157.0660
    Hexadecapole Moments (Debye-Ang^3)
      XXXX     -34.5333   XXXY       4.0001   XXYY     -10.7757
      XYYY       4.5112   YYYY     -23.9284   XXXZ      29.4824
      XXYZ     -11.7341   XYYZ      10.6777   YYYZ     -39.5084
      XXZZ     -92.9016   XYZZ       1.1511   YYZZ    -101.1348
      XZZZ      29.4856   YZZZ     -68.2535   ZZZZ    -760.2825
 -----------------------------------------------------------------
 Eng[3,0] = -1.89772947e+02
 Calculating analytic gradient of the SCF energy
Added xc
 Gradient of SCF Energy
            1           2           3           4           5
    1   0.0009660  -0.0000646  -0.0000544  -0.0008327  -0.0000143
    2  -0.0105189   0.0022531   0.0036810   0.0039922   0.0005926
    3   0.0015711  -0.0002805  -0.0004937  -0.0007102  -0.0000867
 Max gradient component =       1.052E-02
 RMS gradient           =       3.168E-03
 Grad[1,3,0,0] = 7.50212370e-06
 Grad[2,3,0,0] = 3.73179685e-06
 Grad[3,3,0,0] = 6.56586132e-03
 Grad[4,3,0,0] = 3.53308417e-05
 Grad[5,3,0,0] = 8.02964285e-06
 Grad[6,3,0,0] = -1.23295346e-05
 Grad[7,3,0,0] = -1.13593536e-04
 Grad[8,3,0,0] = -8.43835337e-04
 Grad[9,3,0,0] = -1.99729215e-05
 points done 6/90
 CoordNormalMode -4 , 0 , 0
 ----------------------------------------------------------------
             Standard Nuclear Orientation (Angstroms)
    I     Atom           X                Y                Z
 ----------------------------------------------------------------
    1      C      -0.6478034777     0.3145547451     2.2484743775
    2      O       0.0250623169     0.1538905810     1.0615175508
    3      O      -0.1150579066     0.4779189614     3.3181867444
    4      H      -1.7429491831     0.2721275007     2.0784295917
    5      H       0.9667360294     0.2076360958     1.3268911393
 ----------------------------------------------------------------
 Nuclear Repulsion Energy =          69.43745236 hartrees
 There are       12 alpha and       12 beta electrons

                       Distance Matrix (Angstroms)
             C (  1)   O (  2)   O (  3)   H (  4)
   O (  2)  1.373837
   O (  3)  1.206147  2.284116
   H (  4)  1.109080  2.043026  2.056545
   H (  5)  1.862118  0.979827  2.282233  2.812715

 Requested basis set is cc-pVDZ
 There are 24 shells and 52 basis functions
 A cutoff of  1.0D-14 yielded    299 shell pairs
 There are      1431 function pairs (      1608 Cartesian)
 Smallest overlap matrix eigenvalue = 1.40E-02
 Guess MOs from SCF MO coefficient file

 -----------------------------------------------------------------------
  General SCF calculation program by
  Eric Jon Sundstrom, Paul Horn, Yuezhi Mao, Dmitri Zuev, Alec White,
  David Stuck, Shaama M.S., Shane Yost, Joonho Lee, David Small,
  Daniel Levine, Susi Lehtola, Hugh Burton, Evgeny Epifanovsky,
  Bang C. Huynh
 -----------------------------------------------------------------------
 Exchange:     0.2000 Hartree-Fock + 0.0800 Slater + 0.7200 B88
 Correlation:  0.1900 VWN1RPA + 0.8100 LYP
 Using Euler-Maclaurin-Lebedev (99,590) quadrature formula
Added inc_jk
Added qchem_hcore
Added xc
Added P-dependent contribution
 A restricted SCF calculation will be
 performed using GDM
 SCF converges when RMS gradient is below 1.0e-10
 User-specified cutoff of 10e-14
 used for neglect of 2-electron integrals.
 A cutoff of 10e-14
 used for neglect of overlap integrals.
 Incremental Fock algorithm is on at the start.
 ---------------------------------------
  Cycle       Energy        RMS Gradient
 ---------------------------------------
    1    -189.7715233918      6.76e-03   Normal BFGS step
    2    -189.7724922955      3.32e-03   Normal BFGS step
    3    -189.7724613422      8.64e-03  Line search: overstep
    4    -189.7725303549      1.13e-03   Normal BFGS step
    5    -189.7725291099      2.11e-03  Line search: overstep
    6    -189.7725357050      3.30e-04   Normal BFGS step
    7    -189.7725362428      2.41e-04   Normal BFGS step
    8    -189.7725363203      1.64e-04   Normal BFGS step
    9    -189.7725363606      2.50e-05   Normal BFGS step
   10    -189.7725363685      5.13e-06   Normal BFGS step
   11    -189.7725363687      1.16e-06   Normal BFGS step
   12    -189.7725363687      2.18e-07   Normal BFGS step
   13    -189.7725363687      4.76e-08   Normal BFGS step
   14    -189.7725363687      6.14e-09   Normal BFGS step
   15    -189.7725363687      2.88e-09   Normal BFGS step
   16    -189.7725363687      5.16e-09   Normal BFGS step
   17    -189.7725363687      1.16e-09   Normal BFGS step
   18    -189.7725363687      1.72e-10   Normal BFGS step
  GDM::WARNING energy changes are now smaller than effective accuracy.
  GDM::        calculation will continue, but THRESH should be increased
  GDM::        or SCF_CONVERGENCE decreased. 
  GDM::        effective_thresh = 1.32e-09
   19    -189.7725363687      4.44e-11  Convergence criterion met
 ---------------------------------------
 SCF time:   CPU 13.07s  wall 1.00s 
 SCF   energy =  -189.77253637
 Total energy =  -189.77253637
 Integrated density by DFT XC:
   Number of electrons = 24
   Numerical integral  =    23.999999955518
   Relative error      =     0.0000001853 %

 --------------------------------------------------------------

                    Orbital Energies (a.u.)
 --------------------------------------------------------------

 Alpha MOs
 -- Occupied --
-19.1986 -19.1488 -10.3297  -1.1091  -1.0281  -0.6562  -0.5136  -0.4908
 -0.4449  -0.4110  -0.3304  -0.2921
 -- Virtual --
 -0.0072   0.0519   0.0910   0.2376   0.2465   0.4466   0.4604   0.5412
  0.5685   0.6328   0.7231   0.8559   0.9089   0.9504   0.9626   1.0109
  1.0690   1.0951   1.1640   1.3370   1.3564   1.4735   1.5851   1.6552
  1.7046   1.7299   1.8706   2.0376   2.2426   2.3204   2.5996   2.6893
  2.8203   2.8755   3.0694   3.1078   3.1112   3.4145   3.4597   3.6331
 --------------------------------------------------------------

          Ground-State Mulliken Net Atomic Charges

     Atom                 Charge (a.u.)
  ----------------------------------------
      1 C                     0.227696
      2 O                    -0.183047
      3 O                    -0.230641
      4 H                     0.028676
      5 H                     0.157315
  ----------------------------------------
  Sum of atomic charges =     0.000000

 -----------------------------------------------------------------
                    Cartesian Multipole Moments
 -----------------------------------------------------------------
    Charge (ESU x 10^10)
                 0.0000
    Dipole Moment (Debye)
         X       0.0286      Y      -0.1767      Z      -1.2257
       Tot       1.2387
    Quadrupole Moments (Debye-Ang)
        XX     -12.9773     XY      -0.0874     YY     -16.7870
        XZ      -1.0105     YZ      -1.4396     ZZ     -26.4195
    Octopole Moments (Debye-Ang^2)
       XXX      12.0417    XXY      -4.3213    XYY       4.3219
       YYY     -15.4214    XXZ     -30.2616    XYZ      -0.3096
       YYZ     -36.7233    XZZ       1.5994    YZZ     -12.1365
       ZZZ    -155.5141
    Hexadecapole Moments (Debye-Ang^3)
      XXXX     -34.4053   XXXY       4.0836   XXYY     -10.8964
      XYYY       4.4364   YYYY     -23.9849   XXXZ      29.0093
      XXYZ     -11.8691   XYYZ      10.7509   YYYZ     -39.5772
      XXZZ     -92.1214   XYZZ       1.0678   YYZZ    -101.3390
      XZZZ      28.6077   YZZZ     -67.7175   ZZZZ    -757.5159
 -----------------------------------------------------------------
 Eng[-4,0] = -1.89772536e+02
 Calculating analytic gradient of the SCF energy
Added xc
 Gradient of SCF Energy
            1           2           3           4           5
    1  -0.0097960   0.0073011   0.0029331  -0.0011033   0.0006650
    2   0.0007747  -0.0028508   0.0011769   0.0003241   0.0005751
    3   0.0064671  -0.0205290   0.0078070   0.0023614   0.0038935
 Max gradient component =       2.053E-02
 RMS gradient           =       6.904E-03
 Grad[1,-4,0,0] = -2.42831756e-04
 Grad[2,-4,0,0] = -9.83722939e-08
 Grad[3,-4,0,0] = 3.57414626e-08
 Grad[4,-4,0,0] = -1.44843342e-02
 Grad[5,-4,0,0] = 5.01243274e-04
 Grad[6,-4,0,0] = -9.48153853e-05
 Grad[7,-4,0,0] = -5.97688522e-04
 Grad[8,-4,0,0] = -3.77263461e-05
 Grad[9,-4,0,0] = 1.24960727e-03
 points done 7/90
 CoordNormalMode 4 , 0 , 0
 ----------------------------------------------------------------
             Standard Nuclear Orientation (Angstroms)
    I     Atom           X                Y                Z
 ----------------------------------------------------------------
    1      C      -0.6287406232     0.3128258192     2.2343676503
    2      O       0.0124878846     0.1579331225     1.0908768620
    3      O      -0.1189305516     0.4763169846     3.3075406548
    4      H      -1.7183030962     0.2648771490     2.0256268674
    5      H       0.9761386074     0.1967390408     1.2506685620
 ----------------------------------------------------------------
 Nuclear Repulsion Energy =          70.58696375 hartrees
 There are       12 alpha and       12 beta electrons

                       Distance Matrix (Angstroms)
             C (  1)   O (  2)   O (  3)   H (  4)
   O (  2)  1.320128
   O (  3)  1.199306  2.243265
   H (  4)  1.110414  1.969983  2.060583
   H (  5)  1.885942  0.977580  2.346926  2.804500

 Requested basis set is cc-pVDZ
 There are 24 shells and 52 basis functions
 A cutoff of  1.0D-14 yielded    299 shell pairs
 There are      1431 function pairs (      1608 Cartesian)
 Smallest overlap matrix eigenvalue = 1.34E-02
 Guess MOs from SCF MO coefficient file

 -----------------------------------------------------------------------
  General SCF calculation program by
  Eric Jon Sundstrom, Paul Horn, Yuezhi Mao, Dmitri Zuev, Alec White,
  David Stuck, Shaama M.S., Shane Yost, Joonho Lee, David Small,
  Daniel Levine, Susi Lehtola, Hugh Burton, Evgeny Epifanovsky,
  Bang C. Huynh
 -----------------------------------------------------------------------
 Exchange:     0.2000 Hartree-Fock + 0.0800 Slater + 0.7200 B88
 Correlation:  0.1900 VWN1RPA + 0.8100 LYP
 Using Euler-Maclaurin-Lebedev (99,590) quadrature formula
Added inc_jk
Added qchem_hcore
Added xc
Added P-dependent contribution
 A restricted SCF calculation will be
 performed using GDM
 SCF converges when RMS gradient is below 1.0e-10
 User-specified cutoff of 10e-14
 used for neglect of 2-electron integrals.
 A cutoff of 10e-14
 used for neglect of overlap integrals.
 Incremental Fock algorithm is on at the start.
 ---------------------------------------
  Cycle       Energy        RMS Gradient
 ---------------------------------------
    1    -189.7695052499      1.42e-02   Normal BFGS step
    2    -189.7723071174      6.75e-03   Normal BFGS step
    3    -189.7722153442      1.61e-02  Line search: overstep
    4    -189.7724504406      2.22e-03   Normal BFGS step
    5    -189.7724463755      3.94e-03  Line search: overstep
    6    -189.7724700844      5.83e-04   Normal BFGS step
    7    -189.7724718698      2.53e-04   Normal BFGS step
    8    -189.7724721074      1.68e-04   Normal BFGS step
    9    -189.7724721290      8.91e-05   Normal BFGS step
   10    -189.7724721595      3.76e-06   Normal BFGS step
   11    -189.7724721597      1.08e-06   Normal BFGS step
   12    -189.7724721597      1.17e-07   Normal BFGS step
   13    -189.7724721597      2.75e-08   Normal BFGS step
   14    -189.7724721597      4.24e-09   Normal BFGS step
   15    -189.7724721597      9.12e-09   Normal BFGS step
   16    -189.7724721597      5.92e-09   Normal BFGS step
   17    -189.7724721597      6.16e-10   Normal BFGS step
   18    -189.7724721597      2.32e-10   Normal BFGS step
  GDM::WARNING energy changes are now smaller than effective accuracy.
  GDM::        calculation will continue, but THRESH should be increased
  GDM::        or SCF_CONVERGENCE decreased. 
  GDM::        effective_thresh = 3.23e-09
   19    -189.7724721597      8.03e-11  Convergence criterion met
 ---------------------------------------
 SCF time:   CPU 13.13s  wall 1.00s 
 SCF   energy =  -189.77247216
 Total energy =  -189.77247216
 Integrated density by DFT XC:
   Number of electrons = 24
   Numerical integral  =    24.000000027441
   Relative error      =     0.0000001143 %

 --------------------------------------------------------------

                    Orbital Energies (a.u.)
 --------------------------------------------------------------

 Alpha MOs
 -- Occupied --
-19.2014 -19.1394 -10.3237  -1.1230  -1.0303  -0.6717  -0.5201  -0.4876
 -0.4541  -0.4019  -0.3296  -0.2870
 -- Virtual --
  0.0053   0.0469   0.0961   0.2486   0.2734   0.4454   0.4717   0.5298
  0.5784   0.6425   0.7293   0.8603   0.9099   0.9348   0.9674   1.0211
  1.0914   1.0950   1.1644   1.3580   1.3587   1.5058   1.5719   1.6718
  1.7071   1.7481   1.8737   2.0359   2.2847   2.3184   2.6052   2.6951
  2.8208   2.8872   3.0538   3.1486   3.1819   3.4436   3.5123   3.6541
 --------------------------------------------------------------

          Ground-State Mulliken Net Atomic Charges

     Atom                 Charge (a.u.)
  ----------------------------------------
      1 C                     0.210841
      2 O                    -0.146814
      3 O                    -0.234432
      4 H                     0.014843
      5 H                     0.155562
  ----------------------------------------
  Sum of atomic charges =     0.000000

 -----------------------------------------------------------------
                    Cartesian Multipole Moments
 -----------------------------------------------------------------
    Charge (ESU x 10^10)
                -0.0000
    Dipole Moment (Debye)
         X       0.2664      Y      -0.2247      Z      -1.5841
       Tot       1.6220
    Quadrupole Moments (Debye-Ang)
        XX     -13.1494     XY      -0.0433     YY     -16.7270
        XZ      -0.6766     YZ      -1.6156     ZZ     -27.5896
    Octopole Moments (Debye-Ang^2)
       XXX      12.6736    XXY      -4.4118    XYY       4.3435
       YYY     -15.3840    XXZ     -30.9563    XYZ      -0.2156
       YYZ     -36.6850    XZZ       2.3504    YZZ     -12.6117
       ZZZ    -158.6691
    Hexadecapole Moments (Debye-Ang^3)
      XXXX     -34.6140   XXXY       4.1941   XXYY     -10.7863
      XYYY       4.3863   YYYY     -23.8132   XXXZ      29.8437
      XXYZ     -12.0670   XYYZ      10.6482   YYYZ     -39.3886
      XXZZ     -93.4780   XYZZ       1.3122   YYZZ    -100.9604
      XZZZ      30.2402   YZZZ     -68.7626   ZZZZ    -763.2885
 -----------------------------------------------------------------
 Eng[4,0] = -1.89772472e+02
 Calculating analytic gradient of the SCF energy
Added xc
 Gradient of SCF Energy
            1           2           3           4           5
    1   0.0115100  -0.0115004  -0.0028100   0.0012160   0.0015845
    2  -0.0011714   0.0031835  -0.0012002  -0.0003536  -0.0004583
    3  -0.0094043   0.0233066  -0.0079817  -0.0025789  -0.0033417
 Max gradient component =       2.331E-02
 RMS gradient           =       8.177E-03
 Grad[1,4,0,0] = -1.77638085e-04
 Grad[2,4,0,0] = 7.67985492e-07
 Grad[3,4,0,0] = 9.00712898e-08
 Grad[4,4,0,0] = 1.64140567e-02
 Grad[5,4,0,0] = 4.46853206e-04
 Grad[6,4,0,0] = -5.53981317e-05
 Grad[7,4,0,0] = -7.31266159e-04
 Grad[8,4,0,0] = -2.66877096e-05
 Grad[9,4,0,0] = 1.27322687e-03
 points done 8/90
 CoordNormalMode -5 , 0 , 0
 ----------------------------------------------------------------
             Standard Nuclear Orientation (Angstroms)
    I     Atom           X                Y                Z
 ----------------------------------------------------------------
    1      C      -0.6487971596     0.3144602445     2.2479345069
    2      O       0.0238547693     0.1560280496     1.0764232879
    3      O      -0.1145680903     0.4769765821     3.3116106491
    4      H      -1.7380848195     0.2661118876     2.0363610650
    5      H       0.9850940655     0.1958100713     1.2431910091
 ----------------------------------------------------------------
 Nuclear Repulsion Energy =          69.76225965 hartrees
 There are       12 alpha and       12 beta electrons

                       Distance Matrix (Angstroms)
             C (  1)   O (  2)   O (  3)   H (  4)
   O (  2)  1.360147
   O (  3)  1.201341  2.262351
   H (  4)  1.110697  2.009485  2.075219
   H (  5)  1.921767  0.976409  2.359379  2.837211

 Requested basis set is cc-pVDZ
 There are 24 shells and 52 basis functions
 A cutoff of  1.0D-14 yielded    299 shell pairs
 There are      1431 function pairs (      1608 Cartesian)
 Smallest overlap matrix eigenvalue = 1.39E-02
 Guess MOs from SCF MO coefficient file

 -----------------------------------------------------------------------
  General SCF calculation program by
  Eric Jon Sundstrom, Paul Horn, Yuezhi Mao, Dmitri Zuev, Alec White,
  David Stuck, Shaama M.S., Shane Yost, Joonho Lee, David Small,
  Daniel Levine, Susi Lehtola, Hugh Burton, Evgeny Epifanovsky,
  Bang C. Huynh
 -----------------------------------------------------------------------
 Exchange:     0.2000 Hartree-Fock + 0.0800 Slater + 0.7200 B88
 Correlation:  0.1900 VWN1RPA + 0.8100 LYP
 Using Euler-Maclaurin-Lebedev (99,590) quadrature formula
Added inc_jk
Added qchem_hcore
Added xc
Added P-dependent contribution
 A restricted SCF calculation will be
 performed using GDM
 SCF converges when RMS gradient is below 1.0e-10
 User-specified cutoff of 10e-14
 used for neglect of 2-electron integrals.
 A cutoff of 10e-14
 used for neglect of overlap integrals.
 Incremental Fock algorithm is on at the start.
 ---------------------------------------
  Cycle       Energy        RMS Gradient
 ---------------------------------------
    1    -189.7716164311      8.94e-03   Normal BFGS step
    2    -189.7726347958      5.01e-03   Normal BFGS step
    3    -189.7725772836      1.19e-02  Line search: overstep
    4    -189.7726929119      9.94e-04   Normal BFGS step
    5    -189.7726945923      2.01e-03   Normal BFGS step
    6    -189.7727032917      1.88e-04   Normal BFGS step
    7    -189.7727033677      1.99e-04   Normal BFGS step
    8    -189.7727034239      6.20e-05   Normal BFGS step
    9    -189.7727034334      1.62e-05   Normal BFGS step
   10    -189.7727034366      2.58e-06   Normal BFGS step
   11    -189.7727034366      2.88e-07   Normal BFGS step
   12    -189.7727034366      7.27e-08   Normal BFGS step
   13    -189.7727034366      1.56e-08   Normal BFGS step
   14    -189.7727034366      1.46e-09   Normal BFGS step
   15    -189.7727034366      2.85e-09   Normal BFGS step
   16    -189.7727034366      7.46e-10   Normal BFGS step
   17    -189.7727034366      1.76e-10   Normal BFGS step
   18    -189.7727034366      4.36e-11  Convergence criterion met
 ---------------------------------------
 SCF time:   CPU 12.43s  wall 1.00s 
 SCF   energy =  -189.77270344
 Total energy =  -189.77270344
 Integrated density by DFT XC:
   Number of electrons = 24
   Numerical integral  =    23.999999986068
   Relative error      =     0.0000000581 %

 --------------------------------------------------------------

                    Orbital Energies (a.u.)
 --------------------------------------------------------------

 Alpha MOs
 -- Occupied --
-19.1949 -19.1452 -10.3278  -1.1095  -1.0272  -0.6640  -0.5176  -0.4853
 -0.4458  -0.4033  -0.3286  -0.2899
 -- Virtual --
 -0.0027   0.0502   0.0923   0.2439   0.2538   0.4471   0.4643   0.5263
  0.5805   0.6378   0.7259   0.8577   0.9126   0.9476   0.9655   1.0261
  1.0927   1.0933   1.1593   1.3512   1.3615   1.4915   1.5583   1.6572
  1.7036   1.7346   1.8674   2.0425   2.2775   2.3169   2.6004   2.6863
  2.8315   2.8684   3.0298   3.1259   3.1377   3.4361   3.4938   3.6446
 --------------------------------------------------------------

          Ground-State Mulliken Net Atomic Charges

     Atom                 Charge (a.u.)
  ----------------------------------------
      1 C                     0.223418
      2 O                    -0.180444
      3 O                    -0.227102
      4 H                     0.026778
      5 H                     0.157351
  ----------------------------------------
  Sum of atomic charges =     0.000000

 -----------------------------------------------------------------
                    Cartesian Multipole Moments
 -----------------------------------------------------------------
    Charge (ESU x 10^10)
                 0.0000
    Dipole Moment (Debye)
         X       0.1139      Y      -0.1987      Z      -1.3869
       Tot       1.4057
    Quadrupole Moments (Debye-Ang)
        XX     -12.8873     XY      -0.0882     YY     -16.7667
        XZ      -1.0228     YZ      -1.5083     ZZ     -26.8625
    Octopole Moments (Debye-Ang^2)
       XXX      12.2831    XXY      -4.3360    XYY       4.3296
       YYY     -15.3895    XXZ     -30.3882    XYZ      -0.3177
       YYZ     -36.6659    XZZ       1.5767    YZZ     -12.2803
       ZZZ    -156.3452
    Hexadecapole Moments (Debye-Ang^3)
      XXXX     -34.4168   XXXY       4.1266   XXYY     -10.8977
      XYYY       4.4265   YYYY     -23.8924   XXXZ      29.3102
      XXYZ     -11.9259   XYYZ      10.7317   YYYZ     -39.4224
      XXZZ     -92.5462   XYZZ       1.0971   YYZZ    -100.9873
      XZZZ      28.8584   YZZZ     -67.8792   ZZZZ    -757.4916
 -----------------------------------------------------------------
 Eng[-5,0] = -1.89772703e+02
 Calculating analytic gradient of the SCF energy
Added xc
 Gradient of SCF Energy
            1           2           3           4           5
    1  -0.0150119   0.0090263   0.0047650  -0.0010185   0.0022391
    2   0.0010763   0.0002314  -0.0002723  -0.0002972  -0.0007383
    3   0.0091361   0.0005784  -0.0024222  -0.0019388  -0.0053535
 Max gradient component =       1.501E-02
 RMS gradient           =       5.535E-03
 Grad[1,-5,0,0] = -1.03863207e-04
 Grad[2,-5,0,0] = 4.86582408e-07
 Grad[3,-5,0,0] = 1.12723966e-07
 Grad[4,-5,0,0] = 1.12056835e-04
 Grad[5,-5,0,0] = -1.12835191e-02
 Grad[6,-5,0,0] = -3.88756809e-05
 Grad[7,-5,0,0] = -1.61296495e-04
 Grad[8,-5,0,0] = -1.42214467e-04
 Grad[9,-5,0,0] = 6.45579911e-04
 points done 9/90
 CoordNormalMode 5 , 0 , 0
 ----------------------------------------------------------------
             Standard Nuclear Orientation (Angstroms)
    I     Atom           X                Y                Z
 ----------------------------------------------------------------
    1      C      -0.6277469413     0.3129203197     2.2349075209
    2      O       0.0136954323     0.1557956539     1.0759711249
    3      O      -0.1194203678     0.4772593640     3.3141167500
    4      H      -1.7231674599     0.2708927621     2.0676953941
    5      H       0.9577805713     0.2085650653     1.3343686921
 ----------------------------------------------------------------
 Nuclear Repulsion Energy =          70.25058945 hartrees
 There are       12 alpha and       12 beta electrons

                       Distance Matrix (Angstroms)
             C (  1)   O (  2)   O (  3)   H (  4)
   O (  2)  1.333893
   O (  3)  1.204199  2.265029
   H (  4)  1.108906  2.003361  2.041607
   H (  5)  1.826406  0.980230  2.269793  2.780132

 Requested basis set is cc-pVDZ
 There are 24 shells and 52 basis functions
 A cutoff of  1.0D-14 yielded    299 shell pairs
 There are      1431 function pairs (      1608 Cartesian)
 Smallest overlap matrix eigenvalue = 1.34E-02
 Guess MOs from SCF MO coefficient file

 -----------------------------------------------------------------------
  General SCF calculation program by
  Eric Jon Sundstrom, Paul Horn, Yuezhi Mao, Dmitri Zuev, Alec White,
  David Stuck, Shaama M.S., Shane Yost, Joonho Lee, David Small,
  Daniel Levine, Susi Lehtola, Hugh Burton, Evgeny Epifanovsky,
  Bang C. Huynh
 -----------------------------------------------------------------------
 Exchange:     0.2000 Hartree-Fock + 0.0800 Slater + 0.7200 B88
 Correlation:  0.1900 VWN1RPA + 0.8100 LYP
 Using Euler-Maclaurin-Lebedev (99,590) quadrature formula
Added inc_jk
Added qchem_hcore
Added xc
Added P-dependent contribution
 A restricted SCF calculation will be
 performed using GDM
 SCF converges when RMS gradient is below 1.0e-10
 User-specified cutoff of 10e-14
 used for neglect of 2-electron integrals.
 A cutoff of 10e-14
 used for neglect of overlap integrals.
 Incremental Fock algorithm is on at the start.
 ---------------------------------------
  Cycle       Energy        RMS Gradient
 ---------------------------------------
    1    -189.7709024358      1.08e-02   Normal BFGS step
    2    -189.7726447167      4.72e-03   Normal BFGS step
    3    -189.7725707248      1.14e-02  Line search: overstep
    4    -189.7726707778      5.12e-04   Normal BFGS step
    5    -189.7726760867      3.41e-04   Normal BFGS step
    6    -189.7726766430      8.83e-05   Normal BFGS step
    7    -189.7726766916      3.45e-05   Normal BFGS step
    8    -189.7726767006      1.09e-05   Normal BFGS step
    9    -189.7726767008      1.20e-05   Normal BFGS step
   10    -189.7726767010      2.20e-06   Normal BFGS step
   11    -189.7726767011      5.20e-07   Normal BFGS step
   12    -189.7726767011      6.03e-08   Normal BFGS step
   13    -189.7726767011      1.32e-08   Normal BFGS step
   14    -189.7726767011      3.20e-09   Normal BFGS step
   15    -189.7726767011      4.98e-09   Normal BFGS step
   16    -189.7726767011      1.59e-09   Normal BFGS step
   17    -189.7726767011      3.24e-10   Normal BFGS step
   18    -189.7726767011      6.24e-11  Convergence criterion met
 ---------------------------------------
 SCF time:   CPU 12.46s  wall 2.00s 
 SCF   energy =  -189.77267670
 Total energy =  -189.77267670
 Integrated density by DFT XC:
   Number of electrons = 24
   Numerical integral  =    23.999999964892
   Relative error      =     0.0000001463 %

 --------------------------------------------------------------

                    Orbital Energies (a.u.)
 --------------------------------------------------------------

 Alpha MOs
 -- Occupied --
-19.2049 -19.1433 -10.3258  -1.1224  -1.0313  -0.6630  -0.5168  -0.4937
 -0.4530  -0.4091  -0.3315  -0.2892
 -- Virtual --
  0.0005   0.0488   0.0948   0.2465   0.2625   0.4449   0.4638   0.5467
  0.5667   0.6376   0.7260   0.8584   0.9074   0.9375   0.9634   1.0020
  1.0708   1.0965   1.1688   1.3341   1.3638   1.4877   1.5979   1.6697
  1.7088   1.7474   1.8734   2.0321   2.2420   2.3306   2.6045   2.6989
  2.8132   2.8900   3.1007   3.1304   3.1482   3.4228   3.4786   3.6379
 --------------------------------------------------------------

          Ground-State Mulliken Net Atomic Charges

     Atom                 Charge (a.u.)
  ----------------------------------------
      1 C                     0.216458
      2 O                    -0.150920
      3 O                    -0.237812
      4 H                     0.017320
      5 H                     0.154955
  ----------------------------------------
  Sum of atomic charges =     0.000000

 -----------------------------------------------------------------
                    Cartesian Multipole Moments
 -----------------------------------------------------------------
    Charge (ESU x 10^10)
                -0.0000
    Dipole Moment (Debye)
         X       0.1768      Y      -0.2021      Z      -1.4175
       Tot       1.4427
    Quadrupole Moments (Debye-Ang)
        XX     -13.2332     XY      -0.0434     YY     -16.7485
        XZ      -0.6717     YZ      -1.5441     ZZ     -27.1278
    Octopole Moments (Debye-Ang^2)
       XXX      12.4232    XXY      -4.3969    XYY       4.3354
       YYY     -15.4163    XXZ     -30.8276    XYZ      -0.2087
       YYZ     -36.7425    XZZ       2.3643    YZZ     -12.4597
       ZZZ    -157.7822
    Hexadecapole Moments (Debye-Ang^3)
      XXXX     -34.5738   XXXY       4.1500   XXYY     -10.7842
      XYYY       4.3956   YYYY     -23.9076   XXXZ      29.5324
      XXYZ     -12.0113   XYYZ      10.6656   YYYZ     -39.5413
      XXZZ     -93.0586   XYZZ       1.2816   YYZZ    -101.3057
      XZZZ      29.9787   YZZZ     -68.5767   ZZZZ    -763.1344
 -----------------------------------------------------------------
 Eng[5,0] = -1.89772677e+02
 Calculating analytic gradient of the SCF energy
Added xc
 Gradient of SCF Energy
            1           2           3           4           5
    1   0.0160979  -0.0109051  -0.0048022   0.0008349  -0.0012256
    2  -0.0012014  -0.0002256   0.0002835   0.0002965   0.0008470
    3  -0.0101227  -0.0003247   0.0025041   0.0019542   0.0059890
 Max gradient component =       1.610E-02
 RMS gradient           =       6.079E-03
 Grad[1,5,0,0] = -1.35737525e-04
 Grad[2,5,0,0] = -1.02443629e-07
 Grad[3,5,0,0] = 2.83120868e-08
 Grad[4,5,0,0] = 7.46516114e-05
 Grad[5,5,0,0] = 1.20834948e-02
 Grad[6,5,0,0] = -4.69288019e-05
 Grad[7,5,0,0] = -1.44483747e-04
 Grad[8,5,0,0] = -1.38805245e-04
 Grad[9,5,0,0] = 5.72852338e-04
 points done 10/90
 CoordNormalMode -6 , 0 , 0
 ----------------------------------------------------------------
             Standard Nuclear Orientation (Angstroms)
    I     Atom           X                Y                Z
 ----------------------------------------------------------------
    1      C      -0.6394282720     0.3137848261     2.2422017825
    2      O       0.0167799442     0.1556392470     1.0745387813
    3      O      -0.1142163434     0.4776179734     3.3160096807
    4      H      -1.7240014748     0.2615380556     2.0031239826
    5      H       0.9661571035     0.2044172087     1.3047791934
 ----------------------------------------------------------------
 Nuclear Repulsion Energy =          69.90600080 hartrees
 There are       12 alpha and       12 beta electrons

                       Distance Matrix (Angstroms)
             C (  1)   O (  2)   O (  3)   H (  4)
   O (  2)  1.348724
   O (  3)  1.206546  2.268264
   H (  4)  1.111839  1.975805  2.088485
   H (  5)  1.862425  0.978114  2.299325  2.779910

 Requested basis set is cc-pVDZ
 There are 24 shells and 52 basis functions
 A cutoff of  1.0D-14 yielded    299 shell pairs
 There are      1431 function pairs (      1608 Cartesian)
 Smallest overlap matrix eigenvalue = 1.37E-02
 Guess MOs from SCF MO coefficient file

 -----------------------------------------------------------------------
  General SCF calculation program by
  Eric Jon Sundstrom, Paul Horn, Yuezhi Mao, Dmitri Zuev, Alec White,
  David Stuck, Shaama M.S., Shane Yost, Joonho Lee, David Small,
  Daniel Levine, Susi Lehtola, Hugh Burton, Evgeny Epifanovsky,
  Bang C. Huynh
 -----------------------------------------------------------------------
 Exchange:     0.2000 Hartree-Fock + 0.0800 Slater + 0.7200 B88
 Correlation:  0.1900 VWN1RPA + 0.8100 LYP
 Using Euler-Maclaurin-Lebedev (99,590) quadrature formula
Added inc_jk
Added qchem_hcore
Added xc
Added P-dependent contribution
 A restricted SCF calculation will be
 performed using GDM
 SCF converges when RMS gradient is below 1.0e-10
 User-specified cutoff of 10e-14
 used for neglect of 2-electron integrals.
 A cutoff of 10e-14
 used for neglect of overlap integrals.
 Incremental Fock algorithm is on at the start.
 ---------------------------------------
  Cycle       Energy        RMS Gradient
 ---------------------------------------
    1    -189.7723284024      6.90e-03   Normal BFGS step
    2    -189.7728156112      5.53e-03   Normal BFGS step
    3    -189.7727315222      1.17e-02  Line search: overstep
    4    -189.7728467921      9.48e-04   Normal BFGS step
    5    -189.7728499120      3.08e-04   Normal BFGS step
    6    -189.7728507228      1.72e-04   Normal BFGS step
    7    -189.7728507900      6.43e-05   Normal BFGS step
    8    -189.7728507936      4.35e-05   Normal BFGS step
    9    -189.7728507974      7.08e-06   Normal BFGS step
   10    -189.7728507978      2.13e-06   Normal BFGS step
   11    -189.7728507978      4.22e-07   Normal BFGS step
   12    -189.7728507978      3.96e-08   Normal BFGS step
   13    -189.7728507978      7.24e-09   Normal BFGS step
   14    -189.7728507978      4.41e-09   Normal BFGS step
   15    -189.7728507978      2.88e-09   Normal BFGS step
   16    -189.7728507978      2.44e-10   Normal BFGS step
  GDM::WARNING energy changes are now smaller than effective accuracy.
  GDM::        calculation will continue, but THRESH should be increased
  GDM::        or SCF_CONVERGENCE decreased. 
  GDM::        effective_thresh = 6.45e-09
   17    -189.7728507978      5.64e-11  Convergence criterion met
 ---------------------------------------
 SCF time:   CPU 11.80s  wall 2.00s 
 SCF   energy =  -189.77285080
 Total energy =  -189.77285080
 Integrated density by DFT XC:
   Number of electrons = 24
   Numerical integral  =    23.999999953663
   Relative error      =     0.0000001931 %

 --------------------------------------------------------------

                    Orbital Energies (a.u.)
 --------------------------------------------------------------

 Alpha MOs
 -- Occupied --
-19.2002 -19.1465 -10.3281  -1.1157  -1.0291  -0.6642  -0.5128  -0.4908
 -0.4491  -0.4085  -0.3305  -0.2915
 -- Virtual --
 -0.0031   0.0512   0.0921   0.2422   0.2570   0.4460   0.4633   0.5426
  0.5674   0.6335   0.7246   0.8566   0.9110   0.9444   0.9623   1.0099
  1.0750   1.0959   1.1623   1.3391   1.3402   1.4941   1.5871   1.6583
  1.7070   1.7486   1.8656   2.0402   2.2650   2.3162   2.6019   2.6897
  2.8212   2.8777   3.0664   3.1267   3.1347   3.4248   3.4800   3.6451
 --------------------------------------------------------------

          Ground-State Mulliken Net Atomic Charges

     Atom                 Charge (a.u.)
  ----------------------------------------
      1 C                     0.221697
      2 O                    -0.164929
      3 O                    -0.233907
      4 H                     0.022532
      5 H                     0.154606
  ----------------------------------------
  Sum of atomic charges =     0.000000

 -----------------------------------------------------------------
                    Cartesian Multipole Moments
 -----------------------------------------------------------------
    Charge (ESU x 10^10)
                -0.0000
    Dipole Moment (Debye)
         X       0.1300      Y      -0.1999      Z      -1.3973
       Tot       1.4175
    Quadrupole Moments (Debye-Ang)
        XX     -13.1293     XY      -0.0537     YY     -16.7687
        XZ      -0.7570     YZ      -1.5259     ZZ     -27.0148
    Octopole Moments (Debye-Ang^2)
       XXX      12.3962    XXY      -4.3957    XYY       4.3411
       YYY     -15.4082    XXZ     -30.8150    XYZ      -0.2152
       YYZ     -36.7163    XZZ       2.3266    YZZ     -12.3730
       ZZZ    -157.1502
    Hexadecapole Moments (Debye-Ang^3)
      XXXX     -34.7390   XXXY       4.1612   XXYY     -10.8504
      XYYY       4.3777   YYYY     -23.9260   XXXZ      29.6082
      XXYZ     -12.0596   XYYZ      10.6335   YYYZ     -39.5114
      XXZZ     -93.4685   XYZZ       1.3128   YYZZ    -101.2103
      XZZZ      30.1731   YZZZ     -68.2450   ZZZZ    -760.7150
 -----------------------------------------------------------------
 Eng[-6,0] = -1.89772851e+02
 Calculating analytic gradient of the SCF energy
Added xc
 Gradient of SCF Energy
            1           2           3           4           5
    1  -0.0013102  -0.0046516   0.0060155   0.0006235  -0.0006772
    2   0.0001917  -0.0006106   0.0010926  -0.0009930   0.0003194
    3   0.0014722  -0.0036948   0.0068785  -0.0069380   0.0022821
 Max gradient component =       6.938E-03
 RMS gradient           =       3.460E-03
 Grad[1,-6,0,0] = 5.90576011e-05
 Grad[2,-6,0,0] = 2.64387098e-08
 Grad[3,-6,0,0] = 3.06507518e-07
 Grad[4,-6,0,0] = 7.85328163e-05
 Grad[5,-6,0,0] = 7.73203561e-05
 Grad[6,-6,0,0] = -8.47285256e-03
 Grad[7,-6,0,0] = 2.20222807e-04
 Grad[8,-6,0,0] = -3.72222101e-04
 Grad[9,-6,0,0] = 7.41649531e-05
 points done 11/90
 CoordNormalMode 6 , 0 , 0
 ----------------------------------------------------------------
             Standard Nuclear Orientation (Angstroms)
    I     Atom           X                Y                Z
 ----------------------------------------------------------------
    1      C      -0.6371158289     0.3135957382     2.2406402453
    2      O       0.0207702574     0.1561844565     1.0778556314
    3      O      -0.1197721147     0.4766179726     3.3097177184
    4      H      -1.7372508046     0.2754665940     2.1009324764
    5      H       0.9767175333     0.1999579279     1.2727805078
 ----------------------------------------------------------------
 Nuclear Repulsion Energy =          70.10909232 hartrees
 There are       12 alpha and       12 beta electrons

                       Distance Matrix (Angstroms)
             C (  1)   O (  2)   O (  3)   H (  4)
   O (  2)  1.345236
   O (  3)  1.198811  2.259123
   H (  4)  1.109626  2.037536  2.029251
   H (  5)  1.885238  0.976600  2.329795  2.838514

 Requested basis set is cc-pVDZ
 There are 24 shells and 52 basis functions
 A cutoff of  1.0D-14 yielded    299 shell pairs
 There are      1431 function pairs (      1608 Cartesian)
 Smallest overlap matrix eigenvalue = 1.37E-02
 Guess MOs from SCF MO coefficient file

 -----------------------------------------------------------------------
  General SCF calculation program by
  Eric Jon Sundstrom, Paul Horn, Yuezhi Mao, Dmitri Zuev, Alec White,
  David Stuck, Shaama M.S., Shane Yost, Joonho Lee, David Small,
  Daniel Levine, Susi Lehtola, Hugh Burton, Evgeny Epifanovsky,
  Bang C. Huynh
 -----------------------------------------------------------------------
 Exchange:     0.2000 Hartree-Fock + 0.0800 Slater + 0.7200 B88
 Correlation:  0.1900 VWN1RPA + 0.8100 LYP
 Using Euler-Maclaurin-Lebedev (99,590) quadrature formula
Added inc_jk
Added qchem_hcore
Added xc
Added P-dependent contribution
 A restricted SCF calculation will be
 performed using GDM
 SCF converges when RMS gradient is below 1.0e-10
 User-specified cutoff of 10e-14
 used for neglect of 2-electron integrals.
 A cutoff of 10e-14
 used for neglect of overlap integrals.
 Incremental Fock algorithm is on at the start.
 ---------------------------------------
  Cycle       Energy        RMS Gradient
 ---------------------------------------
    1    -189.7723379982      5.85e-03   Normal BFGS step
    2    -189.7727945491      7.20e-03   Normal BFGS step
    3    -189.7727006051      1.18e-02  Line search: overstep
    4    -189.7728457670      1.48e-03   Normal BFGS step
    5    -189.7728506090      4.16e-04   Normal BFGS step
    6    -189.7728518272      2.89e-04   Normal BFGS step
    7    -189.7728519461      1.30e-04   Normal BFGS step
    8    -189.7728519537      7.35e-05   Normal BFGS step
    9    -189.7728519694      9.04e-06   Normal BFGS step
   10    -189.7728519695      1.04e-06   Normal BFGS step
   11    -189.7728519695      7.45e-08   Normal BFGS step
   12    -189.7728519695      3.25e-08   Normal BFGS step
   13    -189.7728519695      1.40e-09   Normal BFGS step
   14    -189.7728519695      5.04e-10   Normal BFGS step
   15    -189.7728519695      2.24e-10   Normal BFGS step
   16    -189.7728519695      1.80e-10   Normal BFGS step
   17    -189.7728519695      4.74e-11  Convergence criterion met
 ---------------------------------------
 SCF time:   CPU 11.78s  wall 2.00s 
 SCF   energy =  -189.77285197
 Total energy =  -189.77285197
 Integrated density by DFT XC:
   Number of electrons = 24
   Numerical integral  =    23.999999989061
   Relative error      =     0.0000000456 %

 --------------------------------------------------------------

                    Orbital Energies (a.u.)
 --------------------------------------------------------------

 Alpha MOs
 -- Occupied --
-19.1997 -19.1418 -10.3255  -1.1159  -1.0300  -0.6631  -0.5211  -0.4878
 -0.4495  -0.4046  -0.3300  -0.2876
 -- Virtual --
  0.0010   0.0483   0.0946   0.2494   0.2582   0.4462   0.4667   0.5289
  0.5812   0.6411   0.7273   0.8592   0.9091   0.9417   0.9672   1.0201
  1.0842   1.0936   1.1656   1.3550   1.3738   1.4824   1.5688   1.6722
  1.7032   1.7341   1.8755   2.0372   2.2615   2.3185   2.6026   2.6931
  2.8258   2.8816   3.0677   3.1293   3.1496   3.4370   3.4941   3.6367
 --------------------------------------------------------------

          Ground-State Mulliken Net Atomic Charges

     Atom                 Charge (a.u.)
  ----------------------------------------
      1 C                     0.216721
      2 O                    -0.164896
      3 O                    -0.230849
      4 H                     0.022146
      5 H                     0.156878
  ----------------------------------------
  Sum of atomic charges =     0.000000

 -----------------------------------------------------------------
                    Cartesian Multipole Moments
 -----------------------------------------------------------------
    Charge (ESU x 10^10)
                -0.0000
    Dipole Moment (Debye)
         X       0.1662      Y      -0.2007      Z      -1.4067
       Tot       1.4306
    Quadrupole Moments (Debye-Ang)
        XX     -12.9996     XY      -0.0766     YY     -16.7468
        XZ      -0.9272     YZ      -1.5264     ZZ     -26.9768
    Octopole Moments (Debye-Ang^2)
       XXX      12.3494    XXY      -4.3379    XYY       4.3311
       YYY     -15.3979    XXZ     -30.4089    XYZ      -0.3116
       YYZ     -36.6933    XZZ       1.6196    YZZ     -12.3660
       ZZZ    -156.9737
    Hexadecapole Moments (Debye-Ang^3)
      XXXX     -34.3212   XXXY       4.1240   XXYY     -10.8373
      XYYY       4.4493   YYYY     -23.8758   XXXZ      29.2995
      XXYZ     -11.8757   XYYZ      10.7747   YYYZ     -39.4529
      XXZZ     -92.1341   XYZZ       1.0571   YYZZ    -101.0854
      XZZZ      28.6277   YZZZ     -68.2031   ZZZZ    -759.8646
 -----------------------------------------------------------------
 Eng[6,0] = -1.89772852e+02
 Calculating analytic gradient of the SCF energy
Added xc
 Gradient of SCF Energy
            1           2           3           4           5
    1   0.0025657   0.0042157  -0.0063409  -0.0012460   0.0008056
    2  -0.0001253   0.0006023  -0.0011333   0.0009621  -0.0003058
    3  -0.0011511   0.0036865  -0.0071231   0.0067912  -0.0022035
 Max gradient component =       7.123E-03
 RMS gradient           =       3.522E-03
 Grad[1,6,0,0] = 5.69371882e-05
 Grad[2,6,0,0] = 6.11559870e-08
 Grad[3,6,0,0] = 2.09544221e-07
 Grad[4,6,0,0] = 7.38091186e-05
 Grad[5,6,0,0] = 8.65351248e-05
 Grad[6,6,0,0] = 8.43728907e-03
 Grad[7,6,0,0] = 2.03670548e-04
 Grad[8,6,0,0] = -3.82509320e-04
 Grad[9,6,0,0] = 7.69558829e-05
 points done 12/90
 CoordNormalMode -7 , 0 , 0
 ----------------------------------------------------------------
             Standard Nuclear Orientation (Angstroms)
    I     Atom           X                Y                Z
 ----------------------------------------------------------------
    1      C      -0.6506063138     0.3090244691     2.2105466804
    2      O       0.0194157188     0.1564168249     1.0796159048
    3      O      -0.1071711019     0.4801638067     3.3328193499
    4      H      -1.7545503688     0.2702598931     2.0668763671
    5      H       0.9761564219     0.1996311748     1.2705793588
 ----------------------------------------------------------------
 Nuclear Repulsion Energy =          69.20259437 hartrees
 There are       12 alpha and       12 beta electrons

                       Distance Matrix (Angstroms)
             C (  1)   O (  2)   O (  3)   H (  4)
   O (  2)  1.323338
   O (  3)  1.258613  2.279860
   H (  4)  1.113928  2.033371  2.088188
   H (  5)  1.881984  0.976569  2.346302  2.845318

 Requested basis set is cc-pVDZ
 There are 24 shells and 52 basis functions
 A cutoff of  1.0D-14 yielded    299 shell pairs
 There are      1431 function pairs (      1608 Cartesian)
 Smallest overlap matrix eigenvalue = 1.39E-02
 Guess MOs from SCF MO coefficient file

 -----------------------------------------------------------------------
  General SCF calculation program by
  Eric Jon Sundstrom, Paul Horn, Yuezhi Mao, Dmitri Zuev, Alec White,
  David Stuck, Shaama M.S., Shane Yost, Joonho Lee, David Small,
  Daniel Levine, Susi Lehtola, Hugh Burton, Evgeny Epifanovsky,
  Bang C. Huynh
 -----------------------------------------------------------------------
 Exchange:     0.2000 Hartree-Fock + 0.0800 Slater + 0.7200 B88
 Correlation:  0.1900 VWN1RPA + 0.8100 LYP
 Using Euler-Maclaurin-Lebedev (99,590) quadrature formula
Added inc_jk
Added qchem_hcore
Added xc
Added P-dependent contribution
 A restricted SCF calculation will be
 performed using GDM
 SCF converges when RMS gradient is below 1.0e-10
 User-specified cutoff of 10e-14
 used for neglect of 2-electron integrals.
 A cutoff of 10e-14
 used for neglect of overlap integrals.
 Incremental Fock algorithm is on at the start.
 ---------------------------------------
  Cycle       Energy        RMS Gradient
 ---------------------------------------
    1    -189.7654101773      1.77e-02   Normal BFGS step
    2    -189.7678237258      2.76e-02   Normal BFGS step
    3    -189.7674259354      3.78e-02  Line search: overstep
    4    -189.7684038856      4.25e-03   Normal BFGS step
    5    -189.7684953844      2.18e-03   Normal BFGS step
    6    -189.7685184247      1.33e-03   Normal BFGS step
    7    -189.7685206082      7.43e-04   Normal BFGS step
    8    -189.7685216038      2.03e-04   Normal BFGS step
    9    -189.7685218300      5.59e-05   Normal BFGS step
   10    -189.7685218622      8.36e-06   Normal BFGS step
   11    -189.7685218627      1.27e-06   Normal BFGS step
   12    -189.7685218627      1.98e-07   Normal BFGS step
   13    -189.7685218627      3.75e-08   Normal BFGS step
   14    -189.7685218627      1.18e-08   Normal BFGS step
   15    -189.7685218627      2.11e-08   Normal BFGS step
   16    -189.7685218627      1.03e-08   Normal BFGS step
   17    -189.7685218627      8.37e-10   Normal BFGS step
   18    -189.7685218627      4.18e-10   Normal BFGS step
   19    -189.7685218627      5.05e-10   Normal BFGS step
  GDM::WARNING energy changes are now smaller than effective accuracy.
  GDM::        calculation will continue, but THRESH should be increased
  GDM::        or SCF_CONVERGENCE decreased. 
  GDM::        effective_thresh = 5.17e-09
   20    -189.7685218627      6.26e-11  Convergence criterion met
 ---------------------------------------
 SCF time:   CPU 13.67s  wall 2.00s 
 SCF   energy =  -189.76852186
 Total energy =  -189.76852186
 Integrated density by DFT XC:
   Number of electrons = 24
   Numerical integral  =    23.999999984114
   Relative error      =     0.0000000662 %

 --------------------------------------------------------------

                    Orbital Energies (a.u.)
 --------------------------------------------------------------

 Alpha MOs
 -- Occupied --
-19.2094 -19.1373 -10.3309  -1.1192  -1.0041  -0.6743  -0.5215  -0.4881
 -0.4477  -0.3973  -0.3208  -0.2804
 -- Virtual --
 -0.0112   0.0441   0.0907   0.2413   0.2577   0.4487   0.4700   0.5186
  0.5739   0.5952   0.7225   0.8767   0.9060   0.9303   0.9653   1.0266
  1.0859   1.0946   1.1540   1.3528   1.3699   1.4627   1.5698   1.6547
  1.6962   1.7202   1.8699   2.0304   2.2330   2.3032   2.6105   2.6851
  2.8117   2.8733   3.0205   3.0904   3.1557   3.3694   3.4568   3.6325
 --------------------------------------------------------------

          Ground-State Mulliken Net Atomic Charges

     Atom                 Charge (a.u.)
  ----------------------------------------
      1 C                     0.224381
      2 O                    -0.139201
      3 O                    -0.285647
      4 H                     0.037182
      5 H                     0.163284
  ----------------------------------------
  Sum of atomic charges =     0.000000

 -----------------------------------------------------------------
                    Cartesian Multipole Moments
 -----------------------------------------------------------------
    Charge (ESU x 10^10)
                -0.0000
    Dipole Moment (Debye)
         X       0.1143      Y      -0.2590      Z      -1.8040
       Tot       1.8261
    Quadrupole Moments (Debye-Ang)
        XX     -12.8296     XY      -0.0774     YY     -16.8913
        XZ      -0.9643     YZ      -1.7803     ZZ     -28.8365
    Octopole Moments (Debye-Ang^2)
       XXX      12.0640    XXY      -4.3358    XYY       4.4054
       YYY     -15.5951    XXZ     -30.3471    XYZ      -0.2786
       YYZ     -37.2379    XZZ       1.8620    YZZ     -13.2818
       ZZZ    -164.1774
    Hexadecapole Moments (Debye-Ang^3)
      XXXX     -33.8620   XXXY       3.9908   XXYY     -10.9864
      XYYY       4.4447   YYYY     -24.2782   XXXZ      28.2831
      XXYZ     -12.0054   XYYZ      10.7896   YYYZ     -40.1957
      XXZZ     -93.0475   XYZZ       1.2361   YYZZ    -103.1492
      XZZZ      29.7564   YZZZ     -71.5433   ZZZZ    -788.0423
 -----------------------------------------------------------------
 Eng[-7,0] = -1.89768522e+02
 Calculating analytic gradient of the SCF energy
Added xc
 Gradient of SCF Energy
            1           2           3           4           5
    1  -0.0280423   0.0013657   0.0315278  -0.0061037   0.0012525
    2  -0.0117576   0.0021410   0.0097911   0.0004340  -0.0006085
    3  -0.0781449   0.0146487   0.0641562   0.0036871  -0.0043471
 Max gradient component =       7.814E-02
 RMS gradient           =       2.890E-02
 Grad[1,-7,0,0] = -2.54334066e-04
 Grad[2,-7,0,0] = 4.39109903e-07
 Grad[3,-7,0,0] = 2.49708981e-07
 Grad[4,-7,0,0] = 1.79907993e-03
 Grad[5,-7,0,0] = 2.23027886e-04
 Grad[6,-7,0,0] = 1.21506698e-03
 Grad[7,-7,0,0] = -9.02168263e-02
 Grad[8,-7,0,0] = -1.20301958e-03
 Grad[9,-7,0,0] = 1.36865234e-04
 points done 13/90
 CoordNormalMode 7 , 0 , 0
 ----------------------------------------------------------------
             Standard Nuclear Orientation (Angstroms)
    I     Atom           X                Y                Z
 ----------------------------------------------------------------
    1      C      -0.6259377871     0.3183560952     2.2722953474
    2      O       0.0181344828     0.1554068786     1.0727785080
    3      O      -0.1268173562     0.4740721393     3.2929080492
    4      H      -1.7067019105     0.2667447566     2.0371800919
    5      H       0.9667182149     0.2047439617     1.3069803424
 ----------------------------------------------------------------
 Nuclear Repulsion Energy =          70.90999880 hartrees
 There are       12 alpha and       12 beta electrons

                       Distance Matrix (Angstroms)
             C (  1)   O (  2)   O (  3)   H (  4)
   O (  2)  1.371212
   O (  3)  1.146743  2.247562
   H (  4)  1.107246  1.979274  2.028761
   H (  5)  1.865823  0.978313  2.283039  2.772041

 Requested basis set is cc-pVDZ
 There are 24 shells and 52 basis functions
 A cutoff of  1.0D-14 yielded    299 shell pairs
 There are      1431 function pairs (      1608 Cartesian)
 Smallest overlap matrix eigenvalue = 1.34E-02
 Guess MOs from SCF MO coefficient file

 -----------------------------------------------------------------------
  General SCF calculation program by
  Eric Jon Sundstrom, Paul Horn, Yuezhi Mao, Dmitri Zuev, Alec White,
  David Stuck, Shaama M.S., Shane Yost, Joonho Lee, David Small,
  Daniel Levine, Susi Lehtola, Hugh Burton, Evgeny Epifanovsky,
  Bang C. Huynh
 -----------------------------------------------------------------------
 Exchange:     0.2000 Hartree-Fock + 0.0800 Slater + 0.7200 B88
 Correlation:  0.1900 VWN1RPA + 0.8100 LYP
 Using Euler-Maclaurin-Lebedev (99,590) quadrature formula
Added inc_jk
Added qchem_hcore
Added xc
Added P-dependent contribution
 A restricted SCF calculation will be
 performed using GDM
 SCF converges when RMS gradient is below 1.0e-10
 User-specified cutoff of 10e-14
 used for neglect of 2-electron integrals.
 A cutoff of 10e-14
 used for neglect of overlap integrals.
 Incremental Fock algorithm is on at the start.
 ---------------------------------------
  Cycle       Energy        RMS Gradient
 ---------------------------------------
    1    -189.7544148916      3.91e-02   Normal BFGS step
    2    -189.7642772400      5.16e-02   Normal BFGS step
    3    -189.7636959968      6.32e-02  Line search: overstep
    4    -189.7668720240      7.81e-03   Normal BFGS step
    5    -189.7672574908      4.76e-03   Normal BFGS step
    6    -189.7673589917      2.54e-03   Normal BFGS step
    7    -189.7673672732      1.38e-03   Normal BFGS step
    8    -189.7673713051      4.68e-04   Normal BFGS step
    9    -189.7673720959      1.03e-04   Normal BFGS step
   10    -189.7673722394      1.38e-05   Normal BFGS step
   11    -189.7673722411      2.17e-06   Normal BFGS step
   12    -189.7673722411      4.30e-07   Normal BFGS step
   13    -189.7673722411      8.33e-08   Normal BFGS step
   14    -189.7673722411      1.24e-08   Normal BFGS step
   15    -189.7673722411      2.25e-08   Normal BFGS step
   16    -189.7673722411      2.03e-08   Normal BFGS step
   17    -189.7673722411      1.11e-09   Normal BFGS step
   18    -189.7673722411      8.24e-10   Normal BFGS step
   19    -189.7673722411      7.33e-10   Normal BFGS step
   20    -189.7673722411      1.17e-10   Normal BFGS step
   21    -189.7673722411      3.25e-11  Convergence criterion met
 ---------------------------------------
 SCF time:   CPU 14.34s  wall 2.00s 
 SCF   energy =  -189.76737224
 Total energy =  -189.76737224
 Integrated density by DFT XC:
   Number of electrons = 24
   Numerical integral  =    23.999999931775
   Relative error      =     0.0000002843 %

 --------------------------------------------------------------

                    Orbital Energies (a.u.)
 --------------------------------------------------------------

 Alpha MOs
 -- Occupied --
-19.1895 -19.1511 -10.3219  -1.1261  -1.0433  -0.6533  -0.5153  -0.4931
 -0.4573  -0.4130  -0.3349  -0.2969
 -- Virtual --
  0.0109   0.0553   0.0964   0.2462   0.2582   0.4426   0.4607   0.5511
  0.5740   0.6752   0.7438   0.8430   0.9135   0.9560   0.9621   1.0059
  1.0740   1.0946   1.1777   1.3441   1.3477   1.5168   1.5852   1.6768
  1.7170   1.7574   1.8710   2.0494   2.3069   2.3364   2.5968   2.7030
  2.8336   2.8884   3.1082   3.1364   3.1690   3.4832   3.5221   3.6602
 --------------------------------------------------------------

          Ground-State Mulliken Net Atomic Charges

     Atom                 Charge (a.u.)
  ----------------------------------------
      1 C                     0.210081
      2 O                    -0.190888
      3 O                    -0.173664
      4 H                     0.006732
      5 H                     0.147739
  ----------------------------------------
  Sum of atomic charges =     0.000000

 -----------------------------------------------------------------
                    Cartesian Multipole Moments
 -----------------------------------------------------------------
    Charge (ESU x 10^10)
                 0.0000
    Dipole Moment (Debye)
         X       0.1836      Y      -0.1380      Z      -0.9755
       Tot       1.0021
    Quadrupole Moments (Debye-Ang)
        XX     -13.2933     XY      -0.0524     YY     -16.6126
        XZ      -0.7165     YZ      -1.2549     ZZ     -25.0280
    Octopole Moments (Debye-Ang^2)
       XXX      12.6600    XXY      -4.3929    XYY       4.2648
       YYY     -15.1945    XXZ     -30.8411    XYZ      -0.2476
       YYZ     -36.1272    XZZ       2.0859    YZZ     -11.3873
       ZZZ    -149.3931
    Hexadecapole Moments (Debye-Ang^3)
      XXXX     -35.1898   XXXY       4.2832   XXYY     -10.7035
      XYYY       4.3758   YYYY     -23.5001   XXXZ      30.5448
      XXYZ     -11.9148   XYYZ      10.6046   YYYZ     -38.7195
      XXZZ     -92.4493   XYZZ       1.1314   YYZZ     -99.0041
      XZZZ      28.9998   YZZZ     -64.6335   ZZZZ    -730.3329
 -----------------------------------------------------------------
 Eng[7,0] = -1.89767372e+02
 Calculating analytic gradient of the SCF energy
Added xc
 Gradient of SCF Energy
            1           2           3           4           5
    1   0.0456594  -0.0035349  -0.0466557   0.0055900  -0.0010588
    2   0.0159990  -0.0017845  -0.0144257  -0.0004325   0.0006437
    3   0.1054964  -0.0119382  -0.0945049  -0.0036214   0.0045680
 Max gradient component =       1.055E-01
 RMS gradient           =       4.083E-02
 Grad[1,7,0,0] = -2.69627929e-04
 Grad[2,7,0,0] = 2.77391381e-07
 Grad[3,7,0,0] = 5.41514006e-07
 Grad[4,7,0,0] = 2.06138868e-03
 Grad[5,7,0,0] = 1.02748290e-04
 Grad[6,7,0,0] = 1.48257009e-03
 Grad[7,7,0,0] = 1.24837151e-01
 Grad[8,7,0,0] = -1.46867615e-03
 Grad[9,7,0,0] = 1.26215026e-04
 points done 14/90
 CoordNormalMode -8 , 0 , 0
 ----------------------------------------------------------------
             Standard Nuclear Orientation (Angstroms)
    I     Atom           X                Y                Z
 ----------------------------------------------------------------
    1      C      -0.6337412028     0.3139010683     2.2423680230
    2      O       0.0187261478     0.1559037428     1.0761466714
    3      O      -0.1171236830     0.4770866798     3.3126619000
    4      H      -1.7826720101     0.2664994583     2.0440430716
    5      H       0.9723668603     0.2023059892     1.2894938999
 ----------------------------------------------------------------
 Nuclear Repulsion Energy =          69.85118739 hartrees
 There are       12 alpha and       12 beta electrons

                       Distance Matrix (Angstroms)
             C (  1)   O (  2)   O (  3)   H (  4)
   O (  2)  1.345641
   O (  3)  1.199605  2.263540
   H (  4)  1.166885  2.047948  2.104232
   H (  5)  1.870830  0.978315  2.314239  2.857220

 Requested basis set is cc-pVDZ
 There are 24 shells and 52 basis functions
 A cutoff of  1.0D-14 yielded    299 shell pairs
 There are      1431 function pairs (      1608 Cartesian)
 Smallest overlap matrix eigenvalue = 1.38E-02
 Guess MOs from SCF MO coefficient file

 -----------------------------------------------------------------------
  General SCF calculation program by
  Eric Jon Sundstrom, Paul Horn, Yuezhi Mao, Dmitri Zuev, Alec White,
  David Stuck, Shaama M.S., Shane Yost, Joonho Lee, David Small,
  Daniel Levine, Susi Lehtola, Hugh Burton, Evgeny Epifanovsky,
  Bang C. Huynh
 -----------------------------------------------------------------------
 Exchange:     0.2000 Hartree-Fock + 0.0800 Slater + 0.7200 B88
 Correlation:  0.1900 VWN1RPA + 0.8100 LYP
 Using Euler-Maclaurin-Lebedev (99,590) quadrature formula
Added inc_jk
Added qchem_hcore
Added xc
Added P-dependent contribution
 A restricted SCF calculation will be
 performed using GDM
 SCF converges when RMS gradient is below 1.0e-10
 User-specified cutoff of 10e-14
 used for neglect of 2-electron integrals.
 A cutoff of 10e-14
 used for neglect of overlap integrals.
 Incremental Fock algorithm is on at the start.
 ---------------------------------------
  Cycle       Energy        RMS Gradient
 ---------------------------------------
    1    -189.7680775256      1.80e-02   Normal BFGS step
    2    -189.7707999020      2.57e-02   Normal BFGS step
    3    -189.7706255001      3.25e-02  Line search: overstep
    4    -189.7714433925      3.62e-03   Normal BFGS step
    5    -189.7715304110      3.91e-03   Normal BFGS step
    6    -189.7715659845      1.92e-03   Normal BFGS step
    7    -189.7715695246      8.51e-04   Normal BFGS step
    8    -189.7715722170      2.07e-04   Normal BFGS step
    9    -189.7715724631      7.86e-05   Normal BFGS step
   10    -189.7715725172      5.43e-06   Normal BFGS step
   11    -189.7715725175      9.26e-07   Normal BFGS step
   12    -189.7715725176      1.20e-07   Normal BFGS step
   13    -189.7715725176      2.10e-08   Normal BFGS step
   14    -189.7715725176      2.40e-09   Normal BFGS step
   15    -189.7715725176      2.85e-09   Normal BFGS step
   16    -189.7715725176      3.90e-09   Normal BFGS step
   17    -189.7715725176      4.80e-10   Normal BFGS step
   18    -189.7715725176      1.40e-10   Normal BFGS step
   19    -189.7715725176      8.03e-11  Convergence criterion met
 ---------------------------------------
 SCF time:   CPU 13.08s  wall 2.00s 
 SCF   energy =  -189.77157252
 Total energy =  -189.77157252
 Integrated density by DFT XC:
   Number of electrons = 24
   Numerical integral  =    23.999999999283
   Relative error      =     0.0000000030 %

 --------------------------------------------------------------

                    Orbital Energies (a.u.)
 --------------------------------------------------------------

 Alpha MOs
 -- Occupied --
-19.2016 -19.1459 -10.3310  -1.1175  -1.0323  -0.6582  -0.5110  -0.4909
 -0.4508  -0.4056  -0.3318  -0.2904
 -- Virtual --
  0.0001   0.0465   0.0862   0.2459   0.2594   0.4451   0.4577   0.5290
  0.5654   0.6394   0.7199   0.8557   0.9085   0.9413   0.9626   1.0157
  1.0778   1.0952   1.1645   1.3382   1.3455   1.4687   1.5733   1.6509
  1.6742   1.7386   1.8649   2.0269   2.2481   2.2533   2.5996   2.6874
  2.8215   2.8764   3.0462   3.1287   3.1390   3.4262   3.4853   3.6325
 --------------------------------------------------------------

          Ground-State Mulliken Net Atomic Charges

     Atom                 Charge (a.u.)
  ----------------------------------------
      1 C                     0.198342
      2 O                    -0.160691
      3 O                    -0.224890
      4 H                     0.031014
      5 H                     0.156225
  ----------------------------------------
  Sum of atomic charges =     0.000000

 -----------------------------------------------------------------
                    Cartesian Multipole Moments
 -----------------------------------------------------------------
    Charge (ESU x 10^10)
                -0.0000
    Dipole Moment (Debye)
         X       0.2152      Y      -0.1972      Z      -1.3883
       Tot       1.4187
    Quadrupole Moments (Debye-Ang)
        XX     -13.1619     XY      -0.0450     YY     -16.8120
        XZ      -0.6983     YZ      -1.5065     ZZ     -26.9332
    Octopole Moments (Debye-Ang^2)
       XXX      12.6636    XXY      -4.3977    XYY       4.4815
       YYY     -15.4421    XXZ     -30.8269    XYZ      -0.2246
       YYZ     -36.8015    XZZ       2.3935    YZZ     -12.2911
       ZZZ    -156.7883
    Hexadecapole Moments (Debye-Ang^3)
      XXXX     -35.7896   XXXY       4.2306   XXYY     -11.1972
      XYYY       4.5190   YYYY     -24.0103   XXXZ      30.0880
      XXYZ     -12.0288   XYYZ      10.9886   YYYZ     -39.5427
      XXZZ     -93.5785   XYZZ       1.2826   YYZZ    -101.3162
      XZZZ      30.6904   YZZZ     -67.9182   ZZZZ    -758.9820
 -----------------------------------------------------------------
 Eng[-8,0] = -1.89771573e+02
 Calculating analytic gradient of the SCF energy
Added xc
 Gradient of SCF Energy
            1           2           3           4           5
    1   0.0302970  -0.0004471  -0.0012697  -0.0291935   0.0006133
    2   0.0014401  -0.0000863  -0.0003213  -0.0011103   0.0000778
    3   0.0065471  -0.0005467  -0.0020784  -0.0043909   0.0004688
 Max gradient component =       3.030E-02
 RMS gradient           =       1.108E-02
 Grad[1,-8,0,0] = -6.67880124e-05
 Grad[2,-8,0,0] = 8.03274315e-08
 Grad[3,-8,0,0] = 4.36412167e-07
 Grad[4,-8,0,0] = -1.03380258e-04
 Grad[5,-8,0,0] = 4.27719923e-05
 Grad[6,-8,0,0] = 8.84918069e-05
 Grad[7,-8,0,0] = 2.68872042e-04
 Grad[8,-8,0,0] = -3.21682238e-02
 Grad[9,-8,0,0] = 1.05688661e-04
 points done 15/90
 CoordNormalMode 8 , 0 , 0
 ----------------------------------------------------------------
             Standard Nuclear Orientation (Angstroms)
    I     Atom           X                Y                Z
 ----------------------------------------------------------------
    1      C      -0.6428028981     0.3134794959     2.2404740048
    2      O       0.0188240537     0.1559199607     1.0762477414
    3      O      -0.1168647751     0.4771492662     3.3130654991
    4      H      -1.6785802693     0.2705051914     2.0600133874
    5      H       0.9705077765     0.2020691474     1.2880658013
 ----------------------------------------------------------------
 Nuclear Repulsion Energy =          70.18884102 hartrees
 There are       12 alpha and       12 beta electrons

                       Distance Matrix (Angstroms)
             C (  1)   O (  2)   O (  3)   H (  4)
   O (  2)  1.348332
   O (  3)  1.205758  2.263836
   H (  4)  1.052258  1.965224  2.012908
   H (  5)  1.876770  0.976063  2.314881  2.760118

 Requested basis set is cc-pVDZ
 There are 24 shells and 52 basis functions
 A cutoff of  1.0D-14 yielded    299 shell pairs
 There are      1431 function pairs (      1608 Cartesian)
 Smallest overlap matrix eigenvalue = 1.35E-02
 Guess MOs from SCF MO coefficient file

 -----------------------------------------------------------------------
  General SCF calculation program by
  Eric Jon Sundstrom, Paul Horn, Yuezhi Mao, Dmitri Zuev, Alec White,
  David Stuck, Shaama M.S., Shane Yost, Joonho Lee, David Small,
  Daniel Levine, Susi Lehtola, Hugh Burton, Evgeny Epifanovsky,
  Bang C. Huynh
 -----------------------------------------------------------------------
 Exchange:     0.2000 Hartree-Fock + 0.0800 Slater + 0.7200 B88
 Correlation:  0.1900 VWN1RPA + 0.8100 LYP
 Using Euler-Maclaurin-Lebedev (99,590) quadrature formula
Added inc_jk
Added qchem_hcore
Added xc
Added P-dependent contribution
 A restricted SCF calculation will be
 performed using GDM
 SCF converges when RMS gradient is below 1.0e-10
 User-specified cutoff of 10e-14
 used for neglect of 2-electron integrals.
 A cutoff of 10e-14
 used for neglect of overlap integrals.
 Incremental Fock algorithm is on at the start.
 ---------------------------------------
  Cycle       Energy        RMS Gradient
 ---------------------------------------
    1    -189.7689463349      1.75e-02   Normal BFGS step
    2    -189.7708626342      1.40e-02   Normal BFGS step
    3    -189.7707282842      1.62e-02  Line search: overstep
    4    -189.7710958700      2.82e-03   Normal BFGS step
    5    -189.7711189536      3.61e-03   Normal BFGS step
    6    -189.7711326930      1.84e-03   Normal BFGS step
    7    -189.7711384210      2.77e-04   Normal BFGS step
    8    -189.7711392104      1.25e-04   Normal BFGS step
    9    -189.7711392947      3.27e-05   Normal BFGS step
   10    -189.7711393064      6.81e-06   Normal BFGS step
   11    -189.7711393067      1.69e-06   Normal BFGS step
   12    -189.7711393068      1.74e-07   Normal BFGS step
   13    -189.7711393068      5.29e-08   Normal BFGS step
   14    -189.7711393068      3.65e-09   Normal BFGS step
   15    -189.7711393068      1.61e-09   Normal BFGS step
   16    -189.7711393068      1.76e-09   Normal BFGS step
   17    -189.7711393068      1.27e-09   Normal BFGS step
   18    -189.7711393068      1.06e-10   Normal BFGS step
   19    -189.7711393068      5.40e-11  Convergence criterion met
 ---------------------------------------
 SCF time:   CPU 13.13s  wall 1.00s 
 SCF   energy =  -189.77113931
 Total energy =  -189.77113931
 Integrated density by DFT XC:
   Number of electrons = 24
   Numerical integral  =    23.999999973336
   Relative error      =     0.0000001111 %

 --------------------------------------------------------------

                    Orbital Energies (a.u.)
 --------------------------------------------------------------

 Alpha MOs
 -- Occupied --
-19.1984 -19.1427 -10.3222  -1.1142  -1.0270  -0.6708  -0.5235  -0.4879
 -0.4479  -0.4075  -0.3287  -0.2889
 -- Virtual --
 -0.0025   0.0523   0.1004   0.2462   0.2565   0.4469   0.4703   0.5414
  0.5869   0.6368   0.7343   0.8603   0.9119   0.9449   0.9677   1.0154
  1.0804   1.0956   1.1626   1.3493   1.3770   1.5117   1.5808   1.6789
  1.7386   1.7418   1.8743   2.0491   2.2789   2.4138   2.6052   2.7006
  2.8259   2.8829   3.0887   3.1269   3.1477   3.4364   3.4922   3.6506
 --------------------------------------------------------------

          Ground-State Mulliken Net Atomic Charges

     Atom                 Charge (a.u.)
  ----------------------------------------
      1 C                     0.246719
      2 O                    -0.168969
      3 O                    -0.239822
      4 H                     0.006807
      5 H                     0.155265
  ----------------------------------------
  Sum of atomic charges =     0.000000

 -----------------------------------------------------------------
                    Cartesian Multipole Moments
 -----------------------------------------------------------------
    Charge (ESU x 10^10)
                -0.0000
    Dipole Moment (Debye)
         X       0.0908      Y      -0.2030      Z      -1.4142
       Tot       1.4315
    Quadrupole Moments (Debye-Ang)
        XX     -12.9763     XY      -0.0824     YY     -16.6982
        XZ      -0.9639     YZ      -1.5453     ZZ     -27.0515
    Octopole Moments (Debye-Ang^2)
       XXX      12.1068    XXY      -4.3391    XYY       4.1934
       YYY     -15.3589    XXZ     -30.4213    XYZ      -0.2940
       YYZ     -36.5964    XZZ       1.6154    YZZ     -12.4456
       ZZZ    -157.3038
    Hexadecapole Moments (Debye-Ang^3)
      XXXX     -33.3463   XXXY       4.0629   XXYY     -10.5041
      XYYY       4.3080   YYYY     -23.7818   XXXZ      28.8820
      XXYZ     -11.9172   XYYZ      10.4237   YYYZ     -39.4084
      XXZZ     -92.1176   XYZZ       1.1125   YYZZ    -100.9462
      XZZZ      28.3002   YZZZ     -68.5160   ZZZZ    -761.4258
 -----------------------------------------------------------------
 Eng[8,0] = -1.89771139e+02
 Calculating analytic gradient of the SCF energy
Added xc
 Gradient of SCF Energy
            1           2           3           4           5
    1  -0.0424580   0.0005951   0.0014659   0.0410152  -0.0006183
    2  -0.0019403   0.0000839   0.0003400   0.0015960  -0.0000796
    3  -0.0086342   0.0005127   0.0021859   0.0064167  -0.0004811
 Max gradient component =       4.246E-02
 RMS gradient           =       1.552E-02
 Grad[1,8,0,0] = -7.57517975e-05
 Grad[2,8,0,0] = 1.96030974e-08
 Grad[3,8,0,0] = -3.27521118e-07
 Grad[4,8,0,0] = -1.28555739e-04
 Grad[5,8,0,0] = 6.06530273e-05
 Grad[6,8,0,0] = 1.24570880e-04
 Grad[7,8,0,0] = 3.13457958e-04
 Grad[8,8,0,0] = 4.52029983e-02
 Grad[9,8,0,0] = 1.30948964e-04
 points done 16/90
 CoordNormalMode -9 , 0 , 0
 ----------------------------------------------------------------
             Standard Nuclear Orientation (Angstroms)
    I     Atom           X                Y                Z
 ----------------------------------------------------------------
    1      C      -0.6380445922     0.3136943901     2.2414238393
    2      O       0.0219328797     0.1560512414     1.0768049550
    3      O      -0.1170054295     0.4771230928     3.3129003341
    4      H      -1.7314678255     0.2684457757     2.0517322392
    5      H       0.9196324876     0.1999017471     1.2788154251
 ----------------------------------------------------------------
 Nuclear Repulsion Energy =          70.30977057 hartrees
 There are       12 alpha and       12 beta electrons

                       Distance Matrix (Angstroms)
             C (  1)   O (  2)   O (  3)   H (  4)
   O (  2)  1.347872
   O (  3)  1.202602  2.263297
   H (  4)  1.110678  2.009361  2.059267
   H (  5)  1.834645  0.921193  2.299776  2.762324

 Requested basis set is cc-pVDZ
 There are 24 shells and 52 basis functions
 A cutoff of  1.0D-14 yielded    299 shell pairs
 There are      1431 function pairs (      1608 Cartesian)
 Smallest overlap matrix eigenvalue = 1.35E-02
 Guess MOs from SCF MO coefficient file

 -----------------------------------------------------------------------
  General SCF calculation program by
  Eric Jon Sundstrom, Paul Horn, Yuezhi Mao, Dmitri Zuev, Alec White,
  David Stuck, Shaama M.S., Shane Yost, Joonho Lee, David Small,
  Daniel Levine, Susi Lehtola, Hugh Burton, Evgeny Epifanovsky,
  Bang C. Huynh
 -----------------------------------------------------------------------
 Exchange:     0.2000 Hartree-Fock + 0.0800 Slater + 0.7200 B88
 Correlation:  0.1900 VWN1RPA + 0.8100 LYP
 Using Euler-Maclaurin-Lebedev (99,590) quadrature formula
Added inc_jk
Added qchem_hcore
Added xc
Added P-dependent contribution
 A restricted SCF calculation will be
 performed using GDM
 SCF converges when RMS gradient is below 1.0e-10
 User-specified cutoff of 10e-14
 used for neglect of 2-electron integrals.
 A cutoff of 10e-14
 used for neglect of overlap integrals.
 Incremental Fock algorithm is on at the start.
 ---------------------------------------
  Cycle       Energy        RMS Gradient
 ---------------------------------------
    1    -189.7686572130      1.01e-02   Normal BFGS step
    2    -189.7699422085      9.74e-03   Normal BFGS step
    3    -189.7699910552      7.25e-03   Normal BFGS step
    4    -189.7701541143      1.97e-03   Normal BFGS step
    5    -189.7701469702      3.38e-03  Line search: overstep
    6    -189.7701598535      3.72e-04   Normal BFGS step
    7    -189.7701607321      3.19e-04   Normal BFGS step
    8    -189.7701612378      3.73e-05   Normal BFGS step
    9    -189.7701612405      1.68e-05   Normal BFGS step
   10    -189.7701612421      2.92e-06   Normal BFGS step
   11    -189.7701612422      7.25e-07   Normal BFGS step
   12    -189.7701612422      3.17e-08   Normal BFGS step
   13    -189.7701612422      1.55e-08   Normal BFGS step
   14    -189.7701612422      1.26e-08   Normal BFGS step
   15    -189.7701612422      3.25e-09   Normal BFGS step
   16    -189.7701612422      3.15e-09   Normal BFGS step
   17    -189.7701612422      1.35e-09   Normal BFGS step
   18    -189.7701612422      9.30e-11  Convergence criterion met
 ---------------------------------------
 SCF time:   CPU 12.48s  wall 1.00s 
 SCF   energy =  -189.77016124
 Total energy =  -189.77016124
 Integrated density by DFT XC:
   Number of electrons = 24
   Numerical integral  =    23.999999961510
   Relative error      =     0.0000001604 %

 --------------------------------------------------------------

                    Orbital Energies (a.u.)
 --------------------------------------------------------------

 Alpha MOs
 -- Occupied --
-19.1965 -19.1452 -10.3278  -1.1235  -1.0343  -0.6730  -0.5202  -0.4915
 -0.4508  -0.4090  -0.3321  -0.2905
 -- Virtual --
 -0.0024   0.0633   0.0938   0.2468   0.2580   0.4454   0.4662   0.5473
  0.5881   0.6498   0.7249   0.8570   0.9125   0.9530   0.9638   1.0112
  1.0758   1.0963   1.1625   1.3529   1.3590   1.4881   1.5848   1.6680
  1.7069   1.7421   1.8595   2.1315   2.2971   2.3315   2.6011   2.6954
  2.8502   2.8975   3.0829   3.1316   3.1440   3.4340   3.4935   3.7001
 --------------------------------------------------------------

          Ground-State Mulliken Net Atomic Charges

     Atom                 Charge (a.u.)
  ----------------------------------------
      1 C                     0.214810
      2 O                    -0.130083
      3 O                    -0.230736
      4 H                     0.021673
      5 H                     0.124336
  ----------------------------------------
  Sum of atomic charges =     0.000000

 -----------------------------------------------------------------
                    Cartesian Multipole Moments
 -----------------------------------------------------------------
    Charge (ESU x 10^10)
                -0.0000
    Dipole Moment (Debye)
         X       0.0866      Y      -0.2005      Z      -1.3967
       Tot       1.4137
    Quadrupole Moments (Debye-Ang)
        XX     -13.1844     XY      -0.0818     YY     -16.6974
        XZ      -0.9367     YZ      -1.5233     ZZ     -26.9053
    Octopole Moments (Debye-Ang^2)
       XXX      12.2264    XXY      -4.3964    XYY       4.3776
       YYY     -15.3617    XXZ     -30.7897    XYZ      -0.2874
       YYZ     -36.6129    XZZ       1.8829    YZZ     -12.3365
       ZZZ    -156.6449
    Hexadecapole Moments (Debye-Ang^3)
      XXXX     -34.4180   XXXY       4.1131   XXYY     -10.7480
      XYYY       4.4439   YYYY     -23.8064   XXXZ      29.2720
      XXYZ     -12.0112   XYYZ      10.7618   YYYZ     -39.4121
      XXZZ     -92.9644   XYZZ       1.1621   YYZZ    -100.9572
      XZZZ      29.4074   YZZZ     -68.0681   ZZZZ    -758.6866
 -----------------------------------------------------------------
 Eng[-9,0] = -1.89770161e+02
 Calculating analytic gradient of the SCF energy
Added xc
 Gradient of SCF Energy
            1           2           3           4           5
    1   0.0025828   0.0600338  -0.0001663  -0.0008124  -0.0616378
    2   0.0000503   0.0026925   0.0000832  -0.0000533  -0.0027727
    3   0.0000569   0.0118487   0.0005941  -0.0002767  -0.0122231
 Max gradient component =       6.164E-02
 RMS gradient           =       2.268E-02
 Grad[1,-9,0,0] = 8.69544232e-05
 Grad[2,-9,0,0] = 1.31565082e-07
 Grad[3,-9,0,0] = 4.77353883e-08
 Grad[4,-9,0,0] = 2.24014690e-04
 Grad[5,-9,0,0] = -4.47530522e-04
 Grad[6,-9,0,0] = 1.77830882e-04
 Grad[7,-9,0,0] = -2.05354766e-04
 Grad[8,-9,0,0] = 2.57893385e-04
 Grad[9,-9,0,0] = -6.65242948e-02
 points done 17/90
 CoordNormalMode 9 , 0 , 0
 ----------------------------------------------------------------
             Standard Nuclear Orientation (Angstroms)
    I     Atom           X                Y                Z
 ----------------------------------------------------------------
    1      C      -0.6384995087     0.3136861742     2.2414181886
    2      O       0.0156173219     0.1557724621     1.0755894577
    3      O      -0.1169830287     0.4771128532     3.3128270650
    4      H      -1.7297844539     0.2685588740     2.0523242198
    5      H       1.0232421492     0.2044733895     1.2987442762
 ----------------------------------------------------------------
 Nuclear Repulsion Energy =          69.74071977 hartrees
 There are       12 alpha and       12 beta electrons

                       Distance Matrix (Angstroms)
             C (  1)   O (  2)   O (  3)   H (  4)
   O (  2)  1.346091
   O (  3)  1.202749  2.264084
   H (  4)  1.108466  2.003287  2.057545
   H (  5)  1.913621  1.033188  2.330445  2.855021

 Requested basis set is cc-pVDZ
 There are 24 shells and 52 basis functions
 A cutoff of  1.0D-14 yielded    299 shell pairs
 There are      1431 function pairs (      1608 Cartesian)
 Smallest overlap matrix eigenvalue = 1.39E-02
 Guess MOs from SCF MO coefficient file

 -----------------------------------------------------------------------
  General SCF calculation program by
  Eric Jon Sundstrom, Paul Horn, Yuezhi Mao, Dmitri Zuev, Alec White,
  David Stuck, Shaama M.S., Shane Yost, Joonho Lee, David Small,
  Daniel Levine, Susi Lehtola, Hugh Burton, Evgeny Epifanovsky,
  Bang C. Huynh
 -----------------------------------------------------------------------
 Exchange:     0.2000 Hartree-Fock + 0.0800 Slater + 0.7200 B88
 Correlation:  0.1900 VWN1RPA + 0.8100 LYP
 Using Euler-Maclaurin-Lebedev (99,590) quadrature formula
Added inc_jk
Added qchem_hcore
Added xc
Added P-dependent contribution
 A restricted SCF calculation will be
 performed using GDM
 SCF converges when RMS gradient is below 1.0e-10
 User-specified cutoff of 10e-14
 used for neglect of 2-electron integrals.
 A cutoff of 10e-14
 used for neglect of overlap integrals.
 Incremental Fock algorithm is on at the start.
 ---------------------------------------
  Cycle       Energy        RMS Gradient
 ---------------------------------------
    1    -189.7670068003      1.69e-02   Normal BFGS step
    2    -189.7704652170      1.59e-02   Normal BFGS step
    3    -189.7702279741      2.36e-02  Line search: overstep
    4    -189.7708137629      3.00e-03   Normal BFGS step
    5    -189.7708450931      4.43e-03   Normal BFGS step
    6    -189.7708683316      2.02e-03   Normal BFGS step
    7    -189.7708758213      4.74e-04   Normal BFGS step
    8    -189.7708778808      1.20e-04   Normal BFGS step
    9    -189.7708779202      3.63e-05   Normal BFGS step
   10    -189.7708779265      1.09e-05   Normal BFGS step
   11    -189.7708779273      3.29e-06   Normal BFGS step
   12    -189.7708779274      1.83e-07   Normal BFGS step
   13    -189.7708779274      4.54e-08   Normal BFGS step
   14    -189.7708779274      1.11e-08   Normal BFGS step
   15    -189.7708779274      7.00e-09   Normal BFGS step
   16    -189.7708779274      5.68e-09   Normal BFGS step
   17    -189.7708779274      2.63e-10   Normal BFGS step
   18    -189.7708779274      4.07e-10   Normal BFGS step
   19    -189.7708779274      1.50e-10   Normal BFGS step
  GDM::WARNING energy changes are now smaller than effective accuracy.
  GDM::        calculation will continue, but THRESH should be increased
  GDM::        or SCF_CONVERGENCE decreased. 
  GDM::        effective_thresh = 4.04e-09
   20    -189.7708779274      1.84e-11  Convergence criterion met
 ---------------------------------------
 SCF time:   CPU 13.64s  wall 1.00s 
 SCF   energy =  -189.77087793
 Total energy =  -189.77087793
 Integrated density by DFT XC:
   Number of electrons = 24
   Numerical integral  =    23.999999969964
   Relative error      =     0.0000001251 %

 --------------------------------------------------------------

                    Orbital Energies (a.u.)
 --------------------------------------------------------------

 Alpha MOs
 -- Occupied --
-19.2028 -19.1432 -10.3257  -1.1097  -1.0251  -0.6553  -0.5141  -0.4871
 -0.4478  -0.4042  -0.3284  -0.2888
 -- Virtual --
  0.0001   0.0341   0.0937   0.2453   0.2579   0.4467   0.4623   0.5179
  0.5681   0.6321   0.7267   0.8590   0.9070   0.9342   0.9657   1.0208
  1.0844   1.0934   1.1663   1.3442   1.3583   1.4918   1.5671   1.6620
  1.7050   1.7364   1.8783   1.9468   2.2427   2.3155   2.6036   2.6894
  2.7852   2.8761   3.0503   3.1258   3.1426   3.4263   3.4823   3.5887
 --------------------------------------------------------------

          Ground-State Mulliken Net Atomic Charges

     Atom                 Charge (a.u.)
  ----------------------------------------
      1 C                     0.224429
      2 O                    -0.195624
      3 O                    -0.233971
      4 H                     0.022364
      5 H                     0.182803
  ----------------------------------------
  Sum of atomic charges =     0.000000

 -----------------------------------------------------------------
                    Cartesian Multipole Moments
 -----------------------------------------------------------------
    Charge (ESU x 10^10)
                 0.0000
    Dipole Moment (Debye)
         X       0.2012      Y      -0.1996      Z      -1.4031
       Tot       1.4314
    Quadrupole Moments (Debye-Ang)
        XX     -12.9228     XY      -0.0496     YY     -16.8121
        XZ      -0.7567     YZ      -1.5281     ZZ     -27.0734
    Octopole Moments (Debye-Ang^2)
       XXX      12.4983    XXY      -4.3315    XYY       4.2850
       YYY     -15.4398    XXZ     -30.3944    XYZ      -0.2385
       YYZ     -36.7851    XZZ       2.0568    YZZ     -12.4015
       ZZZ    -157.4481
    Hexadecapole Moments (Debye-Ang^3)
      XXXX     -34.5288   XXXY       4.1678   XXYY     -10.9338
      XYYY       4.3753   YYYY     -23.9860   XXXZ      29.5951
      XXYZ     -11.9173   XYYZ      10.6293   YYYZ     -39.5414
      XXZZ     -92.5860   XYZZ       1.2163   YYZZ    -101.3095
      XZZZ      29.4117   YZZZ     -68.3778   ZZZZ    -761.7908
 -----------------------------------------------------------------
 Eng[9,0] = -1.89770878e+02
 Calculating analytic gradient of the SCF energy
Added xc
 Gradient of SCF Energy
            1           2           3           4           5
    1  -0.0026940  -0.0400676   0.0001809   0.0008315   0.0417492
    2  -0.0000443  -0.0017431  -0.0000756   0.0000568   0.0018062
    3  -0.0000018  -0.0075352  -0.0005433   0.0002989   0.0077814
 Max gradient component =       4.175E-02
 RMS gradient           =       1.523E-02
 Grad[1,9,0,0] = 4.48716927e-05
 Grad[2,9,0,0] = 3.32063246e-08
 Grad[3,9,0,0] = 3.17802386e-08
 Grad[4,9,0,0] = 1.28059295e-04
 Grad[5,9,0,0] = -3.18995572e-04
 Grad[6,9,0,0] = 1.25652582e-04
 Grad[7,9,0,0] = -1.38161706e-04
 Grad[8,9,0,0] = 2.07312904e-04
 Grad[9,9,0,0] = 4.49301122e-02
 points done 18/90
 CoordNormalMode -2 , -1 , 0
 ----------------------------------------------------------------
             Standard Nuclear Orientation (Angstroms)
    I     Atom           X                Y                Z
 ----------------------------------------------------------------
    1      C      -0.6503259751     0.3084581379     2.2397007212
    2      O       0.0214303737     0.1624978966     1.0865589583
    3      O      -0.1095588055     0.4778644245     3.3001944095
    4      H      -1.7432217497     0.2589377673     2.0563233896
    5      H       0.9674103973     0.1576786323     1.3415899351
 ----------------------------------------------------------------
 Nuclear Repulsion Energy =          70.27278157 hartrees
 There are       12 alpha and       12 beta electrons

                       Distance Matrix (Angstroms)
             C (  1)   O (  2)   O (  3)   H (  4)
   O (  2)  1.342497
   O (  3)  1.202404  2.239821
   H (  4)  1.109279  2.015872  2.064945
   H (  5)  1.856450  0.979766  2.257989  2.805107

 Requested basis set is cc-pVDZ
 There are 24 shells and 52 basis functions
 A cutoff of  1.0D-14 yielded    299 shell pairs
 There are      1431 function pairs (      1608 Cartesian)
 Smallest overlap matrix eigenvalue = 1.35E-02
 Guess MOs from SCF MO coefficient file

 -----------------------------------------------------------------------
  General SCF calculation program by
  Eric Jon Sundstrom, Paul Horn, Yuezhi Mao, Dmitri Zuev, Alec White,
  David Stuck, Shaama M.S., Shane Yost, Joonho Lee, David Small,
  Daniel Levine, Susi Lehtola, Hugh Burton, Evgeny Epifanovsky,
  Bang C. Huynh
 -----------------------------------------------------------------------
 Exchange:     0.2000 Hartree-Fock + 0.0800 Slater + 0.7200 B88
 Correlation:  0.1900 VWN1RPA + 0.8100 LYP
 Using Euler-Maclaurin-Lebedev (99,590) quadrature formula
Added inc_jk
Added qchem_hcore
Added xc
Added P-dependent contribution
 A restricted SCF calculation will be
 performed using GDM
 SCF converges when RMS gradient is below 1.0e-10
 User-specified cutoff of 10e-14
 used for neglect of 2-electron integrals.
 A cutoff of 10e-14
 used for neglect of overlap integrals.
 Incremental Fock algorithm is on at the start.
 ---------------------------------------
  Cycle       Energy        RMS Gradient
 ---------------------------------------
    1    -189.7712267270      7.82e-03   Normal BFGS step
    2    -189.7727480580      9.43e-03   Normal BFGS step
    3    -189.7726381434      1.52e-02  Line search: overstep
    4    -189.7728675721      1.64e-03   Normal BFGS step
    5    -189.7728767401      2.47e-03   Normal BFGS step
    6    -189.7728851377      1.08e-03   Normal BFGS step
    7    -189.7728871441      2.23e-04   Normal BFGS step
    8    -189.7728879381      5.23e-05   Normal BFGS step
    9    -189.7728879453      8.91e-06   Normal BFGS step
   10    -189.7728879455      2.73e-06   Normal BFGS step
   11    -189.7728879455      1.08e-06   Normal BFGS step
   12    -189.7728879455      9.49e-08   Normal BFGS step
   13    -189.7728879455      2.00e-08   Normal BFGS step
   14    -189.7728879455      5.75e-09   Normal BFGS step
   15    -189.7728879455      3.30e-09   Normal BFGS step
   16    -189.7728879455      1.90e-09   Normal BFGS step
   17    -189.7728879455      1.48e-10   Normal BFGS step
  GDM::WARNING energy changes are now smaller than effective accuracy.
  GDM::        calculation will continue, but THRESH should be increased
  GDM::        or SCF_CONVERGENCE decreased. 
  GDM::        effective_thresh = 4.25e-09
   18    -189.7728879455      5.99e-11  Convergence criterion met
 ---------------------------------------
 SCF time:   CPU 12.42s  wall 1.00s 
 SCF   energy =  -189.77288795
 Total energy =  -189.77288795
 Integrated density by DFT XC:
   Number of electrons = 24
   Numerical integral  =    24.000000002770
   Relative error      =     0.0000000115 %

 --------------------------------------------------------------

                    Orbital Energies (a.u.)
 --------------------------------------------------------------

 Alpha MOs
 -- Occupied --
-19.1988 -19.1429 -10.3262  -1.1183  -1.0274  -0.6625  -0.5177  -0.4895
 -0.4503  -0.4072  -0.3287  -0.2891
 -- Virtual --
 -0.0012   0.0508   0.0927   0.2466   0.2590   0.4453   0.4639   0.5395
  0.5735   0.6393   0.7256   0.8583   0.9108   0.9427   0.9642   1.0159
  1.0724   1.0962   1.1645   1.3421   1.3617   1.4784   1.5925   1.6649
  1.7057   1.7356   1.8728   2.0339   2.2692   2.3225   2.6029   2.6953
  2.8247   2.8901   3.0582   3.1203   3.1450   3.4385   3.4954   3.6334
 --------------------------------------------------------------

          Ground-State Mulliken Net Atomic Charges

     Atom                 Charge (a.u.)
  ----------------------------------------
      1 C                     0.218466
      2 O                    -0.163323
      3 O                    -0.235778
      4 H                     0.024196
      5 H                     0.156439
  ----------------------------------------
  Sum of atomic charges =     0.000000

 -----------------------------------------------------------------
                    Cartesian Multipole Moments
 -----------------------------------------------------------------
    Charge (ESU x 10^10)
                -0.0000
    Dipole Moment (Debye)
         X       0.0561      Y      -0.2997      Z      -1.3384
       Tot       1.3727
    Quadrupole Moments (Debye-Ang)
        XX     -12.9579     XY      -0.1811     YY     -16.7874
        XZ      -0.9236     YZ      -1.6559     ZZ     -26.8197
    Octopole Moments (Debye-Ang^2)
       XXX      12.1556    XXY      -4.4236    XYY       4.2945
       YYY     -15.3630    XXZ     -30.2809    XYZ      -0.4053
       YYZ     -36.7579    XZZ       1.8442    YZZ     -12.5092
       ZZZ    -156.7054
    Hexadecapole Moments (Debye-Ang^3)
      XXXX     -34.6388   XXXY       3.9778   XXYY     -10.9287
      XYYY       4.3550   YYYY     -23.8070   XXXZ      28.9504
      XXYZ     -11.9679   XYYZ      10.5993   YYYZ     -39.2812
      XXZZ     -91.7941   XYZZ       0.9802   YYZZ    -100.9312
      XZZZ      28.8865   YZZZ     -68.1303   ZZZZ    -757.8351
 -----------------------------------------------------------------
 Eng[-2,-1] = -1.89772888e+02
 points done 19/90
 CoordNormalMode 2 , 1 , 0
 ----------------------------------------------------------------
             Standard Nuclear Orientation (Angstroms)
    I     Atom           X                Y                Z
 ----------------------------------------------------------------
    1      C      -0.6262181258     0.3189224264     2.2431413066
    2      O       0.0161198279     0.1493258068     1.0658354545
    3      O      -0.1244296526     0.4763715215     3.3255329896
    4      H      -1.7180305296     0.2780668824     2.0477330694
    5      H       0.9754642395     0.2466965043     1.2359697662
 ----------------------------------------------------------------
 Nuclear Repulsion Energy =          69.71851962 hartrees
 There are       12 alpha and       12 beta electrons

                       Distance Matrix (Angstroms)
             C (  1)   O (  2)   O (  3)   H (  4)
   O (  2)  1.351817
   O (  3)  1.203393  2.287563
   H (  4)  1.109913  1.996991  2.052233
   H (  5)  1.893409  0.979167  2.372507  2.813336

 Requested basis set is cc-pVDZ
 There are 24 shells and 52 basis functions
 A cutoff of  1.0D-14 yielded    299 shell pairs
 There are      1431 function pairs (      1608 Cartesian)
 Smallest overlap matrix eigenvalue = 1.39E-02
 Guess MOs from SCF MO coefficient file

 -----------------------------------------------------------------------
  General SCF calculation program by
  Eric Jon Sundstrom, Paul Horn, Yuezhi Mao, Dmitri Zuev, Alec White,
  David Stuck, Shaama M.S., Shane Yost, Joonho Lee, David Small,
  Daniel Levine, Susi Lehtola, Hugh Burton, Evgeny Epifanovsky,
  Bang C. Huynh
 -----------------------------------------------------------------------
 Exchange:     0.2000 Hartree-Fock + 0.0800 Slater + 0.7200 B88
 Correlation:  0.1900 VWN1RPA + 0.8100 LYP
 Using Euler-Maclaurin-Lebedev (99,590) quadrature formula
Added inc_jk
Added qchem_hcore
Added xc
Added P-dependent contribution
 A restricted SCF calculation will be
 performed using GDM
 SCF converges when RMS gradient is below 1.0e-10
 User-specified cutoff of 10e-14
 used for neglect of 2-electron integrals.
 A cutoff of 10e-14
 used for neglect of overlap integrals.
 Incremental Fock algorithm is on at the start.
 ---------------------------------------
  Cycle       Energy        RMS Gradient
 ---------------------------------------
    1    -189.7693808518      1.55e-02   Normal BFGS step
    2    -189.7728588412      1.46e-03   Normal BFGS step
    3    -189.7728828354      3.03e-03   Normal BFGS step
    4    -189.7728958307      2.37e-03   Normal BFGS step
    5    -189.7728992970      1.08e-03   Normal BFGS step
    6    -189.7729018408      6.34e-04   Normal BFGS step
    7    -189.7729022387      3.22e-04   Normal BFGS step
    8    -189.7729025598      4.98e-05   Normal BFGS step
    9    -189.7729025732      1.56e-05   Normal BFGS step
   10    -189.7729025771      2.79e-06   Normal BFGS step
   11    -189.7729025772      6.42e-07   Normal BFGS step
   12    -189.7729025772      6.08e-08   Normal BFGS step
   13    -189.7729025772      1.62e-08   Normal BFGS step
   14    -189.7729025772      1.17e-09   Normal BFGS step
   15    -189.7729025772      1.74e-09   Normal BFGS step
   16    -189.7729025772      1.85e-09   Normal BFGS step
   17    -189.7729025772      4.07e-10   Normal BFGS step
   18    -189.7729025772      1.97e-10   Normal BFGS step
   19    -189.7729025772      1.35e-10   Normal BFGS step
   20    -189.7729025772      1.67e-11  Convergence criterion met
 ---------------------------------------
 SCF time:   CPU 13.71s  wall 2.00s 
 SCF   energy =  -189.77290258
 Total energy =  -189.77290258
 Integrated density by DFT XC:
   Number of electrons = 24
   Numerical integral  =    24.000000019216
   Relative error      =     0.0000000801 %

 --------------------------------------------------------------

                    Orbital Energies (a.u.)
 --------------------------------------------------------------

 Alpha MOs
 -- Occupied --
-19.2011 -19.1455 -10.3272  -1.1126  -1.0311  -0.6641  -0.5161  -0.4891
 -0.4482  -0.4055  -0.3314  -0.2899
 -- Virtual --
 -0.0015   0.0478   0.0945   0.2410   0.2600   0.4470   0.4659   0.5311
  0.5745   0.6338   0.7264   0.8578   0.9088   0.9426   0.9645   1.0172
  1.0862   1.0934   1.1630   1.3493   1.3565   1.5019   1.5633   1.6639
  1.7060   1.7424   1.8688   2.0366   2.2551   2.3160   2.6026   2.6885
  2.8215   2.8683   3.0716   3.1304   3.1420   3.4209   3.4816   3.6437
 --------------------------------------------------------------

          Ground-State Mulliken Net Atomic Charges

     Atom                 Charge (a.u.)
  ----------------------------------------
      1 C                     0.221619
      2 O                    -0.169482
      3 O                    -0.229356
      4 H                     0.019764
      5 H                     0.157455
  ----------------------------------------
  Sum of atomic charges =     0.000000

 -----------------------------------------------------------------
                    Cartesian Multipole Moments
 -----------------------------------------------------------------
    Charge (ESU x 10^10)
                -0.0000
    Dipole Moment (Debye)
         X       0.2337      Y      -0.0999      Z      -1.4658
       Tot       1.4877
    Quadrupole Moments (Debye-Ang)
        XX     -13.1654     XY       0.0513     YY     -16.7197
        XZ      -0.7696     YZ      -1.4062     ZZ     -27.1729
    Octopole Moments (Debye-Ang^2)
       XXX      12.5432    XXY      -4.3087    XYY       4.3772
       YYY     -15.4362    XXZ     -30.9312    XYZ      -0.1272
       YYZ     -36.6437    XZZ       2.1057    YZZ     -12.2570
       ZZZ    -157.4400
    Hexadecapole Moments (Debye-Ang^3)
      XXXX     -34.3502   XXXY       4.3011   XXYY     -10.7459
      XYYY       4.4682   YYYY     -24.0056   XXXZ      29.8808
      XXYZ     -11.9795   XYYZ      10.8033   YYYZ     -39.6686
      XXZZ     -93.8002   XYZZ       1.3818   YYZZ    -101.3619
      XZZZ      29.9820   YZZZ     -68.3729   ZZZZ    -762.9078
 -----------------------------------------------------------------
 Eng[2,1] = -1.89772903e+02
 points done 20/90
 CoordNormalMode -3 , -1 , 0
 ----------------------------------------------------------------
             Standard Nuclear Orientation (Angstroms)
    I     Atom           X                Y                Z
 ----------------------------------------------------------------
    1      C      -0.6505904028     0.3243197450     2.2374058448
    2      O       0.0215415997     0.1557693553     1.0875379591
    3      O      -0.1094684035     0.4725234386     3.3009605247
    4      H      -1.7425646768     0.2182193371     2.0622143959
    5      H       0.9667018379     0.2010877125     1.3353273807
 ----------------------------------------------------------------
 Nuclear Repulsion Energy =          70.27396387 hartrees
 There are       12 alpha and       12 beta electrons

                       Distance Matrix (Angstroms)
             C (  1)   O (  2)   O (  3)   H (  4)
   O (  2)  1.342523
   O (  3)  1.202467  2.239807
   H (  4)  1.111016  2.016424  2.065470
   H (  5)  1.855954  0.978152  2.257329  2.805135

 Requested basis set is cc-pVDZ
 There are 24 shells and 52 basis functions
 A cutoff of  1.0D-14 yielded    299 shell pairs
 There are      1431 function pairs (      1608 Cartesian)
 Smallest overlap matrix eigenvalue = 1.35E-02
 Guess MOs from SCF MO coefficient file

 -----------------------------------------------------------------------
  General SCF calculation program by
  Eric Jon Sundstrom, Paul Horn, Yuezhi Mao, Dmitri Zuev, Alec White,
  David Stuck, Shaama M.S., Shane Yost, Joonho Lee, David Small,
  Daniel Levine, Susi Lehtola, Hugh Burton, Evgeny Epifanovsky,
  Bang C. Huynh
 -----------------------------------------------------------------------
 Exchange:     0.2000 Hartree-Fock + 0.0800 Slater + 0.7200 B88
 Correlation:  0.1900 VWN1RPA + 0.8100 LYP
 Using Euler-Maclaurin-Lebedev (99,590) quadrature formula
Added inc_jk
Added qchem_hcore
Added xc
Added P-dependent contribution
 A restricted SCF calculation will be
 performed using GDM
 SCF converges when RMS gradient is below 1.0e-10
 User-specified cutoff of 10e-14
 used for neglect of 2-electron integrals.
 A cutoff of 10e-14
 used for neglect of overlap integrals.
 Incremental Fock algorithm is on at the start.
 ---------------------------------------
  Cycle       Energy        RMS Gradient
 ---------------------------------------
    1    -189.7702979841      1.34e-02   Normal BFGS step
    2    -189.7726565655      2.00e-03   Normal BFGS step
    3    -189.7726700330      4.15e-03   Normal BFGS step
    4    -189.7726787106      2.38e-03   Normal BFGS step
    5    -189.7726852397      4.39e-04   Normal BFGS step
    6    -189.7726863068      2.66e-04   Normal BFGS step
    7    -189.7726864199      1.92e-04   Normal BFGS step
    8    -189.7726865310      3.42e-05   Normal BFGS step
    9    -189.7726865356      1.42e-05   Normal BFGS step
   10    -189.7726865373      3.87e-06   Normal BFGS step
   11    -189.7726865374      1.12e-06   Normal BFGS step
   12    -189.7726865374      3.31e-08   Normal BFGS step
   13    -189.7726865374      1.25e-08   Normal BFGS step
   14    -189.7726865374      3.43e-09   Normal BFGS step
   15    -189.7726865374      5.14e-09   Normal BFGS step
   16    -189.7726865374      4.43e-10   Normal BFGS step
   17    -189.7726865374      5.08e-10   Normal BFGS step
   18    -189.7726865374      1.21e-10   Normal BFGS step
   19    -189.7726865374      5.28e-11  Convergence criterion met
 ---------------------------------------
 SCF time:   CPU 13.03s  wall 2.00s 
 SCF   energy =  -189.77268654
 Total energy =  -189.77268654
 Integrated density by DFT XC:
   Number of electrons = 24
   Numerical integral  =    23.999999968911
   Relative error      =     0.0000001295 %

 --------------------------------------------------------------

                    Orbital Energies (a.u.)
 --------------------------------------------------------------

 Alpha MOs
 -- Occupied --
-19.1988 -19.1429 -10.3264  -1.1185  -1.0275  -0.6626  -0.5176  -0.4895
 -0.4503  -0.4073  -0.3288  -0.2892
 -- Virtual --
 -0.0018   0.0513   0.0927   0.2467   0.2591   0.4451   0.4639   0.5395
  0.5732   0.6396   0.7254   0.8582   0.9107   0.9424   0.9650   1.0155
  1.0720   1.0963   1.1633   1.3387   1.3665   1.4792   1.5901   1.6640
  1.7061   1.7364   1.8728   2.0360   2.2685   2.3200   2.6031   2.6945
  2.8249   2.8907   3.0527   3.1241   3.1455   3.4379   3.4947   3.6349
 --------------------------------------------------------------

          Ground-State Mulliken Net Atomic Charges

     Atom                 Charge (a.u.)
  ----------------------------------------
      1 C                     0.217547
      2 O                    -0.162146
      3 O                    -0.235671
      4 H                     0.024791
      5 H                     0.155480
  ----------------------------------------
  Sum of atomic charges =     0.000000

 -----------------------------------------------------------------
                    Cartesian Multipole Moments
 -----------------------------------------------------------------
    Charge (ESU x 10^10)
                -0.0000
    Dipole Moment (Debye)
         X       0.0575      Y      -0.2065      Z      -1.3510
       Tot       1.3679
    Quadrupole Moments (Debye-Ang)
        XX     -12.9657     XY      -0.0607     YY     -16.7473
        XZ      -0.9381     YZ      -1.5208     ZZ     -26.8550
    Octopole Moments (Debye-Ang^2)
       XXX      12.1769    XXY      -4.4540    XYY       4.3374
       YYY     -15.3750    XXZ     -30.2920    XYZ      -0.2384
       YYZ     -36.7006    XZZ       1.8042    YZZ     -12.3339
       ZZZ    -156.7689
    Hexadecapole Moments (Debye-Ang^3)
      XXXX     -34.6961   XXXY       4.2307   XXYY     -10.9520
      XYYY       4.2856   YYYY     -23.8591   XXXZ      28.9591
      XXYZ     -12.0775   XYYZ      10.6597   YYYZ     -39.3333
      XXZZ     -91.7959   XYZZ       1.1831   YYZZ    -100.8616
      XZZZ      28.8243   YZZZ     -67.9730   ZZZZ    -757.8766
 -----------------------------------------------------------------
 Eng[-3,-1] = -1.89772687e+02
 points done 21/90
 CoordNormalMode 3 , 1 , 0
 ----------------------------------------------------------------
             Standard Nuclear Orientation (Angstroms)
    I     Atom           X                Y                Z
 ----------------------------------------------------------------
    1      C      -0.6259536981     0.3030608193     2.2454361831
    2      O       0.0160086019     0.1560543482     1.0648564536
    3      O      -0.1245200546     0.4817125074     3.3247668745
    4      H      -1.7186876025     0.3187853126     2.0418420632
    5      H       0.9761727989     0.2032874241     1.2422323205
 ----------------------------------------------------------------
 Nuclear Repulsion Energy =          69.71933095 hartrees
 There are       12 alpha and       12 beta electrons

                       Distance Matrix (Angstroms)
             C (  1)   O (  2)   O (  3)   H (  4)
   O (  2)  1.351849
   O (  3)  1.203456  2.287574
   H (  4)  1.111650  1.997537  2.052757
   H (  5)  1.892929  0.977552  2.371918  2.813359

 Requested basis set is cc-pVDZ
 There are 24 shells and 52 basis functions
 A cutoff of  1.0D-14 yielded    299 shell pairs
 There are      1431 function pairs (      1608 Cartesian)
 Smallest overlap matrix eigenvalue = 1.39E-02
 Guess MOs from SCF MO coefficient file

 -----------------------------------------------------------------------
  General SCF calculation program by
  Eric Jon Sundstrom, Paul Horn, Yuezhi Mao, Dmitri Zuev, Alec White,
  David Stuck, Shaama M.S., Shane Yost, Joonho Lee, David Small,
  Daniel Levine, Susi Lehtola, Hugh Burton, Evgeny Epifanovsky,
  Bang C. Huynh
 -----------------------------------------------------------------------
 Exchange:     0.2000 Hartree-Fock + 0.0800 Slater + 0.7200 B88
 Correlation:  0.1900 VWN1RPA + 0.8100 LYP
 Using Euler-Maclaurin-Lebedev (99,590) quadrature formula
Added inc_jk
Added qchem_hcore
Added xc
Added P-dependent contribution
 A restricted SCF calculation will be
 performed using GDM
 SCF converges when RMS gradient is below 1.0e-10
 User-specified cutoff of 10e-14
 used for neglect of 2-electron integrals.
 A cutoff of 10e-14
 used for neglect of overlap integrals.
 Incremental Fock algorithm is on at the start.
 ---------------------------------------
  Cycle       Energy        RMS Gradient
 ---------------------------------------
    1    -189.7699695683      1.32e-02   Normal BFGS step
    2    -189.7726565671      1.58e-03   Normal BFGS step
    3    -189.7726794255      2.17e-03   Normal BFGS step
    4    -189.7726884836      1.16e-03   Normal BFGS step
    5    -189.7726904649      5.15e-04   Normal BFGS step
    6    -189.7726910814      5.04e-04   Normal BFGS step
    7    -189.7726911326      3.39e-04   Normal BFGS step
    8    -189.7726913504      4.07e-05   Normal BFGS step
    9    -189.7726913577      1.47e-05   Normal BFGS step
   10    -189.7726913609      1.71e-06   Normal BFGS step
   11    -189.7726913610      5.15e-07   Normal BFGS step
   12    -189.7726913610      4.32e-08   Normal BFGS step
   13    -189.7726913610      1.33e-08   Normal BFGS step
   14    -189.7726913610      1.04e-09   Normal BFGS step
   15    -189.7726913610      8.23e-10   Normal BFGS step
   16    -189.7726913610      6.94e-10   Normal BFGS step
   17    -189.7726913610      5.63e-10   Normal BFGS step
   18    -189.7726913610      1.30e-10   Normal BFGS step
  GDM::WARNING energy changes are now smaller than effective accuracy.
  GDM::        calculation will continue, but THRESH should be increased
  GDM::        or SCF_CONVERGENCE decreased. 
  GDM::        effective_thresh = 3.79e-09
   19    -189.7726913610      1.35e-10   Normal BFGS step
  GDM::WARNING energy changes are now smaller than effective accuracy.
  GDM::        calculation will continue, but THRESH should be increased
  GDM::        or SCF_CONVERGENCE decreased. 
  GDM::        effective_thresh = 3.79e-09
   20    -189.7726913610      3.73e-12  Convergence criterion met
 ---------------------------------------
 SCF time:   CPU 13.65s  wall 1.00s 
 SCF   energy =  -189.77269136
 Total energy =  -189.77269136
 Integrated density by DFT XC:
   Number of electrons = 24
   Numerical integral  =    24.000000030371
   Relative error      =     0.0000001265 %

 --------------------------------------------------------------

                    Orbital Energies (a.u.)
 --------------------------------------------------------------

 Alpha MOs
 -- Occupied --
-19.2011 -19.1456 -10.3273  -1.1128  -1.0312  -0.6643  -0.5159  -0.4891
 -0.4482  -0.4056  -0.3315  -0.2899
 -- Virtual --
 -0.0021   0.0484   0.0945   0.2412   0.2600   0.4469   0.4659   0.5311
  0.5743   0.6340   0.7262   0.8577   0.9088   0.9423   0.9648   1.0172
  1.0855   1.0939   1.1614   1.3442   1.3634   1.5021   1.5619   1.6634
  1.7057   1.7424   1.8688   2.0387   2.2547   2.3136   2.6027   2.6876
  2.8215   2.8690   3.0668   3.1297   3.1462   3.4201   3.4813   3.6451
 --------------------------------------------------------------

          Ground-State Mulliken Net Atomic Charges

     Atom                 Charge (a.u.)
  ----------------------------------------
      1 C                     0.220757
      2 O                    -0.168325
      3 O                    -0.229246
      4 H                     0.020306
      5 H                     0.156509
  ----------------------------------------
  Sum of atomic charges =     0.000000

 -----------------------------------------------------------------
                    Cartesian Multipole Moments
 -----------------------------------------------------------------
    Charge (ESU x 10^10)
                -0.0000
    Dipole Moment (Debye)
         X       0.2386      Y      -0.1950      Z      -1.4512
       Tot       1.4835
    Quadrupole Moments (Debye-Ang)
        XX     -13.1655     XY      -0.0669     YY     -16.7656
        XZ      -0.7446     YZ      -1.5349     ZZ     -27.1303
    Octopole Moments (Debye-Ang^2)
       XXX      12.5628    XXY      -4.2886    XYY       4.3269
       YYY     -15.4296    XXZ     -30.9390    XYZ      -0.2795
       YYZ     -36.7028    XZZ       2.1668    YZZ     -12.4127
       ZZZ    -157.3539
    Hexadecapole Moments (Debye-Ang^3)
      XXXX     -34.3757   XXXY       4.0792   XXYY     -10.7308
      XYYY       4.5395   YYYY     -23.9766   XXXZ      29.9489
      XXYZ     -11.8838   XYYZ      10.7353   YYYZ     -39.6229
      XXZZ     -93.8497   XYZZ       1.2181   YYZZ    -101.4260
      XZZZ      30.0934   YZZZ     -68.4863   ZZZZ    -762.7845
 -----------------------------------------------------------------
 Eng[3,1] = -1.89772691e+02
 points done 22/90
 CoordNormalMode -3 , -2 , 0
 ----------------------------------------------------------------
             Standard Nuclear Orientation (Angstroms)
    I     Atom           X                Y                Z
 ----------------------------------------------------------------
    1      C      -0.6383720200     0.3201884418     2.2404829432
    2      O       0.0187228412     0.1590482846     1.0757355564
    3      O      -0.1169892328     0.4765852675     3.3129480521
    4      H      -1.7296389094     0.2082674852     2.0607422520
    5      H       0.9723905010     0.1437274882     1.2972231741
 ----------------------------------------------------------------
 Nuclear Repulsion Energy =          69.99262209 hartrees
 There are       12 alpha and       12 beta electrons

                       Distance Matrix (Angstroms)
             C (  1)   O (  2)   O (  3)   H (  4)
   O (  2)  1.346988
   O (  3)  1.202698  2.263707
   H (  4)  1.111619  2.007344  2.059285
   H (  5)  1.874949  0.979170  2.315316  2.808574

 Requested basis set is cc-pVDZ
 There are 24 shells and 52 basis functions
 A cutoff of  1.0D-14 yielded    299 shell pairs
 There are      1431 function pairs (      1608 Cartesian)
 Smallest overlap matrix eigenvalue = 1.37E-02
 Guess MOs from SCF MO coefficient file

 -----------------------------------------------------------------------
  General SCF calculation program by
  Eric Jon Sundstrom, Paul Horn, Yuezhi Mao, Dmitri Zuev, Alec White,
  David Stuck, Shaama M.S., Shane Yost, Joonho Lee, David Small,
  Daniel Levine, Susi Lehtola, Hugh Burton, Evgeny Epifanovsky,
  Bang C. Huynh
 -----------------------------------------------------------------------
 Exchange:     0.2000 Hartree-Fock + 0.0800 Slater + 0.7200 B88
 Correlation:  0.1900 VWN1RPA + 0.8100 LYP
 Using Euler-Maclaurin-Lebedev (99,590) quadrature formula
Added inc_jk
Added qchem_hcore
Added xc
Added P-dependent contribution
 A restricted SCF calculation will be
 performed using GDM
 SCF converges when RMS gradient is below 1.0e-10
 User-specified cutoff of 10e-14
 used for neglect of 2-electron integrals.
 A cutoff of 10e-14
 used for neglect of overlap integrals.
 Incremental Fock algorithm is on at the start.
 ---------------------------------------
  Cycle       Energy        RMS Gradient
 ---------------------------------------
    1    -189.7708927545      1.18e-02   Normal BFGS step
    2    -189.7728038980      1.76e-03   Normal BFGS step
    3    -189.7728204359      2.40e-03   Normal BFGS step
    4    -189.7728199097      2.40e-03  Line search: overstep
    5    -189.7728255089      2.55e-04   Normal BFGS step
    6    -189.7728264278      1.96e-04   Normal BFGS step
    7    -189.7728266345      1.34e-04   Normal BFGS step
    8    -189.7728266519      8.30e-05   Normal BFGS step
    9    -189.7728266756      1.01e-05   Normal BFGS step
   10    -189.7728266761      5.40e-06   Normal BFGS step
   11    -189.7728266764      3.84e-07   Normal BFGS step
   12    -189.7728266764      1.59e-07   Normal BFGS step
   13    -189.7728266764      9.72e-09   Normal BFGS step
   14    -189.7728266764      2.59e-09   Normal BFGS step
   15    -189.7728266764      1.29e-09   Normal BFGS step
   16    -189.7728266764      2.49e-09   Normal BFGS step
   17    -189.7728266764      3.68e-10   Normal BFGS step
   18    -189.7728266764      2.28e-10   Normal BFGS step
   19    -189.7728266764      1.06e-10   Normal BFGS step
   20    -189.7728266764      3.99e-11  Convergence criterion met
 ---------------------------------------
 SCF time:   CPU 13.67s  wall 2.00s 
 SCF   energy =  -189.77282668
 Total energy =  -189.77282668
 Integrated density by DFT XC:
   Number of electrons = 24
   Numerical integral  =    23.999999982286
   Relative error      =     0.0000000738 %

 --------------------------------------------------------------

                    Orbital Energies (a.u.)
 --------------------------------------------------------------

 Alpha MOs
 -- Occupied --
-19.1999 -19.1443 -10.3268  -1.1155  -1.0294  -0.6631  -0.5169  -0.4893
 -0.4495  -0.4059  -0.3302  -0.2896
 -- Virtual --
 -0.0020   0.0496   0.0935   0.2461   0.2579   0.4460   0.4648   0.5353
  0.5732   0.6364   0.7257   0.8579   0.9094   0.9423   0.9650   1.0161
  1.0797   1.0946   1.1630   1.3433   1.3629   1.4914   1.5750   1.6623
  1.7056   1.7402   1.8709   2.0357   2.2610   2.3152   2.6031   2.6908
  2.8230   2.8806   3.0600   3.1318   3.1423   3.4306   3.4865   3.6376
 --------------------------------------------------------------

          Ground-State Mulliken Net Atomic Charges

     Atom                 Charge (a.u.)
  ----------------------------------------
      1 C                     0.218996
      2 O                    -0.166197
      3 O                    -0.232094
      4 H                     0.022424
      5 H                     0.156872
  ----------------------------------------
  Sum of atomic charges =     0.000000

 -----------------------------------------------------------------
                    Cartesian Multipole Moments
 -----------------------------------------------------------------
    Charge (ESU x 10^10)
                 0.0000
    Dipole Moment (Debye)
         X       0.1514      Y      -0.3164      Z      -1.3833
       Tot       1.4271
    Quadrupole Moments (Debye-Ang)
        XX     -13.0693     XY      -0.1533     YY     -16.7956
        XZ      -0.8209     YZ      -1.6775     ZZ     -26.9479
    Octopole Moments (Debye-Ang^2)
       XXX      12.3933    XXY      -4.5907    XYY       4.3048
       YYY     -15.3329    XXZ     -30.5930    XYZ      -0.3404
       YYZ     -36.7539    XZZ       2.0226    YZZ     -12.5382
       ZZZ    -156.9801
    Hexadecapole Moments (Debye-Ang^3)
      XXXX     -34.5740   XXXY       4.1978   XXYY     -10.9373
      XYYY       4.2830   YYYY     -23.8601   XXXZ      29.4977
      XXYZ     -12.3503   XYYZ      10.6787   YYYZ     -39.3521
      XXZZ     -92.7384   XYZZ       1.1026   YYZZ    -101.1953
      XZZZ      29.5298   YZZZ     -68.3141   ZZZZ    -760.1980
 -----------------------------------------------------------------
 Eng[-3,-2] = -1.89772827e+02
 points done 23/90
 CoordNormalMode 3 , 2 , 0
 ----------------------------------------------------------------
             Standard Nuclear Orientation (Angstroms)
    I     Atom           X                Y                Z
 ----------------------------------------------------------------
    1      C      -0.6381720809     0.3071921224     2.2423590846
    2      O       0.0188273603     0.1527754189     1.0766588564
    3      O      -0.1169992254     0.4776506785     3.3127793470
    4      H      -1.7316133700     0.3287371645     2.0433142071
    5      H       0.9704841358     0.2606476483     1.2803365272
 ----------------------------------------------------------------
 Nuclear Repulsion Energy =          69.99301808 hartrees
 There are       12 alpha and       12 beta electrons

                       Distance Matrix (Angstroms)
             C (  1)   O (  2)   O (  3)   H (  4)
   O (  2)  1.346978
   O (  3)  1.202696  2.263676
   H (  4)  1.111619  2.007343  2.059295
   H (  5)  1.874948  0.979169  2.315283  2.808577

 Requested basis set is cc-pVDZ
 There are 24 shells and 52 basis functions
 A cutoff of  1.0D-14 yielded    299 shell pairs
 There are      1431 function pairs (      1608 Cartesian)
 Smallest overlap matrix eigenvalue = 1.37E-02
 Guess MOs from SCF MO coefficient file

 -----------------------------------------------------------------------
  General SCF calculation program by
  Eric Jon Sundstrom, Paul Horn, Yuezhi Mao, Dmitri Zuev, Alec White,
  David Stuck, Shaama M.S., Shane Yost, Joonho Lee, David Small,
  Daniel Levine, Susi Lehtola, Hugh Burton, Evgeny Epifanovsky,
  Bang C. Huynh
 -----------------------------------------------------------------------
 Exchange:     0.2000 Hartree-Fock + 0.0800 Slater + 0.7200 B88
 Correlation:  0.1900 VWN1RPA + 0.8100 LYP
 Using Euler-Maclaurin-Lebedev (99,590) quadrature formula
Added inc_jk
Added qchem_hcore
Added xc
Added P-dependent contribution
 A restricted SCF calculation will be
 performed using GDM
 SCF converges when RMS gradient is below 1.0e-10
 User-specified cutoff of 10e-14
 used for neglect of 2-electron integrals.
 A cutoff of 10e-14
 used for neglect of overlap integrals.
 Incremental Fock algorithm is on at the start.
 ---------------------------------------
  Cycle       Energy        RMS Gradient
 ---------------------------------------
    1    -189.7698954169      1.55e-02   Normal BFGS step
    2    -189.7727926147      2.10e-03   Normal BFGS step
    3    -189.7728230246      9.01e-04   Normal BFGS step
    4    -189.7728241714      1.12e-03   Normal BFGS step
    5    -189.7728264143      1.96e-04   Normal BFGS step
    6    -189.7728264831      1.81e-04   Normal BFGS step
    7    -189.7728265260      1.60e-04   Normal BFGS step
    8    -189.7728265372      6.14e-05   Normal BFGS step
    9    -189.7728265500      7.98e-06   Normal BFGS step
   10    -189.7728265504      2.40e-06   Normal BFGS step
   11    -189.7728265505      2.84e-07   Normal BFGS step
   12    -189.7728265505      9.48e-08   Normal BFGS step
   13    -189.7728265505      1.07e-08   Normal BFGS step
   14    -189.7728265505      4.39e-09   Normal BFGS step
   15    -189.7728265505      1.78e-10   Normal BFGS step
   16    -189.7728265505      3.89e-10   Normal BFGS step
  GDM::WARNING energy changes are now smaller than effective accuracy.
  GDM::        calculation will continue, but THRESH should be increased
  GDM::        or SCF_CONVERGENCE decreased. 
  GDM::        effective_thresh = 6.43e-09
   17    -189.7728265505      1.72e-10   Normal BFGS step
   18    -189.7728265505      5.97e-11  Convergence criterion met
 ---------------------------------------
 SCF time:   CPU 12.41s  wall 2.00s 
 SCF   energy =  -189.77282655
 Total energy =  -189.77282655
 Integrated density by DFT XC:
   Number of electrons = 24
   Numerical integral  =    24.000000010247
   Relative error      =     0.0000000427 %

 --------------------------------------------------------------

                    Orbital Energies (a.u.)
 --------------------------------------------------------------

 Alpha MOs
 -- Occupied --
-19.1999 -19.1443 -10.3268  -1.1155  -1.0294  -0.6631  -0.5169  -0.4893
 -0.4495  -0.4059  -0.3302  -0.2896
 -- Virtual --
 -0.0020   0.0496   0.0935   0.2461   0.2579   0.4460   0.4648   0.5353
  0.5732   0.6364   0.7257   0.8579   0.9094   0.9423   0.9650   1.0161
  1.0797   1.0946   1.1630   1.3433   1.3629   1.4914   1.5750   1.6623
  1.7056   1.7402   1.8709   2.0357   2.2610   2.3152   2.6032   2.6908
  2.8230   2.8806   3.0600   3.1318   3.1423   3.4306   3.4865   3.6376
 --------------------------------------------------------------

          Ground-State Mulliken Net Atomic Charges

     Atom                 Charge (a.u.)
  ----------------------------------------
      1 C                     0.218992
      2 O                    -0.166192
      3 O                    -0.232096
      4 H                     0.022425
      5 H                     0.156871
  ----------------------------------------
  Sum of atomic charges =     0.000000

 -----------------------------------------------------------------
                    Cartesian Multipole Moments
 -----------------------------------------------------------------
    Charge (ESU x 10^10)
                 0.0000
    Dipole Moment (Debye)
         X       0.1476      Y      -0.0836      Z      -1.4170
       Tot       1.4271
    Quadrupole Moments (Debye-Ang)
        XX     -13.0750     XY       0.0241     YY     -16.7007
        XZ      -0.8518     YZ      -1.3764     ZZ     -27.0370
    Octopole Moments (Debye-Ang^2)
       XXX      12.3715    XXY      -4.1472    XYY       4.3694
       YYY     -15.4600    XXZ     -30.6624    XYZ      -0.1811
       YYZ     -36.6266    XZZ       1.9691    YZZ     -12.2071
       ZZZ    -157.1313
    Hexadecapole Moments (Debye-Ang^3)
      XXXX     -34.5677   XXXY       4.0941   XXYY     -10.7276
      XYYY       4.5450   YYYY     -23.9930   XXXZ      29.4742
      XXYZ     -11.6020   XYYZ      10.7290   YYYZ     -39.5841
      XXZZ     -92.9651   XYZZ       1.2904   YYZZ    -101.0568
      XZZZ      29.4403   YZZZ     -68.1414   ZZZZ    -760.3100
 -----------------------------------------------------------------
 Eng[3,2] = -1.89772827e+02
 points done 24/90
 CoordNormalMode -4 , -1 , 0
 ----------------------------------------------------------------
             Standard Nuclear Orientation (Angstroms)
    I     Atom           X                Y                Z
 ----------------------------------------------------------------
    1      C      -0.6599396314     0.3140043245     2.2460756819
    2      O       0.0277993326     0.1555441388     1.0725996281
    3      O      -0.1075797802     0.4762612727     3.3058583356
    4      H      -1.7557098719     0.2723211479     2.0813132437
    5      H       0.9618782373     0.2140617400     1.3723482848
 ----------------------------------------------------------------
 Nuclear Repulsion Energy =          69.69158950 hartrees
 There are       12 alpha and       12 beta electrons

                       Distance Matrix (Angstroms)
             C (  1)   O (  2)   O (  3)   H (  4)
   O (  2)  1.369358
   O (  3)  1.206055  2.260228
   H (  4)  1.108872  2.052327  2.063355
   H (  5)  1.844907  0.982740  2.225073  2.809148

 Requested basis set is cc-pVDZ
 There are 24 shells and 52 basis functions
 A cutoff of  1.0D-14 yielded    299 shell pairs
 There are      1431 function pairs (      1608 Cartesian)
 Smallest overlap matrix eigenvalue = 1.38E-02
 Guess MOs from SCF MO coefficient file

 -----------------------------------------------------------------------
  General SCF calculation program by
  Eric Jon Sundstrom, Paul Horn, Yuezhi Mao, Dmitri Zuev, Alec White,
  David Stuck, Shaama M.S., Shane Yost, Joonho Lee, David Small,
  Daniel Levine, Susi Lehtola, Hugh Burton, Evgeny Epifanovsky,
  Bang C. Huynh
 -----------------------------------------------------------------------
 Exchange:     0.2000 Hartree-Fock + 0.0800 Slater + 0.7200 B88
 Correlation:  0.1900 VWN1RPA + 0.8100 LYP
 Using Euler-Maclaurin-Lebedev (99,590) quadrature formula
Added inc_jk
Added qchem_hcore
Added xc
Added P-dependent contribution
 A restricted SCF calculation will be
 performed using GDM
 SCF converges when RMS gradient is below 1.0e-10
 User-specified cutoff of 10e-14
 used for neglect of 2-electron integrals.
 A cutoff of 10e-14
 used for neglect of overlap integrals.
 Incremental Fock algorithm is on at the start.
 ---------------------------------------
  Cycle       Energy        RMS Gradient
 ---------------------------------------
    1    -189.7698035623      1.10e-02   Normal BFGS step
    2    -189.7721917796      2.91e-03   Normal BFGS step
    3    -189.7721646776      8.76e-03  Line search: overstep
    4    -189.7722399232      1.75e-03   Normal BFGS step
    5    -189.7722386825      2.70e-03  Line search: overstep
    6    -189.7722475692      3.70e-04   Normal BFGS step
    7    -189.7722483723      3.11e-04   Normal BFGS step
    8    -189.7722485832      1.98e-04   Normal BFGS step
    9    -189.7722486214      6.65e-05   Normal BFGS step
   10    -189.7722486466      5.49e-06   Normal BFGS step
   11    -189.7722486470      1.79e-06   Normal BFGS step
   12    -189.7722486471      1.88e-07   Normal BFGS step
   13    -189.7722486471      5.00e-08   Normal BFGS step
   14    -189.7722486471      8.04e-09   Normal BFGS step
   15    -189.7722486471      2.48e-09   Normal BFGS step
   16    -189.7722486471      4.84e-09   Normal BFGS step
   17    -189.7722486471      1.28e-09   Normal BFGS step
   18    -189.7722486471      1.53e-10   Normal BFGS step
   19    -189.7722486471      6.13e-11  Convergence criterion met
 ---------------------------------------
 SCF time:   CPU 13.08s  wall 1.00s 
 SCF   energy =  -189.77224865
 Total energy =  -189.77224865
 Integrated density by DFT XC:
   Number of electrons = 24
   Numerical integral  =    23.999999974635
   Relative error      =     0.0000001057 %

 --------------------------------------------------------------

                    Orbital Energies (a.u.)
 --------------------------------------------------------------

 Alpha MOs
 -- Occupied --
-19.1976 -19.1476 -10.3293  -1.1116  -1.0259  -0.6553  -0.5139  -0.4909
 -0.4458  -0.4117  -0.3290  -0.2917
 -- Virtual --
 -0.0072   0.0528   0.0901   0.2406   0.2453   0.4458   0.4587   0.5442
  0.5673   0.6357   0.7226   0.8562   0.9094   0.9490   0.9627   1.0107
  1.0624   1.0962   1.1650   1.3327   1.3582   1.4620   1.5985   1.6580
  1.7044   1.7252   1.8753   2.0323   2.2464   2.3237   2.5996   2.6915
  2.8214   2.8837   3.0561   3.1025   3.1161   3.4254   3.4627   3.6270
 --------------------------------------------------------------

          Ground-State Mulliken Net Atomic Charges

     Atom                 Charge (a.u.)
  ----------------------------------------
      1 C                     0.227091
      2 O                    -0.181849
      3 O                    -0.234238
      4 H                     0.031006
      5 H                     0.157990
  ----------------------------------------
  Sum of atomic charges =     0.000000

 -----------------------------------------------------------------
                    Cartesian Multipole Moments
 -----------------------------------------------------------------
    Charge (ESU x 10^10)
                -0.0000
    Dipole Moment (Debye)
         X      -0.0643      Y      -0.1716      Z      -1.1786
       Tot       1.1927
    Quadrupole Moments (Debye-Ang)
        XX     -12.8797     XY      -0.1007     YY     -16.7795
        XZ      -1.1117     YZ      -1.4219     ZZ     -26.2795
    Octopole Moments (Debye-Ang^2)
       XXX      11.8254    XXY      -4.2809    XYY       4.3183
       YYY     -15.4245    XXZ     -29.9573    XYZ      -0.3299
       YYZ     -36.7261    XZZ       1.4240    YZZ     -12.0920
       ZZZ    -155.2027
    Hexadecapole Moments (Debye-Ang^3)
      XXXX     -34.5616   XXXY       4.0085   XXYY     -10.9511
      XYYY       4.4091   YYYY     -23.9465   XXXZ      28.4834
      XXYZ     -11.7258   XYYZ      10.6923   YYYZ     -39.4728
      XXZZ     -91.1563   XYZZ       1.0063   YYZZ    -101.0717
      XZZZ      27.9975   YZZZ     -67.4756   ZZZZ    -755.0430
 -----------------------------------------------------------------
 Eng[-4,-1] = -1.89772249e+02
 points done 25/90
 CoordNormalMode 4 , 1 , 0
 ----------------------------------------------------------------
             Standard Nuclear Orientation (Angstroms)
    I     Atom           X                Y                Z
 ----------------------------------------------------------------
    1      C      -0.6166044695     0.3133762397     2.2367663459
    2      O       0.0097508690     0.1562795647     1.0797947847
    3      O      -0.1264086779     0.4779746733     3.3198690635
    4      H      -1.7055424075     0.2646835018     2.0227432154
    5      H       0.9809963995     0.1903133966     1.2052114164
 ----------------------------------------------------------------
 Nuclear Repulsion Energy =          70.28575873 hartrees
 There are       12 alpha and       12 beta electrons

                       Distance Matrix (Angstroms)
             C (  1)   O (  2)   O (  3)   H (  4)
   O (  2)  1.324984
   O (  3)  1.200207  2.267148
   H (  4)  1.110839  1.960391  2.054676
   H (  5)  1.905670  0.979901  2.404344  2.809160

 Requested basis set is cc-pVDZ
 There are 24 shells and 52 basis functions
 A cutoff of  1.0D-14 yielded    299 shell pairs
 There are      1431 function pairs (      1608 Cartesian)
 Smallest overlap matrix eigenvalue = 1.36E-02
 Guess MOs from SCF MO coefficient file

 -----------------------------------------------------------------------
  General SCF calculation program by
  Eric Jon Sundstrom, Paul Horn, Yuezhi Mao, Dmitri Zuev, Alec White,
  David Stuck, Shaama M.S., Shane Yost, Joonho Lee, David Small,
  Daniel Levine, Susi Lehtola, Hugh Burton, Evgeny Epifanovsky,
  Bang C. Huynh
 -----------------------------------------------------------------------
 Exchange:     0.2000 Hartree-Fock + 0.0800 Slater + 0.7200 B88
 Correlation:  0.1900 VWN1RPA + 0.8100 LYP
 Using Euler-Maclaurin-Lebedev (99,590) quadrature formula
Added inc_jk
Added qchem_hcore
Added xc
Added P-dependent contribution
 A restricted SCF calculation will be
 performed using GDM
 SCF converges when RMS gradient is below 1.0e-10
 User-specified cutoff of 10e-14
 used for neglect of 2-electron integrals.
 A cutoff of 10e-14
 used for neglect of overlap integrals.
 Incremental Fock algorithm is on at the start.
 ---------------------------------------
  Cycle       Energy        RMS Gradient
 ---------------------------------------
    1    -189.7655365525      2.07e-02   Normal BFGS step
    2    -189.7720649329      6.62e-03   Normal BFGS step
    3    -189.7719069053      1.80e-02  Line search: overstep
    4    -189.7722008308      1.80e-03   Normal BFGS step
    5    -189.7722054877      3.39e-03   Normal BFGS step
    6    -189.7722255131      2.03e-04   Normal BFGS step
    7    -189.7722258652      7.78e-05   Normal BFGS step
    8    -189.7722259623      5.16e-05   Normal BFGS step
    9    -189.7722259596      5.88e-05   Normal BFGS step
   10    -189.7722259668      9.19e-07   Normal BFGS step
   11    -189.7722259668      4.04e-07   Normal BFGS step
   12    -189.7722259668      8.31e-09   Normal BFGS step
   13    -189.7722259668      9.17e-09   Normal BFGS step
   14    -189.7722259668      1.08e-08   Normal BFGS step
   15    -189.7722259668      1.08e-09   Normal BFGS step
   16    -189.7722259668      5.20e-10   Normal BFGS step
  GDM::WARNING energy changes are now smaller than effective accuracy.
  GDM::        calculation will continue, but THRESH should be increased
  GDM::        or SCF_CONVERGENCE decreased. 
  GDM::        effective_thresh = 5.94e-09
   17    -189.7722259668      9.63e-11  Convergence criterion met
 ---------------------------------------
 SCF time:   CPU 11.82s  wall 2.00s 
 SCF   energy =  -189.77222597
 Total energy =  -189.77222597
 Integrated density by DFT XC:
   Number of electrons = 24
   Numerical integral  =    24.000000041127
   Relative error      =     0.0000001714 %

 --------------------------------------------------------------

                    Orbital Energies (a.u.)
 --------------------------------------------------------------

 Alpha MOs
 -- Occupied --
-19.2027 -19.1408 -10.3243  -1.1197  -1.0318  -0.6722  -0.5189  -0.4873
 -0.4529  -0.4009  -0.3308  -0.2873
 -- Virtual --
  0.0049   0.0449   0.0969   0.2457   0.2735   0.4463   0.4717   0.5245
  0.5782   0.6399   0.7294   0.8600   0.9084   0.9336   0.9674   1.0226
  1.0934   1.0977   1.1636   1.3538   1.3630   1.5160   1.5599   1.6717
  1.7073   1.7481   1.8756   2.0331   2.2746   2.3150   2.6049   2.6907
  2.8179   2.8744   3.0574   3.1543   3.1792   3.4356   3.5029   3.6577
 --------------------------------------------------------------

          Ground-State Mulliken Net Atomic Charges

     Atom                 Charge (a.u.)
  ----------------------------------------
      1 C                     0.213496
      2 O                    -0.151918
      3 O                    -0.231623
      4 H                     0.012761
      5 H                     0.157284
  ----------------------------------------
  Sum of atomic charges =     0.000000

 -----------------------------------------------------------------
                    Cartesian Multipole Moments
 -----------------------------------------------------------------
    Charge (ESU x 10^10)
                 0.0000
    Dipole Moment (Debye)
         X       0.3540      Y      -0.2304      Z      -1.6338
       Tot       1.6875
    Quadrupole Moments (Debye-Ang)
        XX     -13.2526     XY      -0.0320     YY     -16.7423
        XZ      -0.5890     YZ      -1.6307     ZZ     -27.7185
    Octopole Moments (Debye-Ang^2)
       XXX      12.8531    XXY      -4.4533    XYY       4.3434
       YYY     -15.3872    XXZ     -31.2652    XYZ      -0.1964
       YYZ     -36.6951    XZZ       2.5139    YZZ     -12.6465
       ZZZ    -158.9408
    Hexadecapole Moments (Debye-Ang^3)
      XXXX     -34.4696   XXXY       4.2580   XXYY     -10.7438
      XYYY       4.4121   YYYY     -23.8662   XXXZ      30.2891
      XXYZ     -12.2074   XYYZ      10.7045   YYYZ     -39.5062
      XXZZ     -94.4268   XYZZ       1.3762   YYZZ    -101.2590
      XZZZ      30.8573   YZZZ     -68.9875   ZZZZ    -765.7486
 -----------------------------------------------------------------
 Eng[4,1] = -1.89772226e+02
 points done 26/90
 CoordNormalMode -4 , -2 , 0
 ----------------------------------------------------------------
             Standard Nuclear Orientation (Angstroms)
    I     Atom           X                Y                Z
 ----------------------------------------------------------------
    1      C      -0.6477212487     0.3098730213     2.2491527804
    2      O       0.0249805741     0.1588230681     1.0607972253
    3      O      -0.1151006094     0.4803231016     3.3178458630
    4      H      -1.7427841044     0.2623692960     2.0798410998
    5      H       0.9675669004     0.1567015157     1.3342440781
 ----------------------------------------------------------------
 Nuclear Repulsion Energy =          69.42810276 hartrees
 There are       12 alpha and       12 beta electrons

                       Distance Matrix (Angstroms)
             C (  1)   O (  2)   O (  3)   H (  4)
   O (  2)  1.373875
   O (  3)  1.206169  2.284131
   H (  4)  1.109092  2.043077  2.056578
   H (  5)  1.862706  0.981451  2.282888  2.813020

 Requested basis set is cc-pVDZ
 There are 24 shells and 52 basis functions
 A cutoff of  1.0D-14 yielded    299 shell pairs
 There are      1431 function pairs (      1608 Cartesian)
 Smallest overlap matrix eigenvalue = 1.40E-02
 Guess MOs from SCF MO coefficient file

 -----------------------------------------------------------------------
  General SCF calculation program by
  Eric Jon Sundstrom, Paul Horn, Yuezhi Mao, Dmitri Zuev, Alec White,
  David Stuck, Shaama M.S., Shane Yost, Joonho Lee, David Small,
  Daniel Levine, Susi Lehtola, Hugh Burton, Evgeny Epifanovsky,
  Bang C. Huynh
 -----------------------------------------------------------------------
 Exchange:     0.2000 Hartree-Fock + 0.0800 Slater + 0.7200 B88
 Correlation:  0.1900 VWN1RPA + 0.8100 LYP
 Using Euler-Maclaurin-Lebedev (99,590) quadrature formula
Added inc_jk
Added qchem_hcore
Added xc
Added P-dependent contribution
 A restricted SCF calculation will be
 performed using GDM
 SCF converges when RMS gradient is below 1.0e-10
 User-specified cutoff of 10e-14
 used for neglect of 2-electron integrals.
 A cutoff of 10e-14
 used for neglect of overlap integrals.
 Incremental Fock algorithm is on at the start.
 ---------------------------------------
  Cycle       Energy        RMS Gradient
 ---------------------------------------
    1    -189.7673994973      1.62e-02   Normal BFGS step
    2    -189.7722375657      4.98e-03   Normal BFGS step
    3    -189.7721734547      1.46e-02  Line search: overstep
    4    -189.7723908633      3.22e-03   Normal BFGS step
    5    -189.7723778487      5.21e-03  Line search: overstep
    6    -189.7724106313      3.85e-04   Normal BFGS step
    7    -189.7724124670      2.67e-04   Normal BFGS step
    8    -189.7724127845      1.83e-04   Normal BFGS step
    9    -189.7724127980      1.20e-04   Normal BFGS step
   10    -189.7724128420      5.60e-06   Normal BFGS step
   11    -189.7724128423      1.59e-06   Normal BFGS step
   12    -189.7724128424      1.47e-07   Normal BFGS step
   13    -189.7724128424      3.74e-08   Normal BFGS step
   14    -189.7724128424      9.58e-09   Normal BFGS step
   15    -189.7724128424      3.19e-09   Normal BFGS step
   16    -189.7724128424      5.54e-09   Normal BFGS step
   17    -189.7724128424      1.69e-09   Normal BFGS step
   18    -189.7724128424      1.69e-10   Normal BFGS step
   19    -189.7724128424      4.94e-11  Convergence criterion met
 ---------------------------------------
 SCF time:   CPU 13.12s  wall 1.00s 
 SCF   energy =  -189.77241284
 Total energy =  -189.77241284
 Integrated density by DFT XC:
   Number of electrons = 24
   Numerical integral  =    24.000000019196
   Relative error      =     0.0000000800 %

 --------------------------------------------------------------

                    Orbital Energies (a.u.)
 --------------------------------------------------------------

 Alpha MOs
 -- Occupied --
-19.1986 -19.1489 -10.3296  -1.1089  -1.0279  -0.6559  -0.5135  -0.4908
 -0.4450  -0.4107  -0.3303  -0.2920
 -- Virtual --
 -0.0073   0.0515   0.0909   0.2376   0.2465   0.4466   0.4603   0.5411
  0.5679   0.6325   0.7231   0.8559   0.9087   0.9502   0.9619   1.0116
  1.0693   1.0949   1.1640   1.3360   1.3572   1.4738   1.5851   1.6549
  1.7045   1.7299   1.8708   2.0351   2.2411   2.3200   2.5998   2.6891
  2.8204   2.8750   3.0692   3.1045   3.1139   3.4142   3.4593   3.6313
 --------------------------------------------------------------

          Ground-State Mulliken Net Atomic Charges

     Atom                 Charge (a.u.)
  ----------------------------------------
      1 C                     0.227769
      2 O                    -0.184084
      3 O                    -0.230532
      4 H                     0.028642
      5 H                     0.158205
  ----------------------------------------
  Sum of atomic charges =     0.000000

 -----------------------------------------------------------------
                    Cartesian Multipole Moments
 -----------------------------------------------------------------
    Charge (ESU x 10^10)
                 0.0000
    Dipole Moment (Debye)
         X       0.0298      Y      -0.2807      Z      -1.2103
       Tot       1.2428
    Quadrupole Moments (Debye-Ang)
        XX     -12.9780     XY      -0.1909     YY     -16.8286
        XZ      -0.9929     YZ      -1.5849     ZZ     -26.3758
    Octopole Moments (Debye-Ang^2)
       XXX      12.0462    XXY      -4.4194    XYY       4.2857
       YYY     -15.3818    XXZ     -30.2495    XYZ      -0.4319
       YYZ     -36.7816    XZZ       1.6407    YZZ     -12.3138
       ZZZ    -155.4295
    Hexadecapole Moments (Debye-Ang^3)
      XXXX     -34.4146   XXXY       3.9948   XXYY     -10.9376
      XYYY       4.4070   YYYY     -23.9378   XXXZ      29.0323
      XXYZ     -12.0111   XYYZ      10.7097   YYYZ     -39.4866
      XXZZ     -92.0876   XYZZ       0.9218   YYZZ    -101.4074
      XZZZ      28.6851   YZZZ     -67.8459   ZZZZ    -757.4145
 -----------------------------------------------------------------
 Eng[-4,-2] = -1.89772413e+02
 points done 27/90
 CoordNormalMode 4 , 2 , 0
 ----------------------------------------------------------------
             Standard Nuclear Orientation (Angstroms)
    I     Atom           X                Y                Z
 ----------------------------------------------------------------
    1      C      -0.6288228522     0.3175075429     2.2336892474
    2      O       0.0125696274     0.1530006353     1.0915971875
    3      O      -0.1188878487     0.4739128444     3.3078815361
    4      H      -1.7184681749     0.2746353537     2.0242153593
    5      H       0.9753077365     0.2476736209     1.2433156231
 ----------------------------------------------------------------
 Nuclear Repulsion Energy =          70.57789125 hartrees
 There are       12 alpha and       12 beta electrons

                       Distance Matrix (Angstroms)
             C (  1)   O (  2)   O (  3)   H (  4)
   O (  2)  1.320160
   O (  3)  1.199327  2.243253
   H (  4)  1.110425  1.970042  2.060623
   H (  5)  1.886518  0.979207  2.347526  2.804810

 Requested basis set is cc-pVDZ
 There are 24 shells and 52 basis functions
 A cutoff of  1.0D-14 yielded    299 shell pairs
 There are      1431 function pairs (      1608 Cartesian)
 Smallest overlap matrix eigenvalue = 1.34E-02
 Guess MOs from SCF MO coefficient file

 -----------------------------------------------------------------------
  General SCF calculation program by
  Eric Jon Sundstrom, Paul Horn, Yuezhi Mao, Dmitri Zuev, Alec White,
  David Stuck, Shaama M.S., Shane Yost, Joonho Lee, David Small,
  Daniel Levine, Susi Lehtola, Hugh Burton, Evgeny Epifanovsky,
  Bang C. Huynh
 -----------------------------------------------------------------------
 Exchange:     0.2000 Hartree-Fock + 0.0800 Slater + 0.7200 B88
 Correlation:  0.1900 VWN1RPA + 0.8100 LYP
 Using Euler-Maclaurin-Lebedev (99,590) quadrature formula
Added inc_jk
Added qchem_hcore
Added xc
Added P-dependent contribution
 A restricted SCF calculation will be
 performed using GDM
 SCF converges when RMS gradient is below 1.0e-10
 User-specified cutoff of 10e-14
 used for neglect of 2-electron integrals.
 A cutoff of 10e-14
 used for neglect of overlap integrals.
 Incremental Fock algorithm is on at the start.
 ---------------------------------------
  Cycle       Energy        RMS Gradient
 ---------------------------------------
    1    -189.7675660347      1.56e-02   Normal BFGS step
    2    -189.7721842438      6.08e-03   Normal BFGS step
    3    -189.7720844545      1.59e-02  Line search: overstep
    4    -189.7723280320      2.41e-03   Normal BFGS step
    5    -189.7723238850      4.18e-03  Line search: overstep
    6    -189.7723481679      5.89e-04   Normal BFGS step
    7    -189.7723501908      1.78e-04   Normal BFGS step
    8    -189.7723505136      1.18e-04   Normal BFGS step
    9    -189.7723505133      1.18e-04   Normal BFGS step
   10    -189.7723505442      4.60e-06   Normal BFGS step
   11    -189.7723505443      2.16e-06   Normal BFGS step
   12    -189.7723505444      1.34e-07   Normal BFGS step
   13    -189.7723505444      4.65e-08   Normal BFGS step
   14    -189.7723505444      1.21e-08   Normal BFGS step
   15    -189.7723505444      1.78e-08   Normal BFGS step
   16    -189.7723505444      5.03e-09   Normal BFGS step
   17    -189.7723505444      1.07e-09   Normal BFGS step
   18    -189.7723505444      2.63e-10   Normal BFGS step
  GDM::WARNING energy changes are now smaller than effective accuracy.
  GDM::        calculation will continue, but THRESH should be increased
  GDM::        or SCF_CONVERGENCE decreased. 
  GDM::        effective_thresh = 5.05e-10
   19    -189.7723505444      1.85e-10   Normal BFGS step
   20    -189.7723505444      1.38e-10   Normal BFGS step
  GDM::WARNING energy changes are now smaller than effective accuracy.
  GDM::        calculation will continue, but THRESH should be increased
  GDM::        or SCF_CONVERGENCE decreased. 
  GDM::        effective_thresh = 1.63e-09
   21    -189.7723505444      2.09e-11  Convergence criterion met
 ---------------------------------------
 SCF time:   CPU 14.30s  wall 2.00s 
 SCF   energy =  -189.77235054
 Total energy =  -189.77235054
 Integrated density by DFT XC:
   Number of electrons = 24
   Numerical integral  =    24.000000030591
   Relative error      =     0.0000001275 %

 --------------------------------------------------------------

                    Orbital Energies (a.u.)
 --------------------------------------------------------------

 Alpha MOs
 -- Occupied --
-19.2014 -19.1394 -10.3237  -1.1228  -1.0302  -0.6713  -0.5201  -0.4876
 -0.4541  -0.4016  -0.3295  -0.2870
 -- Virtual --
  0.0051   0.0465   0.0961   0.2487   0.2734   0.4454   0.4716   0.5295
  0.5780   0.6420   0.7293   0.8603   0.9096   0.9348   0.9670   1.0214
  1.0916   1.0948   1.1647   1.3550   1.3612   1.5060   1.5719   1.6714
  1.7070   1.7482   1.8739   2.0335   2.2828   2.3181   2.6055   2.6949
  2.8207   2.8873   3.0541   3.1473   3.1823   3.4436   3.5118   3.6518
 --------------------------------------------------------------

          Ground-State Mulliken Net Atomic Charges

     Atom                 Charge (a.u.)
  ----------------------------------------
      1 C                     0.210911
      2 O                    -0.147911
      3 O                    -0.234311
      4 H                     0.014812
      5 H                     0.156499
  ----------------------------------------
  Sum of atomic charges =     0.000000

 -----------------------------------------------------------------
                    Cartesian Multipole Moments
 -----------------------------------------------------------------
    Charge (ESU x 10^10)
                 0.0000
    Dipole Moment (Debye)
         X       0.2640      Y      -0.1181      Z      -1.5990
       Tot       1.6250
    Quadrupole Moments (Debye-Ang)
        XX     -13.1569     XY       0.0609     YY     -16.6782
        XZ      -0.6939     YZ      -1.4784     ZZ     -27.6284
    Octopole Moments (Debye-Ang^2)
       XXX      12.6682    XXY      -4.3133    XYY       4.3863
       YYY     -15.4176    XXZ     -30.9806    XYZ      -0.0992
       YYZ     -36.6216    XZZ       2.3147    YZZ     -12.4574
       ZZZ    -158.7316
    Hexadecapole Moments (Debye-Ang^3)
      XXXX     -34.6362   XXXY       4.2899   XXYY     -10.7420
      XYYY       4.4170   YYYY     -23.8737   XXXZ      29.8261
      XXYZ     -11.9372   XYYZ      10.6964   YYYZ     -39.4634
      XXZZ     -93.5337   XYZZ       1.4422   YYZZ    -100.8927
      XZZZ      30.1865   YZZZ     -68.6670   ZZZZ    -763.3135
 -----------------------------------------------------------------
 Eng[4,2] = -1.89772351e+02
 points done 28/90
 CoordNormalMode -4 , -3 , 0
 ----------------------------------------------------------------
             Standard Nuclear Orientation (Angstroms)
    I     Atom           X                Y                Z
 ----------------------------------------------------------------
    1      C      -0.6479856764     0.3257346285     2.2468579040
    2      O       0.0250918001     0.1520945268     1.0617762262
    3      O      -0.1150102074     0.4749821157     3.3186119782
    4      H      -1.7421270315     0.2216508658     2.0857321060
    5      H       0.9668583410     0.2001105959     1.3279815238
 ----------------------------------------------------------------
 Nuclear Repulsion Energy =          69.42924963 hartrees
 There are       12 alpha and       12 beta electrons

                       Distance Matrix (Angstroms)
             C (  1)   O (  2)   O (  3)   H (  4)
   O (  2)  1.373901
   O (  3)  1.206232  2.284117
   H (  4)  1.110829  2.043621  2.057104
   H (  5)  1.862213  0.979844  2.282237  2.813050

 Requested basis set is cc-pVDZ
 There are 24 shells and 52 basis functions
 A cutoff of  1.0D-14 yielded    299 shell pairs
 There are      1431 function pairs (      1608 Cartesian)
 Smallest overlap matrix eigenvalue = 1.40E-02
 Guess MOs from SCF MO coefficient file

 -----------------------------------------------------------------------
  General SCF calculation program by
  Eric Jon Sundstrom, Paul Horn, Yuezhi Mao, Dmitri Zuev, Alec White,
  David Stuck, Shaama M.S., Shane Yost, Joonho Lee, David Small,
  Daniel Levine, Susi Lehtola, Hugh Burton, Evgeny Epifanovsky,
  Bang C. Huynh
 -----------------------------------------------------------------------
 Exchange:     0.2000 Hartree-Fock + 0.0800 Slater + 0.7200 B88
 Correlation:  0.1900 VWN1RPA + 0.8100 LYP
 Using Euler-Maclaurin-Lebedev (99,590) quadrature formula
Added inc_jk
Added qchem_hcore
Added xc
Added P-dependent contribution
 A restricted SCF calculation will be
 performed using GDM
 SCF converges when RMS gradient is below 1.0e-10
 User-specified cutoff of 10e-14
 used for neglect of 2-electron integrals.
 A cutoff of 10e-14
 used for neglect of overlap integrals.
 Incremental Fock algorithm is on at the start.
 ---------------------------------------
  Cycle       Energy        RMS Gradient
 ---------------------------------------
    1    -189.7684220886      1.40e-02   Normal BFGS step
    2    -189.7720310677      6.12e-03   Normal BFGS step
    3    -189.7719438484      1.62e-02  Line search: overstep
    4    -189.7721887493      2.81e-03   Normal BFGS step
    5    -189.7721790577      4.77e-03  Line search: overstep
    6    -189.7722104287      3.86e-04   Normal BFGS step
    7    -189.7722126679      2.89e-04   Normal BFGS step
    8    -189.7722129092      2.13e-04   Normal BFGS step
    9    -189.7722129529      8.97e-05   Normal BFGS step
   10    -189.7722129892      6.23e-06   Normal BFGS step
   11    -189.7722129898      1.71e-06   Normal BFGS step
   12    -189.7722129898      2.10e-07   Normal BFGS step
   13    -189.7722129898      6.23e-08   Normal BFGS step
   14    -189.7722129898      1.25e-08   Normal BFGS step
   15    -189.7722129898      2.86e-09   Normal BFGS step
   16    -189.7722129898      4.10e-09   Normal BFGS step
   17    -189.7722129898      4.00e-09   Normal BFGS step
   18    -189.7722129898      1.32e-10   Normal BFGS step
   19    -189.7722129898      7.77e-11  Convergence criterion met
 ---------------------------------------
 SCF time:   CPU 13.05s  wall 2.00s 
 SCF   energy =  -189.77221299
 Total energy =  -189.77221299
 Integrated density by DFT XC:
   Number of electrons = 24
   Numerical integral  =    23.999999965417
   Relative error      =     0.0000001441 %

 --------------------------------------------------------------

                    Orbital Energies (a.u.)
 --------------------------------------------------------------

 Alpha MOs
 -- Occupied --
-19.1986 -19.1489 -10.3298  -1.1092  -1.0281  -0.6559  -0.5134  -0.4908
 -0.4450  -0.4108  -0.3304  -0.2920
 -- Virtual --
 -0.0079   0.0520   0.0909   0.2377   0.2465   0.4465   0.4604   0.5409
  0.5678   0.6326   0.7229   0.8558   0.9086   0.9496   0.9630   1.0111
  1.0689   1.0950   1.1628   1.3331   1.3615   1.4747   1.5827   1.6543
  1.7040   1.7311   1.8707   2.0373   2.2402   2.3177   2.6000   2.6882
  2.8205   2.8759   3.0617   3.1096   3.1153   3.4133   3.4591   3.6326
 --------------------------------------------------------------

          Ground-State Mulliken Net Atomic Charges

     Atom                 Charge (a.u.)
  ----------------------------------------
      1 C                     0.226853
      2 O                    -0.182948
      3 O                    -0.230421
      4 H                     0.029230
      5 H                     0.157285
  ----------------------------------------
  Sum of atomic charges =     0.000000

 -----------------------------------------------------------------
                    Cartesian Multipole Moments
 -----------------------------------------------------------------
    Charge (ESU x 10^10)
                 0.0000
    Dipole Moment (Debye)
         X       0.0313      Y      -0.1888      Z      -1.2226
       Tot       1.2375
    Quadrupole Moments (Debye-Ang)
        XX     -12.9857     XY      -0.0688     YY     -16.7890
        XZ      -1.0075     YZ      -1.4518     ZZ     -26.4105
    Octopole Moments (Debye-Ang^2)
       XXX      12.0677    XXY      -4.4531    XYY       4.3298
       YYY     -15.3950    XXZ     -30.2602    XYZ      -0.2610
       YYZ     -36.7254    XZZ       1.5997    YZZ     -12.1436
       ZZZ    -155.4904
    Hexadecapole Moments (Debye-Ang^3)
      XXXX     -34.4719   XXXY       4.2523   XXYY     -10.9633
      XYYY       4.3394   YYYY     -23.9909   XXXZ      29.0413
      XXYZ     -12.1299   XYYZ      10.7730   YYYZ     -39.5410
      XXZZ     -92.0873   XYZZ       1.1362   YYZZ    -101.3408
      XZZZ      28.6185   YZZZ     -67.7031   ZZZZ    -757.4468
 -----------------------------------------------------------------
 Eng[-4,-3] = -1.89772213e+02
 points done 29/90
 CoordNormalMode 4 , 3 , 0
 ----------------------------------------------------------------
             Standard Nuclear Orientation (Angstroms)
    I     Atom           X                Y                Z
 ----------------------------------------------------------------
    1      C      -0.6285584245     0.3016459358     2.2359841239
    2      O       0.0124584014     0.1597291767     1.0906181866
    3      O      -0.1189782507     0.4792538303     3.3071154209
    4      H      -1.7191252478     0.3153537839     2.0183243530
    5      H       0.9760162958     0.2042645407     1.2495781774
 ----------------------------------------------------------------
 Nuclear Repulsion Energy =          70.57864124 hartrees
 There are       12 alpha and       12 beta electrons

                       Distance Matrix (Angstroms)
             C (  1)   O (  2)   O (  3)   H (  4)
   O (  2)  1.320192
   O (  3)  1.199391  2.243264
   H (  4)  1.112160  1.970594  2.061144
   H (  5)  1.886038  0.977597  2.346932  2.804835

 Requested basis set is cc-pVDZ
 There are 24 shells and 52 basis functions
 A cutoff of  1.0D-14 yielded    299 shell pairs
 There are      1431 function pairs (      1608 Cartesian)
 Smallest overlap matrix eigenvalue = 1.34E-02
 Guess MOs from SCF MO coefficient file

 -----------------------------------------------------------------------
  General SCF calculation program by
  Eric Jon Sundstrom, Paul Horn, Yuezhi Mao, Dmitri Zuev, Alec White,
  David Stuck, Shaama M.S., Shane Yost, Joonho Lee, David Small,
  Daniel Levine, Susi Lehtola, Hugh Burton, Evgeny Epifanovsky,
  Bang C. Huynh
 -----------------------------------------------------------------------
 Exchange:     0.2000 Hartree-Fock + 0.0800 Slater + 0.7200 B88
 Correlation:  0.1900 VWN1RPA + 0.8100 LYP
 Using Euler-Maclaurin-Lebedev (99,590) quadrature formula
Added inc_jk
Added qchem_hcore
Added xc
Added P-dependent contribution
 A restricted SCF calculation will be
 performed using GDM
 SCF converges when RMS gradient is below 1.0e-10
 User-specified cutoff of 10e-14
 used for neglect of 2-electron integrals.
 A cutoff of 10e-14
 used for neglect of overlap integrals.
 Incremental Fock algorithm is on at the start.
 ---------------------------------------
  Cycle       Energy        RMS Gradient
 ---------------------------------------
    1    -189.7681302187      1.42e-02   Normal BFGS step
    2    -189.7719543488      7.29e-03   Normal BFGS step
    3    -189.7718175927      1.80e-02  Line search: overstep
    4    -189.7721164144      2.09e-03   Normal BFGS step
    5    -189.7721141542      3.97e-03  Line search: overstep
    6    -189.7721391009      7.98e-04   Normal BFGS step
    7    -189.7721413819      1.91e-04   Normal BFGS step
    8    -189.7721416508      1.22e-04   Normal BFGS step
    9    -189.7721416564      1.07e-04   Normal BFGS step
   10    -189.7721416856      4.90e-06   Normal BFGS step
   11    -189.7721416859      2.29e-06   Normal BFGS step
   12    -189.7721416859      1.83e-07   Normal BFGS step
   13    -189.7721416859      4.66e-08   Normal BFGS step
   14    -189.7721416859      1.02e-08   Normal BFGS step
   15    -189.7721416859      2.14e-09   Normal BFGS step
   16    -189.7721416859      1.69e-09   Normal BFGS step
  GDM::WARNING energy changes are now smaller than effective accuracy.
  GDM::        calculation will continue, but THRESH should be increased
  GDM::        or SCF_CONVERGENCE decreased. 
  GDM::        effective_thresh = 6.45e-09
   17    -189.7721416859      2.21e-09   Normal BFGS step
   18    -189.7721416859      6.41e-11  Convergence criterion met
 ---------------------------------------
 SCF time:   CPU 12.40s  wall 1.00s 
 SCF   energy =  -189.77214169
 Total energy =  -189.77214169
 Integrated density by DFT XC:
   Number of electrons = 24
   Numerical integral  =    24.000000045974
   Relative error      =     0.0000001916 %

 --------------------------------------------------------------

                    Orbital Energies (a.u.)
 --------------------------------------------------------------

 Alpha MOs
 -- Occupied --
-19.2015 -19.1395 -10.3238  -1.1230  -1.0303  -0.6715  -0.5199  -0.4876
 -0.4542  -0.4017  -0.3296  -0.2870
 -- Virtual --
  0.0045   0.0471   0.0960   0.2488   0.2734   0.4453   0.4716   0.5296
  0.5777   0.6422   0.7291   0.8602   0.9096   0.9345   0.9672   1.0216
  1.0902   1.0958   1.1631   1.3492   1.3688   1.5062   1.5705   1.6709
  1.7071   1.7480   1.8739   2.0356   2.2826   2.3155   2.6057   2.6941
  2.8208   2.8876   3.0502   3.1491   3.1831   3.4429   3.5110   3.6535
 --------------------------------------------------------------

          Ground-State Mulliken Net Atomic Charges

     Atom                 Charge (a.u.)
  ----------------------------------------
      1 C                     0.210052
      2 O                    -0.146726
      3 O                    -0.234206
      4 H                     0.015356
      5 H                     0.155524
  ----------------------------------------
  Sum of atomic charges =     0.000000

 -----------------------------------------------------------------
                    Cartesian Multipole Moments
 -----------------------------------------------------------------
    Charge (ESU x 10^10)
                -0.0000
    Dipole Moment (Debye)
         X       0.2688      Y      -0.2146      Z      -1.5842
       Tot       1.6211
    Quadrupole Moments (Debye-Ang)
        XX     -13.1571     XY      -0.0554     YY     -16.7247
        XZ      -0.6693     YZ      -1.6091     ZZ     -27.5855
    Octopole Moments (Debye-Ang^2)
       XXX      12.6879    XXY      -4.2968    XYY       4.3372
       YYY     -15.4123    XXZ     -30.9882    XYZ      -0.2470
       YYZ     -36.6819    XZZ       2.3744    YZZ     -12.6177
       ZZZ    -158.6439
    Hexadecapole Moments (Debye-Ang^3)
      XXXX     -34.6626   XXXY       4.0738   XXYY     -10.7297
      XYYY       4.4908   YYYY     -23.8459   XXXZ      29.8935
      XXYZ     -11.8510   XYYZ      10.6316   YYYZ     -39.4202
      XXZZ     -93.5808   XYZZ       1.2905   YYZZ    -100.9601
      XZZZ      30.2925   YZZZ     -68.7930   ZZZZ    -763.1836
 -----------------------------------------------------------------
 Eng[4,3] = -1.89772142e+02
 points done 30/90
 CoordNormalMode -5 , -1 , 0
 ----------------------------------------------------------------
             Standard Nuclear Orientation (Angstroms)
    I     Atom           X                Y                Z
 ----------------------------------------------------------------
    1      C      -0.6609333133     0.3139098240     2.2455358113
    2      O       0.0265917850     0.1576816074     1.0875053652
    3      O      -0.1070899640     0.4753188933     3.2992822404
    4      H      -1.7508455082     0.2663055348     2.0392447170
    5      H       0.9802362734     0.2022357154     1.2886481546
 ----------------------------------------------------------------
 Nuclear Repulsion Energy =          70.03179643 hartrees
 There are       12 alpha and       12 beta electrons

                       Distance Matrix (Angstroms)
             C (  1)   O (  2)   O (  3)   H (  4)
   O (  2)  1.355777
   O (  3)  1.201323  2.238464
   H (  4)  1.110284  2.019131  2.081661
   H (  5)  1.903035  0.975644  2.302065  2.833074

 Requested basis set is cc-pVDZ
 There are 24 shells and 52 basis functions
 A cutoff of  1.0D-14 yielded    299 shell pairs
 There are      1431 function pairs (      1608 Cartesian)
 Smallest overlap matrix eigenvalue = 1.37E-02
 Guess MOs from SCF MO coefficient file

 -----------------------------------------------------------------------
  General SCF calculation program by
  Eric Jon Sundstrom, Paul Horn, Yuezhi Mao, Dmitri Zuev, Alec White,
  David Stuck, Shaama M.S., Shane Yost, Joonho Lee, David Small,
  Daniel Levine, Susi Lehtola, Hugh Burton, Evgeny Epifanovsky,
  Bang C. Huynh
 -----------------------------------------------------------------------
 Exchange:     0.2000 Hartree-Fock + 0.0800 Slater + 0.7200 B88
 Correlation:  0.1900 VWN1RPA + 0.8100 LYP
 Using Euler-Maclaurin-Lebedev (99,590) quadrature formula
Added inc_jk
Added qchem_hcore
Added xc
Added P-dependent contribution
 A restricted SCF calculation will be
 performed using GDM
 SCF converges when RMS gradient is below 1.0e-10
 User-specified cutoff of 10e-14
 used for neglect of 2-electron integrals.
 A cutoff of 10e-14
 used for neglect of overlap integrals.
 Incremental Fock algorithm is on at the start.
 ---------------------------------------
  Cycle       Energy        RMS Gradient
 ---------------------------------------
    1    -189.7703064218      1.45e-02   Normal BFGS step
    2    -189.7723685643      3.39e-03   Normal BFGS step
    3    -189.7723320122      9.85e-03  Line search: overstep
    4    -189.7724225971      1.73e-03   Normal BFGS step
    5    -189.7724212726      2.69e-03  Line search: overstep
    6    -189.7724311220      3.31e-04   Normal BFGS step
    7    -189.7724318151      1.47e-04   Normal BFGS step
    8    -189.7724319824      8.01e-05   Normal BFGS step
    9    -189.7724319817      8.16e-05   Normal BFGS step
   10    -189.7724319970      3.45e-06   Normal BFGS step
   11    -189.7724319972      1.24e-06   Normal BFGS step
   12    -189.7724319972      1.62e-07   Normal BFGS step
   13    -189.7724319972      3.76e-08   Normal BFGS step
   14    -189.7724319972      5.07e-09   Normal BFGS step
   15    -189.7724319972      9.88e-09   Normal BFGS step
   16    -189.7724319972      4.56e-09   Normal BFGS step
   17    -189.7724319972      5.96e-10   Normal BFGS step
   18    -189.7724319972      2.40e-10   Normal BFGS step
   19    -189.7724319972      1.92e-10   Normal BFGS step
  GDM::WARNING energy changes are now smaller than effective accuracy.
  GDM::        calculation will continue, but THRESH should be increased
  GDM::        or SCF_CONVERGENCE decreased. 
  GDM::        effective_thresh = 6.57e-10
   20    -189.7724319972      9.88e-11  Convergence criterion met
 ---------------------------------------
 SCF time:   CPU 13.66s  wall 1.00s 
 SCF   energy =  -189.77243200
 Total energy =  -189.77243200
 Integrated density by DFT XC:
   Number of electrons = 24
   Numerical integral  =    23.999999978865
   Relative error      =     0.0000000881 %

 --------------------------------------------------------------

                    Orbital Energies (a.u.)
 --------------------------------------------------------------

 Alpha MOs
 -- Occupied --
-19.1937 -19.1438 -10.3274  -1.1123  -1.0252  -0.6634  -0.5185  -0.4853
 -0.4466  -0.4045  -0.3272  -0.2891
 -- Virtual --
 -0.0028   0.0518   0.0915   0.2418   0.2576   0.4463   0.4638   0.5304
  0.5800   0.6402   0.7255   0.8582   0.9135   0.9480   0.9658   1.0270
  1.0842   1.0941   1.1600   1.3542   1.3570   1.4791   1.5714   1.6587
  1.7032   1.7305   1.8701   2.0429   2.2808   2.3249   2.6008   2.6898
  2.8334   2.8793   3.0234   3.1206   3.1391   3.4406   3.5025   3.6410
 --------------------------------------------------------------

          Ground-State Mulliken Net Atomic Charges

     Atom                 Charge (a.u.)
  ----------------------------------------
      1 C                     0.221738
      2 O                    -0.176615
      3 O                    -0.230459
      4 H                     0.028963
      5 H                     0.156373
  ----------------------------------------
  Sum of atomic charges =     0.000000

 -----------------------------------------------------------------
                    Cartesian Multipole Moments
 -----------------------------------------------------------------
    Charge (ESU x 10^10)
                 0.0000
    Dipole Moment (Debye)
         X       0.0236      Y      -0.1933      Z      -1.3385
       Tot       1.3526
    Quadrupole Moments (Debye-Ang)
        XX     -12.7830     XY      -0.1001     YY     -16.7558
        XZ      -1.1148     YZ      -1.4926     ZZ     -26.7339
    Octopole Moments (Debye-Ang^2)
       XXX      12.0818    XXY      -4.2939    XYY       4.3293
       YYY     -15.3904    XXZ     -30.0728    XYZ      -0.3372
       YYZ     -36.6649    XZZ       1.4085    YZZ     -12.2445
       ZZZ    -156.0849
    Hexadecapole Moments (Debye-Ang^3)
      XXXX     -34.5604   XXXY       4.0574   XXYY     -10.9477
      XYYY       4.4012   YYYY     -23.8490   XXXZ      28.8253
      XXYZ     -11.7826   XYYZ      10.6769   YYYZ     -39.3150
      XXZZ     -91.5803   XYZZ       1.0322   YYZZ    -100.7146
      XZZZ      28.2338   YZZZ     -67.6612   ZZZZ    -755.1548
 -----------------------------------------------------------------
 Eng[-5,-1] = -1.89772432e+02
 points done 31/90
 CoordNormalMode 5 , 1 , 0
 ----------------------------------------------------------------
             Standard Nuclear Orientation (Angstroms)
    I     Atom           X                Y                Z
 ----------------------------------------------------------------
    1      C      -0.6156107876     0.3134707403     2.2373062165
    2      O       0.0109584166     0.1541420961     1.0648890476
    3      O      -0.1268984942     0.4789170527     3.3264451587
    4      H      -1.7104067711     0.2706991149     2.0648117421
    5      H       0.9626383634     0.2021394212     1.2889115466
 ----------------------------------------------------------------
 Nuclear Repulsion Energy =          69.96521814 hartrees
 There are       12 alpha and       12 beta electrons

                       Distance Matrix (Angstroms)
             C (  1)   O (  2)   O (  3)   H (  4)
   O (  2)  1.338856
   O (  3)  1.205170  2.288912
   H (  4)  1.109127  1.994124  2.035331
   H (  5)  1.844646  0.978869  2.327067  2.784222

 Requested basis set is cc-pVDZ
 There are 24 shells and 52 basis functions
 A cutoff of  1.0D-14 yielded    299 shell pairs
 There are      1431 function pairs (      1608 Cartesian)
 Smallest overlap matrix eigenvalue = 1.37E-02
 Guess MOs from SCF MO coefficient file

 -----------------------------------------------------------------------
  General SCF calculation program by
  Eric Jon Sundstrom, Paul Horn, Yuezhi Mao, Dmitri Zuev, Alec White,
  David Stuck, Shaama M.S., Shane Yost, Joonho Lee, David Small,
  Daniel Levine, Susi Lehtola, Hugh Burton, Evgeny Epifanovsky,
  Bang C. Huynh
 -----------------------------------------------------------------------
 Exchange:     0.2000 Hartree-Fock + 0.0800 Slater + 0.7200 B88
 Correlation:  0.1900 VWN1RPA + 0.8100 LYP
 Using Euler-Maclaurin-Lebedev (99,590) quadrature formula
Added inc_jk
Added qchem_hcore
Added xc
Added P-dependent contribution
 A restricted SCF calculation will be
 performed using GDM
 SCF converges when RMS gradient is below 1.0e-10
 User-specified cutoff of 10e-14
 used for neglect of 2-electron integrals.
 A cutoff of 10e-14
 used for neglect of overlap integrals.
 Incremental Fock algorithm is on at the start.
 ---------------------------------------
  Cycle       Energy        RMS Gradient
 ---------------------------------------
    1    -189.7697332951      2.11e-02   Normal BFGS step
    2    -189.7723789659      4.24e-03   Normal BFGS step
    3    -189.7723193112      1.12e-02  Line search: overstep
    4    -189.7724229844      9.90e-04   Normal BFGS step
    5    -189.7724291630      1.44e-03   Normal BFGS step
    6    -189.7724338094      3.05e-04   Normal BFGS step
    7    -189.7724336764      3.81e-04  Line search: overstep
    8    -189.7724340278      8.68e-05   Normal BFGS step
    9    -189.7724340449      6.21e-06   Normal BFGS step
   10    -189.7724340455      2.14e-06   Normal BFGS step
   11    -189.7724340455      8.26e-07   Normal BFGS step
   12    -189.7724340455      2.27e-07   Normal BFGS step
   13    -189.7724340455      4.27e-08   Normal BFGS step
   14    -189.7724340455      6.04e-09   Normal BFGS step
   15    -189.7724340455      1.81e-09   Normal BFGS step
   16    -189.7724340455      1.33e-09   Normal BFGS step
   17    -189.7724340455      1.06e-09   Normal BFGS step
   18    -189.7724340455      9.74e-11  Convergence criterion met
 ---------------------------------------
 SCF time:   CPU 12.40s  wall 2.00s 
 SCF   energy =  -189.77243405
 Total energy =  -189.77243405
 Integrated density by DFT XC:
   Number of electrons = 24
   Numerical integral  =    23.999999999063
   Relative error      =     0.0000000039 %

 --------------------------------------------------------------

                    Orbital Energies (a.u.)
 --------------------------------------------------------------

 Alpha MOs
 -- Occupied --
-19.2060 -19.1445 -10.3263  -1.1195  -1.0329  -0.6640  -0.5158  -0.4934
 -0.4519  -0.4086  -0.3328  -0.2891
 -- Virtual --
  0.0001   0.0475   0.0957   0.2404   0.2656   0.4458   0.4652   0.5426
  0.5673   0.6343   0.7264   0.8584   0.9063   0.9379   0.9637   1.0040
  1.0760   1.0953   1.1676   1.3383   1.3600   1.4986   1.5814   1.6708
  1.7088   1.7494   1.8726   2.0353   2.2356   2.3280   2.6045   2.6954
  2.8115   2.8794   3.1073   3.1361   3.1460   3.4085   3.4751   3.6439
 --------------------------------------------------------------

          Ground-State Mulliken Net Atomic Charges

     Atom                 Charge (a.u.)
  ----------------------------------------
      1 C                     0.217899
      2 O                    -0.153273
      3 O                    -0.234739
      4 H                     0.015073
      5 H                     0.155040
  ----------------------------------------
  Sum of atomic charges =     0.000000

 -----------------------------------------------------------------
                    Cartesian Multipole Moments
 -----------------------------------------------------------------
    Charge (ESU x 10^10)
                -0.0000
    Dipole Moment (Debye)
         X       0.2678      Y      -0.2075      Z      -1.4662
       Tot       1.5048
    Quadrupole Moments (Debye-Ang)
        XX     -13.3294     XY      -0.0307     YY     -16.7604
        XZ      -0.5746     YZ      -1.5614     ZZ     -27.2691
    Octopole Moments (Debye-Ang^2)
       XXX      12.6193    XXY      -4.4367    XYY       4.3389
       YYY     -15.4174    XXZ     -31.1255    XYZ      -0.1889
       YYZ     -36.7490    XZZ       2.5348    YZZ     -12.5035
       ZZZ    -158.1069
    Hexadecapole Moments (Debye-Ang^3)
      XXXX     -34.4148   XXXY       4.2198   XXYY     -10.7367
      XYYY       4.4233   YYYY     -23.9555   XXXZ      30.0186
      XXYZ     -12.1518   XYYZ      10.7257   YYYZ     -39.6562
      XXZZ     -94.0073   XYZZ       1.3421   YYZZ    -101.5997
      XZZZ      30.5809   YZZZ     -68.8258   ZZZZ    -765.7357
 -----------------------------------------------------------------
 Eng[5,1] = -1.89772434e+02
 points done 32/90
 CoordNormalMode -5 , -2 , 0
 ----------------------------------------------------------------
             Standard Nuclear Orientation (Angstroms)
    I     Atom           X                Y                Z
 ----------------------------------------------------------------
    1      C      -0.6487149305     0.3097785208     2.2486129098
    2      O       0.0237730265     0.1609605367     1.0757029624
    3      O      -0.1146107932     0.4793807223     3.3112697678
    4      H      -1.7379197408     0.2563536829     2.0377725731
    5      H       0.9859249365     0.1448754911     1.2505439480
 ----------------------------------------------------------------
 Nuclear Repulsion Energy =          69.75290150 hartrees
 There are       12 alpha and       12 beta electrons

                       Distance Matrix (Angstroms)
             C (  1)   O (  2)   O (  3)   H (  4)
   O (  2)  1.360185
   O (  3)  1.201362  2.262366
   H (  4)  1.110709  2.009537  2.075251
   H (  5)  1.922338  0.978041  2.360013  2.837514

 Requested basis set is cc-pVDZ
 There are 24 shells and 52 basis functions
 A cutoff of  1.0D-14 yielded    299 shell pairs
 There are      1431 function pairs (      1608 Cartesian)
 Smallest overlap matrix eigenvalue = 1.39E-02
 Guess MOs from SCF MO coefficient file

 -----------------------------------------------------------------------
  General SCF calculation program by
  Eric Jon Sundstrom, Paul Horn, Yuezhi Mao, Dmitri Zuev, Alec White,
  David Stuck, Shaama M.S., Shane Yost, Joonho Lee, David Small,
  Daniel Levine, Susi Lehtola, Hugh Burton, Evgeny Epifanovsky,
  Bang C. Huynh
 -----------------------------------------------------------------------
 Exchange:     0.2000 Hartree-Fock + 0.0800 Slater + 0.7200 B88
 Correlation:  0.1900 VWN1RPA + 0.8100 LYP
 Using Euler-Maclaurin-Lebedev (99,590) quadrature formula
Added inc_jk
Added qchem_hcore
Added xc
Added P-dependent contribution
 A restricted SCF calculation will be
 performed using GDM
 SCF converges when RMS gradient is below 1.0e-10
 User-specified cutoff of 10e-14
 used for neglect of 2-electron integrals.
 A cutoff of 10e-14
 used for neglect of overlap integrals.
 Incremental Fock algorithm is on at the start.
 ---------------------------------------
  Cycle       Energy        RMS Gradient
 ---------------------------------------
    1    -189.7702947384      1.45e-02   Normal BFGS step
    2    -189.7725518302      3.74e-03   Normal BFGS step
    3    -189.7725102666      9.81e-03  Line search: overstep
    4    -189.7725839182      7.63e-04   Normal BFGS step
    5    -189.7725893050      1.14e-03   Normal BFGS step
    6    -189.7725928860      5.74e-05   Normal BFGS step
    7    -189.7725929020      5.17e-05   Normal BFGS step
    8    -189.7725929161      2.30e-05   Normal BFGS step
    9    -189.7725929162      2.08e-05   Normal BFGS step
   10    -189.7725929173      1.42e-06   Normal BFGS step
   11    -189.7725929173      5.10e-07   Normal BFGS step
   12    -189.7725929173      2.81e-08   Normal BFGS step
   13    -189.7725929173      7.96e-09   Normal BFGS step
   14    -189.7725929173      2.03e-09   Normal BFGS step
   15    -189.7725929173      3.31e-10   Normal BFGS step
   16    -189.7725929173      5.46e-10   Normal BFGS step
   17    -189.7725929173      5.14e-10   Normal BFGS step
  GDM::WARNING energy changes are now smaller than effective accuracy.
  GDM::        calculation will continue, but THRESH should be increased
  GDM::        or SCF_CONVERGENCE decreased. 
  GDM::        effective_thresh = 1.82e-09
   18    -189.7725929173      2.79e-11  Convergence criterion met
 ---------------------------------------
 SCF time:   CPU 12.43s  wall 1.00s 
 SCF   energy =  -189.77259292
 Total energy =  -189.77259292
 Integrated density by DFT XC:
   Number of electrons = 24
   Numerical integral  =    23.999999965252
   Relative error      =     0.0000001448 %

 --------------------------------------------------------------

                    Orbital Energies (a.u.)
 --------------------------------------------------------------

 Alpha MOs
 -- Occupied --
-19.1949 -19.1452 -10.3278  -1.1094  -1.0271  -0.6636  -0.5176  -0.4853
 -0.4458  -0.4031  -0.3285  -0.2899
 -- Virtual --
 -0.0028   0.0498   0.0923   0.2440   0.2538   0.4471   0.4643   0.5260
  0.5800   0.6373   0.7259   0.8577   0.9124   0.9475   0.9653   1.0262
  1.0923   1.0935   1.1597   1.3509   1.3614   1.4917   1.5583   1.6569
  1.7035   1.7346   1.8676   2.0399   2.2760   2.3164   2.6007   2.6861
  2.8313   2.8685   3.0301   3.1237   3.1389   3.4361   3.4933   3.6424
 --------------------------------------------------------------

          Ground-State Mulliken Net Atomic Charges

     Atom                 Charge (a.u.)
  ----------------------------------------
      1 C                     0.223477
      2 O                    -0.181510
      3 O                    -0.226984
      4 H                     0.026744
      5 H                     0.158273
  ----------------------------------------
  Sum of atomic charges =     0.000000

 -----------------------------------------------------------------
                    Cartesian Multipole Moments
 -----------------------------------------------------------------
    Charge (ESU x 10^10)
                -0.0000
    Dipole Moment (Debye)
         X       0.1150      Y      -0.3060      Z      -1.3710
       Tot       1.4095
    Quadrupole Moments (Debye-Ang)
        XX     -12.8881     XY      -0.1931     YY     -16.8066
        XZ      -1.0052     YZ      -1.6478     ZZ     -26.8201
    Octopole Moments (Debye-Ang^2)
       XXX      12.2879    XXY      -4.4407    XYY       4.2954
       YYY     -15.3517    XXZ     -30.3758    XYZ      -0.4332
       YYZ     -36.7189    XZZ       1.6156    YZZ     -12.4405
       ZZZ    -156.2657
    Hexadecapole Moments (Debye-Ang^3)
      XXXX     -34.4269   XXXY       4.0311   XXYY     -10.9387
      XYYY       4.3996   YYYY     -23.8510   XXXZ      29.3348
      XXYZ     -12.0670   XYYZ      10.6964   YYYZ     -39.3403
      XXZZ     -92.5142   XYZZ       0.9717   YYZZ    -101.0466
      XZZZ      28.9257   YZZZ     -67.9863   ZZZZ    -757.3920
 -----------------------------------------------------------------
 Eng[-5,-2] = -1.89772593e+02
 points done 33/90
 CoordNormalMode 5 , 2 , 0
 ----------------------------------------------------------------
             Standard Nuclear Orientation (Angstroms)
    I     Atom           X                Y                Z
 ----------------------------------------------------------------
    1      C      -0.6278291704     0.3176020434     2.2342291180
    2      O       0.0137771750     0.1508631668     1.0766914504
    3      O      -0.1193776649     0.4748552237     3.3144576313
    4      H      -1.7233325386     0.2806509668     2.0662838860
    5      H       0.9569497003     0.2594996455     1.3270157533
 ----------------------------------------------------------------
 Nuclear Repulsion Energy =          70.24148393 hartrees
 There are       12 alpha and       12 beta electrons

                       Distance Matrix (Angstroms)
             C (  1)   O (  2)   O (  3)   H (  4)
   O (  2)  1.333924
   O (  3)  1.204220  2.265016
   H (  4)  1.108918  2.003419  2.041647
   H (  5)  1.827002  0.981855  2.270415  2.780446

 Requested basis set is cc-pVDZ
 There are 24 shells and 52 basis functions
 A cutoff of  1.0D-14 yielded    299 shell pairs
 There are      1431 function pairs (      1608 Cartesian)
 Smallest overlap matrix eigenvalue = 1.35E-02
 Guess MOs from SCF MO coefficient file

 -----------------------------------------------------------------------
  General SCF calculation program by
  Eric Jon Sundstrom, Paul Horn, Yuezhi Mao, Dmitri Zuev, Alec White,
  David Stuck, Shaama M.S., Shane Yost, Joonho Lee, David Small,
  Daniel Levine, Susi Lehtola, Hugh Burton, Evgeny Epifanovsky,
  Bang C. Huynh
 -----------------------------------------------------------------------
 Exchange:     0.2000 Hartree-Fock + 0.0800 Slater + 0.7200 B88
 Correlation:  0.1900 VWN1RPA + 0.8100 LYP
 Using Euler-Maclaurin-Lebedev (99,590) quadrature formula
Added inc_jk
Added qchem_hcore
Added xc
Added P-dependent contribution
 A restricted SCF calculation will be
 performed using GDM
 SCF converges when RMS gradient is below 1.0e-10
 User-specified cutoff of 10e-14
 used for neglect of 2-electron integrals.
 A cutoff of 10e-14
 used for neglect of overlap integrals.
 Incremental Fock algorithm is on at the start.
 ---------------------------------------
  Cycle       Energy        RMS Gradient
 ---------------------------------------
    1    -189.7689274601      1.47e-02   Normal BFGS step
    2    -189.7724986025      4.03e-03   Normal BFGS step
    3    -189.7724589348      1.01e-02  Line search: overstep
    4    -189.7725341241      8.72e-04   Normal BFGS step
    5    -189.7725423948      1.08e-03   Normal BFGS step
    6    -189.7725457869      2.01e-04   Normal BFGS step
    7    -189.7725457634      2.78e-04   Normal BFGS step
    8    -189.7725458966      1.77e-05   Normal BFGS step
    9    -189.7725458983      8.25e-06   Normal BFGS step
   10    -189.7725458991      1.57e-06   Normal BFGS step
   11    -189.7725458991      9.76e-07   Normal BFGS step
   12    -189.7725458991      5.43e-08   Normal BFGS step
   13    -189.7725458991      1.12e-08   Normal BFGS step
   14    -189.7725458991      2.78e-09   Normal BFGS step
   15    -189.7725458991      1.38e-09   Normal BFGS step
   16    -189.7725458991      2.25e-09   Normal BFGS step
   17    -189.7725458991      1.04e-10   Normal BFGS step
   18    -189.7725458991      1.39e-10   Normal BFGS step
  GDM::WARNING energy changes are now smaller than effective accuracy.
  GDM::        calculation will continue, but THRESH should be increased
  GDM::        or SCF_CONVERGENCE decreased. 
  GDM::        effective_thresh = 3.13e-09
   19    -189.7725458991      3.07e-11  Convergence criterion met
 ---------------------------------------
 SCF time:   CPU 13.01s  wall 2.00s 
 SCF   energy =  -189.77254590
 Total energy =  -189.77254590
 Integrated density by DFT XC:
   Number of electrons = 24
   Numerical integral  =    23.999999974911
   Relative error      =     0.0000001045 %

 --------------------------------------------------------------

                    Orbital Energies (a.u.)
 --------------------------------------------------------------

 Alpha MOs
 -- Occupied --
-19.2049 -19.1433 -10.3258  -1.1222  -1.0311  -0.6626  -0.5167  -0.4937
 -0.4530  -0.4089  -0.3315  -0.2892
 -- Virtual --
  0.0003   0.0484   0.0948   0.2466   0.2625   0.4449   0.4636   0.5465
  0.5663   0.6372   0.7260   0.8584   0.9072   0.9374   0.9624   1.0032
  1.0711   1.0963   1.1687   1.3330   1.3646   1.4880   1.5978   1.6694
  1.7086   1.7473   1.8736   2.0297   2.2405   2.3302   2.6048   2.6986
  2.8132   2.8896   3.1008   3.1286   3.1493   3.4226   3.4782   3.6360
 --------------------------------------------------------------

          Ground-State Mulliken Net Atomic Charges

     Atom                 Charge (a.u.)
  ----------------------------------------
      1 C                     0.216540
      2 O                    -0.151991
      3 O                    -0.237702
      4 H                     0.017288
      5 H                     0.155864
  ----------------------------------------
  Sum of atomic charges =     0.000000

 -----------------------------------------------------------------
                    Cartesian Multipole Moments
 -----------------------------------------------------------------
    Charge (ESU x 10^10)
                 0.0000
    Dipole Moment (Debye)
         X       0.1746      Y      -0.0987      Z      -1.4320
       Tot       1.4460
    Quadrupole Moments (Debye-Ang)
        XX     -13.2404     XY       0.0595     YY     -16.6980
        XZ      -0.6889     YZ      -1.4012     ZZ     -27.1689
    Octopole Moments (Debye-Ang^2)
       XXX      12.4182    XXY      -4.3047    XYY       4.3800
       YYY     -15.4513    XXZ     -30.8509    XYZ      -0.0856
       YYZ     -36.6731    XZZ       2.3265    YZZ     -12.2888
       ZZZ    -157.8550
    Hexadecapole Moments (Debye-Ang^3)
      XXXX     -34.5945   XXXY       4.2388   XXYY     -10.7400
      XYYY       4.4292   YYYY     -23.9735   XXXZ      29.5153
      XXYZ     -11.8803   XYYZ      10.7203   YYYZ     -39.6237
      XXZZ     -93.1147   XYZZ       1.4319   YYZZ    -101.2273
      XZZZ      29.9158   YZZZ     -68.4620   ZZZZ    -763.1839
 -----------------------------------------------------------------
 Eng[5,2] = -1.89772546e+02
 points done 34/90
 CoordNormalMode -5 , -3 , 0
 ----------------------------------------------------------------
             Standard Nuclear Orientation (Angstroms)
    I     Atom           X                Y                Z
 ----------------------------------------------------------------
    1      C      -0.6489793582     0.3256401279     2.2463180334
    2      O       0.0238842525     0.1542319953     1.0766819633
    3      O      -0.1145203912     0.4740397363     3.3120358830
    4      H      -1.7372626679     0.2156352527     2.0436635793
    5      H       0.9852163772     0.1882845713     1.2442813937
 ----------------------------------------------------------------
 Nuclear Repulsion Energy =          69.75402413 hartrees
 There are       12 alpha and       12 beta electrons

                       Distance Matrix (Angstroms)
             C (  1)   O (  2)   O (  3)   H (  4)
   O (  2)  1.360211
   O (  3)  1.201426  2.262353
   H (  4)  1.112443  2.010090  2.075773
   H (  5)  1.921858  0.976426  2.359382  2.837543

 Requested basis set is cc-pVDZ
 There are 24 shells and 52 basis functions
 A cutoff of  1.0D-14 yielded    299 shell pairs
 There are      1431 function pairs (      1608 Cartesian)
 Smallest overlap matrix eigenvalue = 1.39E-02
 Guess MOs from SCF MO coefficient file

 -----------------------------------------------------------------------
  General SCF calculation program by
  Eric Jon Sundstrom, Paul Horn, Yuezhi Mao, Dmitri Zuev, Alec White,
  David Stuck, Shaama M.S., Shane Yost, Joonho Lee, David Small,
  Daniel Levine, Susi Lehtola, Hugh Burton, Evgeny Epifanovsky,
  Bang C. Huynh
 -----------------------------------------------------------------------
 Exchange:     0.2000 Hartree-Fock + 0.0800 Slater + 0.7200 B88
 Correlation:  0.1900 VWN1RPA + 0.8100 LYP
 Using Euler-Maclaurin-Lebedev (99,590) quadrature formula
Added inc_jk
Added qchem_hcore
Added xc
Added P-dependent contribution
 A restricted SCF calculation will be
 performed using GDM
 SCF converges when RMS gradient is below 1.0e-10
 User-specified cutoff of 10e-14
 used for neglect of 2-electron integrals.
 A cutoff of 10e-14
 used for neglect of overlap integrals.
 Incremental Fock algorithm is on at the start.
 ---------------------------------------
  Cycle       Energy        RMS Gradient
 ---------------------------------------
    1    -189.7698507351      1.16e-02   Normal BFGS step
    2    -189.7723359555      3.66e-03   Normal BFGS step
    3    -189.7722901487      9.70e-03  Line search: overstep
    4    -189.7723678046      8.24e-04   Normal BFGS step
    5    -189.7723737118      1.16e-03   Normal BFGS step
    6    -189.7723768412      1.76e-04   Normal BFGS step
    7    -189.7723769367      1.57e-04   Normal BFGS step
    8    -189.7723770067      5.85e-05   Normal BFGS step
    9    -189.7723770105      2.84e-05   Normal BFGS step
   10    -189.7723770166      1.51e-06   Normal BFGS step
   11    -189.7723770167      4.14e-07   Normal BFGS step
   12    -189.7723770167      4.68e-08   Normal BFGS step
   13    -189.7723770167      9.46e-09   Normal BFGS step
   14    -189.7723770167      3.09e-09   Normal BFGS step
   15    -189.7723770167      7.19e-09   Normal BFGS step
   16    -189.7723770167      1.55e-09   Normal BFGS step
   17    -189.7723770167      2.92e-10   Normal BFGS step
   18    -189.7723770167      1.47e-10   Normal BFGS step
   19    -189.7723770167      1.33e-10   Normal BFGS step
   20    -189.7723770167      1.11e-11  Convergence criterion met
 ---------------------------------------
 SCF time:   CPU 13.74s  wall 2.00s 
 SCF   energy =  -189.77237702
 Total energy =  -189.77237702
 Integrated density by DFT XC:
   Number of electrons = 24
   Numerical integral  =    23.999999985803
   Relative error      =     0.0000000592 %

 --------------------------------------------------------------

                    Orbital Energies (a.u.)
 --------------------------------------------------------------

 Alpha MOs
 -- Occupied --
-19.1949 -19.1453 -10.3279  -1.1096  -1.0272  -0.6638  -0.5174  -0.4853
 -0.4458  -0.4032  -0.3286  -0.2899
 -- Virtual --
 -0.0035   0.0504   0.0923   0.2441   0.2539   0.4470   0.4643   0.5260
  0.5799   0.6375   0.7258   0.8577   0.9123   0.9470   0.9657   1.0267
  1.0908   1.0947   1.1579   1.3474   1.3668   1.4919   1.5569   1.6564
  1.7026   1.7353   1.8675   2.0421   2.2756   2.3138   2.6009   2.6853
  2.8315   2.8688   3.0262   3.1242   3.1411   3.4355   3.4925   3.6441
 --------------------------------------------------------------

          Ground-State Mulliken Net Atomic Charges

     Atom                 Charge (a.u.)
  ----------------------------------------
      1 C                     0.222602
      2 O                    -0.180353
      3 O                    -0.226883
      4 H                     0.027314
      5 H                     0.157320
  ----------------------------------------
  Sum of atomic charges =     0.000000

 -----------------------------------------------------------------
                    Cartesian Multipole Moments
 -----------------------------------------------------------------
    Charge (ESU x 10^10)
                 0.0000
    Dipole Moment (Debye)
         X       0.1166      Y      -0.2103      Z      -1.3840
       Tot       1.4047
    Quadrupole Moments (Debye-Ang)
        XX     -12.8956     XY      -0.0710     YY     -16.7674
        XZ      -1.0197     YZ      -1.5161     ZZ     -26.8548
    Octopole Moments (Debye-Ang^2)
       XXX      12.3089    XXY      -4.4660    XYY       4.3359
       YYY     -15.3617    XXZ     -30.3867    XYZ      -0.2747
       YYZ     -36.6642    XZZ       1.5783    YZZ     -12.2729
       ZZZ    -156.3278
    Hexadecapole Moments (Debye-Ang^3)
      XXXX     -34.4824   XXXY       4.2868   XXYY     -10.9612
      XYYY       4.3280   YYYY     -23.9004   XXXZ      29.3421
      XXYZ     -12.1738   XYYZ      10.7489   YYYZ     -39.3880
      XXZZ     -92.5143   XYZZ       1.1457   YYZZ    -100.9787
      XZZZ      28.8767   YZZZ     -67.8297   ZZZZ    -757.4422
 -----------------------------------------------------------------
 Eng[-5,-3] = -1.89772377e+02
 points done 35/90
 CoordNormalMode 5 , 3 , 0
 ----------------------------------------------------------------
             Standard Nuclear Orientation (Angstroms)
    I     Atom           X                Y                Z
 ----------------------------------------------------------------
    1      C      -0.6275647427     0.3017404363     2.2365239944
    2      O       0.0136659490     0.1575917082     1.0757124495
    3      O      -0.1194680669     0.4801962097     3.3136915161
    4      H      -1.7239896114     0.3213693970     2.0603928797
    5      H       0.9576582596     0.2160905652     1.3332783076
 ----------------------------------------------------------------
 Nuclear Repulsion Energy =          70.24230274 hartrees
 There are       12 alpha and       12 beta electrons

                       Distance Matrix (Angstroms)
             C (  1)   O (  2)   O (  3)   H (  4)
   O (  2)  1.333956
   O (  3)  1.204283  2.265027
   H (  4)  1.110655  2.003962  2.042174
   H (  5)  1.826505  0.980247  2.269799  2.780470

 Requested basis set is cc-pVDZ
 There are 24 shells and 52 basis functions
 A cutoff of  1.0D-14 yielded    299 shell pairs
 There are      1431 function pairs (      1608 Cartesian)
 Smallest overlap matrix eigenvalue = 1.34E-02
 Guess MOs from SCF MO coefficient file

 -----------------------------------------------------------------------
  General SCF calculation program by
  Eric Jon Sundstrom, Paul Horn, Yuezhi Mao, Dmitri Zuev, Alec White,
  David Stuck, Shaama M.S., Shane Yost, Joonho Lee, David Small,
  Daniel Levine, Susi Lehtola, Hugh Burton, Evgeny Epifanovsky,
  Bang C. Huynh
 -----------------------------------------------------------------------
 Exchange:     0.2000 Hartree-Fock + 0.0800 Slater + 0.7200 B88
 Correlation:  0.1900 VWN1RPA + 0.8100 LYP
 Using Euler-Maclaurin-Lebedev (99,590) quadrature formula
Added inc_jk
Added qchem_hcore
Added xc
Added P-dependent contribution
 A restricted SCF calculation will be
 performed using GDM
 SCF converges when RMS gradient is below 1.0e-10
 User-specified cutoff of 10e-14
 used for neglect of 2-electron integrals.
 A cutoff of 10e-14
 used for neglect of overlap integrals.
 Incremental Fock algorithm is on at the start.
 ---------------------------------------
  Cycle       Energy        RMS Gradient
 ---------------------------------------
    1    -189.7695193641      1.09e-02   Normal BFGS step
    2    -189.7722971171      5.26e-03   Normal BFGS step
    3    -189.7722040119      1.31e-02  Line search: overstep
    4    -189.7723374380      9.46e-04   Normal BFGS step
    5    -189.7723470342      5.95e-04   Normal BFGS step
    6    -189.7723484503      1.89e-04   Normal BFGS step
    7    -189.7723485206      1.84e-04   Normal BFGS step
    8    -189.7723485858      3.32e-05   Normal BFGS step
    9    -189.7723485911      1.74e-05   Normal BFGS step
   10    -189.7723485936      3.11e-06   Normal BFGS step
   11    -189.7723485937      1.20e-06   Normal BFGS step
   12    -189.7723485937      6.25e-08   Normal BFGS step
   13    -189.7723485937      1.99e-08   Normal BFGS step
   14    -189.7723485937      4.74e-09   Normal BFGS step
   15    -189.7723485937      9.91e-09   Normal BFGS step
   16    -189.7723485937      2.46e-09   Normal BFGS step
   17    -189.7723485937      4.18e-10   Normal BFGS step
   18    -189.7723485937      2.33e-10   Normal BFGS step
   19    -189.7723485937      2.52e-10   Normal BFGS step
  GDM::WARNING energy changes are now smaller than effective accuracy.
  GDM::        calculation will continue, but THRESH should be increased
  GDM::        or SCF_CONVERGENCE decreased. 
  GDM::        effective_thresh = 5.09e-09
   20    -189.7723485937      1.34e-11  Convergence criterion met
 ---------------------------------------
 SCF time:   CPU 13.73s  wall 2.00s 
 SCF   energy =  -189.77234859
 Total energy =  -189.77234859
 Integrated density by DFT XC:
   Number of electrons = 24
   Numerical integral  =    23.999999972159
   Relative error      =     0.0000001160 %

 --------------------------------------------------------------

                    Orbital Energies (a.u.)
 --------------------------------------------------------------

 Alpha MOs
 -- Occupied --
-19.2049 -19.1434 -10.3259  -1.1224  -1.0313  -0.6627  -0.5165  -0.4937
 -0.4531  -0.4089  -0.3316  -0.2892
 -- Virtual --
 -0.0003   0.0490   0.0947   0.2467   0.2626   0.4448   0.4637   0.5465
  0.5660   0.6374   0.7258   0.8583   0.9071   0.9372   0.9634   1.0021
  1.0709   1.0965   1.1676   1.3305   1.3683   1.4889   1.5952   1.6689
  1.7092   1.7474   1.8737   2.0319   2.2396   2.3280   2.6050   2.6977
  2.8133   2.8904   3.0921   3.1346   3.1506   3.4217   3.4779   3.6373
 --------------------------------------------------------------

          Ground-State Mulliken Net Atomic Charges

     Atom                 Charge (a.u.)
  ----------------------------------------
      1 C                     0.215640
      2 O                    -0.150822
      3 O                    -0.237586
      4 H                     0.017851
      5 H                     0.154917
  ----------------------------------------
  Sum of atomic charges =     0.000000

 -----------------------------------------------------------------
                    Cartesian Multipole Moments
 -----------------------------------------------------------------
    Charge (ESU x 10^10)
                 0.0000
    Dipole Moment (Debye)
         X       0.1793      Y      -0.1914      Z      -1.4177
       Tot       1.4418
    Quadrupole Moments (Debye-Ang)
        XX     -13.2409     XY      -0.0570     YY     -16.7448
        XZ      -0.6642     YZ      -1.5331     ZZ     -27.1251
    Octopole Moments (Debye-Ang^2)
       XXX      12.4376    XXY      -4.2797    XYY       4.3274
       YYY     -15.4430    XXZ     -30.8599    XYZ      -0.2461
       YYZ     -36.7353    XZZ       2.3900    YZZ     -12.4514
       ZZZ    -157.7637
    Hexadecapole Moments (Debye-Ang^3)
      XXXX     -34.6223   XXXY       4.0205   XXYY     -10.7238
      XYYY       4.4980   YYYY     -23.9419   XXXZ      29.5837
      XXYZ     -11.7824   XYYZ      10.6434   YYYZ     -39.5741
      XXZZ     -93.1657   XYZZ       1.2403   YYZZ    -101.2941
      XZZZ      30.0400   YZZZ     -68.5732   ZZZZ    -763.0524
 -----------------------------------------------------------------
 Eng[5,3] = -1.89772349e+02
 points done 36/90
 CoordNormalMode -5 , -4 , 0
 ----------------------------------------------------------------
             Standard Nuclear Orientation (Angstroms)
    I     Atom           X                Y                Z
 ----------------------------------------------------------------
    1      C      -0.6583285868     0.3153247074     2.2549878705
    2      O       0.0301419854     0.1540067789     1.0617436322
    3      O      -0.1126317678     0.4777775705     3.3169336939
    4      H      -1.7504078629     0.2697370635     2.0627624271
    5      H       0.9803927765     0.2012585988     1.2813022977
 ----------------------------------------------------------------
 Nuclear Repulsion Energy =          69.20484420 hartrees
 There are       12 alpha and       12 beta electrons

                       Distance Matrix (Angstroms)
             C (  1)   O (  2)   O (  3)   H (  4)
   O (  2)  1.387028
   O (  3)  1.204950  2.282782
   H (  4)  1.109804  2.045920  2.073291
   H (  5)  1.909576  0.976430  2.327007  2.841239

 Requested basis set is cc-pVDZ
 There are 24 shells and 52 basis functions
 A cutoff of  1.0D-14 yielded    299 shell pairs
 There are      1431 function pairs (      1608 Cartesian)
 Smallest overlap matrix eigenvalue = 1.42E-02
 Guess MOs from SCF MO coefficient file

 -----------------------------------------------------------------------
  General SCF calculation program by
  Eric Jon Sundstrom, Paul Horn, Yuezhi Mao, Dmitri Zuev, Alec White,
  David Stuck, Shaama M.S., Shane Yost, Joonho Lee, David Small,
  Daniel Levine, Susi Lehtola, Hugh Burton, Evgeny Epifanovsky,
  Bang C. Huynh
 -----------------------------------------------------------------------
 Exchange:     0.2000 Hartree-Fock + 0.0800 Slater + 0.7200 B88
 Correlation:  0.1900 VWN1RPA + 0.8100 LYP
 Using Euler-Maclaurin-Lebedev (99,590) quadrature formula
Added inc_jk
Added qchem_hcore
Added xc
Added P-dependent contribution
 A restricted SCF calculation will be
 performed using GDM
 SCF converges when RMS gradient is below 1.0e-10
 User-specified cutoff of 10e-14
 used for neglect of 2-electron integrals.
 A cutoff of 10e-14
 used for neglect of overlap integrals.
 Incremental Fock algorithm is on at the start.
 ---------------------------------------
  Cycle       Energy        RMS Gradient
 ---------------------------------------
    1    -189.7695140889      1.16e-02   Normal BFGS step
    2    -189.7719278845      5.84e-03   Normal BFGS step
    3    -189.7718072809      1.53e-02  Line search: overstep
    4    -189.7720053238      1.01e-03   Normal BFGS step
    5    -189.7720100942      2.11e-03   Normal BFGS step
    6    -189.7720202130      1.84e-04   Normal BFGS step
    7    -189.7720203684      1.69e-04   Normal BFGS step
    8    -189.7720204236      8.47e-05   Normal BFGS step
    9    -189.7720204338      2.58e-05   Normal BFGS step
   10    -189.7720204400      2.79e-06   Normal BFGS step
   11    -189.7720204400      4.22e-07   Normal BFGS step
   12    -189.7720204400      9.37e-08   Normal BFGS step
   13    -189.7720204400      2.21e-08   Normal BFGS step
   14    -189.7720204400      3.38e-09   Normal BFGS step
   15    -189.7720204400      5.67e-09   Normal BFGS step
   16    -189.7720204400      3.66e-09   Normal BFGS step
   17    -189.7720204400      4.93e-10   Normal BFGS step
  GDM::WARNING energy changes are now smaller than effective accuracy.
  GDM::        calculation will continue, but THRESH should be increased
  GDM::        or SCF_CONVERGENCE decreased. 
  GDM::        effective_thresh = 3.71e-09
   18    -189.7720204400      1.08e-10   Normal BFGS step
   19    -189.7720204400      5.71e-11  Convergence criterion met
 ---------------------------------------
 SCF time:   CPU 13.07s  wall 1.00s 
 SCF   energy =  -189.77202044
 Total energy =  -189.77202044
 Integrated density by DFT XC:
   Number of electrons = 24
   Numerical integral  =    23.999999984293
   Relative error      =     0.0000000654 %

 --------------------------------------------------------------

                    Orbital Energies (a.u.)
 --------------------------------------------------------------

 Alpha MOs
 -- Occupied --
-19.1935 -19.1498 -10.3307  -1.1039  -1.0255  -0.6571  -0.5146  -0.4866
 -0.4418  -0.4079  -0.3286  -0.2922
 -- Virtual --
 -0.0087   0.0527   0.0898   0.2360   0.2418   0.4475   0.4605   0.5326
  0.5768   0.6326   0.7227   0.8556   0.9112   0.9561   0.9635   1.0223
  1.0794   1.0933   1.1596   1.3507   1.3512   1.4761   1.5634   1.6470
  1.7022   1.7259   1.8691   2.0448   2.2609   2.3137   2.5979   2.6831
  2.8319   2.8634   3.0391   3.1042   3.1065   3.4238   3.4674   3.6358
 --------------------------------------------------------------

          Ground-State Mulliken Net Atomic Charges

     Atom                 Charge (a.u.)
  ----------------------------------------
      1 C                     0.230722
      2 O                    -0.196273
      3 O                    -0.225372
      4 H                     0.033335
      5 H                     0.157589
  ----------------------------------------
  Sum of atomic charges =     0.000000

 -----------------------------------------------------------------
                    Cartesian Multipole Moments
 -----------------------------------------------------------------
    Charge (ESU x 10^10)
                -0.0000
    Dipole Moment (Debye)
         X      -0.0047      Y      -0.1749      Z      -1.2090
       Tot       1.2216
    Quadrupole Moments (Debye-Ang)
        XX     -12.7997     XY      -0.1100     YY     -16.7943
        XZ      -1.1876     YZ      -1.4218     ZZ     -26.2860
    Octopole Moments (Debye-Ang^2)
       XXX      11.9656    XXY      -4.2897    XYY       4.3191
       YYY     -15.4074    XXZ     -30.0336    XYZ      -0.3647
       YYZ     -36.6837    XZZ       1.2012    YZZ     -12.0473
       ZZZ    -154.7957
    Hexadecapole Moments (Debye-Ang^3)
      XXXX     -34.3176   XXXY       4.0715   XXYY     -10.9533
      XYYY       4.4525   YYYY     -23.9753   XXXZ      28.8946
      XXYZ     -11.8252   XYYZ      10.7854   YYYZ     -39.5185
      XXZZ     -91.8565   XYZZ       0.9736   YYZZ    -101.1808
      XZZZ      28.0368   YZZZ     -67.3674   ZZZZ    -754.6871
 -----------------------------------------------------------------
 Eng[-5,-4] = -1.89772020e+02
 points done 37/90
 CoordNormalMode 5 , 4 , 0
 ----------------------------------------------------------------
             Standard Nuclear Orientation (Angstroms)
    I     Atom           X                Y                Z
 ----------------------------------------------------------------
    1      C      -0.6182155141     0.3120558568     2.2278541573
    2      O       0.0074082161     0.1578169246     1.0906507805
    3      O      -0.1213566903     0.4764583755     3.3087937052
    4      H      -1.7108444164     0.2672675862     2.0412940320
    5      H       0.9624818603     0.2031165378     1.2962574035
 ----------------------------------------------------------------
 Nuclear Repulsion Energy =          70.84314970 hartrees
 There are       12 alpha and       12 beta electrons

                       Distance Matrix (Angstroms)
             C (  1)   O (  2)   O (  3)   H (  4)
   O (  2)  1.307068
   O (  3)  1.200969  2.244609
   H (  4)  1.109346  1.966747  2.043719
   H (  5)  1.838027  0.978004  2.302113  2.775945

 Requested basis set is cc-pVDZ
 There are 24 shells and 52 basis functions
 A cutoff of  1.0D-14 yielded    299 shell pairs
 There are      1431 function pairs (      1608 Cartesian)
 Smallest overlap matrix eigenvalue = 1.31E-02
 Guess MOs from SCF MO coefficient file

 -----------------------------------------------------------------------
  General SCF calculation program by
  Eric Jon Sundstrom, Paul Horn, Yuezhi Mao, Dmitri Zuev, Alec White,
  David Stuck, Shaama M.S., Shane Yost, Joonho Lee, David Small,
  Daniel Levine, Susi Lehtola, Hugh Burton, Evgeny Epifanovsky,
  Bang C. Huynh
 -----------------------------------------------------------------------
 Exchange:     0.2000 Hartree-Fock + 0.0800 Slater + 0.7200 B88
 Correlation:  0.1900 VWN1RPA + 0.8100 LYP
 Using Euler-Maclaurin-Lebedev (99,590) quadrature formula
Added inc_jk
Added qchem_hcore
Added xc
Added P-dependent contribution
 A restricted SCF calculation will be
 performed using GDM
 SCF converges when RMS gradient is below 1.0e-10
 User-specified cutoff of 10e-14
 used for neglect of 2-electron integrals.
 A cutoff of 10e-14
 used for neglect of overlap integrals.
 Incremental Fock algorithm is on at the start.
 ---------------------------------------
  Cycle       Energy        RMS Gradient
 ---------------------------------------
    1    -189.7675538272      1.59e-02   Normal BFGS step
    2    -189.7714979525      1.22e-02   Normal BFGS step
    3    -189.7712326369      2.60e-02  Line search: overstep
    4    -189.7717678339      1.94e-03   Normal BFGS step
    5    -189.7717820180      3.62e-03   Normal BFGS step
    6    -189.7718152537      3.06e-04   Normal BFGS step
    7    -189.7718156886      3.11e-04   Normal BFGS step
    8    -189.7718158399      1.35e-04   Normal BFGS step
    9    -189.7718158731      3.03e-05   Normal BFGS step
   10    -189.7718158846      5.26e-06   Normal BFGS step
   11    -189.7718158847      7.56e-07   Normal BFGS step
   12    -189.7718158847      1.43e-07   Normal BFGS step
   13    -189.7718158847      3.73e-08   Normal BFGS step
   14    -189.7718158847      3.61e-09   Normal BFGS step
   15    -189.7718158847      6.12e-09   Normal BFGS step
   16    -189.7718158847      2.82e-09   Normal BFGS step
   17    -189.7718158847      3.50e-10   Normal BFGS step
   18    -189.7718158847      1.56e-10   Normal BFGS step
   19    -189.7718158847      5.92e-11  Convergence criterion met
 ---------------------------------------
 SCF time:   CPU 13.03s  wall 2.00s 
 SCF   energy =  -189.77181588
 Total energy =  -189.77181588
 Integrated density by DFT XC:
   Number of electrons = 24
   Numerical integral  =    24.000000030466
   Relative error      =     0.0000001269 %

 --------------------------------------------------------------

                    Orbital Energies (a.u.)
 --------------------------------------------------------------

 Alpha MOs
 -- Occupied --
-19.2064 -19.1385 -10.3227  -1.1306  -1.0317  -0.6716  -0.5203  -0.4917
 -0.4583  -0.4045  -0.3307  -0.2865
 -- Virtual --
  0.0069   0.0464   0.0973   0.2503   0.2765   0.4441   0.4703   0.5430
  0.5730   0.6419   0.7290   0.8607   0.9071   0.9303   0.9661   1.0079
  1.0799   1.0969   1.1695   1.3450   1.3652   1.5046   1.5900   1.6764
  1.7098   1.7559   1.8791   2.0326   2.2651   2.3281   2.6076   2.7016
  2.8142   2.8966   3.0908   3.1517   3.1887   3.4389   3.5061   3.6496
 --------------------------------------------------------------

          Ground-State Mulliken Net Atomic Charges

     Atom                 Charge (a.u.)
  ----------------------------------------
      1 C                     0.206922
      2 O                    -0.130521
      3 O                    -0.239870
      4 H                     0.010044
      5 H                     0.153426
  ----------------------------------------
  Sum of atomic charges =     0.000000

 -----------------------------------------------------------------
                    Cartesian Multipole Moments
 -----------------------------------------------------------------
    Charge (ESU x 10^10)
                -0.0000
    Dipole Moment (Debye)
         X       0.2957      Y      -0.2263      Z      -1.5980
       Tot       1.6408
    Quadrupole Moments (Debye-Ang)
        XX     -13.3176     XY      -0.0212     YY     -16.7161
        XZ      -0.5031     YZ      -1.6337     ZZ     -27.7210
    Octopole Moments (Debye-Ang^2)
       XXX      12.7367    XXY      -4.4411    XYY       4.3463
       YYY     -15.3968    XXZ     -31.1673    XYZ      -0.1618
       YYZ     -36.7220    XZZ       2.7388    YZZ     -12.7018
       ZZZ    -159.3866
    Hexadecapole Moments (Debye-Ang^3)
      XXXX     -34.6826   XXXY       4.2053   XXYY     -10.7296
      XYYY       4.3715   YYYY     -23.8190   XXXZ      29.9497
      XXYZ     -12.1084   XYYZ      10.6164   YYYZ     -39.4489
      XXZZ     -93.7241   XYZZ       1.4023   YYZZ    -101.1207
      XZZZ      30.7876   YZZZ     -69.1093   ZZZZ    -766.0988
 -----------------------------------------------------------------
 Eng[5,4] = -1.89771816e+02
 points done 38/90
 CoordNormalMode -6 , -1 , 0
 ----------------------------------------------------------------
             Standard Nuclear Orientation (Angstroms)
    I     Atom           X                Y                Z
 ----------------------------------------------------------------
    1      C      -0.6515644257     0.3132344055     2.2398030869
    2      O       0.0195169599     0.1572928048     1.0856208587
    3      O      -0.1067382170     0.4759602847     3.3036812720
    4      H      -1.7367621635     0.2617317028     2.0060076347
    5      H       0.9612993114     0.2108428528     1.3502363389
 ----------------------------------------------------------------
 Nuclear Repulsion Energy =          70.17442536 hartrees
 There are       12 alpha and       12 beta electrons

                       Distance Matrix (Angstroms)
             C (  1)   O (  2)   O (  3)   H (  4)
   O (  2)  1.344174
   O (  3)  1.206297  2.244389
   H (  4)  1.111291  1.985582  2.094476
   H (  5)  1.844761  0.979716  2.242084  2.777078

 Requested basis set is cc-pVDZ
 There are 24 shells and 52 basis functions
 A cutoff of  1.0D-14 yielded    299 shell pairs
 There are      1431 function pairs (      1608 Cartesian)
 Smallest overlap matrix eigenvalue = 1.34E-02
 Guess MOs from SCF MO coefficient file

 -----------------------------------------------------------------------
  General SCF calculation program by
  Eric Jon Sundstrom, Paul Horn, Yuezhi Mao, Dmitri Zuev, Alec White,
  David Stuck, Shaama M.S., Shane Yost, Joonho Lee, David Small,
  Daniel Levine, Susi Lehtola, Hugh Burton, Evgeny Epifanovsky,
  Bang C. Huynh
 -----------------------------------------------------------------------
 Exchange:     0.2000 Hartree-Fock + 0.0800 Slater + 0.7200 B88
 Correlation:  0.1900 VWN1RPA + 0.8100 LYP
 Using Euler-Maclaurin-Lebedev (99,590) quadrature formula
Added inc_jk
Added qchem_hcore
Added xc
Added P-dependent contribution
 A restricted SCF calculation will be
 performed using GDM
 SCF converges when RMS gradient is below 1.0e-10
 User-specified cutoff of 10e-14
 used for neglect of 2-electron integrals.
 A cutoff of 10e-14
 used for neglect of overlap integrals.
 Incremental Fock algorithm is on at the start.
 ---------------------------------------
  Cycle       Energy        RMS Gradient
 ---------------------------------------
    1    -189.7702699587      1.61e-02   Normal BFGS step
    2    -189.7724557687      8.65e-03   Normal BFGS step
    3    -189.7722456952      2.02e-02  Line search: overstep
    4    -189.7725735589      1.23e-03   Normal BFGS step
    5    -189.7725824224      1.85e-03   Normal BFGS step
    6    -189.7725933356      3.14e-04   Normal BFGS step
    7    -189.7725934817      3.26e-04   Normal BFGS step
    8    -189.7725936272      7.86e-05   Normal BFGS step
    9    -189.7725936453      2.20e-05   Normal BFGS step
   10    -189.7725936524      3.14e-06   Normal BFGS step
   11    -189.7725936524      4.15e-07   Normal BFGS step
   12    -189.7725936524      1.01e-07   Normal BFGS step
   13    -189.7725936524      1.73e-08   Normal BFGS step
   14    -189.7725936524      3.15e-09   Normal BFGS step
   15    -189.7725936524      6.18e-09   Normal BFGS step
   16    -189.7725936524      1.22e-10   Normal BFGS step
   17    -189.7725936524      5.34e-11  Convergence criterion met
 ---------------------------------------
 SCF time:   CPU 11.76s  wall 1.00s 
 SCF   energy =  -189.77259365
 Total energy =  -189.77259365
 Integrated density by DFT XC:
   Number of electrons = 24
   Numerical integral  =    23.999999943791
   Relative error      =     0.0000002342 %

 --------------------------------------------------------------

                    Orbital Energies (a.u.)
 --------------------------------------------------------------

 Alpha MOs
 -- Occupied --
-19.1991 -19.1452 -10.3276  -1.1183  -1.0270  -0.6632  -0.5135  -0.4909
 -0.4500  -0.4093  -0.3291  -0.2910
 -- Virtual --
 -0.0031   0.0524   0.0912   0.2424   0.2588   0.4451   0.4620   0.5459
  0.5674   0.6360   0.7244   0.8570   0.9120   0.9439   0.9621   1.0092
  1.0679   1.0971   1.1634   1.3357   1.3430   1.4813   1.6017   1.6613
  1.7071   1.7437   1.8689   2.0366   2.2684   2.3216   2.6021   2.6919
  2.8220   2.8879   3.0589   3.1211   3.1367   3.4327   3.4875   3.6388
 --------------------------------------------------------------

          Ground-State Mulliken Net Atomic Charges

     Atom                 Charge (a.u.)
  ----------------------------------------
      1 C                     0.220532
      2 O                    -0.162740
      3 O                    -0.237421
      4 H                     0.024870
      5 H                     0.154758
  ----------------------------------------
  Sum of atomic charges =     0.000000

 -----------------------------------------------------------------
                    Cartesian Multipole Moments
 -----------------------------------------------------------------
    Charge (ESU x 10^10)
                -0.0000
    Dipole Moment (Debye)
         X       0.0376      Y      -0.1947      Z      -1.3502
       Tot       1.3647
    Quadrupole Moments (Debye-Ang)
        XX     -13.0280     XY      -0.0666     YY     -16.7591
        XZ      -0.8558     YZ      -1.5094     ZZ     -26.8806
    Octopole Moments (Debye-Ang^2)
       XXX      12.1864    XXY      -4.3553    XYY       4.3376
       YYY     -15.4096    XXZ     -30.5106    XYZ      -0.2348
       YYZ     -36.7160    XZZ       2.1556    YZZ     -12.3332
       ZZZ    -156.8648
    Hexadecapole Moments (Debye-Ang^3)
      XXXX     -34.8858   XXXY       4.0897   XXYY     -10.9007
      XYYY       4.3502   YYYY     -23.8838   XXXZ      29.1072
      XXYZ     -11.9188   XYYZ      10.5740   YYYZ     -39.4050
      XXZZ     -92.5194   XYZZ       1.2523   YYZZ    -100.9387
      XZZZ      29.5700   YZZZ     -68.0189   ZZZZ    -758.3321
 -----------------------------------------------------------------
 Eng[-6,-1] = -1.89772594e+02
 points done 39/90
 CoordNormalMode 6 , 1 , 0
 ----------------------------------------------------------------
             Standard Nuclear Orientation (Angstroms)
    I     Atom           X                Y                Z
 ----------------------------------------------------------------
    1      C      -0.6249796752     0.3141461587     2.2430389409
    2      O       0.0180332417     0.1545308987     1.0667735541
    3      O      -0.1272502411     0.4782756613     3.3220461272
    4      H      -1.7244901158     0.2752729468     2.0980488244
    5      H       0.9815753254     0.1935322838     1.2273233623
 ----------------------------------------------------------------
 Nuclear Repulsion Energy =          69.82276111 hartrees
 There are       12 alpha and       12 beta electrons

                       Distance Matrix (Angstroms)
             C (  1)   O (  2)   O (  3)   H (  4)
   O (  2)  1.350016
   O (  3)  1.199554  2.283018
   H (  4)  1.109710  2.028422  2.022512
   H (  5)  1.904533  0.977605  2.387140  2.843877

 Requested basis set is cc-pVDZ
 There are 24 shells and 52 basis functions
 A cutoff of  1.0D-14 yielded    299 shell pairs
 There are      1431 function pairs (      1608 Cartesian)
 Smallest overlap matrix eigenvalue = 1.39E-02
 Guess MOs from SCF MO coefficient file

 -----------------------------------------------------------------------
  General SCF calculation program by
  Eric Jon Sundstrom, Paul Horn, Yuezhi Mao, Dmitri Zuev, Alec White,
  David Stuck, Shaama M.S., Shane Yost, Joonho Lee, David Small,
  Daniel Levine, Susi Lehtola, Hugh Burton, Evgeny Epifanovsky,
  Bang C. Huynh
 -----------------------------------------------------------------------
 Exchange:     0.2000 Hartree-Fock + 0.0800 Slater + 0.7200 B88
 Correlation:  0.1900 VWN1RPA + 0.8100 LYP
 Using Euler-Maclaurin-Lebedev (99,590) quadrature formula
Added inc_jk
Added qchem_hcore
Added xc
Added P-dependent contribution
 A restricted SCF calculation will be
 performed using GDM
 SCF converges when RMS gradient is below 1.0e-10
 User-specified cutoff of 10e-14
 used for neglect of 2-electron integrals.
 A cutoff of 10e-14
 used for neglect of overlap integrals.
 Incremental Fock algorithm is on at the start.
 ---------------------------------------
  Cycle       Energy        RMS Gradient
 ---------------------------------------
    1    -189.7698723748      1.76e-02   Normal BFGS step
    2    -189.7725281508      6.35e-03   Normal BFGS step
    3    -189.7723612685      1.61e-02  Line search: overstep
    4    -189.7725818871      9.67e-04   Normal BFGS step
    5    -189.7725910815      2.87e-04   Normal BFGS step
    6    -189.7725918368      1.62e-04   Normal BFGS step
    7    -189.7725918951      1.34e-04   Normal BFGS step
    8    -189.7725919318      2.99e-05   Normal BFGS step
    9    -189.7725919362      1.54e-05   Normal BFGS step
   10    -189.7725919377      2.52e-06   Normal BFGS step
   11    -189.7725919377      8.49e-07   Normal BFGS step
   12    -189.7725919377      6.00e-08   Normal BFGS step
   13    -189.7725919377      1.58e-08   Normal BFGS step
   14    -189.7725919377      5.76e-09   Normal BFGS step
   15    -189.7725919377      8.52e-09   Normal BFGS step
   16    -189.7725919377      6.61e-10   Normal BFGS step
   17    -189.7725919377      1.93e-10   Normal BFGS step
   18    -189.7725919377      7.35e-11  Convergence criterion met
 ---------------------------------------
 SCF time:   CPU 12.41s  wall 2.00s 
 SCF   energy =  -189.77259194
 Total energy =  -189.77259194
 Integrated density by DFT XC:
   Number of electrons = 24
   Numerical integral  =    24.000000013282
   Relative error      =     0.0000000553 %

 --------------------------------------------------------------

                    Orbital Energies (a.u.)
 --------------------------------------------------------------

 Alpha MOs
 -- Occupied --
-19.2008 -19.1431 -10.3260  -1.1129  -1.0317  -0.6637  -0.5201  -0.4875
 -0.4484  -0.4038  -0.3312  -0.2878
 -- Virtual --
  0.0007   0.0466   0.0955   0.2436   0.2613   0.4470   0.4673   0.5243
  0.5816   0.6381   0.7278   0.8591   0.9080   0.9410   0.9671   1.0209
  1.0909   1.0921   1.1649   1.3593   1.3715   1.4927   1.5545   1.6738
  1.7037   1.7359   1.8749   2.0363   2.2521   2.3165   2.6023   2.6885
  2.8233   2.8700   3.0736   3.1349   3.1471   3.4273   3.4880   3.6406
 --------------------------------------------------------------

          Ground-State Mulliken Net Atomic Charges

     Atom                 Charge (a.u.)
  ----------------------------------------
      1 C                     0.218742
      2 O                    -0.168897
      3 O                    -0.227945
      4 H                     0.020032
      5 H                     0.158069
  ----------------------------------------
  Sum of atomic charges =     0.000000

 -----------------------------------------------------------------
                    Cartesian Multipole Moments
 -----------------------------------------------------------------
    Charge (ESU x 10^10)
                 0.0000
    Dipole Moment (Debye)
         X       0.2552      Y      -0.2063      Z      -1.4565
       Tot       1.4930
    Quadrupole Moments (Debye-Ang)
        XX     -13.0992     XY      -0.0648     YY     -16.7600
        XZ      -0.8367     YZ      -1.5428     ZZ     -27.1123
    Octopole Moments (Debye-Ang^2)
       XXX      12.5375    XXY      -4.3794    XYY       4.3314
       YYY     -15.3996    XXZ     -30.7184    XYZ      -0.2919
       YYZ     -36.7004    XZZ       1.7877    YZZ     -12.4058
       ZZZ    -157.2731
    Hexadecapole Moments (Debye-Ang^3)
      XXXX     -34.1669   XXXY       4.1914   XXYY     -10.7904
      XYYY       4.4748   YYYY     -23.9250   XXXZ      29.7701
      XXYZ     -12.0189   XYYZ      10.8302   YYYZ     -39.5687
      XXZZ     -93.1009   XYZZ       1.1222   YYZZ    -101.3804
      XZZZ      29.2526   YZZZ     -68.4443   ZZZZ    -762.4204
 -----------------------------------------------------------------
 Eng[6,1] = -1.89772592e+02
 points done 40/90
 CoordNormalMode -6 , -2 , 0
 ----------------------------------------------------------------
             Standard Nuclear Orientation (Angstroms)
    I     Atom           X                Y                Z
 ----------------------------------------------------------------
    1      C      -0.6393460429     0.3091031024     2.2428801854
    2      O       0.0166982014     0.1605717341     1.0738184559
    3      O      -0.1142590462     0.4800221136     3.3156687994
    4      H      -1.7238363961     0.2517798509     2.0045354907
    5      H       0.9669879745     0.1534826285     1.3121321323
 ----------------------------------------------------------------
 Nuclear Repulsion Energy =          69.89658469 hartrees
 There are       12 alpha and       12 beta electrons

                       Distance Matrix (Angstroms)
             C (  1)   O (  2)   O (  3)   H (  4)
   O (  2)  1.348763
   O (  3)  1.206567  2.268279
   H (  4)  1.111851  1.975858  2.088517
   H (  5)  1.863013  0.979742  2.299974  2.780220

 Requested basis set is cc-pVDZ
 There are 24 shells and 52 basis functions
 A cutoff of  1.0D-14 yielded    299 shell pairs
 There are      1431 function pairs (      1608 Cartesian)
 Smallest overlap matrix eigenvalue = 1.37E-02
 Guess MOs from SCF MO coefficient file

 -----------------------------------------------------------------------
  General SCF calculation program by
  Eric Jon Sundstrom, Paul Horn, Yuezhi Mao, Dmitri Zuev, Alec White,
  David Stuck, Shaama M.S., Shane Yost, Joonho Lee, David Small,
  Daniel Levine, Susi Lehtola, Hugh Burton, Evgeny Epifanovsky,
  Bang C. Huynh
 -----------------------------------------------------------------------
 Exchange:     0.2000 Hartree-Fock + 0.0800 Slater + 0.7200 B88
 Correlation:  0.1900 VWN1RPA + 0.8100 LYP
 Using Euler-Maclaurin-Lebedev (99,590) quadrature formula
Added inc_jk
Added qchem_hcore
Added xc
Added P-dependent contribution
 A restricted SCF calculation will be
 performed using GDM
 SCF converges when RMS gradient is below 1.0e-10
 User-specified cutoff of 10e-14
 used for neglect of 2-electron integrals.
 A cutoff of 10e-14
 used for neglect of overlap integrals.
 Incremental Fock algorithm is on at the start.
 ---------------------------------------
  Cycle       Energy        RMS Gradient
 ---------------------------------------
    1    -189.7710606348      1.11e-02   Normal BFGS step
    2    -189.7726658133      6.52e-03   Normal BFGS step
    3    -189.7725107094      1.58e-02  Line search: overstep
    4    -189.7727171112      8.24e-04   Normal BFGS step
    5    -189.7727235709      4.28e-04   Normal BFGS step
    6    -189.7727250735      2.86e-04   Normal BFGS step
    7    -189.7727252101      2.25e-04   Normal BFGS step
    8    -189.7727252831      5.51e-05   Normal BFGS step
    9    -189.7727252958      1.63e-05   Normal BFGS step
   10    -189.7727252983      3.55e-06   Normal BFGS step
   11    -189.7727252983      9.45e-07   Normal BFGS step
   12    -189.7727252983      7.50e-08   Normal BFGS step
   13    -189.7727252983      2.41e-08   Normal BFGS step
   14    -189.7727252983      9.66e-09   Normal BFGS step
   15    -189.7727252983      9.94e-09   Normal BFGS step
   16    -189.7727252983      6.27e-10   Normal BFGS step
   17    -189.7727252983      3.40e-10   Normal BFGS step
   18    -189.7727252983      3.22e-11  Convergence criterion met
 ---------------------------------------
 SCF time:   CPU 12.41s  wall 2.00s 
 SCF   energy =  -189.77272530
 Total energy =  -189.77272530
 Integrated density by DFT XC:
   Number of electrons = 24
   Numerical integral  =    23.999999980130
   Relative error      =     0.0000000828 %

 --------------------------------------------------------------

                    Orbital Energies (a.u.)
 --------------------------------------------------------------

 Alpha MOs
 -- Occupied --
-19.2002 -19.1466 -10.3280  -1.1154  -1.0290  -0.6638  -0.5127  -0.4909
 -0.4491  -0.4082  -0.3304  -0.2915
 -- Virtual --
 -0.0033   0.0507   0.0921   0.2422   0.2570   0.4460   0.4632   0.5424
  0.5671   0.6331   0.7246   0.8567   0.9108   0.9443   0.9616   1.0106
  1.0753   1.0958   1.1623   1.3366   1.3425   1.4942   1.5870   1.6580
  1.7067   1.7486   1.8659   2.0376   2.2635   2.3158   2.6022   2.6895
  2.8211   2.8774   3.0665   3.1239   3.1366   3.4247   3.4795   3.6431
 --------------------------------------------------------------

          Ground-State Mulliken Net Atomic Charges

     Atom                 Charge (a.u.)
  ----------------------------------------
      1 C                     0.221771
      2 O                    -0.165997
      3 O                    -0.233792
      4 H                     0.022505
      5 H                     0.155513
  ----------------------------------------
  Sum of atomic charges =     0.000000

 -----------------------------------------------------------------
                    Cartesian Multipole Moments
 -----------------------------------------------------------------
    Charge (ESU x 10^10)
                 0.0000
    Dipole Moment (Debye)
         X       0.1311      Y      -0.3046      Z      -1.3817
       Tot       1.4210
    Quadrupole Moments (Debye-Ang)
        XX     -13.1300     XY      -0.1564     YY     -16.8095
        XZ      -0.7397     YZ      -1.6684     ZZ     -26.9715
    Octopole Moments (Debye-Ang^2)
       XXX      12.4005    XXY      -4.4935    XYY       4.3056
       YYY     -15.3687    XXZ     -30.8029    XYZ      -0.3355
       YYZ     -36.7718    XZZ       2.3669    YZZ     -12.5407
       ZZZ    -157.0682
    Hexadecapole Moments (Debye-Ang^3)
      XXXX     -34.7483   XXXY       4.0716   XXYY     -10.8902
      XYYY       4.3507   YYYY     -23.8814   XXXZ      29.6309
      XXYZ     -12.1964   XYYZ      10.5932   YYYZ     -39.4239
      XXZZ     -93.4361   XYZZ       1.1701   YYZZ    -101.2713
      XZZZ      30.2479   YZZZ     -68.3528   ZZZZ    -760.6200
 -----------------------------------------------------------------
 Eng[-6,-2] = -1.89772725e+02
 points done 41/90
 CoordNormalMode 6 , 2 , 0
 ----------------------------------------------------------------
             Standard Nuclear Orientation (Angstroms)
    I     Atom           X                Y                Z
 ----------------------------------------------------------------
    1      C      -0.6371980580     0.3182774619     2.2399618424
    2      O       0.0208520002     0.1512519694     1.0785759569
    3      O      -0.1197294119     0.4742138324     3.3100585997
    4      H      -1.7374158833     0.2852247988     2.0995209683
    5      H       0.9758866623     0.2508925081     1.2654275690
 ----------------------------------------------------------------
 Nuclear Repulsion Energy =          70.10001009 hartrees
 There are       12 alpha and       12 beta electrons

                       Distance Matrix (Angstroms)
             C (  1)   O (  2)   O (  3)   H (  4)
   O (  2)  1.345267
   O (  3)  1.198832  2.259111
   H (  4)  1.109637  2.037593  2.029292
   H (  5)  1.885815  0.978230  2.330400  2.838820

 Requested basis set is cc-pVDZ
 There are 24 shells and 52 basis functions
 A cutoff of  1.0D-14 yielded    299 shell pairs
 There are      1431 function pairs (      1608 Cartesian)
 Smallest overlap matrix eigenvalue = 1.37E-02
 Guess MOs from SCF MO coefficient file

 -----------------------------------------------------------------------
  General SCF calculation program by
  Eric Jon Sundstrom, Paul Horn, Yuezhi Mao, Dmitri Zuev, Alec White,
  David Stuck, Shaama M.S., Shane Yost, Joonho Lee, David Small,
  Daniel Levine, Susi Lehtola, Hugh Burton, Evgeny Epifanovsky,
  Bang C. Huynh
 -----------------------------------------------------------------------
 Exchange:     0.2000 Hartree-Fock + 0.0800 Slater + 0.7200 B88
 Correlation:  0.1900 VWN1RPA + 0.8100 LYP
 Using Euler-Maclaurin-Lebedev (99,590) quadrature formula
Added inc_jk
Added qchem_hcore
Added xc
Added P-dependent contribution
 A restricted SCF calculation will be
 performed using GDM
 SCF converges when RMS gradient is below 1.0e-10
 User-specified cutoff of 10e-14
 used for neglect of 2-electron integrals.
 A cutoff of 10e-14
 used for neglect of overlap integrals.
 Incremental Fock algorithm is on at the start.
 ---------------------------------------
  Cycle       Energy        RMS Gradient
 ---------------------------------------
    1    -189.7703735052      1.50e-02   Normal BFGS step
    2    -189.7726702322      6.55e-03   Normal BFGS step
    3    -189.7725153012      1.59e-02  Line search: overstep
    4    -189.7727277743      7.40e-04   Normal BFGS step
    5    -189.7727372431      4.40e-04   Normal BFGS step
    6    -189.7727389942      1.91e-04   Normal BFGS step
    7    -189.7727391381      3.69e-05   Normal BFGS step
    8    -189.7727391608      1.54e-05   Normal BFGS step
    9    -189.7727391613      2.32e-05   Normal BFGS step
   10    -189.7727391622      4.18e-06   Normal BFGS step
   11    -189.7727391622      1.17e-06   Normal BFGS step
   12    -189.7727391622      1.13e-07   Normal BFGS step
   13    -189.7727391622      2.15e-08   Normal BFGS step
   14    -189.7727391622      7.90e-09   Normal BFGS step
   15    -189.7727391622      1.15e-08   Normal BFGS step
   16    -189.7727391622      7.05e-10   Normal BFGS step
  GDM::WARNING energy changes are now smaller than effective accuracy.
  GDM::        calculation will continue, but THRESH should be increased
  GDM::        or SCF_CONVERGENCE decreased. 
  GDM::        effective_thresh = 3.66e-09
   17    -189.7727391622      2.58e-10   Normal BFGS step
   18    -189.7727391622      6.26e-11  Convergence criterion met
 ---------------------------------------
 SCF time:   CPU 12.40s  wall 1.00s 
 SCF   energy =  -189.77273916
 Total energy =  -189.77273916
 Integrated density by DFT XC:
   Number of electrons = 24
   Numerical integral  =    24.000000008083
   Relative error      =     0.0000000337 %

 --------------------------------------------------------------

                    Orbital Energies (a.u.)
 --------------------------------------------------------------

 Alpha MOs
 -- Occupied --
-19.1997 -19.1418 -10.3255  -1.1157  -1.0299  -0.6627  -0.5210  -0.4878
 -0.4496  -0.4044  -0.3299  -0.2876
 -- Virtual --
  0.0008   0.0479   0.0946   0.2494   0.2582   0.4462   0.4666   0.5288
  0.5806   0.6407   0.7273   0.8592   0.9089   0.9416   0.9667   1.0204
  1.0844   1.0934   1.1659   1.3538   1.3745   1.4827   1.5688   1.6717
  1.7032   1.7341   1.8756   2.0348   2.2597   2.3182   2.6029   2.6929
  2.8258   2.8815   3.0678   3.1276   3.1505   3.4370   3.4936   3.6346
 --------------------------------------------------------------

          Ground-State Mulliken Net Atomic Charges

     Atom                 Charge (a.u.)
  ----------------------------------------
      1 C                     0.216792
      2 O                    -0.165971
      3 O                    -0.230734
      4 H                     0.022107
      5 H                     0.157806
  ----------------------------------------
  Sum of atomic charges =     0.000000

 -----------------------------------------------------------------
                    Cartesian Multipole Moments
 -----------------------------------------------------------------
    Charge (ESU x 10^10)
                 0.0000
    Dipole Moment (Debye)
         X       0.1639      Y      -0.0947      Z      -1.4216
       Tot       1.4341
    Quadrupole Moments (Debye-Ang)
        XX     -13.0071     XY       0.0287     YY     -16.6971
        XZ      -0.9446     YZ      -1.3864     ZZ     -27.0170
    Octopole Moments (Debye-Ang^2)
       XXX      12.3442    XXY      -4.2390    XYY       4.3746
       YYY     -15.4313    XXZ     -30.4335    XYZ      -0.1930
       YYZ     -36.6269    XZZ       1.5833    YZZ     -12.2025
       ZZZ    -157.0423
    Hexadecapole Moments (Debye-Ang^3)
      XXXX     -34.3436   XXXY       4.2194   XXYY     -10.7914
      XYYY       4.4829   YYYY     -23.9383   XXXZ      29.2820
      XXYZ     -11.7406   XYYZ      10.8240   YYYZ     -39.5303
      XXZZ     -92.1921   XYZZ       1.1907   YYZZ    -101.0102
      XZZZ      28.5728   YZZZ     -68.0886   ZZZZ    -759.9083
 -----------------------------------------------------------------
 Eng[6,2] = -1.89772739e+02
 points done 42/90
 CoordNormalMode -6 , -3 , 0
 ----------------------------------------------------------------
             Standard Nuclear Orientation (Angstroms)
    I     Atom           X                Y                Z
 ----------------------------------------------------------------
    1      C      -0.6396104706     0.3249647095     2.2405853090
    2      O       0.0168094274     0.1538431927     1.0747974567
    3      O      -0.1141686442     0.4746811277     3.3164349146
    4      H      -1.7231793232     0.2110614207     2.0104264970
    5      H       0.9662794151     0.1968917088     1.3058695780
 ----------------------------------------------------------------
 Nuclear Repulsion Energy =          69.89774383 hartrees
 There are       12 alpha and       12 beta electrons

                       Distance Matrix (Angstroms)
             C (  1)   O (  2)   O (  3)   H (  4)
   O (  2)  1.348789
   O (  3)  1.206630  2.268266
   H (  4)  1.113584  1.976420  2.089035
   H (  5)  1.862519  0.978131  2.299328  2.780250

 Requested basis set is cc-pVDZ
 There are 24 shells and 52 basis functions
 A cutoff of  1.0D-14 yielded    299 shell pairs
 There are      1431 function pairs (      1608 Cartesian)
 Smallest overlap matrix eigenvalue = 1.37E-02
 Guess MOs from SCF MO coefficient file

 -----------------------------------------------------------------------
  General SCF calculation program by
  Eric Jon Sundstrom, Paul Horn, Yuezhi Mao, Dmitri Zuev, Alec White,
  David Stuck, Shaama M.S., Shane Yost, Joonho Lee, David Small,
  Daniel Levine, Susi Lehtola, Hugh Burton, Evgeny Epifanovsky,
  Bang C. Huynh
 -----------------------------------------------------------------------
 Exchange:     0.2000 Hartree-Fock + 0.0800 Slater + 0.7200 B88
 Correlation:  0.1900 VWN1RPA + 0.8100 LYP
 Using Euler-Maclaurin-Lebedev (99,590) quadrature formula
Added inc_jk
Added qchem_hcore
Added xc
Added P-dependent contribution
 A restricted SCF calculation will be
 performed using GDM
 SCF converges when RMS gradient is below 1.0e-10
 User-specified cutoff of 10e-14
 used for neglect of 2-electron integrals.
 A cutoff of 10e-14
 used for neglect of overlap integrals.
 Incremental Fock algorithm is on at the start.
 ---------------------------------------
  Cycle       Energy        RMS Gradient
 ---------------------------------------
    1    -189.7712695073      7.84e-03   Normal BFGS step
    2    -189.7724598165      6.86e-03   Normal BFGS step
    3    -189.7723075579      1.56e-02  Line search: overstep
    4    -189.7725135204      1.02e-03   Normal BFGS step
    5    -189.7725195293      4.81e-04   Normal BFGS step
    6    -189.7725213431      2.89e-04   Normal BFGS step
    7    -189.7725214924      2.22e-04   Normal BFGS step
    8    -189.7725215515      7.78e-05   Normal BFGS step
    9    -189.7725215698      1.24e-05   Normal BFGS step
   10    -189.7725215708      2.19e-06   Normal BFGS step
   11    -189.7725215708      5.76e-07   Normal BFGS step
   12    -189.7725215708      7.42e-08   Normal BFGS step
   13    -189.7725215708      1.99e-08   Normal BFGS step
   14    -189.7725215708      1.37e-08   Normal BFGS step
   15    -189.7725215708      7.15e-09   Normal BFGS step
   16    -189.7725215708      7.74e-10   Normal BFGS step
   17    -189.7725215708      5.29e-10   Normal BFGS step
   18    -189.7725215708      2.64e-10   Normal BFGS step
  GDM::WARNING energy changes are now smaller than effective accuracy.
  GDM::        calculation will continue, but THRESH should be increased
  GDM::        or SCF_CONVERGENCE decreased. 
  GDM::        effective_thresh = 3.68e-09
   19    -189.7725215708      8.19e-11  Convergence criterion met
 ---------------------------------------
 SCF time:   CPU 13.05s  wall 2.00s 
 SCF   energy =  -189.77252157
 Total energy =  -189.77252157
 Integrated density by DFT XC:
   Number of electrons = 24
   Numerical integral  =    23.999999961004
   Relative error      =     0.0000001625 %

 --------------------------------------------------------------

                    Orbital Energies (a.u.)
 --------------------------------------------------------------

 Alpha MOs
 -- Occupied --
-19.2002 -19.1466 -10.3282  -1.1157  -1.0291  -0.6640  -0.5126  -0.4909
 -0.4491  -0.4083  -0.3305  -0.2915
 -- Virtual --
 -0.0039   0.0513   0.0920   0.2424   0.2570   0.4459   0.4632   0.5424
  0.5668   0.6333   0.7245   0.8566   0.9108   0.9439   0.9624   1.0102
  1.0749   1.0958   1.1609   1.3307   1.3504   1.4945   1.5851   1.6573
  1.7070   1.7487   1.8658   2.0399   2.2628   2.3133   2.6024   2.6886
  2.8213   2.8782   3.0611   3.1250   3.1398   3.4239   3.4790   3.6445
 --------------------------------------------------------------

          Ground-State Mulliken Net Atomic Charges

     Atom                 Charge (a.u.)
  ----------------------------------------
      1 C                     0.220897
      2 O                    -0.164833
      3 O                    -0.233690
      4 H                     0.023054
      5 H                     0.154573
  ----------------------------------------
  Sum of atomic charges =     0.000000

 -----------------------------------------------------------------
                    Cartesian Multipole Moments
 -----------------------------------------------------------------
    Charge (ESU x 10^10)
                -0.0000
    Dipole Moment (Debye)
         X       0.1328      Y      -0.2108      Z      -1.3945
       Tot       1.4166
    Quadrupole Moments (Debye-Ang)
        XX     -13.1377     XY      -0.0387     YY     -16.7690
        XZ      -0.7535     YZ      -1.5318     ZZ     -27.0078
    Octopole Moments (Debye-Ang^2)
       XXX      12.4219    XXY      -4.5185    XYY       4.3451
       YYY     -15.3793    XXZ     -30.8143    XYZ      -0.1813
       YYZ     -36.7136    XZZ       2.3311    YZZ     -12.3599
       ZZZ    -157.1358
    Hexadecapole Moments (Debye-Ang^3)
      XXXX     -34.8039   XXXY       4.3061   XXYY     -10.9093
      XYYY       4.2755   YYYY     -23.9345   XXXZ      29.6415
      XXYZ     -12.2890   XYYZ      10.6443   YYYZ     -39.4770
      XXZZ     -93.4411   XYZZ       1.3349   YYZZ    -101.1999
      XZZZ      30.2035   YZZZ     -68.1848   ZZZZ    -760.6731
 -----------------------------------------------------------------
 Eng[-6,-3] = -1.89772522e+02
 points done 43/90
 CoordNormalMode 6 , 3 , 0
 ----------------------------------------------------------------
             Standard Nuclear Orientation (Angstroms)
    I     Atom           X                Y                Z
 ----------------------------------------------------------------
    1      C      -0.6369336303     0.3024158548     2.2422567188
    2      O       0.0207407742     0.1579805108     1.0775969560
    3      O      -0.1198198139     0.4795548183     3.3092924845
    4      H      -1.7380729561     0.3259432289     2.0936299621
    5      H       0.9765952217     0.2074834278     1.2716901233
 ----------------------------------------------------------------
 Nuclear Repulsion Energy =          70.10084704 hartrees
 There are       12 alpha and       12 beta electrons

                       Distance Matrix (Angstroms)
             C (  1)   O (  2)   O (  3)   H (  4)
   O (  2)  1.345299
   O (  3)  1.198895  2.259122
   H (  4)  1.111374  2.038127  2.029821
   H (  5)  1.885335  0.976617  2.329801  2.838845

 Requested basis set is cc-pVDZ
 There are 24 shells and 52 basis functions
 A cutoff of  1.0D-14 yielded    299 shell pairs
 There are      1431 function pairs (      1608 Cartesian)
 Smallest overlap matrix eigenvalue = 1.37E-02
 Guess MOs from SCF MO coefficient file

 -----------------------------------------------------------------------
  General SCF calculation program by
  Eric Jon Sundstrom, Paul Horn, Yuezhi Mao, Dmitri Zuev, Alec White,
  David Stuck, Shaama M.S., Shane Yost, Joonho Lee, David Small,
  Daniel Levine, Susi Lehtola, Hugh Burton, Evgeny Epifanovsky,
  Bang C. Huynh
 -----------------------------------------------------------------------
 Exchange:     0.2000 Hartree-Fock + 0.0800 Slater + 0.7200 B88
 Correlation:  0.1900 VWN1RPA + 0.8100 LYP
 Using Euler-Maclaurin-Lebedev (99,590) quadrature formula
Added inc_jk
Added qchem_hcore
Added xc
Added P-dependent contribution
 A restricted SCF calculation will be
 performed using GDM
 SCF converges when RMS gradient is below 1.0e-10
 User-specified cutoff of 10e-14
 used for neglect of 2-electron integrals.
 A cutoff of 10e-14
 used for neglect of overlap integrals.
 Incremental Fock algorithm is on at the start.
 ---------------------------------------
  Cycle       Energy        RMS Gradient
 ---------------------------------------
    1    -189.7709590675      1.02e-02   Normal BFGS step
    2    -189.7724461174      7.70e-03   Normal BFGS step
    3    -189.7722480196      1.71e-02  Line search: overstep
    4    -189.7725158547      1.24e-03   Normal BFGS step
    5    -189.7725232660      4.49e-04   Normal BFGS step
    6    -189.7725249154      2.96e-04   Normal BFGS step
    7    -189.7725250751      3.84e-05   Normal BFGS step
    8    -189.7725250836      1.84e-05   Normal BFGS step
    9    -189.7725250846      1.73e-05   Normal BFGS step
   10    -189.7725250851      4.39e-06   Normal BFGS step
   11    -189.7725250852      1.02e-06   Normal BFGS step
   12    -189.7725250852      9.01e-08   Normal BFGS step
   13    -189.7725250852      6.37e-09   Normal BFGS step
   14    -189.7725250852      6.06e-09   Normal BFGS step
   15    -189.7725250852      3.94e-09   Normal BFGS step
   16    -189.7725250852      9.26e-10   Normal BFGS step
   17    -189.7725250852      1.23e-10   Normal BFGS step
   18    -189.7725250852      5.79e-11  Convergence criterion met
 ---------------------------------------
 SCF time:   CPU 12.39s  wall 1.00s 
 SCF   energy =  -189.77252509
 Total energy =  -189.77252509
 Integrated density by DFT XC:
   Number of electrons = 24
   Numerical integral  =    23.999999997128
   Relative error      =     0.0000000120 %

 --------------------------------------------------------------

                    Orbital Energies (a.u.)
 --------------------------------------------------------------

 Alpha MOs
 -- Occupied --
-19.1997 -19.1419 -10.3256  -1.1159  -1.0301  -0.6629  -0.5208  -0.4878
 -0.4496  -0.4044  -0.3300  -0.2876
 -- Virtual --
  0.0002   0.0485   0.0946   0.2496   0.2582   0.4461   0.4666   0.5287
  0.5804   0.6409   0.7271   0.8591   0.9088   0.9413   0.9672   1.0205
  1.0836   1.0938   1.1644   1.3510   1.3786   1.4837   1.5668   1.6713
  1.7029   1.7346   1.8756   2.0368   2.2592   2.3159   2.6030   2.6921
  2.8259   2.8819   3.0627   3.1307   3.1513   3.4362   3.4931   3.6362
 --------------------------------------------------------------

          Ground-State Mulliken Net Atomic Charges

     Atom                 Charge (a.u.)
  ----------------------------------------
      1 C                     0.215895
      2 O                    -0.164803
      3 O                    -0.230620
      4 H                     0.022685
      5 H                     0.156843
  ----------------------------------------
  Sum of atomic charges =     0.000000

 -----------------------------------------------------------------
                    Cartesian Multipole Moments
 -----------------------------------------------------------------
    Charge (ESU x 10^10)
                -0.0000
    Dipole Moment (Debye)
         X       0.1686      Y      -0.1892      Z      -1.4069
       Tot       1.4295
    Quadrupole Moments (Debye-Ang)
        XX     -13.0070     XY      -0.0924     YY     -16.7426
        XZ      -0.9195     YZ      -1.5133     ZZ     -26.9745
    Octopole Moments (Debye-Ang^2)
       XXX      12.3632    XXY      -4.2138    XYY       4.3204
       YYY     -15.4235    XXZ     -30.4416    XYZ      -0.3583
       YYZ     -36.6844    XZZ       1.6476    YZZ     -12.3516
       ZZZ    -156.9574
    Hexadecapole Moments (Debye-Ang^3)
      XXXX     -34.3684   XXXY       3.9800   XXYY     -10.7715
      XYYY       4.5480   YYYY     -23.9104   XXXZ      29.3518
      XXYZ     -11.6285   XYYZ      10.7447   YYYZ     -39.4856
      XXZZ     -92.2455   XYZZ       0.9883   YYZZ    -101.0701
      XZZZ      28.7009   YZZZ     -68.1872   ZZZZ    -759.7889
 -----------------------------------------------------------------
 Eng[6,3] = -1.89772525e+02
 points done 44/90
 CoordNormalMode -6 , -4 , 0
 ----------------------------------------------------------------
             Standard Nuclear Orientation (Angstroms)
    I     Atom           X                Y                Z
 ----------------------------------------------------------------
    1      C      -0.6489596992     0.3146492890     2.2492551461
    2      O       0.0230671603     0.1536179763     1.0598591257
    3      O      -0.1122800209     0.4784189618     3.3213327255
    4      H      -1.7363245182     0.2651632315     2.0295253448
    5      H       0.9614558145     0.2098657362     1.3428904820
 ----------------------------------------------------------------
 Nuclear Repulsion Energy =          69.33219346 hartrees
 There are       12 alpha and       12 beta electrons

                       Distance Matrix (Angstroms)
             C (  1)   O (  2)   O (  3)   H (  4)
   O (  2)  1.375578
   O (  3)  1.210040  2.288685
   H (  4)  1.110447  2.012002  2.086088
   H (  5)  1.850923  0.981755  2.266994  2.784339

 Requested basis set is cc-pVDZ
 There are 24 shells and 52 basis functions
 A cutoff of  1.0D-14 yielded    299 shell pairs
 There are      1431 function pairs (      1608 Cartesian)
 Smallest overlap matrix eigenvalue = 1.40E-02
 Guess MOs from SCF MO coefficient file

 -----------------------------------------------------------------------
  General SCF calculation program by
  Eric Jon Sundstrom, Paul Horn, Yuezhi Mao, Dmitri Zuev, Alec White,
  David Stuck, Shaama M.S., Shane Yost, Joonho Lee, David Small,
  Daniel Levine, Susi Lehtola, Hugh Burton, Evgeny Epifanovsky,
  Bang C. Huynh
 -----------------------------------------------------------------------
 Exchange:     0.2000 Hartree-Fock + 0.0800 Slater + 0.7200 B88
 Correlation:  0.1900 VWN1RPA + 0.8100 LYP
 Using Euler-Maclaurin-Lebedev (99,590) quadrature formula
Added inc_jk
Added qchem_hcore
Added xc
Added P-dependent contribution
 A restricted SCF calculation will be
 performed using GDM
 SCF converges when RMS gradient is below 1.0e-10
 User-specified cutoff of 10e-14
 used for neglect of 2-electron integrals.
 A cutoff of 10e-14
 used for neglect of overlap integrals.
 Incremental Fock algorithm is on at the start.
 ---------------------------------------
  Cycle       Energy        RMS Gradient
 ---------------------------------------
    1    -189.7701079162      1.14e-02   Normal BFGS step
    2    -189.7719339230      1.07e-02   Normal BFGS step
    3    -189.7716781507      2.20e-02  Line search: overstep
    4    -189.7720865137      1.69e-03   Normal BFGS step
    5    -189.7720973921      1.74e-03   Normal BFGS step
    6    -189.7721104622      5.47e-04   Normal BFGS step
    7    -189.7721104093      5.97e-04   Normal BFGS step
    8    -189.7721109166      4.68e-05   Normal BFGS step
    9    -189.7721109274      1.36e-05   Normal BFGS step
   10    -189.7721109299      1.27e-06   Normal BFGS step
   11    -189.7721109299      3.96e-07   Normal BFGS step
   12    -189.7721109299      5.51e-08   Normal BFGS step
   13    -189.7721109299      3.85e-08   Normal BFGS step
   14    -189.7721109299      2.14e-08   Normal BFGS step
   15    -189.7721109299      2.26e-09   Normal BFGS step
   16    -189.7721109299      5.63e-10   Normal BFGS step
   17    -189.7721109299      6.99e-10   Normal BFGS step
   18    -189.7721109299      3.63e-10   Normal BFGS step
   19    -189.7721109299      9.20e-11  Convergence criterion met
 ---------------------------------------
 SCF time:   CPU 13.12s  wall 2.00s 
 SCF   energy =  -189.77211093
 Total energy =  -189.77211093
 Integrated density by DFT XC:
   Number of electrons = 24
   Numerical integral  =    23.999999955750
   Relative error      =     0.0000001844 %

 --------------------------------------------------------------

                    Orbital Energies (a.u.)
 --------------------------------------------------------------

 Alpha MOs
 -- Occupied --
-19.1988 -19.1512 -10.3310  -1.1088  -1.0276  -0.6567  -0.5092  -0.4923
 -0.4447  -0.4129  -0.3306  -0.2939
 -- Virtual --
 -0.0092   0.0530   0.0896   0.2363   0.2431   0.4465   0.4591   0.5474
  0.5621   0.6285   0.7220   0.8547   0.9098   0.9511   0.9599   1.0056
  1.0654   1.0957   1.1631   1.3299   1.3402   1.4784   1.5941   1.6486
  1.7062   1.7363   1.8667   2.0376   2.2450   2.3170   2.5991   2.6862
  2.8162   2.8744   3.0703   3.1051   3.1066   3.4071   3.4518   3.6371
 --------------------------------------------------------------

          Ground-State Mulliken Net Atomic Charges

     Atom                 Charge (a.u.)
  ----------------------------------------
      1 C                     0.230060
      2 O                    -0.183823
      3 O                    -0.232183
      4 H                     0.029104
      5 H                     0.156842
  ----------------------------------------
  Sum of atomic charges =     0.000000

 -----------------------------------------------------------------
                    Cartesian Multipole Moments
 -----------------------------------------------------------------
    Charge (ESU x 10^10)
                 0.0000
    Dipole Moment (Debye)
         X       0.0106      Y      -0.1766      Z      -1.2227
       Tot       1.2354
    Quadrupole Moments (Debye-Ang)
        XX     -13.0442     XY      -0.0759     YY     -16.7997
        XZ      -0.9247     YZ      -1.4394     ZZ     -26.4413
    Octopole Moments (Debye-Ang^2)
       XXX      12.0679    XXY      -4.3517    XYY       4.3272
       YYY     -15.4280    XXZ     -30.4753    XYZ      -0.2606
       YYZ     -36.7381    XZZ       1.9598    YZZ     -12.1397
       ZZZ    -155.6079
    Hexadecapole Moments (Debye-Ang^3)
      XXXX     -34.6344   XXXY       4.1043   XXYY     -10.9067
      XYYY       4.4011   YYYY     -24.0135   XXXZ      29.1792
      XXYZ     -11.9648   XYYZ      10.6819   YYYZ     -39.6099
      XXZZ     -92.8199   XYZZ       1.1990   YYZZ    -101.4102
      XZZZ      29.4089   YZZZ     -67.7382   ZZZZ    -757.9699
 -----------------------------------------------------------------
 Eng[-6,-4] = -1.89772111e+02
 points done 45/90
 CoordNormalMode 6 , 4 , 0
 ----------------------------------------------------------------
             Standard Nuclear Orientation (Angstroms)
    I     Atom           X                Y                Z
 ----------------------------------------------------------------
    1      C      -0.6275844016     0.3127312752     2.2335868817
    2      O       0.0144830412     0.1582057272     1.0925352871
    3      O      -0.1217084372     0.4758169842     3.3043946736
    4      H      -1.7249277611     0.2718414182     2.0745311143
    5      H       0.9814188223     0.1945094004     1.2346692192
 ----------------------------------------------------------------
 Nuclear Repulsion Energy =          70.68478606 hartrees
 There are       12 alpha and       12 beta electrons

                       Distance Matrix (Angstroms)
             C (  1)   O (  2)   O (  3)   H (  4)
   O (  2)  1.318381
   O (  3)  1.195465  2.238693
   H (  4)  1.109564  2.000695  2.030882
   H (  5)  1.897552  0.978000  2.362157  2.834724

 Requested basis set is cc-pVDZ
 There are 24 shells and 52 basis functions
 A cutoff of  1.0D-14 yielded    299 shell pairs
 There are      1431 function pairs (      1608 Cartesian)
 Smallest overlap matrix eigenvalue = 1.34E-02
 Guess MOs from SCF MO coefficient file

 -----------------------------------------------------------------------
  General SCF calculation program by
  Eric Jon Sundstrom, Paul Horn, Yuezhi Mao, Dmitri Zuev, Alec White,
  David Stuck, Shaama M.S., Shane Yost, Joonho Lee, David Small,
  Daniel Levine, Susi Lehtola, Hugh Burton, Evgeny Epifanovsky,
  Bang C. Huynh
 -----------------------------------------------------------------------
 Exchange:     0.2000 Hartree-Fock + 0.0800 Slater + 0.7200 B88
 Correlation:  0.1900 VWN1RPA + 0.8100 LYP
 Using Euler-Maclaurin-Lebedev (99,590) quadrature formula
Added inc_jk
Added qchem_hcore
Added xc
Added P-dependent contribution
 A restricted SCF calculation will be
 performed using GDM
 SCF converges when RMS gradient is below 1.0e-10
 User-specified cutoff of 10e-14
 used for neglect of 2-electron integrals.
 A cutoff of 10e-14
 used for neglect of overlap integrals.
 Incremental Fock algorithm is on at the start.
 ---------------------------------------
  Cycle       Energy        RMS Gradient
 ---------------------------------------
    1    -189.7677083691      1.64e-02   Normal BFGS step
    2    -189.7716914843      1.35e-02   Normal BFGS step
    3    -189.7713373763      2.75e-02  Line search: overstep
    4    -189.7719994965      2.20e-03   Normal BFGS step
    5    -189.7720144231      3.32e-03   Normal BFGS step
    6    -189.7720469043      4.50e-04   Normal BFGS step
    7    -189.7720471076      5.02e-04   Normal BFGS step
    8    -189.7720474651      8.31e-05   Normal BFGS step
    9    -189.7720474962      2.19e-05   Normal BFGS step
   10    -189.7720475039      2.70e-06   Normal BFGS step
   11    -189.7720475039      2.82e-07   Normal BFGS step
   12    -189.7720475039      5.08e-08   Normal BFGS step
   13    -189.7720475039      1.00e-08   Normal BFGS step
   14    -189.7720475039      1.12e-08   Normal BFGS step
   15    -189.7720475039      9.58e-09   Normal BFGS step
   16    -189.7720475039      5.29e-10   Normal BFGS step
   17    -189.7720475039      2.55e-10   Normal BFGS step
   18    -189.7720475039      7.26e-11  Convergence criterion met
 ---------------------------------------
 SCF time:   CPU 12.45s  wall 2.00s 
 SCF   energy =  -189.77204750
 Total energy =  -189.77204750
 Integrated density by DFT XC:
   Number of electrons = 24
   Numerical integral  =    24.000000033435
   Relative error      =     0.0000001393 %

 --------------------------------------------------------------

                    Orbital Energies (a.u.)
 --------------------------------------------------------------

 Alpha MOs
 -- Occupied --
-19.2011 -19.1370 -10.3224  -1.1229  -1.0307  -0.6710  -0.5239  -0.4861
 -0.4543  -0.3999  -0.3293  -0.2850
 -- Virtual --
  0.0074   0.0452   0.0973   0.2525   0.2731   0.4454   0.4739   0.5224
  0.5856   0.6456   0.7309   0.8616   0.9089   0.9329   0.9697   1.0256
  1.0933   1.0972   1.1668   1.3662   1.3763   1.4992   1.5630   1.6785
  1.7049   1.7401   1.8795   2.0334   2.2828   2.3180   2.6053   2.6954
  2.8210   2.8905   3.0572   3.1500   3.1899   3.4494   3.5151   3.6515
 --------------------------------------------------------------

          Ground-State Mulliken Net Atomic Charges

     Atom                 Charge (a.u.)
  ----------------------------------------
      1 C                     0.208250
      2 O                    -0.147583
      3 O                    -0.232932
      4 H                     0.014832
      5 H                     0.157433
  ----------------------------------------
  Sum of atomic charges =     0.000000

 -----------------------------------------------------------------
                    Cartesian Multipole Moments
 -----------------------------------------------------------------
    Charge (ESU x 10^10)
                -0.0000
    Dipole Moment (Debye)
         X       0.2850      Y      -0.2254      Z      -1.5910
       Tot       1.6320
    Quadrupole Moments (Debye-Ang)
        XX     -13.0871     XY      -0.0546     YY     -16.7179
        XZ      -0.7601     YZ      -1.6162     ZZ     -27.5745
    Octopole Moments (Debye-Ang^2)
       XXX      12.6546    XXY      -4.3845    XYY       4.3388
       YYY     -15.3803    XXZ     -30.7652    XYZ      -0.2627
       YYZ     -36.6768    XZZ       2.0059    YZZ     -12.6085
       ZZZ    -158.5902
    Hexadecapole Moments (Debye-Ang^3)
      XXXX     -34.4284   XXXY       4.1780   XXYY     -10.7837
      XYYY       4.4226   YYYY     -23.7918   XXXZ      29.7080
      XXYZ     -11.9793   XYYZ      10.7207   YYYZ     -39.3628
      XXZZ     -92.8450   XYZZ       1.1884   YYZZ    -100.9069
      XZZZ      29.5016   YZZZ     -68.7431   ZZZZ    -762.9038
 -----------------------------------------------------------------
 Eng[6,4] = -1.89772048e+02
 points done 46/90
 CoordNormalMode -6 , -5 , 0
 ----------------------------------------------------------------
             Standard Nuclear Orientation (Angstroms)
    I     Atom           X                Y                Z
 ----------------------------------------------------------------
    1      C      -0.6499533811     0.3145547885     2.2487152756
    2      O       0.0218596127     0.1557554448     1.0747648628
    3      O      -0.1117902047     0.4774765825     3.3147566303
    4      H      -1.7314601546     0.2591476184     1.9874568181
    5      H       0.9798138506     0.1980397116     1.2591903519
 ----------------------------------------------------------------
 Nuclear Repulsion Energy =          69.65765272 hartrees
 There are       12 alpha and       12 beta electrons

                       Distance Matrix (Angstroms)
             C (  1)   O (  2)   O (  3)   H (  4)
   O (  2)  1.361877
   O (  3)  1.205242  2.266921
   H (  4)  1.113994  1.979350  2.105403
   H (  5)  1.910203  0.976461  2.344150  2.808044

 Requested basis set is cc-pVDZ
 There are 24 shells and 52 basis functions
 A cutoff of  1.0D-14 yielded    299 shell pairs
 There are      1431 function pairs (      1608 Cartesian)
 Smallest overlap matrix eigenvalue = 1.39E-02
 Guess MOs from SCF MO coefficient file

 -----------------------------------------------------------------------
  General SCF calculation program by
  Eric Jon Sundstrom, Paul Horn, Yuezhi Mao, Dmitri Zuev, Alec White,
  David Stuck, Shaama M.S., Shane Yost, Joonho Lee, David Small,
  Daniel Levine, Susi Lehtola, Hugh Burton, Evgeny Epifanovsky,
  Bang C. Huynh
 -----------------------------------------------------------------------
 Exchange:     0.2000 Hartree-Fock + 0.0800 Slater + 0.7200 B88
 Correlation:  0.1900 VWN1RPA + 0.8100 LYP
 Using Euler-Maclaurin-Lebedev (99,590) quadrature formula
Added inc_jk
Added qchem_hcore
Added xc
Added P-dependent contribution
 A restricted SCF calculation will be
 performed using GDM
 SCF converges when RMS gradient is below 1.0e-10
 User-specified cutoff of 10e-14
 used for neglect of 2-electron integrals.
 A cutoff of 10e-14
 used for neglect of overlap integrals.
 Incremental Fock algorithm is on at the start.
 ---------------------------------------
  Cycle       Energy        RMS Gradient
 ---------------------------------------
    1    -189.7703266794      1.26e-02   Normal BFGS step
    2    -189.7720635217      1.19e-02   Normal BFGS step
    3    -189.7718203740      2.29e-02  Line search: overstep
    4    -189.7722513542      1.89e-03   Normal BFGS step
    5    -189.7722670331      1.89e-03   Normal BFGS step
    6    -189.7722829635      4.14e-04   Normal BFGS step
    7    -189.7722831432      4.07e-04   Normal BFGS step
    8    -189.7722833470      6.85e-05   Normal BFGS step
    9    -189.7722833755      2.12e-05   Normal BFGS step
   10    -189.7722833812      3.60e-06   Normal BFGS step
   11    -189.7722833813      6.07e-07   Normal BFGS step
   12    -189.7722833813      1.22e-07   Normal BFGS step
   13    -189.7722833813      1.68e-08   Normal BFGS step
   14    -189.7722833813      7.42e-09   Normal BFGS step
   15    -189.7722833813      9.39e-09   Normal BFGS step
   16    -189.7722833813      2.47e-10   Normal BFGS step
   17    -189.7722833813      1.39e-10   Normal BFGS step
  GDM::WARNING energy changes are now smaller than effective accuracy.
  GDM::        calculation will continue, but THRESH should be increased
  GDM::        or SCF_CONVERGENCE decreased. 
  GDM::        effective_thresh = 1.89e-09
   18    -189.7722833813      4.06e-11  Convergence criterion met
 ---------------------------------------
 SCF time:   CPU 12.44s  wall 1.00s 
 SCF   energy =  -189.77228338
 Total energy =  -189.77228338
 Integrated density by DFT XC:
   Number of electrons = 24
   Numerical integral  =    23.999999971561
   Relative error      =     0.0000001185 %

 --------------------------------------------------------------

                    Orbital Energies (a.u.)
 --------------------------------------------------------------

 Alpha MOs
 -- Occupied --
-19.1952 -19.1475 -10.3292  -1.1095  -1.0270  -0.6645  -0.5131  -0.4870
 -0.4456  -0.4053  -0.3289  -0.2916
 -- Virtual --
 -0.0047   0.0518   0.0905   0.2396   0.2533   0.4470   0.4630   0.5328
  0.5729   0.6354   0.7248   0.8563   0.9136   0.9492   0.9632   1.0213
  1.0868   1.0942   1.1565   1.3305   1.3544   1.4929   1.5670   1.6539
  1.7041   1.7447   1.8641   2.0447   2.2697   2.3203   2.5999   2.6835
  2.8305   2.8659   3.0301   3.1252   3.1294   3.4303   3.4883   3.6486
 --------------------------------------------------------------

          Ground-State Mulliken Net Atomic Charges

     Atom                 Charge (a.u.)
  ----------------------------------------
      1 C                     0.224666
      2 O                    -0.179830
      3 O                    -0.228526
      4 H                     0.027912
      5 H                     0.155777
  ----------------------------------------
  Sum of atomic charges =     0.000000

 -----------------------------------------------------------------
                    Cartesian Multipole Moments
 -----------------------------------------------------------------
    Charge (ESU x 10^10)
                -0.0000
    Dipole Moment (Debye)
         X       0.0981      Y      -0.1982      Z      -1.3815
       Tot       1.3991
    Quadrupole Moments (Debye-Ang)
        XX     -12.9599     XY      -0.0761     YY     -16.7801
        XZ      -0.9323     YZ      -1.5070     ZZ     -26.8779
    Octopole Moments (Debye-Ang^2)
       XXX      12.3328    XXY      -4.3666    XYY       4.3406
       YYY     -15.3968    XXZ     -30.6046    XYZ      -0.2701
       YYZ     -36.6826    XZZ       1.9325    YZZ     -12.2791
       ZZZ    -156.4131
    Hexadecapole Moments (Debye-Ang^3)
      XXXX     -34.7001   XXXY       4.1527   XXYY     -10.9142
      XYYY       4.3955   YYYY     -23.9240   XXXZ      29.5217
      XXYZ     -12.0186   XYYZ      10.6721   YYYZ     -39.4572
      XXZZ     -93.2326   XYZZ       1.2172   YYZZ    -101.0635
      XZZZ      29.6027   YZZZ     -67.8828   ZZZZ    -757.8436
 -----------------------------------------------------------------
 Eng[-6,-5] = -1.89772283e+02
 points done 47/90
 CoordNormalMode 6 , 5 , 0
 ----------------------------------------------------------------
             Standard Nuclear Orientation (Angstroms)
    I     Atom           X                Y                Z
 ----------------------------------------------------------------
    1      C      -0.6265907198     0.3128257758     2.2341267522
    2      O       0.0156905889     0.1560682587     1.0776295500
    3      O      -0.1221982535     0.4767593635     3.3109707688
    4      H      -1.7297921248     0.2778570313     2.1165996410
    5      H       0.9630607862     0.2063354250     1.3183693494
 ----------------------------------------------------------------
 Nuclear Repulsion Energy =          70.34898373 hartrees
 There are       12 alpha and       12 beta electrons

                       Distance Matrix (Angstroms)
             C (  1)   O (  2)   O (  3)   H (  4)
   O (  2)  1.332135
   O (  3)  1.200366  2.260458
   H (  4)  1.109995  2.034945  2.012571
   H (  5)  1.837646  0.978771  2.285033  2.809581

 Requested basis set is cc-pVDZ
 There are 24 shells and 52 basis functions
 A cutoff of  1.0D-14 yielded    299 shell pairs
 There are      1431 function pairs (      1608 Cartesian)
 Smallest overlap matrix eigenvalue = 1.35E-02
 Guess MOs from SCF MO coefficient file

 -----------------------------------------------------------------------
  General SCF calculation program by
  Eric Jon Sundstrom, Paul Horn, Yuezhi Mao, Dmitri Zuev, Alec White,
  David Stuck, Shaama M.S., Shane Yost, Joonho Lee, David Small,
  Daniel Levine, Susi Lehtola, Hugh Burton, Evgeny Epifanovsky,
  Bang C. Huynh
 -----------------------------------------------------------------------
 Exchange:     0.2000 Hartree-Fock + 0.0800 Slater + 0.7200 B88
 Correlation:  0.1900 VWN1RPA + 0.8100 LYP
 Using Euler-Maclaurin-Lebedev (99,590) quadrature formula
Added inc_jk
Added qchem_hcore
Added xc
Added P-dependent contribution
 A restricted SCF calculation will be
 performed using GDM
 SCF converges when RMS gradient is below 1.0e-10
 User-specified cutoff of 10e-14
 used for neglect of 2-electron integrals.
 A cutoff of 10e-14
 used for neglect of overlap integrals.
 Incremental Fock algorithm is on at the start.
 ---------------------------------------
  Cycle       Energy        RMS Gradient
 ---------------------------------------
    1    -189.7701811033      1.36e-02   Normal BFGS step
    2    -189.7720910656      1.19e-02   Normal BFGS step
    3    -189.7717509638      2.34e-02  Line search: overstep
    4    -189.7722332513      2.18e-03   Normal BFGS step
    5    -189.7722469152      6.01e-04   Normal BFGS step
    6    -189.7722498008      3.80e-04   Normal BFGS step
    7    -189.7722501141      4.26e-05   Normal BFGS step
    8    -189.7722501272      1.94e-05   Normal BFGS step
    9    -189.7722501279      1.64e-05   Normal BFGS step
   10    -189.7722501284      2.99e-06   Normal BFGS step
   11    -189.7722501285      1.06e-06   Normal BFGS step
   12    -189.7722501285      8.16e-08   Normal BFGS step
   13    -189.7722501285      1.57e-08   Normal BFGS step
   14    -189.7722501285      7.38e-09   Normal BFGS step
   15    -189.7722501285      5.72e-09   Normal BFGS step
   16    -189.7722501285      8.77e-10   Normal BFGS step
   17    -189.7722501285      1.37e-10   Normal BFGS step
   18    -189.7722501285      5.51e-11  Convergence criterion met
 ---------------------------------------
 SCF time:   CPU 12.37s  wall 2.00s 
 SCF   energy =  -189.77225013
 Total energy =  -189.77225013
 Integrated density by DFT XC:
   Number of electrons = 24
   Numerical integral  =    23.999999975662
   Relative error      =     0.0000001014 %

 --------------------------------------------------------------

                    Orbital Energies (a.u.)
 --------------------------------------------------------------

 Alpha MOs
 -- Occupied --
-19.2047 -19.1409 -10.3247  -1.1226  -1.0319  -0.6624  -0.5204  -0.4924
 -0.4533  -0.4072  -0.3313  -0.2870
 -- Virtual --
  0.0025   0.0475   0.0956   0.2495   0.2630   0.4450   0.4657   0.5398
  0.5727   0.6429   0.7274   0.8596   0.9065   0.9364   0.9660   1.0072
  1.0737   1.0957   1.1692   1.3418   1.3767   1.4784   1.5883   1.6789
  1.7055   1.7436   1.8805   2.0313   2.2376   2.3303   2.6045   2.6993
  2.8162   2.8919   3.1016   3.1325   3.1547   3.4295   3.4865   3.6338
 --------------------------------------------------------------

          Ground-State Mulliken Net Atomic Charges

     Atom                 Charge (a.u.)
  ----------------------------------------
      1 C                     0.212721
      2 O                    -0.150259
      3 O                    -0.236164
      4 H                     0.018064
      5 H                     0.155638
  ----------------------------------------
  Sum of atomic charges =     0.000000

 -----------------------------------------------------------------
                    Cartesian Multipole Moments
 -----------------------------------------------------------------
    Charge (ESU x 10^10)
                -0.0000
    Dipole Moment (Debye)
         X       0.1972      Y      -0.2023      Z      -1.4214
       Tot       1.4492
    Quadrupole Moments (Debye-Ang)
        XX     -13.1768     XY      -0.0542     YY     -16.7401
        XZ      -0.7513     YZ      -1.5432     ZZ     -27.1042
    Octopole Moments (Debye-Ang^2)
       XXX      12.4268    XXY      -4.3698    XYY       4.3364
       YYY     -15.4134    XXZ     -30.6392    XYZ      -0.2577
       YYZ     -36.7363    XZZ       2.0130    YZZ     -12.4509
       ZZZ    -157.6702
    Hexadecapole Moments (Debye-Ang^3)
      XXXX     -34.4425   XXXY       4.1393   XXYY     -10.7879
      XYYY       4.4363   YYYY     -23.8893   XXXZ      29.4379
      XXYZ     -11.9205   XYYZ      10.7476   YYYZ     -39.5178
      XXZZ     -92.4134   XYZZ       1.1458   YYZZ    -101.2575
      XZZZ      29.1770   YZZZ     -68.5363   ZZZZ    -762.6241
 -----------------------------------------------------------------
 Eng[6,5] = -1.89772250e+02
 points done 48/90
 CoordNormalMode -7 , -1 , 0
 ----------------------------------------------------------------
             Standard Nuclear Orientation (Angstroms)
    I     Atom           X                Y                Z
 ----------------------------------------------------------------
    1      C      -0.6627424675     0.3084740485     2.2081479848
    2      O       0.0221527345     0.1580703827     1.0906979822
    3      O      -0.0996929755     0.4785061180     3.3204909412
    4      H      -1.7673110576     0.2704535403     2.0697600192
    5      H       0.9712986298     0.2060568190     1.3160365043
 ----------------------------------------------------------------
 Nuclear Repulsion Energy =          69.46957874 hartrees
 There are       12 alpha and       12 beta electrons

                       Distance Matrix (Angstroms)
             C (  1)   O (  2)   O (  3)   H (  4)
   O (  2)  1.319241
   O (  3)  1.258270  2.255992
   H (  4)  1.113853  2.042884  2.094890
   H (  5)  1.864522  0.976708  2.288906  2.841167

 Requested basis set is cc-pVDZ
 There are 24 shells and 52 basis functions
 A cutoff of  1.0D-14 yielded    299 shell pairs
 There are      1431 function pairs (      1608 Cartesian)
 Smallest overlap matrix eigenvalue = 1.37E-02
 Guess MOs from SCF MO coefficient file

 -----------------------------------------------------------------------
  General SCF calculation program by
  Eric Jon Sundstrom, Paul Horn, Yuezhi Mao, Dmitri Zuev, Alec White,
  David Stuck, Shaama M.S., Shane Yost, Joonho Lee, David Small,
  Daniel Levine, Susi Lehtola, Hugh Burton, Evgeny Epifanovsky,
  Bang C. Huynh
 -----------------------------------------------------------------------
 Exchange:     0.2000 Hartree-Fock + 0.0800 Slater + 0.7200 B88
 Correlation:  0.1900 VWN1RPA + 0.8100 LYP
 Using Euler-Maclaurin-Lebedev (99,590) quadrature formula
Added inc_jk
Added qchem_hcore
Added xc
Added P-dependent contribution
 A restricted SCF calculation will be
 performed using GDM
 SCF converges when RMS gradient is below 1.0e-10
 User-specified cutoff of 10e-14
 used for neglect of 2-electron integrals.
 A cutoff of 10e-14
 used for neglect of overlap integrals.
 Incremental Fock algorithm is on at the start.
 ---------------------------------------
  Cycle       Energy        RMS Gradient
 ---------------------------------------
    1    -189.7645728580      1.58e-02   Normal BFGS step
    2    -189.7676175328      2.56e-02   Normal BFGS step
    3    -189.7670036751      4.02e-02  Line search: overstep
    4    -189.7681288074      4.33e-03   Normal BFGS step
    5    -189.7682051730      2.37e-03   Normal BFGS step
    6    -189.7682255910      1.26e-03   Normal BFGS step
    7    -189.7682276054      6.57e-04   Normal BFGS step
    8    -189.7682285276      1.90e-04   Normal BFGS step
    9    -189.7682287352      4.55e-05   Normal BFGS step
   10    -189.7682287592      5.61e-06   Normal BFGS step
   11    -189.7682287596      9.55e-07   Normal BFGS step
   12    -189.7682287596      1.73e-07   Normal BFGS step
   13    -189.7682287596      2.23e-08   Normal BFGS step
   14    -189.7682287596      5.85e-09   Normal BFGS step
   15    -189.7682287596      8.25e-09   Normal BFGS step
   16    -189.7682287596      5.16e-09   Normal BFGS step
   17    -189.7682287596      4.71e-10   Normal BFGS step
   18    -189.7682287596      2.34e-10   Normal BFGS step
   19    -189.7682287596      1.74e-10   Normal BFGS step
  GDM::WARNING energy changes are now smaller than effective accuracy.
  GDM::        calculation will continue, but THRESH should be increased
  GDM::        or SCF_CONVERGENCE decreased. 
  GDM::        effective_thresh = 1.77e-09
   20    -189.7682287596      3.89e-11  Convergence criterion met
 ---------------------------------------
 SCF time:   CPU 13.69s  wall 2.00s 
 SCF   energy =  -189.76822876
 Total energy =  -189.76822876
 Integrated density by DFT XC:
   Number of electrons = 24
   Numerical integral  =    23.999999969243
   Relative error      =     0.0000001282 %

 --------------------------------------------------------------

                    Orbital Energies (a.u.)
 --------------------------------------------------------------

 Alpha MOs
 -- Occupied --
-19.2082 -19.1360 -10.3305  -1.1216  -1.0025  -0.6733  -0.5225  -0.4885
 -0.4486  -0.3978  -0.3195  -0.2800
 -- Virtual --
 -0.0112   0.0456   0.0899   0.2411   0.2590   0.4478   0.4693   0.5218
  0.5743   0.5982   0.7224   0.8770   0.9067   0.9296   0.9655   1.0259
  1.0793   1.0958   1.1548   1.3488   1.3723   1.4516   1.5831   1.6544
  1.6954   1.7164   1.8734   2.0286   2.2408   2.3059   2.6110   2.6887
  2.8130   2.8850   3.0116   3.0842   3.1581   3.3759   3.4649   3.6285
 --------------------------------------------------------------

          Ground-State Mulliken Net Atomic Charges

     Atom                 Charge (a.u.)
  ----------------------------------------
      1 C                     0.222914
      2 O                    -0.135999
      3 O                    -0.288995
      4 H                     0.039457
      5 H                     0.162623
  ----------------------------------------
  Sum of atomic charges =     0.000000

 -----------------------------------------------------------------
                    Cartesian Multipole Moments
 -----------------------------------------------------------------
    Charge (ESU x 10^10)
                -0.0000
    Dipole Moment (Debye)
         X       0.0218      Y      -0.2530      Z      -1.7511
       Tot       1.7694
    Quadrupole Moments (Debye-Ang)
        XX     -12.7255     XY      -0.0900     YY     -16.8808
        XZ      -1.0609     YZ      -1.7615     ZZ     -28.6856
    Octopole Moments (Debye-Ang^2)
       XXX      11.8476    XXY      -4.2925    XYY       4.4038
       YYY     -15.5949    XXZ     -30.0217    XYZ      -0.2990
       YYZ     -37.2334    XZZ       1.6857    YZZ     -13.2343
       ZZZ    -163.8318
    Hexadecapole Moments (Debye-Ang^3)
      XXXX     -33.9968   XXXY       3.9150   XXYY     -11.0389
      XYYY       4.4175   YYYY     -24.2341   XXXZ      27.7506
      XXYZ     -11.8554   XYYZ      10.7307   YYYZ     -40.0828
      XXZZ     -92.0336   XYZZ       1.1694   YYZZ    -102.8603
      XZZZ      29.1068   YZZZ     -71.2858   ZZZZ    -785.3968
 -----------------------------------------------------------------
 Eng[-7,-1] = -1.89768229e+02
 points done 49/90
 CoordNormalMode 7 , 1 , 0
 ----------------------------------------------------------------
             Standard Nuclear Orientation (Angstroms)
    I     Atom           X                Y                Z
 ----------------------------------------------------------------
    1      C      -0.6138016334     0.3189065157     2.2746940430
    2      O       0.0153974671     0.1537533208     1.0616964306
    3      O      -0.1342954826     0.4757298280     3.3052364579
    4      H      -1.6939412218     0.2665511094     2.0342964399
    5      H       0.9715760070     0.1983183176     1.2615231969
 ----------------------------------------------------------------
 Nuclear Repulsion Energy =          70.62233460 hartrees
 There are       12 alpha and       12 beta electrons

                       Distance Matrix (Angstroms)
             C (  1)   O (  2)   O (  3)   H (  4)
   O (  2)  1.376419
   O (  3)  1.147405  2.271464
   H (  4)  1.107806  1.969902  2.022755
   H (  5)  1.885333  0.977852  2.340229  2.776115

 Requested basis set is cc-pVDZ
 There are 24 shells and 52 basis functions
 A cutoff of  1.0D-14 yielded    299 shell pairs
 There are      1431 function pairs (      1608 Cartesian)
 Smallest overlap matrix eigenvalue = 1.36E-02
 Guess MOs from SCF MO coefficient file

 -----------------------------------------------------------------------
  General SCF calculation program by
  Eric Jon Sundstrom, Paul Horn, Yuezhi Mao, Dmitri Zuev, Alec White,
  David Stuck, Shaama M.S., Shane Yost, Joonho Lee, David Small,
  Daniel Levine, Susi Lehtola, Hugh Burton, Evgeny Epifanovsky,
  Bang C. Huynh
 -----------------------------------------------------------------------
 Exchange:     0.2000 Hartree-Fock + 0.0800 Slater + 0.7200 B88
 Correlation:  0.1900 VWN1RPA + 0.8100 LYP
 Using Euler-Maclaurin-Lebedev (99,590) quadrature formula
Added inc_jk
Added qchem_hcore
Added xc
Added P-dependent contribution
 A restricted SCF calculation will be
 performed using GDM
 SCF converges when RMS gradient is below 1.0e-10
 User-specified cutoff of 10e-14
 used for neglect of 2-electron integrals.
 A cutoff of 10e-14
 used for neglect of overlap integrals.
 Incremental Fock algorithm is on at the start.
 ---------------------------------------
  Cycle       Energy        RMS Gradient
 ---------------------------------------
    1    -189.7516406566      3.97e-02   Normal BFGS step
    2    -189.7640376682      5.23e-02   Normal BFGS step
    3    -189.7626774433      7.07e-02  Line search: overstep
    4    -189.7666829774      7.87e-03   Normal BFGS step
    5    -189.7670680628      5.12e-03   Normal BFGS step
    6    -189.7671531879      3.04e-03   Normal BFGS step
    7    -189.7671639104      1.32e-03   Normal BFGS step
    8    -189.7671684533      4.83e-04   Normal BFGS step
    9    -189.7671693936      9.39e-05   Normal BFGS step
   10    -189.7671695064      1.41e-05   Normal BFGS step
   11    -189.7671695082      2.12e-06   Normal BFGS step
   12    -189.7671695083      3.39e-07   Normal BFGS step
   13    -189.7671695083      5.97e-08   Normal BFGS step
   14    -189.7671695083      1.18e-08   Normal BFGS step
   15    -189.7671695083      1.37e-08   Normal BFGS step
   16    -189.7671695083      1.63e-08   Normal BFGS step
   17    -189.7671695083      8.29e-10   Normal BFGS step
   18    -189.7671695083      5.57e-10   Normal BFGS step
   19    -189.7671695083      4.73e-10   Normal BFGS step
   20    -189.7671695083      1.51e-10   Normal BFGS step
  GDM::WARNING energy changes are now smaller than effective accuracy.
  GDM::        calculation will continue, but THRESH should be increased
  GDM::        or SCF_CONVERGENCE decreased. 
  GDM::        effective_thresh = 3.43e-09
   21    -189.7671695083      3.19e-11  Convergence criterion met
 ---------------------------------------
 SCF time:   CPU 14.31s  wall 1.00s 
 SCF   energy =  -189.76716951
 Total energy =  -189.76716951
 Integrated density by DFT XC:
   Number of electrons = 24
   Numerical integral  =    23.999999962980
   Relative error      =     0.0000001542 %

 --------------------------------------------------------------

                    Orbital Energies (a.u.)
 --------------------------------------------------------------

 Alpha MOs
 -- Occupied --
-19.1906 -19.1525 -10.3225  -1.1236  -1.0446  -0.6539  -0.5146  -0.4933
 -0.4564  -0.4118  -0.3361  -0.2970
 -- Virtual --
  0.0106   0.0539   0.0974   0.2400   0.2610   0.4434   0.4620   0.5466
  0.5749   0.6724   0.7445   0.8429   0.9121   0.9550   0.9626   1.0072
  1.0813   1.0930   1.1769   1.3441   1.3489   1.5287   1.5696   1.6750
  1.7165   1.7596   1.8709   2.0506   2.3017   2.3314   2.5970   2.6998
  2.8309   2.8789   3.1051   3.1422   3.1739   3.4685   3.5211   3.6657
 --------------------------------------------------------------

          Ground-State Mulliken Net Atomic Charges

     Atom                 Charge (a.u.)
  ----------------------------------------
      1 C                     0.211669
      2 O                    -0.193764
      3 O                    -0.170612
      4 H                     0.004526
      5 H                     0.148182
  ----------------------------------------
  Sum of atomic charges =     0.000000

 -----------------------------------------------------------------
                    Cartesian Multipole Moments
 -----------------------------------------------------------------
    Charge (ESU x 10^10)
                -0.0000
    Dipole Moment (Debye)
         X       0.2728      Y      -0.1429      Z      -1.0198
       Tot       1.0653
    Quadrupole Moments (Debye-Ang)
        XX     -13.3892     XY      -0.0402     YY     -16.6249
        XZ      -0.6232     YZ      -1.2690     ZZ     -25.1483
    Octopole Moments (Debye-Ang^2)
       XXX      12.8423    XXY      -4.4314    XYY       4.2674
       YYY     -15.1947    XXZ     -31.1283    XYZ      -0.2285
       YYZ     -36.1305    XZZ       2.2503    YZZ     -11.4199
       ZZZ    -149.6368
    Hexadecapole Moments (Debye-Ang^3)
      XXXX     -35.0216   XXXY       4.3468   XXYY     -10.6584
      XYYY       4.4019   YYYY     -23.5476   XXXZ      30.9861
      XXYZ     -12.0485   XYYZ      10.6613   YYYZ     -38.8295
      XXZZ     -93.3498   XYZZ       1.1910   YYZZ     -99.2833
      XZZZ      29.5851   YZZZ     -64.8443   ZZZZ    -732.6385
 -----------------------------------------------------------------
 Eng[7,1] = -1.89767170e+02
 points done 50/90
 CoordNormalMode -7 , -2 , 0
 ----------------------------------------------------------------
             Standard Nuclear Orientation (Angstroms)
    I     Atom           X                Y                Z
 ----------------------------------------------------------------
    1      C      -0.6505240847     0.3043427454     2.2112250832
    2      O       0.0193339760     0.1613493120     1.0788955794
    3      O      -0.1072138048     0.4825679469     3.3324784686
    4      H      -1.7543852901     0.2605016884     2.0682878752
    5      H       0.9769872929     0.1486965947     1.2779322977
 ----------------------------------------------------------------
 Nuclear Repulsion Energy =          69.19321353 hartrees
 There are       12 alpha and       12 beta electrons

                       Distance Matrix (Angstroms)
             C (  1)   O (  2)   O (  3)   H (  4)
   O (  2)  1.323377
   O (  3)  1.258634  2.279875
   H (  4)  1.113940  2.033423  2.088221
   H (  5)  1.882566  0.978200  2.346939  2.845621

 Requested basis set is cc-pVDZ
 There are 24 shells and 52 basis functions
 A cutoff of  1.0D-14 yielded    299 shell pairs
 There are      1431 function pairs (      1608 Cartesian)
 Smallest overlap matrix eigenvalue = 1.40E-02
 Guess MOs from SCF MO coefficient file

 -----------------------------------------------------------------------
  General SCF calculation program by
  Eric Jon Sundstrom, Paul Horn, Yuezhi Mao, Dmitri Zuev, Alec White,
  David Stuck, Shaama M.S., Shane Yost, Joonho Lee, David Small,
  Daniel Levine, Susi Lehtola, Hugh Burton, Evgeny Epifanovsky,
  Bang C. Huynh
 -----------------------------------------------------------------------
 Exchange:     0.2000 Hartree-Fock + 0.0800 Slater + 0.7200 B88
 Correlation:  0.1900 VWN1RPA + 0.8100 LYP
 Using Euler-Maclaurin-Lebedev (99,590) quadrature formula
Added inc_jk
Added qchem_hcore
Added xc
Added P-dependent contribution
 A restricted SCF calculation will be
 performed using GDM
 SCF converges when RMS gradient is below 1.0e-10
 User-specified cutoff of 10e-14
 used for neglect of 2-electron integrals.
 A cutoff of 10e-14
 used for neglect of overlap integrals.
 Incremental Fock algorithm is on at the start.
 ---------------------------------------
  Cycle       Energy        RMS Gradient
 ---------------------------------------
    1    -189.7539854521      3.77e-02   Normal BFGS step
    2    -189.7645120798      6.52e-02   Normal BFGS step
    3    -189.7632369128      7.81e-02  Line search: overstep
    4    -189.7678131331      9.33e-03   Normal BFGS step
    5    -189.7683027045      3.62e-03   Normal BFGS step
    6    -189.7683888049      2.48e-03   Normal BFGS step
    7    -189.7683987557      1.41e-03   Normal BFGS step
    8    -189.7684018170      4.37e-04   Normal BFGS step
    9    -189.7684027870      1.18e-04   Normal BFGS step
   10    -189.7684029350      2.14e-05   Normal BFGS step
   11    -189.7684029381      2.69e-06   Normal BFGS step
   12    -189.7684029381      4.30e-07   Normal BFGS step
   13    -189.7684029381      7.86e-08   Normal BFGS step
   14    -189.7684029381      2.40e-08   Normal BFGS step
   15    -189.7684029381      4.41e-08   Normal BFGS step
   16    -189.7684029381      3.61e-08   Normal BFGS step
   17    -189.7684029381      1.53e-09   Normal BFGS step
   18    -189.7684029381      6.86e-10   Normal BFGS step
   19    -189.7684029381      3.00e-10   Normal BFGS step
   20    -189.7684029381      2.53e-10   Normal BFGS step
  GDM::WARNING energy changes are now smaller than effective accuracy.
  GDM::        calculation will continue, but THRESH should be increased
  GDM::        or SCF_CONVERGENCE decreased. 
  GDM::        effective_thresh = 6.22e-09
   21    -189.7684029381      2.85e-11  Convergence criterion met
 ---------------------------------------
 SCF time:   CPU 14.27s  wall 2.00s 
 SCF   energy =  -189.76840294
 Total energy =  -189.76840294
 Integrated density by DFT XC:
   Number of electrons = 24
   Numerical integral  =    23.999999972669
   Relative error      =     0.0000001139 %

 --------------------------------------------------------------

                    Orbital Energies (a.u.)
 --------------------------------------------------------------

 Alpha MOs
 -- Occupied --
-19.2094 -19.1373 -10.3309  -1.1189  -1.0041  -0.6739  -0.5214  -0.4881
 -0.4477  -0.3971  -0.3208  -0.2804
 -- Virtual --
 -0.0114   0.0437   0.0907   0.2414   0.2577   0.4487   0.4698   0.5186
  0.5736   0.5945   0.7225   0.8767   0.9057   0.9304   0.9648   1.0269
  1.0861   1.0944   1.1543   1.3515   1.3707   1.4630   1.5697   1.6543
  1.6963   1.7201   1.8701   2.0282   2.2311   2.3029   2.6107   2.6849
  2.8116   2.8731   3.0208   3.0892   3.1559   3.3694   3.4563   3.6302
 --------------------------------------------------------------

          Ground-State Mulliken Net Atomic Charges

     Atom                 Charge (a.u.)
  ----------------------------------------
      1 C                     0.224457
      2 O                    -0.140320
      3 O                    -0.285524
      4 H                     0.037139
      5 H                     0.164248
  ----------------------------------------
  Sum of atomic charges =     0.000000

 -----------------------------------------------------------------
                    Cartesian Multipole Moments
 -----------------------------------------------------------------
    Charge (ESU x 10^10)
                 0.0000
    Dipole Moment (Debye)
         X       0.1157      Y      -0.3659      Z      -1.7880
       Tot       1.8287
    Quadrupole Moments (Debye-Ang)
        XX     -12.8303     XY      -0.1820     YY     -16.9312
        XZ      -0.9463     YZ      -1.9200     ZZ     -28.7935
    Octopole Moments (Debye-Ang^2)
       XXX      12.0696    XXY      -4.4426    XYY       4.3707
       YYY     -15.5545    XXZ     -30.3341    XYZ      -0.3958
       YYZ     -37.2895    XZZ       1.9021    YZZ     -13.4369
       ZZZ    -164.0989
    Hexadecapole Moments (Debye-Ang^3)
      XXXX     -33.8718   XXXY       3.8985   XXYY     -11.0295
      XYYY       4.4154   YYYY     -24.2335   XXXZ      28.3086
      XXYZ     -12.1550   XYYZ      10.7533   YYYZ     -40.1062
      XXZZ     -93.0126   XYZZ       1.1060   YYZZ    -103.1988
      XZZZ      29.8267   YZZZ     -71.6157   ZZZZ    -787.9602
 -----------------------------------------------------------------
 Eng[-7,-2] = -1.89768403e+02
 points done 51/90
 CoordNormalMode 7 , 2 , 0
 ----------------------------------------------------------------
             Standard Nuclear Orientation (Angstroms)
    I     Atom           X                Y                Z
 ----------------------------------------------------------------
    1      C      -0.6260200162     0.3230378189     2.2716169446
    2      O       0.0182162255     0.1504743915     1.0734988334
    3      O      -0.1267746533     0.4716679991     3.2932489305
    4      H      -1.7068669892     0.2765029613     2.0357685838
    5      H       0.9658873439     0.2556785419     1.2996274036
 ----------------------------------------------------------------
 Nuclear Repulsion Energy =          70.90087508 hartrees
 There are       12 alpha and       12 beta electrons

                       Distance Matrix (Angstroms)
             C (  1)   O (  2)   O (  3)   H (  4)
   O (  2)  1.371242
   O (  3)  1.146764  2.247549
   H (  4)  1.107258  1.979333  2.028802
   H (  5)  1.866406  0.979940  2.283657  2.772355

 Requested basis set is cc-pVDZ
 There are 24 shells and 52 basis functions
 A cutoff of  1.0D-14 yielded    299 shell pairs
 There are      1431 function pairs (      1608 Cartesian)
 Smallest overlap matrix eigenvalue = 1.34E-02
 Guess MOs from SCF MO coefficient file

 -----------------------------------------------------------------------
  General SCF calculation program by
  Eric Jon Sundstrom, Paul Horn, Yuezhi Mao, Dmitri Zuev, Alec White,
  David Stuck, Shaama M.S., Shane Yost, Joonho Lee, David Small,
  Daniel Levine, Susi Lehtola, Hugh Burton, Evgeny Epifanovsky,
  Bang C. Huynh
 -----------------------------------------------------------------------
 Exchange:     0.2000 Hartree-Fock + 0.0800 Slater + 0.7200 B88
 Correlation:  0.1900 VWN1RPA + 0.8100 LYP
 Using Euler-Maclaurin-Lebedev (99,590) quadrature formula
Added inc_jk
Added qchem_hcore
Added xc
Added P-dependent contribution
 A restricted SCF calculation will be
 performed using GDM
 SCF converges when RMS gradient is below 1.0e-10
 User-specified cutoff of 10e-14
 used for neglect of 2-electron integrals.
 A cutoff of 10e-14
 used for neglect of overlap integrals.
 Incremental Fock algorithm is on at the start.
 ---------------------------------------
  Cycle       Energy        RMS Gradient
 ---------------------------------------
    1    -189.7524005398      3.92e-02   Normal BFGS step
    2    -189.7640858889      5.22e-02   Normal BFGS step
    3    -189.7630302432      6.82e-02  Line search: overstep
    4    -189.7667545576      7.84e-03   Normal BFGS step
    5    -189.7671491147      4.67e-03   Normal BFGS step
    6    -189.7672413127      2.74e-03   Normal BFGS step
    7    -189.7672505847      1.36e-03   Normal BFGS step
    8    -189.7672547065      4.78e-04   Normal BFGS step
    9    -189.7672555598      1.01e-04   Normal BFGS step
   10    -189.7672556912      1.30e-05   Normal BFGS step
   11    -189.7672556932      2.44e-06   Normal BFGS step
   12    -189.7672556932      5.18e-07   Normal BFGS step
   13    -189.7672556932      8.97e-08   Normal BFGS step
   14    -189.7672556932      2.05e-08   Normal BFGS step
   15    -189.7672556932      3.52e-08   Normal BFGS step
   16    -189.7672556932      2.07e-08   Normal BFGS step
   17    -189.7672556932      1.27e-09   Normal BFGS step
   18    -189.7672556932      8.79e-10   Normal BFGS step
   19    -189.7672556932      1.02e-09   Normal BFGS step
   20    -189.7672556932      1.24e-10   Normal BFGS step
  GDM::WARNING energy changes are now smaller than effective accuracy.
  GDM::        calculation will continue, but THRESH should be increased
  GDM::        or SCF_CONVERGENCE decreased. 
  GDM::        effective_thresh = 3.73e-09
   21    -189.7672556932      3.58e-11  Convergence criterion met
 ---------------------------------------
 SCF time:   CPU 14.29s  wall 2.00s 
 SCF   energy =  -189.76725569
 Total energy =  -189.76725569
 Integrated density by DFT XC:
   Number of electrons = 24
   Numerical integral  =    23.999999952496
   Relative error      =     0.0000001979 %

 --------------------------------------------------------------

                    Orbital Energies (a.u.)
 --------------------------------------------------------------

 Alpha MOs
 -- Occupied --
-19.1896 -19.1511 -10.3219  -1.1260  -1.0430  -0.6530  -0.5152  -0.4931
 -0.4574  -0.4128  -0.3348  -0.2968
 -- Virtual --
  0.0107   0.0549   0.0964   0.2463   0.2582   0.4426   0.4606   0.5507
  0.5736   0.6749   0.7438   0.8430   0.9134   0.9555   0.9617   1.0065
  1.0743   1.0945   1.1776   1.3423   1.3494   1.5169   1.5851   1.6765
  1.7168   1.7575   1.8713   2.0467   2.3054   2.3360   2.5972   2.7028
  2.8336   2.8881   3.1082   3.1355   3.1690   3.4827   3.5218   3.6584
 --------------------------------------------------------------

          Ground-State Mulliken Net Atomic Charges

     Atom                 Charge (a.u.)
  ----------------------------------------
      1 C                     0.210152
      2 O                    -0.191914
      3 O                    -0.173555
      4 H                     0.006709
      5 H                     0.148608
  ----------------------------------------
  Sum of atomic charges =     0.000000

 -----------------------------------------------------------------
                    Cartesian Multipole Moments
 -----------------------------------------------------------------
    Charge (ESU x 10^10)
                 0.0000
    Dipole Moment (Debye)
         X       0.1811      Y      -0.0345      Z      -0.9901
       Tot       1.0071
    Quadrupole Moments (Debye-Ang)
        XX     -13.3007     XY       0.0507     YY     -16.5624
        XZ      -0.7342     YZ      -1.1125     ZZ     -25.0694
    Octopole Moments (Debye-Ang^2)
       XXX      12.6545    XXY      -4.3033    XYY       4.3085
       YYY     -15.2271    XXZ     -30.8642    XYZ      -0.1262
       YYZ     -36.0574    XZZ       2.0477    YZZ     -11.2128
       ZZZ    -149.4688
    Hexadecapole Moments (Debye-Ang^3)
      XXXX     -35.2113   XXXY       4.3752   XXYY     -10.6620
      XYYY       4.4068   YYYY     -23.5630   XXXZ      30.5267
      XXYZ     -11.7927   XYYZ      10.6572   YYYZ     -38.7956
      XXZZ     -92.5030   XYZZ       1.2767   YYZZ     -98.9192
      XZZZ      28.9371   YZZZ     -64.4888   ZZZZ    -730.4040
 -----------------------------------------------------------------
 Eng[7,2] = -1.89767256e+02
 points done 52/90
 CoordNormalMode -7 , -3 , 0
 ----------------------------------------------------------------
             Standard Nuclear Orientation (Angstroms)
    I     Atom           X                Y                Z
 ----------------------------------------------------------------
    1      C      -0.6507885124     0.3202043525     2.2089302068
    2      O       0.0194452020     0.1546207706     1.0798745802
    3      O      -0.1071234028     0.4772269610     3.3332445838
    4      H      -1.7537282172     0.2197832582     2.0741788815
    5      H       0.9762787336     0.1921056749     1.2716697434
 ----------------------------------------------------------------
 Nuclear Repulsion Energy =          69.19454454 hartrees
 There are       12 alpha and       12 beta electrons

                       Distance Matrix (Angstroms)
             C (  1)   O (  2)   O (  3)   H (  4)
   O (  2)  1.323404
   O (  3)  1.258694  2.279862
   H (  4)  1.115669  2.033969  2.088739
   H (  5)  1.882077  0.976586  2.346305  2.845650

 Requested basis set is cc-pVDZ
 There are 24 shells and 52 basis functions
 A cutoff of  1.0D-14 yielded    299 shell pairs
 There are      1431 function pairs (      1608 Cartesian)
 Smallest overlap matrix eigenvalue = 1.39E-02
 Guess MOs from SCF MO coefficient file

 -----------------------------------------------------------------------
  General SCF calculation program by
  Eric Jon Sundstrom, Paul Horn, Yuezhi Mao, Dmitri Zuev, Alec White,
  David Stuck, Shaama M.S., Shane Yost, Joonho Lee, David Small,
  Daniel Levine, Susi Lehtola, Hugh Burton, Evgeny Epifanovsky,
  Bang C. Huynh
 -----------------------------------------------------------------------
 Exchange:     0.2000 Hartree-Fock + 0.0800 Slater + 0.7200 B88
 Correlation:  0.1900 VWN1RPA + 0.8100 LYP
 Using Euler-Maclaurin-Lebedev (99,590) quadrature formula
Added inc_jk
Added qchem_hcore
Added xc
Added P-dependent contribution
 A restricted SCF calculation will be
 performed using GDM
 SCF converges when RMS gradient is below 1.0e-10
 User-specified cutoff of 10e-14
 used for neglect of 2-electron integrals.
 A cutoff of 10e-14
 used for neglect of overlap integrals.
 Incremental Fock algorithm is on at the start.
 ---------------------------------------
  Cycle       Energy        RMS Gradient
 ---------------------------------------
    1    -189.7543658582      3.69e-02   Normal BFGS step
    2    -189.7642969345      6.51e-02   Normal BFGS step
    3    -189.7632859223      7.59e-02  Line search: overstep
    4    -189.7675876794      9.31e-03   Normal BFGS step
    5    -189.7680730803      3.98e-03   Normal BFGS step
    6    -189.7681714117      2.62e-03   Normal BFGS step
    7    -189.7681814626      1.54e-03   Normal BFGS step
    8    -189.7681852321      4.37e-04   Normal BFGS step
    9    -189.7681862305      1.22e-04   Normal BFGS step
   10    -189.7681864002      2.17e-05   Normal BFGS step
   11    -189.7681864030      2.75e-06   Normal BFGS step
   12    -189.7681864031      4.66e-07   Normal BFGS step
   13    -189.7681864031      7.86e-08   Normal BFGS step
   14    -189.7681864031      2.00e-08   Normal BFGS step
   15    -189.7681864031      3.93e-08   Normal BFGS step
   16    -189.7681864031      2.97e-08   Normal BFGS step
   17    -189.7681864031      1.55e-09   Normal BFGS step
   18    -189.7681864031      5.89e-10   Normal BFGS step
   19    -189.7681864031      7.30e-10   Normal BFGS step
   20    -189.7681864031      1.81e-10   Normal BFGS step
   21    -189.7681864031      2.45e-11  Convergence criterion met
 ---------------------------------------
 SCF time:   CPU 14.30s  wall 2.00s 
 SCF   energy =  -189.76818640
 Total energy =  -189.76818640
 Integrated density by DFT XC:
   Number of electrons = 24
   Numerical integral  =    23.999999983650
   Relative error      =     0.0000000681 %

 --------------------------------------------------------------

                    Orbital Energies (a.u.)
 --------------------------------------------------------------

 Alpha MOs
 -- Occupied --
-19.2094 -19.1374 -10.3310  -1.1192  -1.0042  -0.6741  -0.5212  -0.4881
 -0.4477  -0.3972  -0.3208  -0.2804
 -- Virtual --
 -0.0120   0.0443   0.0907   0.2414   0.2578   0.4486   0.4698   0.5185
  0.5733   0.5950   0.7222   0.8766   0.9055   0.9303   0.9653   1.0269
  1.0853   1.0949   1.1529   1.3491   1.3744   1.4637   1.5676   1.6542
  1.6952   1.7213   1.8700   2.0300   2.2307   2.3007   2.6108   2.6843
  2.8117   2.8735   3.0164   3.0932   3.1554   3.3685   3.4557   3.6320
 --------------------------------------------------------------

          Ground-State Mulliken Net Atomic Charges

     Atom                 Charge (a.u.)
  ----------------------------------------
      1 C                     0.223584
      2 O                    -0.139133
      3 O                    -0.285423
      4 H                     0.037724
      5 H                     0.163247
  ----------------------------------------
  Sum of atomic charges =     0.000000

 -----------------------------------------------------------------
                    Cartesian Multipole Moments
 -----------------------------------------------------------------
    Charge (ESU x 10^10)
                 0.0000
    Dipole Moment (Debye)
         X       0.1169      Y      -0.2744      Z      -1.8002
       Tot       1.8247
    Quadrupole Moments (Debye-Ang)
        XX     -12.8379     XY      -0.0548     YY     -16.8963
        XZ      -0.9620     YZ      -1.8035     ZZ     -28.8230
    Octopole Moments (Debye-Ang^2)
       XXX      12.0898    XXY      -4.4783    XYY       4.4160
       YYY     -15.5754    XXZ     -30.3438    XYZ      -0.2189
       YYZ     -37.2490    XZZ       1.8592    YZZ     -13.3240
       ZZZ    -164.1336
    Hexadecapole Moments (Debye-Ang^3)
      XXXX     -33.9283   XXXY       4.1775   XXYY     -11.0585
      XYYY       4.3530   YYYY     -24.2892   XXXZ      28.3118
      XXYZ     -12.2873   XYYZ      10.8182   YYYZ     -40.1728
      XXZZ     -93.0060   XYZZ       1.3318   YYZZ    -103.1802
      XZZZ      29.7555   YZZZ     -71.6411   ZZZZ    -787.8901
 -----------------------------------------------------------------
 Eng[-7,-3] = -1.89768186e+02
 points done 53/90
 CoordNormalMode 7 , 3 , 0
 ----------------------------------------------------------------
             Standard Nuclear Orientation (Angstroms)
    I     Atom           X                Y                Z
 ----------------------------------------------------------------
    1      C      -0.6257555885     0.3071762118     2.2739118210
    2      O       0.0181049995     0.1572029328     1.0725198325
    3      O      -0.1268650553     0.4770089850     3.2924828153
    4      H      -1.7075240621     0.3172213915     2.0298775776
    5      H       0.9665959032     0.2122694617     1.3058899579
 ----------------------------------------------------------------
 Nuclear Repulsion Energy =          70.90150169 hartrees
 There are       12 alpha and       12 beta electrons

                       Distance Matrix (Angstroms)
             C (  1)   O (  2)   O (  3)   H (  4)
   O (  2)  1.371274
   O (  3)  1.146831  2.247560
   H (  4)  1.108998  1.979883  2.029332
   H (  5)  1.865920  0.978330  2.283045  2.772380

 Requested basis set is cc-pVDZ
 There are 24 shells and 52 basis functions
 A cutoff of  1.0D-14 yielded    299 shell pairs
 There are      1431 function pairs (      1608 Cartesian)
 Smallest overlap matrix eigenvalue = 1.34E-02
 Guess MOs from SCF MO coefficient file

 -----------------------------------------------------------------------
  General SCF calculation program by
  Eric Jon Sundstrom, Paul Horn, Yuezhi Mao, Dmitri Zuev, Alec White,
  David Stuck, Shaama M.S., Shane Yost, Joonho Lee, David Small,
  Daniel Levine, Susi Lehtola, Hugh Burton, Evgeny Epifanovsky,
  Bang C. Huynh
 -----------------------------------------------------------------------
 Exchange:     0.2000 Hartree-Fock + 0.0800 Slater + 0.7200 B88
 Correlation:  0.1900 VWN1RPA + 0.8100 LYP
 Using Euler-Maclaurin-Lebedev (99,590) quadrature formula
Added inc_jk
Added qchem_hcore
Added xc
Added P-dependent contribution
 A restricted SCF calculation will be
 performed using GDM
 SCF converges when RMS gradient is below 1.0e-10
 User-specified cutoff of 10e-14
 used for neglect of 2-electron integrals.
 A cutoff of 10e-14
 used for neglect of overlap integrals.
 Incremental Fock algorithm is on at the start.
 ---------------------------------------
  Cycle       Energy        RMS Gradient
 ---------------------------------------
    1    -189.7530939649      3.86e-02   Normal BFGS step
    2    -189.7639959776      5.08e-02   Normal BFGS step
    3    -189.7631180568      6.55e-02  Line search: overstep
    4    -189.7665685817      7.82e-03   Normal BFGS step
    5    -189.7669476050      4.81e-03   Normal BFGS step
    6    -189.7670463060      2.63e-03   Normal BFGS step
    7    -189.7670549907      1.37e-03   Normal BFGS step
    8    -189.7670591691      4.70e-04   Normal BFGS step
    9    -189.7670599942      1.00e-04   Normal BFGS step
   10    -189.7670601289      1.29e-05   Normal BFGS step
   11    -189.7670601306      2.18e-06   Normal BFGS step
   12    -189.7670601307      4.01e-07   Normal BFGS step
   13    -189.7670601307      8.82e-08   Normal BFGS step
   14    -189.7670601307      1.92e-08   Normal BFGS step
   15    -189.7670601307      3.29e-08   Normal BFGS step
   16    -189.7670601307      2.15e-08   Normal BFGS step
   17    -189.7670601307      1.21e-09   Normal BFGS step
   18    -189.7670601307      9.26e-10   Normal BFGS step
   19    -189.7670601307      9.81e-10   Normal BFGS step
   20    -189.7670601307      1.29e-10   Normal BFGS step
   21    -189.7670601307      3.37e-11  Convergence criterion met
 ---------------------------------------
 SCF time:   CPU 14.34s  wall 2.00s 
 SCF   energy =  -189.76706013
 Total energy =  -189.76706013
 Integrated density by DFT XC:
   Number of electrons = 24
   Numerical integral  =    23.999999935277
   Relative error      =     0.0000002697 %

 --------------------------------------------------------------

                    Orbital Energies (a.u.)
 --------------------------------------------------------------

 Alpha MOs
 -- Occupied --
-19.1896 -19.1512 -10.3221  -1.1261  -1.0433  -0.6531  -0.5151  -0.4931
 -0.4574  -0.4128  -0.3349  -0.2968
 -- Virtual --
  0.0100   0.0555   0.0964   0.2464   0.2582   0.4425   0.4606   0.5508
  0.5733   0.6749   0.7438   0.8429   0.9134   0.9548   0.9627   1.0063
  1.0738   1.0945   1.1761   1.3355   1.3581   1.5174   1.5835   1.6751
  1.7175   1.7572   1.8713   2.0491   2.3048   2.3331   2.5975   2.7016
  2.8337   2.8889   3.1045   3.1305   3.1763   3.4818   3.5217   3.6595
 --------------------------------------------------------------

          Ground-State Mulliken Net Atomic Charges

     Atom                 Charge (a.u.)
  ----------------------------------------
      1 C                     0.209246
      2 O                    -0.190764
      3 O                    -0.173434
      4 H                     0.007245
      5 H                     0.147708
  ----------------------------------------
  Sum of atomic charges =     0.000000

 -----------------------------------------------------------------
                    Cartesian Multipole Moments
 -----------------------------------------------------------------
    Charge (ESU x 10^10)
                 0.0000
    Dipole Moment (Debye)
         X       0.1863      Y      -0.1314      Z      -0.9753
       Tot       1.0016
    Quadrupole Moments (Debye-Ang)
        XX     -13.3014     XY      -0.0604     YY     -16.6137
        XZ      -0.7092     YZ      -1.2598     ZZ     -25.0218
    Octopole Moments (Debye-Ang^2)
       XXX      12.6758    XXY      -4.2891    XYY       4.2617
       YYY     -15.2307    XXZ     -30.8726    XYZ      -0.2681
       YYZ     -36.1344    XZZ       2.1079    YZZ     -11.4302
       ZZZ    -149.3552
    Hexadecapole Moments (Debye-Ang^3)
      XXXX     -35.2414   XXXY       4.1815   XXYY     -10.6534
      XYYY       4.4864   YYYY     -23.5397   XXXZ      30.5952
      XXYZ     -11.7208   XYYZ      10.5954   YYYZ     -38.7679
      XXZZ     -92.5491   XYZZ       1.1371   YYZZ     -99.0372
      XZZZ      29.0435   YZZZ     -64.7815   ZZZZ    -730.1681
 -----------------------------------------------------------------
 Eng[7,3] = -1.89767060e+02
 points done 54/90
 CoordNormalMode -7 , -4 , 0
 ----------------------------------------------------------------
             Standard Nuclear Orientation (Angstroms)
    I     Atom           X                Y                Z
 ----------------------------------------------------------------
    1      C      -0.6601377411     0.3098889320     2.2176000440
    2      O       0.0257029349     0.1543955542     1.0649362492
    3      O      -0.1052347794     0.4809647951     3.3381423947
    4      H      -1.7668734123     0.2738850690     2.0932777293
    5      H       0.9714551329     0.2050797024     1.3086906474
 ----------------------------------------------------------------
 Nuclear Repulsion Energy =          68.62585319 hartrees
 There are       12 alpha and       12 beta electrons

                       Distance Matrix (Angstroms)
             C (  1)   O (  2)   O (  3)   H (  4)
   O (  2)  1.350255
   O (  3)  1.262062  2.300274
   H (  4)  1.114278  2.070047  2.086531
   H (  5)  1.870614  0.977974  2.313882  2.849343

 Requested basis set is cc-pVDZ
 There are 24 shells and 52 basis functions
 A cutoff of  1.0D-14 yielded    299 shell pairs
 There are      1431 function pairs (      1608 Cartesian)
 Smallest overlap matrix eigenvalue = 1.43E-02
 Guess MOs from SCF MO coefficient file

 -----------------------------------------------------------------------
  General SCF calculation program by
  Eric Jon Sundstrom, Paul Horn, Yuezhi Mao, Dmitri Zuev, Alec White,
  David Stuck, Shaama M.S., Shane Yost, Joonho Lee, David Small,
  Daniel Levine, Susi Lehtola, Hugh Burton, Evgeny Epifanovsky,
  Bang C. Huynh
 -----------------------------------------------------------------------
 Exchange:     0.2000 Hartree-Fock + 0.0800 Slater + 0.7200 B88
 Correlation:  0.1900 VWN1RPA + 0.8100 LYP
 Using Euler-Maclaurin-Lebedev (99,590) quadrature formula
Added inc_jk
Added qchem_hcore
Added xc
Added P-dependent contribution
 A restricted SCF calculation will be
 performed using GDM
 SCF converges when RMS gradient is below 1.0e-10
 User-specified cutoff of 10e-14
 used for neglect of 2-electron integrals.
 A cutoff of 10e-14
 used for neglect of overlap integrals.
 Incremental Fock algorithm is on at the start.
 ---------------------------------------
  Cycle       Energy        RMS Gradient
 ---------------------------------------
    1    -189.7553106275      3.42e-02   Normal BFGS step
    2    -189.7642965252      6.13e-02   Normal BFGS step
    3    -189.7635281243      7.05e-02  Line search: overstep
    4    -189.7673195095      9.48e-03   Normal BFGS step
    5    -189.7677370764      5.10e-03   Normal BFGS step
    6    -189.7678875043      2.19e-03   Normal BFGS step
    7    -189.7678951145      1.61e-03   Normal BFGS step
    8    -189.7678988034      4.39e-04   Normal BFGS step
    9    -189.7678997993      1.09e-04   Normal BFGS step
   10    -189.7678999757      2.48e-05   Normal BFGS step
   11    -189.7678999780      2.23e-06   Normal BFGS step
   12    -189.7678999781      4.29e-07   Normal BFGS step
   13    -189.7678999781      9.02e-08   Normal BFGS step
   14    -189.7678999781      1.69e-08   Normal BFGS step
   15    -189.7678999781      3.22e-08   Normal BFGS step
   16    -189.7678999781      2.97e-08   Normal BFGS step
   17    -189.7678999781      1.22e-09   Normal BFGS step
   18    -189.7678999781      5.18e-10   Normal BFGS step
   19    -189.7678999781      5.37e-10   Normal BFGS step
   20    -189.7678999781      1.65e-10   Normal BFGS step
  GDM::WARNING energy changes are now smaller than effective accuracy.
  GDM::        calculation will continue, but THRESH should be increased
  GDM::        or SCF_CONVERGENCE decreased. 
  GDM::        effective_thresh = 5.11e-09
   21    -189.7678999781      1.57e-11  Convergence criterion met
 ---------------------------------------
 SCF time:   CPU 14.36s  wall 1.00s 
 SCF   energy =  -189.76789998
 Total energy =  -189.76789998
 Integrated density by DFT XC:
   Number of electrons = 24
   Numerical integral  =    23.999999942869
   Relative error      =     0.0000002380 %

 --------------------------------------------------------------

                    Orbital Energies (a.u.)
 --------------------------------------------------------------

 Alpha MOs
 -- Occupied --
-19.2081 -19.1421 -10.3340  -1.1104  -1.0051  -0.6661  -0.5184  -0.4892
 -0.4421  -0.4017  -0.3224  -0.2833
 -- Virtual --
 -0.0175   0.0465   0.0882   0.2371   0.2426   0.4494   0.4632   0.5209
  0.5698   0.5920   0.7209   0.8744   0.9051   0.9376   0.9633   1.0200
  1.0756   1.0946   1.1533   1.3417   1.3676   1.4459   1.5755   1.6462
  1.6947   1.7128   1.8707   2.0293   2.2103   2.3053   2.6074   2.6817
  2.8124   2.8673   3.0231   3.0698   3.1239   3.3560   3.4319   3.6196
 --------------------------------------------------------------

          Ground-State Mulliken Net Atomic Charges

     Atom                 Charge (a.u.)
  ----------------------------------------
      1 C                     0.232838
      2 O                    -0.157795
      3 O                    -0.282975
      4 H                     0.043874
      5 H                     0.164058
  ----------------------------------------
  Sum of atomic charges =     0.000000

 -----------------------------------------------------------------
                    Cartesian Multipole Moments
 -----------------------------------------------------------------
    Charge (ESU x 10^10)
                -0.0000
    Dipole Moment (Debye)
         X      -0.0026      Y      -0.2341      Z      -1.6192
       Tot       1.6360
    Quadrupole Moments (Debye-Ang)
        XX     -12.7521     XY      -0.0994     YY     -16.9234
        XZ      -1.1303     YZ      -1.6882     ZZ     -28.2259
    Octopole Moments (Debye-Ang^2)
       XXX      11.7552    XXY      -4.2904    XYY       4.3983
       YYY     -15.6141    XXZ     -29.9986    XYZ      -0.3272
       YYZ     -37.2568    XZZ       1.4791    YZZ     -13.0299
       ZZZ    -162.5037
    Hexadecapole Moments (Debye-Ang^3)
      XXXX     -33.7991   XXXY       3.9332   XXYY     -11.0514
      XYYY       4.4722   YYYY     -24.3677   XXXZ      27.8511
      XXYZ     -11.9006   XYYZ      10.8468   YYYZ     -40.2874
      XXZZ     -92.3364   XYZZ       1.1066   YYZZ    -103.3303
      XZZZ      28.9000   YZZZ     -70.9736   ZZZZ    -784.8203
 -----------------------------------------------------------------
 Eng[-7,-4] = -1.89767900e+02
 points done 55/90
 CoordNormalMode 7 , 4 , 0
 ----------------------------------------------------------------
             Standard Nuclear Orientation (Angstroms)
    I     Atom           X                Y                Z
 ----------------------------------------------------------------
    1      C      -0.6164063598     0.3174916322     2.2652419838
    2      O       0.0118472666     0.1574281493     1.0874581636
    3      O      -0.1287536787     0.4732711509     3.2875850044
    4      H      -1.6943788671     0.2631195807     2.0107787298
    5      H       0.9714195039     0.1992954342     1.2688690538
 ----------------------------------------------------------------
 Nuclear Repulsion Energy =          71.48303424 hartrees
 There are       12 alpha and       12 beta electrons

                       Distance Matrix (Angstroms)
             C (  1)   O (  2)   O (  3)   H (  4)
   O (  2)  1.344432
   O (  3)  1.143354  2.227125
   H (  4)  1.108933  1.942910  2.031152
   H (  5)  1.878276  0.977467  2.315309  2.767848

 Requested basis set is cc-pVDZ
 There are 24 shells and 52 basis functions
 A cutoff of  1.0D-14 yielded    299 shell pairs
 There are      1431 function pairs (      1608 Cartesian)
 Smallest overlap matrix eigenvalue = 1.31E-02
 Guess MOs from SCF MO coefficient file

 -----------------------------------------------------------------------
  General SCF calculation program by
  Eric Jon Sundstrom, Paul Horn, Yuezhi Mao, Dmitri Zuev, Alec White,
  David Stuck, Shaama M.S., Shane Yost, Joonho Lee, David Small,
  Daniel Levine, Susi Lehtola, Hugh Burton, Evgeny Epifanovsky,
  Bang C. Huynh
 -----------------------------------------------------------------------
 Exchange:     0.2000 Hartree-Fock + 0.0800 Slater + 0.7200 B88
 Correlation:  0.1900 VWN1RPA + 0.8100 LYP
 Using Euler-Maclaurin-Lebedev (99,590) quadrature formula
Added inc_jk
Added qchem_hcore
Added xc
Added P-dependent contribution
 A restricted SCF calculation will be
 performed using GDM
 SCF converges when RMS gradient is below 1.0e-10
 User-specified cutoff of 10e-14
 used for neglect of 2-electron integrals.
 A cutoff of 10e-14
 used for neglect of overlap integrals.
 Incremental Fock algorithm is on at the start.
 ---------------------------------------
  Cycle       Energy        RMS Gradient
 ---------------------------------------
    1    -189.7534024422      2.97e-02   Normal BFGS step
    2    -189.7636971846      4.44e-02   Normal BFGS step
    3    -189.7635042057      5.58e-02  Line search: overstep
    4    -189.7659792185      8.17e-03   Normal BFGS step
    5    -189.7662307465      6.20e-03   Normal BFGS step
    6    -189.7664253158      1.49e-03   Normal BFGS step
    7    -189.7664303443      1.04e-03   Normal BFGS step
    8    -189.7664324248      3.57e-04   Normal BFGS step
    9    -189.7664329285      8.56e-05   Normal BFGS step
   10    -189.7664330332      1.49e-05   Normal BFGS step
   11    -189.7664330343      1.70e-06   Normal BFGS step
   12    -189.7664330343      3.13e-07   Normal BFGS step
   13    -189.7664330343      7.00e-08   Normal BFGS step
   14    -189.7664330343      8.97e-09   Normal BFGS step
   15    -189.7664330343      1.23e-08   Normal BFGS step
   16    -189.7664330343      1.36e-08   Normal BFGS step
   17    -189.7664330343      8.08e-10   Normal BFGS step
   18    -189.7664330343      4.97e-10   Normal BFGS step
  GDM::WARNING energy changes are now smaller than effective accuracy.
  GDM::        calculation will continue, but THRESH should be increased
  GDM::        or SCF_CONVERGENCE decreased. 
  GDM::        effective_thresh = 2.16e-09
   19    -189.7664330343      2.17e-10   Normal BFGS step
   20    -189.7664330343      8.28e-11  Convergence criterion met
 ---------------------------------------
 SCF time:   CPU 13.71s  wall 1.00s 
 SCF   energy =  -189.76643303
 Total energy =  -189.76643303
 Integrated density by DFT XC:
   Number of electrons = 24
   Numerical integral  =    23.999999966537
   Relative error      =     0.0000001394 %

 --------------------------------------------------------------

                    Orbital Energies (a.u.)
 --------------------------------------------------------------

 Alpha MOs
 -- Occupied --
-19.1912 -19.1465 -10.3191  -1.1298  -1.0477  -0.6607  -0.5186  -0.4913
 -0.4607  -0.4083  -0.3359  -0.2948
 -- Virtual --
  0.0171   0.0528   0.0990   0.2493   0.2738   0.4420   0.4648   0.5444
  0.5785   0.6773   0.7514   0.8451   0.9132   0.9473   0.9653   1.0105
  1.0857   1.0944   1.1773   1.3477   1.3546   1.5315   1.5783   1.6841
  1.7183   1.7671   1.8763   2.0472   2.3211   2.3420   2.5993   2.7055
  2.8346   2.8943   3.0956   3.1738   3.1892   3.5053   3.5443   3.6669
 --------------------------------------------------------------

          Ground-State Mulliken Net Atomic Charges

     Atom                 Charge (a.u.)
  ----------------------------------------
      1 C                     0.201788
      2 O                    -0.173093
      3 O                    -0.174898
      4 H                    -0.000512
      5 H                     0.146715
  ----------------------------------------
  Sum of atomic charges =     0.000000

 -----------------------------------------------------------------
                    Cartesian Multipole Moments
 -----------------------------------------------------------------
    Charge (ESU x 10^10)
                 0.0000
    Dipole Moment (Debye)
         X       0.3054      Y      -0.1612      Z      -1.1493
       Tot       1.2000
    Quadrupole Moments (Debye-Ang)
        XX     -13.3898     XY      -0.0302     YY     -16.5849
        XZ      -0.5472     YZ      -1.3388     ZZ     -25.5879
    Octopole Moments (Debye-Ang^2)
       XXX      12.9863    XXY      -4.4384    XYY       4.2798
       YYY     -15.1762    XXZ     -31.1899    XYZ      -0.2020
       YYZ     -36.1081    XZZ       2.4562    YZZ     -11.6108
       ZZZ    -150.8770
    Hexadecapole Moments (Debye-Ang^3)
      XXXX     -35.3417   XXXY       4.3370   XXYY     -10.6591
      XYYY       4.3534   YYYY     -23.4186   XXXZ      30.9533
      XXYZ     -12.0086   XYYZ      10.5598   YYYZ     -38.6227
      XXZZ     -93.1002   XYZZ       1.2467   YYZZ     -98.8073
      XZZZ      29.7812   YZZZ     -65.1108   ZZZZ    -732.8992
 -----------------------------------------------------------------
 Eng[7,4] = -1.89766433e+02
 points done 56/90
 CoordNormalMode -7 , -5 , 0
 ----------------------------------------------------------------
             Standard Nuclear Orientation (Angstroms)
    I     Atom           X                Y                Z
 ----------------------------------------------------------------
    1      C      -0.6611314229     0.3097944315     2.2170601734
    2      O       0.0244953873     0.1565330227     1.0798419863
    3      O      -0.1047449632     0.4800224158     3.3315662995
    4      H      -1.7620090486     0.2678694559     2.0512092026
    5      H       0.9898131690     0.1932536778     1.2249905173
 ----------------------------------------------------------------
 Nuclear Repulsion Energy =          68.94257116 hartrees
 There are       12 alpha and       12 beta electrons

                       Distance Matrix (Angstroms)
             C (  1)   O (  2)   O (  3)   H (  4)
   O (  2)  1.336727
   O (  3)  1.257246  2.278511
   H (  4)  1.114090  2.036553  2.104958
   H (  5)  1.929612  0.976860  2.391225  2.874149

 Requested basis set is cc-pVDZ
 There are 24 shells and 52 basis functions
 A cutoff of  1.0D-14 yielded    299 shell pairs
 There are      1431 function pairs (      1608 Cartesian)
 Smallest overlap matrix eigenvalue = 1.42E-02
 Guess MOs from SCF MO coefficient file

 -----------------------------------------------------------------------
  General SCF calculation program by
  Eric Jon Sundstrom, Paul Horn, Yuezhi Mao, Dmitri Zuev, Alec White,
  David Stuck, Shaama M.S., Shane Yost, Joonho Lee, David Small,
  Daniel Levine, Susi Lehtola, Hugh Burton, Evgeny Epifanovsky,
  Bang C. Huynh
 -----------------------------------------------------------------------
 Exchange:     0.2000 Hartree-Fock + 0.0800 Slater + 0.7200 B88
 Correlation:  0.1900 VWN1RPA + 0.8100 LYP
 Using Euler-Maclaurin-Lebedev (99,590) quadrature formula
Added inc_jk
Added qchem_hcore
Added xc
Added P-dependent contribution
 A restricted SCF calculation will be
 performed using GDM
 SCF converges when RMS gradient is below 1.0e-10
 User-specified cutoff of 10e-14
 used for neglect of 2-electron integrals.
 A cutoff of 10e-14
 used for neglect of overlap integrals.
 Incremental Fock algorithm is on at the start.
 ---------------------------------------
  Cycle       Energy        RMS Gradient
 ---------------------------------------
    1    -189.7560305897      3.22e-02   Normal BFGS step
    2    -189.7645823988      5.88e-02   Normal BFGS step
    3    -189.7639872592      6.72e-02  Line search: overstep
    4    -189.7674048512      8.75e-03   Normal BFGS step
    5    -189.7677899308      5.22e-03   Normal BFGS step
    6    -189.7679469570      2.06e-03   Normal BFGS step
    7    -189.7679541764      1.50e-03   Normal BFGS step
    8    -189.7679576032      4.18e-04   Normal BFGS step
    9    -189.7679584599      1.12e-04   Normal BFGS step
   10    -189.7679586320      2.23e-05   Normal BFGS step
   11    -189.7679586339      2.05e-06   Normal BFGS step
   12    -189.7679586340      3.45e-07   Normal BFGS step
   13    -189.7679586340      7.72e-08   Normal BFGS step
   14    -189.7679586340      1.11e-08   Normal BFGS step
   15    -189.7679586340      2.06e-08   Normal BFGS step
   16    -189.7679586340      2.26e-08   Normal BFGS step
   17    -189.7679586340      1.06e-09   Normal BFGS step
   18    -189.7679586340      5.07e-10   Normal BFGS step
   19    -189.7679586340      3.25e-10   Normal BFGS step
   20    -189.7679586340      1.11e-10   Normal BFGS step
   21    -189.7679586340      2.06e-11  Convergence criterion met
 ---------------------------------------
 SCF time:   CPU 14.31s  wall 2.00s 
 SCF   energy =  -189.76795863
 Total energy =  -189.76795863
 Integrated density by DFT XC:
   Number of electrons = 24
   Numerical integral  =    23.999999975598
   Relative error      =     0.0000001017 %

 --------------------------------------------------------------

                    Orbital Energies (a.u.)
 --------------------------------------------------------------

 Alpha MOs
 -- Occupied --
-19.2045 -19.1383 -10.3321  -1.1106  -1.0037  -0.6742  -0.5222  -0.4826
 -0.4431  -0.3950  -0.3201  -0.2808
 -- Virtual --
 -0.0130   0.0440   0.0895   0.2390   0.2546   0.4499   0.4700   0.5088
  0.5744   0.5992   0.7222   0.8762   0.9083   0.9345   0.9659   1.0378
  1.0909   1.1002   1.1512   1.3631   1.3671   1.4664   1.5523   1.6445
  1.6936   1.7160   1.8671   2.0335   2.2484   2.2945   2.6087   2.6805
  2.8152   2.8642   2.9858   3.0881   3.1508   3.3729   3.4543   3.6396
 --------------------------------------------------------------

          Ground-State Mulliken Net Atomic Charges

     Atom                 Charge (a.u.)
  ----------------------------------------
      1 C                     0.229602
      2 O                    -0.155867
      3 O                    -0.280342
      4 H                     0.041072
      5 H                     0.165535
  ----------------------------------------
  Sum of atomic charges =     0.000000

 -----------------------------------------------------------------
                    Cartesian Multipole Moments
 -----------------------------------------------------------------
    Charge (ESU x 10^10)
                -0.0000
    Dipole Moment (Debye)
         X       0.0853      Y      -0.2577      Z      -1.7919
       Tot       1.8123
    Quadrupole Moments (Debye-Ang)
        XX     -12.6614     XY      -0.0994     YY     -16.9035
        XZ      -1.1369     YZ      -1.7622     ZZ     -28.7059
    Octopole Moments (Debye-Ang^2)
       XXX      11.9952    XXY      -4.3083    XYY       4.4025
       YYY     -15.5835    XXZ     -30.1480    XYZ      -0.3303
       YYZ     -37.2035    XZZ       1.4887    YZZ     -13.1903
       ZZZ    -163.4578
    Hexadecapole Moments (Debye-Ang^3)
      XXXX     -33.8015   XXXY       3.9789   XXYY     -11.0505
      XYYY       4.4601   YYYY     -24.2754   XXXZ      28.1711
      XXYZ     -11.9690   XYYZ      10.8241   YYYZ     -40.1376
      XXZZ     -92.8412   XYZZ       1.1552   YYZZ    -102.9942
      XZZZ      29.2794   YZZZ     -71.1927   ZZZZ    -785.2316
 -----------------------------------------------------------------
 Eng[-7,-5] = -1.89767959e+02
 points done 57/90
 CoordNormalMode 7 , 5 , 0
 ----------------------------------------------------------------
             Standard Nuclear Orientation (Angstroms)
    I     Atom           X                Y                Z
 ----------------------------------------------------------------
    1      C      -0.6154126780     0.3175861328     2.2657818544
    2      O       0.0130548142     0.1552906807     1.0725524265
    3      O      -0.1292434949     0.4742135302     3.2941610996
    4      H      -1.6992432307     0.2691351938     2.0528472565
    5      H       0.9530614678     0.2111214588     1.3525691840
 ----------------------------------------------------------------
 Nuclear Repulsion Energy =          71.13810468 hartrees
 There are       12 alpha and       12 beta electrons

                       Distance Matrix (Angstroms)
             C (  1)   O (  2)   O (  3)   H (  4)
   O (  2)  1.358347
   O (  3)  1.148241  2.248890
   H (  4)  1.105612  1.976336  2.011919
   H (  5)  1.818077  0.982415  2.238388  2.743807

 Requested basis set is cc-pVDZ
 There are 24 shells and 52 basis functions
 A cutoff of  1.0D-14 yielded    299 shell pairs
 There are      1431 function pairs (      1608 Cartesian)
 Smallest overlap matrix eigenvalue = 1.32E-02
 Guess MOs from SCF MO coefficient file

 -----------------------------------------------------------------------
  General SCF calculation program by
  Eric Jon Sundstrom, Paul Horn, Yuezhi Mao, Dmitri Zuev, Alec White,
  David Stuck, Shaama M.S., Shane Yost, Joonho Lee, David Small,
  Daniel Levine, Susi Lehtola, Hugh Burton, Evgeny Epifanovsky,
  Bang C. Huynh
 -----------------------------------------------------------------------
 Exchange:     0.2000 Hartree-Fock + 0.0800 Slater + 0.7200 B88
 Correlation:  0.1900 VWN1RPA + 0.8100 LYP
 Using Euler-Maclaurin-Lebedev (99,590) quadrature formula
Added inc_jk
Added qchem_hcore
Added xc
Added P-dependent contribution
 A restricted SCF calculation will be
 performed using GDM
 SCF converges when RMS gradient is below 1.0e-10
 User-specified cutoff of 10e-14
 used for neglect of 2-electron integrals.
 A cutoff of 10e-14
 used for neglect of overlap integrals.
 Incremental Fock algorithm is on at the start.
 ---------------------------------------
  Cycle       Energy        RMS Gradient
 ---------------------------------------
    1    -189.7538922659      3.33e-02   Normal BFGS step
    2    -189.7639992186      4.84e-02   Normal BFGS step
    3    -189.7632425808      6.18e-02  Line search: overstep
    4    -189.7663333735      7.58e-03   Normal BFGS step
    5    -189.7666715856      4.64e-03   Normal BFGS step
    6    -189.7667700480      2.22e-03   Normal BFGS step
    7    -189.7667773088      1.24e-03   Normal BFGS step
    8    -189.7667803915      4.38e-04   Normal BFGS step
    9    -189.7667811090      8.37e-05   Normal BFGS step
   10    -189.7667812296      1.40e-05   Normal BFGS step
   11    -189.7667812312      1.97e-06   Normal BFGS step
   12    -189.7667812313      4.24e-07   Normal BFGS step
   13    -189.7667812313      7.64e-08   Normal BFGS step
   14    -189.7667812313      1.30e-08   Normal BFGS step
   15    -189.7667812313      2.42e-08   Normal BFGS step
   16    -189.7667812313      2.06e-08   Normal BFGS step
   17    -189.7667812313      1.10e-09   Normal BFGS step
   18    -189.7667812313      1.01e-09   Normal BFGS step
   19    -189.7667812313      7.25e-10   Normal BFGS step
   20    -189.7667812313      1.22e-10   Normal BFGS step
  GDM::WARNING energy changes are now smaller than effective accuracy.
  GDM::        calculation will continue, but THRESH should be increased
  GDM::        or SCF_CONVERGENCE decreased. 
  GDM::        effective_thresh = 5.34e-09
   21    -189.7667812313      3.49e-11  Convergence criterion met
 ---------------------------------------
 SCF time:   CPU 14.31s  wall 2.00s 
 SCF   energy =  -189.76678123
 Total energy =  -189.76678123
 Integrated density by DFT XC:
   Number of electrons = 24
   Numerical integral  =    23.999999927367
   Relative error      =     0.0000003026 %

 --------------------------------------------------------------

                    Orbital Energies (a.u.)
 --------------------------------------------------------------

 Alpha MOs
 -- Occupied --
-19.1947 -19.1502 -10.3212  -1.1293  -1.0480  -0.6524  -0.5153  -0.4958
 -0.4599  -0.4166  -0.3373  -0.2965
 -- Virtual --
  0.0122   0.0538   0.0977   0.2462   0.2638   0.4416   0.4599   0.5585
  0.5689   0.6748   0.7430   0.8437   0.9106   0.9493   0.9606   0.9944
  1.0654   1.0949   1.1841   1.3315   1.3537   1.5167   1.6077   1.6802
  1.7191   1.7635   1.8743   2.0421   2.2835   2.3448   2.5991   2.7115
  2.8215   2.8980   3.1317   3.1532   3.1713   3.4623   3.5185   3.6594
 --------------------------------------------------------------

          Ground-State Mulliken Net Atomic Charges

     Atom                 Charge (a.u.)
  ----------------------------------------
      1 C                     0.208287
      2 O                    -0.177781
      3 O                    -0.179015
      4 H                     0.001145
      5 H                     0.147364
  ----------------------------------------
  Sum of atomic charges =     0.000000

 -----------------------------------------------------------------
                    Cartesian Multipole Moments
 -----------------------------------------------------------------
    Charge (ESU x 10^10)
                -0.0000
    Dipole Moment (Debye)
         X       0.2167      Y      -0.1401      Z      -0.9938
       Tot       1.0267
    Quadrupole Moments (Debye-Ang)
        XX     -13.4708     XY      -0.0299     YY     -16.6067
        XZ      -0.5395     YZ      -1.2726     ZZ     -25.1627
    Octopole Moments (Debye-Ang^2)
       XXX      12.7281    XXY      -4.4262    XYY       4.2674
       YYY     -15.2099    XXZ     -31.0800    XYZ      -0.1909
       YYZ     -36.1698    XZZ       2.4962    YZZ     -11.4756
       ZZZ    -150.1128
    Hexadecapole Moments (Debye-Ang^3)
      XXXX     -35.2831   XXXY       4.2940   XXYY     -10.6539
      XYYY       4.3600   YYYY     -23.5130   XXXZ      30.6486
      XXYZ     -11.9634   XYYZ      10.5724   YYYZ     -38.7810
      XXZZ     -92.7520   XYZZ       1.2340   YYZZ     -99.1693
      XZZZ      29.6351   YZZZ     -64.9820   ZZZZ    -733.1806
 -----------------------------------------------------------------
 Eng[7,5] = -1.89766781e+02
 points done 58/90
 CoordNormalMode -7 , -6 , 0
 ----------------------------------------------------------------
             Standard Nuclear Orientation (Angstroms)
    I     Atom           X                Y                Z
 ----------------------------------------------------------------
    1      C      -0.6517625353     0.3091190131     2.2113274490
    2      O       0.0174205622     0.1561442202     1.0779574798
    3      O      -0.1043932163     0.4806638071     3.3359653311
    4      H      -1.7479257039     0.2632956239     2.0179721202
    5      H       0.9708762070     0.2018608152     1.2865787016
 ----------------------------------------------------------------
 Nuclear Repulsion Energy =          69.11078882 hartrees
 There are       12 alpha and       12 beta electrons

                       Distance Matrix (Angstroms)
             C (  1)   O (  2)   O (  3)   H (  4)
   O (  2)  1.325041
   O (  3)  1.262478  2.284459
   H (  4)  1.114029  2.002887  2.117913
   H (  5)  1.870727  0.977083  2.331077  2.816131

 Requested basis set is cc-pVDZ
 There are 24 shells and 52 basis functions
 A cutoff of  1.0D-14 yielded    299 shell pairs
 There are      1431 function pairs (      1608 Cartesian)
 Smallest overlap matrix eigenvalue = 1.39E-02
 Guess MOs from SCF MO coefficient file

 -----------------------------------------------------------------------
  General SCF calculation program by
  Eric Jon Sundstrom, Paul Horn, Yuezhi Mao, Dmitri Zuev, Alec White,
  David Stuck, Shaama M.S., Shane Yost, Joonho Lee, David Small,
  Daniel Levine, Susi Lehtola, Hugh Burton, Evgeny Epifanovsky,
  Bang C. Huynh
 -----------------------------------------------------------------------
 Exchange:     0.2000 Hartree-Fock + 0.0800 Slater + 0.7200 B88
 Correlation:  0.1900 VWN1RPA + 0.8100 LYP
 Using Euler-Maclaurin-Lebedev (99,590) quadrature formula
Added inc_jk
Added qchem_hcore
Added xc
Added P-dependent contribution
 A restricted SCF calculation will be
 performed using GDM
 SCF converges when RMS gradient is below 1.0e-10
 User-specified cutoff of 10e-14
 used for neglect of 2-electron integrals.
 A cutoff of 10e-14
 used for neglect of overlap integrals.
 Incremental Fock algorithm is on at the start.
 ---------------------------------------
  Cycle       Energy        RMS Gradient
 ---------------------------------------
    1    -189.7557810856      3.42e-02   Normal BFGS step
    2    -189.7649357782      5.97e-02   Normal BFGS step
    3    -189.7638607332      7.32e-02  Line search: overstep
    4    -189.7677007288      8.69e-03   Normal BFGS step
    5    -189.7681155150      4.58e-03   Normal BFGS step
    6    -189.7682250327      2.69e-03   Normal BFGS step
    7    -189.7682340562      1.64e-03   Normal BFGS step
    8    -189.7682387883      4.23e-04   Normal BFGS step
    9    -189.7682397603      1.17e-04   Normal BFGS step
   10    -189.7682399318      1.81e-05   Normal BFGS step
   11    -189.7682399337      2.34e-06   Normal BFGS step
   12    -189.7682399338      3.44e-07   Normal BFGS step
   13    -189.7682399338      6.48e-08   Normal BFGS step
   14    -189.7682399338      1.39e-08   Normal BFGS step
   15    -189.7682399338      2.88e-08   Normal BFGS step
   16    -189.7682399338      2.46e-08   Normal BFGS step
   17    -189.7682399338      1.36e-09   Normal BFGS step
   18    -189.7682399338      8.93e-10   Normal BFGS step
   19    -189.7682399338      8.25e-10   Normal BFGS step
   20    -189.7682399338      1.27e-10   Normal BFGS step
  GDM::WARNING energy changes are now smaller than effective accuracy.
  GDM::        calculation will continue, but THRESH should be increased
  GDM::        or SCF_CONVERGENCE decreased. 
  GDM::        effective_thresh = 2.06e-09
   21    -189.7682399338      3.20e-11  Convergence criterion met
 ---------------------------------------
 SCF time:   CPU 14.26s  wall 2.00s 
 SCF   energy =  -189.76823993
 Total energy =  -189.76823993
 Integrated density by DFT XC:
   Number of electrons = 24
   Numerical integral  =    23.999999982072
   Relative error      =     0.0000000747 %

 --------------------------------------------------------------

                    Orbital Energies (a.u.)
 --------------------------------------------------------------

 Alpha MOs
 -- Occupied --
-19.2097 -19.1396 -10.3320  -1.1193  -1.0036  -0.6748  -0.5176  -0.4897
 -0.4476  -0.3994  -0.3211  -0.2824
 -- Virtual --
 -0.0132   0.0457   0.0894   0.2371   0.2579   0.4486   0.4679   0.5251
  0.5666   0.5935   0.7217   0.8752   0.9069   0.9319   0.9622   1.0211
  1.0816   1.0966   1.1527   1.3456   1.3512   1.4704   1.5790   1.6494
  1.6980   1.7290   1.8653   2.0312   2.2335   2.3020   2.6102   2.6838
  2.8103   2.8712   3.0185   3.0884   3.1477   3.3652   3.4521   3.6350
 --------------------------------------------------------------

          Ground-State Mulliken Net Atomic Charges

     Atom                 Charge (a.u.)
  ----------------------------------------
      1 C                     0.227093
      2 O                    -0.139077
      3 O                    -0.286599
      4 H                     0.036513
      5 H                     0.162070
  ----------------------------------------
  Sum of atomic charges =     0.000000

 -----------------------------------------------------------------
                    Cartesian Multipole Moments
 -----------------------------------------------------------------
    Charge (ESU x 10^10)
                 0.0000
    Dipole Moment (Debye)
         X       0.0979      Y      -0.2585      Z      -1.7989
       Tot       1.8200
    Quadrupole Moments (Debye-Ang)
        XX     -12.8968     XY      -0.0649     YY     -16.8998
        XZ      -0.8713     YZ      -1.7798     ZZ     -28.8517
    Octopole Moments (Debye-Ang^2)
       XXX      12.0949    XXY      -4.3665    XYY       4.4087
       YYY     -15.5983    XXZ     -30.5633    XYZ      -0.2270
       YYZ     -37.2446    XZZ       2.2384    YZZ     -13.2826
       ZZZ    -164.2409
    Hexadecapole Moments (Debye-Ang^3)
      XXXX     -34.0897   XXXY       4.0144   XXYY     -10.9903
      XYYY       4.4069   YYYY     -24.2980   XXXZ      28.4755
      XXYZ     -12.1031   XYYZ      10.7149   YYYZ     -40.2218
      XXZZ     -93.7567   XYZZ       1.3731   YYZZ    -103.2009
      XZZZ      30.5871   YZZZ     -71.5491   ZZZZ    -788.3433
 -----------------------------------------------------------------
 Eng[-7,-6] = -1.89768240e+02
 points done 59/90
 CoordNormalMode 7 , 6 , 0
 ----------------------------------------------------------------
             Standard Nuclear Orientation (Angstroms)
    I     Atom           X                Y                Z
 ----------------------------------------------------------------
    1      C      -0.6247815656     0.3182615512     2.2715145788
    2      O       0.0201296394     0.1556794833     1.0744369330
    3      O      -0.1295952419     0.4735721389     3.2897620680
    4      H      -1.7133265754     0.2737090258     2.0860843388
    5      H       0.9719984298     0.2025143214     1.2909809997
 ----------------------------------------------------------------
 Nuclear Repulsion Energy =          71.02232508 hartrees
 There are       12 alpha and       12 beta electrons

                       Distance Matrix (Angstroms)
             C (  1)   O (  2)   O (  3)   H (  4)
   O (  2)  1.369430
   O (  3)  1.142873  2.243020
   H (  4)  1.105124  2.010530  1.999247
   H (  5)  1.877378  0.977312  2.298283  2.801469

 Requested basis set is cc-pVDZ
 There are 24 shells and 52 basis functions
 A cutoff of  1.0D-14 yielded    299 shell pairs
 There are      1431 function pairs (      1608 Cartesian)
 Smallest overlap matrix eigenvalue = 1.34E-02
 Guess MOs from SCF MO coefficient file

 -----------------------------------------------------------------------
  General SCF calculation program by
  Eric Jon Sundstrom, Paul Horn, Yuezhi Mao, Dmitri Zuev, Alec White,
  David Stuck, Shaama M.S., Shane Yost, Joonho Lee, David Small,
  Daniel Levine, Susi Lehtola, Hugh Burton, Evgeny Epifanovsky,
  Bang C. Huynh
 -----------------------------------------------------------------------
 Exchange:     0.2000 Hartree-Fock + 0.0800 Slater + 0.7200 B88
 Correlation:  0.1900 VWN1RPA + 0.8100 LYP
 Using Euler-Maclaurin-Lebedev (99,590) quadrature formula
Added inc_jk
Added qchem_hcore
Added xc
Added P-dependent contribution
 A restricted SCF calculation will be
 performed using GDM
 SCF converges when RMS gradient is below 1.0e-10
 User-specified cutoff of 10e-14
 used for neglect of 2-electron integrals.
 A cutoff of 10e-14
 used for neglect of overlap integrals.
 Incremental Fock algorithm is on at the start.
 ---------------------------------------
  Cycle       Energy        RMS Gradient
 ---------------------------------------
    1    -189.7536597722      3.48e-02   Normal BFGS step
    2    -189.7642003861      4.46e-02   Normal BFGS step
    3    -189.7635113721      6.08e-02  Line search: overstep
    4    -189.7663398974      7.48e-03   Normal BFGS step
    5    -189.7666514766      5.02e-03   Normal BFGS step
    6    -189.7667686056      2.04e-03   Normal BFGS step
    7    -189.7667751959      1.21e-03   Normal BFGS step
    8    -189.7667781105      4.38e-04   Normal BFGS step
    9    -189.7667787640      9.74e-05   Normal BFGS step
   10    -189.7667788944      1.49e-05   Normal BFGS step
   11    -189.7667788959      1.90e-06   Normal BFGS step
   12    -189.7667788960      3.80e-07   Normal BFGS step
   13    -189.7667788960      8.10e-08   Normal BFGS step
   14    -189.7667788960      1.12e-08   Normal BFGS step
   15    -189.7667788960      1.91e-08   Normal BFGS step
   16    -189.7667788960      1.80e-08   Normal BFGS step
   17    -189.7667788960      1.02e-09   Normal BFGS step
   18    -189.7667788960      7.65e-10   Normal BFGS step
   19    -189.7667788960      5.62e-10   Normal BFGS step
   20    -189.7667788960      1.22e-10   Normal BFGS step
  GDM::WARNING energy changes are now smaller than effective accuracy.
  GDM::        calculation will continue, but THRESH should be increased
  GDM::        or SCF_CONVERGENCE decreased. 
  GDM::        effective_thresh = 5.08e-09
   21    -189.7667788960      2.67e-11  Convergence criterion met
 ---------------------------------------
 SCF time:   CPU 14.44s  wall 1.00s 
 SCF   energy =  -189.76677890
 Total energy =  -189.76677890
 Integrated density by DFT XC:
   Number of electrons = 24
   Numerical integral  =    23.999999947973
   Relative error      =     0.0000002168 %

 --------------------------------------------------------------

                    Orbital Energies (a.u.)
 --------------------------------------------------------------

 Alpha MOs
 -- Occupied --
-19.1893 -19.1487 -10.3205  -1.1267  -1.0434  -0.6527  -0.5196  -0.4917
 -0.4577  -0.4113  -0.3347  -0.2950
 -- Virtual --
  0.0130   0.0541   0.0977   0.2488   0.2600   0.4427   0.4618   0.5448
  0.5809   0.6775   0.7478   0.8443   0.9126   0.9548   0.9639   1.0106
  1.0789   1.0939   1.1801   1.3518   1.3635   1.5126   1.5770   1.6842
  1.7148   1.7527   1.8761   2.0476   2.3041   2.3373   2.5972   2.7052
  2.8368   2.8904   3.1098   3.1417   3.1696   3.4920   3.5292   3.6546
 --------------------------------------------------------------

          Ground-State Mulliken Net Atomic Charges

     Atom                 Charge (a.u.)
  ----------------------------------------
      1 C                     0.207979
      2 O                    -0.190745
      3 O                    -0.171688
      4 H                     0.005631
      5 H                     0.148823
  ----------------------------------------
  Sum of atomic charges =     0.000000

 -----------------------------------------------------------------
                    Cartesian Multipole Moments
 -----------------------------------------------------------------
    Charge (ESU x 10^10)
                -0.0000
    Dipole Moment (Debye)
         X       0.2035      Y      -0.1384      Z      -0.9800
       Tot       1.0105
    Quadrupole Moments (Debye-Ang)
        XX     -13.2308     XY      -0.0628     YY     -16.5991
        XZ      -0.7933     YZ      -1.2550     ZZ     -25.0064
    Octopole Moments (Debye-Ang^2)
       XXX      12.6446    XXY      -4.3658    XYY       4.2582
       YYY     -15.1873    XXZ     -30.6517    XYZ      -0.2925
       YYZ     -36.1107    XZZ       1.7560    YZZ     -11.3821
       ZZZ    -149.2860
    Hexadecapole Moments (Debye-Ang^3)
      XXXX     -35.0001   XXXY       4.2698   XXYY     -10.6945
      XYYY       4.4095   YYYY     -23.4696   XXXZ      30.4296
      XXYZ     -11.8289   XYYZ      10.6713   YYYZ     -38.6869
      XXZZ     -91.8262   XYZZ       1.0128   YYZZ     -98.9309
      XZZZ      28.2868   YZZZ     -64.6016   ZZZZ    -729.8106
 -----------------------------------------------------------------
 Eng[7,6] = -1.89766779e+02
 points done 60/90
 CoordNormalMode -8 , -1 , 0
 ----------------------------------------------------------------
             Standard Nuclear Orientation (Angstroms)
    I     Atom           X                Y                Z
 ----------------------------------------------------------------
    1      C      -0.6458773565     0.3133506478     2.2399693274
    2      O       0.0214631635     0.1575573006     1.0872287487
    3      O      -0.1096455566     0.4754289911     3.3003334913
    4      H      -1.7954326988     0.2666931055     2.0469267237
    5      H       0.9675090682     0.2087316333     1.3349510455
 ----------------------------------------------------------------
 Nuclear Repulsion Energy =          70.12493480 hartrees
 There are       12 alpha and       12 beta electrons

                       Distance Matrix (Angstroms)
             C (  1)   O (  2)   O (  3)   H (  4)
   O (  2)  1.341054
   O (  3)  1.199244  2.239657
   H (  4)  1.166585  2.057679  2.111037
   H (  5)  1.852841  0.979279  2.257015  2.853790

 Requested basis set is cc-pVDZ
 There are 24 shells and 52 basis functions
 A cutoff of  1.0D-14 yielded    299 shell pairs
 There are      1431 function pairs (      1608 Cartesian)
 Smallest overlap matrix eigenvalue = 1.35E-02
 Guess MOs from SCF MO coefficient file

 -----------------------------------------------------------------------
  General SCF calculation program by
  Eric Jon Sundstrom, Paul Horn, Yuezhi Mao, Dmitri Zuev, Alec White,
  David Stuck, Shaama M.S., Shane Yost, Joonho Lee, David Small,
  Daniel Levine, Susi Lehtola, Hugh Burton, Evgeny Epifanovsky,
  Bang C. Huynh
 -----------------------------------------------------------------------
 Exchange:     0.2000 Hartree-Fock + 0.0800 Slater + 0.7200 B88
 Correlation:  0.1900 VWN1RPA + 0.8100 LYP
 Using Euler-Maclaurin-Lebedev (99,590) quadrature formula
Added inc_jk
Added qchem_hcore
Added xc
Added P-dependent contribution
 A restricted SCF calculation will be
 performed using GDM
 SCF converges when RMS gradient is below 1.0e-10
 User-specified cutoff of 10e-14
 used for neglect of 2-electron integrals.
 A cutoff of 10e-14
 used for neglect of overlap integrals.
 Incremental Fock algorithm is on at the start.
 ---------------------------------------
  Cycle       Energy        RMS Gradient
 ---------------------------------------
    1    -189.7670492294      1.90e-02   Normal BFGS step
    2    -189.7706324688      2.30e-02   Normal BFGS step
    3    -189.7703074140      3.43e-02  Line search: overstep
    4    -189.7711888361      3.79e-03   Normal BFGS step
    5    -189.7712593823      4.08e-03   Normal BFGS step
    6    -189.7712970690      1.73e-03   Normal BFGS step
    7    -189.7712998741      8.41e-04   Normal BFGS step
    8    -189.7713025451      1.94e-04   Normal BFGS step
    9    -189.7713027583      7.02e-05   Normal BFGS step
   10    -189.7713028072      4.03e-06   Normal BFGS step
   11    -189.7713028074      1.03e-06   Normal BFGS step
   12    -189.7713028074      1.58e-07   Normal BFGS step
   13    -189.7713028074      3.06e-08   Normal BFGS step
   14    -189.7713028074      7.65e-09   Normal BFGS step
   15    -189.7713028074      1.27e-08   Normal BFGS step
   16    -189.7713028074      7.98e-09   Normal BFGS step
   17    -189.7713028074      1.43e-09   Normal BFGS step
   18    -189.7713028074      1.37e-09   Normal BFGS step
   19    -189.7713028074      3.27e-10   Normal BFGS step
   20    -189.7713028074      5.97e-11  Convergence criterion met
 ---------------------------------------
 SCF time:   CPU 13.67s  wall 1.00s 
 SCF   energy =  -189.77130281
 Total energy =  -189.77130281
 Integrated density by DFT XC:
   Number of electrons = 24
   Numerical integral  =    23.999999973378
   Relative error      =     0.0000001109 %

 --------------------------------------------------------------

                    Orbital Energies (a.u.)
 --------------------------------------------------------------

 Alpha MOs
 -- Occupied --
-19.2004 -19.1445 -10.3305  -1.1203  -1.0302  -0.6571  -0.5118  -0.4910
 -0.4518  -0.4064  -0.3304  -0.2900
 -- Virtual --
  0.0003   0.0474   0.0856   0.2475   0.2598   0.4442   0.4567   0.5334
  0.5642   0.6423   0.7197   0.8559   0.9094   0.9412   0.9627   1.0149
  1.0705   1.0965   1.1655   1.3400   1.3411   1.4579   1.5901   1.6505
  1.6741   1.7349   1.8678   2.0240   2.2532   2.2573   2.5999   2.6904
  2.8227   2.8872   3.0375   3.1229   3.1410   3.4353   3.4916   3.6275
 --------------------------------------------------------------

          Ground-State Mulliken Net Atomic Charges

     Atom                 Charge (a.u.)
  ----------------------------------------
      1 C                     0.196468
      2 O                    -0.158141
      3 O                    -0.228354
      4 H                     0.033962
      5 H                     0.156065
  ----------------------------------------
  Sum of atomic charges =     0.000000

 -----------------------------------------------------------------
                    Cartesian Multipole Moments
 -----------------------------------------------------------------
    Charge (ESU x 10^10)
                -0.0000
    Dipole Moment (Debye)
         X       0.1209      Y      -0.1920      Z      -1.3405
       Tot       1.3596
    Quadrupole Moments (Debye-Ang)
        XX     -13.0537     XY      -0.0582     YY     -16.8016
        XZ      -0.7999     YZ      -1.4904     ZZ     -26.8010
    Octopole Moments (Debye-Ang^2)
       XXX      12.4376    XXY      -4.3550    XYY       4.4784
       YYY     -15.4429    XXZ     -30.5048    XYZ      -0.2451
       YYZ     -36.7999    XZZ       2.2152    YZZ     -12.2538
       ZZZ    -156.5157
    Hexadecapole Moments (Debye-Ang^3)
      XXXX     -35.8840   XXXY       4.1546   XXYY     -11.2468
      XYYY       4.4920   YYYY     -23.9664   XXXZ      29.5499
      XXYZ     -11.8836   XYYZ      10.9302   YYYZ     -39.4354
      XXZZ     -92.5936   XYZZ       1.2201   YYZZ    -101.0432
      XZZZ      30.0723   YZZZ     -67.7003   ZZZZ    -756.6459
 -----------------------------------------------------------------
 Eng[-8,-1] = -1.89771303e+02
 points done 61/90
 CoordNormalMode 8 , 1 , 0
 ----------------------------------------------------------------
             Standard Nuclear Orientation (Angstroms)
    I     Atom           X                Y                Z
 ----------------------------------------------------------------
    1      C      -0.6306667444     0.3140299165     2.2428727004
    2      O       0.0160870381     0.1542664029     1.0651656640
    3      O      -0.1243429015     0.4788069549     3.3253939078
    4      H      -1.6658195805     0.2703115442     2.0571297354
    5      H       0.9753655686     0.1956435033     1.2426086558
 ----------------------------------------------------------------
 Nuclear Repulsion Energy =          69.90778575 hartrees
 There are       12 alpha and       12 beta electrons

                       Distance Matrix (Angstroms)
             C (  1)   O (  2)   O (  3)   H (  4)
   O (  2)  1.353074
   O (  3)  1.206386  2.287724
   H (  4)  1.052594  1.956085  2.007016
   H (  5)  1.895754  0.976429  2.372243  2.764937

 Requested basis set is cc-pVDZ
 There are 24 shells and 52 basis functions
 A cutoff of  1.0D-14 yielded    299 shell pairs
 There are      1431 function pairs (      1608 Cartesian)
 Smallest overlap matrix eigenvalue = 1.37E-02
 Guess MOs from SCF MO coefficient file

 -----------------------------------------------------------------------
  General SCF calculation program by
  Eric Jon Sundstrom, Paul Horn, Yuezhi Mao, Dmitri Zuev, Alec White,
  David Stuck, Shaama M.S., Shane Yost, Joonho Lee, David Small,
  Daniel Levine, Susi Lehtola, Hugh Burton, Evgeny Epifanovsky,
  Bang C. Huynh
 -----------------------------------------------------------------------
 Exchange:     0.2000 Hartree-Fock + 0.0800 Slater + 0.7200 B88
 Correlation:  0.1900 VWN1RPA + 0.8100 LYP
 Using Euler-Maclaurin-Lebedev (99,590) quadrature formula
Added inc_jk
Added qchem_hcore
Added xc
Added P-dependent contribution
 A restricted SCF calculation will be
 performed using GDM
 SCF converges when RMS gradient is below 1.0e-10
 User-specified cutoff of 10e-14
 used for neglect of 2-electron integrals.
 A cutoff of 10e-14
 used for neglect of overlap integrals.
 Incremental Fock algorithm is on at the start.
 ---------------------------------------
  Cycle       Energy        RMS Gradient
 ---------------------------------------
    1    -189.7674935765      1.93e-02   Normal BFGS step
    2    -189.7705994875      1.47e-02   Normal BFGS step
    3    -189.7703871452      1.71e-02  Line search: overstep
    4    -189.7708512127      2.88e-03   Normal BFGS step
    5    -189.7708731411      4.04e-03   Normal BFGS step
    6    -189.7708873541      2.00e-03   Normal BFGS step
    7    -189.7708937762      3.18e-04   Normal BFGS step
    8    -189.7708946757      1.26e-04   Normal BFGS step
    9    -189.7708947220      3.56e-05   Normal BFGS step
   10    -189.7708947317      1.06e-05   Normal BFGS step
   11    -189.7708947321      2.69e-06   Normal BFGS step
   12    -189.7708947322      1.91e-07   Normal BFGS step
   13    -189.7708947322      6.77e-08   Normal BFGS step
   14    -189.7708947322      4.67e-09   Normal BFGS step
   15    -189.7708947322      4.75e-09   Normal BFGS step
   16    -189.7708947322      4.16e-09   Normal BFGS step
   17    -189.7708947322      9.32e-10   Normal BFGS step
   18    -189.7708947322      5.32e-10   Normal BFGS step
   19    -189.7708947322      1.20e-10   Normal BFGS step
  GDM::WARNING energy changes are now smaller than effective accuracy.
  GDM::        calculation will continue, but THRESH should be increased
  GDM::        or SCF_CONVERGENCE decreased. 
  GDM::        effective_thresh = 1.57e-09
   20    -189.7708947322      3.36e-11  Convergence criterion met
 ---------------------------------------
 SCF time:   CPU 13.66s  wall 2.00s 
 SCF   energy =  -189.77089473
 Total energy =  -189.77089473
 Integrated density by DFT XC:
   Number of electrons = 24
   Numerical integral  =    24.000000000897
   Relative error      =     0.0000000037 %

 --------------------------------------------------------------

                    Orbital Energies (a.u.)
 --------------------------------------------------------------

 Alpha MOs
 -- Occupied --
-19.1995 -19.1440 -10.3227  -1.1113  -1.0287  -0.6713  -0.5227  -0.4876
 -0.4468  -0.4066  -0.3300  -0.2892
 -- Virtual --
 -0.0027   0.0505   0.1014   0.2417   0.2584   0.4478   0.4710   0.5378
  0.5862   0.6344   0.7350   0.8601   0.9107   0.9447   0.9679   1.0162
  1.0870   1.0942   1.1618   1.3538   1.3720   1.5243   1.5680   1.6782
  1.7388   1.7446   1.8732   2.0487   2.2703   2.4113   2.6050   2.6967
  2.8236   2.8719   3.0933   3.1321   3.1457   3.4283   3.4841   3.6559
 --------------------------------------------------------------

          Ground-State Mulliken Net Atomic Charges

     Atom                 Charge (a.u.)
  ----------------------------------------
      1 C                     0.247944
      2 O                    -0.172602
      3 O                    -0.236851
      4 H                     0.005372
      5 H                     0.156137
  ----------------------------------------
  Sum of atomic charges =     0.000000

 -----------------------------------------------------------------
                    Cartesian Multipole Moments
 -----------------------------------------------------------------
    Charge (ESU x 10^10)
                 0.0000
    Dipole Moment (Debye)
         X       0.1783      Y      -0.2085      Z      -1.4632
       Tot       1.4887
    Quadrupole Moments (Debye-Ang)
        XX     -13.0698     XY      -0.0708     YY     -16.7105
        XZ      -0.8757     YZ      -1.5620     ZZ     -27.1886
    Octopole Moments (Debye-Ang^2)
       XXX      12.2817    XXY      -4.3785    XYY       4.1943
       YYY     -15.3599    XXZ     -30.7148    XYZ      -0.2751
       YYZ     -36.6023    XZZ       1.7770    YZZ     -12.4875
       ZZZ    -157.6136
    Hexadecapole Moments (Debye-Ang^3)
      XXXX     -33.1486   XXXY       4.1266   XXYY     -10.4568
      XYYY       4.3341   YYYY     -23.8292   XXXZ      29.3216
      XXYZ     -12.0563   XYYZ      10.4805   YYYZ     -39.5233
      XXZZ     -93.0524   XYZZ       1.1757   YYZZ    -101.2396
      XZZZ      28.9120   YZZZ     -68.7636   ZZZZ    -764.0163
 -----------------------------------------------------------------
 Eng[8,1] = -1.89770895e+02
 points done 62/90
 CoordNormalMode -8 , -2 , 0
 ----------------------------------------------------------------
             Standard Nuclear Orientation (Angstroms)
    I     Atom           X                Y                Z
 ----------------------------------------------------------------
    1      C      -0.6336589737     0.3092193446     2.2430464259
    2      O       0.0186444050     0.1608362299     1.0754263459
    3      O      -0.1171663859     0.4794908200     3.3123210187
    4      H      -1.7825069314     0.2567412535     2.0454545797
    5      H       0.9731977312     0.1513714090     1.2968468388
 ----------------------------------------------------------------
 Nuclear Repulsion Energy =          69.84179243 hartrees
 There are       12 alpha and       12 beta electrons

                       Distance Matrix (Angstroms)
             C (  1)   O (  2)   O (  3)   H (  4)
   O (  2)  1.345680
   O (  3)  1.199627  2.263555
   H (  4)  1.166897  2.047999  2.104264
   H (  5)  1.871416  0.979943  2.314885  2.857521

 Requested basis set is cc-pVDZ
 There are 24 shells and 52 basis functions
 A cutoff of  1.0D-14 yielded    299 shell pairs
 There are      1431 function pairs (      1608 Cartesian)
 Smallest overlap matrix eigenvalue = 1.38E-02
 Guess MOs from SCF MO coefficient file

 -----------------------------------------------------------------------
  General SCF calculation program by
  Eric Jon Sundstrom, Paul Horn, Yuezhi Mao, Dmitri Zuev, Alec White,
  David Stuck, Shaama M.S., Shane Yost, Joonho Lee, David Small,
  Daniel Levine, Susi Lehtola, Hugh Burton, Evgeny Epifanovsky,
  Bang C. Huynh
 -----------------------------------------------------------------------
 Exchange:     0.2000 Hartree-Fock + 0.0800 Slater + 0.7200 B88
 Correlation:  0.1900 VWN1RPA + 0.8100 LYP
 Using Euler-Maclaurin-Lebedev (99,590) quadrature formula
Added inc_jk
Added qchem_hcore
Added xc
Added P-dependent contribution
 A restricted SCF calculation will be
 performed using GDM
 SCF converges when RMS gradient is below 1.0e-10
 User-specified cutoff of 10e-14
 used for neglect of 2-electron integrals.
 A cutoff of 10e-14
 used for neglect of overlap integrals.
 Incremental Fock algorithm is on at the start.
 ---------------------------------------
  Cycle       Energy        RMS Gradient
 ---------------------------------------
    1    -189.7686153701      1.37e-02   Normal BFGS step
    2    -189.7712632248      1.07e-02   Normal BFGS step
    3    -189.7710824357      1.54e-02  Line search: overstep
    4    -189.7714223256      2.17e-03   Normal BFGS step
    5    -189.7714388474      2.95e-03   Normal BFGS step
    6    -189.7714474680      1.54e-03   Normal BFGS step
    7    -189.7714514022      2.60e-04   Normal BFGS step
    8    -189.7714520445      9.60e-05   Normal BFGS step
    9    -189.7714520691      3.00e-05   Normal BFGS step
   10    -189.7714520742      8.95e-06   Normal BFGS step
   11    -189.7714520746      2.50e-06   Normal BFGS step
   12    -189.7714520746      2.22e-07   Normal BFGS step
   13    -189.7714520746      6.56e-08   Normal BFGS step
   14    -189.7714520746      5.87e-09   Normal BFGS step
   15    -189.7714520746      5.09e-09   Normal BFGS step
   16    -189.7714520746      4.62e-09   Normal BFGS step
   17    -189.7714520746      5.91e-10   Normal BFGS step
   18    -189.7714520746      3.23e-10   Normal BFGS step
   19    -189.7714520746      1.47e-10   Normal BFGS step
   20    -189.7714520746      4.02e-11  Convergence criterion met
 ---------------------------------------
 SCF time:   CPU 13.75s  wall 2.00s 
 SCF   energy =  -189.77145207
 Total energy =  -189.77145207
 Integrated density by DFT XC:
   Number of electrons = 24
   Numerical integral  =    24.000000005416
   Relative error      =     0.0000000226 %

 --------------------------------------------------------------

                    Orbital Energies (a.u.)
 --------------------------------------------------------------

 Alpha MOs
 -- Occupied --
-19.2016 -19.1459 -10.3310  -1.1173  -1.0321  -0.6578  -0.5109  -0.4909
 -0.4509  -0.4054  -0.3318  -0.2904
 -- Virtual --
 -0.0000   0.0461   0.0862   0.2459   0.2594   0.4451   0.4576   0.5290
  0.5647   0.6390   0.7199   0.8557   0.9082   0.9412   0.9621   1.0162
  1.0781   1.0950   1.1646   1.3383   1.3452   1.4690   1.5731   1.6507
  1.6742   1.7386   1.8650   2.0247   2.2467   2.2525   2.5999   2.6872
  2.8215   2.8761   3.0464   3.1262   3.1406   3.4260   3.4848   3.6305
 --------------------------------------------------------------

          Ground-State Mulliken Net Atomic Charges

     Atom                 Charge (a.u.)
  ----------------------------------------
      1 C                     0.198422
      2 O                    -0.161758
      3 O                    -0.224775
      4 H                     0.030973
      5 H                     0.157138
  ----------------------------------------
  Sum of atomic charges =     0.000000

 -----------------------------------------------------------------
                    Cartesian Multipole Moments
 -----------------------------------------------------------------
    Charge (ESU x 10^10)
                 0.0000
    Dipole Moment (Debye)
         X       0.2164      Y      -0.3021      Z      -1.3728
       Tot       1.4222
    Quadrupole Moments (Debye-Ang)
        XX     -13.1627     XY      -0.1494     YY     -16.8524
        XZ      -0.6806     YZ      -1.6476     ZZ     -26.8904
    Octopole Moments (Debye-Ang^2)
       XXX      12.6685    XXY      -4.4970    XYY       4.4457
       YYY     -15.4008    XXZ     -30.8149    XYZ      -0.3455
       YYZ     -36.8563    XZZ       2.4343    YZZ     -12.4556
       ZZZ    -156.7077
    Hexadecapole Moments (Debye-Ang^3)
      XXXX     -35.8001   XXXY       4.1374   XXYY     -11.2372
      XYYY       4.4879   YYYY     -23.9640   XXXZ      30.1125
      XXYZ     -12.1667   XYYZ      10.9489   YYYZ     -39.4519
      XXZZ     -93.5468   XYZZ       1.1402   YYZZ    -101.3773
      XZZZ      30.7660   YZZZ     -68.0221   ZZZZ    -758.8889
 -----------------------------------------------------------------
 Eng[-8,-2] = -1.89771452e+02
 points done 63/90
 CoordNormalMode 8 , 2 , 0
 ----------------------------------------------------------------
             Standard Nuclear Orientation (Angstroms)
    I     Atom           X                Y                Z
 ----------------------------------------------------------------
    1      C      -0.6428851272     0.3181612196     2.2397956019
    2      O       0.0189057965     0.1509874736     1.0769680668
    3      O      -0.1168220723     0.4747451260     3.3134063804
    4      H      -1.6787453480     0.2802633961     2.0586018793
    5      H       0.9696769056     0.2530037276     1.2807128624
 ----------------------------------------------------------------
 Nuclear Repulsion Energy =          70.17972308 hartrees
 There are       12 alpha and       12 beta electrons

                       Distance Matrix (Angstroms)
             C (  1)   O (  2)   O (  3)   H (  4)
   O (  2)  1.348363
   O (  3)  1.205778  2.263824
   H (  4)  1.052271  1.965283  2.012949
   H (  5)  1.877350  0.977694  2.315490  2.760434

 Requested basis set is cc-pVDZ
 There are 24 shells and 52 basis functions
 A cutoff of  1.0D-14 yielded    299 shell pairs
 There are      1431 function pairs (      1608 Cartesian)
 Smallest overlap matrix eigenvalue = 1.35E-02
 Guess MOs from SCF MO coefficient file

 -----------------------------------------------------------------------
  General SCF calculation program by
  Eric Jon Sundstrom, Paul Horn, Yuezhi Mao, Dmitri Zuev, Alec White,
  David Stuck, Shaama M.S., Shane Yost, Joonho Lee, David Small,
  Daniel Levine, Susi Lehtola, Hugh Burton, Evgeny Epifanovsky,
  Bang C. Huynh
 -----------------------------------------------------------------------
 Exchange:     0.2000 Hartree-Fock + 0.0800 Slater + 0.7200 B88
 Correlation:  0.1900 VWN1RPA + 0.8100 LYP
 Using Euler-Maclaurin-Lebedev (99,590) quadrature formula
Added inc_jk
Added qchem_hcore
Added xc
Added P-dependent contribution
 A restricted SCF calculation will be
 performed using GDM
 SCF converges when RMS gradient is below 1.0e-10
 User-specified cutoff of 10e-14
 used for neglect of 2-electron integrals.
 A cutoff of 10e-14
 used for neglect of overlap integrals.
 Incremental Fock algorithm is on at the start.
 ---------------------------------------
  Cycle       Energy        RMS Gradient
 ---------------------------------------
    1    -189.7669672059      1.76e-02   Normal BFGS step
    2    -189.7707299314      1.39e-02   Normal BFGS step
    3    -189.7704511037      1.83e-02  Line search: overstep
    4    -189.7709816173      2.81e-03   Normal BFGS step
    5    -189.7710016904      3.87e-03   Normal BFGS step
    6    -189.7710158757      1.91e-03   Normal BFGS step
    7    -189.7710215107      2.51e-04   Normal BFGS step
    8    -189.7710222640      1.24e-04   Normal BFGS step
    9    -189.7710223282      3.06e-05   Normal BFGS step
   10    -189.7710223392      7.89e-06   Normal BFGS step
   11    -189.7710223395      1.91e-06   Normal BFGS step
   12    -189.7710223395      2.07e-07   Normal BFGS step
   13    -189.7710223395      8.08e-08   Normal BFGS step
   14    -189.7710223395      8.33e-09   Normal BFGS step
   15    -189.7710223395      1.20e-08   Normal BFGS step
   16    -189.7710223395      6.28e-09   Normal BFGS step
   17    -189.7710223395      1.84e-09   Normal BFGS step
   18    -189.7710223395      1.31e-09   Normal BFGS step
   19    -189.7710223395      1.67e-10   Normal BFGS step
   20    -189.7710223395      7.09e-11  Convergence criterion met
 ---------------------------------------
 SCF time:   CPU 13.76s  wall 1.00s 
 SCF   energy =  -189.77102234
 Total energy =  -189.77102234
 Integrated density by DFT XC:
   Number of electrons = 24
   Numerical integral  =    23.999999997935
   Relative error      =     0.0000000086 %

 --------------------------------------------------------------

                    Orbital Energies (a.u.)
 --------------------------------------------------------------

 Alpha MOs
 -- Occupied --
-19.1985 -19.1428 -10.3222  -1.1140  -1.0269  -0.6704  -0.5235  -0.4879
 -0.4479  -0.4072  -0.3287  -0.2888
 -- Virtual --
 -0.0026   0.0518   0.1004   0.2463   0.2565   0.4469   0.4702   0.5410
  0.5867   0.6364   0.7343   0.8603   0.9117   0.9448   0.9671   1.0159
  1.0807   1.0954   1.1628   1.3482   1.3778   1.5119   1.5809   1.6784
  1.7384   1.7417   1.8747   2.0465   2.2772   2.4136   2.6055   2.7004
  2.8258   2.8828   3.0887   3.1253   3.1484   3.4364   3.4916   3.6485
 --------------------------------------------------------------

          Ground-State Mulliken Net Atomic Charges

     Atom                 Charge (a.u.)
  ----------------------------------------
      1 C                     0.246783
      2 O                    -0.170046
      3 O                    -0.239707
      4 H                     0.006783
      5 H                     0.156188
  ----------------------------------------
  Sum of atomic charges =     0.000000

 -----------------------------------------------------------------
                    Cartesian Multipole Moments
 -----------------------------------------------------------------
    Charge (ESU x 10^10)
                -0.0000
    Dipole Moment (Debye)
         X       0.0885      Y      -0.0973      Z      -1.4290
       Tot       1.4350
    Quadrupole Moments (Debye-Ang)
        XX     -12.9836     XY       0.0213     YY     -16.6482
        XZ      -0.9813     YZ      -1.4040     ZZ     -27.0920
    Octopole Moments (Debye-Ang^2)
       XXX      12.1012    XXY      -4.2417    XYY       4.2366
       YYY     -15.3904    XXZ     -30.4453    XYZ      -0.1756
       YYZ     -36.5294    XZZ       1.5788    YZZ     -12.2794
       ZZZ    -157.3735
    Hexadecapole Moments (Debye-Ang^3)
      XXXX     -33.3671   XXXY       4.1550   XXYY     -10.4586
      XYYY       4.3378   YYYY     -23.8423   XXXZ      28.8639
      XXYZ     -11.7831   XYYZ      10.4737   YYYZ     -39.4822
      XXZZ     -92.1742   XYZZ       1.2471   YYZZ    -100.8709
      XZZZ      28.2437   YZZZ     -68.3989   ZZZZ    -761.4713
 -----------------------------------------------------------------
 Eng[8,2] = -1.89771022e+02
 points done 64/90
 CoordNormalMode -8 , -3 , 0
 ----------------------------------------------------------------
             Standard Nuclear Orientation (Angstroms)
    I     Atom           X                Y                Z
 ----------------------------------------------------------------
    1      C      -0.6339234014     0.3250809517     2.2407515495
    2      O       0.0187556310     0.1541076885     1.0764053468
    3      O      -0.1170759839     0.4741498341     3.3130871339
    4      H      -1.7818498585     0.2160228234     2.0513455860
    5      H       0.9724891719     0.1947804893     1.2905842845
 ----------------------------------------------------------------
 Nuclear Repulsion Energy =          69.84358423 hartrees
 There are       12 alpha and       12 beta electrons

                       Distance Matrix (Angstroms)
             C (  1)   O (  2)   O (  3)   H (  4)
   O (  2)  1.345706
   O (  3)  1.199690  2.263542
   H (  4)  1.168548  2.048541  2.104779
   H (  5)  1.870924  0.978333  2.314242  2.857550

 Requested basis set is cc-pVDZ
 There are 24 shells and 52 basis functions
 A cutoff of  1.0D-14 yielded    299 shell pairs
 There are      1431 function pairs (      1608 Cartesian)
 Smallest overlap matrix eigenvalue = 1.38E-02
 Guess MOs from SCF MO coefficient file

 -----------------------------------------------------------------------
  General SCF calculation program by
  Eric Jon Sundstrom, Paul Horn, Yuezhi Mao, Dmitri Zuev, Alec White,
  David Stuck, Shaama M.S., Shane Yost, Joonho Lee, David Small,
  Daniel Levine, Susi Lehtola, Hugh Burton, Evgeny Epifanovsky,
  Bang C. Huynh
 -----------------------------------------------------------------------
 Exchange:     0.2000 Hartree-Fock + 0.0800 Slater + 0.7200 B88
 Correlation:  0.1900 VWN1RPA + 0.8100 LYP
 Using Euler-Maclaurin-Lebedev (99,590) quadrature formula
Added inc_jk
Added qchem_hcore
Added xc
Added P-dependent contribution
 A restricted SCF calculation will be
 performed using GDM
 SCF converges when RMS gradient is below 1.0e-10
 User-specified cutoff of 10e-14
 used for neglect of 2-electron integrals.
 A cutoff of 10e-14
 used for neglect of overlap integrals.
 Incremental Fock algorithm is on at the start.
 ---------------------------------------
  Cycle       Energy        RMS Gradient
 ---------------------------------------
    1    -189.7682399330      1.19e-02   Normal BFGS step
    2    -189.7709982582      1.05e-02   Normal BFGS step
    3    -189.7707942205      1.59e-02  Line search: overstep
    4    -189.7711538678      2.23e-03   Normal BFGS step
    5    -189.7711694231      2.83e-03   Normal BFGS step
    6    -189.7711775129      1.51e-03   Normal BFGS step
    7    -189.7711812500      2.26e-04   Normal BFGS step
    8    -189.7711817574      9.52e-05   Normal BFGS step
    9    -189.7711817924      3.53e-05   Normal BFGS step
   10    -189.7711818002      8.46e-06   Normal BFGS step
   11    -189.7711818005      2.11e-06   Normal BFGS step
   12    -189.7711818006      1.68e-07   Normal BFGS step
   13    -189.7711818006      6.56e-08   Normal BFGS step
   14    -189.7711818006      7.01e-09   Normal BFGS step
   15    -189.7711818006      1.13e-08   Normal BFGS step
   16    -189.7711818006      4.02e-09   Normal BFGS step
   17    -189.7711818006      1.15e-09   Normal BFGS step
   18    -189.7711818006      6.76e-10   Normal BFGS step
   19    -189.7711818006      2.46e-10   Normal BFGS step
   20    -189.7711818006      4.63e-11  Convergence criterion met
 ---------------------------------------
 SCF time:   CPU 13.72s  wall 1.00s 
 SCF   energy =  -189.77118180
 Total energy =  -189.77118180
 Integrated density by DFT XC:
   Number of electrons = 24
   Numerical integral  =    23.999999994277
   Relative error      =     0.0000000238 %

 --------------------------------------------------------------

                    Orbital Energies (a.u.)
 --------------------------------------------------------------

 Alpha MOs
 -- Occupied --
-19.2016 -19.1460 -10.3311  -1.1176  -1.0323  -0.6581  -0.5108  -0.4909
 -0.4509  -0.4055  -0.3319  -0.2903
 -- Virtual --
 -0.0007   0.0467   0.0862   0.2460   0.2594   0.4450   0.4576   0.5286
  0.5650   0.6392   0.7197   0.8556   0.9082   0.9409   0.9627   1.0159
  1.0776   1.0953   1.1633   1.3324   1.3525   1.4694   1.5711   1.6503
  1.6746   1.7386   1.8650   2.0266   2.2457   2.2517   2.6000   2.6865
  2.8216   2.8768   3.0428   3.1272   3.1423   3.4253   3.4845   3.6320
 --------------------------------------------------------------

          Ground-State Mulliken Net Atomic Charges

     Atom                 Charge (a.u.)
  ----------------------------------------
      1 C                     0.197734
      2 O                    -0.160602
      3 O                    -0.224682
      4 H                     0.031355
      5 H                     0.156194
  ----------------------------------------
  Sum of atomic charges =     0.000000

 -----------------------------------------------------------------
                    Cartesian Multipole Moments
 -----------------------------------------------------------------
    Charge (ESU x 10^10)
                 0.0000
    Dipole Moment (Debye)
         X       0.2180      Y      -0.2068      Z      -1.3857
       Tot       1.4179
    Quadrupole Moments (Debye-Ang)
        XX     -13.1704     XY      -0.0280     YY     -16.8121
        XZ      -0.6950     YZ      -1.5118     ZZ     -26.9261
    Octopole Moments (Debye-Ang^2)
       XXX      12.6902    XXY      -4.5266    XYY       4.4878
       YYY     -15.4039    XXZ     -30.8258    XYZ      -0.1811
       YYZ     -36.7998    XZZ       2.3952    YZZ     -12.2786
       ZZZ    -156.7726
    Hexadecapole Moments (Debye-Ang^3)
      XXXX     -35.8574   XXXY       4.3846   XXYY     -11.2604
      XYYY       4.3989   YYYY     -24.0067   XXXZ      30.1223
      XXYZ     -12.2777   XYYZ      11.0080   YYYZ     -39.4855
      XXZZ     -93.5469   XYZZ       1.3299   YYZZ    -101.3098
      XZZZ      30.7097   YZZZ     -67.8522   ZZZZ    -758.9404
 -----------------------------------------------------------------
 Eng[-8,-3] = -1.89771182e+02
 points done 65/90
 CoordNormalMode 8 , 3 , 0
 ----------------------------------------------------------------
             Standard Nuclear Orientation (Angstroms)
    I     Atom           X                Y                Z
 ----------------------------------------------------------------
    1      C      -0.6426206995     0.3022996125     2.2420904784
    2      O       0.0187945705     0.1577160149     1.0759890660
    3      O      -0.1169124743     0.4800861119     3.3126402652
    4      H      -1.6794024208     0.3209818263     2.0527108731
    5      H       0.9703854649     0.2095946473     1.2869754168
 ----------------------------------------------------------------
 Nuclear Repulsion Energy =          70.17976533 hartrees
 There are       12 alpha and       12 beta electrons

                       Distance Matrix (Angstroms)
             C (  1)   O (  2)   O (  3)   H (  4)
   O (  2)  1.348394
   O (  3)  1.205842  2.263835
   H (  4)  1.054102  1.965837  2.013482
   H (  5)  1.876867  0.976080  2.314887  2.760459

 Requested basis set is cc-pVDZ
 There are 24 shells and 52 basis functions
 A cutoff of  1.0D-14 yielded    299 shell pairs
 There are      1431 function pairs (      1608 Cartesian)
 Smallest overlap matrix eigenvalue = 1.35E-02
 Guess MOs from SCF MO coefficient file

 -----------------------------------------------------------------------
  General SCF calculation program by
  Eric Jon Sundstrom, Paul Horn, Yuezhi Mao, Dmitri Zuev, Alec White,
  David Stuck, Shaama M.S., Shane Yost, Joonho Lee, David Small,
  Daniel Levine, Susi Lehtola, Hugh Burton, Evgeny Epifanovsky,
  Bang C. Huynh
 -----------------------------------------------------------------------
 Exchange:     0.2000 Hartree-Fock + 0.0800 Slater + 0.7200 B88
 Correlation:  0.1900 VWN1RPA + 0.8100 LYP
 Using Euler-Maclaurin-Lebedev (99,590) quadrature formula
Added inc_jk
Added qchem_hcore
Added xc
Added P-dependent contribution
 A restricted SCF calculation will be
 performed using GDM
 SCF converges when RMS gradient is below 1.0e-10
 User-specified cutoff of 10e-14
 used for neglect of 2-electron integrals.
 A cutoff of 10e-14
 used for neglect of overlap integrals.
 Incremental Fock algorithm is on at the start.
 ---------------------------------------
  Cycle       Energy        RMS Gradient
 ---------------------------------------
    1    -189.7676872605      1.74e-02   Normal BFGS step
    2    -189.7706080920      1.45e-02   Normal BFGS step
    3    -189.7703648021      1.89e-02  Line search: overstep
    4    -189.7708772413      3.08e-03   Normal BFGS step
    5    -189.7709010844      3.84e-03   Normal BFGS step
    6    -189.7709168128      1.88e-03   Normal BFGS step
    7    -189.7709226112      2.79e-04   Normal BFGS step
    8    -189.7709235160      1.34e-04   Normal BFGS step
    9    -189.7709235977      3.29e-05   Normal BFGS step
   10    -189.7709236103      8.03e-06   Normal BFGS step
   11    -189.7709236107      2.13e-06   Normal BFGS step
   12    -189.7709236107      2.24e-07   Normal BFGS step
   13    -189.7709236107      7.05e-08   Normal BFGS step
   14    -189.7709236107      9.21e-09   Normal BFGS step
   15    -189.7709236107      1.38e-08   Normal BFGS step
   16    -189.7709236107      7.07e-09   Normal BFGS step
   17    -189.7709236107      2.27e-09   Normal BFGS step
   18    -189.7709236107      1.50e-09   Normal BFGS step
   19    -189.7709236107      2.46e-10   Normal BFGS step
   20    -189.7709236107      9.05e-11  Convergence criterion met
 ---------------------------------------
 SCF time:   CPU 15.23s  wall 2.00s 
 SCF   energy =  -189.77092361
 Total energy =  -189.77092361
 Integrated density by DFT XC:
   Number of electrons = 24
   Numerical integral  =    23.999999986311
   Relative error      =     0.0000000570 %

 --------------------------------------------------------------

                    Orbital Energies (a.u.)
 --------------------------------------------------------------

 Alpha MOs
 -- Occupied --
-19.1985 -19.1428 -10.3223  -1.1142  -1.0270  -0.6705  -0.5233  -0.4879
 -0.4480  -0.4073  -0.3288  -0.2888
 -- Virtual --
 -0.0032   0.0524   0.1004   0.2464   0.2565   0.4468   0.4703   0.5413
  0.5860   0.6365   0.7341   0.8602   0.9116   0.9444   0.9677   1.0159
  1.0801   1.0957   1.1613   1.3463   1.3815   1.5127   1.5789   1.6777
  1.7351   1.7452   1.8748   2.0488   2.2764   2.4100   2.6058   2.6991
  2.8259   2.8834   3.0803   3.1303   3.1503   3.4356   3.4908   3.6499
 --------------------------------------------------------------

          Ground-State Mulliken Net Atomic Charges

     Atom                 Charge (a.u.)
  ----------------------------------------
      1 C                     0.245627
      2 O                    -0.168872
      3 O                    -0.239584
      4 H                     0.007603
      5 H                     0.155226
  ----------------------------------------
  Sum of atomic charges =     0.000000

 -----------------------------------------------------------------
                    Cartesian Multipole Moments
 -----------------------------------------------------------------
    Charge (ESU x 10^10)
                -0.0000
    Dipole Moment (Debye)
         X       0.0931      Y      -0.1906      Z      -1.4145
       Tot       1.4304
    Quadrupole Moments (Debye-Ang)
        XX     -12.9838     XY      -0.0952     YY     -16.6940
        XZ      -0.9568     YZ      -1.5325     ZZ     -27.0493
    Octopole Moments (Debye-Ang^2)
       XXX      12.1203    XXY      -4.2223    XYY       4.1859
       YYY     -15.3752    XXZ     -30.4531    XYZ      -0.3289
       YYZ     -36.5896    XZZ       1.6398    YZZ     -12.4339
       ZZZ    -157.2871
    Hexadecapole Moments (Debye-Ang^3)
      XXXX     -33.3921   XXXY       3.9300   XXYY     -10.4444
      XYYY       4.3902   YYYY     -23.8032   XXXZ      28.9325
      XXYZ     -11.6919   XYYZ      10.4052   YYYZ     -39.4184
      XXZZ     -92.2229   XYZZ       1.0740   YYZZ    -100.9377
      XZZZ      28.3588   YZZZ     -68.5001   ZZZZ    -761.3520
 -----------------------------------------------------------------
 Eng[8,3] = -1.89770924e+02
 points done 66/90
 CoordNormalMode -8 , -4 , 0
 ----------------------------------------------------------------
             Standard Nuclear Orientation (Angstroms)
    I     Atom           X                Y                Z
 ----------------------------------------------------------------
    1      C      -0.6432726301     0.3147655313     2.2494213866
    2      O       0.0250133640     0.1538824721     1.0614670158
    3      O      -0.1151873605     0.4778876682     3.3179849448
    4      H      -1.7949950535     0.2701246342     2.0704444338
    5      H       0.9676655712     0.2077545167     1.3276051886
 ----------------------------------------------------------------
 Nuclear Repulsion Energy =          69.27882514 hartrees
 There are       12 alpha and       12 beta electrons

                       Distance Matrix (Angstroms)
             C (  1)   O (  2)   O (  3)   H (  4)
   O (  2)  1.372489
   O (  3)  1.203042  2.283968
   H (  4)  1.166400  2.084221  2.102683
   H (  5)  1.859118  0.980982  2.281919  2.861467

 Requested basis set is cc-pVDZ
 There are 24 shells and 52 basis functions
 A cutoff of  1.0D-14 yielded    299 shell pairs
 There are      1431 function pairs (      1608 Cartesian)
 Smallest overlap matrix eigenvalue = 1.41E-02
 Guess MOs from SCF MO coefficient file

 -----------------------------------------------------------------------
  General SCF calculation program by
  Eric Jon Sundstrom, Paul Horn, Yuezhi Mao, Dmitri Zuev, Alec White,
  David Stuck, Shaama M.S., Shane Yost, Joonho Lee, David Small,
  Daniel Levine, Susi Lehtola, Hugh Burton, Evgeny Epifanovsky,
  Bang C. Huynh
 -----------------------------------------------------------------------
 Exchange:     0.2000 Hartree-Fock + 0.0800 Slater + 0.7200 B88
 Correlation:  0.1900 VWN1RPA + 0.8100 LYP
 Using Euler-Maclaurin-Lebedev (99,590) quadrature formula
Added inc_jk
Added qchem_hcore
Added xc
Added P-dependent contribution
 A restricted SCF calculation will be
 performed using GDM
 SCF converges when RMS gradient is below 1.0e-10
 User-specified cutoff of 10e-14
 used for neglect of 2-electron integrals.
 A cutoff of 10e-14
 used for neglect of overlap integrals.
 Incremental Fock algorithm is on at the start.
 ---------------------------------------
  Cycle       Energy        RMS Gradient
 ---------------------------------------
    1    -189.7678897472      1.50e-02   Normal BFGS step
    2    -189.7705431301      1.22e-02   Normal BFGS step
    3    -189.7702562151      2.23e-02  Line search: overstep
    4    -189.7707757364      3.05e-03   Normal BFGS step
    5    -189.7708036581      2.92e-03   Normal BFGS step
    6    -189.7708184766      1.31e-03   Normal BFGS step
    7    -189.7708213211      5.23e-04   Normal BFGS step
    8    -189.7708227335      1.30e-04   Normal BFGS step
    9    -189.7708228525      4.47e-05   Normal BFGS step
   10    -189.7708228718      5.65e-06   Normal BFGS step
   11    -189.7708228721      1.88e-06   Normal BFGS step
   12    -189.7708228721      1.35e-07   Normal BFGS step
   13    -189.7708228721      4.01e-08   Normal BFGS step
   14    -189.7708228721      5.80e-09   Normal BFGS step
   15    -189.7708228721      8.36e-09   Normal BFGS step
   16    -189.7708228721      2.85e-09   Normal BFGS step
   17    -189.7708228721      1.01e-09   Normal BFGS step
   18    -189.7708228721      6.14e-10   Normal BFGS step
   19    -189.7708228721      4.52e-10   Normal BFGS step
   20    -189.7708228721      1.67e-11  Convergence criterion met
 ---------------------------------------
 SCF time:   CPU 13.60s  wall 2.00s 
 SCF   energy =  -189.77082287
 Total energy =  -189.77082287
 Integrated density by DFT XC:
   Number of electrons = 24
   Numerical integral  =    23.999999971448
   Relative error      =     0.0000001190 %

 --------------------------------------------------------------

                    Orbital Energies (a.u.)
 --------------------------------------------------------------

 Alpha MOs
 -- Occupied --
-19.2002 -19.1505 -10.3339  -1.1110  -1.0306  -0.6499  -0.5079  -0.4923
 -0.4465  -0.4101  -0.3319  -0.2928
 -- Virtual --
 -0.0059   0.0483   0.0835   0.2379   0.2481   0.4456   0.4529   0.5330
  0.5605   0.6361   0.7165   0.8536   0.9073   0.9488   0.9605   1.0104
  1.0677   1.0952   1.1649   1.3351   1.3366   1.4536   1.5818   1.6390
  1.6727   1.7299   1.8665   2.0246   2.2258   2.2551   2.5968   2.6841
  2.8177   2.8729   3.0493   3.1074   3.1090   3.4067   3.4602   3.6263
 --------------------------------------------------------------

          Ground-State Mulliken Net Atomic Charges

     Atom                 Charge (a.u.)
  ----------------------------------------
      1 C                     0.206049
      2 O                    -0.179030
      3 O                    -0.223253
      4 H                     0.038413
      5 H                     0.157821
  ----------------------------------------
  Sum of atomic charges =     0.000000

 -----------------------------------------------------------------
                    Cartesian Multipole Moments
 -----------------------------------------------------------------
    Charge (ESU x 10^10)
                -0.0000
    Dipole Moment (Debye)
         X       0.0928      Y      -0.1739      Z      -1.2135
       Tot       1.2294
    Quadrupole Moments (Debye-Ang)
        XX     -13.0698     XY      -0.0679     YY     -16.8434
        XZ      -0.8722     YZ      -1.4203     ZZ     -26.3615
    Octopole Moments (Debye-Ang^2)
       XXX      12.3148    XXY      -4.3510    XYY       4.4688
       YYY     -15.4628    XXZ     -30.4660    XYZ      -0.2727
       YYZ     -36.8256    XZZ       2.0068    YZZ     -12.0591
       ZZZ    -155.2571
    Hexadecapole Moments (Debye-Ang^3)
      XXXX     -35.6254   XXXY       4.1673   XXYY     -11.2542
      XYYY       4.5448   YYYY     -24.0992   XXXZ      29.6076
      XXYZ     -11.9265   XYYZ      11.0419   YYYZ     -39.6447
      XXZZ     -92.8718   XYZZ       1.1602   YYZZ    -101.5253
      XZZZ      29.8712   YZZZ     -67.4164   ZZZZ    -756.2918
 -----------------------------------------------------------------
 Eng[-8,-4] = -1.89770823e+02
 points done 67/90
 CoordNormalMode 8 , 4 , 0
 ----------------------------------------------------------------
             Standard Nuclear Orientation (Angstroms)
    I     Atom           X                Y                Z
 ----------------------------------------------------------------
    1      C      -0.6332714708     0.3126150330     2.2334206412
    2      O       0.0125368376     0.1579412314     1.0909273970
    3      O      -0.1188010976     0.4763482778     3.3077424543
    4      H      -1.6662572258     0.2668800155     2.0336120253
    5      H       0.9752090656     0.1966206199     1.2499545127
 ----------------------------------------------------------------
 Nuclear Repulsion Energy =          70.76590595 hartrees
 There are       12 alpha and       12 beta electrons

                       Distance Matrix (Angstroms)
             C (  1)   O (  2)   O (  3)   H (  4)
   O (  2)  1.321470
   O (  3)  1.202354  2.243413
   H (  4)  1.053126  1.928438  2.015417
   H (  5)  1.888881  0.976485  2.347253  2.756157

 Requested basis set is cc-pVDZ
 There are 24 shells and 52 basis functions
 A cutoff of  1.0D-14 yielded    299 shell pairs
 There are      1431 function pairs (      1608 Cartesian)
 Smallest overlap matrix eigenvalue = 1.32E-02
 Guess MOs from SCF MO coefficient file

 -----------------------------------------------------------------------
  General SCF calculation program by
  Eric Jon Sundstrom, Paul Horn, Yuezhi Mao, Dmitri Zuev, Alec White,
  David Stuck, Shaama M.S., Shane Yost, Joonho Lee, David Small,
  Daniel Levine, Susi Lehtola, Hugh Burton, Evgeny Epifanovsky,
  Bang C. Huynh
 -----------------------------------------------------------------------
 Exchange:     0.2000 Hartree-Fock + 0.0800 Slater + 0.7200 B88
 Correlation:  0.1900 VWN1RPA + 0.8100 LYP
 Using Euler-Maclaurin-Lebedev (99,590) quadrature formula
Added inc_jk
Added qchem_hcore
Added xc
Added P-dependent contribution
 A restricted SCF calculation will be
 performed using GDM
 SCF converges when RMS gradient is below 1.0e-10
 User-specified cutoff of 10e-14
 used for neglect of 2-electron integrals.
 A cutoff of 10e-14
 used for neglect of overlap integrals.
 Incremental Fock algorithm is on at the start.
 ---------------------------------------
  Cycle       Energy        RMS Gradient
 ---------------------------------------
    1    -189.7656969707      2.09e-02   Normal BFGS step
    2    -189.7697583093      1.67e-02   Normal BFGS step
    3    -189.7695023856      2.83e-02  Line search: overstep
    4    -189.7702587602      3.49e-03   Normal BFGS step
    5    -189.7702977757      5.06e-03   Normal BFGS step
    6    -189.7703508485      1.02e-03   Normal BFGS step
    7    -189.7703519802      9.09e-04   Normal BFGS step
    8    -189.7703554903      1.14e-04   Normal BFGS step
    9    -189.7703555807      4.81e-05   Normal BFGS step
   10    -189.7703556013      2.43e-06   Normal BFGS step
   11    -189.7703556014      8.05e-07   Normal BFGS step
   12    -189.7703556014      4.08e-08   Normal BFGS step
   13    -189.7703556014      1.71e-08   Normal BFGS step
   14    -189.7703556014      1.48e-08   Normal BFGS step
   15    -189.7703556014      7.45e-09   Normal BFGS step
   16    -189.7703556014      2.02e-09   Normal BFGS step
   17    -189.7703556014      2.52e-09   Normal BFGS step
   18    -189.7703556014      1.24e-10   Normal BFGS step
   19    -189.7703556014      8.34e-11  Convergence criterion met
 ---------------------------------------
 SCF time:   CPU 13.05s  wall 1.00s 
 SCF   energy =  -189.77035560
 Total energy =  -189.77035560
 Integrated density by DFT XC:
   Number of electrons = 24
   Numerical integral  =    24.000000018798
   Relative error      =     0.0000000783 %

 --------------------------------------------------------------

                    Orbital Energies (a.u.)
 --------------------------------------------------------------

 Alpha MOs
 -- Occupied --
-19.1999 -19.1379 -10.3191  -1.1214  -1.0276  -0.6779  -0.5269  -0.4862
 -0.4527  -0.4028  -0.3280  -0.2862
 -- Virtual --
  0.0039   0.0493   0.1027   0.2487   0.2726   0.4462   0.4769   0.5348
  0.5898   0.6445   0.7370   0.8627   0.9116   0.9368   0.9704   1.0204
  1.0926   1.0955   1.1634   1.3606   1.3771   1.5283   1.5759   1.6837
  1.7396   1.7510   1.8797   2.0451   2.2988   2.4139   2.6080   2.7029
  2.8225   2.8911   3.0753   3.1480   3.1871   3.4468   3.5188   3.6656
 --------------------------------------------------------------

          Ground-State Mulliken Net Atomic Charges

     Atom                 Charge (a.u.)
  ----------------------------------------
      1 C                     0.237427
      2 O                    -0.151078
      3 O                    -0.241982
      4 H                     0.000519
      5 H                     0.155115
  ----------------------------------------
  Sum of atomic charges =     0.000000

 -----------------------------------------------------------------
                    Cartesian Multipole Moments
 -----------------------------------------------------------------
    Charge (ESU x 10^10)
                -0.0000
    Dipole Moment (Debye)
         X       0.2062      Y      -0.2277      Z      -1.5976
       Tot       1.6269
    Quadrupole Moments (Debye-Ang)
        XX     -13.0567     XY      -0.0613     YY     -16.6696
        XZ      -0.8043     YZ      -1.6351     ZZ     -27.6492
    Octopole Moments (Debye-Ang^2)
       XXX      12.3909    XXY      -4.3829    XYY       4.2023
       YYY     -15.3423    XXZ     -30.7552    XYZ      -0.2482
       YYZ     -36.5824    XZZ       1.9783    YZZ     -12.6886
       ZZZ    -158.9259
    Hexadecapole Moments (Debye-Ang^3)
      XXXX     -33.3957   XXXY       4.1104   XXYY     -10.4510
      XYYY       4.2837   YYYY     -23.6992   XXXZ      29.2378
      XXYZ     -12.0127   XYYZ      10.3741   YYYZ     -39.3218
      XXZZ     -92.7664   XYZZ       1.2338   YYZZ    -100.7768
      XZZZ      29.1087   YZZZ     -69.0586   ZZZZ    -764.5028
 -----------------------------------------------------------------
 Eng[8,4] = -1.89770356e+02
 points done 68/90
 CoordNormalMode -8 , -5 , 0
 ----------------------------------------------------------------
             Standard Nuclear Orientation (Angstroms)
    I     Atom           X                Y                Z
 ----------------------------------------------------------------
    1      C      -0.6442663119     0.3146710307     2.2488815161
    2      O       0.0238058163     0.1560199406     1.0763727529
    3      O      -0.1146975443     0.4769452889     3.3114088496
    4      H      -1.7901306899     0.2641090210     2.0283759071
    5      H       0.9860236074     0.1959284921     1.2439050584
 ----------------------------------------------------------------
 Nuclear Repulsion Energy =          69.60457700 hartrees
 There are       12 alpha and       12 beta electrons

                       Distance Matrix (Angstroms)
             C (  1)   O (  2)   O (  3)   H (  4)
   O (  2)  1.358774
   O (  3)  1.198224  2.262203
   H (  4)  1.167983  2.051429  2.120978
   H (  5)  1.918834  0.977508  2.359053  2.885667

 Requested basis set is cc-pVDZ
 There are 24 shells and 52 basis functions
 A cutoff of  1.0D-14 yielded    299 shell pairs
 There are      1431 function pairs (      1608 Cartesian)
 Smallest overlap matrix eigenvalue = 1.40E-02
 Guess MOs from SCF MO coefficient file

 -----------------------------------------------------------------------
  General SCF calculation program by
  Eric Jon Sundstrom, Paul Horn, Yuezhi Mao, Dmitri Zuev, Alec White,
  David Stuck, Shaama M.S., Shane Yost, Joonho Lee, David Small,
  Daniel Levine, Susi Lehtola, Hugh Burton, Evgeny Epifanovsky,
  Bang C. Huynh
 -----------------------------------------------------------------------
 Exchange:     0.2000 Hartree-Fock + 0.0800 Slater + 0.7200 B88
 Correlation:  0.1900 VWN1RPA + 0.8100 LYP
 Using Euler-Maclaurin-Lebedev (99,590) quadrature formula
Added inc_jk
Added qchem_hcore
Added xc
Added P-dependent contribution
 A restricted SCF calculation will be
 performed using GDM
 SCF converges when RMS gradient is below 1.0e-10
 User-specified cutoff of 10e-14
 used for neglect of 2-electron integrals.
 A cutoff of 10e-14
 used for neglect of overlap integrals.
 Incremental Fock algorithm is on at the start.
 ---------------------------------------
  Cycle       Energy        RMS Gradient
 ---------------------------------------
    1    -189.7680658368      1.36e-02   Normal BFGS step
    2    -189.7706457076      1.35e-02   Normal BFGS step
    3    -189.7703896920      2.38e-02  Line search: overstep
    4    -189.7709326206      3.33e-03   Normal BFGS step
    5    -189.7709712542      3.09e-03   Normal BFGS step
    6    -189.7709898179      1.30e-03   Normal BFGS step
    7    -189.7709930958      5.84e-04   Normal BFGS step
    8    -189.7709947577      1.39e-04   Normal BFGS step
    9    -189.7709948988      5.47e-05   Normal BFGS step
   10    -189.7709949264      6.31e-06   Normal BFGS step
   11    -189.7709949268      1.89e-06   Normal BFGS step
   12    -189.7709949268      1.40e-07   Normal BFGS step
   13    -189.7709949268      3.46e-08   Normal BFGS step
   14    -189.7709949268      2.78e-09   Normal BFGS step
   15    -189.7709949268      4.44e-09   Normal BFGS step
   16    -189.7709949268      2.41e-09   Normal BFGS step
   17    -189.7709949268      4.19e-10   Normal BFGS step
  GDM::WARNING energy changes are now smaller than effective accuracy.
  GDM::        calculation will continue, but THRESH should be increased
  GDM::        or SCF_CONVERGENCE decreased. 
  GDM::        effective_thresh = 4.82e-09
   18    -189.7709949268      7.75e-11  Convergence criterion met
 ---------------------------------------
 SCF time:   CPU 12.38s  wall 2.00s 
 SCF   energy =  -189.77099493
 Total energy =  -189.77099493
 Integrated density by DFT XC:
   Number of electrons = 24
   Numerical integral  =    24.000000007776
   Relative error      =     0.0000000324 %

 --------------------------------------------------------------

                    Orbital Energies (a.u.)
 --------------------------------------------------------------

 Alpha MOs
 -- Occupied --
-19.1965 -19.1468 -10.3320  -1.1114  -1.0298  -0.6583  -0.5113  -0.4869
 -0.4473  -0.4024  -0.3302  -0.2907
 -- Virtual --
 -0.0014   0.0466   0.0849   0.2446   0.2550   0.4461   0.4581   0.5178
  0.5736   0.6385   0.7204   0.8555   0.9110   0.9458   0.9635   1.0269
  1.0912   1.0928   1.1602   1.3316   1.3595   1.4698   1.5550   1.6431
  1.6718   1.7330   1.8628   2.0328   2.2368   2.2720   2.5977   2.6819
  2.8296   2.8655   3.0110   3.1262   3.1339   3.4328   3.4903   3.6356
 --------------------------------------------------------------

          Ground-State Mulliken Net Atomic Charges

     Atom                 Charge (a.u.)
  ----------------------------------------
      1 C                     0.201914
      2 O                    -0.176299
      3 O                    -0.219632
      4 H                     0.036129
      5 H                     0.157888
  ----------------------------------------
  Sum of atomic charges =     0.000000

 -----------------------------------------------------------------
                    Cartesian Multipole Moments
 -----------------------------------------------------------------
    Charge (ESU x 10^10)
                -0.0000
    Dipole Moment (Debye)
         X       0.1790      Y      -0.1957      Z      -1.3737
       Tot       1.3991
    Quadrupole Moments (Debye-Ang)
        XX     -12.9816     XY      -0.0687     YY     -16.8224
        XZ      -0.8836     YZ      -1.4884     ZZ     -26.8000
    Octopole Moments (Debye-Ang^2)
       XXX      12.5645    XXY      -4.3664    XYY       4.4763
       YYY     -15.4296    XXZ     -30.5981    XYZ      -0.2810
       YYZ     -36.7649    XZZ       1.9827    YZZ     -12.2006
       ZZZ    -156.0667
    Hexadecapole Moments (Debye-Ang^3)
      XXXX     -35.6584   XXXY       4.2123   XXYY     -11.2550
      XYYY       4.5325   YYYY     -24.0051   XXXZ      29.9248
      XXYZ     -11.9847   XYYZ      11.0170   YYYZ     -39.4855
      XXZZ     -93.3087   XYZZ       1.1867   YYZZ    -101.1620
      XZZZ      30.0942   YZZZ     -67.5696   ZZZZ    -756.1730
 -----------------------------------------------------------------
 Eng[-8,-5] = -1.89770995e+02
 points done 69/90
 CoordNormalMode 8 , 5 , 0
 ----------------------------------------------------------------
             Standard Nuclear Orientation (Angstroms)
    I     Atom           X                Y                Z
 ----------------------------------------------------------------
    1      C      -0.6322777890     0.3127095335     2.2339605118
    2      O       0.0137443852     0.1558037628     1.0760216599
    3      O      -0.1192909138     0.4772906572     3.3143185495
    4      H      -1.6711215895     0.2728956286     2.0756805520
    5      H       0.9568510294     0.2084466445     1.3336546428
 ----------------------------------------------------------------
 Nuclear Repulsion Energy =          70.43042495 hartrees
 There are       12 alpha and       12 beta electrons

                       Distance Matrix (Angstroms)
             C (  1)   O (  2)   O (  3)   H (  4)
   O (  2)  1.335210
   O (  3)  1.207235  2.265177
   H (  4)  1.051586  1.962601  1.996041
   H (  5)  1.829413  0.979079  2.270108  2.731482

 Requested basis set is cc-pVDZ
 There are 24 shells and 52 basis functions
 A cutoff of  1.0D-14 yielded    299 shell pairs
 There are      1431 function pairs (      1608 Cartesian)
 Smallest overlap matrix eigenvalue = 1.33E-02
 Guess MOs from SCF MO coefficient file

 -----------------------------------------------------------------------
  General SCF calculation program by
  Eric Jon Sundstrom, Paul Horn, Yuezhi Mao, Dmitri Zuev, Alec White,
  David Stuck, Shaama M.S., Shane Yost, Joonho Lee, David Small,
  Daniel Levine, Susi Lehtola, Hugh Burton, Evgeny Epifanovsky,
  Bang C. Huynh
 -----------------------------------------------------------------------
 Exchange:     0.2000 Hartree-Fock + 0.0800 Slater + 0.7200 B88
 Correlation:  0.1900 VWN1RPA + 0.8100 LYP
 Using Euler-Maclaurin-Lebedev (99,590) quadrature formula
Added inc_jk
Added qchem_hcore
Added xc
Added P-dependent contribution
 A restricted SCF calculation will be
 performed using GDM
 SCF converges when RMS gradient is below 1.0e-10
 User-specified cutoff of 10e-14
 used for neglect of 2-electron integrals.
 A cutoff of 10e-14
 used for neglect of overlap integrals.
 Incremental Fock algorithm is on at the start.
 ---------------------------------------
  Cycle       Energy        RMS Gradient
 ---------------------------------------
    1    -189.7668250949      2.15e-02   Normal BFGS step
    2    -189.7701310487      1.60e-02   Normal BFGS step
    3    -189.7697893589      2.55e-02  Line search: overstep
    4    -189.7704850761      4.20e-03   Normal BFGS step
    5    -189.7705281914      3.40e-03   Normal BFGS step
    6    -189.7705451487      1.86e-03   Normal BFGS step
    7    -189.7705523747      3.08e-04   Normal BFGS step
    8    -189.7705534240      1.41e-04   Normal BFGS step
    9    -189.7705535539      3.76e-05   Normal BFGS step
   10    -189.7705535691      7.05e-06   Normal BFGS step
   11    -189.7705535696      1.99e-06   Normal BFGS step
   12    -189.7705535697      2.14e-07   Normal BFGS step
   13    -189.7705535697      5.06e-08   Normal BFGS step
   14    -189.7705535697      7.42e-09   Normal BFGS step
   15    -189.7705535697      7.63e-09   Normal BFGS step
   16    -189.7705535697      6.66e-09   Normal BFGS step
   17    -189.7705535697      7.06e-10   Normal BFGS step
   18    -189.7705535697      8.34e-10   Normal BFGS step
  GDM::WARNING energy changes are now smaller than effective accuracy.
  GDM::        calculation will continue, but THRESH should be increased
  GDM::        or SCF_CONVERGENCE decreased. 
  GDM::        effective_thresh = 3.72e-09
   19    -189.7705535697      1.52e-10   Normal BFGS step
   20    -189.7705535697      5.21e-11  Convergence criterion met
 ---------------------------------------
 SCF time:   CPU 13.74s  wall 2.00s 
 SCF   energy =  -189.77055357
 Total energy =  -189.77055357
 Integrated density by DFT XC:
   Number of electrons = 24
   Numerical integral  =    23.999999959641
   Relative error      =     0.0000001682 %

 --------------------------------------------------------------

                    Orbital Energies (a.u.)
 --------------------------------------------------------------

 Alpha MOs
 -- Occupied --
-19.2034 -19.1418 -10.3212  -1.1208  -1.0287  -0.6699  -0.5228  -0.4925
 -0.4516  -0.4100  -0.3300  -0.2885
 -- Virtual --
 -0.0009   0.0511   0.1015   0.2472   0.2610   0.4458   0.4696   0.5489
  0.5844   0.6347   0.7350   0.8608   0.9092   0.9392   0.9665   1.0028
  1.0711   1.0971   1.1677   1.3359   1.3827   1.5094   1.6018   1.6834
  1.7413   1.7493   1.8783   2.0446   2.2573   2.4208   2.6073   2.7084
  2.8154   2.8938   3.1242   3.1286   3.1527   3.4309   3.4809   3.6470
 --------------------------------------------------------------

          Ground-State Mulliken Net Atomic Charges

     Atom                 Charge (a.u.)
  ----------------------------------------
      1 C                     0.243339
      2 O                    -0.155068
      3 O                    -0.245278
      4 H                     0.002461
      5 H                     0.154546
  ----------------------------------------
  Sum of atomic charges =     0.000000

 -----------------------------------------------------------------
                    Cartesian Multipole Moments
 -----------------------------------------------------------------
    Charge (ESU x 10^10)
                 0.0000
    Dipole Moment (Debye)
         X       0.1177      Y      -0.2049      Z      -1.4301
       Tot       1.4495
    Quadrupole Moments (Debye-Ang)
        XX     -13.1428     XY      -0.0612     YY     -16.6905
        XZ      -0.7976     YZ      -1.5630     ZZ     -27.1834
    Octopole Moments (Debye-Ang^2)
       XXX      12.1506    XXY      -4.3688    XYY       4.1941
       YYY     -15.3732    XXZ     -30.6335    XYZ      -0.2413
       YYZ     -36.6364    XZZ       1.9937    YZZ     -12.5345
       ZZZ    -158.0186
    Hexadecapole Moments (Debye-Ang^3)
      XXXX     -33.3803   XXXY       4.0687   XXYY     -10.4487
      XYYY       4.2908   YYYY     -23.7918   XXXZ      28.9465
      XXYZ     -11.9589   XYYZ      10.3864   YYYZ     -39.4700
      XXZZ     -92.3636   XYZZ       1.2016   YYZZ    -101.1103
      XZZZ      28.8286   YZZZ     -68.8644   ZZZZ    -764.2569
 -----------------------------------------------------------------
 Eng[8,5] = -1.89770554e+02
 points done 70/90
 CoordNormalMode -8 , -6 , 0
 ----------------------------------------------------------------
             Standard Nuclear Orientation (Angstroms)
    I     Atom           X                Y                Z
 ----------------------------------------------------------------
    1      C      -0.6348974243     0.3139956123     2.2431487917
    2      O       0.0167309912     0.1556311381     1.0744882463
    3      O      -0.1143457973     0.4775866802     3.3158078812
    4      H      -1.7760473452     0.2595351891     1.9951388247
    5      H       0.9670866454     0.2045356295     1.3054932427
 ----------------------------------------------------------------
 Nuclear Repulsion Energy =          69.74647615 hartrees
 There are       12 alpha and       12 beta electrons

                       Distance Matrix (Angstroms)
             C (  1)   O (  2)   O (  3)   H (  4)
   O (  2)  1.347392
   O (  3)  1.203467  2.268116
   H (  4)  1.169059  2.018031  2.133768
   H (  5)  1.859444  0.979250  2.299004  2.829032

 Requested basis set is cc-pVDZ
 There are 24 shells and 52 basis functions
 A cutoff of  1.0D-14 yielded    299 shell pairs
 There are      1431 function pairs (      1608 Cartesian)
 Smallest overlap matrix eigenvalue = 1.37E-02
 Guess MOs from SCF MO coefficient file

 -----------------------------------------------------------------------
  General SCF calculation program by
  Eric Jon Sundstrom, Paul Horn, Yuezhi Mao, Dmitri Zuev, Alec White,
  David Stuck, Shaama M.S., Shane Yost, Joonho Lee, David Small,
  Daniel Levine, Susi Lehtola, Hugh Burton, Evgeny Epifanovsky,
  Bang C. Huynh
 -----------------------------------------------------------------------
 Exchange:     0.2000 Hartree-Fock + 0.0800 Slater + 0.7200 B88
 Correlation:  0.1900 VWN1RPA + 0.8100 LYP
 Using Euler-Maclaurin-Lebedev (99,590) quadrature formula
Added inc_jk
Added qchem_hcore
Added xc
Added P-dependent contribution
 A restricted SCF calculation will be
 performed using GDM
 SCF converges when RMS gradient is below 1.0e-10
 User-specified cutoff of 10e-14
 used for neglect of 2-electron integrals.
 A cutoff of 10e-14
 used for neglect of overlap integrals.
 Incremental Fock algorithm is on at the start.
 ---------------------------------------
  Cycle       Energy        RMS Gradient
 ---------------------------------------
    1    -189.7685049469      1.59e-02   Normal BFGS step
    2    -189.7708381210      1.28e-02   Normal BFGS step
    3    -189.7705338574      2.31e-02  Line search: overstep
    4    -189.7710842656      3.59e-03   Normal BFGS step
    5    -189.7711178930      2.40e-03   Normal BFGS step
    6    -189.7711279058      1.57e-03   Normal BFGS step
    7    -189.7711326800      2.86e-04   Normal BFGS step
    8    -189.7711333943      1.20e-04   Normal BFGS step
    9    -189.7711334953      4.22e-05   Normal BFGS step
   10    -189.7711335077      9.07e-06   Normal BFGS step
   11    -189.7711335083      2.23e-06   Normal BFGS step
   12    -189.7711335084      2.23e-07   Normal BFGS step
   13    -189.7711335084      4.20e-08   Normal BFGS step
   14    -189.7711335084      6.65e-09   Normal BFGS step
   15    -189.7711335084      6.39e-09   Normal BFGS step
   16    -189.7711335084      4.88e-09   Normal BFGS step
   17    -189.7711335084      4.51e-10   Normal BFGS step
   18    -189.7711335084      3.07e-10   Normal BFGS step
  GDM::WARNING energy changes are now smaller than effective accuracy.
  GDM::        calculation will continue, but THRESH should be increased
  GDM::        or SCF_CONVERGENCE decreased. 
  GDM::        effective_thresh = 1.85e-09
   19    -189.7711335084      1.36e-10   Normal BFGS step
   20    -189.7711335084      3.73e-11  Convergence criterion met
 ---------------------------------------
 SCF time:   CPU 13.67s  wall 2.00s 
 SCF   energy =  -189.77113351
 Total energy =  -189.77113351
 Integrated density by DFT XC:
   Number of electrons = 24
   Numerical integral  =    23.999999978867
   Relative error      =     0.0000000881 %

 --------------------------------------------------------------

                    Orbital Energies (a.u.)
 --------------------------------------------------------------

 Alpha MOs
 -- Occupied --
-19.2019 -19.1482 -10.3323  -1.1174  -1.0319  -0.6582  -0.5075  -0.4923
 -0.4506  -0.4072  -0.3321  -0.2922
 -- Virtual --
 -0.0019   0.0478   0.0844   0.2426   0.2582   0.4450   0.4565   0.5353
  0.5593   0.6350   0.7189   0.8544   0.9093   0.9425   0.9602   1.0100
  1.0734   1.0959   1.1633   1.3206   1.3381   1.4738   1.5817   1.6456
  1.6751   1.7456   1.8616   2.0277   2.2441   2.2533   2.5991   2.6847
  2.8188   2.8753   3.0478   3.1267   3.1315   3.4194   3.4775   3.6372
 --------------------------------------------------------------

          Ground-State Mulliken Net Atomic Charges

     Atom                 Charge (a.u.)
  ----------------------------------------
      1 C                     0.200704
      2 O                    -0.160721
      3 O                    -0.226460
      4 H                     0.031388
      5 H                     0.155089
  ----------------------------------------
  Sum of atomic charges =     0.000000

 -----------------------------------------------------------------
                    Cartesian Multipole Moments
 -----------------------------------------------------------------
    Charge (ESU x 10^10)
                 0.0000
    Dipole Moment (Debye)
         X       0.1985      Y      -0.1968      Z      -1.3833
       Tot       1.4112
    Quadrupole Moments (Debye-Ang)
        XX     -13.2321     XY      -0.0334     YY     -16.8246
        XZ      -0.6114     YZ      -1.5051     ZZ     -26.9469
    Octopole Moments (Debye-Ang^2)
       XXX      12.7025    XXY      -4.4282    XYY       4.4887
       YYY     -15.4475    XXZ     -31.0420    XYZ      -0.1773
       YYZ     -36.8136    XZZ       2.7440    YZZ     -12.2898
       ZZZ    -156.8456
    Hexadecapole Moments (Debye-Ang^3)
      XXXX     -36.0433   XXXY       4.2529   XXYY     -11.2083
      XYYY       4.4827   YYYY     -24.0386   XXXZ      30.2708
      XXYZ     -12.1221   XYYZ      10.9165   YYYZ     -39.5716
      XXZZ     -94.2632   XYZZ       1.4036   YYZZ    -101.3771
      XZZZ      31.4165   YZZZ     -67.9223   ZZZZ    -759.2875
 -----------------------------------------------------------------
 Eng[-8,-6] = -1.89771134e+02
 points done 71/90
 CoordNormalMode 8 , 6 , 0
 ----------------------------------------------------------------
             Standard Nuclear Orientation (Angstroms)
    I     Atom           X                Y                Z
 ----------------------------------------------------------------
    1      C      -0.6416466766     0.3133849519     2.2396932362
    2      O       0.0208192103     0.1561925654     1.0779061664
    3      O      -0.1196426608     0.4766492658     3.3099195179
    4      H      -1.6852049341     0.2774694606     2.1089176343
    5      H       0.9757879914     0.1998395070     1.2720664586
 ----------------------------------------------------------------
 Nuclear Repulsion Energy =          70.28647907 hartrees
 There are       12 alpha and       12 beta electrons

                       Distance Matrix (Angstroms)
             C (  1)   O (  2)   O (  3)   H (  4)
   O (  2)  1.346596
   O (  3)  1.201885  2.259271
   H (  4)  1.052334  1.997051  1.983195
   H (  5)  1.888197  0.975484  2.330115  2.790561

 Requested basis set is cc-pVDZ
 There are 24 shells and 52 basis functions
 A cutoff of  1.0D-14 yielded    299 shell pairs
 There are      1431 function pairs (      1608 Cartesian)
 Smallest overlap matrix eigenvalue = 1.36E-02
 Guess MOs from SCF MO coefficient file

 -----------------------------------------------------------------------
  General SCF calculation program by
  Eric Jon Sundstrom, Paul Horn, Yuezhi Mao, Dmitri Zuev, Alec White,
  David Stuck, Shaama M.S., Shane Yost, Joonho Lee, David Small,
  Daniel Levine, Susi Lehtola, Hugh Burton, Evgeny Epifanovsky,
  Bang C. Huynh
 -----------------------------------------------------------------------
 Exchange:     0.2000 Hartree-Fock + 0.0800 Slater + 0.7200 B88
 Correlation:  0.1900 VWN1RPA + 0.8100 LYP
 Using Euler-Maclaurin-Lebedev (99,590) quadrature formula
Added inc_jk
Added qchem_hcore
Added xc
Added P-dependent contribution
 A restricted SCF calculation will be
 performed using GDM
 SCF converges when RMS gradient is below 1.0e-10
 User-specified cutoff of 10e-14
 used for neglect of 2-electron integrals.
 A cutoff of 10e-14
 used for neglect of overlap integrals.
 Incremental Fock algorithm is on at the start.
 ---------------------------------------
  Cycle       Energy        RMS Gradient
 ---------------------------------------
    1    -189.7680231285      1.80e-02   Normal BFGS step
    2    -189.7702554883      1.75e-02   Normal BFGS step
    3    -189.7700428130      2.32e-02  Line search: overstep
    4    -189.7706818681      4.27e-03   Normal BFGS step
    5    -189.7707325720      2.93e-03   Normal BFGS step
    6    -189.7707519541      1.79e-03   Normal BFGS step
    7    -189.7707584254      4.28e-04   Normal BFGS step
    8    -189.7707597012      1.57e-04   Normal BFGS step
    9    -189.7707598727      4.30e-05   Normal BFGS step
   10    -189.7707598885      6.97e-06   Normal BFGS step
   11    -189.7707598889      1.60e-06   Normal BFGS step
   12    -189.7707598889      2.37e-07   Normal BFGS step
   13    -189.7707598889      3.61e-08   Normal BFGS step
   14    -189.7707598889      4.94e-09   Normal BFGS step
   15    -189.7707598889      4.00e-09   Normal BFGS step
   16    -189.7707598889      4.98e-09   Normal BFGS step
   17    -189.7707598889      6.47e-10   Normal BFGS step
   18    -189.7707598889      5.40e-10   Normal BFGS step
   19    -189.7707598889      1.44e-10   Normal BFGS step
   20    -189.7707598889      4.06e-11  Convergence criterion met
 ---------------------------------------
 SCF time:   CPU 13.73s  wall 1.00s 
 SCF   energy =  -189.77075989
 Total energy =  -189.77075989
 Integrated density by DFT XC:
   Number of electrons = 24
   Numerical integral  =    23.999999988724
   Relative error      =     0.0000000470 %

 --------------------------------------------------------------

                    Orbital Energies (a.u.)
 --------------------------------------------------------------

 Alpha MOs
 -- Occupied --
-19.1983 -19.1404 -10.3210  -1.1143  -1.0276  -0.6696  -0.5282  -0.4863
 -0.4482  -0.4052  -0.3285  -0.2868
 -- Virtual --
 -0.0004   0.0509   0.1012   0.2501   0.2564   0.4470   0.4722   0.5350
  0.5946   0.6392   0.7360   0.8616   0.9108   0.9434   0.9702   1.0198
  1.0853   1.0939   1.1648   1.3567   1.3935   1.5039   1.5729   1.6869
  1.7346   1.7356   1.8813   2.0468   2.2745   2.4123   2.6051   2.7006
  2.8278   2.8859   3.0915   3.1274   3.1548   3.4421   3.4986   3.6465
 --------------------------------------------------------------

          Ground-State Mulliken Net Atomic Charges

     Atom                 Charge (a.u.)
  ----------------------------------------
      1 C                     0.243822
      2 O                    -0.168937
      3 O                    -0.238319
      4 H                     0.007040
      5 H                     0.156394
  ----------------------------------------
  Sum of atomic charges =     0.000000

 -----------------------------------------------------------------
                    Cartesian Multipole Moments
 -----------------------------------------------------------------
    Charge (ESU x 10^10)
                -0.0000
    Dipole Moment (Debye)
         X       0.1105      Y      -0.2034      Z      -1.4188
       Tot       1.4376
    Quadrupole Moments (Debye-Ang)
        XX     -12.9174     XY      -0.0934     YY     -16.6891
        XZ      -1.0460     YZ      -1.5446     ZZ     -27.0285
    Octopole Moments (Debye-Ang^2)
       XXX      12.1001    XXY      -4.3122    XYY       4.1908
       YYY     -15.3543    XXZ     -30.2335    XYZ      -0.3426
       YYZ     -36.5860    XZZ       1.2633    YZZ     -12.4377
       ZZZ    -157.1888
    Hexadecapole Moments (Debye-Ang^3)
      XXXX     -33.1839   XXXY       4.0488   XXYY     -10.5025
      XYYY       4.3436   YYYY     -23.7602   XXXZ      28.7626
      XXYZ     -11.8282   XYYZ      10.4939   YYYZ     -39.3791
      XXZZ     -91.4787   XYZZ       0.9795   YYZZ    -100.8834
      XZZZ      27.4953   YZZZ     -68.4789   ZZZZ    -760.8908
 -----------------------------------------------------------------
 Eng[8,6] = -1.89770760e+02
 points done 72/90
 CoordNormalMode -8 , -7 , 0
 ----------------------------------------------------------------
             Standard Nuclear Orientation (Angstroms)
    I     Atom           X                Y                Z
 ----------------------------------------------------------------
    1      C      -0.6460754661     0.3092352553     2.2114936895
    2      O       0.0193667658     0.1564087160     1.0795653698
    3      O      -0.1073005559     0.4801325135     3.3326175504
    4      H      -1.8065962392     0.2682570265     2.0588912092
    5      H       0.9770859638     0.1997495957     1.2712934081
 ----------------------------------------------------------------
 Nuclear Repulsion Energy =          69.04355317 hartrees
 There are       12 alpha and       12 beta electrons

                       Distance Matrix (Angstroms)
             C (  1)   O (  2)   O (  3)   H (  4)
   O (  2)  1.321904
   O (  3)  1.255549  2.279712
   H (  4)  1.171228  2.075025  2.134216
   H (  5)  1.878994  0.977683  2.345968  2.893767

 Requested basis set is cc-pVDZ
 There are 24 shells and 52 basis functions
 A cutoff of  1.0D-14 yielded    299 shell pairs
 There are      1431 function pairs (      1608 Cartesian)
 Smallest overlap matrix eigenvalue = 1.40E-02
 Guess MOs from SCF MO coefficient file

 -----------------------------------------------------------------------
  General SCF calculation program by
  Eric Jon Sundstrom, Paul Horn, Yuezhi Mao, Dmitri Zuev, Alec White,
  David Stuck, Shaama M.S., Shane Yost, Joonho Lee, David Small,
  Daniel Levine, Susi Lehtola, Hugh Burton, Evgeny Epifanovsky,
  Bang C. Huynh
 -----------------------------------------------------------------------
 Exchange:     0.2000 Hartree-Fock + 0.0800 Slater + 0.7200 B88
 Correlation:  0.1900 VWN1RPA + 0.8100 LYP
 Using Euler-Maclaurin-Lebedev (99,590) quadrature formula
Added inc_jk
Added qchem_hcore
Added xc
Added P-dependent contribution
 A restricted SCF calculation will be
 performed using GDM
 SCF converges when RMS gradient is below 1.0e-10
 User-specified cutoff of 10e-14
 used for neglect of 2-electron integrals.
 A cutoff of 10e-14
 used for neglect of overlap integrals.
 Incremental Fock algorithm is on at the start.
 ---------------------------------------
  Cycle       Energy        RMS Gradient
 ---------------------------------------
    1    -189.7622608477      1.70e-02   Normal BFGS step
    2    -189.7662262691      1.74e-02   Normal BFGS step
    3    -189.7659530359      3.16e-02  Line search: overstep
    4    -189.7666450301      3.24e-03   Normal BFGS step
    5    -189.7666775661      5.58e-03   Normal BFGS step
    6    -189.7667286751      2.03e-03   Normal BFGS step
    7    -189.7667339638      8.07e-04   Normal BFGS step
    8    -189.7667385738      1.83e-04   Normal BFGS step
    9    -189.7667387732      8.61e-05   Normal BFGS step
   10    -189.7667388278      5.07e-06   Normal BFGS step
   11    -189.7667388280      1.05e-06   Normal BFGS step
   12    -189.7667388280      1.30e-07   Normal BFGS step
   13    -189.7667388280      4.14e-08   Normal BFGS step
   14    -189.7667388280      4.62e-09   Normal BFGS step
   15    -189.7667388280      6.06e-09   Normal BFGS step
   16    -189.7667388280      6.51e-09   Normal BFGS step
   17    -189.7667388280      1.86e-09   Normal BFGS step
   18    -189.7667388280      1.66e-09   Normal BFGS step
   19    -189.7667388280      1.87e-10   Normal BFGS step
   20    -189.7667388280      9.64e-11  Convergence criterion met
 ---------------------------------------
 SCF time:   CPU 13.72s  wall 2.00s 
 SCF   energy =  -189.76673883
 Total energy =  -189.76673883
 Integrated density by DFT XC:
   Number of electrons = 24
   Numerical integral  =    23.999999994798
   Relative error      =     0.0000000217 %

 --------------------------------------------------------------

                    Orbital Energies (a.u.)
 --------------------------------------------------------------

 Alpha MOs
 -- Occupied --
-19.2109 -19.1388 -10.3351  -1.1207  -1.0067  -0.6698  -0.5135  -0.4894
 -0.4491  -0.3966  -0.3223  -0.2813
 -- Virtual --
 -0.0100   0.0406   0.0831   0.2418   0.2592   0.4477   0.4599   0.5155
  0.5663   0.5964   0.7150   0.8745   0.9045   0.9288   0.9634   1.0266
  1.0842   1.0950   1.1546   1.3486   1.3509   1.4420   1.5641   1.6449
  1.6642   1.7191   1.8638   2.0193   2.2171   2.2383   2.6084   2.6813
  2.8098   2.8695   3.0015   3.0924   3.1522   3.3642   3.4546   3.6236
 --------------------------------------------------------------

          Ground-State Mulliken Net Atomic Charges

     Atom                 Charge (a.u.)
  ----------------------------------------
      1 C                     0.203686
      2 O                    -0.135215
      3 O                    -0.279148
      4 H                     0.046797
      5 H                     0.163879
  ----------------------------------------
  Sum of atomic charges =     0.000000

 -----------------------------------------------------------------
                    Cartesian Multipole Moments
 -----------------------------------------------------------------
    Charge (ESU x 10^10)
                -0.0000
    Dipole Moment (Debye)
         X       0.1726      Y      -0.2564      Z      -1.7924
       Tot       1.8189
    Quadrupole Moments (Debye-Ang)
        XX     -12.9082     XY      -0.0598     YY     -16.9475
        XZ      -0.8400     YZ      -1.7627     ZZ     -28.7875
    Octopole Moments (Debye-Ang^2)
       XXX      12.2994    XXY      -4.3611    XYY       4.5494
       YYY     -15.6364    XXZ     -30.5168    XYZ      -0.2456
       YYZ     -37.3406    XZZ       2.2360    YZZ     -13.2121
       ZZZ    -163.9683
    Hexadecapole Moments (Debye-Ang^3)
      XXXX     -34.9886   XXXY       4.0625   XXYY     -11.3397
      XYYY       4.5500   YYYY     -24.3916   XXXZ      28.7888
      XXYZ     -12.0524   XYYZ      11.0724   YYYZ     -40.2644
      XXZZ     -93.7142   XYZZ       1.3202   YYZZ    -103.3402
      XZZZ      30.9385   YZZZ     -71.2735   ZZZZ    -787.0258
 -----------------------------------------------------------------
 Eng[-8,-7] = -1.89766739e+02
 points done 73/90
 CoordNormalMode 8 , 7 , 0
 ----------------------------------------------------------------
             Standard Nuclear Orientation (Angstroms)
    I     Atom           X                Y                Z
 ----------------------------------------------------------------
    1      C      -0.6304686348     0.3181453089     2.2713483383
    2      O       0.0181834357     0.1554149875     1.0728290430
    3      O      -0.1266879022     0.4741034325     3.2931098487
    4      H      -1.6546560401     0.2687476231     2.0451652498
    5      H       0.9657886730     0.2046255409     1.3062662932
 ----------------------------------------------------------------
 Nuclear Repulsion Energy =          71.08719962 hartrees
 There are       12 alpha and       12 beta electrons

                       Distance Matrix (Angstroms)
             C (  1)   O (  2)   O (  3)   H (  4)
   O (  2)  1.372472
   O (  3)  1.149832  2.247709
   H (  4)  1.050028  1.938214  1.983488
   H (  5)  1.868772  0.977175  2.283346  2.723383

 Requested basis set is cc-pVDZ
 There are 24 shells and 52 basis functions
 A cutoff of  1.0D-14 yielded    299 shell pairs
 There are      1431 function pairs (      1608 Cartesian)
 Smallest overlap matrix eigenvalue = 1.32E-02
 Guess MOs from SCF MO coefficient file

 -----------------------------------------------------------------------
  General SCF calculation program by
  Eric Jon Sundstrom, Paul Horn, Yuezhi Mao, Dmitri Zuev, Alec White,
  David Stuck, Shaama M.S., Shane Yost, Joonho Lee, David Small,
  Daniel Levine, Susi Lehtola, Hugh Burton, Evgeny Epifanovsky,
  Bang C. Huynh
 -----------------------------------------------------------------------
 Exchange:     0.2000 Hartree-Fock + 0.0800 Slater + 0.7200 B88
 Correlation:  0.1900 VWN1RPA + 0.8100 LYP
 Using Euler-Maclaurin-Lebedev (99,590) quadrature formula
Added inc_jk
Added qchem_hcore
Added xc
Added P-dependent contribution
 A restricted SCF calculation will be
 performed using GDM
 SCF converges when RMS gradient is below 1.0e-10
 User-specified cutoff of 10e-14
 used for neglect of 2-electron integrals.
 A cutoff of 10e-14
 used for neglect of overlap integrals.
 Incremental Fock algorithm is on at the start.
 ---------------------------------------
  Cycle       Energy        RMS Gradient
 ---------------------------------------
    1    -189.7519947047      3.66e-02   Normal BFGS step
    2    -189.7625632903      4.44e-02   Normal BFGS step
    3    -189.7623017283      5.83e-02  Line search: overstep
    4    -189.7648898561      7.80e-03   Normal BFGS step
    5    -189.7651812411      8.91e-03   Normal BFGS step
    6    -189.7653463746      3.58e-03   Normal BFGS step
    7    -189.7653558493      1.69e-03   Normal BFGS step
    8    -189.7653682900      3.28e-04   Normal BFGS step
    9    -189.7653688811      9.41e-05   Normal BFGS step
   10    -189.7653690300      6.17e-06   Normal BFGS step
   11    -189.7653690304      1.39e-06   Normal BFGS step
   12    -189.7653690305      1.63e-07   Normal BFGS step
   13    -189.7653690305      3.79e-08   Normal BFGS step
   14    -189.7653690305      5.68e-08   Normal BFGS step
   15    -189.7653690305      5.75e-08   Normal BFGS step
   16    -189.7653690305      1.64e-09   Normal BFGS step
   17    -189.7653690305      8.91e-10   Normal BFGS step
   18    -189.7653690305      5.08e-10   Normal BFGS step
   19    -189.7653690305      5.24e-10   Normal BFGS step
   20    -189.7653690305      2.43e-11  Convergence criterion met
 ---------------------------------------
 SCF time:   CPU 13.79s  wall 2.00s 
 SCF   energy =  -189.76536903
 Total energy =  -189.76536903
 Integrated density by DFT XC:
   Number of electrons = 24
   Numerical integral  =    23.999999933529
   Relative error      =     0.0000002770 %

 --------------------------------------------------------------

                    Orbital Energies (a.u.)
 --------------------------------------------------------------

 Alpha MOs
 -- Occupied --
-19.1878 -19.1495 -10.3174  -1.1239  -1.0410  -0.6615  -0.5195  -0.4915
 -0.4557  -0.4142  -0.3333  -0.2963
 -- Virtual --
  0.0094   0.0577   0.1030   0.2469   0.2567   0.4434   0.4646   0.5562
  0.5898   0.6788   0.7464   0.8455   0.9153   0.9581   0.9652   1.0056
  1.0750   1.0954   1.1766   1.3460   1.3658   1.5385   1.5869   1.6938
  1.7494   1.7603   1.8750   2.0602   2.3214   2.4317   2.6003   2.7139
  2.8360   2.8911   3.1233   3.1497   3.1695   3.4930   3.5213   3.6693
 --------------------------------------------------------------

          Ground-State Mulliken Net Atomic Charges

     Atom                 Charge (a.u.)
  ----------------------------------------
      1 C                     0.237778
      2 O                    -0.195266
      3 O                    -0.182206
      4 H                    -0.007675
      5 H                     0.147369
  ----------------------------------------
  Sum of atomic charges =     0.000000

 -----------------------------------------------------------------
                    Cartesian Multipole Moments
 -----------------------------------------------------------------
    Charge (ESU x 10^10)
                -0.0000
    Dipole Moment (Debye)
         X       0.1171      Y      -0.1411      Z      -0.9890
       Tot       1.0058
    Quadrupole Moments (Debye-Ang)
        XX     -13.1867     XY      -0.0723     YY     -16.5552
        XZ      -0.8588     YZ      -1.2757     ZZ     -25.0955
    Octopole Moments (Debye-Ang^2)
       XXX      12.3406    XXY      -4.3595    XYY       4.1207
       YYY     -15.1528    XXZ     -30.6055    XYZ      -0.2845
       YYZ     -36.0251    XZZ       1.6788    YZZ     -11.4717
       ZZZ    -149.6971
    Hexadecapole Moments (Debye-Ang^3)
      XXXX     -33.8839   XXXY       4.1878   XXYY     -10.3638
      XYYY       4.2701   YYYY     -23.3854   XXXZ      29.8495
      XXYZ     -11.8501   XYYZ      10.3225   YYYZ     -38.6542
      XXZZ     -91.6549   XYZZ       1.0442   YYZZ     -98.8260
      XZZZ      27.7832   YZZZ     -64.9619   ZZZZ    -731.7648
 -----------------------------------------------------------------
 Eng[8,7] = -1.89765369e+02
 points done 74/90
 CoordNormalMode -9 , -1 , 0
 ----------------------------------------------------------------
             Standard Nuclear Orientation (Angstroms)
    I     Atom           X                Y                Z
 ----------------------------------------------------------------
    1      C      -0.6501807459     0.3131439695     2.2390251437
    2      O       0.0246698953     0.1577047992     1.0878870324
    3      O      -0.1095273031     0.4754654041     3.3005719253
    4      H      -1.7442285142     0.2686394229     2.0546158912
    5      H       0.9147746955     0.2063273912     1.3242725706
 ----------------------------------------------------------------
 Nuclear Repulsion Energy =          70.58209896 hartrees
 There are       12 alpha and       12 beta electrons

                       Distance Matrix (Angstroms)
             C (  1)   O (  2)   O (  3)   H (  4)
   O (  2)  1.343393
   O (  3)  1.202304  2.239410
   H (  4)  1.110373  2.018879  2.065776
   H (  5)  1.815838  0.922241  2.242184  2.758185

 Requested basis set is cc-pVDZ
 There are 24 shells and 52 basis functions
 A cutoff of  1.0D-14 yielded    299 shell pairs
 There are      1431 function pairs (      1608 Cartesian)
 Smallest overlap matrix eigenvalue = 1.33E-02
 Guess MOs from SCF MO coefficient file

 -----------------------------------------------------------------------
  General SCF calculation program by
  Eric Jon Sundstrom, Paul Horn, Yuezhi Mao, Dmitri Zuev, Alec White,
  David Stuck, Shaama M.S., Shane Yost, Joonho Lee, David Small,
  Daniel Levine, Susi Lehtola, Hugh Burton, Evgeny Epifanovsky,
  Bang C. Huynh
 -----------------------------------------------------------------------
 Exchange:     0.2000 Hartree-Fock + 0.0800 Slater + 0.7200 B88
 Correlation:  0.1900 VWN1RPA + 0.8100 LYP
 Using Euler-Maclaurin-Lebedev (99,590) quadrature formula
Added inc_jk
Added qchem_hcore
Added xc
Added P-dependent contribution
 A restricted SCF calculation will be
 performed using GDM
 SCF converges when RMS gradient is below 1.0e-10
 User-specified cutoff of 10e-14
 used for neglect of 2-electron integrals.
 A cutoff of 10e-14
 used for neglect of overlap integrals.
 Incremental Fock algorithm is on at the start.
 ---------------------------------------
  Cycle       Energy        RMS Gradient
 ---------------------------------------
    1    -189.7647850910      1.86e-02   Normal BFGS step
    2    -189.7686209870      3.58e-02   Normal BFGS step
    3    -189.7685880428      3.77e-02  Line search: overstep
    4    -189.7697804369      4.36e-03   Normal BFGS step
    5    -189.7699026214      7.29e-03   Normal BFGS step
    6    -189.7699638179      3.08e-03   Normal BFGS step
    7    -189.7699773893      7.83e-04   Normal BFGS step
    8    -189.7699820740      2.32e-04   Normal BFGS step
    9    -189.7699823778      8.61e-05   Normal BFGS step
   10    -189.7699824414      1.15e-05   Normal BFGS step
   11    -189.7699824421      2.90e-06   Normal BFGS step
   12    -189.7699824422      2.81e-07   Normal BFGS step
   13    -189.7699824422      8.26e-08   Normal BFGS step
   14    -189.7699824422      7.24e-09   Normal BFGS step
   15    -189.7699824422      1.49e-08   Normal BFGS step
   16    -189.7699824422      8.27e-09   Normal BFGS step
   17    -189.7699824422      1.25e-09   Normal BFGS step
   18    -189.7699824422      9.64e-10   Normal BFGS step
   19    -189.7699824422      4.62e-10   Normal BFGS step
   20    -189.7699824422      6.46e-11  Convergence criterion met
 ---------------------------------------
 SCF time:   CPU 13.67s  wall 1.00s 
 SCF   energy =  -189.76998244
 Total energy =  -189.76998244
 Integrated density by DFT XC:
   Number of electrons = 24
   Numerical integral  =    23.999999954110
   Relative error      =     0.0000001912 %

 --------------------------------------------------------------

                    Orbital Energies (a.u.)
 --------------------------------------------------------------

 Alpha MOs
 -- Occupied --
-19.1955 -19.1440 -10.3274  -1.1263  -1.0323  -0.6718  -0.5209  -0.4919
 -0.4519  -0.4100  -0.3308  -0.2902
 -- Virtual --
 -0.0024   0.0645   0.0933   0.2464   0.2599   0.4445   0.4655   0.5512
  0.5865   0.6529   0.7244   0.8572   0.9134   0.9525   0.9636   1.0103
  1.0690   1.0974   1.1635   1.3479   1.3608   1.4759   1.5963   1.6733
  1.7070   1.7383   1.8628   2.1291   2.2989   2.3381   2.6013   2.6988
  2.8556   2.9039   3.0769   3.1258   3.1438   3.4399   3.5015   3.6947
 --------------------------------------------------------------

          Ground-State Mulliken Net Atomic Charges

     Atom                 Charge (a.u.)
  ----------------------------------------
      1 C                     0.213317
      2 O                    -0.127275
      3 O                    -0.234098
      4 H                     0.024027
      5 H                     0.124028
  ----------------------------------------
  Sum of atomic charges =     0.000000

 -----------------------------------------------------------------
                    Cartesian Multipole Moments
 -----------------------------------------------------------------
    Charge (ESU x 10^10)
                 0.0000
    Dipole Moment (Debye)
         X      -0.0080      Y      -0.1952      Z      -1.3482
       Tot       1.3623
    Quadrupole Moments (Debye-Ang)
        XX     -13.0844     XY      -0.0954     YY     -16.6879
        XZ      -1.0405     YZ      -1.5065     ZZ     -26.7683
    Octopole Moments (Debye-Ang^2)
       XXX      12.0179    XXY      -4.3564    XYY       4.3733
       YYY     -15.3622    XXZ     -30.4893    XYZ      -0.3096
       YYZ     -36.6101    XZZ       1.6945    YZZ     -12.2949
       ZZZ    -156.3397
    Hexadecapole Moments (Debye-Ang^3)
      XXXX     -34.5679   XXXY       4.0402   XXYY     -10.8001
      XYYY       4.4172   YYYY     -23.7639   XXXZ      28.7616
      XXYZ     -11.8717   XYYZ      10.7038   YYYZ     -39.3019
      XXZZ     -92.0239   XYZZ       1.0946   YYZZ    -100.6765
      XZZZ      28.7630   YZZZ     -67.8292   ZZZZ    -756.1874
 -----------------------------------------------------------------
 Eng[-9,-1] = -1.89769982e+02
 points done 75/90
 CoordNormalMode 9 , 1 , 0
 ----------------------------------------------------------------
             Standard Nuclear Orientation (Angstroms)
    I     Atom           X                Y                Z
 ----------------------------------------------------------------
    1      C      -0.6263633550     0.3142365947     2.2438168842
    2      O       0.0128803062     0.1541189043     1.0645073804
    3      O      -0.1244611551     0.4787705419     3.3251554738
    4      H      -1.7170237651     0.2683652268     2.0494405678
    5      H       1.0280999413     0.1980477454     1.2532871306
 ----------------------------------------------------------------
 Nuclear Repulsion Energy =          69.45928756 hartrees
 There are       12 alpha and       12 beta electrons

                       Distance Matrix (Angstroms)
             C (  1)   O (  2)   O (  3)   H (  4)
   O (  2)  1.350941
   O (  3)  1.203441  2.287967
   H (  4)  1.108795  1.993919  2.051335
   H (  5)  1.931812  1.033556  2.387434  2.859110

 Requested basis set is cc-pVDZ
 There are 24 shells and 52 basis functions
 A cutoff of  1.0D-14 yielded    299 shell pairs
 There are      1431 function pairs (      1608 Cartesian)
 Smallest overlap matrix eigenvalue = 1.41E-02
 Guess MOs from SCF MO coefficient file

 -----------------------------------------------------------------------
  General SCF calculation program by
  Eric Jon Sundstrom, Paul Horn, Yuezhi Mao, Dmitri Zuev, Alec White,
  David Stuck, Shaama M.S., Shane Yost, Joonho Lee, David Small,
  Daniel Levine, Susi Lehtola, Hugh Burton, Evgeny Epifanovsky,
  Bang C. Huynh
 -----------------------------------------------------------------------
 Exchange:     0.2000 Hartree-Fock + 0.0800 Slater + 0.7200 B88
 Correlation:  0.1900 VWN1RPA + 0.8100 LYP
 Using Euler-Maclaurin-Lebedev (99,590) quadrature formula
Added inc_jk
Added qchem_hcore
Added xc
Added P-dependent contribution
 A restricted SCF calculation will be
 performed using GDM
 SCF converges when RMS gradient is below 1.0e-10
 User-specified cutoff of 10e-14
 used for neglect of 2-electron integrals.
 A cutoff of 10e-14
 used for neglect of overlap integrals.
 Incremental Fock algorithm is on at the start.
 ---------------------------------------
  Cycle       Energy        RMS Gradient
 ---------------------------------------
    1    -189.7649205469      1.61e-02   Normal BFGS step
    2    -189.7700837185      1.69e-02   Normal BFGS step
    3    -189.7697138751      2.74e-02  Line search: overstep
    4    -189.7705047002      3.34e-03   Normal BFGS step
    5    -189.7705354175      4.71e-03   Normal BFGS step
    6    -189.7705656166      2.09e-03   Normal BFGS step
    7    -189.7705730475      5.57e-04   Normal BFGS step
    8    -189.7705760204      1.03e-04   Normal BFGS step
    9    -189.7705760495      1.73e-05   Normal BFGS step
   10    -189.7705760502      4.73e-06   Normal BFGS step
   11    -189.7705760504      2.35e-06   Normal BFGS step
   12    -189.7705760504      1.73e-07   Normal BFGS step
   13    -189.7705760504      2.53e-08   Normal BFGS step
   14    -189.7705760504      8.61e-09   Normal BFGS step
   15    -189.7705760504      4.50e-09   Normal BFGS step
   16    -189.7705760504      2.95e-09   Normal BFGS step
   17    -189.7705760504      2.36e-10   Normal BFGS step
   18    -189.7705760504      6.05e-11  Convergence criterion met
 ---------------------------------------
 SCF time:   CPU 12.41s  wall 1.00s 
 SCF   energy =  -189.77057605
 Total energy =  -189.77057605
 Integrated density by DFT XC:
   Number of electrons = 24
   Numerical integral  =    23.999999996326
   Relative error      =     0.0000000153 %

 --------------------------------------------------------------

                    Orbital Energies (a.u.)
 --------------------------------------------------------------

 Alpha MOs
 -- Occupied --
-19.2041 -19.1446 -10.3262  -1.1069  -1.0269  -0.6557  -0.5132  -0.4871
 -0.4468  -0.4035  -0.3297  -0.2892
 -- Virtual --
 -0.0002   0.0326   0.0947   0.2398   0.2603   0.4475   0.4638   0.5133
  0.5676   0.6297   0.7271   0.8587   0.9058   0.9340   0.9657   1.0211
  1.0915   1.0919   1.1655   1.3481   1.3535   1.5030   1.5522   1.6636
  1.7053   1.7392   1.8772   1.9469   2.2338   2.3137   2.6034   2.6860
  2.7841   2.8640   3.0569   3.1312   3.1392   3.4139   3.4773   3.5936
 --------------------------------------------------------------

          Ground-State Mulliken Net Atomic Charges

     Atom                 Charge (a.u.)
  ----------------------------------------
      1 C                     0.226081
      2 O                    -0.198801
      3 O                    -0.230911
      4 H                     0.020285
      5 H                     0.183347
  ----------------------------------------
  Sum of atomic charges =     0.000000

 -----------------------------------------------------------------
                    Cartesian Multipole Moments
 -----------------------------------------------------------------
    Charge (ESU x 10^10)
                -0.0000
    Dipole Moment (Debye)
         X       0.2877      Y      -0.2050      Z      -1.4511
       Tot       1.4934
    Quadrupole Moments (Debye-Ang)
        XX     -13.0235     XY      -0.0386     YY     -16.8250
        XZ      -0.6714     YZ      -1.5440     ZZ     -27.2051
    Octopole Moments (Debye-Ang^2)
       XXX      12.6866    XXY      -4.3735    XYY       4.2845
       YYY     -15.4403    XXZ     -30.7077    XYZ      -0.2213
       YYZ     -36.7893    XZZ       2.2077    YZZ     -12.4391
       ZZZ    -157.7253
    Hexadecapole Moments (Debye-Ang^3)
      XXXX     -34.3781   XXXY       4.2337   XXYY     -10.8887
      XYYY       4.4018   YYYY     -24.0345   XXXZ      30.0544
      XXYZ     -12.0618   XYYZ      10.6864   YYYZ     -39.6533
      XXZZ     -93.5612   XYZZ       1.2746   YYZZ    -101.5949
      XZZZ      29.9973   YZZZ     -68.6056   ZZZZ    -764.2250
 -----------------------------------------------------------------
 Eng[9,1] = -1.89770576e+02
 points done 76/90
 CoordNormalMode -9 , -2 , 0
 ----------------------------------------------------------------
             Standard Nuclear Orientation (Angstroms)
    I     Atom           X                Y                Z
 ----------------------------------------------------------------
    1      C      -0.6379623631     0.3090126664     2.2421022421
    2      O       0.0218511369     0.1609837285     1.0760846296
    3      O      -0.1170481323     0.4795272330     3.3125594527
    4      H      -1.7313027468     0.2586875709     2.0531437473
    5      H       0.9204633586     0.1489671669     1.2861683640
 ----------------------------------------------------------------
 Nuclear Repulsion Energy =          70.29890957 hartrees
 There are       12 alpha and       12 beta electrons

                       Distance Matrix (Angstroms)
             C (  1)   O (  2)   O (  3)   H (  4)
   O (  2)  1.347911
   O (  3)  1.202624  2.263312
   H (  4)  1.110689  2.009413  2.059300
   H (  5)  1.835242  0.922921  2.300426  2.762635

 Requested basis set is cc-pVDZ
 There are 24 shells and 52 basis functions
 A cutoff of  1.0D-14 yielded    299 shell pairs
 There are      1431 function pairs (      1608 Cartesian)
 Smallest overlap matrix eigenvalue = 1.35E-02
 Guess MOs from SCF MO coefficient file

 -----------------------------------------------------------------------
  General SCF calculation program by
  Eric Jon Sundstrom, Paul Horn, Yuezhi Mao, Dmitri Zuev, Alec White,
  David Stuck, Shaama M.S., Shane Yost, Joonho Lee, David Small,
  Daniel Levine, Susi Lehtola, Hugh Burton, Evgeny Epifanovsky,
  Bang C. Huynh
 -----------------------------------------------------------------------
 Exchange:     0.2000 Hartree-Fock + 0.0800 Slater + 0.7200 B88
 Correlation:  0.1900 VWN1RPA + 0.8100 LYP
 Using Euler-Maclaurin-Lebedev (99,590) quadrature formula
Added inc_jk
Added qchem_hcore
Added xc
Added P-dependent contribution
 A restricted SCF calculation will be
 performed using GDM
 SCF converges when RMS gradient is below 1.0e-10
 User-specified cutoff of 10e-14
 used for neglect of 2-electron integrals.
 A cutoff of 10e-14
 used for neglect of overlap integrals.
 Incremental Fock algorithm is on at the start.
 ---------------------------------------
  Cycle       Energy        RMS Gradient
 ---------------------------------------
    1    -189.7657124023      1.42e-02   Normal BFGS step
    2    -189.7695859425      2.09e-02   Normal BFGS step
    3    -189.7694185371      2.64e-02  Line search: overstep
    4    -189.7701339932      3.45e-03   Normal BFGS step
    5    -189.7701817312      5.70e-03   Normal BFGS step
    6    -189.7702198461      2.50e-03   Normal BFGS step
    7    -189.7702322255      4.61e-04   Normal BFGS step
    8    -189.7702352911      1.16e-04   Normal BFGS step
    9    -189.7702353368      2.00e-05   Normal BFGS step
   10    -189.7702353388      9.70e-06   Normal BFGS step
   11    -189.7702353393      2.49e-06   Normal BFGS step
   12    -189.7702353393      2.14e-07   Normal BFGS step
   13    -189.7702353393      4.67e-08   Normal BFGS step
   14    -189.7702353393      9.35e-09   Normal BFGS step
   15    -189.7702353393      2.30e-09   Normal BFGS step
   16    -189.7702353393      3.22e-09   Normal BFGS step
   17    -189.7702353393      5.29e-10   Normal BFGS step
   18    -189.7702353393      3.61e-10   Normal BFGS step
   19    -189.7702353393      6.58e-11  Convergence criterion met
 ---------------------------------------
 SCF time:   CPU 13.04s  wall 2.00s 
 SCF   energy =  -189.77023534
 Total energy =  -189.77023534
 Integrated density by DFT XC:
   Number of electrons = 24
   Numerical integral  =    23.999999976924
   Relative error      =     0.0000000962 %

 --------------------------------------------------------------

                    Orbital Energies (a.u.)
 --------------------------------------------------------------

 Alpha MOs
 -- Occupied --
-19.1965 -19.1452 -10.3278  -1.1232  -1.0342  -0.6726  -0.5201  -0.4915
 -0.4509  -0.4088  -0.3321  -0.2905
 -- Virtual --
 -0.0025   0.0630   0.0938   0.2468   0.2580   0.4454   0.4661   0.5473
  0.5875   0.6489   0.7249   0.8570   0.9124   0.9527   0.9631   1.0118
  1.0761   1.0961   1.1626   1.3512   1.3601   1.4884   1.5850   1.6674
  1.7069   1.7420   1.8598   2.1294   2.2949   2.3303   2.6015   2.6952
  2.8508   2.8966   3.0831   3.1294   3.1452   3.4340   3.4928   3.6977
 --------------------------------------------------------------

          Ground-State Mulliken Net Atomic Charges

     Atom                 Charge (a.u.)
  ----------------------------------------
      1 C                     0.214898
      2 O                    -0.131350
      3 O                    -0.230611
      4 H                     0.021632
      5 H                     0.125432
  ----------------------------------------
  Sum of atomic charges =     0.000000

 -----------------------------------------------------------------
                    Cartesian Multipole Moments
 -----------------------------------------------------------------
    Charge (ESU x 10^10)
                 0.0000
    Dipole Moment (Debye)
         X       0.0879      Y      -0.3069      Z      -1.3810
       Tot       1.4174
    Quadrupole Moments (Debye-Ang)
        XX     -13.1856     XY      -0.1827     YY     -16.7377
        XZ      -0.9194     YZ      -1.6645     ZZ     -26.8626
    Octopole Moments (Debye-Ang^2)
       XXX      12.2310    XXY      -4.4864    XYY       4.3436
       YYY     -15.3279    XXZ     -30.7798    XYZ      -0.4025
       YYZ     -36.6663    XZZ       1.9221    YZZ     -12.5004
       ZZZ    -156.5647
    Hexadecapole Moments (Debye-Ang^3)
      XXXX     -34.4288   XXXY       4.0290   XXYY     -10.7844
      XYYY       4.4072   YYYY     -23.7660   XXXZ      29.2949
      XXYZ     -12.1365   XYYZ      10.7250   YYYZ     -39.3310
      XXZZ     -92.9375   XYZZ       1.0265   YYZZ    -101.0146
      XZZZ      29.4805   YZZZ     -68.1707   ZZZZ    -758.5932
 -----------------------------------------------------------------
 Eng[-9,-2] = -1.89770235e+02
 points done 77/90
 CoordNormalMode 9 , 2 , 0
 ----------------------------------------------------------------
             Standard Nuclear Orientation (Angstroms)
    I     Atom           X                Y                Z
 ----------------------------------------------------------------
    1      C      -0.6385817378     0.3183678979     2.2407397857
    2      O       0.0156990647     0.1508399750     1.0763097832
    3      O      -0.1169403258     0.4747087130     3.3131679464
    4      H      -1.7299495326     0.2783170787     2.0509127118
    5      H       1.0224112782     0.2554079696     1.2913913373
 ----------------------------------------------------------------
 Nuclear Repulsion Energy =          69.73278365 hartrees
 There are       12 alpha and       12 beta electrons

                       Distance Matrix (Angstroms)
             C (  1)   O (  2)   O (  3)   H (  4)
   O (  2)  1.346123
   O (  3)  1.202769  2.264071
   H (  4)  1.108477  2.003345  2.057585
   H (  5)  1.914190  1.034729  2.331050  2.855326

 Requested basis set is cc-pVDZ
 There are 24 shells and 52 basis functions
 A cutoff of  1.0D-14 yielded    299 shell pairs
 There are      1431 function pairs (      1608 Cartesian)
 Smallest overlap matrix eigenvalue = 1.39E-02
 Guess MOs from SCF MO coefficient file

 -----------------------------------------------------------------------
  General SCF calculation program by
  Eric Jon Sundstrom, Paul Horn, Yuezhi Mao, Dmitri Zuev, Alec White,
  David Stuck, Shaama M.S., Shane Yost, Joonho Lee, David Small,
  Daniel Levine, Susi Lehtola, Hugh Burton, Evgeny Epifanovsky,
  Bang C. Huynh
 -----------------------------------------------------------------------
 Exchange:     0.2000 Hartree-Fock + 0.0800 Slater + 0.7200 B88
 Correlation:  0.1900 VWN1RPA + 0.8100 LYP
 Using Euler-Maclaurin-Lebedev (99,590) quadrature formula
Added inc_jk
Added qchem_hcore
Added xc
Added P-dependent contribution
 A restricted SCF calculation will be
 performed using GDM
 SCF converges when RMS gradient is below 1.0e-10
 User-specified cutoff of 10e-14
 used for neglect of 2-electron integrals.
 A cutoff of 10e-14
 used for neglect of overlap integrals.
 Incremental Fock algorithm is on at the start.
 ---------------------------------------
  Cycle       Energy        RMS Gradient
 ---------------------------------------
    1    -189.7648280857      1.72e-02   Normal BFGS step
    2    -189.7701912992      1.66e-02   Normal BFGS step
    3    -189.7697594541      2.80e-02  Line search: overstep
    4    -189.7705811397      3.07e-03   Normal BFGS step
    5    -189.7706116751      4.45e-03   Normal BFGS step
    6    -189.7706357135      1.97e-03   Normal BFGS step
    7    -189.7706433555      4.33e-04   Normal BFGS step
    8    -189.7706452049      1.10e-04   Normal BFGS step
    9    -189.7706452401      2.40e-05   Normal BFGS step
   10    -189.7706452429      8.79e-06   Normal BFGS step
   11    -189.7706452436      2.86e-06   Normal BFGS step
   12    -189.7706452436      2.06e-07   Normal BFGS step
   13    -189.7706452436      6.41e-08   Normal BFGS step
   14    -189.7706452436      2.15e-08   Normal BFGS step
   15    -189.7706452436      1.32e-08   Normal BFGS step
   16    -189.7706452436      7.21e-09   Normal BFGS step
   17    -189.7706452436      9.18e-10   Normal BFGS step
   18    -189.7706452436      1.31e-09   Normal BFGS step
   19    -189.7706452436      3.57e-10   Normal BFGS step
   20    -189.7706452436      7.17e-11  Convergence criterion met
 ---------------------------------------
 SCF time:   CPU 13.64s  wall 1.00s 
 SCF   energy =  -189.77064524
 Total energy =  -189.77064524
 Integrated density by DFT XC:
   Number of electrons = 24
   Numerical integral  =    23.999999993718
   Relative error      =     0.0000000262 %

 --------------------------------------------------------------

                    Orbital Energies (a.u.)
 --------------------------------------------------------------

 Alpha MOs
 -- Occupied --
-19.2028 -19.1432 -10.3256  -1.1095  -1.0250  -0.6549  -0.5140  -0.4871
 -0.4479  -0.4040  -0.3284  -0.2888
 -- Virtual --
 -0.0001   0.0337   0.0937   0.2454   0.2578   0.4467   0.4621   0.5177
  0.5679   0.6318   0.7267   0.8590   0.9067   0.9342   0.9653   1.0212
  1.0847   1.0932   1.1664   1.3430   1.3592   1.4920   1.5669   1.6618
  1.7048   1.7364   1.8784   1.9448   2.2414   2.3153   2.6038   2.6891
  2.7851   2.8761   3.0504   3.1240   3.1436   3.4261   3.4819   3.5869
 --------------------------------------------------------------

          Ground-State Mulliken Net Atomic Charges

     Atom                 Charge (a.u.)
  ----------------------------------------
      1 C                     0.224484
      2 O                    -0.196506
      3 O                    -0.233864
      4 H                     0.022338
      5 H                     0.183548
  ----------------------------------------
  Sum of atomic charges =     0.000000

 -----------------------------------------------------------------
                    Cartesian Multipole Moments
 -----------------------------------------------------------------
    Charge (ESU x 10^10)
                 0.0000
    Dipole Moment (Debye)
         X       0.1988      Y      -0.0953      Z      -1.4177
       Tot       1.4347
    Quadrupole Moments (Debye-Ang)
        XX     -12.9299     XY       0.0572     YY     -16.7619
        XZ      -0.7747     YZ      -1.3869     ZZ     -27.1138
    Octopole Moments (Debye-Ang^2)
       XXX      12.4920    XXY      -4.2242    XYY       4.3307
       YYY     -15.4784    XXZ     -30.4196    XYZ      -0.1148
       YYZ     -36.7164    XZZ       2.0184    YZZ     -12.2346
       ZZZ    -157.5181
    Hexadecapole Moments (Debye-Ang^3)
      XXXX     -34.5506   XXXY       4.2690   XXYY     -10.8832
      XYYY       4.3994   YYYY     -24.0535   XXXZ      29.5746
      XXYZ     -11.7697   XYYZ      10.6832   YYYZ     -39.6246
      XXZZ     -92.6462   XYZZ       1.3563   YYZZ    -101.2306
      XZZZ      29.3521   YZZZ     -68.2601   ZZZZ    -761.8376
 -----------------------------------------------------------------
 Eng[9,2] = -1.89770645e+02
 points done 78/90
 CoordNormalMode -9 , -3 , 0
 ----------------------------------------------------------------
             Standard Nuclear Orientation (Angstroms)
    I     Atom           X                Y                Z
 ----------------------------------------------------------------
    1      C      -0.6382267908     0.3248742735     2.2398073657
    2      O       0.0219623629     0.1542551871     1.0770636305
    3      O      -0.1169577303     0.4741862471     3.3133255679
    4      H      -1.7306456739     0.2179691407     2.0590347536
    5      H       0.9197547993     0.1923762472     1.2799058096
 ----------------------------------------------------------------
 Nuclear Repulsion Energy =          70.30147360 hartrees
 There are       12 alpha and       12 beta electrons

                       Distance Matrix (Angstroms)
             C (  1)   O (  2)   O (  3)   H (  4)
   O (  2)  1.347937
   O (  3)  1.202687  2.263299
   H (  4)  1.112424  2.009966  2.059826
   H (  5)  1.834741  0.921211  2.299779  2.762665

 Requested basis set is cc-pVDZ
 There are 24 shells and 52 basis functions
 A cutoff of  1.0D-14 yielded    299 shell pairs
 There are      1431 function pairs (      1608 Cartesian)
 Smallest overlap matrix eigenvalue = 1.35E-02
 Guess MOs from SCF MO coefficient file

 -----------------------------------------------------------------------
  General SCF calculation program by
  Eric Jon Sundstrom, Paul Horn, Yuezhi Mao, Dmitri Zuev, Alec White,
  David Stuck, Shaama M.S., Shane Yost, Joonho Lee, David Small,
  Daniel Levine, Susi Lehtola, Hugh Burton, Evgeny Epifanovsky,
  Bang C. Huynh
 -----------------------------------------------------------------------
 Exchange:     0.2000 Hartree-Fock + 0.0800 Slater + 0.7200 B88
 Correlation:  0.1900 VWN1RPA + 0.8100 LYP
 Using Euler-Maclaurin-Lebedev (99,590) quadrature formula
Added inc_jk
Added qchem_hcore
Added xc
Added P-dependent contribution
 A restricted SCF calculation will be
 performed using GDM
 SCF converges when RMS gradient is below 1.0e-10
 User-specified cutoff of 10e-14
 used for neglect of 2-electron integrals.
 A cutoff of 10e-14
 used for neglect of overlap integrals.
 Incremental Fock algorithm is on at the start.
 ---------------------------------------
  Cycle       Energy        RMS Gradient
 ---------------------------------------
    1    -189.7654251603      1.47e-02   Normal BFGS step
    2    -189.7691922264      2.09e-02   Normal BFGS step
    3    -189.7690231909      2.61e-02  Line search: overstep
    4    -189.7697328312      3.45e-03   Normal BFGS step
    5    -189.7697811386      5.73e-03   Normal BFGS step
    6    -189.7698170496      2.49e-03   Normal BFGS step
    7    -189.7698300464      4.08e-04   Normal BFGS step
    8    -189.7698326767      1.28e-04   Normal BFGS step
    9    -189.7698327236      1.71e-05   Normal BFGS step
   10    -189.7698327247      1.80e-06   Normal BFGS step
   11    -189.7698327247      9.15e-07   Normal BFGS step
   12    -189.7698327247      2.04e-07   Normal BFGS step
   13    -189.7698327247      5.49e-08   Normal BFGS step
   14    -189.7698327247      1.01e-08   Normal BFGS step
   15    -189.7698327247      8.80e-09   Normal BFGS step
   16    -189.7698327247      5.77e-09   Normal BFGS step
   17    -189.7698327247      6.60e-10   Normal BFGS step
   18    -189.7698327247      7.83e-10   Normal BFGS step
  GDM::WARNING energy changes are now smaller than effective accuracy.
  GDM::        calculation will continue, but THRESH should be increased
  GDM::        or SCF_CONVERGENCE decreased. 
  GDM::        effective_thresh = 5.71e-09
   19    -189.7698327247      1.67e-10   Normal BFGS step
   20    -189.7698327247      4.18e-11  Convergence criterion met
 ---------------------------------------
 SCF time:   CPU 13.67s  wall 1.00s 
 SCF   energy =  -189.76983272
 Total energy =  -189.76983272
 Integrated density by DFT XC:
   Number of electrons = 24
   Numerical integral  =    23.999999959634
   Relative error      =     0.0000001682 %

 --------------------------------------------------------------

                    Orbital Energies (a.u.)
 --------------------------------------------------------------

 Alpha MOs
 -- Occupied --
-19.1965 -19.1453 -10.3279  -1.1235  -1.0343  -0.6728  -0.5199  -0.4915
 -0.4509  -0.4089  -0.3321  -0.2905
 -- Virtual --
 -0.0032   0.0635   0.0937   0.2469   0.2580   0.4453   0.4661   0.5467
  0.5878   0.6496   0.7247   0.8569   0.9123   0.9520   0.9642   1.0115
  1.0757   1.0962   1.1613   1.3458   1.3673   1.4890   1.5829   1.6664
  1.7074   1.7423   1.8598   2.1305   2.2952   2.3289   2.6015   2.6943
  2.8505   2.8977   3.0779   3.1300   3.1488   3.4333   3.4924   3.6996
 --------------------------------------------------------------

          Ground-State Mulliken Net Atomic Charges

     Atom                 Charge (a.u.)
  ----------------------------------------
      1 C                     0.214006
      2 O                    -0.130001
      3 O                    -0.230514
      4 H                     0.022202
      5 H                     0.124307
  ----------------------------------------
  Sum of atomic charges =     0.000000

 -----------------------------------------------------------------
                    Cartesian Multipole Moments
 -----------------------------------------------------------------
    Charge (ESU x 10^10)
                -0.0000
    Dipole Moment (Debye)
         X       0.0895      Y      -0.2111      Z      -1.3938
       Tot       1.4126
    Quadrupole Moments (Debye-Ang)
        XX     -13.1928     XY      -0.0656     YY     -16.6983
        XZ      -0.9333     YZ      -1.5313     ZZ     -26.8973
    Octopole Moments (Debye-Ang^2)
       XXX      12.2524    XXY      -4.5199    XYY       4.3840
       YYY     -15.3337    XXZ     -30.7894    XYZ      -0.2454
       YYZ     -36.6126    XZZ       1.8852    YZZ     -12.3332
       ZZZ    -156.6247
    Hexadecapole Moments (Debye-Ang^3)
      XXXX     -34.4836   XXXY       4.2639   XXYY     -10.8097
      XYYY       4.3411   YYYY     -23.8126   XXXZ      29.3061
      XXYZ     -12.2514   XYYZ      10.7803   YYYZ     -39.3746
      XXZZ     -92.9356   XYZZ       1.2115   YYZZ    -100.9540
      XZZZ      29.4266   YZZZ     -68.0323   ZZZZ    -758.6256
 -----------------------------------------------------------------
 Eng[-9,-3] = -1.89769833e+02
 points done 79/90
 CoordNormalMode 9 , 3 , 0
 ----------------------------------------------------------------
             Standard Nuclear Orientation (Angstroms)
    I     Atom           X                Y                Z
 ----------------------------------------------------------------
    1      C      -0.6383173101     0.3025062908     2.2430346621
    2      O       0.0155878387     0.1575685164     1.0753307823
    3      O      -0.1170307278     0.4800496989     3.3124018312
    4      H      -1.7306066055     0.3190355089     2.0450217055
    5      H       1.0231198375     0.2119988894     1.2976538916
 ----------------------------------------------------------------
 Nuclear Repulsion Energy =          69.73248506 hartrees
 There are       12 alpha and       12 beta electrons

                       Distance Matrix (Angstroms)
             C (  1)   O (  2)   O (  3)   H (  4)
   O (  2)  1.346154
   O (  3)  1.202833  2.264082
   H (  4)  1.110215  2.003888  2.058107
   H (  5)  1.913716  1.033204  2.330451  2.855350

 Requested basis set is cc-pVDZ
 There are 24 shells and 52 basis functions
 A cutoff of  1.0D-14 yielded    299 shell pairs
 There are      1431 function pairs (      1608 Cartesian)
 Smallest overlap matrix eigenvalue = 1.39E-02
 Guess MOs from SCF MO coefficient file

 -----------------------------------------------------------------------
  General SCF calculation program by
  Eric Jon Sundstrom, Paul Horn, Yuezhi Mao, Dmitri Zuev, Alec White,
  David Stuck, Shaama M.S., Shane Yost, Joonho Lee, David Small,
  Daniel Levine, Susi Lehtola, Hugh Burton, Evgeny Epifanovsky,
  Bang C. Huynh
 -----------------------------------------------------------------------
 Exchange:     0.2000 Hartree-Fock + 0.0800 Slater + 0.7200 B88
 Correlation:  0.1900 VWN1RPA + 0.8100 LYP
 Using Euler-Maclaurin-Lebedev (99,590) quadrature formula
Added inc_jk
Added qchem_hcore
Added xc
Added P-dependent contribution
 A restricted SCF calculation will be
 performed using GDM
 SCF converges when RMS gradient is below 1.0e-10
 User-specified cutoff of 10e-14
 used for neglect of 2-electron integrals.
 A cutoff of 10e-14
 used for neglect of overlap integrals.
 Incremental Fock algorithm is on at the start.
 ---------------------------------------
  Cycle       Energy        RMS Gradient
 ---------------------------------------
    1    -189.7656244984      1.70e-02   Normal BFGS step
    2    -189.7701269938      1.53e-02   Normal BFGS step
    3    -189.7698228819      2.46e-02  Line search: overstep
    4    -189.7704911169      2.96e-03   Normal BFGS step
    5    -189.7705187817      4.40e-03   Normal BFGS step
    6    -189.7705437496      1.97e-03   Normal BFGS step
    7    -189.7705509619      5.10e-04   Normal BFGS step
    8    -189.7705532169      1.14e-04   Normal BFGS step
    9    -189.7705532528      3.73e-05   Normal BFGS step
   10    -189.7705532595      1.21e-05   Normal BFGS step
   11    -189.7705532602      3.46e-06   Normal BFGS step
   12    -189.7705532603      1.67e-07   Normal BFGS step
   13    -189.7705532603      5.29e-08   Normal BFGS step
   14    -189.7705532603      1.56e-08   Normal BFGS step
   15    -189.7705532603      1.24e-08   Normal BFGS step
   16    -189.7705532603      4.71e-09   Normal BFGS step
   17    -189.7705532603      9.82e-10   Normal BFGS step
   18    -189.7705532603      8.68e-10   Normal BFGS step
   19    -189.7705532603      3.69e-10   Normal BFGS step
   20    -189.7705532603      5.53e-11  Convergence criterion met
 ---------------------------------------
 SCF time:   CPU 13.65s  wall 2.00s 
 SCF   energy =  -189.77055326
 Total energy =  -189.77055326
 Integrated density by DFT XC:
   Number of electrons = 24
   Numerical integral  =    23.999999981409
   Relative error      =     0.0000000775 %

 --------------------------------------------------------------

                    Orbital Energies (a.u.)
 --------------------------------------------------------------

 Alpha MOs
 -- Occupied --
-19.2028 -19.1433 -10.3258  -1.1097  -1.0252  -0.6550  -0.5139  -0.4871
 -0.4479  -0.4041  -0.3284  -0.2888
 -- Virtual --
 -0.0007   0.0343   0.0937   0.2455   0.2579   0.4466   0.4622   0.5179
  0.5672   0.6318   0.7265   0.8589   0.9066   0.9340   0.9657   1.0212
  1.0837   1.0939   1.1649   1.3396   1.3642   1.4926   1.5652   1.6614
  1.7042   1.7368   1.8783   1.9469   2.2404   2.3127   2.6040   2.6884
  2.7853   2.8765   3.0454   3.1266   3.1447   3.4253   3.4815   3.5880
 --------------------------------------------------------------

          Ground-State Mulliken Net Atomic Charges

     Atom                 Charge (a.u.)
  ----------------------------------------
      1 C                     0.223600
      2 O                    -0.195518
      3 O                    -0.233747
      4 H                     0.022903
      5 H                     0.182762
  ----------------------------------------
  Sum of atomic charges =     0.000000

 -----------------------------------------------------------------
                    Cartesian Multipole Moments
 -----------------------------------------------------------------
    Charge (ESU x 10^10)
                -0.0000
    Dipole Moment (Debye)
         X       0.2035      Y      -0.1879      Z      -1.4034
       Tot       1.4305
    Quadrupole Moments (Debye-Ang)
        XX     -12.9302     XY      -0.0643     YY     -16.8085
        XZ      -0.7493     YZ      -1.5175     ZZ     -27.0708
    Octopole Moments (Debye-Ang^2)
       XXX      12.5118    XXY      -4.2077    XYY       4.2767
       YYY     -15.4662    XXZ     -30.4272    XYZ      -0.2768
       YYZ     -36.7792    XZZ       2.0822    YZZ     -12.3978
       ZZZ    -157.4283
    Hexadecapole Moments (Debye-Ang^3)
      XXXX     -34.5761   XXXY       4.0285   XXYY     -10.8709
      XYYY       4.4733   YYYY     -24.0183   XXXZ      29.6461
      XXYZ     -11.6803   XYYZ      10.6080   YYYZ     -39.5712
      XXZZ     -92.6946   XYZZ       1.1756   YYZZ    -101.3037
      XZZZ      29.4718   YZZZ     -68.3897   ZZZZ    -761.7015
 -----------------------------------------------------------------
 Eng[9,3] = -1.89770553e+02
 points done 80/90
 CoordNormalMode -9 , -4 , 0
 ----------------------------------------------------------------
             Standard Nuclear Orientation (Angstroms)
    I     Atom           X                Y                Z
 ----------------------------------------------------------------
    1      C      -0.6475760195     0.3145588530     2.2484772029
    2      O       0.0282200958     0.1540299707     1.0621252994
    3      O      -0.1150691070     0.4779240812     3.3182233789
    4      H      -1.7437908689     0.2720709515     2.0781336014
    5      H       0.9149311986     0.2053502746     1.3169267137
 ----------------------------------------------------------------
 Nuclear Repulsion Energy =          69.73594832 hartrees
 There are       12 alpha and       12 beta electrons

                       Distance Matrix (Angstroms)
             C (  1)   O (  2)   O (  3)   H (  4)
   O (  2)  1.374737
   O (  3)  1.206072  2.283729
   H (  4)  1.110184  2.046028  2.057409
   H (  5)  1.822400  0.924021  2.267242  2.766350

 Requested basis set is cc-pVDZ
 There are 24 shells and 52 basis functions
 A cutoff of  1.0D-14 yielded    299 shell pairs
 There are      1431 function pairs (      1608 Cartesian)
 Smallest overlap matrix eigenvalue = 1.38E-02
 Guess MOs from SCF MO coefficient file

 -----------------------------------------------------------------------
  General SCF calculation program by
  Eric Jon Sundstrom, Paul Horn, Yuezhi Mao, Dmitri Zuev, Alec White,
  David Stuck, Shaama M.S., Shane Yost, Joonho Lee, David Small,
  Daniel Levine, Susi Lehtola, Hugh Burton, Evgeny Epifanovsky,
  Bang C. Huynh
 -----------------------------------------------------------------------
 Exchange:     0.2000 Hartree-Fock + 0.0800 Slater + 0.7200 B88
 Correlation:  0.1900 VWN1RPA + 0.8100 LYP
 Using Euler-Maclaurin-Lebedev (99,590) quadrature formula
Added inc_jk
Added qchem_hcore
Added xc
Added P-dependent contribution
 A restricted SCF calculation will be
 performed using GDM
 SCF converges when RMS gradient is below 1.0e-10
 User-specified cutoff of 10e-14
 used for neglect of 2-electron integrals.
 A cutoff of 10e-14
 used for neglect of overlap integrals.
 Incremental Fock algorithm is on at the start.
 ---------------------------------------
  Cycle       Energy        RMS Gradient
 ---------------------------------------
    1    -189.7650206378      1.45e-02   Normal BFGS step
    2    -189.7690789375      1.78e-02   Normal BFGS step
    3    -189.7689162580      2.32e-02  Line search: overstep
    4    -189.7695293333      3.09e-03   Normal BFGS step
    5    -189.7695663573      5.27e-03   Normal BFGS step
    6    -189.7695981382      2.50e-03   Normal BFGS step
    7    -189.7696086327      5.84e-04   Normal BFGS step
    8    -189.7696121587      1.47e-04   Normal BFGS step
    9    -189.7696122352      6.70e-05   Normal BFGS step
   10    -189.7696122599      1.35e-05   Normal BFGS step
   11    -189.7696122607      3.93e-06   Normal BFGS step
   12    -189.7696122608      1.36e-07   Normal BFGS step
   13    -189.7696122608      5.25e-08   Normal BFGS step
   14    -189.7696122608      8.35e-09   Normal BFGS step
   15    -189.7696122608      8.97e-09   Normal BFGS step
   16    -189.7696122608      3.35e-09   Normal BFGS step
   17    -189.7696122608      7.72e-10   Normal BFGS step
   18    -189.7696122608      5.75e-10   Normal BFGS step
   19    -189.7696122608      3.06e-10   Normal BFGS step
   20    -189.7696122608      3.00e-11  Convergence criterion met
 ---------------------------------------
 SCF time:   CPU 13.68s  wall 2.00s 
 SCF   energy =  -189.76961226
 Total energy =  -189.76961226
 Integrated density by DFT XC:
   Number of electrons = 24
   Numerical integral  =    23.999999953767
   Relative error      =     0.0000001926 %

 --------------------------------------------------------------

                    Orbital Energies (a.u.)
 --------------------------------------------------------------

 Alpha MOs
 -- Occupied --
-19.1952 -19.1500 -10.3308  -1.1167  -1.0336  -0.6641  -0.5170  -0.4931
 -0.4465  -0.4136  -0.3324  -0.2931
 -- Virtual --
 -0.0085   0.0649   0.0915   0.2387   0.2459   0.4459   0.4618   0.5497
  0.5855   0.6453   0.7220   0.8549   0.9110   0.9592   0.9613   1.0061
  1.0659   1.0959   1.1641   1.3411   1.3568   1.4709   1.5906   1.6609
  1.7056   1.7317   1.8604   2.1311   2.2751   2.3311   2.5982   2.6927
  2.8376   2.9043   3.0915   3.1087   3.1105   3.4200   3.4636   3.6897
 --------------------------------------------------------------

          Ground-State Mulliken Net Atomic Charges

     Atom                 Charge (a.u.)
  ----------------------------------------
      1 C                     0.222624
      2 O                    -0.148991
      3 O                    -0.228872
      4 H                     0.028631
      5 H                     0.126608
  ----------------------------------------
  Sum of atomic charges =     0.000000

 -----------------------------------------------------------------
                    Cartesian Multipole Moments
 -----------------------------------------------------------------
    Charge (ESU x 10^10)
                -0.0000
    Dipole Moment (Debye)
         X      -0.0335      Y      -0.1767      Z      -1.2187
       Tot       1.2319
    Quadrupole Moments (Debye-Ang)
        XX     -13.0995     XY      -0.1047     YY     -16.7289
        XZ      -1.1100     YZ      -1.4353     ZZ     -26.3211
    Octopole Moments (Debye-Ang^2)
       XXX      11.9070    XXY      -4.3521    XYY       4.3646
       YYY     -15.3812    XXZ     -30.4494    XYZ      -0.3369
       YYZ     -36.6336    XZZ       1.4892    YZZ     -12.0974
       ZZZ    -155.0586
    Hexadecapole Moments (Debye-Ang^3)
      XXXX     -34.3224   XXXY       4.0554   XXYY     -10.8074
      XYYY       4.4691   YYYY     -23.8946   XXXZ      28.8378
      XXYZ     -11.9141   XYYZ      10.8133   YYYZ     -39.5089
      XXZZ     -92.3011   XYZZ       1.0343   YYZZ    -101.1520
      XZZZ      28.5556   YZZZ     -67.5370   ZZZZ    -755.7581
 -----------------------------------------------------------------
 Eng[-9,-4] = -1.89769612e+02
 points done 81/90
 CoordNormalMode 9 , 4 , 0
 ----------------------------------------------------------------
             Standard Nuclear Orientation (Angstroms)
    I     Atom           X                Y                Z
 ----------------------------------------------------------------
    1      C      -0.6289680814     0.3128217112     2.2343648250
    2      O       0.0093301058     0.1577937328     1.0902691134
    3      O      -0.1189193512     0.4763118648     3.3075040202
    4      H      -1.7174614104     0.2649336981     2.0259228577
    5      H       1.0279434382     0.1990248620     1.2606329875
 ----------------------------------------------------------------
 Nuclear Repulsion Energy =          70.31890090 hartrees
 There are       12 alpha and       12 beta electrons

                       Distance Matrix (Angstroms)
             C (  1)   O (  2)   O (  3)   H (  4)
   O (  2)  1.319247
   O (  3)  1.199378  2.243665
   H (  4)  1.109306  1.966910  2.059725
   H (  5)  1.925217  1.033585  2.362597  2.850835

 Requested basis set is cc-pVDZ
 There are 24 shells and 52 basis functions
 A cutoff of  1.0D-14 yielded    299 shell pairs
 There are      1431 function pairs (      1608 Cartesian)
 Smallest overlap matrix eigenvalue = 1.35E-02
 Guess MOs from SCF MO coefficient file

 -----------------------------------------------------------------------
  General SCF calculation program by
  Eric Jon Sundstrom, Paul Horn, Yuezhi Mao, Dmitri Zuev, Alec White,
  David Stuck, Shaama M.S., Shane Yost, Joonho Lee, David Small,
  Daniel Levine, Susi Lehtola, Hugh Burton, Evgeny Epifanovsky,
  Bang C. Huynh
 -----------------------------------------------------------------------
 Exchange:     0.2000 Hartree-Fock + 0.0800 Slater + 0.7200 B88
 Correlation:  0.1900 VWN1RPA + 0.8100 LYP
 Using Euler-Maclaurin-Lebedev (99,590) quadrature formula
Added inc_jk
Added qchem_hcore
Added xc
Added P-dependent contribution
 A restricted SCF calculation will be
 performed using GDM
 SCF converges when RMS gradient is below 1.0e-10
 User-specified cutoff of 10e-14
 used for neglect of 2-electron integrals.
 A cutoff of 10e-14
 used for neglect of overlap integrals.
 Incremental Fock algorithm is on at the start.
 ---------------------------------------
  Cycle       Energy        RMS Gradient
 ---------------------------------------
    1    -189.7630760505      1.74e-02   Normal BFGS step
    2    -189.7695698365      1.03e-02   Normal BFGS step
    3    -189.7696201360      1.24e-02   Normal BFGS step
    4    -189.7699272578      4.63e-03   Normal BFGS step
    5    -189.7699136869      5.11e-03  Line search: overstep
    6    -189.7699619549      1.22e-03   Normal BFGS step
    7    -189.7699638014      1.06e-03   Normal BFGS step
    8    -189.7699673387      2.94e-04   Normal BFGS step
    9    -189.7699675143      7.43e-05   Normal BFGS step
   10    -189.7699675637      1.62e-05   Normal BFGS step
   11    -189.7699675643      4.41e-06   Normal BFGS step
   12    -189.7699675643      1.57e-07   Normal BFGS step
   13    -189.7699675643      7.05e-08   Normal BFGS step
   14    -189.7699675643      1.11e-08   Normal BFGS step
   15    -189.7699675643      1.31e-08   Normal BFGS step
   16    -189.7699675643      1.39e-09   Normal BFGS step
   17    -189.7699675643      1.42e-09   Normal BFGS step
   18    -189.7699675643      1.19e-10   Normal BFGS step
  GDM::WARNING energy changes are now smaller than effective accuracy.
  GDM::        calculation will continue, but THRESH should be increased
  GDM::        or SCF_CONVERGENCE decreased. 
  GDM::        effective_thresh = 7.21e-09
   19    -189.7699675643      7.55e-11  Convergence criterion met
 ---------------------------------------
 SCF time:   CPU 13.07s  wall 1.00s 
 SCF   energy =  -189.76996756
 Total energy =  -189.76996756
 Integrated density by DFT XC:
   Number of electrons = 24
   Numerical integral  =    24.000000012450
   Relative error      =     0.0000000519 %

 --------------------------------------------------------------

                    Orbital Energies (a.u.)
 --------------------------------------------------------------

 Alpha MOs
 -- Occupied --
-19.2043 -19.1385 -10.3227  -1.1168  -1.0265  -0.6620  -0.5174  -0.4855
 -0.4527  -0.3997  -0.3278  -0.2863
 -- Virtual --
  0.0065   0.0310   0.0963   0.2482   0.2728   0.4459   0.4684   0.5127
  0.5729   0.6372   0.7300   0.8612   0.9064   0.9262   0.9681   1.0249
  1.0933   1.0967   1.1680   1.3539   1.3575   1.5067   1.5608   1.6703
  1.7060   1.7441   1.8814   1.9466   2.2617   2.3153   2.6063   2.6924
  2.7803   2.8875   3.0404   3.1459   3.1805   3.4407   3.5077   3.5985
 --------------------------------------------------------------

          Ground-State Mulliken Net Atomic Charges

     Atom                 Charge (a.u.)
  ----------------------------------------
      1 C                     0.215375
      2 O                    -0.177970
      3 O                    -0.235898
      4 H                     0.015558
      5 H                     0.182935
  ----------------------------------------
  Sum of atomic charges =     0.000000

 -----------------------------------------------------------------
                    Cartesian Multipole Moments
 -----------------------------------------------------------------
    Charge (ESU x 10^10)
                 0.0000
    Dipole Moment (Debye)
         X       0.3177      Y      -0.2237      Z      -1.5827
       Tot       1.6297
    Quadrupole Moments (Debye-Ang)
        XX     -13.0091     XY      -0.0287     YY     -16.7832
        XZ      -0.5977     YZ      -1.6159     ZZ     -27.6567
    Octopole Moments (Debye-Ang^2)
       XXX      12.8070    XXY      -4.3776    XYY       4.2932
       YYY     -15.4216    XXZ     -30.7471    XYZ      -0.1942
       YYZ     -36.7667    XZZ       2.4117    YZZ     -12.6368
       ZZZ    -159.0101
    Hexadecapole Moments (Debye-Ang^3)
      XXXX     -34.6394   XXXY       4.2197   XXYY     -10.8829
      XYYY       4.3503   YYYY     -23.9022   XXXZ      29.9882
      XXYZ     -12.0178   XYYZ      10.5778   YYYZ     -39.4491
      XXZZ     -93.2752   XYZZ       1.3327   YYZZ    -101.1243
      XZZZ      30.1898   YZZZ     -68.8901   ZZZZ    -764.6188
 -----------------------------------------------------------------
 Eng[9,4] = -1.89769968e+02
 points done 82/90
 CoordNormalMode -9 , -5 , 0
 ----------------------------------------------------------------
             Standard Nuclear Orientation (Angstroms)
    I     Atom           X                Y                Z
 ----------------------------------------------------------------
    1      C      -0.6485697013     0.3144643525     2.2479373323
    2      O       0.0270125482     0.1561674392     1.0770310365
    3      O      -0.1145792907     0.4769817019     3.3116472836
    4      H      -1.7389265053     0.2660553384     2.0360650747
    5      H       0.9332892347     0.1935242500     1.2332265835
 ----------------------------------------------------------------
 Nuclear Repulsion Energy =          70.05857971 hartrees
 There are       12 alpha and       12 beta electrons

                       Distance Matrix (Angstroms)
             C (  1)   O (  2)   O (  3)   H (  4)
   O (  2)  1.361062
   O (  3)  1.201265  2.261964
   H (  4)  1.111805  2.012551  2.076079
   H (  5)  1.883227  0.920397  2.344826  2.791155

 Requested basis set is cc-pVDZ
 There are 24 shells and 52 basis functions
 A cutoff of  1.0D-14 yielded    299 shell pairs
 There are      1431 function pairs (      1608 Cartesian)
 Smallest overlap matrix eigenvalue = 1.37E-02
 Guess MOs from SCF MO coefficient file

 -----------------------------------------------------------------------
  General SCF calculation program by
  Eric Jon Sundstrom, Paul Horn, Yuezhi Mao, Dmitri Zuev, Alec White,
  David Stuck, Shaama M.S., Shane Yost, Joonho Lee, David Small,
  Daniel Levine, Susi Lehtola, Hugh Burton, Evgeny Epifanovsky,
  Bang C. Huynh
 -----------------------------------------------------------------------
 Exchange:     0.2000 Hartree-Fock + 0.0800 Slater + 0.7200 B88
 Correlation:  0.1900 VWN1RPA + 0.8100 LYP
 Using Euler-Maclaurin-Lebedev (99,590) quadrature formula
Added inc_jk
Added qchem_hcore
Added xc
Added P-dependent contribution
 A restricted SCF calculation will be
 performed using GDM
 SCF converges when RMS gradient is below 1.0e-10
 User-specified cutoff of 10e-14
 used for neglect of 2-electron integrals.
 A cutoff of 10e-14
 used for neglect of overlap integrals.
 Incremental Fock algorithm is on at the start.
 ---------------------------------------
  Cycle       Energy        RMS Gradient
 ---------------------------------------
    1    -189.7646204501      1.84e-02   Normal BFGS step
    2    -189.7690835107      1.62e-02   Normal BFGS step
    3    -189.7690239478      1.98e-02  Line search: overstep
    4    -189.7695611081      2.74e-03   Normal BFGS step
    5    -189.7695938926      4.79e-03   Normal BFGS step
    6    -189.7696261263      2.73e-03   Normal BFGS step
    7    -189.7696360789      6.57e-04   Normal BFGS step
    8    -189.7696403769      1.47e-04   Normal BFGS step
    9    -189.7696404747      8.04e-05   Normal BFGS step
   10    -189.7696405130      1.45e-05   Normal BFGS step
   11    -189.7696405137      4.02e-06   Normal BFGS step
   12    -189.7696405137      1.16e-07   Normal BFGS step
   13    -189.7696405137      4.07e-08   Normal BFGS step
   14    -189.7696405137      4.29e-09   Normal BFGS step
   15    -189.7696405137      4.21e-09   Normal BFGS step
   16    -189.7696405137      1.74e-09   Normal BFGS step
   17    -189.7696405137      3.36e-10   Normal BFGS step
   18    -189.7696405137      2.91e-10   Normal BFGS step
   19    -189.7696405137      1.68e-10   Normal BFGS step
  GDM::WARNING energy changes are now smaller than effective accuracy.
  GDM::        calculation will continue, but THRESH should be increased
  GDM::        or SCF_CONVERGENCE decreased. 
  GDM::        effective_thresh = 3.15e-09
   20    -189.7696405137      1.22e-11  Convergence criterion met
 ---------------------------------------
 SCF time:   CPU 13.75s  wall 2.00s 
 SCF   energy =  -189.76964051
 Total energy =  -189.76964051
 Integrated density by DFT XC:
   Number of electrons = 24
   Numerical integral  =    23.999999972110
   Relative error      =     0.0000001162 %

 --------------------------------------------------------------

                    Orbital Energies (a.u.)
 --------------------------------------------------------------

 Alpha MOs
 -- Occupied --
-19.1913 -19.1462 -10.3290  -1.1165  -1.0326  -0.6734  -0.5211  -0.4870
 -0.4472  -0.4055  -0.3305  -0.2908
 -- Virtual --
 -0.0040   0.0634   0.0926   0.2441   0.2546   0.4464   0.4643   0.5391
  0.5927   0.6523   0.7249   0.8568   0.9148   0.9577   0.9646   1.0233
  1.0884   1.0948   1.1576   1.3521   1.3677   1.4898   1.5646   1.6618
  1.7042   1.7367   1.8578   2.1372   2.2948   2.3414   2.5990   2.6882
  2.8595   2.8829   3.0453   3.1316   3.1404   3.4376   3.5007   3.7066
 --------------------------------------------------------------

          Ground-State Mulliken Net Atomic Charges

     Atom                 Charge (a.u.)
  ----------------------------------------
      1 C                     0.218860
      2 O                    -0.145817
      3 O                    -0.225399
      4 H                     0.026698
      5 H                     0.125658
  ----------------------------------------
  Sum of atomic charges =     0.000000

 -----------------------------------------------------------------
                    Cartesian Multipole Moments
 -----------------------------------------------------------------
    Charge (ESU x 10^10)
                 0.0000
    Dipole Moment (Debye)
         X       0.0527      Y      -0.1987      Z      -1.3799
       Tot       1.3951
    Quadrupole Moments (Debye-Ang)
        XX     -13.0133     XY      -0.1046     YY     -16.7075
        XZ      -1.1148     YZ      -1.5038     ZZ     -26.7624
    Octopole Moments (Debye-Ang^2)
       XXX      12.1378    XXY      -4.3655    XYY       4.3745
       YYY     -15.3499    XXZ     -30.5649    XYZ      -0.3414
       YYZ     -36.5776    XZZ       1.4912    YZZ     -12.2416
       ZZZ    -155.8981
    Hexadecapole Moments (Debye-Ang^3)
      XXXX     -34.3477   XXXY       4.0980   XXYY     -10.8053
      XYYY       4.4583   YYYY     -23.8018   XXXZ      29.1380
      XXYZ     -11.9655   XYYZ      10.7928   YYYZ     -39.3571
      XXZZ     -92.6866   XYZZ       1.0721   YYZZ    -100.8072
      XZZZ      28.8543   YZZZ     -67.7084   ZZZZ    -755.8241
 -----------------------------------------------------------------
 Eng[-9,-5] = -1.89769641e+02
 points done 83/90
 CoordNormalMode 9 , 5 , 0
 ----------------------------------------------------------------
             Standard Nuclear Orientation (Angstroms)
    I     Atom           X                Y                Z
 ----------------------------------------------------------------
    1      C      -0.6279743996     0.3129162118     2.2349046955
    2      O       0.0105376534     0.1556562643     1.0753633762
    3      O      -0.1194091674     0.4772542442     3.3140801155
    4      H      -1.7223257741     0.2709493112     2.0679913844
    5      H       1.0095854021     0.2108508865     1.3443331177
 ----------------------------------------------------------------
 Nuclear Repulsion Energy =          69.97914508 hartrees
 There are       12 alpha and       12 beta electrons

                       Distance Matrix (Angstroms)
             C (  1)   O (  2)   O (  3)   H (  4)
   O (  2)  1.333028
   O (  3)  1.204270  2.265428
   H (  4)  1.107802  2.000355  2.040745
   H (  5)  1.866852  1.036092  2.285936  2.826771

 Requested basis set is cc-pVDZ
 There are 24 shells and 52 basis functions
 A cutoff of  1.0D-14 yielded    299 shell pairs
 There are      1431 function pairs (      1608 Cartesian)
 Smallest overlap matrix eigenvalue = 1.36E-02
 Guess MOs from SCF MO coefficient file

 -----------------------------------------------------------------------
  General SCF calculation program by
  Eric Jon Sundstrom, Paul Horn, Yuezhi Mao, Dmitri Zuev, Alec White,
  David Stuck, Shaama M.S., Shane Yost, Joonho Lee, David Small,
  Daniel Levine, Susi Lehtola, Hugh Burton, Evgeny Epifanovsky,
  Bang C. Huynh
 -----------------------------------------------------------------------
 Exchange:     0.2000 Hartree-Fock + 0.0800 Slater + 0.7200 B88
 Correlation:  0.1900 VWN1RPA + 0.8100 LYP
 Using Euler-Maclaurin-Lebedev (99,590) quadrature formula
Added inc_jk
Added qchem_hcore
Added xc
Added P-dependent contribution
 A restricted SCF calculation will be
 performed using GDM
 SCF converges when RMS gradient is below 1.0e-10
 User-specified cutoff of 10e-14
 used for neglect of 2-electron integrals.
 A cutoff of 10e-14
 used for neglect of overlap integrals.
 Incremental Fock algorithm is on at the start.
 ---------------------------------------
  Cycle       Energy        RMS Gradient
 ---------------------------------------
    1    -189.7640557382      2.05e-02   Normal BFGS step
    2    -189.7699384796      1.04e-02   Normal BFGS step
    3    -189.7697400055      1.81e-02  Line search: overstep
    4    -189.7702336957      2.24e-03   Normal BFGS step
    5    -189.7702467880      4.03e-03   Normal BFGS step
    6    -189.7702690787      1.98e-03   Normal BFGS step
    7    -189.7702731836      6.64e-04   Normal BFGS step
    8    -189.7702762393      9.95e-05   Normal BFGS step
    9    -189.7702762623      4.25e-05   Normal BFGS step
   10    -189.7702762715      1.25e-05   Normal BFGS step
   11    -189.7702762718      3.50e-06   Normal BFGS step
   12    -189.7702762719      8.10e-08   Normal BFGS step
   13    -189.7702762719      2.18e-08   Normal BFGS step
   14    -189.7702762719      3.66e-09   Normal BFGS step
   15    -189.7702762719      2.82e-09   Normal BFGS step
   16    -189.7702762719      1.59e-09   Normal BFGS step
   17    -189.7702762719      1.76e-10   Normal BFGS step
  GDM::WARNING energy changes are now smaller than effective accuracy.
  GDM::        calculation will continue, but THRESH should be increased
  GDM::        or SCF_CONVERGENCE decreased. 
  GDM::        effective_thresh = 2.55e-09
   18    -189.7702762719      4.48e-11  Convergence criterion met
 ---------------------------------------
 SCF time:   CPU 12.42s  wall 2.00s 
 SCF   energy =  -189.77027627
 Total energy =  -189.77027627
 Integrated density by DFT XC:
   Number of electrons = 24
   Numerical integral  =    23.999999950738
   Relative error      =     0.0000002053 %

 --------------------------------------------------------------

                    Orbital Energies (a.u.)
 --------------------------------------------------------------

 Alpha MOs
 -- Occupied --
-19.2076 -19.1424 -10.3248  -1.1157  -1.0274  -0.6546  -0.5142  -0.4909
 -0.4515  -0.4065  -0.3298  -0.2884
 -- Virtual --
  0.0017   0.0328   0.0950   0.2457   0.2627   0.4455   0.4589   0.5283
  0.5634   0.6331   0.7268   0.8594   0.9042   0.9289   0.9646   1.0089
  1.0741   1.0955   1.1710   1.3315   1.3641   1.4897   1.5852   1.6682
  1.7073   1.7451   1.8806   1.9433   2.2205   2.3248   2.6055   2.6948
  2.7773   2.8829   3.0844   3.1298   3.1491   3.4150   3.4748   3.5894
 --------------------------------------------------------------

          Ground-State Mulliken Net Atomic Charges

     Atom                 Charge (a.u.)
  ----------------------------------------
      1 C                     0.221434
      2 O                    -0.181646
      3 O                    -0.239331
      4 H                     0.017950
      5 H                     0.181593
  ----------------------------------------
  Sum of atomic charges =     0.000000

 -----------------------------------------------------------------
                    Cartesian Multipole Moments
 -----------------------------------------------------------------
    Charge (ESU x 10^10)
                 0.0000
    Dipole Moment (Debye)
         X       0.2300      Y      -0.2010      Z      -1.4164
       Tot       1.4490
    Quadrupole Moments (Debye-Ang)
        XX     -13.0971     XY      -0.0277     YY     -16.8038
        XZ      -0.5847     YZ      -1.5442     ZZ     -27.1937
    Octopole Moments (Debye-Ang^2)
       XXX      12.5483    XXY      -4.3614    XYY       4.2874
       YYY     -15.4545    XXZ     -30.6083    XYZ      -0.1837
       YYZ     -36.8257    XZZ       2.4507    YZZ     -12.4849
       ZZZ    -158.1300
    Hexadecapole Moments (Debye-Ang^3)
      XXXX     -34.6167   XXXY       4.1756   XXYY     -10.8775
      XYYY       4.3587   YYYY     -23.9964   XXXZ      29.6798
      XXYZ     -11.9567   XYYZ      10.5938   YYYZ     -39.6049
      XXZZ     -92.8178   XYZZ       1.3104   YYZZ    -101.4766
      XZZZ      29.9745   YZZZ     -68.7117   ZZZZ    -764.5411
 -----------------------------------------------------------------
 Eng[9,5] = -1.89770276e+02
 points done 84/90
 CoordNormalMode -9 , -6 , 0
 ----------------------------------------------------------------
             Standard Nuclear Orientation (Angstroms)
    I     Atom           X                Y                Z
 ----------------------------------------------------------------
    1      C      -0.6392008137     0.3137889341     2.2422046079
    2      O       0.0199377231     0.1557786367     1.0751465300
    3      O      -0.1142275438     0.4776230932     3.3160463152
    4      H      -1.7248431606     0.2614815065     2.0028279923
    5      H       0.9143522727     0.2021313875     1.2948147678
 ----------------------------------------------------------------
 Nuclear Repulsion Energy =          70.20505304 hartrees
 There are       12 alpha and       12 beta electrons

                       Distance Matrix (Angstroms)
             C (  1)   O (  2)   O (  3)   H (  4)
   O (  2)  1.349613
   O (  3)  1.206472  2.267866
   H (  4)  1.112949  1.978895  2.089340
   H (  5)  1.823058  0.922161  2.284568  2.733159

 Requested basis set is cc-pVDZ
 There are 24 shells and 52 basis functions
 A cutoff of  1.0D-14 yielded    299 shell pairs
 There are      1431 function pairs (      1608 Cartesian)
 Smallest overlap matrix eigenvalue = 1.35E-02
 Guess MOs from SCF MO coefficient file

 -----------------------------------------------------------------------
  General SCF calculation program by
  Eric Jon Sundstrom, Paul Horn, Yuezhi Mao, Dmitri Zuev, Alec White,
  David Stuck, Shaama M.S., Shane Yost, Joonho Lee, David Small,
  Daniel Levine, Susi Lehtola, Hugh Burton, Evgeny Epifanovsky,
  Bang C. Huynh
 -----------------------------------------------------------------------
 Exchange:     0.2000 Hartree-Fock + 0.0800 Slater + 0.7200 B88
 Correlation:  0.1900 VWN1RPA + 0.8100 LYP
 Using Euler-Maclaurin-Lebedev (99,590) quadrature formula
Added inc_jk
Added qchem_hcore
Added xc
Added P-dependent contribution
 A restricted SCF calculation will be
 performed using GDM
 SCF converges when RMS gradient is below 1.0e-10
 User-specified cutoff of 10e-14
 used for neglect of 2-electron integrals.
 A cutoff of 10e-14
 used for neglect of overlap integrals.
 Incremental Fock algorithm is on at the start.
 ---------------------------------------
  Cycle       Energy        RMS Gradient
 ---------------------------------------
    1    -189.7654461001      1.53e-02   Normal BFGS step
    2    -189.7692698301      1.56e-02   Normal BFGS step
    3    -189.7691835124      2.03e-02  Line search: overstep
    4    -189.7696952303      2.59e-03   Normal BFGS step
    5    -189.7697268069      4.59e-03   Normal BFGS step
    6    -189.7697541142      2.58e-03   Normal BFGS step
    7    -189.7697647637      5.01e-04   Normal BFGS step
    8    -189.7697678312      1.32e-04   Normal BFGS step
    9    -189.7697678818      2.73e-05   Normal BFGS step
   10    -189.7697678854      1.05e-05   Normal BFGS step
   11    -189.7697678863      3.10e-06   Normal BFGS step
   12    -189.7697678863      2.14e-07   Normal BFGS step
   13    -189.7697678863      4.69e-08   Normal BFGS step
   14    -189.7697678863      9.14e-09   Normal BFGS step
   15    -189.7697678863      6.86e-10   Normal BFGS step
   16    -189.7697678863      1.02e-09   Normal BFGS step
   17    -189.7697678863      6.64e-10   Normal BFGS step
  GDM::WARNING energy changes are now smaller than effective accuracy.
  GDM::        calculation will continue, but THRESH should be increased
  GDM::        or SCF_CONVERGENCE decreased. 
  GDM::        effective_thresh = 3.65e-09
   18    -189.7697678863      1.46e-10   Normal BFGS step
   19    -189.7697678863      1.28e-10   Normal BFGS step
   20    -189.7697678863      7.44e-12  Convergence criterion met
 ---------------------------------------
 SCF time:   CPU 13.67s  wall 1.00s 
 SCF   energy =  -189.76976789
 Total energy =  -189.76976789
 Integrated density by DFT XC:
   Number of electrons = 24
   Numerical integral  =    23.999999940325
   Relative error      =     0.0000002486 %

 --------------------------------------------------------------

                    Orbital Energies (a.u.)
 --------------------------------------------------------------

 Alpha MOs
 -- Occupied --
-19.1968 -19.1476 -10.3292  -1.1235  -1.0338  -0.6732  -0.5157  -0.4931
 -0.4506  -0.4110  -0.3324  -0.2924
 -- Virtual --
 -0.0044   0.0647   0.0922   0.2428   0.2573   0.4453   0.4647   0.5543
  0.5802   0.6467   0.7237   0.8557   0.9135   0.9539   0.9612   1.0049
  1.0718   1.0965   1.1619   1.3400   1.3450   1.4928   1.5947   1.6623
  1.7081   1.7496   1.8550   2.1368   2.2908   2.3310   2.6006   2.6920
  2.8451   2.8988   3.0849   3.1301   3.1360   3.4284   3.4858   3.7029
 --------------------------------------------------------------

          Ground-State Mulliken Net Atomic Charges

     Atom                 Charge (a.u.)
  ----------------------------------------
      1 C                     0.216630
      2 O                    -0.130425
      3 O                    -0.232199
      4 H                     0.022366
      5 H                     0.123628
  ----------------------------------------
  Sum of atomic charges =     0.000000

 -----------------------------------------------------------------
                    Cartesian Multipole Moments
 -----------------------------------------------------------------
    Charge (ESU x 10^10)
                -0.0000
    Dipole Moment (Debye)
         X       0.0711      Y      -0.2001      Z      -1.3919
       Tot       1.4080
    Quadrupole Moments (Debye-Ang)
        XX     -13.2525     XY      -0.0701     YY     -16.7103
        XZ      -0.8497     YZ      -1.5223     ZZ     -26.9213
    Octopole Moments (Debye-Ang^2)
       XXX      12.2707    XXY      -4.4264    XYY       4.3853
       YYY     -15.3681    XXZ     -31.0020    XYZ      -0.2403
       YYZ     -36.6274    XZZ       2.2321    YZZ     -12.3361
       ZZZ    -156.7128
    Hexadecapole Moments (Debye-Ang^3)
      XXXX     -34.6620   XXXY       4.1358   XXYY     -10.7609
      XYYY       4.4107   YYYY     -23.8358   XXXZ      29.4566
      XXYZ     -12.1038   XYYZ      10.6969   YYYZ     -39.4442
      XXZZ     -93.6450   XYZZ       1.2837   YYZZ    -101.0264
      XZZZ      30.1512   YZZZ     -68.0741   ZZZZ    -759.0327
 -----------------------------------------------------------------
 Eng[-9,-6] = -1.89769768e+02
 points done 85/90
 CoordNormalMode 9 , 6 , 0
 ----------------------------------------------------------------
             Standard Nuclear Orientation (Angstroms)
    I     Atom           X                Y                Z
 ----------------------------------------------------------------
    1      C      -0.6373432872     0.3135916302     2.2406374199
    2      O       0.0176124785     0.1560450668     1.0772478828
    3      O      -0.1197609143     0.4766128528     3.3096810839
    4      H      -1.7364091188     0.2755231432     2.1012284667
    5      H       1.0285223641     0.2022437491     1.2827449334
 ----------------------------------------------------------------
 Nuclear Repulsion Energy =          69.83940838 hartrees
 There are       12 alpha and       12 beta electrons

                       Distance Matrix (Angstroms)
             C (  1)   O (  2)   O (  3)   H (  4)
   O (  2)  1.344345
   O (  3)  1.198884  2.259512
   H (  4)  1.108526  2.034552  2.028385
   H (  5)  1.924854  1.032619  2.345699  2.884464

 Requested basis set is cc-pVDZ
 There are 24 shells and 52 basis functions
 A cutoff of  1.0D-14 yielded    299 shell pairs
 There are      1431 function pairs (      1608 Cartesian)
 Smallest overlap matrix eigenvalue = 1.39E-02
 Guess MOs from SCF MO coefficient file

 -----------------------------------------------------------------------
  General SCF calculation program by
  Eric Jon Sundstrom, Paul Horn, Yuezhi Mao, Dmitri Zuev, Alec White,
  David Stuck, Shaama M.S., Shane Yost, Joonho Lee, David Small,
  Daniel Levine, Susi Lehtola, Hugh Burton, Evgeny Epifanovsky,
  Bang C. Huynh
 -----------------------------------------------------------------------
 Exchange:     0.2000 Hartree-Fock + 0.0800 Slater + 0.7200 B88
 Correlation:  0.1900 VWN1RPA + 0.8100 LYP
 Using Euler-Maclaurin-Lebedev (99,590) quadrature formula
Added inc_jk
Added qchem_hcore
Added xc
Added P-dependent contribution
 A restricted SCF calculation will be
 performed using GDM
 SCF converges when RMS gradient is below 1.0e-10
 User-specified cutoff of 10e-14
 used for neglect of 2-electron integrals.
 A cutoff of 10e-14
 used for neglect of overlap integrals.
 Incremental Fock algorithm is on at the start.
 ---------------------------------------
  Cycle       Energy        RMS Gradient
 ---------------------------------------
    1    -189.7662875940      1.42e-02   Normal BFGS step
    2    -189.7701519796      9.43e-03   Normal BFGS step
    3    -189.7701032849      1.21e-02  Line search: overstep
    4    -189.7704027599      1.94e-03   Normal BFGS step
    5    -189.7704177810      3.43e-03   Normal BFGS step
    6    -189.7704325759      2.09e-03   Normal BFGS step
    7    -189.7704362334      6.04e-04   Normal BFGS step
    8    -189.7704391776      1.09e-04   Normal BFGS step
    9    -189.7704392316      7.08e-05   Normal BFGS step
   10    -189.7704392593      1.12e-05   Normal BFGS step
   11    -189.7704392597      3.03e-06   Normal BFGS step
   12    -189.7704392597      1.08e-07   Normal BFGS step
   13    -189.7704392597      4.60e-08   Normal BFGS step
   14    -189.7704392597      2.15e-09   Normal BFGS step
   15    -189.7704392597      3.23e-09   Normal BFGS step
   16    -189.7704392597      1.60e-09   Normal BFGS step
   17    -189.7704392597      2.25e-10   Normal BFGS step
   18    -189.7704392597      1.11e-10   Normal BFGS step
  GDM::WARNING energy changes are now smaller than effective accuracy.
  GDM::        calculation will continue, but THRESH should be increased
  GDM::        or SCF_CONVERGENCE decreased. 
  GDM::        effective_thresh = 1.96e-09
   19    -189.7704392597      6.96e-11  Convergence criterion met
 ---------------------------------------
 SCF time:   CPU 13.00s  wall 2.00s 
 SCF   energy =  -189.77043926
 Total energy =  -189.77043926
 Integrated density by DFT XC:
   Number of electrons = 24
   Numerical integral  =    23.999999977722
   Relative error      =     0.0000000928 %

 --------------------------------------------------------------

                    Orbital Energies (a.u.)
 --------------------------------------------------------------

 Alpha MOs
 -- Occupied --
-19.2025 -19.1409 -10.3244  -1.1099  -1.0256  -0.6543  -0.5179  -0.4857
 -0.4481  -0.4023  -0.3282  -0.2868
 -- Virtual --
  0.0022   0.0327   0.0947   0.2485   0.2583   0.4468   0.4643   0.5129
  0.5722   0.6365   0.7282   0.8602   0.9060   0.9325   0.9680   1.0245
  1.0896   1.0915   1.1688   1.3510   1.3739   1.4848   1.5588   1.6702
  1.7024   1.7292   1.8832   1.9475   2.2381   2.3147   2.6037   2.6896
  2.7863   2.8796   3.0532   3.1272   3.1495   3.4331   3.4894   3.5824
 --------------------------------------------------------------

          Ground-State Mulliken Net Atomic Charges

     Atom                 Charge (a.u.)
  ----------------------------------------
      1 C                     0.221277
      2 O                    -0.195883
      3 O                    -0.232379
      4 H                     0.022675
      5 H                     0.184310
  ----------------------------------------
  Sum of atomic charges =     0.000000

 -----------------------------------------------------------------
                    Cartesian Multipole Moments
 -----------------------------------------------------------------
    Charge (ESU x 10^10)
                -0.0000
    Dipole Moment (Debye)
         X       0.2217      Y      -0.1999      Z      -1.4075
       Tot       1.4388
    Quadrupole Moments (Debye-Ang)
        XX     -12.8610     XY      -0.0608     YY     -16.8030
        XZ      -0.8401     YZ      -1.5276     ZZ     -27.0507
    Octopole Moments (Debye-Ang^2)
       XXX      12.4956    XXY      -4.3036    XYY       4.2825
       YYY     -15.4359    XXZ     -30.2002    XYZ      -0.2879
       YYZ     -36.7763    XZZ       1.6984    YZZ     -12.3939
       ZZZ    -157.3382
    Hexadecapole Moments (Debye-Ang^3)
      XXXX     -34.3535   XXXY       4.1532   XXYY     -10.9336
      XYYY       4.4136   YYYY     -23.9651   XXXZ      29.4698
      XXYZ     -11.8261   XYYZ      10.7056   YYYZ     -39.5149
      XXZZ     -91.9311   XYZZ       1.0821   YYZZ    -101.2537
      XZZZ      28.6088   YZZZ     -68.3417   ZZZZ    -761.2839
 -----------------------------------------------------------------
 Eng[9,6] = -1.89770439e+02
 points done 86/90
 CoordNormalMode -9 , -7 , 0
 ----------------------------------------------------------------
             Standard Nuclear Orientation (Angstroms)
    I     Atom           X                Y                Z
 ----------------------------------------------------------------
    1      C      -0.6503788555     0.3090285770     2.2105495057
    2      O       0.0225734977     0.1565562146     1.0802236535
    3      O      -0.1071823023     0.4801689265     3.3328559845
    4      H      -1.7553920546     0.2702033439     2.0665803768
    5      H       0.9243515911     0.1973453536     1.2606149332
 ----------------------------------------------------------------
 Nuclear Repulsion Energy =          69.49994753 hartrees
 There are       12 alpha and       12 beta electrons

                       Distance Matrix (Angstroms)
             C (  1)   O (  2)   O (  3)   H (  4)
   O (  2)  1.324292
   O (  3)  1.258540  2.279455
   H (  4)  1.115029  2.036413  2.089051
   H (  5)  1.842451  0.920548  2.332002  2.799270

 Requested basis set is cc-pVDZ
 There are 24 shells and 52 basis functions
 A cutoff of  1.0D-14 yielded    299 shell pairs
 There are      1431 function pairs (      1608 Cartesian)
 Smallest overlap matrix eigenvalue = 1.37E-02
 Guess MOs from SCF MO coefficient file

 -----------------------------------------------------------------------
  General SCF calculation program by
  Eric Jon Sundstrom, Paul Horn, Yuezhi Mao, Dmitri Zuev, Alec White,
  David Stuck, Shaama M.S., Shane Yost, Joonho Lee, David Small,
  Daniel Levine, Susi Lehtola, Hugh Burton, Evgeny Epifanovsky,
  Bang C. Huynh
 -----------------------------------------------------------------------
 Exchange:     0.2000 Hartree-Fock + 0.0800 Slater + 0.7200 B88
 Correlation:  0.1900 VWN1RPA + 0.8100 LYP
 Using Euler-Maclaurin-Lebedev (99,590) quadrature formula
Added inc_jk
Added qchem_hcore
Added xc
Added P-dependent contribution
 A restricted SCF calculation will be
 performed using GDM
 SCF converges when RMS gradient is below 1.0e-10
 User-specified cutoff of 10e-14
 used for neglect of 2-electron integrals.
 A cutoff of 10e-14
 used for neglect of overlap integrals.
 Incremental Fock algorithm is on at the start.
 ---------------------------------------
  Cycle       Energy        RMS Gradient
 ---------------------------------------
    1    -189.7584813690      1.93e-02   Normal BFGS step
    2    -189.7633333593      4.84e-02   Normal BFGS step
    3    -189.7632035132      4.90e-02  Line search: overstep
    4    -189.7650823207      5.77e-03   Normal BFGS step
    5    -189.7652637313      1.02e-02   Normal BFGS step
    6    -189.7653740645      3.98e-03   Normal BFGS step
    7    -189.7654032522      7.06e-04   Normal BFGS step
    8    -189.7654096470      2.79e-04   Normal BFGS step
    9    -189.7654100369      1.09e-04   Normal BFGS step
   10    -189.7654101298      1.86e-05   Normal BFGS step
   11    -189.7654101314      4.47e-06   Normal BFGS step
   12    -189.7654101314      2.97e-07   Normal BFGS step
   13    -189.7654101314      1.16e-07   Normal BFGS step
   14    -189.7654101314      8.20e-09   Normal BFGS step
   15    -189.7654101314      1.59e-08   Normal BFGS step
   16    -189.7654101314      5.23e-09   Normal BFGS step
   17    -189.7654101314      7.19e-10   Normal BFGS step
   18    -189.7654101314      5.58e-10   Normal BFGS step
   19    -189.7654101314      3.68e-10   Normal BFGS step
  GDM::WARNING energy changes are now smaller than effective accuracy.
  GDM::        calculation will continue, but THRESH should be increased
  GDM::        or SCF_CONVERGENCE decreased. 
  GDM::        effective_thresh = 3.00e-09
   20    -189.7654101314      4.11e-11  Convergence criterion met
 ---------------------------------------
 SCF time:   CPU 13.65s  wall 2.00s 
 SCF   energy =  -189.76541013
 Total energy =  -189.76541013
 Integrated density by DFT XC:
   Number of electrons = 24
   Numerical integral  =    23.999999969997
   Relative error      =     0.0000001250 %

 --------------------------------------------------------------

                    Orbital Energies (a.u.)
 --------------------------------------------------------------

 Alpha MOs
 -- Occupied --
-19.2062 -19.1384 -10.3321  -1.1284  -1.0072  -0.6847  -0.5245  -0.4904
 -0.4496  -0.3994  -0.3226  -0.2814
 -- Virtual --
 -0.0127   0.0580   0.0909   0.2415   0.2582   0.4480   0.4716   0.5255
  0.5772   0.6215   0.7218   0.8755   0.9085   0.9405   0.9641   1.0224
  1.0821   1.0966   1.1513   1.3592   1.3702   1.4603   1.5760   1.6590
  1.6968   1.7252   1.8601   2.1094   2.2772   2.3146   2.6091   2.6878
  2.8434   2.8823   3.0366   3.0969   3.1552   3.3707   3.4638   3.6946
 --------------------------------------------------------------

          Ground-State Mulliken Net Atomic Charges

     Atom                 Charge (a.u.)
  ----------------------------------------
      1 C                     0.219482
      2 O                    -0.103163
      3 O                    -0.283722
      4 H                     0.036925
      5 H                     0.130478
  ----------------------------------------
  Sum of atomic charges =     0.000000

 -----------------------------------------------------------------
                    Cartesian Multipole Moments
 -----------------------------------------------------------------
    Charge (ESU x 10^10)
                -0.0000
    Dipole Moment (Debye)
         X       0.0475      Y      -0.2591      Z      -1.7969
       Tot       1.8161
    Quadrupole Moments (Debye-Ang)
        XX     -12.9648     XY      -0.0951     YY     -16.8332
        XZ      -1.0647     YZ      -1.7752     ZZ     -28.7318
    Octopole Moments (Debye-Ang^2)
       XXX      11.9127    XXY      -4.3680    XYY       4.4482
       YYY     -15.5553    XXZ     -30.5415    XYZ      -0.3047
       YYZ     -37.1486    XZZ       1.7607    YZZ     -13.2384
       ZZZ    -163.6952
    Hexadecapole Moments (Debye-Ang^3)
      XXXX     -33.8262   XXXY       3.9605   XXYY     -10.8999
      XYYY       4.4763   YYYY     -24.1894   XXXZ      28.1017
      XXYZ     -12.0494   XYYZ      10.8500   YYYZ     -40.1270
      XXZZ     -93.2223   XYZZ       1.2063   YYZZ    -102.9602
      XZZZ      29.7238   YZZZ     -71.3497   ZZZZ    -786.1958
 -----------------------------------------------------------------
 Eng[-9,-7] = -1.89765410e+02
 points done 87/90
 CoordNormalMode 9 , 7 , 0
 ----------------------------------------------------------------
             Standard Nuclear Orientation (Angstroms)
    I     Atom           X                Y                Z
 ----------------------------------------------------------------
    1      C      -0.6261652454     0.3183519872     2.2722925221
    2      O       0.0149767039     0.1552674889     1.0721707593
    3      O      -0.1268061558     0.4740670195     3.2928714147
    4      H      -1.7058602247     0.2668013057     2.0374760822
    5      H       1.0185230457     0.2070297830     1.3169447680
 ----------------------------------------------------------------
 Nuclear Repulsion Energy =          70.63855361 hartrees
 There are       12 alpha and       12 beta electrons

                       Distance Matrix (Angstroms)
             C (  1)   O (  2)   O (  3)   H (  4)
   O (  2)  1.370384
   O (  3)  1.146816  2.247943
   H (  4)  1.106136  1.976242  2.027902
   H (  5)  1.905277  1.034262  2.299429  2.818688

 Requested basis set is cc-pVDZ
 There are 24 shells and 52 basis functions
 A cutoff of  1.0D-14 yielded    299 shell pairs
 There are      1431 function pairs (      1608 Cartesian)
 Smallest overlap matrix eigenvalue = 1.35E-02
 Guess MOs from SCF MO coefficient file

 -----------------------------------------------------------------------
  General SCF calculation program by
  Eric Jon Sundstrom, Paul Horn, Yuezhi Mao, Dmitri Zuev, Alec White,
  David Stuck, Shaama M.S., Shane Yost, Joonho Lee, David Small,
  Daniel Levine, Susi Lehtola, Hugh Burton, Evgeny Epifanovsky,
  Bang C. Huynh
 -----------------------------------------------------------------------
 Exchange:     0.2000 Hartree-Fock + 0.0800 Slater + 0.7200 B88
 Correlation:  0.1900 VWN1RPA + 0.8100 LYP
 Using Euler-Maclaurin-Lebedev (99,590) quadrature formula
Added inc_jk
Added qchem_hcore
Added xc
Added P-dependent contribution
 A restricted SCF calculation will be
 performed using GDM
 SCF converges when RMS gradient is below 1.0e-10
 User-specified cutoff of 10e-14
 used for neglect of 2-electron integrals.
 A cutoff of 10e-14
 used for neglect of overlap integrals.
 Incremental Fock algorithm is on at the start.
 ---------------------------------------
  Cycle       Energy        RMS Gradient
 ---------------------------------------
    1    -189.7476319146      3.21e-02   Normal BFGS step
    2    -189.7599817832      6.76e-02   Normal BFGS step
    3    -189.7599994973      5.96e-02   Normal BFGS step
    4    -189.7647390997      1.12e-02   Normal BFGS step
    5    -189.7647608123      1.09e-02   Normal BFGS step
    6    -189.7649729548      1.39e-03   Normal BFGS step
    7    -189.7649745013      1.11e-03   Normal BFGS step
    8    -189.7649834082      3.71e-05   Normal BFGS step
    9    -189.7649834261      1.37e-05   Normal BFGS step
   10    -189.7649834292      1.03e-06   Normal BFGS step
   11    -189.7649834292      3.73e-07   Normal BFGS step
   12    -189.7649834292      2.33e-08   Normal BFGS step
   13    -189.7649834292      9.49e-09   Normal BFGS step
   14    -189.7649834292      1.69e-08   Normal BFGS step
   15    -189.7649834292      8.87e-09   Normal BFGS step
   16    -189.7649834292      1.73e-09   Normal BFGS step
   17    -189.7649834292      1.83e-09   Normal BFGS step
   18    -189.7649834292      1.68e-10   Normal BFGS step
  GDM::WARNING energy changes are now smaller than effective accuracy.
  GDM::        calculation will continue, but THRESH should be increased
  GDM::        or SCF_CONVERGENCE decreased. 
  GDM::        effective_thresh = 3.38e-09
   19    -189.7649834292      1.27e-10   Normal BFGS step
   20    -189.7649834292      1.24e-11  Convergence criterion met
 ---------------------------------------
 SCF time:   CPU 13.68s  wall 2.00s 
 SCF   energy =  -189.76498343
 Total energy =  -189.76498343
 Integrated density by DFT XC:
   Number of electrons = 24
   Numerical integral  =    23.999999926887
   Relative error      =     0.0000003046 %

 --------------------------------------------------------------

                    Orbital Energies (a.u.)
 --------------------------------------------------------------

 Alpha MOs
 -- Occupied --
-19.1927 -19.1503 -10.3211  -1.1226  -1.0361  -0.6459  -0.5125  -0.4910
 -0.4562  -0.4102  -0.3330  -0.2961
 -- Virtual --
  0.0119   0.0400   0.0965   0.2451   0.2585   0.4432   0.4586   0.5268
  0.5702   0.6730   0.7447   0.8437   0.9105   0.9474   0.9629   1.0111
  1.0788   1.0933   1.1791   1.3416   1.3474   1.5182   1.5741   1.6734
  1.7158   1.7581   1.8798   1.9517   2.2869   2.3333   2.5978   2.6999
  2.7964   2.8816   3.0957   3.1315   3.1683   3.4672   3.5208   3.6164
 --------------------------------------------------------------

          Ground-State Mulliken Net Atomic Charges

     Atom                 Charge (a.u.)
  ----------------------------------------
      1 C                     0.214896
      2 O                    -0.220405
      3 O                    -0.174992
      4 H                     0.007129
      5 H                     0.173371
  ----------------------------------------
  Sum of atomic charges =     0.000000

 -----------------------------------------------------------------
                    Cartesian Multipole Moments
 -----------------------------------------------------------------
    Charge (ESU x 10^10)
                 0.0000
    Dipole Moment (Debye)
         X       0.2307      Y      -0.1372      Z      -0.9752
       Tot       1.0115
    Quadrupole Moments (Debye-Ang)
        XX     -13.1684     XY      -0.0382     YY     -16.6693
        XZ      -0.6384     YZ      -1.2548     ZZ     -25.0930
    Octopole Moments (Debye-Ang^2)
       XXX      12.7773    XXY      -4.3606    XYY       4.2144
       YYY     -15.2328    XXZ     -30.6429    XYZ      -0.2252
       YYZ     -36.2102    XZZ       2.1549    YZZ     -11.4096
       ZZZ    -149.7194
    Hexadecapole Moments (Debye-Ang^3)
      XXXX     -35.2747   XXXY       4.3069   XXYY     -10.8036
      XYYY       4.3383   YYYY     -23.5911   XXXZ      30.6812
      XXYZ     -11.8656   XYYZ      10.5314   YYYZ     -38.7804
      XXZZ     -92.2502   XYZZ       1.1548   YYZZ     -99.1681
      XZZZ      28.9631   YZZZ     -64.7522   ZZZZ    -731.6088
 -----------------------------------------------------------------
 Eng[9,7] = -1.89764983e+02
 points done 88/90
 CoordNormalMode -9 , -8 , 0
 ----------------------------------------------------------------
             Standard Nuclear Orientation (Angstroms)
    I     Atom           X                Y                Z
 ----------------------------------------------------------------
    1      C      -0.6335137445     0.3139051763     2.2423708484
    2      O       0.0218839267     0.1560431325     1.0767544200
    3      O      -0.1171348834     0.4770917996     3.3126985345
    4      H      -1.7835136959     0.2664429091     2.0437470813
    5      H       0.9205620295     0.2000201680     1.2795294744
 ----------------------------------------------------------------
 Nuclear Repulsion Energy =          70.14995225 hartrees
 There are       12 alpha and       12 beta electrons

                       Distance Matrix (Angstroms)
             C (  1)   O (  2)   O (  3)   H (  4)
   O (  2)  1.346524
   O (  3)  1.199533  2.263149
   H (  4)  1.167991  2.051030  2.105096
   H (  5)  1.831716  0.922320  2.299426  2.810777

 Requested basis set is cc-pVDZ
 There are 24 shells and 52 basis functions
 A cutoff of  1.0D-14 yielded    299 shell pairs
 There are      1431 function pairs (      1608 Cartesian)
 Smallest overlap matrix eigenvalue = 1.35E-02
 Guess MOs from SCF MO coefficient file

 -----------------------------------------------------------------------
  General SCF calculation program by
  Eric Jon Sundstrom, Paul Horn, Yuezhi Mao, Dmitri Zuev, Alec White,
  David Stuck, Shaama M.S., Shane Yost, Joonho Lee, David Small,
  Daniel Levine, Susi Lehtola, Hugh Burton, Evgeny Epifanovsky,
  Bang C. Huynh
 -----------------------------------------------------------------------
 Exchange:     0.2000 Hartree-Fock + 0.0800 Slater + 0.7200 B88
 Correlation:  0.1900 VWN1RPA + 0.8100 LYP
 Using Euler-Maclaurin-Lebedev (99,590) quadrature formula
Added inc_jk
Added qchem_hcore
Added xc
Added P-dependent contribution
 A restricted SCF calculation will be
 performed using GDM
 SCF converges when RMS gradient is below 1.0e-10
 User-specified cutoff of 10e-14
 used for neglect of 2-electron integrals.
 A cutoff of 10e-14
 used for neglect of overlap integrals.
 Incremental Fock algorithm is on at the start.
 ---------------------------------------
  Cycle       Energy        RMS Gradient
 ---------------------------------------
    1    -189.7611794112      2.04e-02   Normal BFGS step
    2    -189.7662833616      4.55e-02   Normal BFGS step
    3    -189.7666172276      4.30e-02   Normal BFGS step
    4    -189.7683613899      9.55e-03   Normal BFGS step
    5    -189.7683322104      1.11e-02  Line search: overstep
    6    -189.7684802137      2.11e-03   Normal BFGS step
    7    -189.7684927089      5.57e-04   Normal BFGS step
    8    -189.7684958289      2.26e-04   Normal BFGS step
    9    -189.7684960623      7.00e-05   Normal BFGS step
   10    -189.7684961090      1.41e-05   Normal BFGS step
   11    -189.7684961098      3.98e-06   Normal BFGS step
   12    -189.7684961098      1.97e-07   Normal BFGS step
   13    -189.7684961098      6.82e-08   Normal BFGS step
   14    -189.7684961098      2.21e-08   Normal BFGS step
   15    -189.7684961098      3.11e-08   Normal BFGS step
   16    -189.7684961098      6.63e-10   Normal BFGS step
   17    -189.7684961098      1.25e-09   Normal BFGS step
   18    -189.7684961098      3.51e-10   Normal BFGS step
   19    -189.7684961098      1.00e-10  Convergence criterion met
 ---------------------------------------
 SCF time:   CPU 13.00s  wall 1.00s 
 SCF   energy =  -189.76849611
 Total energy =  -189.76849611
 Integrated density by DFT XC:
   Number of electrons = 24
   Numerical integral  =    23.999999979988
   Relative error      =     0.0000000834 %

 --------------------------------------------------------------

                    Orbital Energies (a.u.)
 --------------------------------------------------------------

 Alpha MOs
 -- Occupied --
-19.1982 -19.1470 -10.3321  -1.1252  -1.0371  -0.6680  -0.5135  -0.4931
 -0.4524  -0.4081  -0.3338  -0.2913
 -- Virtual --
 -0.0012   0.0588   0.0875   0.2469   0.2594   0.4444   0.4591   0.5344
  0.5866   0.6504   0.7189   0.8547   0.9109   0.9512   0.9615   1.0110
  1.0744   1.0964   1.1634   1.3381   1.3507   1.4666   1.5832   1.6523
  1.6752   1.7411   1.8552   2.1084   2.2630   2.2938   2.5983   2.6901
  2.8468   2.8959   3.0638   3.1323   3.1396   3.4299   3.4904   3.6919
 --------------------------------------------------------------

          Ground-State Mulliken Net Atomic Charges

     Atom                 Charge (a.u.)
  ----------------------------------------
      1 C                     0.193486
      2 O                    -0.125932
      3 O                    -0.223121
      4 H                     0.030628
      5 H                     0.124939
  ----------------------------------------
  Sum of atomic charges =     0.000000

 -----------------------------------------------------------------
                    Cartesian Multipole Moments
 -----------------------------------------------------------------
    Charge (ESU x 10^10)
                -0.0000
    Dipole Moment (Debye)
         X       0.1562      Y      -0.1974      Z      -1.3830
       Tot       1.4057
    Quadrupole Moments (Debye-Ang)
        XX     -13.2891     XY      -0.0612     YY     -16.7534
        XZ      -0.7894     YZ      -1.5027     ZZ     -26.8389
    Octopole Moments (Debye-Ang^2)
       XXX      12.5365    XXY      -4.4290    XYY       4.5263
       YYY     -15.4022    XXZ     -31.0176    XYZ      -0.2489
       YYZ     -36.7129    XZZ       2.3051    YZZ     -12.2536
       ZZZ    -156.3483
    Hexadecapole Moments (Debye-Ang^3)
      XXXX     -35.7310   XXXY       4.2054   XXYY     -11.1084
      XYYY       4.5520   YYYY     -23.9201   XXXZ      29.9397
      XXYZ     -12.0735   XYYZ      11.0525   YYYZ     -39.4762
      XXZZ     -93.7592   XYZZ       1.2555   YYZZ    -101.1338
      XZZZ      30.6830   YZZZ     -67.7456   ZZZZ    -757.2951
 -----------------------------------------------------------------
 Eng[-9,-8] = -1.89768496e+02
 points done 89/90
 CoordNormalMode 9 , 8 , 0
 ----------------------------------------------------------------
             Standard Nuclear Orientation (Angstroms)
    I     Atom           X                Y                Z
 ----------------------------------------------------------------
    1      C      -0.6430303564     0.3134753879     2.2404711795
    2      O       0.0156662749     0.1557805710     1.0756399927
    3      O      -0.1168535747     0.4771441464     3.3130288646
    4      H      -1.6777385835     0.2705617406     2.0603093777
    5      H       1.0223126073     0.2043549686     1.2980302269
 ----------------------------------------------------------------
 Nuclear Repulsion Energy =          69.91870082 hartrees
 There are       12 alpha and       12 beta electrons

                       Distance Matrix (Angstroms)
             C (  1)   O (  2)   O (  3)   H (  4)
   O (  2)  1.347435
   O (  3)  1.205831  2.264232
   H (  4)  1.051152  1.962236  2.012050
   H (  5)  1.916630  1.032063  2.330737  2.806373

 Requested basis set is cc-pVDZ
 There are 24 shells and 52 basis functions
 A cutoff of  1.0D-14 yielded    299 shell pairs
 There are      1431 function pairs (      1608 Cartesian)
 Smallest overlap matrix eigenvalue = 1.37E-02
 Guess MOs from SCF MO coefficient file

 -----------------------------------------------------------------------
  General SCF calculation program by
  Eric Jon Sundstrom, Paul Horn, Yuezhi Mao, Dmitri Zuev, Alec White,
  David Stuck, Shaama M.S., Shane Yost, Joonho Lee, David Small,
  Daniel Levine, Susi Lehtola, Hugh Burton, Evgeny Epifanovsky,
  Bang C. Huynh
 -----------------------------------------------------------------------
 Exchange:     0.2000 Hartree-Fock + 0.0800 Slater + 0.7200 B88
 Correlation:  0.1900 VWN1RPA + 0.8100 LYP
 Using Euler-Maclaurin-Lebedev (99,590) quadrature formula
Added inc_jk
Added qchem_hcore
Added xc
Added P-dependent contribution
 A restricted SCF calculation will be
 performed using GDM
 SCF converges when RMS gradient is below 1.0e-10
 User-specified cutoff of 10e-14
 used for neglect of 2-electron integrals.
 A cutoff of 10e-14
 used for neglect of overlap integrals.
 Incremental Fock algorithm is on at the start.
 ---------------------------------------
  Cycle       Energy        RMS Gradient
 ---------------------------------------
    1    -189.7628690236      1.82e-02   Normal BFGS step
    2    -189.7679588403      2.10e-02   Normal BFGS step
    3    -189.7680754317      1.65e-02   Normal BFGS step
    4    -189.7686924868      1.55e-03   Normal BFGS step
    5    -189.7686923064      3.63e-03   Normal BFGS step
    6    -189.7687055827      1.70e-03   Normal BFGS step
    7    -189.7687076021      4.51e-04   Normal BFGS step
    8    -189.7687094625      7.79e-05   Normal BFGS step
    9    -189.7687094857      3.40e-05   Normal BFGS step
   10    -189.7687094963      4.81e-06   Normal BFGS step
   11    -189.7687094963      9.10e-07   Normal BFGS step
   12    -189.7687094963      2.64e-08   Normal BFGS step
   13    -189.7687094963      9.36e-09   Normal BFGS step
   14    -189.7687094963      3.28e-09   Normal BFGS step
   15    -189.7687094963      3.51e-09   Normal BFGS step
   16    -189.7687094963      2.97e-10   Normal BFGS step
  GDM::WARNING energy changes are now smaller than effective accuracy.
  GDM::        calculation will continue, but THRESH should be increased
  GDM::        or SCF_CONVERGENCE decreased. 
  GDM::        effective_thresh = 5.46e-09
   17    -189.7687094963      2.95e-10   Normal BFGS step
   18    -189.7687094963      7.38e-12  Convergence criterion met
 ---------------------------------------
 SCF time:   CPU 12.40s  wall 2.00s 
 SCF   energy =  -189.76870950
 Total energy =  -189.76870950
 Integrated density by DFT XC:
   Number of electrons = 24
   Numerical integral  =    23.999999961350
   Relative error      =     0.0000001610 %

 --------------------------------------------------------------

                    Orbital Energies (a.u.)
 --------------------------------------------------------------

 Alpha MOs
 -- Occupied --
-19.2014 -19.1418 -10.3212  -1.1081  -1.0227  -0.6629  -0.5199  -0.4857
 -0.4465  -0.4051  -0.3270  -0.2880
 -- Virtual --
 -0.0013   0.0362   0.1008   0.2457   0.2564   0.4475   0.4680   0.5191
  0.5852   0.6312   0.7352   0.8614   0.9087   0.9360   0.9686   1.0203
  1.0856   1.0939   1.1653   1.3459   1.3762   1.5129   1.5727   1.6744
  1.7376   1.7392   1.8842   1.9529   2.2569   2.4133   2.6063   2.6974
  2.7870   2.8801   3.0730   3.1247   3.1473   3.4326   3.4857   3.5990
 --------------------------------------------------------------

          Ground-State Mulliken Net Atomic Charges

     Atom                 Charge (a.u.)
  ----------------------------------------
      1 C                     0.251499
      2 O                    -0.199763
      3 O                    -0.241288
      4 H                     0.007069
      5 H                     0.182483
  ----------------------------------------
  Sum of atomic charges =     0.000000

 -----------------------------------------------------------------
                    Cartesian Multipole Moments
 -----------------------------------------------------------------
    Charge (ESU x 10^10)
                -0.0000
    Dipole Moment (Debye)
         X       0.1467      Y      -0.2022      Z      -1.4153
       Tot       1.4372
    Quadrupole Moments (Debye-Ang)
        XX     -12.8419     XY      -0.0663     YY     -16.7543
        XZ      -0.8744     YZ      -1.5464     ZZ     -27.1254
    Octopole Moments (Debye-Ang^2)
       XXX      12.2529    XXY      -4.3055    XYY       4.1456
       YYY     -15.3971    XXZ     -30.2172    XYZ      -0.2692
       YYZ     -36.6800    XZZ       1.7022    YZZ     -12.4731
       ZZZ    -157.6678
    Hexadecapole Moments (Debye-Ang^3)
      XXXX     -33.3993   XXXY       4.0929   XXYY     -10.6012
      XYYY       4.2726   YYYY     -23.8713   XXXZ      29.0593
      XXYZ     -11.8683   XYYZ      10.3553   YYYZ     -39.4712
      XXZZ     -91.9211   XYZZ       1.1400   YYZZ    -101.1162
      XZZZ      28.2997   YZZZ     -68.6533   ZZZZ    -762.8449
 -----------------------------------------------------------------
 Eng[9,8] = -1.89768709e+02
 points done 90/90
 derivatives time:           CPU 1256.94 s  wall  156.40 s
 ======================================================================
 ======================================================================
      ANHARMONIC CUBIC & QUARTIC FORCE FIELD (CM**-1)                  
 ______________________________________________________________________
 Eta[1,1,1]=-55.11,
 Eta[1,1,1,1]=64.59,
 Eta[1,1,2]=0.01,
 Eta[1,1,1,2]=1.18,
 Eta[1,1,2,2]=118.23,
 Eta[1,1,3]=0.03,
 Eta[1,1,1,3]=0.12,
 Eta[1,1,3,3]=-0.65,
 Eta[1,1,4]=14.82,
 Eta[1,1,1,4]=58.72,
 Eta[1,1,4,4]=67.38,
 Eta[1,1,5]=4.81,
 Eta[1,1,1,5]=-48.71,
 Eta[1,1,5,5]=53.04,
 Eta[1,1,6]=-7.94,
 Eta[1,1,1,6]=27.09,
 Eta[1,1,6,6]=13.09,
 Eta[1,1,7]=-32.14,
 Eta[1,1,1,7]=-20.61,
 Eta[1,1,7,7]=-30.28,
 Eta[1,1,8]=-10.38,
 Eta[1,1,1,8]=-0.71,
 Eta[1,1,8,8]=-2.82,
 Eta[1,1,9]=239.26,
 Eta[1,1,1,9]=5.94,
 Eta[1,1,9,9]=-235.73,
 Eta[2,2,2]=0.93,
 Eta[2,2,2,2]=1960.65,
 Eta[2,2,1]=-58.46,
 Eta[2,2,2,1]=8.20,
 Eta[2,2,3]=0.09,
 Eta[2,2,2,3]=118.98,
 Eta[2,2,3,3]=6.81,
 Eta[2,2,4]=-11.28,
 Eta[2,2,2,4]=7.57,
 Eta[2,2,4,4]=141.02,
 Eta[2,2,5]=138.70,
 Eta[2,2,2,5]=-8.24,
 Eta[2,2,5,5]=108.02,
 Eta[2,2,6]=-104.70,
 Eta[2,2,2,6]=3.85,
 Eta[2,2,6,6]=13.24,
 Eta[2,2,7]=-5.98,
 Eta[2,2,2,7]=-1.53,
 Eta[2,2,7,7]=-12.03,
 Eta[2,2,8]=-19.81,
 Eta[2,2,2,8]=0.11,
 Eta[2,2,8,8]=-12.27,
 Eta[2,2,9]=1549.33,
 Eta[2,2,2,9]=-1.33,
 Eta[2,2,9,9]=-1468.87,
 Eta[3,3,3]=0.64,
 Eta[3,3,3,3]=296.39,
 Eta[3,3,1]=5.66,
 Eta[3,3,3,1]=0.16,
 Eta[3,3,2]=0.08,
 Eta[3,3,3,2]=35.00,
 Eta[3,3,4]=20.96,
 Eta[3,3,3,4]=0.19,
 Eta[3,3,4,4]=-5.17,
 Eta[3,3,5]=5.88,
 Eta[3,3,3,5]=-0.35,
 Eta[3,3,5,5]=3.84,
 Eta[3,3,6]=-10.89,
 Eta[3,3,3,6]=-0.93,
 Eta[3,3,6,6]=44.33,
 Eta[3,3,7]=-32.49,
 Eta[3,3,3,7]=0.26,
 Eta[3,3,7,7]=-17.61,
 Eta[3,3,8]=-516.31,
 Eta[3,3,3,8]=0.34,
 Eta[3,3,8,8]=-558.03,
 Eta[3,3,9]=-11.36,
 Eta[3,3,3,9]=0.01,
 Eta[3,3,9,9]=-14.55,
 Eta[4,4,4]=263.62,
 Eta[4,4,4,4]=166.02,
 Eta[4,4,1]=-73.61,
 Eta[4,4,4,1]=62.98,
 Eta[4,4,2]=0.17,
 Eta[4,4,4,2]=1.31,
 Eta[4,4,3]=0.02,
 Eta[4,4,4,3]=0.06,
 Eta[4,4,5]=159.37,
 Eta[4,4,4,5]=-50.45,
 Eta[4,4,5,5]=105.03,
 Eta[4,4,6]=-30.67,
 Eta[4,4,4,6]=44.30,
 Eta[4,4,6,6]=18.71,
 Eta[4,4,7]=-88.02,
 Eta[4,4,4,7]=-48.84,
 Eta[4,4,7,7]=10.57,
 Eta[4,4,8]=-9.15,
 Eta[4,4,4,8]=8.62,
 Eta[4,4,8,8]=-23.95,
 Eta[4,4,9]=328.59,
 Eta[4,4,4,9]=16.98,
 Eta[4,4,9,9]=-333.55,
 Eta[5,5,5]=203.68,
 Eta[5,5,5,5]=41.67,
 Eta[5,5,1]=-63.53,
 Eta[5,5,5,1]=-57.40,
 Eta[5,5,2]=0.14,
 Eta[5,5,5,2]=-1.66,
 Eta[5,5,3]=0.03,
 Eta[5,5,5,3]=-0.17,
 Eta[5,5,4]=38.72,
 Eta[5,5,5,4]=-52.55,
 Eta[5,5,6]=-26.58,
 Eta[5,5,5,6]=-16.87,
 Eta[5,5,6,6]=26.43,
 Eta[5,5,7]=-30.64,
 Eta[5,5,5,7]=11.46,
 Eta[5,5,7,7]=-5.54,
 Eta[5,5,8]=-60.30,
 Eta[5,5,5,8]=4.96,
 Eta[5,5,8,8]=-52.26,
 Eta[5,5,9]=240.33,
 Eta[5,5,5,9]=-97.46,
 Eta[5,5,9,9]=-354.00,
 Eta[6,6,6]=-16.27,
 Eta[6,6,6,6]=65.35,
 Eta[6,6,1]=45.16,
 Eta[6,6,6,1]=-6.79,
 Eta[6,6,2]=0.02,
 Eta[6,6,6,2]=0.17,
 Eta[6,6,3]=0.21,
 Eta[6,6,6,3]=-0.36,
 Eta[6,6,4]=46.41,
 Eta[6,6,6,4]=-11.81,
 Eta[6,6,5]=61.25,
 Eta[6,6,6,5]=28.35,
 Eta[6,6,7]=62.54,
 Eta[6,6,6,7]=-20.07,
 Eta[6,6,7,7]=13.52,
 Eta[6,6,8]=-237.65,
 Eta[6,6,6,8]=-26.65,
 Eta[6,6,8,8]=-349.41,
 Eta[6,6,9]=43.66,
 Eta[6,6,6,9]=6.65,
 Eta[6,6,9,9]=-84.72,
 Eta[7,7,7]=539.85,
 Eta[7,7,7,7]=162.70,
 Eta[7,7,1]=-21.59,
 Eta[7,7,7,1]=-1.69,
 Eta[7,7,2]=0.04,
 Eta[7,7,7,2]=-0.03,
 Eta[7,7,3]=0.04,
 Eta[7,7,7,3]=0.04,
 Eta[7,7,4]=124.10,
 Eta[7,7,7,4]=22.57,
 Eta[7,7,5]=12.89,
 Eta[7,7,7,5]=-12.74,
 Eta[7,7,6]=129.29,
 Eta[7,7,7,6]=34.33,
 Eta[7,7,8]=-89.00,
 Eta[7,7,7,8]=-23.69,
 Eta[7,7,8,8]=-35.12,
 Eta[7,7,9]=8.05,
 Eta[7,7,7,9]=-0.87,
 Eta[7,7,9,9]=-15.17,
 Eta[8,8,8]=1981.39,
 Eta[8,8,8,8]=1116.26,
 Eta[8,8,1]=-26.80,
 Eta[8,8,8,1]=-9.64,
 Eta[8,8,2]=0.02,
 Eta[8,8,8,2]=-0.10,
 Eta[8,8,3]=0.01,
 Eta[8,8,8,3]=-0.94,
 Eta[8,8,4]=-33.96,
 Eta[8,8,8,4]=-21.12,
 Eta[8,8,5]=18.67,
 Eta[8,8,8,5]=18.46,
 Eta[8,8,6]=46.53,
 Eta[8,8,8,6]=45.13,
 Eta[8,8,7]=41.48,
 Eta[8,8,8,7]=18.14,
 Eta[8,8,9]=33.05,
 Eta[8,8,8,9]=20.21,
 Eta[8,8,9,9]=-0.75,
 Eta[9,9,9]=-2559.09,
 Eta[9,9,9,9]=1572.48,
 Eta[9,9,1]=21.00,
 Eta[9,9,9,1]=-35.27,
 Eta[9,9,2]=0.03,
 Eta[9,9,9,2]=-0.13,
 Eta[9,9,3]=0.01,
 Eta[9,9,9,3]=-0.02,
 Eta[9,9,4]=43.80,
 Eta[9,9,9,4]=-62.75,
 Eta[9,9,5]=-117.21,
 Eta[9,9,9,5]=103.45,
 Eta[9,9,6]=56.17,
 Eta[9,9,9,6]=-50.89,
 Eta[9,9,7]=-20.67,
 Eta[9,9,9,7]=21.32,
 Eta[9,9,8]=59.87,
 Eta[9,9,9,8]=-34.28,
 ----------------------------------------------------------------
             Standard Nuclear Orientation (Angstroms)
    I     Atom           X                Y                Z
 ----------------------------------------------------------------
    1      C      -0.6382720504     0.3136902821     2.2414210139
    2      O       0.0187751008     0.1559118517     1.0761972064
    3      O      -0.1169942291     0.4771179730     3.3128636996
    4      H      -1.7306261397     0.2685023248     2.0520282295
    5      H       0.9714373184     0.2021875683     1.2887798506
 ----------------------------------------------------------------
 Nuclear Repulsion Energy =          70.01088158 hartrees
 There are       12 alpha and       12 beta electrons

 = Finishing finite difference calculation for ANHAR =
 =====================================================
 =====================================================
 Requested basis set is cc-pVDZ
 There are 24 shells and 52 basis functions

 Mass-Weighted Hessian Matrix:


     0.064922    0.003203    0.016611   -0.013528    0.000553    0.004856
     0.003203    0.017175    0.008972    0.000889   -0.004633   -0.001763
     0.016611    0.008972    0.075998    0.007176   -0.001726   -0.017132
    -0.013528    0.000889    0.007176    0.038043    0.000492   -0.000594
     0.000553   -0.004633   -0.001726    0.000492    0.003074    0.003307
     0.004856   -0.001763   -0.017132   -0.000594    0.003307    0.025518
    -0.019354   -0.003062   -0.019574    0.002612    0.000148    0.000936
    -0.003137   -0.006147   -0.006139    0.000017    0.001666   -0.001134
    -0.020092   -0.006147   -0.045455    0.000033   -0.001149   -0.006119
    -0.081683   -0.002261   -0.008463   -0.006173    0.000020    0.001111
    -0.002645   -0.018032    0.000097    0.001068    0.002427   -0.000338
    -0.011116    0.000054   -0.016375    0.008360   -0.000220   -0.000003
    -0.011344   -0.000135    0.000533   -0.109108   -0.004480   -0.019230
     0.001884    0.001715    0.000273   -0.006166   -0.005324   -0.002233
     0.014495    0.000501    0.003472   -0.030888   -0.002423   -0.018160


    -0.019354   -0.003137   -0.020092   -0.081683   -0.002645   -0.011116
    -0.003062   -0.006147   -0.006147   -0.002261   -0.018032    0.000054
    -0.019574   -0.006139   -0.045455   -0.008463    0.000097   -0.016375
     0.002612    0.000017    0.000033   -0.006173    0.001068    0.008360
     0.000148    0.001666   -0.001149    0.000020    0.002427   -0.000220
     0.000936   -0.001134   -0.006119    0.001111   -0.000338   -0.000003
     0.014465    0.002934    0.018865   -0.002589   -0.001490   -0.009424
     0.002934    0.002841    0.006713   -0.000715    0.005014   -0.001293
     0.018865    0.006713    0.046118   -0.004062   -0.001206   -0.002670
    -0.002589   -0.000715   -0.004062    0.317112    0.010244    0.037944
    -0.001490    0.005014   -0.001206    0.010244    0.026413    0.007316
    -0.009424   -0.001293   -0.002670    0.037944    0.007316    0.071499
     0.001341   -0.000223   -0.001893   -0.000348    0.000563    0.004652
    -0.000226   -0.001755    0.000252    0.000326    0.006162   -0.001474
    -0.001917    0.000252    0.000170    0.003014   -0.001501   -0.004350


    -0.011344    0.001884    0.014495
    -0.000135    0.001715    0.000501
     0.000533    0.000273    0.003472
    -0.109108   -0.006166   -0.030888
    -0.004480   -0.005324   -0.002423
    -0.019230   -0.002233   -0.018160
     0.001341   -0.000226   -0.001917
    -0.000223   -0.001755    0.000252
    -0.001893    0.000252    0.000170
    -0.000348    0.000326    0.003014
     0.000563    0.006162   -0.001501
     0.004652   -0.001474   -0.004350
     0.468813    0.018636    0.077657
     0.018636    0.016123    0.008425
     0.077657    0.008425    0.064041

 Vectors for Translations and Rotations


     0.510723    0.000000    0.000000    0.009020    0.000856    0.028431
     0.000000    0.510723    0.000000   -0.553255   -0.052477    0.030388
     0.000000    0.000000    0.510723    0.080000    0.007588    0.206948
     0.589639    0.000000    0.000000   -0.003084   -0.011306   -0.641436
     0.000000    0.589639    0.000000    0.189188    0.693513   -0.029619
     0.000000    0.000000    0.589639   -0.027356   -0.100281   -0.132517
     0.589639    0.000000    0.000000   -0.005407    0.011192    0.654324
     0.000000    0.589639    0.000000    0.331661   -0.686516    0.002217
     0.000000    0.000000    0.589639   -0.047958    0.099269   -0.058434
     0.148009    0.000000    0.000000    0.009611    0.000040   -0.019673
     0.000000    0.148009    0.000000   -0.589709   -0.002488    0.030869
     0.000000    0.000000    0.148009    0.085271    0.000361    0.215698
     0.148009    0.000000    0.000000   -0.006911   -0.002538   -0.129773
     0.000000    0.148009    0.000000    0.423824    0.155691   -0.026566
     0.000000    0.000000    0.148009   -0.061285   -0.022512   -0.169090

 The Projection Matrix


     0.738271    0.004171   -0.006612   -0.282868   -0.001458    0.004100
     0.004171    0.429393    0.038370    0.017193   -0.159180   -0.016371
    -0.006612    0.038370    0.689876    0.133076   -0.014268   -0.270769
    -0.282868    0.017193    0.133076    0.240748   -0.010574   -0.086219
    -0.001458   -0.159180   -0.014268   -0.010574    0.134696    0.070797
     0.004100   -0.016371   -0.270769   -0.086219    0.070797    0.623961
    -0.319706   -0.022288   -0.135063    0.072143    0.012641    0.087683
    -0.002467   -0.153743   -0.021783   -0.005316    0.065753   -0.059478
     0.002009   -0.019548   -0.285966   -0.036507   -0.061502   -0.346775
    -0.075119    0.005918    0.003302   -0.099861   -0.002429   -0.002340
     0.004444   -0.402920    0.040807    0.017954    0.026934   -0.012291
    -0.006902    0.040641   -0.127055    0.138624   -0.009994   -0.056320
    -0.071838   -0.000013    0.027428   -0.170563   -0.000776   -0.017641
    -0.003201    0.167868   -0.029590   -0.013973   -0.276215    0.023687
     0.005379   -0.029949   -0.035525   -0.108904    0.022198   -0.113613


    -0.319706   -0.002467    0.002009   -0.075119    0.004444   -0.006902
    -0.022288   -0.153743   -0.019548    0.005918   -0.402920    0.040641
    -0.135063   -0.021783   -0.285966    0.003302    0.040807   -0.127055
     0.072143   -0.005316   -0.036507   -0.099861    0.017954    0.138624
     0.012641    0.065753   -0.061502   -0.002429    0.026934   -0.009994
     0.087683   -0.059478   -0.346775   -0.002340   -0.012291   -0.056320
     0.224032    0.008026    0.036864   -0.074348   -0.023359   -0.140680
     0.008026    0.071018    0.084185   -0.003116    0.106535   -0.028512
     0.036864    0.084185    0.636757   -0.000693   -0.026230   -0.070614
    -0.074348   -0.003116   -0.000693    0.977614    0.006275    0.003424
    -0.023359    0.106535   -0.026230    0.006275    0.629378    0.043627
    -0.140680   -0.028512   -0.070614    0.003424    0.043627    0.924296
    -0.002367    0.000838   -0.007663   -0.024393   -0.000076    0.028582
     0.017932   -0.120895    0.003318   -0.004603    0.229233   -0.030466
     0.110560    0.005246   -0.097857   -0.002737   -0.030976    0.019800


    -0.071838   -0.003201    0.005379
    -0.000013    0.167868   -0.029949
     0.027428   -0.029590   -0.035525
    -0.170563   -0.013973   -0.108904
    -0.000776   -0.276215    0.022198
    -0.017641    0.023687   -0.113613
    -0.002367    0.017932    0.110560
     0.000838   -0.120895    0.005246
    -0.007663    0.003318   -0.097857
    -0.024393   -0.004603   -0.002737
    -0.000076    0.229233   -0.030976
     0.028582   -0.030466    0.019800
     0.961198   -0.000123   -0.022424
    -0.000123    0.773521    0.024987
    -0.022424    0.024987    0.945239

 Translations and Rotations Projected Out of Hessian

 Projected Mass-Weighted Hessian Matrix:


     0.064922    0.003203    0.016611   -0.013528    0.000553    0.004856
     0.003203    0.017174    0.008972    0.000888   -0.004633   -0.001764
     0.016611    0.008972    0.075998    0.007176   -0.001725   -0.017132
    -0.013528    0.000888    0.007176    0.038043    0.000493   -0.000593
     0.000553   -0.004633   -0.001725    0.000493    0.003074    0.003307
     0.004856   -0.001764   -0.017132   -0.000593    0.003307    0.025518
    -0.019354   -0.003061   -0.019574    0.002612    0.000148    0.000935
    -0.003136   -0.006147   -0.006139    0.000018    0.001666   -0.001134
    -0.020092   -0.006147   -0.045455    0.000033   -0.001149   -0.006119
    -0.081683   -0.002261   -0.008463   -0.006173    0.000020    0.001111
    -0.002645   -0.018032    0.000097    0.001068    0.002427   -0.000338
    -0.011116    0.000053   -0.016375    0.008361   -0.000220   -0.000002
    -0.011344   -0.000135    0.000533   -0.109108   -0.004480   -0.019230
     0.001884    0.001716    0.000273   -0.006167   -0.005324   -0.002233
     0.014495    0.000502    0.003472   -0.030889   -0.002424   -0.018160


    -0.019354   -0.003136   -0.020092   -0.081683   -0.002645   -0.011116
    -0.003061   -0.006147   -0.006147   -0.002261   -0.018032    0.000053
    -0.019574   -0.006139   -0.045455   -0.008463    0.000097   -0.016375
     0.002612    0.000018    0.000033   -0.006173    0.001068    0.008361
     0.000148    0.001666   -0.001149    0.000020    0.002427   -0.000220
     0.000935   -0.001134   -0.006119    0.001111   -0.000338   -0.000002
     0.014466    0.002934    0.018865   -0.002589   -0.001490   -0.009424
     0.002934    0.002841    0.006713   -0.000715    0.005014   -0.001293
     0.018865    0.006713    0.046118   -0.004062   -0.001206   -0.002670
    -0.002589   -0.000715   -0.004062    0.317112    0.010244    0.037944
    -0.001490    0.005014   -0.001206    0.010244    0.026414    0.007316
    -0.009424   -0.001293   -0.002670    0.037944    0.007316    0.071499
     0.001341   -0.000223   -0.001893   -0.000348    0.000563    0.004652
    -0.000225   -0.001756    0.000252    0.000326    0.006163   -0.001474
    -0.001916    0.000251    0.000170    0.003014   -0.001499   -0.004350


    -0.011344    0.001884    0.014495
    -0.000135    0.001716    0.000502
     0.000533    0.000273    0.003472
    -0.109108   -0.006167   -0.030889
    -0.004480   -0.005324   -0.002424
    -0.019230   -0.002233   -0.018160
     0.001341   -0.000225   -0.001916
    -0.000223   -0.001756    0.000251
    -0.001893    0.000252    0.000170
    -0.000348    0.000326    0.003014
     0.000563    0.006163   -0.001499
     0.004652   -0.001474   -0.004350
     0.468813    0.018636    0.077657
     0.018636    0.016122    0.008423
     0.077657    0.008423    0.064041

 Eigenvectors of Proj. Mass-Weighted Hessian Matrix:


    -0.133957   -0.120637   -0.376542    0.215407    0.196249    0.050329
     0.665051    0.178778   -0.112060    0.288405    0.015920   -0.019065
    -0.036599    0.150919    0.160634   -0.090993    0.455499    0.210821
    -0.177344   -0.218119   -0.474122    0.348348   -0.240590    0.525550
    -0.007643   -0.053359    0.488592    0.785411    0.059456   -0.057197
     0.049954    0.164954    0.079563   -0.110122    0.256895    0.511744
    -0.107828   -0.074256   -0.405812    0.153430    0.657961   -0.371066
    -0.111869    0.903846   -0.249025    0.139296   -0.131290   -0.029598
     0.069142    0.036224    0.189638   -0.029166    0.338831    0.453355
    -0.046689   -0.036179   -0.108775    0.067461    0.037326    0.033483
     0.587079   -0.081440   -0.127238    0.042570    0.036218    0.003722
    -0.059314    0.082554    0.067155   -0.045626    0.237210   -0.050104
    -0.037264   -0.052930   -0.118958    0.082010   -0.038562    0.110671
    -0.347411    0.108203    0.201652    0.229623   -0.013725   -0.022301
     0.055247    0.006773    0.002530   -0.010371   -0.027109    0.225419


     0.427788   -0.004795    0.009509    0.353000    0.515022    0.070665
     0.019402    0.273030   -0.583469   -0.032016   -0.037676   -0.005778
     0.084552   -0.039563    0.084362   -0.261224   -0.318723   -0.047718
    -0.111385    0.005504   -0.001776   -0.268828   -0.286969    0.140780
    -0.067293   -0.332102    0.108218    0.086425   -0.006564    0.019235
    -0.450992    0.048499   -0.015586    0.627672   -0.012772    0.117020
    -0.304327    0.002875   -0.002874   -0.082793   -0.137061   -0.196009
     0.067461   -0.161869    0.176955   -0.034249    0.007988   -0.035280
     0.501712    0.022951   -0.025622   -0.227602    0.070789   -0.221982
     0.130354   -0.002790   -0.012435    0.132263    0.105770   -0.117335
    -0.001978    0.164922    0.763438   -0.038909    0.033898    0.123350
    -0.029457   -0.023856   -0.110448   -0.283365    0.222174    0.866187
     0.049624   -0.014042   -0.001850    0.050459   -0.193664    0.093523
    -0.065640    0.860836    0.113820   -0.058479    0.090438   -0.039491
    -0.464358   -0.124271   -0.016492   -0.409047    0.646489   -0.283379


     0.282044   -0.283810   -0.014441
     0.106692   -0.013204   -0.000261
     0.705994   -0.059320   -0.000179
    -0.016912    0.003540   -0.231454
    -0.013331    0.000586   -0.010217
    -0.090254    0.003655   -0.044546
    -0.259330    0.009362    0.000821
    -0.080410    0.002263   -0.000375
    -0.526829    0.014594   -0.002685
     0.158542    0.944794    0.015486
    -0.011647    0.036358    0.001040
    -0.098396    0.144955    0.005446
    -0.031273   -0.016874    0.953139
     0.016941   -0.002150    0.042056
     0.120612   -0.012962    0.183332

 Vibrational Frequencies in atomic units
    -0.0000000000   -0.0000000000   -0.0000000000   -0.0000000000    0.0000000000    0.0000000000
     0.0149244075    0.0185685294    0.0414536437    0.0490892606    0.0652046770    0.0736115903
     0.1288058842    0.3482827017    0.5122142377
 Vibrational Electric Transition dipole:  1      0.19220040459989   -0.01142259197650   -0.10272865296662
 Vibrational Electric Transition dipole:  2     -0.00614060300495    0.36936812117210   -0.05339681918160
 Vibrational Electric Transition dipole:  3     -0.00055591501654    0.03483362089692   -0.00505963449008
 Vibrational Electric Transition dipole:  4      0.26485814636166   -0.05343280644262   -0.39893721171567
 Vibrational Electric Transition dipole:  5      0.09244712037999   -0.00498042227173   -0.04519693346433
 Vibrational Electric Transition dipole:  6      0.06663836143022   -0.00145711536367   -0.01747122204524
 Vibrational Electric Transition dipole:  7      0.04776814426989    0.08304520434578    0.56890356254589
 Vibrational Electric Transition dipole:  8     -0.23408166533805   -0.01083968740192   -0.04857410574776
 Vibrational Electric Transition dipole:  9      0.21904916504420    0.00182693090708   -0.01207976461593
 **********************************************************************
 **                                                                  **
 **                       VIBRATIONAL ANALYSIS                       **
 **                       --------------------                       **
 **                                                                  **
 **        VIBRATIONAL FREQUENCIES (CM**-1) AND NORMAL MODES         **
 **     FORCE CONSTANTS (mDYN/ANGSTROM) AND REDUCED MASSES (AMU)     **
 **                  INFRARED INTENSITIES (KM/MOL)                   **
 **                                                                  **
 **********************************************************************


 Mode:                 1                      2                      3
 Frequency:       627.99                 700.48                1046.62
 Force Cnst:      0.8016                 0.3644                 1.0157
 Red. Mass:       3.4499                 1.2604                 1.5738
 IR Active:          YES                    YES                    YES
 IR Intens:       46.428                135.822                  1.208
 Raman Active:       YES                    YES                    YES
               X      Y      Z        X      Y      Z        X      Y      Z
 C          0.229  0.010  0.045   -0.002  0.088 -0.013    0.003 -0.211  0.031
 O         -0.052 -0.031 -0.209    0.002 -0.093  0.014   -0.001  0.034 -0.005
 O         -0.141  0.031  0.233    0.001 -0.045  0.006   -0.001  0.056 -0.008
 H          0.241 -0.004 -0.055   -0.003  0.184 -0.027   -0.016  0.954 -0.138
 H          0.092 -0.121 -0.859   -0.016  0.963 -0.139   -0.002  0.142 -0.021
 TransDip   0.192 -0.011 -0.103   -0.006  0.369 -0.053   -0.001  0.035 -0.005

 Mode:                 4                      5                      6
 Frequency:      1138.93                1312.64                1394.69
 Force Cnst:      2.3885                 1.8174                 1.3152
 Red. Mass:       3.1252                 1.7902                 1.1476
 IR Active:          YES                    YES                    YES
 IR Intens:      226.324                 10.347                  4.629
 Raman Active:       YES                    YES                    YES
               X      Y      Z        X      Y      Z        X      Y      Z
 C          0.180 -0.016 -0.133    0.199 -0.015 -0.123    0.022 -0.002 -0.015
 O         -0.119  0.038  0.277   -0.096 -0.002 -0.004    0.038  0.005  0.031
 O         -0.037 -0.015 -0.101   -0.046  0.003  0.024   -0.053 -0.009 -0.059
 H          0.233 -0.069 -0.499    0.141  0.045  0.296   -0.125  0.132  0.924
 H          0.089 -0.103 -0.720   -0.258  0.121  0.862    0.100 -0.042 -0.302
 TransDip   0.265 -0.053 -0.399    0.092 -0.005 -0.045    0.067 -0.001 -0.017

 Mode:                 7                      8                      9
 Frequency:      1844.90                3033.69                3679.01
 Force Cnst:     16.4398                 5.9238                 8.4811
 Red. Mass:       8.1978                 1.0925                 1.0635
 IR Active:          YES                    YES                    YES
 IR Intens:      324.469                 55.833                 46.923
 Raman Active:       YES                    YES                    YES
               X      Y      Z        X      Y      Z        X      Y      Z
 C          0.233  0.088  0.584   -0.086 -0.004 -0.018   -0.004 -0.000 -0.000
 O         -0.012 -0.010 -0.065    0.001  0.000  0.001   -0.060 -0.003 -0.011
 O         -0.186 -0.058 -0.377    0.002  0.001  0.004    0.000 -0.000 -0.001
 H          0.452 -0.033 -0.281    0.984  0.038  0.151    0.016  0.001  0.006
 H         -0.089  0.048  0.344   -0.018 -0.002 -0.013    0.979  0.043  0.188
 TransDip   0.048  0.083  0.569   -0.234 -0.011 -0.049    0.219  0.002 -0.012

 ======================================================================
                     VIBRATIONAL ANHARMONIC ANALYSIS                   
                     -------------------------------                   
 WARNING! Low frequency modes less than  300 are treated as rotation
 No anharmonic shift applied, please see IGNORE_LOW_FREQ for more details.
 WARNING! THESE RESULTS ARE CALCULATED WTIHOUT Eta_ijk AND Eta_ijkl
                                                                       
 TOSH[ 1]   628.82    VPT2[ 1]   627.78
 TOSH[ 2]   661.26    VPT2[ 2]   661.26
 TOSH[ 3]  1021.48    VPT2[ 3]  1021.48
 TOSH[ 4]  1119.80    VPT2[ 4]  1118.76
 TOSH[ 5]  1286.36    VPT2[ 5]  1269.77
 TOSH[ 6]  1365.25    VPT2[ 6]  1254.71
 TOSH[ 7]  1815.32    VPT2[ 7]  1813.45
 TOSH[ 8]  2844.18    VPT2[ 8]  2872.12
 TOSH[ 9]  3401.96    VPT2[ 9]  3445.28

 ======================================================================

 STANDARD THERMODYNAMIC QUANTITIES AT   298.15 K  AND     1.00 ATM

   This Molecule has  0 Imaginary Frequencies
   Zero point vibrational energy:       21.128 kcal/mol

   Atom    1 Element C  Has Mass   12.00000
   Atom    2 Element O  Has Mass   15.99491
   Atom    3 Element O  Has Mass   15.99491
   Atom    4 Element H  Has Mass    1.00783
   Atom    5 Element H  Has Mass    1.00783
   Molecular Mass:    46.005480 amu
   Principal axes and moments of inertia in amu*Bohr^2:
                             1           2           3
    Eigenvalues --       23.40373   150.25043   173.65416
          X              -0.10056     0.99480    -0.01613
          Y               0.14078     0.03028     0.98958
          Z               0.98492     0.09724    -0.14309
   Rotational Symmetry Number is   1
   The Molecule is an Asymmetric Top
   Translational Enthalpy:        0.889 kcal/mol
   Rotational Enthalpy:           0.889 kcal/mol
   Vibrational Enthalpy:         21.334 kcal/mol
   gas constant (RT):             0.592 kcal/mol
   Translational Entropy:        37.404  cal/mol.K
   Rotational Entropy:           21.040  cal/mol.K
   Vibrational Entropy:           0.887  cal/mol.K

   Total Enthalpy:               23.704 kcal/mol
   Total Entropy:                59.330  cal/mol.K

 ======================================================================

 STANDARD THERMODYNAMIC QUANTITIES FOR ANHARMONIC VIBRATION -- TOSH

   Zero point vibrational energy:       20.220 kcal/mol

   Vibrational Enthalpy:         20.442 kcal/mol
   Vibrational Entropy:           0.954  cal/mol.K

   Total Enthalpy:               22.812 kcal/mol
   Total Entropy:                59.397  cal/mol.K

 ======================================================================

 STANDARD THERMODYNAMIC QUANTITIES FOR ANHARMONIC VIBRATION -- VPT2

   Zero point vibrational energy:       20.135 kcal/mol

   Vibrational Enthalpy:         20.360 kcal/mol
   Vibrational Entropy:           0.970  cal/mol.K

   Total Enthalpy:               22.730 kcal/mol
   Total Entropy:                59.414  cal/mol.K

 ======================================================================

 Total job time:  162.71s(wall), 1329.43s(cpu) 
 Sun Mar  1 17:04:06 2026

        *************************************************************
        *                                                           *
        *  Thank you very much for using Q-Chem.  Have a nice day.  *
        *                                                           *
        *************************************************************


