                  Welcome to Q-Chem
     A Quantum Leap Into The Future Of Chemistry


 Q-Chem 6.3 (devel), Q-Chem, Inc., Pleasanton, CA (2025)

 E. Epifanovsky,  A. T. B. Gilbert,  Xintian Feng,  Joonho Lee,  Yuezhi Mao,  
 N. Mardirossian,  P. Pokhilko,  A. White,  M. Wormit,  M. P. Coons,  
 A. L. Dempwolff,  Zhengting Gan,  D. Hait,  P. R. Horn,  L. D. Jacobson,  
 I. Kaliman,  J. Kussmann,  A. W. Lange,  Ka Un Lao,  D. S. Levine,  Jie Liu,  
 S. C. McKenzie,  A. F. Morrison,  K. D. Nanda,  F. Plasser,  D. R. Rehn,  
 M. L. Vidal,  Zhi-Qiang You,  Ying Zhu,  Huseyin Aksu,  B. Alam,  
 B. Albrecht,  A. Aldossary,  E. Alguire,  J. H. Andersen,  
 J. E. Arias-Martinez,  V. Athavale,  F. Ballesteros,  D. Barton,  K. Begam,  
 A. Behn,  N. Bellonzi,  Y. A. Bernard,  E. J. Berquist,  H. Burton,  
 S. Camps,  A. Carreras,  K. Carter-Fenk,  Mathew Chow,  Romit Chakraborty,  
 Chandrima Chakravarty,  Junhan Chen,  A. D. Chien,  K. D. Closser,  
 V. Cofer-Shabica,  L. Cunha,  S. Dasgupta,  Jia Deng,  Joseph Dickinson,  
 M. de Wergifosse,  M. Diedenhofen,  L. B. Dittmer,  Hainam Do,  Wenjie Dou,  
 S. Ehlert,  Po-Tung Fang,  S. Fatehi,  Qingguo Feng,  Jonathan Fetherolf,  
 T. Friedhoff,  Thomas Froitzheim,  Sarai Folkestad,  B. Ganoe,  J. Gayvert,  
 Qinghui Ge,  G. Gidofalvi,  M. Gimferrer,  G. Giudetti,  M. Goldey,  
 Montgomery Gray,  J. Gomes,  C. Gonzalez-Espinoza,  S. Gulania,  A. Gunina,  
 J. A. Gyamfi,  M. W. D. Hanson-Heine,  P. H. P. Harbach,  A. W. Hauser,  
 M. F. Herbst,  M. Hernandez Vera,  M. Hodecker,  Z. C. Holden,  S. Houck,  
 Xunkun Huang,  Kerwin Hui,  B. C. Huynh,  K. Ikeda,  M. Ivanov,  
 Nayanthara K. Jayadev,  Hyunjun Ji,  Zuxin Jin,  Hanjie Jiang,  
 Subrata Jana,  B. Kaduk,  S. Kaehler,  R. Kang,  Richard Kang,  
 K. Khistyaev,  Jaehoon Kim,  Yongbin Kim,  P. Klunzinger,  Z. Koczor-Benda,  
 Joong Hoon Koh,  D. Kosenkov,  Saikiran Kotaru,  L. Koulias,  T. Kowalczyk,  
 C. M. Krauter,  K. Kue,  A. Kunitsa,  T. Kus,  A. Landau,  C. W. Lander,  
 K. V. Lawler,  D. Lefrancois,  S. Lehtola,  Rain Li,  Shaozhi Li,  
 Tao E. Li,  Yi-Pei Li,  Jiashu Liang,  M. Liebenthal,  Hung-Hsuan Lin,  
 You-Sheng Lin,  Fenglai Liu,  Kuan-Yu Liu,  Xiao Liu,  M. Loipersberger,  
 A. Luenser,  C. Malbon,  Aniket Mandal,  Manisha,  A. Manjanath,  
 P. Manohar,  E. Mansoor,  S. F. Manzer,  Shan-Ping Mao,  A. V. Marenich,  
 T. Markovich,  S. Mason,  F. Matz,  S. A. Maurer,  Samuel May,  
 Alexandra McIsaac,  P. F. McLaughlin,  M. F. S. J. Menger,  J.-M. Mewes,  
 S. A. Mewes,  R. E. Moorby,  P. Morgante,  Mohammad Mostafanejad,  
 Madhubani Mukherjee,  J. W. Mullinax,  Quyen Nguyen,  Avik Kumar Ojha,  
 K. J. Oosterbaan,  Eno Paenurk,  Xiaoliang Pan,  G. Paran,  V. Parravicini,  
 R. L. Patterson,  Alexander C. Paul,  Suranjan K. Paul,  F. Pavosevic,  
 Zheng Pei,  P. Pokhilko,  S. Prager,  E. I. Proynov,  E. Ramos,  B. Rana,  
 A. E. Rask,  A. Rettig,  R. M. Richard,  F. Rob,  E. Rossomme,  S. Roy,  
 T. Scheele,  M. Scheurer,  M. Schneider,  P. E. Schneider,  Tim K. Schramm,  
 N. Sergueev,  S. M. Sharada,  Hengyuan Shen,  W. Skomorowski,  D. W. Small,  
 C. J. Stein,  Alistair J. Sterling,  Yingli Su,  Yu-Chuan Su,  
 E. J. Sundstrom,  J. Talbot,  J. A. Tan,  Zhen Tao,  Hung-Hsuan Teh,  
 J. Thirman,  C. Titeca,  N. Tkachenko,  Hung-Yi Tsai,  T. Tsuchimochi,  
 N. M. Tubman,  C. Utku,  S. P. Veccham,  O. Vydrov,  Z. Wang,  Rahel Weiss,  
 J. Wenzel,  Jonathan Wong,  J. Witte,  H. Wu,  Yanze Wu,  A. Yamada,  
 Chou-Hsun Yang,  Kun Yao,  S. Yeganeh,  S. R. Yost,  Qi Yu,  A. Zech,  
 F. Zeller,  Chongxiao Zhao,  T. Zhao,  Igor Ying Zhang,  Xing Zhang,  
 Yu Zhang,  D. Zuev,  A. Aspuru-Guzik,  A. T. Bell,  N. A. Besley,  
 K. B. Bravaya,  B. R. Brooks,  D. Casanova,  Jeng-Da Chai,  Hsing-Ta Chen,  
 S. Coriani,  C. J. Cramer,  A. E. DePrince, III,  R. A. DiStasio Jr.,  
 A. Dreuw,  B. D. Dunietz,  T. R. Furlani,  W. A. Goddard III,  S. Grimme,  
 S. Hammes-Schiffer,  T. Head-Gordon,  W. J. Hehre,  Chao-Ping Hsu,  
 T.-C. Jagau,  Yousung Jung,  A. Klamt,  Jing Kong,  D. S. Lambrecht,  
 Xiangyuan Li,  WanZhen Liang,  N. J. Mayhall,  C. W. McCurdy,  J. B. Neaton,  
 T. Neudecker,  C. Ochsenfeld,  J. A. Parkhill,  R. Peverati,  
 V. A. Rassolov,  Haisheng Ren,  Yihan Shao,  L. V. Slipchenko,  
 R. P. Steele,  J. E. Subotnik,  A. J. W. Thom,  A. Tkatchenko,  
 D. G. Truhlar,  T. Van Voorhis,  Fan Wang,  T. A. Wesolowski,  K. B. Whaley,  
 H. L. Woodcock III,  P. M. Zimmerman,  S. Faraji,  P. M. W. Gill,  
 M. Head-Gordon,  J. M. Herbert,  A. I. Krylov

 Contributors to earlier versions of Q-Chem not listed above: 
 R. D. Adamson,  B. Austin,  R. Baer,  J. Baker,  G. J. O. Beran,  
 K. Brandhorst,  S. T. Brown,  E. F. C. Byrd,  Arup K. Chakraborty,  
 G. K. L. Chan,  Chun-Min Chang,  Yunqing Chen,  C.-L. Cheng,  
 Siu Hung Chien,  D. M. Chipman,  D. L. Crittenden,  H. Dachsel,  
 R. J. Doerksen,  A. D. Dutoi,  R. G. Edgar,  J. Fosso-Tande,  
 L. Fusti-Molnar,  D. Ghosh,  A. Ghysels,  A. Golubeva-Zadorozhnaya,  
 J. Gonthier,  M. S. Gordon,  S. R. Gwaltney,  G. Hawkins,  J. E. Herr,  
 A. Heyden,  S. Hirata,  E. G. Hohenstein,  G. Kedziora,  F. J. Keil,  
 C. Kelley,  Jihan Kim,  R. A. King,  R. Z. Khaliullin,  P. P. Korambath,  
 W. Kurlancheek,  A. Laurent,  A. M. Lee,  M. S. Lee,  S. V. Levchenko,  
 Ching Yeh Lin,  D. Liotard,  E. Livshits,  R. C. Lochan,  I. Lotan,  
 L. A. Martinez-Martinez,  P. E. Maslen,  N. Nair,  D. P. O'Neill,  
 D. Neuhauser,  E. Neuscamman,  C. M. Oana,  R. Olivares-Amaya,  R. Olson,  
 T. M. Perrine,  B. Peters,  P. A. Pieniazek,  A. Prociuk,  Y. M. Rhee,  
 J. Ritchie,  M. A. Rohrdanz,  E. Rosta,  N. J. Russ,  H. F. Schaefer III,  
 M. W. Schmidt,  N. E. Schultz,  S. Sharma,  N. Shenvi,  C. D. Sherrill,  
 A. C. Simmonett,  A. Sodt,  T. Stein,  D. Stuck,  K. S. Thanthiriwatte,  
 V. Vanovschi,  L. Vogt,  Tao Wang,  A. Warshel,  M. A. Watson,  
 C. F. Williams,  Q. Wu,  X. Xu,  Jun Yang,  W. Zhang,  Yan Zhao

   Please cite Q-Chem as follows:
  "Software for the frontiers of quantum chemistry:
   An overview of developments in the Q-Chem 5 package"
   J. Chem. Phys. 155, 084801 (2021)
   https://doi.org/10.1063/5.0055522 (open access)

 Q-Chem 6.3.0 for Intel X86 EM64T Linux

 Parts of Q-Chem use Armadillo 12.8.2 (Cortisol Injector).
 http://arma.sourceforge.net/

 Q-Chem begins on Sun Mar  1 17:00:50 2026  

 Host: della-h14n8
0

 Scratch files written to /scratch/gpfs/SHS/nb2617/nb2617/scratch/qchem1951215//
 Executable: /scratch/gpfs/SHS/nb2617/nb2617/project/qchem/exe/qcprog.exe
 Number of threads = 16
 Processing $rem in /scratch/gpfs/SHS/nb2617/nb2617/project/qchem/config/preferences:
 Processing $rem in /home/nb2617/.qchemrc:
 User has disabled the Standard Nuclear Orientation.  Turning symmetry off.

 Checking the input file for inconsistencies... 	...done.

--------------------------------------------------------------
User input:
--------------------------------------------------------------
$molecule
0 1
O          2.82406        0.57006        3.62409
C          1.62886        0.51645        3.38811
H          1.20222        1.13520        2.60639
H          0.99262       -0.14996        3.95998
$end

$rem
jobtype = opt
NO_REORIENT    TRUE

method = B3LYP
basis = cc-pVDZ
! DFT_D D3_BJ
XC_GRID              	= 000099000590
NL_GRID              	= 000099000590
SCF_ALGORITHM GDM
THRESH 14
SCF_CONVERGENCE 10
max_scf_cycles 500
VIBMAN_PRINT = 7
GEOM_OPT_PRINT = 7
GEOM_OPT_DRIVER = OPTIMIZE


MEM_TOTAL 30000

GEOM_OPT_TOL_GRADIENT 1
GEOM_OPT_TOL_DISPLACEMENT 1
GEOM_OPT_TOL_ENERGY 1
$end
--------------------------------------------------------------
 ----------------------------------------------------------------
             Standard Nuclear Orientation (Angstroms)
    I     Atom           X                Y                Z
 ----------------------------------------------------------------
    1      O       2.8240600000     0.5700600000     3.6240900000
    2      C       1.6288600000     0.5164500000     3.3881100000
    3      H       1.2022200000     1.1352000000     2.6063900000
    4      H       0.9926200000    -0.1499600000     3.9599800000
 ----------------------------------------------------------------
 Nuclear Repulsion Energy =          31.20814896 hartrees
 There are        8 alpha and        8 beta electrons
 Requested basis set is cc-pVDZ
 There are 18 shells and 38 basis functions

 Total QAlloc Memory Limit  30000 MB
 Mega-Array Size       188 MB
 MEM_STATIC part       192 MB

 A cutoff of  1.0D-14 yielded    171 shell pairs
 There are       779 function pairs (       868 Cartesian)
 Smallest overlap matrix eigenvalue = 1.88E-02

 Scale SEOQF with 1.000000e-01/1.000000e+00/1.000000e-01

 Standard Electronic Orientation quadrupole field applied
 Nucleus-field energy     =    -0.0000000142 hartrees
 Guess from superposition of atomic densities
 Warning:  Energy on first SCF cycle will be non-variational
 SAD guess density has 16.000000 electrons

 -----------------------------------------------------------------------
  General SCF calculation program by
  Eric Jon Sundstrom, Paul Horn, Yuezhi Mao, Dmitri Zuev, Alec White,
  David Stuck, Shaama M.S., Shane Yost, Joonho Lee, David Small,
  Daniel Levine, Susi Lehtola, Hugh Burton, Evgeny Epifanovsky,
  Bang C. Huynh
 -----------------------------------------------------------------------
 Exchange:     0.2000 Hartree-Fock + 0.0800 Slater + 0.7200 B88
 Correlation:  0.1900 VWN1RPA + 0.8100 LYP
 Using Euler-Maclaurin-Lebedev (99,590) quadrature formula
Added inc_jk
Added qchem_hcore
Added xc
Added P-dependent contribution
 using 16 threads for integral computing
 -------------------------------------------------------
 OpenMP Integral computing Module                
 Release: version 1.0, May 2013, Q-Chem Inc. Pittsburgh 
 -------------------------------------------------------
 A restricted SCF calculation will be
 performed using Roothaan-Hall, GDM
 SCF converges when RMS gradient is below 1.0e-10
 User-specified cutoff of 10e-14
 used for neglect of 2-electron integrals.
 A cutoff of 10e-14
 used for neglect of overlap integrals.
 Incremental Fock algorithm is on at the start.
 ---------------------------------------
  Cycle       Energy         DIIS error
 ---------------------------------------
    1    -114.6814499048      1.14e-01  Roothaan Step
 ---------------------------------------
  Cycle       Energy        RMS Gradient
 ---------------------------------------
    1    -114.4542292857      2.87e-01   Descent step
    2    -114.3261282066      6.55e-01  Line search: overstep
    3    -114.4990471427      6.32e-02   Normal BFGS step
    4    -114.5038498123      2.09e-02   Normal BFGS step
    5    -114.5054081943      1.05e-02   Normal BFGS step
    6    -114.5055032533      1.94e-03   Normal BFGS step
    7    -114.5055070732      7.03e-05   Normal BFGS step
    8    -114.5055071110      3.09e-05   Normal BFGS step
    9    -114.5055071122      2.83e-06   Normal BFGS step
   10    -114.5055071122      2.31e-07   Normal BFGS step
   11    -114.5055071122      3.22e-08   Normal BFGS step
   12    -114.5055071122      7.99e-09   Normal BFGS step
   13    -114.5055071122      2.10e-09   Normal BFGS step
   14    -114.5055071122      1.53e-09   Normal BFGS step
   15    -114.5055071122      1.76e-09   Normal BFGS step
   16    -114.5055071122      4.49e-11  Convergence criterion met
 ---------------------------------------
 SCF time:   CPU 8.87s  wall 1.00s 
 SCF   energy =  -114.50550711
 Total energy =  -114.50550711
 Integrated density by DFT XC:
   Number of electrons = 16
   Numerical integral  =    15.999999990161
   Relative error      =     0.0000000615 %

 --------------------------------------------------------------

                    Orbital Energies (a.u.)
 --------------------------------------------------------------

 Alpha MOs
 -- Occupied --
-19.1554 -10.2833  -1.0522  -0.6397  -0.5013  -0.4431  -0.3931  -0.2653
 -- Virtual --
 -0.0467   0.0717   0.1341   0.2080   0.4520   0.4569   0.5613   0.6057
  0.6157   0.7694   0.8778   0.9239   0.9832   1.0577   1.1721   1.4149
  1.4293   1.5632   1.6641   1.6936   1.7033   1.7697   2.2437   2.3542
  2.4279   2.6787   2.8354   3.0194   3.3250   3.4042
 --------------------------------------------------------------

          Ground-State Mulliken Net Atomic Charges

     Atom                 Charge (a.u.)
  ----------------------------------------
      1 O                    -0.200069
      2 C                     0.185223
      3 H                     0.007423
      4 H                     0.007422
  ----------------------------------------
  Sum of atomic charges =     0.000000

 -----------------------------------------------------------------
                    Cartesian Multipole Moments
 -----------------------------------------------------------------
    Charge (ESU x 10^10)
                -0.0000
    Dipole Moment (Debye)
         X      -2.1285      Y      -0.0955      Z      -0.4202
       Tot       2.1717
    Quadrupole Moments (Debye-Ang)
        XX     -21.0713     XY      -1.3779     YY     -11.4781
        XZ      -8.4415     YZ      -0.5692     ZZ     -14.3287
    Octopole Moments (Debye-Ang^2)
       XXX    -105.4227    XXY     -12.0768    XYY     -24.9328
       YYY     -18.4514    XXZ     -75.9473    XYZ      -4.9729
       YYZ     -40.0858    XZZ     -57.1692    YZZ      -8.7803
       ZZZ    -134.5001
    Hexadecapole Moments (Debye-Ang^3)
      XXXX    -449.2873   XXXY     -60.2638   XXYY     -66.9361
      XYYY     -40.4217   YYYY     -33.5834   XXXZ    -376.5937
      XXYZ     -41.1719   XYYZ     -87.6397   YYYZ     -62.3339
      XXZZ    -334.1820   XYZZ     -30.9564   YYZZ    -147.7381
      XZZZ    -382.9809   YZZZ     -73.1907   ZZZZ    -917.2668
 -----------------------------------------------------------------
 Calculating analytic gradient of the SCF energy
Added xc
 Gradient of SCF Energy
            1           2           3           4
    1   0.0149119  -0.0458103   0.0138037   0.0170947
    2   0.0006690  -0.0020599  -0.0093845   0.0107754
    3   0.0029449  -0.0090422   0.0136645  -0.0075673
 Max gradient component =       4.581E-02
 RMS gradient           =       1.670E-02
 Gradient time:  CPU 1.09 s  wall 1.73 s
 Geometry Optimization Parameters
   NAtoms,    NIC,     NZ,  NCons,   NDum,   NFix, NCnnct, MaxDiis
        4      17       0       0       0       0       0       0

 Rotation Matrix is:


     1.000000    0.000000    0.000000
     0.000000    1.000000    0.000000
     0.000000    0.000000    1.000000


** GEOMETRY OPTIMIZATION IN DELOCALIZED INTERNAL COORDINATES **
   Searching for a Minimum

   Optimization Cycle:   1

                       Coordinates (Angstroms)
     ATOM                X               Y               Z
      1  O         2.8240600000    0.5700600000    3.6240900000
      2  C         1.6288600000    0.5164500000    3.3881100000
      3  H         1.2022200000    1.1352000000    2.6063900000
      4  H         0.9926200000   -0.1499600000    3.9599800000
   Point Group: c1    Number of degrees of freedom:     6


   Energy is   -114.505507112


                       Cartesian Gradient (au)
     ATOM              X           Y           Z
    1  O           0.014912    0.000669    0.002945
    2  C          -0.045810   -0.002060   -0.009042
    3  H           0.013804   -0.009385    0.013665
    4  H           0.017095    0.010775   -0.007567

 Attempting to generate delocalized internal coordinates
 Generating Primitive Internal Coordinates
 Primitive Stretches:
         2    1
         3    2
         4    2
 There are      3 Stretches
 Primitive Bends:
         3    2    1
         4    2    1
         3    2    4
 There are      3 Bends
 There are      0 Torsions
 There are      6 Primitive Internals
  CALCULATING B-MATRIX COLUMN:           1
  CALCULATING B-MATRIX COLUMN:           2
  CALCULATING B-MATRIX COLUMN:           3
  CALCULATING B-MATRIX COLUMN:           4
  CALCULATING B-MATRIX COLUMN:           5
  CALCULATING B-MATRIX COLUMN:           6

      B-Matrix



     0.980112    0.000000    0.000000   -0.048427    0.048428    0.000000
     0.043962    0.000000    0.000000   -0.296925    0.296920    0.000000
     0.193513    0.000000    0.000000    0.312730   -0.312734    0.000000
    -0.980112    0.393428    0.586717    0.489853    0.338543   -0.828399
    -0.043962   -0.570583    0.614539    0.482459   -0.445295   -0.037149
    -0.193513    0.720867   -0.527357   -0.406793    0.570359   -0.163552
     0.000000   -0.393428    0.000000   -0.441426    0.000000    0.441427
     0.000000    0.570583    0.000000   -0.185534    0.000000    0.185528
     0.000000   -0.720867    0.000000    0.094063    0.000000   -0.094068
     0.000000    0.000000   -0.586717    0.000000   -0.386971    0.386972
     0.000000    0.000000   -0.614539    0.000000    0.148374   -0.148380
     0.000000    0.000000    0.527357    0.000000   -0.257625    0.257620

 Generating Delocalized Internal Coordinates

      B*B(t) Matrix



     2.000000   -0.500017   -0.500014   -0.422601   -0.422606    0.845207
    -0.500017    2.000000   -0.499969   -0.375805    0.798423   -0.422618
    -0.500014   -0.499969    2.000000    0.798420   -0.375805   -0.422615
    -0.422601   -0.375805    0.798420    1.064641   -0.469328   -0.595312
    -0.422606    0.798423   -0.375805   -0.469328    1.064650   -0.595322
     0.845207   -0.422618   -0.422615   -0.595312   -0.595322    1.190634

   Eigenvalues of B*B(t):
     0.000000    0.747288    0.825853    1.000000    3.286654    3.460130

   Eigenvectors:


     0.000000    0.000015   -0.492921    0.577362   -0.000025    0.650909
     0.000000    0.393563    0.246482    0.577345   -0.587441   -0.325486
     0.000000   -0.393579    0.246454    0.577344    0.587467   -0.325443
     0.577350    0.587465   -0.325438   -0.000000    0.393580   -0.246447
     0.577350   -0.587442   -0.325477   -0.000000   -0.393562   -0.246479
     0.577350   -0.000023    0.650915   -0.000000   -0.000018    0.492926

 There are      1 Redundant primitive internals

  ***ERROR*** Wrong Number of Internal Coordinates
              Should be:   6  Found:   5
**WARNING** Problems with Internal Coordinates
  Switching to Cartesian Coordinates

 Vectors for Translations and Rotations


     0.500000    0.000000    0.000000    0.000005    0.135211   -0.067575
     0.000000    0.500000    0.000000   -0.000021   -0.599828   -0.414317
     0.000000    0.000000    0.500000   -0.000020   -0.548567    0.436377
     0.500000    0.000000    0.000000   -0.000001   -0.003851    0.001923
     0.000000    0.500000    0.000000   -0.000000    0.017074    0.011794
     0.000000    0.000000    0.500000    0.000003    0.015615   -0.012422
     0.500000    0.000000    0.000000    0.116025   -0.065684    0.502880
     0.000000    0.500000    0.000000   -0.514716    0.291395    0.222346
     0.000000    0.000000    0.500000   -0.470730    0.266493   -0.119173
     0.500000    0.000000    0.000000   -0.116030   -0.065676   -0.437228
     0.000000    0.500000    0.000000    0.514737    0.291359    0.180178
     0.000000    0.000000    0.500000    0.470747    0.266459   -0.304782

 The Projection Matrix


     0.727151    0.053106    0.103661   -0.249349   -0.001512   -0.002951
     0.053106    0.218547   -0.148247   -0.001514   -0.234872    0.004220
     0.103661   -0.148247    0.258649   -0.002952    0.004220   -0.236014
    -0.249349   -0.001514   -0.002952    0.749981    0.000043    0.000084
    -0.001512   -0.234872    0.004220    0.000043    0.749569   -0.000120
    -0.002951    0.004220   -0.236014    0.000084   -0.000120    0.749602
    -0.207137    0.168955   -0.255475   -0.251220   -0.004809    0.007272
    -0.024372    0.016898    0.062813    0.000694   -0.257598   -0.001786
    -0.044084    0.110465   -0.051816    0.001255   -0.003145   -0.255640
    -0.270665   -0.220548    0.154766   -0.249412    0.006278   -0.004405
    -0.027222   -0.000573    0.081215    0.000776   -0.257100   -0.002313
    -0.056626    0.033563    0.029181    0.001613   -0.000955   -0.257948


    -0.207137   -0.024372   -0.044084   -0.270665   -0.027222   -0.056626
     0.168955    0.016898    0.110465   -0.220548   -0.000573    0.033563
    -0.255475    0.062813   -0.051816    0.154766    0.081215    0.029181
    -0.251220    0.000694    0.001255   -0.249412    0.000776    0.001613
    -0.004809   -0.257598   -0.003145    0.006278   -0.257100   -0.000955
     0.007272   -0.001786   -0.255640   -0.004405   -0.002313   -0.257948
     0.479335   -0.032953    0.132051   -0.020978   -0.131193    0.116153
    -0.032953    0.350719   -0.293449    0.056631   -0.110019    0.232423
     0.132051   -0.293449    0.443193   -0.089222    0.186129   -0.135737
    -0.020978    0.056631   -0.089222    0.541056    0.157639   -0.061139
    -0.131193   -0.110019    0.186129    0.157639    0.367692   -0.265031
     0.116153    0.232423   -0.135737   -0.061139   -0.265031    0.364505

 Translations and Rotations Projected Out of Hessian

   Hessian Matrix after Projection


     0.727151    0.053106    0.103661   -0.249349   -0.001512   -0.002951
     0.053106    0.218547   -0.148247   -0.001514   -0.234872    0.004220
     0.103661   -0.148247    0.258649   -0.002952    0.004220   -0.236014
    -0.249349   -0.001514   -0.002952    0.749981    0.000043    0.000084
    -0.001512   -0.234872    0.004220    0.000043    0.749569   -0.000120
    -0.002951    0.004220   -0.236014    0.000084   -0.000120    0.749602
    -0.207137    0.168955   -0.255475   -0.251220   -0.004809    0.007272
    -0.024372    0.016898    0.062813    0.000694   -0.257598   -0.001786
    -0.044084    0.110465   -0.051816    0.001255   -0.003145   -0.255640
    -0.270665   -0.220548    0.154766   -0.249412    0.006278   -0.004405
    -0.027222   -0.000573    0.081215    0.000776   -0.257100   -0.002313
    -0.056626    0.033563    0.029181    0.001613   -0.000955   -0.257948


    -0.207137   -0.024372   -0.044084   -0.270665   -0.027222   -0.056626
     0.168955    0.016898    0.110465   -0.220548   -0.000573    0.033563
    -0.255475    0.062813   -0.051816    0.154766    0.081215    0.029181
    -0.251220    0.000694    0.001255   -0.249412    0.000776    0.001613
    -0.004809   -0.257598   -0.003145    0.006278   -0.257100   -0.000955
     0.007272   -0.001786   -0.255640   -0.004405   -0.002313   -0.257948
     0.479335   -0.032953    0.132051   -0.020978   -0.131193    0.116153
    -0.032953    0.350719   -0.293449    0.056631   -0.110019    0.232423
     0.132051   -0.293449    0.443193   -0.089222    0.186129   -0.135737
    -0.020978    0.056631   -0.089222    0.541056    0.157639   -0.061139
    -0.131193   -0.110019    0.186129    0.157639    0.367692   -0.265031
     0.116153    0.232423   -0.135737   -0.061139   -0.265031    0.364505

  6 Hessian modes will be used to form the next step
  Hessian Eigenvalues:
     1.000000    1.000000    1.000000    1.000000    1.000000    1.000000

  Hessian Eigenvectors:


    -0.029143    0.341985    0.580509   -0.093792    0.025369   -0.512754
     0.209094    0.092282   -0.037400    0.055592   -0.382249   -0.125329
    -0.102308   -0.292485    0.310983    0.048333    0.249607   -0.035840
    -0.479146   -0.443947   -0.434750    0.002671   -0.228438   -0.286554
    -0.138333    0.267224   -0.364357   -0.001582    0.700520   -0.188517
    -0.400599    0.494688   -0.121382   -0.427249   -0.254963    0.286574
     0.458512    0.297225   -0.294731    0.192388   -0.128496    0.200920
    -0.219279   -0.031783    0.237569    0.384970   -0.213438    0.226780
     0.502907   -0.202203   -0.189600   -0.224826    0.005356   -0.250734
     0.049777   -0.195262    0.148971   -0.101266    0.331564    0.598388
     0.148517   -0.327724    0.164188   -0.438980   -0.104832    0.087066
     0.000000   -0.000000    0.000000    0.603742   -0.000000    0.000000

 Minimum search - taking simple RFO step
 Searching for Lamda that Minimizes Along All modes
 Value Taken    Lamda =  -0.00333587
 Step Taken.  Stepsize is  0.057661


                      Coordinates and Displacements in Atomic Units
   ATOM            Current Value    Gradient  Displacement   New Value
  1  o         X       5.336700     0.014912    -0.014862     5.321838
               Y       1.077257     0.000669    -0.000667     1.076590
               Z       6.848538     0.002945    -0.002935     6.845602
  2  c         X       3.078099    -0.045810     0.045658     3.123757
               Y       0.975949    -0.002060     0.002053     0.978002
               Z       6.402600    -0.009042     0.009012     6.411612
  3  h         X       2.271867     0.013804    -0.013758     2.258109
               Y       2.145217    -0.009385     0.009353     2.154570
               Z       4.925363     0.013665    -0.013619     4.911744
  4  h         X       1.875780     0.017095    -0.017038     1.858742
               Y      -0.283383     0.010775    -0.010739    -0.294123
               Z       7.483278    -0.007567     0.007542     7.490820

                             Maximum     Tolerance    Cnvgd?
         Gradient           0.045810      0.000001      NO
         Displacement       0.045658      0.000001      NO
         Energy change     *********      0.000000      NO

 ----------------------------------------------------------------
             Standard Nuclear Orientation (Angstroms)
    I     Atom           X                Y                Z
 ----------------------------------------------------------------
    1      O       2.8161951713     0.5697070165     3.6225368200
    2      C       1.6530211487     0.5175364240     3.3928789954
    3      H       1.1949398041     1.1401495334     2.5991829952
    4      H       0.9836038759    -0.1556429740     3.9639711893
 ----------------------------------------------------------------
 Nuclear Repulsion Energy =          31.64688890 hartrees
 There are        8 alpha and        8 beta electrons
 Applying Cartesian multipole field
    Component          Value
    ---------          -----
     (2,0,0)        1.00000E-11
     (0,2,0)        2.00000E-10
     (0,0,2)       -3.00000E-11
 Nucleus-field energy     =    -0.0000000142 hartrees
 Requested basis set is cc-pVDZ
 There are 18 shells and 38 basis functions
 A cutoff of  1.0D-14 yielded    171 shell pairs
 There are       779 function pairs (       868 Cartesian)
 Smallest overlap matrix eigenvalue = 1.87E-02
 Guess MOs from SCF MO coefficient file

 -----------------------------------------------------------------------
  General SCF calculation program by
  Eric Jon Sundstrom, Paul Horn, Yuezhi Mao, Dmitri Zuev, Alec White,
  David Stuck, Shaama M.S., Shane Yost, Joonho Lee, David Small,
  Daniel Levine, Susi Lehtola, Hugh Burton, Evgeny Epifanovsky,
  Bang C. Huynh
 -----------------------------------------------------------------------
 Exchange:     0.2000 Hartree-Fock + 0.0800 Slater + 0.7200 B88
 Correlation:  0.1900 VWN1RPA + 0.8100 LYP
 Using Euler-Maclaurin-Lebedev (99,590) quadrature formula
Added inc_jk
Added qchem_hcore
Added xc
Added P-dependent contribution
 A restricted SCF calculation will be
 performed using GDM
 SCF converges when RMS gradient is below 1.0e-10
 User-specified cutoff of 10e-14
 used for neglect of 2-electron integrals.
 A cutoff of 10e-14
 used for neglect of overlap integrals.
 Incremental Fock algorithm is on at the start.
 ---------------------------------------
  Cycle       Energy        RMS Gradient
 ---------------------------------------
    1    -114.5055773554      1.27e-02   Normal BFGS step
    2    -114.5064477481      1.72e-02   Normal BFGS step
    3    -114.5063778574      1.90e-02  Line search: overstep
    4    -114.5066709319      2.79e-03   Normal BFGS step
    5    -114.5066995225      1.14e-03   Normal BFGS step
    6    -114.5067050712      4.17e-04   Normal BFGS step
    7    -114.5067056727      6.26e-05   Normal BFGS step
    8    -114.5067057138      6.96e-06   Normal BFGS step
    9    -114.5067057142      8.68e-07   Normal BFGS step
   10    -114.5067057142      1.50e-07   Normal BFGS step
   11    -114.5067057142      1.80e-08   Normal BFGS step
   12    -114.5067057142      8.16e-09   Normal BFGS step
   13    -114.5067057142      1.12e-08   Normal BFGS step
   14    -114.5067057142      1.53e-10   Normal BFGS step
   15    -114.5067057142      5.71e-11  Convergence criterion met
 ---------------------------------------
 SCF time:   CPU 7.48s  wall 1.00s 
 SCF   energy =  -114.50670571
 Total energy =  -114.50670571
 Integrated density by DFT XC:
   Number of electrons = 16
   Numerical integral  =    16.000000032042
   Relative error      =     0.0000002003 %

 --------------------------------------------------------------

                    Orbital Energies (a.u.)
 --------------------------------------------------------------

 Alpha MOs
 -- Occupied --
-19.1569 -10.2846  -1.0719  -0.6315  -0.4993  -0.4507  -0.4054  -0.2651
 -- Virtual --
 -0.0384   0.0686   0.1356   0.2118   0.4494   0.4596   0.5535   0.5922
  0.6518   0.7627   0.8701   0.9246   0.9815   1.0542   1.1753   1.4131
  1.4228   1.5681   1.6698   1.6855   1.6899   1.7398   2.2420   2.3270
  2.4092   2.6805   2.8240   3.0485   3.3489   3.4466
 --------------------------------------------------------------

          Ground-State Mulliken Net Atomic Charges

     Atom                 Charge (a.u.)
  ----------------------------------------
      1 O                    -0.170108
      2 C                     0.167436
      3 H                     0.001336
      4 H                     0.001336
  ----------------------------------------
  Sum of atomic charges =     0.000000

 -----------------------------------------------------------------
                    Cartesian Multipole Moments
 -----------------------------------------------------------------
    Charge (ESU x 10^10)
                -0.0000
    Dipole Moment (Debye)
         X      -1.9676      Y      -0.0882      Z      -0.3885
       Tot       2.0075
    Quadrupole Moments (Debye-Ang)
        XX     -20.4749     XY      -1.2942     YY     -11.5195
        XZ      -7.8223     YZ      -0.4430     ZZ     -14.1696
    Octopole Moments (Debye-Ang^2)
       XXX    -103.6409    XXY     -11.7685    XYY     -24.8890
       YYY     -18.5108    XXZ     -73.7702    XYZ      -4.5573
       YYZ     -40.1182    XZZ     -54.8292    YZZ      -8.0519
       ZZZ    -133.9269
    Hexadecapole Moments (Debye-Ang^3)
      XXXX    -443.7182   XXXY     -59.3171   XXYY     -66.5794
      XYYY     -40.4021   YYYY     -33.9655   XXXZ    -370.1515
      XXYZ     -39.9234   XYYZ     -87.3215   YYYZ     -62.2142
      XXZZ    -326.0889   XYZZ     -29.1496   YYZZ    -147.6475
      XZZZ    -374.0787   YZZZ     -69.5935   ZZZZ    -915.8665
 -----------------------------------------------------------------
 Calculating analytic gradient of the SCF energy
Added xc
 Gradient of SCF Energy
            1           2           3           4
    1  -0.0342272   0.0186288   0.0072833   0.0083150
    2  -0.0015353   0.0008346  -0.0028099   0.0035106
    3  -0.0067569   0.0036767   0.0048685  -0.0017883
 Max gradient component =       3.423E-02
 RMS gradient           =       1.208E-02
 Gradient time:  CPU 1.17 s  wall 0.24 s
 Geometry Optimization Parameters
   NAtoms,    NIC,     NZ,  NCons,   NDum,   NFix, NCnnct, MaxDiis
        4      17       0       0       0       0       0       0

 Rotation Matrix is:


     1.000000    0.000000    0.000000
     0.000000    1.000000    0.000000
     0.000000    0.000000    1.000000

 Cartesian Hessian Update
 Hessian updated using BFGS update


** GEOMETRY OPTIMIZATION IN CARTESIAN COORDINATES **
   Searching for a Minimum

   Optimization Cycle:   2

                       Coordinates (Angstroms)
     ATOM                X               Y               Z
      1  O         2.8161951713    0.5697070165    3.6225368200
      2  C         1.6530211487    0.5175364240    3.3928789954
      3  H         1.1949398041    1.1401495334    2.5991829952
      4  H         0.9836038759   -0.1556429740    3.9639711893
   Point Group: c1    Number of degrees of freedom:     6


   Energy is   -114.506705714


                       Cartesian Gradient (au)
     ATOM              X           Y           Z
    1  O          -0.034227   -0.001535   -0.006757
    2  C           0.018629    0.000835    0.003677
    3  H           0.007283   -0.002810    0.004868
    4  H           0.008315    0.003511   -0.001788

 Vectors for Translations and Rotations


     0.500000    0.000000    0.000000    0.000004    0.134320   -0.066869
     0.000000    0.500000    0.000000   -0.000015   -0.595874   -0.409988
     0.000000    0.000000    0.500000   -0.000015   -0.544951    0.431818
     0.500000    0.000000    0.000000   -0.000000   -0.001040    0.000517
     0.000000    0.500000    0.000000   -0.000002    0.004604    0.003168
     0.000000    0.000000    0.500000    0.000001    0.004211   -0.003337
     0.500000    0.000000    0.000000    0.116026   -0.066643    0.505362
     0.000000    0.500000    0.000000   -0.514718    0.295649    0.224589
     0.000000    0.000000    0.500000   -0.470731    0.270383   -0.121015
     0.500000    0.000000    0.000000   -0.116029   -0.066637   -0.439011
     0.000000    0.500000    0.000000    0.514735    0.295621    0.182231
     0.000000    0.000000    0.500000    0.470745    0.270357   -0.307467

 The Projection Matrix


     0.727487    0.052622    0.102073   -0.249826   -0.000407   -0.000789
     0.052622    0.226844   -0.147682   -0.000407   -0.245957    0.001141
     0.102073   -0.147682    0.266562   -0.000790    0.001141   -0.246265
    -0.249826   -0.000407   -0.000790    0.749999    0.000003    0.000006
    -0.000407   -0.245957    0.001141    0.000003    0.749969   -0.000009
    -0.000789    0.001141   -0.246265    0.000006   -0.000009    0.749971
    -0.207256    0.167483   -0.254540   -0.250331   -0.001294    0.001967
    -0.024691    0.018240    0.064125    0.000191   -0.252074   -0.000495
    -0.044408    0.111492   -0.050406    0.000344   -0.000862   -0.251542
    -0.270405   -0.219698    0.153257   -0.249842    0.001697   -0.001184
    -0.027524    0.000873    0.082416    0.000213   -0.251938   -0.000637
    -0.056876    0.035048    0.030108    0.000440   -0.000270   -0.252165


    -0.207256   -0.024691   -0.044408   -0.270405   -0.027524   -0.056876
     0.167483    0.018240    0.111492   -0.219698    0.000873    0.035048
    -0.254540    0.064125   -0.050406    0.153257    0.082416    0.030108
    -0.250331    0.000191    0.000344   -0.249842    0.000213    0.000440
    -0.001294   -0.252074   -0.000862    0.001697   -0.251938   -0.000270
     0.001967   -0.000495   -0.251542   -0.001184   -0.000637   -0.252165
     0.476706   -0.034076    0.133792   -0.019119   -0.132114    0.118781
    -0.034076    0.347217   -0.295053    0.058576   -0.113384    0.231424
     0.133792   -0.295053    0.440661   -0.089728    0.184424   -0.138713
    -0.019119    0.058576   -0.089728    0.539366    0.159425   -0.062345
    -0.132114   -0.113384    0.184424    0.159425    0.364448   -0.266202
     0.118781    0.231424   -0.138713   -0.062345   -0.266202    0.360770

 Translations and Rotations Projected Out of Hessian

   Hessian Matrix after Projection


     1.214212    0.074456    0.198166   -0.771121   -0.023812   -0.103680
     0.074456    0.227823   -0.143371   -0.023790   -0.247007   -0.003474
     0.198166   -0.143371    0.285534   -0.103702   -0.003479   -0.266577
    -0.771121   -0.023790   -0.103702    1.074249    0.014538    0.064003
    -0.023812   -0.247007   -0.003479    0.014538    0.750620    0.002860
    -0.103680   -0.003474   -0.266577    0.064003    0.002860    0.762602
    -0.195356    0.168016   -0.252194   -0.157655    0.002878    0.020260
    -0.056891    0.016797    0.057769   -0.031200   -0.253490   -0.006692
    -0.006269    0.113202   -0.042879    0.057522    0.001715   -0.240255
    -0.247734   -0.218683    0.157729   -0.145473    0.006397    0.019417
     0.006247    0.002387    0.089081    0.040452   -0.250123    0.007306
    -0.088217    0.033643    0.023922   -0.017823   -0.001095   -0.255770


    -0.195356   -0.056891   -0.006269   -0.247734    0.006247   -0.088217
     0.168016    0.016797    0.113202   -0.218683    0.002387    0.033643
    -0.252194    0.057769   -0.042879    0.157729    0.089081    0.023922
    -0.157655   -0.031200    0.057522   -0.145473    0.040452   -0.017823
     0.002878   -0.253490    0.001715    0.006397   -0.250123   -0.001095
     0.020260   -0.006692   -0.240255    0.019417    0.007306   -0.255770
     0.429518   -0.005193    0.090576   -0.076506   -0.165701    0.141358
    -0.005193    0.330807   -0.269988    0.093284   -0.094113    0.218910
     0.090576   -0.269988    0.402597   -0.141828    0.155071   -0.119464
    -0.076506    0.093284   -0.141828    0.469713    0.119002   -0.035318
    -0.165701   -0.094113    0.155071    0.119002    0.341849   -0.251458
     0.141358    0.218910   -0.119464   -0.035318   -0.251458    0.351312

  2 Hessian modes will be used to form the next step
  Hessian Eigenvalues:
     0.664230    1.976606

  Hessian Eigenvectors:


     0.367232    0.738072
     0.016464    0.033108
     0.072478    0.145712
     0.479596   -0.641170
     0.021623   -0.028773
     0.094670   -0.126550
    -0.384161   -0.049208
     0.221379   -0.006801
    -0.336787   -0.004702
    -0.462666   -0.047694
    -0.259466    0.002465
     0.169640   -0.014460

 Minimum search - taking simple RFO step
 Searching for Lamda that Minimizes Along All modes
 Value Taken    Lamda =  -0.00107775
 Step Taken.  Stepsize is  0.028893


                      Coordinates and Displacements in Atomic Units
   ATOM            Current Value    Gradient  Displacement   New Value
  1  o         X       5.321838    -0.034227     0.022400     5.344237
               Y       1.076590    -0.001535     0.001005     1.077595
               Z       6.845602    -0.006757     0.004422     6.850024
  2  c         X       3.123757     0.018629    -0.002768     3.120989
               Y       0.978002     0.000835    -0.000122     0.977880
               Z       6.411612     0.003677    -0.000546     6.411066
  3  h         X       2.258109     0.007283    -0.009011     2.249098
               Y       2.154570    -0.002810     0.004491     2.159062
               Z       4.911744     0.004868    -0.007133     4.904611
  4  h         X       1.858742     0.008315    -0.010621     1.848121
               Y      -0.294123     0.003511    -0.005374    -0.299496
               Z       7.490820    -0.001788     0.003257     7.494077

                             Maximum     Tolerance    Cnvgd?
         Gradient           0.034227      0.000001      NO
         Displacement       0.022400      0.000001      NO
         Energy change     -0.001199      0.000000      NO

 ----------------------------------------------------------------
             Standard Nuclear Orientation (Angstroms)
    I     Atom           X                Y                Z
 ----------------------------------------------------------------
    1      O       2.8280486619     0.5702386310     3.6248767229
    2      C       1.6515564224     0.5174718114     3.3925900057
    3      H       1.1901715538     1.1425261451     2.5954085561
    4      H       0.9779833619    -0.1584865876     3.9656947152
 ----------------------------------------------------------------
 Nuclear Repulsion Energy =          31.34057188 hartrees
 There are        8 alpha and        8 beta electrons
 Applying Cartesian multipole field
    Component          Value
    ---------          -----
     (2,0,0)        1.00000E-11
     (0,2,0)        2.00000E-10
     (0,0,2)       -3.00000E-11
 Nucleus-field energy     =    -0.0000000142 hartrees
 Requested basis set is cc-pVDZ
 There are 18 shells and 38 basis functions
 A cutoff of  1.0D-14 yielded    171 shell pairs
 There are       779 function pairs (       868 Cartesian)
 Smallest overlap matrix eigenvalue = 1.91E-02
 Guess MOs from SCF MO coefficient file

 -----------------------------------------------------------------------
  General SCF calculation program by
  Eric Jon Sundstrom, Paul Horn, Yuezhi Mao, Dmitri Zuev, Alec White,
  David Stuck, Shaama M.S., Shane Yost, Joonho Lee, David Small,
  Daniel Levine, Susi Lehtola, Hugh Burton, Evgeny Epifanovsky,
  Bang C. Huynh
 -----------------------------------------------------------------------
 Exchange:     0.2000 Hartree-Fock + 0.0800 Slater + 0.7200 B88
 Correlation:  0.1900 VWN1RPA + 0.8100 LYP
 Using Euler-Maclaurin-Lebedev (99,590) quadrature formula
Added inc_jk
Added qchem_hcore
Added xc
Added P-dependent contribution
 A restricted SCF calculation will be
 performed using GDM
 SCF converges when RMS gradient is below 1.0e-10
 User-specified cutoff of 10e-14
 used for neglect of 2-electron integrals.
 A cutoff of 10e-14
 used for neglect of overlap integrals.
 Incremental Fock algorithm is on at the start.
 ---------------------------------------
  Cycle       Energy        RMS Gradient
 ---------------------------------------
    1    -114.5072782294      4.12e-03   Normal BFGS step
    2    -114.5073909585      2.21e-03   Normal BFGS step
    3    -114.5073992141      2.88e-03   Normal BFGS step
    4    -114.5074038777      1.88e-03   Normal BFGS step
    5    -114.5074061920      4.71e-04   Normal BFGS step
    6    -114.5074070749      1.10e-04   Normal BFGS step
    7    -114.5074070937      1.82e-05   Normal BFGS step
    8    -114.5074070941      9.08e-07   Normal BFGS step
    9    -114.5074070941      2.26e-07   Normal BFGS step
   10    -114.5074070941      1.04e-08   Normal BFGS step
   11    -114.5074070941      2.50e-09   Normal BFGS step
   12    -114.5074070941      1.21e-09   Normal BFGS step
   13    -114.5074070941      7.34e-10   Normal BFGS step
   14    -114.5074070941      5.12e-11  Convergence criterion met
 ---------------------------------------
 SCF time:   CPU 7.03s  wall 1.00s 
 SCF   energy =  -114.50740709
 Total energy =  -114.50740709
 Integrated density by DFT XC:
   Number of electrons = 16
   Numerical integral  =    16.000000024758
   Relative error      =     0.0000001547 %

 --------------------------------------------------------------

                    Orbital Energies (a.u.)
 --------------------------------------------------------------

 Alpha MOs
 -- Occupied --
-19.1581 -10.2873  -1.0646  -0.6322  -0.4960  -0.4488  -0.4011  -0.2660
 -- Virtual --
 -0.0424   0.0668   0.1337   0.2098   0.4500   0.4573   0.5489   0.5910
  0.6364   0.7612   0.8720   0.9241   0.9808   1.0547   1.1707   1.4106
  1.4198   1.5539   1.6646   1.6733   1.6894   1.7377   2.2296   2.3142
  2.3995   2.6754   2.8085   3.0360   3.3301   3.4270
 --------------------------------------------------------------

          Ground-State Mulliken Net Atomic Charges

     Atom                 Charge (a.u.)
  ----------------------------------------
      1 O                    -0.179366
      2 C                     0.165227
      3 H                     0.007070
      4 H                     0.007069
  ----------------------------------------
  Sum of atomic charges =     0.000000

 -----------------------------------------------------------------
                    Cartesian Multipole Moments
 -----------------------------------------------------------------
    Charge (ESU x 10^10)
                 0.0000
    Dipole Moment (Debye)
         X      -2.0194      Y      -0.0906      Z      -0.3987
       Tot       2.0604
    Quadrupole Moments (Debye-Ang)
        XX     -20.6940     XY      -1.3212     YY     -11.5429
        XZ      -8.0200     YZ      -0.4814     ZZ     -14.2576
    Octopole Moments (Debye-Ang^2)
       XXX    -104.5684    XXY     -11.8900    XYY     -25.0306
       YYY     -18.5577    XXZ     -74.5744    XYZ      -4.6760
       YYZ     -40.2422    XZZ     -55.7002    YZZ      -8.2889
       ZZZ    -134.5257
    Hexadecapole Moments (Debye-Ang^3)
      XXXX    -448.2653   XXXY     -59.8678   XXYY     -67.1822
      XYYY     -40.6448   YYYY     -34.0845   XXXZ    -373.5780
      XXYZ     -40.3609   XYYZ     -87.8828   YYYZ     -62.4425
      XXZZ    -329.5716   XYZZ     -29.7059   YYZZ    -148.2307
      XZZZ    -378.3262   YZZZ     -70.8265   ZZZZ    -919.6022
 -----------------------------------------------------------------
 Calculating analytic gradient of the SCF energy
Added xc
 Gradient of SCF Energy
            1           2           3           4
    1  -0.0091691  -0.0008422   0.0048389   0.0051723
    2  -0.0004114  -0.0000378  -0.0007967   0.0012459
    3  -0.0018094  -0.0001683   0.0020645  -0.0000868
 Max gradient component =       9.169E-03
 RMS gradient           =       3.475E-03
 Gradient time:  CPU 1.00 s  wall 0.21 s
 Geometry Optimization Parameters
   NAtoms,    NIC,     NZ,  NCons,   NDum,   NFix, NCnnct, MaxDiis
        4      17       0       0       0       0       0       0

 Rotation Matrix is:


     1.000000    0.000000    0.000000
     0.000000    1.000000    0.000000
     0.000000    0.000000    1.000000

 Cartesian Hessian Update
 Hessian updated using BFGS update


** GEOMETRY OPTIMIZATION IN CARTESIAN COORDINATES **
   Searching for a Minimum

   Optimization Cycle:   3

                       Coordinates (Angstroms)
     ATOM                X               Y               Z
      1  O         2.8280486619    0.5702386310    3.6248767229
      2  C         1.6515564224    0.5174718114    3.3925900057
      3  H         1.1901715538    1.1425261451    2.5954085561
      4  H         0.9779833619   -0.1584865876    3.9656947152
   Point Group: c1    Number of degrees of freedom:     6


   Energy is   -114.507407094


                       Cartesian Gradient (au)
     ATOM              X           Y           Z
    1  O          -0.009169   -0.000411   -0.001809
    2  C          -0.000842   -0.000038   -0.000168
    3  H           0.004839   -0.000797    0.002065
    4  H           0.005172    0.001246   -0.000087

 Vectors for Translations and Rotations


     0.500000    0.000000    0.000000    0.000003    0.134371   -0.067075
     0.000000    0.500000    0.000000   -0.000011   -0.596103   -0.411251
     0.000000    0.000000    0.500000   -0.000011   -0.545160    0.433147
     0.500000    0.000000    0.000000    0.000000   -0.001198    0.000598
     0.000000    0.500000    0.000000   -0.000002    0.005308    0.003662
     0.000000    0.000000    0.500000    0.000000    0.004854   -0.003857
     0.500000    0.000000    0.000000    0.116026   -0.066589    0.503953
     0.000000    0.500000    0.000000   -0.514720    0.295407    0.224907
     0.000000    0.000000    0.500000   -0.470733    0.270162   -0.121710
     0.500000    0.000000    0.000000   -0.116029   -0.066585   -0.437476
     0.000000    0.500000    0.000000    0.514733    0.295388    0.182681
     0.000000    0.000000    0.500000    0.470743    0.270144   -0.307581

 The Projection Matrix


     0.727445    0.052515    0.102307   -0.249799   -0.000468   -0.000911
     0.052515    0.225534   -0.146840   -0.000468   -0.245330    0.001308
     0.102307   -0.146840    0.265183   -0.000912    0.001308   -0.245683
    -0.249799   -0.000468   -0.000912    0.749998    0.000004    0.000008
    -0.000468   -0.245330    0.001308    0.000004    0.749958   -0.000012
    -0.000911    0.001308   -0.245683    0.000008   -0.000012    0.749962
    -0.207250    0.167558   -0.254586   -0.250381   -0.001492    0.002267
    -0.024607    0.018581    0.063621    0.000219   -0.252393   -0.000567
    -0.044464    0.110986   -0.050005    0.000396   -0.000989   -0.251781
    -0.270396   -0.219605    0.153191   -0.249818    0.001955   -0.001364
    -0.027440    0.001215    0.081911    0.000244   -0.252236   -0.000729
    -0.056932    0.034546    0.030505    0.000507   -0.000307   -0.252498


    -0.207250   -0.024607   -0.044464   -0.270396   -0.027440   -0.056932
     0.167558    0.018581    0.110986   -0.219605    0.001215    0.034546
    -0.254586    0.063621   -0.050005    0.153191    0.081911    0.030505
    -0.250381    0.000219    0.000396   -0.249818    0.000244    0.000507
    -0.001492   -0.252393   -0.000989    0.001955   -0.252236   -0.000307
     0.002267   -0.000567   -0.251781   -0.001364   -0.000729   -0.252498
     0.478136   -0.033951    0.133943   -0.020504   -0.132115    0.118376
    -0.033951    0.347214   -0.294730    0.058339   -0.113403    0.231676
     0.133943   -0.294730    0.440610   -0.089875    0.184733   -0.138824
    -0.020504    0.058339   -0.089875    0.540719    0.159311   -0.061952
    -0.132115   -0.113403    0.184733    0.159311    0.364424   -0.265915
     0.118376    0.231676   -0.138824   -0.061952   -0.265915    0.360817

 Translations and Rotations Projected Out of Hessian

   Hessian Matrix after Projection


     0.973414    0.063546    0.150892   -0.836561   -0.026809   -0.116794
     0.063546    0.226029   -0.144661   -0.026784   -0.246511   -0.003890
     0.150892   -0.144661    0.274780   -0.116763   -0.003893   -0.268563
    -0.836561   -0.026784   -0.116763    1.262644    0.022981    0.101243
    -0.026809   -0.246511   -0.003893    0.022981    0.750988    0.004526
    -0.116794   -0.003890   -0.268563    0.101243    0.004526    0.769953
    -0.046815    0.174754   -0.222919   -0.219417   -0.000084    0.008387
    -0.077965    0.016188    0.053090   -0.035442   -0.254000   -0.007612
     0.053443    0.115377   -0.030681    0.047022    0.001116   -0.242569
    -0.090038   -0.211516    0.188791   -0.206666    0.003912    0.007164
     0.041228    0.004295    0.095464    0.039245   -0.250477    0.006976
    -0.087542    0.033173    0.024464   -0.031502   -0.001748   -0.258821


    -0.046815   -0.077965    0.053443   -0.090038    0.041228   -0.087542
     0.174754    0.016188    0.115377   -0.211516    0.004295    0.033173
    -0.222919    0.053090   -0.030681    0.188791    0.095464    0.024464
    -0.219417   -0.035442    0.047022   -0.206666    0.039245   -0.031502
    -0.000084   -0.254000    0.001116    0.003912   -0.250477   -0.001748
     0.008387   -0.007612   -0.242569    0.007164    0.006976   -0.258821
     0.389865    0.007251    0.067125   -0.123633   -0.181920    0.147407
     0.007251    0.328955   -0.264605    0.106156   -0.091143    0.219126
     0.067125   -0.264605    0.391193   -0.167591    0.148112   -0.117943
    -0.123633    0.106156   -0.167591    0.420336    0.101447   -0.028364
    -0.181920   -0.091143    0.148112    0.101447    0.337325   -0.250551
     0.147407    0.219126   -0.117943   -0.028364   -0.250551    0.352299

  3 Hessian modes will be used to form the next step
  Hessian Eigenvalues:
     0.445378    1.000345    2.032058

  Hessian Eigenvectors:


     0.526472   -0.236751   -0.622303
     0.023612   -0.010675   -0.027910
     0.103904   -0.046579   -0.122880
     0.356317   -0.168840    0.751625
     0.016063   -0.007243    0.033711
     0.070390   -0.034011    0.148434
    -0.408476    0.274593   -0.064126
     0.181790    0.448765    0.000374
    -0.299502   -0.422912   -0.016226
    -0.474314    0.130997   -0.065197
    -0.221465   -0.430847   -0.006175
     0.125208    0.503502   -0.009328

 Minimum search - taking simple RFO step
 Searching for Lamda that Minimizes Along All modes
 Value Taken    Lamda =  -0.00027972
 Step Taken.  Stepsize is  0.024516


                      Coordinates and Displacements in Atomic Units
   ATOM            Current Value    Gradient  Displacement   New Value
  1  o         X       5.344237    -0.009169     0.014801     5.359038
               Y       1.077595    -0.000411     0.000664     1.078259
               Z       6.850024    -0.001809     0.002921     6.852945
  2  c         X       3.120989    -0.000842     0.007390     3.128379
               Y       0.977880    -0.000038     0.000333     0.978213
               Z       6.411066    -0.000168     0.001462     6.412528
  3  h         X       2.249098     0.004839    -0.010484     2.238614
               Y       2.159062    -0.000797     0.003244     2.162306
               Z       4.904611     0.002065    -0.006133     4.898478
  4  h         X       1.848121     0.005172    -0.011706     1.836414
               Y      -0.299496     0.001246    -0.004241    -0.303737
               Z       7.494077    -0.000087     0.001751     7.495827

                             Maximum     Tolerance    Cnvgd?
         Gradient           0.009169      0.000001      NO
         Displacement       0.014801      0.000001      NO
         Energy change     -0.000701      0.000000      NO

 ----------------------------------------------------------------
             Standard Nuclear Orientation (Angstroms)
    I     Atom           X                Y                Z
 ----------------------------------------------------------------
    1      O       2.8358810048     0.5705899820     3.6264223750
    2      C       1.6554668621     0.5176478017     3.3933634710
    3      H       1.1846235252     1.1442430167     2.5921630853
    4      H       0.9717886079    -0.1607308004     3.9666210687
 ----------------------------------------------------------------
 Nuclear Repulsion Energy =          31.20200322 hartrees
 There are        8 alpha and        8 beta electrons
 Applying Cartesian multipole field
    Component          Value
    ---------          -----
     (2,0,0)        1.00000E-11
     (0,2,0)        2.00000E-10
     (0,0,2)       -3.00000E-11
 Nucleus-field energy     =    -0.0000000141 hartrees
 Requested basis set is cc-pVDZ
 There are 18 shells and 38 basis functions
 A cutoff of  1.0D-14 yielded    171 shell pairs
 There are       779 function pairs (       868 Cartesian)
 Smallest overlap matrix eigenvalue = 1.93E-02
 Guess MOs from SCF MO coefficient file

 -----------------------------------------------------------------------
  General SCF calculation program by
  Eric Jon Sundstrom, Paul Horn, Yuezhi Mao, Dmitri Zuev, Alec White,
  David Stuck, Shaama M.S., Shane Yost, Joonho Lee, David Small,
  Daniel Levine, Susi Lehtola, Hugh Burton, Evgeny Epifanovsky,
  Bang C. Huynh
 -----------------------------------------------------------------------
 Exchange:     0.2000 Hartree-Fock + 0.0800 Slater + 0.7200 B88
 Correlation:  0.1900 VWN1RPA + 0.8100 LYP
 Using Euler-Maclaurin-Lebedev (99,590) quadrature formula
Added inc_jk
Added qchem_hcore
Added xc
Added P-dependent contribution
 A restricted SCF calculation will be
 performed using GDM
 SCF converges when RMS gradient is below 1.0e-10
 User-specified cutoff of 10e-14
 used for neglect of 2-electron integrals.
 A cutoff of 10e-14
 used for neglect of overlap integrals.
 Incremental Fock algorithm is on at the start.
 ---------------------------------------
  Cycle       Energy        RMS Gradient
 ---------------------------------------
    1    -114.5075435212      2.13e-03   Normal BFGS step
    2    -114.5075648080      2.39e-03   Normal BFGS step
    3    -114.5075657164      2.52e-03   Normal BFGS step
    4    -114.5075701588      4.31e-04   Normal BFGS step
    5    -114.5075706689      2.33e-04   Normal BFGS step
    6    -114.5075708969      2.22e-05   Normal BFGS step
    7    -114.5075708983      3.63e-06   Normal BFGS step
    8    -114.5075708984      5.06e-07   Normal BFGS step
    9    -114.5075708984      6.62e-08   Normal BFGS step
   10    -114.5075708984      4.91e-09   Normal BFGS step
   11    -114.5075708984      5.19e-09   Normal BFGS step
   12    -114.5075708984      1.94e-09   Normal BFGS step
   13    -114.5075708984      1.96e-10   Normal BFGS step
   14    -114.5075708984      6.02e-11  Convergence criterion met
 ---------------------------------------
 SCF time:   CPU 6.96s  wall 1.00s 
 SCF   energy =  -114.50757090
 Total energy =  -114.50757090
 Integrated density by DFT XC:
   Number of electrons = 16
   Numerical integral  =    16.000000022944
   Relative error      =     0.0000001434 %

 --------------------------------------------------------------

                    Orbital Energies (a.u.)
 --------------------------------------------------------------

 Alpha MOs
 -- Occupied --
-19.1593 -10.2895  -1.0630  -0.6316  -0.4933  -0.4490  -0.4003  -0.2666
 -- Virtual --
 -0.0438   0.0649   0.1327   0.2088   0.4500   0.4570   0.5433   0.5882
  0.6317   0.7593   0.8720   0.9241   0.9798   1.0542   1.1678   1.4060
  1.4206   1.5438   1.6609   1.6630   1.6884   1.7304   2.2218   2.3021
  2.3905   2.6721   2.7959   3.0322   3.3215   3.4204
 --------------------------------------------------------------

          Ground-State Mulliken Net Atomic Charges

     Atom                 Charge (a.u.)
  ----------------------------------------
      1 O                    -0.180477
      2 C                     0.161073
      3 H                     0.009702
      4 H                     0.009702
  ----------------------------------------
  Sum of atomic charges =     0.000000

 -----------------------------------------------------------------
                    Cartesian Multipole Moments
 -----------------------------------------------------------------
    Charge (ESU x 10^10)
                -0.0000
    Dipole Moment (Debye)
         X      -2.0274      Y      -0.0909      Z      -0.4003
       Tot       2.0685
    Quadrupole Moments (Debye-Ang)
        XX     -20.7403     XY      -1.3258     YY     -11.5695
        XZ      -8.0484     YZ      -0.4826     ZZ     -14.2943
    Octopole Moments (Debye-Ang^2)
       XXX    -104.9199    XXY     -11.9216    XYY     -25.1332
       YYY     -18.6062    XXZ     -74.7468    XYZ      -4.6819
       YYZ     -40.3422    XZZ     -55.9029    YZZ      -8.3056
       ZZZ    -134.8793
    Hexadecapole Moments (Debye-Ang^3)
      XXXX    -450.6891   XXXY     -60.1019   XXYY     -67.5829
      XYYY     -40.8314   YYYY     -34.2378   XXXZ    -374.9115
      XXYZ     -40.4439   XYYZ     -88.2569   YYYZ     -62.5991
      XXZZ    -330.6016   XYZZ     -29.7528   YYZZ    -148.6431
      XZZZ    -379.8305   YZZZ     -70.9626   ZZZZ    -922.2352
 -----------------------------------------------------------------
 Calculating analytic gradient of the SCF energy
Added xc
 Gradient of SCF Energy
            1           2           3           4
    1  -0.0007021  -0.0026152   0.0018644   0.0014528
    2  -0.0000316  -0.0001172   0.0013374  -0.0011885
    3  -0.0001380  -0.0005174  -0.0010025   0.0016578
 Max gradient component =       2.615E-03
 RMS gradient           =       1.297E-03
 Gradient time:  CPU 1.01 s  wall 0.21 s
 Geometry Optimization Parameters
   NAtoms,    NIC,     NZ,  NCons,   NDum,   NFix, NCnnct, MaxDiis
        4      17       0       0       0       0       0       0

 Rotation Matrix is:


     1.000000    0.000000    0.000000
     0.000000    1.000000    0.000000
     0.000000    0.000000    1.000000

 Cartesian Hessian Update
 Hessian updated using BFGS update


** GEOMETRY OPTIMIZATION IN CARTESIAN COORDINATES **
   Searching for a Minimum

   Optimization Cycle:   4

                       Coordinates (Angstroms)
     ATOM                X               Y               Z
      1  O         2.8358810048    0.5705899820    3.6264223750
      2  C         1.6554668621    0.5176478017    3.3933634710
      3  H         1.1846235252    1.1442430167    2.5921630853
      4  H         0.9717886079   -0.1607308004    3.9666210687
   Point Group: c1    Number of degrees of freedom:     6


   Energy is   -114.507570898


                       Cartesian Gradient (au)
     ATOM              X           Y           Z
    1  O          -0.000702   -0.000032   -0.000138
    2  C          -0.002615   -0.000117   -0.000517
    3  H           0.001864    0.001337   -0.001002
    4  H           0.001453   -0.001189    0.001658

 Vectors for Translations and Rotations


     0.500000    0.000000    0.000000    0.000002    0.134222   -0.067147
     0.000000    0.500000    0.000000   -0.000008   -0.595441   -0.411696
     0.000000    0.000000    0.500000   -0.000007   -0.544555    0.433616
     0.500000    0.000000    0.000000    0.000000   -0.000740    0.000371
     0.000000    0.500000    0.000000   -0.000001    0.003283    0.002270
     0.000000    0.000000    0.500000   -0.000000    0.003003   -0.002391
     0.500000    0.000000    0.000000    0.116026   -0.066742    0.502893
     0.000000    0.500000    0.000000   -0.514722    0.296086    0.225771
     0.000000    0.000000    0.500000   -0.470734    0.270783   -0.122916
     0.500000    0.000000    0.000000   -0.116028   -0.066739   -0.436117
     0.000000    0.500000    0.000000    0.514731    0.296072    0.183654
     0.000000    0.000000    0.500000    0.470742    0.270770   -0.308310

 The Projection Matrix


     0.727476    0.052277    0.102207   -0.249876   -0.000288   -0.000564
     0.052277    0.225956   -0.145733   -0.000288   -0.247110    0.000804
     0.102207   -0.145733    0.265437   -0.000564    0.000804   -0.247328
    -0.249876   -0.000288   -0.000564    0.749999    0.000002    0.000003
    -0.000288   -0.247110    0.000804    0.000002    0.749984   -0.000004
    -0.000564    0.000804   -0.247328    0.000003   -0.000004    0.749985
    -0.207274    0.167299   -0.254407   -0.250236   -0.000922    0.001403
    -0.024580    0.019247    0.063333    0.000136   -0.251485   -0.000349
    -0.044597    0.110628   -0.049249    0.000246   -0.000610   -0.251107
    -0.270326   -0.219288    0.152763   -0.249888    0.001209   -0.000842
    -0.027408    0.001907    0.081596    0.000151   -0.251389   -0.000450
    -0.057046    0.034302    0.031141    0.000315   -0.000189   -0.251550


    -0.207274   -0.024580   -0.044597   -0.270326   -0.027408   -0.057046
     0.167299    0.019247    0.110628   -0.219288    0.001907    0.034302
    -0.254407    0.063333   -0.049249    0.152763    0.081596    0.031141
    -0.250236    0.000136    0.000246   -0.249888    0.000151    0.000315
    -0.000922   -0.251485   -0.000610    0.001209   -0.251389   -0.000189
     0.001403   -0.000349   -0.251107   -0.000842   -0.000450   -0.251550
     0.479182   -0.034056    0.134504   -0.021672   -0.132320    0.118500
    -0.034056    0.346422   -0.294721    0.058501   -0.114183    0.231738
     0.134504   -0.294721    0.439978   -0.090152    0.184704   -0.139621
    -0.021672    0.058501   -0.090152    0.541885    0.159578   -0.061769
    -0.132320   -0.114183    0.184704    0.159578    0.363665   -0.265850
     0.118500    0.231738   -0.139621   -0.061769   -0.265850    0.360031

 Translations and Rotations Projected Out of Hessian

   Hessian Matrix after Projection


     0.983784    0.063767    0.152848   -0.929263   -0.030782   -0.134765
     0.063767    0.226472   -0.143463   -0.030758   -0.248478   -0.005215
     0.152848   -0.143463    0.275442   -0.134698   -0.005217   -0.273824
    -0.929263   -0.030758   -0.134698    1.273748    0.023475    0.103416
    -0.030782   -0.248478   -0.005217    0.023475    0.751036    0.004630
    -0.134765   -0.005215   -0.273824    0.103416    0.004630    0.770404
     0.002517    0.176710   -0.213005   -0.181874    0.002162    0.014929
    -0.025690    0.019196    0.063118   -0.054322   -0.253935   -0.011102
     0.008355    0.113004   -0.038803    0.076646    0.002829   -0.236015
    -0.057038   -0.209719    0.194854   -0.162610    0.005145    0.016420
    -0.007295    0.002810    0.085562    0.061605   -0.248623    0.011687
    -0.026438    0.035674    0.037185   -0.045365   -0.002243   -0.260565


     0.002517   -0.025690    0.008355   -0.057038   -0.007295   -0.026438
     0.176710    0.019196    0.113004   -0.209719    0.002810    0.035674
    -0.213005    0.063118   -0.038803    0.194854    0.085562    0.037185
    -0.181874   -0.054322    0.076646   -0.162610    0.061605   -0.045365
     0.002162   -0.253935    0.002829    0.005145   -0.248623   -0.002243
     0.014929   -0.011102   -0.236015    0.016420    0.011687   -0.260565
     0.345612   -0.006607    0.071551   -0.166255   -0.172265    0.126524
    -0.006607    0.345642   -0.287100    0.086620   -0.110903    0.235085
     0.071551   -0.287100    0.416121   -0.156553    0.171268   -0.141303
    -0.166255    0.086620   -0.156553    0.385903    0.117955   -0.054721
    -0.172265   -0.110903    0.171268    0.117955    0.356716   -0.268516
     0.126524    0.235085   -0.141303   -0.054721   -0.268516    0.364684

  4 Hessian modes will be used to form the next step
  Hessian Eigenvalues:
     0.346209    1.000000    1.007271    2.142083

  Hessian Eigenvectors:


     0.546019    0.016437   -0.165566   -0.628424
     0.024498    0.023951   -0.007402   -0.028181
     0.107739   -0.086395   -0.032844   -0.124092
     0.407369   -0.111189   -0.030351    0.744032
     0.018337   -0.456158   -0.002567    0.033371
     0.080529    0.667032   -0.004281    0.146938
    -0.460145   -0.122374    0.174389   -0.063728
     0.079808    0.207275    0.476683   -0.038949
    -0.200740   -0.322505   -0.478376    0.026868
    -0.493243    0.217126    0.021528   -0.051880
    -0.122643    0.224931   -0.466714    0.033759
     0.012471   -0.258131    0.515501   -0.049714

 Minimum search - taking simple RFO step
 Searching for Lamda that Minimizes Along All modes
 Value Taken    Lamda =  -0.00003090
 Step Taken.  Stepsize is  0.008184


                      Coordinates and Displacements in Atomic Units
   ATOM            Current Value    Gradient  Displacement   New Value
  1  o         X       5.359038    -0.000702     0.004045     5.363083
               Y       1.078259    -0.000032     0.000182     1.078440
               Z       6.852945    -0.000138     0.000798     6.853743
  2  c         X       3.128379    -0.002615     0.003842     3.132221
               Y       0.978213    -0.000117     0.000173     0.978385
               Z       6.412528    -0.000517     0.000760     6.413288
  3  h         X       2.238614     0.001864    -0.004060     2.234554
               Y       2.162306     0.001337    -0.000893     2.161413
               Z       4.898478    -0.001002    -0.000025     4.898453
  4  h         X       1.836414     0.001453    -0.003827     1.832587
               Y      -0.303737    -0.001189     0.000539    -0.303198
               Z       7.495827     0.001658    -0.001533     7.494294

                             Maximum     Tolerance    Cnvgd?
         Gradient           0.002615      0.000001      NO
         Displacement       0.004060      0.000001      NO
         Energy change     -0.000164      0.000000      NO

 ----------------------------------------------------------------
             Standard Nuclear Orientation (Angstroms)
    I     Atom           X                Y                Z
 ----------------------------------------------------------------
    1      O       2.8380214583     0.5706860885     3.6268445476
    2      C       1.6575001116     0.5177391265     3.3937657339
    3      H       1.1824750919     1.1437705089     2.5921498773
    4      H       0.9697633382    -0.1604457239     3.9658098411
 ----------------------------------------------------------------
 Nuclear Repulsion Energy =          31.18417501 hartrees
 There are        8 alpha and        8 beta electrons
 Applying Cartesian multipole field
    Component          Value
    ---------          -----
     (2,0,0)        1.00000E-11
     (0,2,0)        2.00000E-10
     (0,0,2)       -3.00000E-11
 Nucleus-field energy     =    -0.0000000141 hartrees
 Requested basis set is cc-pVDZ
 There are 18 shells and 38 basis functions
 A cutoff of  1.0D-14 yielded    171 shell pairs
 There are       779 function pairs (       868 Cartesian)
 Smallest overlap matrix eigenvalue = 1.94E-02
 Guess MOs from SCF MO coefficient file

 -----------------------------------------------------------------------
  General SCF calculation program by
  Eric Jon Sundstrom, Paul Horn, Yuezhi Mao, Dmitri Zuev, Alec White,
  David Stuck, Shaama M.S., Shane Yost, Joonho Lee, David Small,
  Daniel Levine, Susi Lehtola, Hugh Burton, Evgeny Epifanovsky,
  Bang C. Huynh
 -----------------------------------------------------------------------
 Exchange:     0.2000 Hartree-Fock + 0.0800 Slater + 0.7200 B88
 Correlation:  0.1900 VWN1RPA + 0.8100 LYP
 Using Euler-Maclaurin-Lebedev (99,590) quadrature formula
Added inc_jk
Added qchem_hcore
Added xc
Added P-dependent contribution
 A restricted SCF calculation will be
 performed using GDM
 SCF converges when RMS gradient is below 1.0e-10
 User-specified cutoff of 10e-14
 used for neglect of 2-electron integrals.
 A cutoff of 10e-14
 used for neglect of overlap integrals.
 Incremental Fock algorithm is on at the start.
 ---------------------------------------
  Cycle       Energy        RMS Gradient
 ---------------------------------------
    1    -114.5075923373      6.24e-04   Normal BFGS step
    2    -114.5075936275      1.03e-03   Normal BFGS step
    3    -114.5075938078      7.03e-04   Normal BFGS step
    4    -114.5075943560      6.54e-05   Normal BFGS step
    5    -114.5075943664      4.53e-05   Normal BFGS step
    6    -114.5075943749      3.66e-06   Normal BFGS step
    7    -114.5075943749      7.92e-07   Normal BFGS step
    8    -114.5075943749      3.10e-08   Normal BFGS step
    9    -114.5075943749      6.09e-09   Normal BFGS step
   10    -114.5075943749      4.12e-10   Normal BFGS step
   11    -114.5075943749      1.52e-10   Normal BFGS step
   12    -114.5075943749      2.07e-10   Normal BFGS step
  GDM::WARNING energy changes are now smaller than effective accuracy.
  GDM::        calculation will continue, but THRESH should be increased
  GDM::        or SCF_CONVERGENCE decreased. 
  GDM::        effective_thresh = 2.50e-09
   13    -114.5075943749      2.70e-11  Convergence criterion met
 ---------------------------------------
 SCF time:   CPU 6.51s  wall 1.00s 
 SCF   energy =  -114.50759437
 Total energy =  -114.50759437
 Integrated density by DFT XC:
   Number of electrons = 16
   Numerical integral  =    16.000000024785
   Relative error      =     0.0000001549 %

 --------------------------------------------------------------

                    Orbital Energies (a.u.)
 --------------------------------------------------------------

 Alpha MOs
 -- Occupied --
-19.1597 -10.2900  -1.0631  -0.6315  -0.4926  -0.4494  -0.4004  -0.2668
 -- Virtual --
 -0.0440   0.0646   0.1326   0.2086   0.4499   0.4578   0.5412   0.5874
  0.6315   0.7588   0.8718   0.9244   0.9795   1.0540   1.1669   1.4049
  1.4227   1.5408   1.6572   1.6640   1.6880   1.7277   2.2223   2.3000
  2.3888   2.6713   2.7926   3.0323   3.3207   3.4200
 --------------------------------------------------------------

          Ground-State Mulliken Net Atomic Charges

     Atom                 Charge (a.u.)
  ----------------------------------------
      1 O                    -0.179992
      2 C                     0.160246
      3 H                     0.009874
      4 H                     0.009873
  ----------------------------------------
  Sum of atomic charges =     0.000000

 -----------------------------------------------------------------
                    Cartesian Multipole Moments
 -----------------------------------------------------------------
    Charge (ESU x 10^10)
                -0.0000
    Dipole Moment (Debye)
         X      -2.0260      Y      -0.0909      Z      -0.4000
       Tot       2.0671
    Quadrupole Moments (Debye-Ang)
        XX     -20.7366     XY      -1.3257     YY     -11.5779
        XZ      -8.0418     YZ      -0.4768     ZZ     -14.3014
    Octopole Moments (Debye-Ang^2)
       XXX    -104.9722    XXY     -11.9233    XYY     -25.1628
       YYY     -18.6215    XXZ     -74.7345    XYZ      -4.6716
       YYZ     -40.3682    XZZ     -55.9049    YZZ      -8.2719
       ZZZ    -134.9707
    Hexadecapole Moments (Debye-Ang^3)
      XXXX    -451.2626   XXXY     -60.1455   XXYY     -67.6905
      XYYY     -40.8858   YYYY     -34.2740   XXXZ    -375.1241
      XXYZ     -40.4353   XYYZ     -88.3575   YYYZ     -62.6434
      XXZZ    -330.6705   XYZZ     -29.7041   YYZZ    -148.7344
      XZZZ    -380.0542   YZZZ     -70.8165   ZZZZ    -922.9648
 -----------------------------------------------------------------
 Calculating analytic gradient of the SCF energy
Added xc
 Gradient of SCF Energy
            1           2           3           4
    1   0.0000891  -0.0014740   0.0009508   0.0004341
    2   0.0000039  -0.0000662   0.0016166  -0.0015544
    3   0.0000180  -0.0002914  -0.0015331   0.0018065
 Max gradient component =       1.807E-03
 RMS gradient           =       1.080E-03
 Gradient time:  CPU 1.01 s  wall 0.21 s
 Geometry Optimization Parameters
   NAtoms,    NIC,     NZ,  NCons,   NDum,   NFix, NCnnct, MaxDiis
        4      17       0       0       0       0       0       0

 Rotation Matrix is:


     1.000000    0.000000    0.000000
     0.000000    1.000000    0.000000
     0.000000    0.000000    1.000000

 Cartesian Hessian Update
 Hessian updated using BFGS update


** GEOMETRY OPTIMIZATION IN CARTESIAN COORDINATES **
   Searching for a Minimum

   Optimization Cycle:   5

                       Coordinates (Angstroms)
     ATOM                X               Y               Z
      1  O         2.8380214583    0.5706860885    3.6268445476
      2  C         1.6575001116    0.5177391265    3.3937657339
      3  H         1.1824750919    1.1437705089    2.5921498773
      4  H         0.9697633382   -0.1604457239    3.9658098411
   Point Group: c1    Number of degrees of freedom:     6


   Energy is   -114.507594375


                       Cartesian Gradient (au)
     ATOM              X           Y           Z
    1  O           0.000089    0.000004    0.000018
    2  C          -0.001474   -0.000066   -0.000291
    3  H           0.000951    0.001617   -0.001533
    4  H           0.000434   -0.001554    0.001807

 Vectors for Translations and Rotations


     0.500000    0.000000    0.000000    0.000001    0.134145   -0.067200
     0.000000    0.500000    0.000000   -0.000007   -0.595100   -0.412021
     0.000000    0.000000    0.500000   -0.000006   -0.544243    0.433959
     0.500000    0.000000    0.000000    0.000000   -0.000506    0.000254
     0.000000    0.500000    0.000000   -0.000000    0.002247    0.001555
     0.000000    0.000000    0.500000   -0.000001    0.002055   -0.001638
     0.500000    0.000000    0.000000    0.116027   -0.066821    0.502222
     0.000000    0.500000    0.000000   -0.514723    0.296432    0.226257
     0.000000    0.000000    0.500000   -0.470735    0.271099   -0.123613
     0.500000    0.000000    0.000000   -0.116028   -0.066818   -0.435276
     0.000000    0.500000    0.000000    0.514730    0.296421    0.184208
     0.000000    0.000000    0.500000    0.470741    0.271089   -0.308708

 The Projection Matrix


     0.727489    0.052142    0.102169   -0.249915   -0.000197   -0.000386
     0.052142    0.226095   -0.145079   -0.000197   -0.248022    0.000548
     0.102169   -0.145079    0.265479   -0.000386    0.000548   -0.248171
    -0.249915   -0.000197   -0.000386    0.750000    0.000001    0.000001
    -0.000197   -0.248022    0.000548    0.000001    0.749993   -0.000002
    -0.000386    0.000548   -0.248171    0.000001   -0.000002    0.749993
    -0.207287    0.167162   -0.254310   -0.250161   -0.000631    0.000960
    -0.024560    0.019626    0.063142    0.000093   -0.251018   -0.000239
    -0.044673    0.110397   -0.048816    0.000169   -0.000417   -0.250760
    -0.270287   -0.219107    0.152526   -0.249923    0.000827   -0.000576
    -0.027385    0.002301    0.081389    0.000103   -0.250952   -0.000307
    -0.057111    0.034134    0.031508    0.000216   -0.000129   -0.251062


    -0.207287   -0.024560   -0.044673   -0.270287   -0.027385   -0.057111
     0.167162    0.019626    0.110397   -0.219107    0.002301    0.034134
    -0.254310    0.063142   -0.048816    0.152526    0.081389    0.031508
    -0.250161    0.000093    0.000169   -0.249923    0.000103    0.000216
    -0.000631   -0.251018   -0.000417    0.000827   -0.250952   -0.000129
     0.000960   -0.000239   -0.250760   -0.000576   -0.000307   -0.251062
     0.479846   -0.034102    0.134814   -0.022398   -0.132429    0.118536
    -0.034102    0.345996   -0.294692    0.058569   -0.114604    0.231789
     0.134814   -0.294692    0.439634   -0.090310    0.184712   -0.140058
    -0.022398    0.058569   -0.090310    0.542608    0.159711   -0.061640
    -0.132429   -0.114604    0.184712    0.159711    0.363255   -0.265794
     0.118536    0.231789   -0.140058   -0.061640   -0.265794    0.359613

 Translations and Rotations Projected Out of Hessian

   Hessian Matrix after Projection


     1.010023    0.064805    0.157989   -0.927889   -0.030634   -0.134296
     0.064805    0.226662   -0.142577   -0.030614   -0.249388   -0.005460
     0.157989   -0.142577    0.276507   -0.134213   -0.005460   -0.274604
    -0.927889   -0.030614   -0.134213    1.140142    0.017475    0.076998
    -0.030634   -0.249388   -0.005460    0.017475    0.750775    0.003447
    -0.134296   -0.005460   -0.274604    0.076998    0.003447    0.765189
    -0.003838    0.176297   -0.214178   -0.094245    0.006386    0.031796
     0.019599    0.021614    0.071838    0.080294   -0.247433    0.015654
    -0.042783    0.110477   -0.048428   -0.049077   -0.002606   -0.260533
    -0.078296   -0.210488    0.190402   -0.118008    0.006773    0.025503
    -0.053770    0.001112    0.076199   -0.067154   -0.253954   -0.013640
     0.019090    0.037560    0.046524    0.106292    0.004620   -0.230051


    -0.003838    0.019599   -0.042783   -0.078296   -0.053770    0.019090
     0.176297    0.021614    0.110477   -0.210488    0.001112    0.037560
    -0.214178    0.071838   -0.048428    0.190402    0.076199    0.046524
    -0.094245    0.080294   -0.049077   -0.118008   -0.067154    0.106292
     0.006386   -0.247433   -0.002606    0.006773   -0.253954    0.004620
     0.031796    0.015654   -0.260533    0.025503   -0.013640   -0.230051
     0.290018   -0.104535    0.165013   -0.191935   -0.078148    0.017369
    -0.104535    0.292583   -0.253663    0.004643   -0.066763    0.166171
     0.165013   -0.253663    0.402224   -0.073153    0.145793   -0.093263
    -0.191935    0.004643   -0.073153    0.388239    0.199073   -0.142751
    -0.078148   -0.066763    0.145793    0.199073    0.319606   -0.208351
     0.017369    0.166171   -0.093263   -0.142751   -0.208351    0.276790

  4 Hessian modes will be used to form the next step
  Hessian Eigenvalues:
     0.198266    0.877369    1.000000    2.063122

  Hessian Eigenvectors:


    -0.477429   -0.221820    0.021483   -0.665830
    -0.021441   -0.009899    0.030130   -0.029865
    -0.094163   -0.043921   -0.114799   -0.131463
    -0.437516   -0.125993   -0.119055    0.716355
    -0.019674   -0.006026   -0.425451    0.032129
    -0.086536   -0.024253    0.699970    0.141451
     0.485612    0.100232   -0.100109   -0.020971
     0.193455   -0.443154    0.191377    0.025197
    -0.091769    0.509199   -0.322415   -0.032726
     0.429333    0.247581    0.197682   -0.029554
    -0.152341    0.459079    0.203944   -0.027461
     0.272468   -0.441026   -0.262756    0.022738

 Minimum search - taking simple RFO step
 Searching for Lamda that Minimizes Along All modes
 Value Taken    Lamda =  -0.00003886
 Step Taken.  Stepsize is  0.012761


                      Coordinates and Displacements in Atomic Units
   ATOM            Current Value    Gradient  Displacement   New Value
  1  o         X       5.363083     0.000089     0.004923     5.368006
               Y       1.078440     0.000004     0.000221     1.078662
               Z       6.853743     0.000018     0.000971     6.854713
  2  c         X       3.132221    -0.001474     0.005398     3.137620
               Y       0.978385    -0.000066     0.000243     0.978628
               Z       6.413288    -0.000291     0.001068     6.414356
  3  h         X       2.234554     0.000951    -0.005728     2.228826
               Y       2.161413     0.001617    -0.003715     2.157698
               Z       4.898453    -0.001533     0.002649     4.901103
  4  h         X       1.832587     0.000434    -0.004593     1.827994
               Y      -0.303198    -0.001554     0.003251    -0.299947
               Z       7.494294     0.001807    -0.004688     7.489607

                             Maximum     Tolerance    Cnvgd?
         Gradient           0.001807      0.000001      NO
         Displacement       0.005728      0.000001      NO
         Energy change     -0.000023      0.000000      NO

 ----------------------------------------------------------------
             Standard Nuclear Orientation (Angstroms)
    I     Atom           X                Y                Z
 ----------------------------------------------------------------
    1      O       2.8406263489     0.5708031450     3.6273581454
    2      C       1.6603568466     0.5178675003     3.3943308871
    3      H       1.1794440834     1.1418046700     2.5935518646
    4      H       0.9673327211    -0.1587253154     3.9633291029
 ----------------------------------------------------------------
 Nuclear Repulsion Energy =          31.17846981 hartrees
 There are        8 alpha and        8 beta electrons
 Applying Cartesian multipole field
    Component          Value
    ---------          -----
     (2,0,0)        1.00000E-11
     (0,2,0)        2.00000E-10
     (0,0,2)       -3.00000E-11
 Nucleus-field energy     =    -0.0000000141 hartrees
 Requested basis set is cc-pVDZ
 There are 18 shells and 38 basis functions
 A cutoff of  1.0D-14 yielded    171 shell pairs
 There are       779 function pairs (       868 Cartesian)
 Smallest overlap matrix eigenvalue = 1.95E-02
 Guess MOs from SCF MO coefficient file

 -----------------------------------------------------------------------
  General SCF calculation program by
  Eric Jon Sundstrom, Paul Horn, Yuezhi Mao, Dmitri Zuev, Alec White,
  David Stuck, Shaama M.S., Shane Yost, Joonho Lee, David Small,
  Daniel Levine, Susi Lehtola, Hugh Burton, Evgeny Epifanovsky,
  Bang C. Huynh
 -----------------------------------------------------------------------
 Exchange:     0.2000 Hartree-Fock + 0.0800 Slater + 0.7200 B88
 Correlation:  0.1900 VWN1RPA + 0.8100 LYP
 Using Euler-Maclaurin-Lebedev (99,590) quadrature formula
Added inc_jk
Added qchem_hcore
Added xc
Added P-dependent contribution
 A restricted SCF calculation will be
 performed using GDM
 SCF converges when RMS gradient is below 1.0e-10
 User-specified cutoff of 10e-14
 used for neglect of 2-electron integrals.
 A cutoff of 10e-14
 used for neglect of overlap integrals.
 Incremental Fock algorithm is on at the start.
 ---------------------------------------
  Cycle       Energy        RMS Gradient
 ---------------------------------------
    1    -114.5076183521      6.40e-04   Normal BFGS step
    2    -114.5076204899      1.10e-03   Normal BFGS step
    3    -114.5076203708      9.49e-04   Normal BFGS step
    4    -114.5076213367      3.31e-05   Normal BFGS step
    5    -114.5076213389      2.35e-05   Normal BFGS step
    6    -114.5076213410      1.83e-06   Normal BFGS step
    7    -114.5076213411      5.36e-07   Normal BFGS step
    8    -114.5076213411      2.27e-08   Normal BFGS step
    9    -114.5076213411      3.90e-09   Normal BFGS step
   10    -114.5076213411      3.91e-10   Normal BFGS step
   11    -114.5076213411      4.32e-10   Normal BFGS step
   12    -114.5076213411      3.15e-10   Normal BFGS step
  GDM::WARNING energy changes are now smaller than effective accuracy.
  GDM::        calculation will continue, but THRESH should be increased
  GDM::        or SCF_CONVERGENCE decreased. 
  GDM::        effective_thresh = 2.00e-09
   13    -114.5076213411      2.38e-11  Convergence criterion met
 ---------------------------------------
 SCF time:   CPU 6.54s  wall 1.00s 
 SCF   energy =  -114.50762134
 Total energy =  -114.50762134
 Integrated density by DFT XC:
   Number of electrons = 16
   Numerical integral  =    16.000000027073
   Relative error      =     0.0000001692 %

 --------------------------------------------------------------

                    Orbital Energies (a.u.)
 --------------------------------------------------------------

 Alpha MOs
 -- Occupied --
-19.1601 -10.2903  -1.0634  -0.6318  -0.4919  -0.4499  -0.4007  -0.2670
 -- Virtual --
 -0.0441   0.0645   0.1328   0.2083   0.4498   0.4598   0.5382   0.5868
  0.6317   0.7586   0.8715   0.9251   0.9790   1.0536   1.1656   1.4044
  1.4275   1.5369   1.6532   1.6669   1.6877   1.7244   2.2265   2.3000
  2.3882   2.6707   2.7891   3.0329   3.3215   3.4202
 --------------------------------------------------------------

          Ground-State Mulliken Net Atomic Charges

     Atom                 Charge (a.u.)
  ----------------------------------------
      1 O                    -0.179270
      2 C                     0.160194
      3 H                     0.009538
      4 H                     0.009538
  ----------------------------------------
  Sum of atomic charges =     0.000000

 -----------------------------------------------------------------
                    Cartesian Multipole Moments
 -----------------------------------------------------------------
    Charge (ESU x 10^10)
                -0.0000
    Dipole Moment (Debye)
         X      -2.0246      Y      -0.0908      Z      -0.3997
       Tot       2.0656
    Quadrupole Moments (Debye-Ang)
        XX     -20.7285     XY      -1.3263     YY     -11.5877
        XZ      -8.0340     YZ      -0.4656     ZZ     -14.3103
    Octopole Moments (Debye-Ang^2)
       XXX    -105.0260    XXY     -11.9251    XYY     -25.1992
       YYY     -18.6393    XXZ     -74.7070    XYZ      -4.6568
       YYZ     -40.3942    XZZ     -55.9063    YZZ      -8.2042
       ZZZ    -135.0826
    Hexadecapole Moments (Debye-Ang^3)
      XXXX    -451.9493   XXXY     -60.1954   XXYY     -67.8178
      XYYY     -40.9511   YYYY     -34.2945   XXXZ    -375.3526
      XXYZ     -40.4218   XYYZ     -88.4767   YYYZ     -62.6983
      XXZZ    -330.7065   XYZZ     -29.6214   YYZZ    -148.8089
      XZZZ    -380.3197   YZZZ     -70.5131   ZZZZ    -923.8314
 -----------------------------------------------------------------
 Calculating analytic gradient of the SCF energy
Added xc
 Gradient of SCF Energy
            1           2           3           4
    1   0.0003550   0.0001679  -0.0000356  -0.0004873
    2   0.0000160   0.0000074   0.0013748  -0.0013981
    3   0.0000702   0.0000336  -0.0015120   0.0014082
 Max gradient component =       1.512E-03
 RMS gradient           =       8.423E-04
 Gradient time:  CPU 1.01 s  wall 0.21 s
 Geometry Optimization Parameters
   NAtoms,    NIC,     NZ,  NCons,   NDum,   NFix, NCnnct, MaxDiis
        4      17       0       0       0       0       0       0

 Rotation Matrix is:


     1.000000    0.000000    0.000000
     0.000000    1.000000    0.000000
     0.000000    0.000000    1.000000

 Cartesian Hessian Update
 Hessian updated using BFGS update


** GEOMETRY OPTIMIZATION IN CARTESIAN COORDINATES **
   Searching for a Minimum

   Optimization Cycle:   6

                       Coordinates (Angstroms)
     ATOM                X               Y               Z
      1  O         2.8406263489    0.5708031450    3.6273581454
      2  C         1.6603568466    0.5178675003    3.3943308871
      3  H         1.1794440834    1.1418046700    2.5935518646
      4  H         0.9673327211   -0.1587253154    3.9633291029
   Point Group: c1    Number of degrees of freedom:     6


   Energy is   -114.507621341


                       Cartesian Gradient (au)
     ATOM              X           Y           Z
    1  O           0.000355    0.000016    0.000070
    2  C           0.000168    0.000007    0.000034
    3  H          -0.000036    0.001375   -0.001512
    4  H          -0.000487   -0.001398    0.001408

 Vectors for Translations and Rotations


     0.500000    0.000000    0.000000    0.000001    0.134036   -0.067325
     0.000000    0.500000    0.000000   -0.000004   -0.594621   -0.412789
     0.000000    0.000000    0.500000   -0.000003   -0.543805    0.434767
     0.500000    0.000000    0.000000    0.000000   -0.000179    0.000090
     0.000000    0.500000    0.000000    0.000001    0.000799    0.000554
     0.000000    0.000000    0.500000   -0.000001    0.000730   -0.000584
     0.500000    0.000000    0.000000    0.116027   -0.066929    0.500877
     0.000000    0.500000    0.000000   -0.514725    0.296914    0.227075
     0.000000    0.000000    0.500000   -0.470736    0.271540   -0.124838
     0.500000    0.000000    0.000000   -0.116028   -0.066928   -0.433642
     0.000000    0.500000    0.000000    0.514728    0.296908    0.185159
     0.000000    0.000000    0.500000    0.470740    0.271534   -0.309346

 The Projection Matrix


     0.727502    0.051910    0.102160   -0.249970   -0.000070   -0.000137
     0.051910    0.226032   -0.143890   -0.000069   -0.249296    0.000193
     0.102160   -0.143890    0.265254   -0.000137    0.000193   -0.249349
    -0.249970   -0.000069   -0.000137    0.750000    0.000000    0.000000
    -0.000070   -0.249296    0.000193    0.000000    0.749999   -0.000000
    -0.000137    0.000193   -0.249349    0.000000   -0.000000    0.749999
    -0.207308    0.166959   -0.254161   -0.250057   -0.000224    0.000341
    -0.024509    0.020283    0.062737    0.000033   -0.250363   -0.000085
    -0.044801    0.109930   -0.048061    0.000060   -0.000147   -0.250272
    -0.270224   -0.218800    0.152138   -0.249973    0.000294   -0.000204
    -0.027331    0.002981    0.080960    0.000036   -0.250340   -0.000108
    -0.057222    0.033767    0.032156    0.000077   -0.000046   -0.250379


    -0.207308   -0.024509   -0.044801   -0.270224   -0.027331   -0.057222
     0.166959    0.020283    0.109930   -0.218800    0.002981    0.033767
    -0.254161    0.062737   -0.048061    0.152138    0.080960    0.032156
    -0.250057    0.000033    0.000060   -0.249973    0.000036    0.000077
    -0.000224   -0.250363   -0.000147    0.000294   -0.250340   -0.000046
     0.000341   -0.000085   -0.250272   -0.000204   -0.000108   -0.250379
     0.481181   -0.034142    0.135320   -0.023816   -0.132592    0.118499
    -0.034142    0.345337   -0.294576    0.058619   -0.115258    0.231924
     0.135320   -0.294576    0.439089   -0.090580    0.184794   -0.140756
    -0.023816    0.058619   -0.090580    0.544012    0.159887   -0.061353
    -0.132592   -0.115258    0.184794    0.159887    0.362617   -0.265645
     0.118499    0.231924   -0.140756   -0.061353   -0.265645    0.358978

 Translations and Rotations Projected Out of Hessian

   Hessian Matrix after Projection


     1.012800    0.064698    0.158521   -0.906214   -0.029533   -0.129747
     0.064698    0.226605   -0.141364   -0.029514   -0.250618   -0.005622
     0.158521   -0.141364    0.276388   -0.129682   -0.005623   -0.274934
    -0.906214   -0.029514   -0.129682    1.197490    0.020038    0.088363
    -0.029533   -0.250618   -0.005623    0.020038    0.750896    0.003956
    -0.129747   -0.005622   -0.274934    0.088363    0.003956    0.767447
    -0.017063    0.175503   -0.216632   -0.126118    0.005364    0.024838
     0.013231    0.021988    0.070156    0.124869   -0.244771    0.024628
    -0.039150    0.110173   -0.046919   -0.105886   -0.004883   -0.271254
    -0.089524   -0.210687    0.187792   -0.165158    0.004131    0.016546
    -0.048396    0.002025    0.076831   -0.115393   -0.255507   -0.022962
     0.010376    0.036813    0.045465    0.147205    0.006550   -0.221259


    -0.017063    0.013231   -0.039150   -0.089524   -0.048396    0.010376
     0.175503    0.021988    0.110173   -0.210687    0.002025    0.036813
    -0.216632    0.070156   -0.046919    0.187792    0.076831    0.045465
    -0.126118    0.124869   -0.105886   -0.165158   -0.115393    0.147205
     0.005364   -0.244771   -0.004883    0.004131   -0.255507    0.006550
     0.024838    0.024628   -0.271254    0.016546   -0.022962   -0.221259
     0.308967   -0.134103    0.202155   -0.165786   -0.046765   -0.010361
    -0.134103    0.227127   -0.189977   -0.003998   -0.004344    0.095193
     0.202155   -0.189977    0.341205   -0.057119    0.084687   -0.023032
    -0.165786   -0.003998   -0.057119    0.420468    0.210554   -0.147220
    -0.046765   -0.004344    0.084687    0.210554    0.257825   -0.138555
    -0.010361    0.095193   -0.023032   -0.147220   -0.138555    0.198825

  5 Hessian modes will be used to form the next step
  Hessian Eigenvalues:
     0.138886    0.757682    1.000000    1.000000    2.089477

  Hessian Eigenvectors:


    -0.382373   -0.401269    0.050423    0.025368   -0.642840
    -0.017185   -0.017971   -0.166148    0.018425   -0.028834
    -0.075399   -0.079280   -0.218026   -0.131653   -0.126929
    -0.377273   -0.211886   -0.114350   -0.127625    0.730223
    -0.016964   -0.009727    0.731723   -0.373429    0.032742
    -0.074615   -0.041515    0.412545    0.731414    0.144219
     0.429617    0.245900    0.136450   -0.092356   -0.035520
     0.322787   -0.357791   -0.278085    0.171252    0.048194
    -0.246999    0.451809   -0.076648   -0.328414   -0.061465
     0.330030    0.367255   -0.072523    0.194613   -0.051863
    -0.288637    0.385489   -0.287491    0.183752   -0.052102
     0.397013   -0.331015   -0.117871   -0.271347    0.044175

 Minimum search - taking simple RFO step
 Searching for Lamda that Minimizes Along All modes
 Value Taken    Lamda =  -0.00002266
 Step Taken.  Stepsize is  0.010603


                      Coordinates and Displacements in Atomic Units
   ATOM            Current Value    Gradient  Displacement   New Value
  1  o         X       5.368006     0.000355     0.002557     5.370563
               Y       1.078662     0.000016     0.000115     1.078777
               Z       6.854713     0.000070     0.000504     6.855217
  2  c         X       3.137620     0.000168     0.003005     3.140625
               Y       0.978628     0.000007     0.000135     0.978763
               Z       6.414356     0.000034     0.000594     6.414950
  3  h         X       2.228826    -0.000036    -0.003487     2.225340
               Y       2.157698     0.001375    -0.004456     2.153242
               Z       4.901103    -0.001512     0.004012     4.905115
  4  h         X       1.827994    -0.000487    -0.002075     1.825919
               Y      -0.299947    -0.001398     0.004205    -0.295742
               Z       7.489607     0.001408    -0.005110     7.484496

                             Maximum     Tolerance    Cnvgd?
         Gradient           0.001512      0.000001      NO
         Displacement       0.005110      0.000001      NO
         Energy change     -0.000027      0.000000      NO

 ----------------------------------------------------------------
             Standard Nuclear Orientation (Angstroms)
    I     Atom           X                Y                Z
 ----------------------------------------------------------------
    1      O       2.8419792850     0.5708640461     3.6276247971
    2      C       1.6619471645     0.5179390193     3.3946453580
    3      H       1.1775990787     1.1394468010     2.5956750770
    4      H       0.9662344718    -0.1564998664     3.9606247679
 ----------------------------------------------------------------
 Nuclear Repulsion Energy =          31.18751913 hartrees
 There are        8 alpha and        8 beta electrons
 Applying Cartesian multipole field
    Component          Value
    ---------          -----
     (2,0,0)        1.00000E-11
     (0,2,0)        2.00000E-10
     (0,0,2)       -3.00000E-11
 Nucleus-field energy     =    -0.0000000141 hartrees
 Requested basis set is cc-pVDZ
 There are 18 shells and 38 basis functions
 A cutoff of  1.0D-14 yielded    171 shell pairs
 There are       779 function pairs (       868 Cartesian)
 Smallest overlap matrix eigenvalue = 1.95E-02
 Guess MOs from SCF MO coefficient file

 -----------------------------------------------------------------------
  General SCF calculation program by
  Eric Jon Sundstrom, Paul Horn, Yuezhi Mao, Dmitri Zuev, Alec White,
  David Stuck, Shaama M.S., Shane Yost, Joonho Lee, David Small,
  Daniel Levine, Susi Lehtola, Hugh Burton, Evgeny Epifanovsky,
  Bang C. Huynh
 -----------------------------------------------------------------------
 Exchange:     0.2000 Hartree-Fock + 0.0800 Slater + 0.7200 B88
 Correlation:  0.1900 VWN1RPA + 0.8100 LYP
 Using Euler-Maclaurin-Lebedev (99,590) quadrature formula
Added inc_jk
Added qchem_hcore
Added xc
Added P-dependent contribution
 A restricted SCF calculation will be
 performed using GDM
 SCF converges when RMS gradient is below 1.0e-10
 User-specified cutoff of 10e-14
 used for neglect of 2-electron integrals.
 A cutoff of 10e-14
 used for neglect of overlap integrals.
 Incremental Fock algorithm is on at the start.
 ---------------------------------------
  Cycle       Energy        RMS Gradient
 ---------------------------------------
    1    -114.5076346804      5.93e-04   Normal BFGS step
    2    -114.5076361088      2.58e-04   Normal BFGS step
    3    -114.5076359630      5.55e-04  Line search: overstep
    4    -114.5076361690      4.58e-05   Normal BFGS step
    5    -114.5076361777      2.08e-05   Normal BFGS step
    6    -114.5076361789      8.62e-06   Normal BFGS step
    7    -114.5076361792      1.18e-06   Normal BFGS step
    8    -114.5076361792      1.83e-07   Normal BFGS step
    9    -114.5076361792      2.39e-08   Normal BFGS step
   10    -114.5076361792      1.51e-09   Normal BFGS step
   11    -114.5076361792      2.17e-10   Normal BFGS step
   12    -114.5076361792      6.99e-11  Convergence criterion met
 ---------------------------------------
 SCF time:   CPU 6.09s  wall 1.00s 
 SCF   energy =  -114.50763618
 Total energy =  -114.50763618
 Integrated density by DFT XC:
   Number of electrons = 16
   Numerical integral  =    16.000000027567
   Relative error      =     0.0000001723 %

 --------------------------------------------------------------

                    Orbital Energies (a.u.)
 --------------------------------------------------------------

 Alpha MOs
 -- Occupied --
-19.1603 -10.2901  -1.0636  -0.6324  -0.4916  -0.4503  -0.4009  -0.2671
 -- Virtual --
 -0.0441   0.0648   0.1331   0.2082   0.4497   0.4619   0.5365   0.5869
  0.6320   0.7588   0.8715   0.9258   0.9788   1.0535   1.1648   1.4051
  1.4320   1.5346   1.6518   1.6701   1.6875   1.7231   2.2322   2.3025
  2.3896   2.6706   2.7879   3.0336   3.3231   3.4205
 --------------------------------------------------------------

          Ground-State Mulliken Net Atomic Charges

     Atom                 Charge (a.u.)
  ----------------------------------------
      1 O                    -0.179026
      2 C                     0.161215
      3 H                     0.008906
      4 H                     0.008906
  ----------------------------------------
  Sum of atomic charges =     0.000000

 -----------------------------------------------------------------
                    Cartesian Multipole Moments
 -----------------------------------------------------------------
    Charge (ESU x 10^10)
                 0.0000
    Dipole Moment (Debye)
         X      -2.0254      Y      -0.0908      Z      -0.3999
       Tot       2.0665
    Quadrupole Moments (Debye-Ang)
        XX     -20.7262     XY      -1.3281     YY     -11.5917
        XZ      -8.0356     YZ      -0.4573     ZZ     -14.3163
    Octopole Moments (Debye-Ang^2)
       XXX    -105.0583    XXY     -11.9284    XYY     -25.2180
       YYY     -18.6469    XXZ     -74.6998    XYZ      -4.6508
       YYZ     -40.4012    XZZ     -55.9259    YZZ      -8.1511
       ZZZ    -135.1435
    Hexadecapole Moments (Debye-Ang^3)
      XXXX    -452.3262   XXXY     -60.2253   XXYY     -67.8803
      XYYY     -40.9829   YYYY     -34.2785   XXXZ    -375.4922
      XXYZ     -40.4228   XYYZ     -88.5352   YYYZ     -62.7274
      XXZZ    -330.7474   XYZZ     -29.5733   YYZZ    -148.8108
      XZZZ    -380.5209   YZZZ     -70.2716   ZZZZ    -924.2512
 -----------------------------------------------------------------
 Calculating analytic gradient of the SCF energy
Added xc
 Gradient of SCF Energy
            1           2           3           4
    1   0.0002032   0.0007223  -0.0003528  -0.0005727
    2   0.0000092   0.0000324   0.0006545  -0.0006961
    3   0.0000401   0.0001433  -0.0008027   0.0006193
 Max gradient component =       8.027E-04
 RMS gradient           =       4.983E-04
 Gradient time:  CPU 1.00 s  wall 0.20 s
 Geometry Optimization Parameters
   NAtoms,    NIC,     NZ,  NCons,   NDum,   NFix, NCnnct, MaxDiis
        4      17       0       0       0       0       0       0

 Rotation Matrix is:


     1.000000    0.000000    0.000000
     0.000000    1.000000    0.000000
     0.000000    0.000000    1.000000

 Cartesian Hessian Update
 Hessian updated using BFGS update


** GEOMETRY OPTIMIZATION IN CARTESIAN COORDINATES **
   Searching for a Minimum

   Optimization Cycle:   7

                       Coordinates (Angstroms)
     ATOM                X               Y               Z
      1  O         2.8419792850    0.5708640461    3.6276247971
      2  C         1.6619471645    0.5179390193    3.3946453580
      3  H         1.1775990787    1.1394468010    2.5956750770
      4  H         0.9662344718   -0.1564998664    3.9606247679
   Point Group: c1    Number of degrees of freedom:     6


   Energy is   -114.507636179


                       Cartesian Gradient (au)
     ATOM              X           Y           Z
    1  O           0.000203    0.000009    0.000040
    2  C           0.000722    0.000032    0.000143
    3  H          -0.000353    0.000655   -0.000803
    4  H          -0.000573   -0.000696    0.000619

 Vectors for Translations and Rotations


     0.500000    0.000000    0.000000    0.000000    0.133976   -0.067451
     0.000000    0.500000    0.000000   -0.000001   -0.594354   -0.413563
     0.000000    0.000000    0.500000   -0.000001   -0.543561    0.435583
     0.500000    0.000000    0.000000    0.000000    0.000002   -0.000001
     0.000000    0.500000    0.000000    0.000001   -0.000004   -0.000003
     0.000000    0.000000    0.500000   -0.000001   -0.000003    0.000003
     0.500000    0.000000    0.000000    0.116027   -0.066989    0.499678
     0.000000    0.500000    0.000000   -0.514726    0.297180    0.227682
     0.000000    0.000000    0.500000   -0.470737    0.271783   -0.125797
     0.500000    0.000000    0.000000   -0.116027   -0.066989   -0.432226
     0.000000    0.500000    0.000000    0.514727    0.297178    0.185884
     0.000000    0.000000    0.500000    0.470739    0.271781   -0.309789

 The Projection Matrix


     0.727501    0.051734    0.102205   -0.250000    0.000000    0.000001
     0.051734    0.225709   -0.142926    0.000001   -0.250003   -0.000001
     0.102205   -0.142926    0.264809    0.000001   -0.000001   -0.250003
    -0.250000    0.000001    0.000001    0.750000    0.000000    0.000000
     0.000000   -0.250003   -0.000001    0.000000    0.750000   -0.000000
     0.000001   -0.000001   -0.250003    0.000000   -0.000000    0.750000
    -0.207321    0.166833   -0.254064   -0.250000    0.000001   -0.000001
    -0.024458    0.020790    0.062360   -0.000000   -0.249998   -0.000000
    -0.044897    0.109509   -0.047475   -0.000001    0.000001   -0.249999
    -0.270179   -0.218568    0.151858   -0.250000   -0.000001    0.000001
    -0.027277    0.003504    0.080566   -0.000001   -0.249999    0.000001
    -0.057308    0.033417    0.032669   -0.000001   -0.000000   -0.249998


    -0.207321   -0.024458   -0.044897   -0.270179   -0.027277   -0.057308
     0.166833    0.020790    0.109509   -0.218568    0.003504    0.033417
    -0.254064    0.062360   -0.047475    0.151858    0.080566    0.032669
    -0.250000   -0.000000   -0.000001   -0.250000   -0.000001   -0.000001
     0.000001   -0.249998    0.000001   -0.000001   -0.249999   -0.000000
    -0.000001   -0.000000   -0.249999    0.000001    0.000001   -0.249998
     0.482372   -0.034137    0.135683   -0.025052   -0.132697    0.118382
    -0.034137    0.344902   -0.294427    0.058595   -0.115694    0.232067
     0.135683   -0.294427    0.438716   -0.090785    0.184917   -0.141242
    -0.025052    0.058595   -0.090785    0.545231    0.159974   -0.061074
    -0.132697   -0.115694    0.184917    0.159974    0.362189   -0.265484
     0.118382    0.232067   -0.141242   -0.061074   -0.265484    0.358571

 Translations and Rotations Projected Out of Hessian

   Hessian Matrix after Projection


     1.008707    0.064340    0.157759   -0.914253   -0.029821   -0.131200
     0.064340    0.226274   -0.140436   -0.029802   -0.251341   -0.005887
     0.157759   -0.140436    0.275784   -0.131131   -0.005888   -0.275904
    -0.914253   -0.029802   -0.131131    1.215885    0.020869    0.092000
    -0.029821   -0.251341   -0.005888    0.020869    0.750935    0.004121
    -0.131200   -0.005887   -0.275904    0.092000    0.004121    0.768167
    -0.013442    0.175540   -0.215814   -0.137032    0.005094    0.022325
    -0.001273    0.021846    0.066913    0.089135   -0.246004    0.017625
    -0.022432    0.110502   -0.043019   -0.069618   -0.003110   -0.263768
    -0.081012   -0.210078    0.189185   -0.164599    0.003857    0.016876
    -0.033246    0.003221    0.079411   -0.080202   -0.253589   -0.015859
    -0.004127    0.035821    0.043138    0.108749    0.004877   -0.228496


    -0.013442   -0.001273   -0.022432   -0.081012   -0.033246   -0.004127
     0.175540    0.021846    0.110502   -0.210078    0.003221    0.035821
    -0.215814    0.066913   -0.043019    0.189185    0.079411    0.043138
    -0.137032    0.089135   -0.069618   -0.164599   -0.080202    0.108749
     0.005094   -0.246004   -0.003110    0.003857   -0.253589    0.004877
     0.022325    0.017625   -0.263768    0.016876   -0.015859   -0.228496
     0.316531   -0.117340    0.185767   -0.166057   -0.063294    0.007722
    -0.117340    0.176445   -0.130744    0.029478    0.047713    0.046206
     0.185767   -0.130744    0.272085   -0.093717    0.023352    0.034702
    -0.166057    0.029478   -0.093717    0.411668    0.176742   -0.112344
    -0.063294    0.047713    0.023352    0.176742    0.202656   -0.086904
     0.007722    0.046206    0.034702   -0.112344   -0.086904    0.150656

  5 Hessian modes will be used to form the next step
  Hessian Eigenvalues:
     0.133199    0.543110    1.000000    1.000000    2.099485

  Hessian Eigenvectors:


    -0.307693    0.456818    0.049680    0.021529   -0.645847
    -0.013842    0.020472   -0.183475    0.031040   -0.028969
    -0.060669    0.090171   -0.210294   -0.115763   -0.127525
    -0.305217    0.303176   -0.122867   -0.118817    0.731688
    -0.013719    0.013708    0.712569   -0.426678    0.032813
    -0.060336    0.059859    0.460018    0.698647    0.144508
     0.367962   -0.330915    0.110425   -0.103221   -0.037564
     0.391331    0.283682   -0.261234    0.191033    0.030951
    -0.337168   -0.391796   -0.110285   -0.321454   -0.043116
     0.244948   -0.429079   -0.037238    0.200509   -0.048277
    -0.363769   -0.317863   -0.267859    0.204605   -0.034795
     0.458172    0.241766   -0.139438   -0.261429    0.026133

 Minimum search - taking simple RFO step
 Searching for Lamda that Minimizes Along All modes
 Value Taken    Lamda =  -0.00000648
 Step Taken.  Stepsize is  0.004726


                      Coordinates and Displacements in Atomic Units
   ATOM            Current Value    Gradient  Displacement   New Value
  1  o         X       5.370563     0.000203     0.000011     5.370574
               Y       1.078777     0.000009     0.000001     1.078777
               Z       6.855217     0.000040     0.000002     6.855219
  2  c         X       3.140625     0.000722     0.000082     3.140707
               Y       0.978763     0.000032     0.000004     0.978767
               Z       6.414950     0.000143     0.000016     6.414966
  3  h         X       2.225340    -0.000353    -0.000419     2.224921
               Y       2.153242     0.000655    -0.002288     2.150954
               Z       4.905115    -0.000803     0.002399     4.907514
  4  h         X       1.825919    -0.000573     0.000326     1.826244
               Y      -0.295742    -0.000696     0.002284    -0.293458
               Z       7.484496     0.000619    -0.002417     7.482079

                             Maximum     Tolerance    Cnvgd?
         Gradient           0.000803      0.000001      NO
         Displacement       0.002417      0.000001      NO
         Energy change     -0.000015      0.000000      NO

 ----------------------------------------------------------------
             Standard Nuclear Orientation (Angstroms)
    I     Atom           X                Y                Z
 ----------------------------------------------------------------
    1      O       2.8419851809     0.5708644295     3.6276259145
    2      C       1.6619906051     0.5179409533     3.3946537005
    3      H       1.1773772619     1.1382359034     2.5969445373
    4      H       0.9664069521    -0.1552912862     3.9593458477
 ----------------------------------------------------------------
 Nuclear Repulsion Energy =          31.19767099 hartrees
 There are        8 alpha and        8 beta electrons
 Applying Cartesian multipole field
    Component          Value
    ---------          -----
     (2,0,0)        1.00000E-11
     (0,2,0)        2.00000E-10
     (0,0,2)       -3.00000E-11
 Nucleus-field energy     =    -0.0000000142 hartrees
 Requested basis set is cc-pVDZ
 There are 18 shells and 38 basis functions
 A cutoff of  1.0D-14 yielded    171 shell pairs
 There are       779 function pairs (       868 Cartesian)
 Smallest overlap matrix eigenvalue = 1.94E-02
 Guess MOs from SCF MO coefficient file

 -----------------------------------------------------------------------
  General SCF calculation program by
  Eric Jon Sundstrom, Paul Horn, Yuezhi Mao, Dmitri Zuev, Alec White,
  David Stuck, Shaama M.S., Shane Yost, Joonho Lee, David Small,
  Daniel Levine, Susi Lehtola, Hugh Burton, Evgeny Epifanovsky,
  Bang C. Huynh
 -----------------------------------------------------------------------
 Exchange:     0.2000 Hartree-Fock + 0.0800 Slater + 0.7200 B88
 Correlation:  0.1900 VWN1RPA + 0.8100 LYP
 Using Euler-Maclaurin-Lebedev (99,590) quadrature formula
Added inc_jk
Added qchem_hcore
Added xc
Added P-dependent contribution
 A restricted SCF calculation will be
 performed using GDM
 SCF converges when RMS gradient is below 1.0e-10
 User-specified cutoff of 10e-14
 used for neglect of 2-electron integrals.
 A cutoff of 10e-14
 used for neglect of overlap integrals.
 Incremental Fock algorithm is on at the start.
 ---------------------------------------
  Cycle       Energy        RMS Gradient
 ---------------------------------------
    1    -114.5076393333      4.94e-04   Normal BFGS step
    2    -114.5076398656      3.27e-04   Normal BFGS step
    3    -114.5076397980      4.44e-04  Line search: overstep
    4    -114.5076399346      5.79e-05   Normal BFGS step
    5    -114.5076399452      2.58e-05   Normal BFGS step
    6    -114.5076399480      9.36e-06   Normal BFGS step
    7    -114.5076399483      1.72e-06   Normal BFGS step
    8    -114.5076399483      1.64e-07   Normal BFGS step
    9    -114.5076399483      3.52e-08   Normal BFGS step
   10    -114.5076399483      2.71e-09   Normal BFGS step
   11    -114.5076399483      4.34e-10   Normal BFGS step
   12    -114.5076399483      8.40e-11  Convergence criterion met
 ---------------------------------------
 SCF time:   CPU 6.09s  wall 1.00s 
 SCF   energy =  -114.50763995
 Total energy =  -114.50763995
 Integrated density by DFT XC:
   Number of electrons = 16
   Numerical integral  =    16.000000027403
   Relative error      =     0.0000001713 %

 --------------------------------------------------------------

                    Orbital Energies (a.u.)
 --------------------------------------------------------------

 Alpha MOs
 -- Occupied --
-19.1603 -10.2899  -1.0636  -0.6329  -0.4918  -0.4504  -0.4008  -0.2671
 -- Virtual --
 -0.0441   0.0651   0.1333   0.2082   0.4498   0.4628   0.5363   0.5873
  0.6320   0.7591   0.8715   0.9261   0.9788   1.0535   1.1647   1.4060
  1.4337   1.5344   1.6525   1.6715   1.6876   1.7236   2.2355   2.3049
  2.3911   2.6708   2.7884   3.0339   3.3243   3.4207
 --------------------------------------------------------------

          Ground-State Mulliken Net Atomic Charges

     Atom                 Charge (a.u.)
  ----------------------------------------
      1 O                    -0.179203
      2 C                     0.162199
      3 H                     0.008502
      4 H                     0.008502
  ----------------------------------------
  Sum of atomic charges =     0.000000

 -----------------------------------------------------------------
                    Cartesian Multipole Moments
 -----------------------------------------------------------------
    Charge (ESU x 10^10)
                -0.0000
    Dipole Moment (Debye)
         X      -2.0272      Y      -0.0909      Z      -0.4002
       Tot       2.0684
    Quadrupole Moments (Debye-Ang)
        XX     -20.7291     XY      -1.3296     YY     -11.5906
        XZ      -8.0420     YZ      -0.4552     ZZ     -14.3177
    Octopole Moments (Debye-Ang^2)
       XXX    -105.0658    XXY     -11.9312    XYY     -25.2178
       YYY     -18.6452    XXZ     -74.7108    XYZ      -4.6532
       YYZ     -40.3951    XZZ     -55.9478    YZZ      -8.1365
       ZZZ    -135.1465
    Hexadecapole Moments (Debye-Ang^3)
      XXXX    -452.3532   XXXY     -60.2307   XXYY     -67.8774
      XYYY     -40.9808   YYYY     -34.2536   XXXZ    -375.5236
      XXYZ     -40.4326   XYYZ     -88.5323   YYYZ     -62.7278
      XXZZ    -330.7839   XYZZ     -29.5724   YYZZ    -148.7770
      XZZZ    -380.5956   YZZZ     -70.2037   ZZZZ    -924.2220
 -----------------------------------------------------------------
 Calculating analytic gradient of the SCF energy
Added xc
 Gradient of SCF Energy
            1           2           3           4
    1   0.0000306   0.0003188  -0.0001566  -0.0001929
    2   0.0000015   0.0000144   0.0001039  -0.0001198
    3   0.0000060   0.0000634  -0.0001522   0.0000828
 Max gradient component =       3.188E-04
 RMS gradient           =       1.365E-04
 Gradient time:  CPU 1.01 s  wall 0.20 s
 Geometry Optimization Parameters
   NAtoms,    NIC,     NZ,  NCons,   NDum,   NFix, NCnnct, MaxDiis
        4      17       0       0       0       0       0       0

 Rotation Matrix is:


     1.000000    0.000000    0.000000
     0.000000    1.000000    0.000000
     0.000000    0.000000    1.000000

 Cartesian Hessian Update
 Hessian updated using BFGS update


** GEOMETRY OPTIMIZATION IN CARTESIAN COORDINATES **
   Searching for a Minimum

   Optimization Cycle:   8

                       Coordinates (Angstroms)
     ATOM                X               Y               Z
      1  O         2.8419851809    0.5708644295    3.6276259145
      2  C         1.6619906051    0.5179409533    3.3946537005
      3  H         1.1773772619    1.1382359034    2.5969445373
      4  H         0.9664069521   -0.1552912862    3.9593458477
   Point Group: c1    Number of degrees of freedom:     6


   Energy is   -114.507639948


                       Cartesian Gradient (au)
     ATOM              X           Y           Z
    1  O           0.000031    0.000001    0.000006
    2  C           0.000319    0.000014    0.000063
    3  H          -0.000157    0.000104   -0.000152
    4  H          -0.000193   -0.000120    0.000083

 Vectors for Translations and Rotations


     0.500000    0.000000    0.000000   -0.000000    0.133974   -0.067508
     0.000000    0.500000    0.000000   -0.000000   -0.594346   -0.413910
     0.000000    0.000000    0.500000    0.000000   -0.543554    0.435949
     0.500000    0.000000    0.000000    0.000000    0.000007   -0.000003
     0.000000    0.500000    0.000000    0.000001   -0.000026   -0.000018
     0.000000    0.000000    0.500000   -0.000001   -0.000023    0.000019
     0.500000    0.000000    0.000000    0.116027   -0.066991    0.499225
     0.000000    0.500000    0.000000   -0.514727    0.297186    0.227841
     0.000000    0.000000    0.500000   -0.470738    0.271789   -0.126083
     0.500000    0.000000    0.000000   -0.116027   -0.066991   -0.431715
     0.000000    0.500000    0.000000    0.514726    0.297186    0.186087
     0.000000    0.000000    0.500000    0.470738    0.271789   -0.309885

 The Projection Matrix


     0.727494    0.051685    0.102252   -0.250001    0.000002    0.000004
     0.051685    0.225431   -0.142615    0.000003   -0.250023   -0.000006
     0.102252   -0.142615    0.264498    0.000005   -0.000006   -0.250021
    -0.250001    0.000003    0.000005    0.750000    0.000000    0.000000
     0.000002   -0.250023   -0.000006    0.000000    0.750000   -0.000000
     0.000004   -0.000006   -0.250021    0.000000   -0.000000    0.750000
    -0.207323    0.166819   -0.254050   -0.249998    0.000007   -0.000011
    -0.024434    0.020937    0.062209   -0.000001   -0.249988    0.000002
    -0.044924    0.109349   -0.047302   -0.000002    0.000005   -0.249992
    -0.270169   -0.218507    0.151793   -0.250001   -0.000009    0.000006
    -0.027253    0.003655    0.080412   -0.000002   -0.249990    0.000004
    -0.057332    0.033272    0.032826   -0.000003    0.000001   -0.249987


    -0.207323   -0.024434   -0.044924   -0.270169   -0.027253   -0.057332
     0.166819    0.020937    0.109349   -0.218507    0.003655    0.033272
    -0.254050    0.062209   -0.047302    0.151793    0.080412    0.032826
    -0.249998   -0.000001   -0.000002   -0.250001   -0.000002   -0.000003
     0.000007   -0.249988    0.000005   -0.000009   -0.249990    0.000001
    -0.000011    0.000002   -0.249992    0.000006    0.000004   -0.249987
     0.482824   -0.034113    0.135770   -0.025502   -0.132713    0.118291
    -0.034113    0.344825   -0.294346    0.058549   -0.115775    0.232134
     0.135770   -0.294346    0.438640   -0.090843    0.184992   -0.141346
    -0.025502    0.058549   -0.090843    0.545672    0.159967   -0.060956
    -0.132713   -0.115775    0.184992    0.159967    0.362109   -0.265408
     0.118291    0.232134   -0.141346   -0.060956   -0.265408    0.358508

 Translations and Rotations Projected Out of Hessian

   Hessian Matrix after Projection


     1.007807    0.064253    0.157634   -0.924088   -0.030264   -0.133151
     0.064253    0.225994   -0.140132   -0.030234   -0.251380   -0.005979
     0.157634   -0.140132    0.275439   -0.133053   -0.005980   -0.276304
    -0.924088   -0.030234   -0.133053    1.165367    0.018593    0.081968
    -0.030264   -0.251380   -0.005980    0.018593    0.750832    0.003669
    -0.133151   -0.005979   -0.276304    0.081968    0.003669    0.766176
    -0.008615    0.175739   -0.214854   -0.112298    0.006214    0.027226
    -0.004288    0.021863    0.066175    0.057091   -0.247446    0.011259
    -0.017941    0.110537   -0.041970   -0.028463   -0.001243   -0.255582
    -0.075104   -0.209758    0.190273   -0.128982    0.005457    0.023956
    -0.029700    0.003523    0.079938   -0.045450   -0.252006   -0.008949
    -0.006543    0.035574    0.042835    0.079548    0.003554   -0.234289


    -0.008615   -0.004288   -0.017941   -0.075104   -0.029700   -0.006543
     0.175739    0.021863    0.110537   -0.209758    0.003523    0.035574
    -0.214854    0.066175   -0.041970    0.190273    0.079938    0.042835
    -0.112298    0.057091   -0.028463   -0.128982   -0.045450    0.079548
     0.006214   -0.247446   -0.001243    0.005457   -0.252006    0.003554
     0.027226    0.011259   -0.255582    0.023956   -0.008949   -0.234289
     0.304873   -0.101583    0.165654   -0.183961   -0.080371    0.021973
    -0.101583    0.166071   -0.115505    0.048780    0.059513    0.038071
     0.165654   -0.115505    0.250433   -0.119250    0.006211    0.047119
    -0.183961    0.048780   -0.119250    0.388047    0.155521   -0.094978
    -0.080371    0.059513    0.006211    0.155521    0.188970   -0.077200
     0.021973    0.038071    0.047119   -0.094978   -0.077200    0.144335

  5 Hessian modes will be used to form the next step
  Hessian Eigenvalues:
     0.148546    0.413849    1.000000    1.000000    2.071949

  Hessian Eigenvectors:


    -0.304199    0.435188    0.041009    0.035315   -0.662239
    -0.013692    0.019483   -0.052119   -0.178188   -0.029700
    -0.059989    0.085850   -0.196281   -0.138931   -0.130752
    -0.294403    0.338680   -0.160610   -0.058588    0.720454
    -0.013215    0.015330   -0.072276    0.827112    0.032306
    -0.058170    0.067054    0.829487    0.108462    0.142254
     0.361711   -0.338811   -0.044493    0.145126   -0.026195
     0.396544    0.277570    0.057472   -0.318509    0.016565
    -0.344426   -0.387130   -0.337143    0.041628   -0.024571
     0.236890   -0.435057    0.164095   -0.121852   -0.032020
    -0.369637   -0.312382    0.066924   -0.330416   -0.019170
     0.462585    0.234227   -0.296063   -0.011158    0.013068

 Minimum search - taking simple RFO step
 Searching for Lamda that Minimizes Along All modes
 Value Taken    Lamda =  -0.00000044
 Step Taken.  Stepsize is  0.001018


                      Coordinates and Displacements in Atomic Units
   ATOM            Current Value    Gradient  Displacement   New Value
  1  o         X       5.370574     0.000031    -0.000422     5.370152
               Y       1.078777     0.000001    -0.000019     1.078759
               Z       6.855219     0.000006    -0.000083     6.855136
  2  c         X       3.140707     0.000319    -0.000483     3.140224
               Y       0.978767     0.000014    -0.000022     0.978745
               Z       6.414966     0.000063    -0.000096     6.414870
  3  h         X       2.224921    -0.000157     0.000419     2.225339
               Y       2.150954     0.000104    -0.000186     2.150768
               Z       4.907514    -0.000152     0.000307     4.907821
  4  h         X       1.826244    -0.000193     0.000486     1.826730
               Y      -0.293458    -0.000120     0.000227    -0.293231
               Z       7.482079     0.000083    -0.000128     7.481951

                             Maximum     Tolerance    Cnvgd?
         Gradient           0.000319      0.000001      NO
         Displacement       0.000486      0.000001      NO
         Energy change     -0.000004      0.000000      NO

 ----------------------------------------------------------------
             Standard Nuclear Orientation (Angstroms)
    I     Atom           X                Y                Z
 ----------------------------------------------------------------
    1      O       2.8417619958     0.5708544561     3.6275819471
    2      C       1.6617352184     0.5179293773     3.3946029959
    3      H       1.1775987333     1.1381374797     2.5971068848
    4      H       0.9666640525    -0.1551713131     3.9592781722
 ----------------------------------------------------------------
 Nuclear Repulsion Energy =          31.20019620 hartrees
 There are        8 alpha and        8 beta electrons
 Applying Cartesian multipole field
    Component          Value
    ---------          -----
     (2,0,0)        1.00000E-11
     (0,2,0)        2.00000E-10
     (0,0,2)       -3.00000E-11
 Nucleus-field energy     =    -0.0000000142 hartrees
 Requested basis set is cc-pVDZ
 There are 18 shells and 38 basis functions
 A cutoff of  1.0D-14 yielded    171 shell pairs
 There are       779 function pairs (       868 Cartesian)
 Smallest overlap matrix eigenvalue = 1.94E-02
 Guess MOs from SCF MO coefficient file

 -----------------------------------------------------------------------
  General SCF calculation program by
  Eric Jon Sundstrom, Paul Horn, Yuezhi Mao, Dmitri Zuev, Alec White,
  David Stuck, Shaama M.S., Shane Yost, Joonho Lee, David Small,
  Daniel Levine, Susi Lehtola, Hugh Burton, Evgeny Epifanovsky,
  Bang C. Huynh
 -----------------------------------------------------------------------
 Exchange:     0.2000 Hartree-Fock + 0.0800 Slater + 0.7200 B88
 Correlation:  0.1900 VWN1RPA + 0.8100 LYP
 Using Euler-Maclaurin-Lebedev (99,590) quadrature formula
Added inc_jk
Added qchem_hcore
Added xc
Added P-dependent contribution
 A restricted SCF calculation will be
 performed using GDM
 SCF converges when RMS gradient is below 1.0e-10
 User-specified cutoff of 10e-14
 used for neglect of 2-electron integrals.
 A cutoff of 10e-14
 used for neglect of overlap integrals.
 Incremental Fock algorithm is on at the start.
 ---------------------------------------
  Cycle       Energy        RMS Gradient
 ---------------------------------------
    1    -114.5076401236      1.03e-04   Normal BFGS step
    2    -114.5076401648      1.82e-04   Normal BFGS step
    3    -114.5076401692      1.29e-04   Normal BFGS step
    4    -114.5076401872      1.01e-05   Normal BFGS step
    5    -114.5076401875      6.88e-06   Normal BFGS step
    6    -114.5076401877      6.48e-07   Normal BFGS step
    7    -114.5076401877      1.88e-07   Normal BFGS step
    8    -114.5076401877      9.22e-09   Normal BFGS step
    9    -114.5076401877      1.74e-09   Normal BFGS step
   10    -114.5076401877      7.16e-11  Convergence criterion met
 ---------------------------------------
 SCF time:   CPU 5.20s  wall 1.00s 
 SCF   energy =  -114.50764019
 Total energy =  -114.50764019
 Integrated density by DFT XC:
   Number of electrons = 16
   Numerical integral  =    16.000000027323
   Relative error      =     0.0000001708 %

 --------------------------------------------------------------

                    Orbital Energies (a.u.)
 --------------------------------------------------------------

 Alpha MOs
 -- Occupied --
-19.1602 -10.2898  -1.0636  -0.6329  -0.4919  -0.4503  -0.4008  -0.2671
 -- Virtual --
 -0.0441   0.0652   0.1334   0.2082   0.4498   0.4628   0.5365   0.5874
  0.6320   0.7592   0.8716   0.9260   0.9789   1.0535   1.1648   1.4062
  1.4337   1.5348   1.6530   1.6716   1.6876   1.7239   2.2359   2.3054
  2.3914   2.6709   2.7889   3.0339   3.3244   3.4207
 --------------------------------------------------------------

          Ground-State Mulliken Net Atomic Charges

     Atom                 Charge (a.u.)
  ----------------------------------------
      1 O                    -0.179323
      2 C                     0.162434
      3 H                     0.008445
      4 H                     0.008445
  ----------------------------------------
  Sum of atomic charges =     0.000000

 -----------------------------------------------------------------
                    Cartesian Multipole Moments
 -----------------------------------------------------------------
    Charge (ESU x 10^10)
                -0.0000
    Dipole Moment (Debye)
         X      -2.0279      Y      -0.0910      Z      -0.4004
       Tot       2.0690
    Quadrupole Moments (Debye-Ang)
        XX     -20.7308     XY      -1.3299     YY     -11.5894
        XZ      -8.0445     YZ      -0.4559     ZZ     -14.3174
    Octopole Moments (Debye-Ang^2)
       XXX    -105.0639    XXY     -11.9319    XYY     -25.2145
       YYY     -18.6432    XXZ     -74.7171    XYZ      -4.6553
       YYZ     -40.3915    XZZ     -55.9540    YZZ      -8.1397
       ZZZ    -135.1376
    Hexadecapole Moments (Debye-Ang^3)
      XXXX    -452.3023   XXXY     -60.2281   XXYY     -67.8657
      XYYY     -40.9745   YYYY     -34.2460   XXXZ    -375.5146
      XXYZ     -40.4368   XYYZ     -88.5214   YYYZ     -62.7230
      XXZZ    -330.7941   XYZZ     -29.5806   YYZZ    -148.7629
      XZZZ    -380.5946   YZZZ     -70.2174   ZZZZ    -924.1396
 -----------------------------------------------------------------
 Calculating analytic gradient of the SCF energy
Added xc
 Gradient of SCF Energy
            1           2           3           4
    1  -0.0000026   0.0000456  -0.0000216  -0.0000214
    2   0.0000000   0.0000022  -0.0000011  -0.0000011
    3  -0.0000005   0.0000092  -0.0000041  -0.0000046
 Max gradient component =       4.559E-05
 RMS gradient           =       1.618E-05
 Gradient time:  CPU 1.00 s  wall 0.20 s
 Geometry Optimization Parameters
   NAtoms,    NIC,     NZ,  NCons,   NDum,   NFix, NCnnct, MaxDiis
        4      17       0       0       0       0       0       0

 Rotation Matrix is:


     1.000000    0.000000    0.000000
     0.000000    1.000000    0.000000
     0.000000    0.000000    1.000000

 Cartesian Hessian Update
 Hessian updated using BFGS update


** GEOMETRY OPTIMIZATION IN CARTESIAN COORDINATES **
   Searching for a Minimum

   Optimization Cycle:   9

                       Coordinates (Angstroms)
     ATOM                X               Y               Z
      1  O         2.8417619958    0.5708544561    3.6275819471
      2  C         1.6617352184    0.5179293773    3.3946029959
      3  H         1.1775987333    1.1381374797    2.5971068848
      4  H         0.9666640525   -0.1551713131    3.9592781722
   Point Group: c1    Number of degrees of freedom:     6


   Energy is   -114.507640188


                       Cartesian Gradient (au)
     ATOM              X           Y           Z
    1  O          -0.000003    0.000000   -0.000000
    2  C           0.000046    0.000002    0.000009
    3  H          -0.000022   -0.000001   -0.000004
    4  H          -0.000021   -0.000001   -0.000005

 Vectors for Translations and Rotations


     0.500000    0.000000    0.000000   -0.000000    0.133984   -0.067510
     0.000000    0.500000    0.000000   -0.000000   -0.594389   -0.413923
     0.000000    0.000000    0.500000    0.000000   -0.543593    0.435962
     0.500000    0.000000    0.000000    0.000000   -0.000022    0.000012
     0.000000    0.500000    0.000000    0.000001    0.000103    0.000072
     0.000000    0.000000    0.500000   -0.000001    0.000094   -0.000076
     0.500000    0.000000    0.000000    0.116027   -0.066981    0.499243
     0.000000    0.500000    0.000000   -0.514727    0.297143    0.227804
     0.000000    0.000000    0.500000   -0.470738    0.271749   -0.126038
     0.500000    0.000000    0.000000   -0.116027   -0.066981   -0.431745
     0.000000    0.500000    0.000000    0.514726    0.297143    0.186047
     0.000000    0.000000    0.500000    0.470738    0.271749   -0.309849

 The Projection Matrix


     0.727491    0.051695    0.102265   -0.249996   -0.000009   -0.000018
     0.051695    0.225369   -0.142651   -0.000008   -0.249909    0.000025
     0.102265   -0.142651    0.264443   -0.000017    0.000025   -0.249916
    -0.249996   -0.000008   -0.000017    0.750000    0.000000    0.000000
    -0.000009   -0.249909    0.000025    0.000000    0.750000   -0.000000
    -0.000018    0.000025   -0.249916    0.000000   -0.000000    0.750000
    -0.207322    0.166835   -0.254061   -0.250007   -0.000029    0.000044
    -0.024434    0.020912    0.062211    0.000004   -0.250047   -0.000011
    -0.044919    0.109355   -0.047331    0.000008   -0.000019   -0.250036
    -0.270173   -0.218522    0.151814   -0.249996    0.000038   -0.000026
    -0.027252    0.003628    0.080415    0.000004   -0.250044   -0.000014
    -0.057328    0.033271    0.032803    0.000010   -0.000006   -0.250049


    -0.207322   -0.024434   -0.044919   -0.270173   -0.027252   -0.057328
     0.166835    0.020912    0.109355   -0.218522    0.003628    0.033271
    -0.254061    0.062211   -0.047331    0.151814    0.080415    0.032803
    -0.250007    0.000004    0.000008   -0.249996    0.000004    0.000010
    -0.000029   -0.250047   -0.000019    0.000038   -0.250044   -0.000006
     0.000044   -0.000011   -0.250036   -0.000026   -0.000014   -0.250049
     0.482808   -0.034104    0.135744   -0.025479   -0.132702    0.118273
    -0.034104    0.344868   -0.294338    0.058534   -0.115733    0.232138
     0.135744   -0.294338    0.438673   -0.090833    0.185002   -0.141306
    -0.025479    0.058534   -0.090833    0.545648    0.159950   -0.060955
    -0.132702   -0.115733    0.185002    0.159950    0.362149   -0.265403
     0.118273    0.232138   -0.141306   -0.060955   -0.265403    0.358551

 Translations and Rotations Projected Out of Hessian

   Hessian Matrix after Projection


     1.008446    0.064295    0.157778   -0.923477   -0.030260   -0.133065
     0.064295    0.225934   -0.140161   -0.030183   -0.251264   -0.005936
     0.157778   -0.140161    0.275412   -0.132899   -0.005944   -0.276167
    -0.923477   -0.030183   -0.132899    1.121732    0.016516    0.073195
    -0.030260   -0.251264   -0.005944    0.016516    0.750734    0.003252
    -0.133065   -0.005936   -0.276167    0.073195    0.003252    0.764412
    -0.008982    0.175721   -0.214966   -0.091473    0.007172    0.031472
    -0.002744    0.021918    0.066498    0.053962   -0.247686    0.010584
    -0.019706    0.110446   -0.042374   -0.019795   -0.000820   -0.253850
    -0.075986   -0.209833    0.190087   -0.106781    0.006573    0.028398
    -0.031291    0.003412    0.079607   -0.040296   -0.251784   -0.007900
    -0.005007    0.035651    0.043128    0.079498    0.003512   -0.234395


    -0.008982   -0.002744   -0.019706   -0.075986   -0.031291   -0.005007
     0.175721    0.021918    0.110446   -0.209833    0.003412    0.035651
    -0.214966    0.066498   -0.042374    0.190087    0.079607    0.043128
    -0.091473    0.053962   -0.019795   -0.106781   -0.040296    0.079498
     0.007172   -0.247686   -0.000820    0.006573   -0.251784    0.003512
     0.031472    0.010584   -0.253850    0.028398   -0.007900   -0.234395
     0.294920   -0.100262    0.161698   -0.194465   -0.082632    0.021797
    -0.100262    0.169349   -0.118683    0.049043    0.056418    0.041602
     0.161698   -0.118683    0.252938   -0.122197    0.009057    0.043286
    -0.194465    0.049043   -0.122197    0.377232    0.154218   -0.096288
    -0.082632    0.056418    0.009057    0.154218    0.191953   -0.080765
     0.021797    0.041602    0.043286   -0.096288   -0.080765    0.147981

  5 Hessian modes will be used to form the next step
  Hessian Eigenvalues:
     0.143406    0.392587    1.000000    1.000000    2.045050

  Hessian Eigenvectors:


    -0.340544   -0.390115    0.049395    0.021241   -0.672576
    -0.015308   -0.017382   -0.102939   -0.154796   -0.030139
    -0.067142   -0.076849   -0.228732   -0.073541   -0.132754
    -0.334011   -0.319783   -0.170827   -0.007939    0.711751
    -0.015034   -0.014730    0.178144    0.811170    0.031834
    -0.066059   -0.063616    0.823991   -0.144471    0.140427
     0.394453    0.300676    0.001078    0.151345   -0.017110
     0.366166   -0.316600   -0.040437   -0.321183    0.014372
    -0.303101    0.420596   -0.309231    0.140291   -0.019868
     0.280102    0.409222    0.120354   -0.164647   -0.022065
    -0.335824    0.348712   -0.034768   -0.335191   -0.016067
     0.436301   -0.280131   -0.286028    0.077720    0.012195

 Minimum search - taking simple RFO step
 Searching for Lamda that Minimizes Along All modes
 Value Taken    Lamda =  -0.00000001
 Step Taken.  Stepsize is  0.000225


                      Coordinates and Displacements in Atomic Units
   ATOM            Current Value    Gradient  Displacement   New Value
  1  o         X       5.370152    -0.000003    -0.000090     5.370062
               Y       1.078759     0.000000    -0.000004     1.078755
               Z       6.855136    -0.000000    -0.000018     6.855119
  2  c         X       3.140224     0.000046    -0.000108     3.140117
               Y       0.978745     0.000002    -0.000005     0.978740
               Z       6.414870     0.000009    -0.000021     6.414848
  3  h         X       2.225339    -0.000022     0.000106     2.225446
               Y       2.150768    -0.000001     0.000053     2.150821
               Z       4.907821    -0.000004    -0.000032     4.907789
  4  h         X       1.826730    -0.000021     0.000091     1.826821
               Y      -0.293231    -0.000001    -0.000044    -0.293275
               Z       7.481951    -0.000005     0.000071     7.482022

                             Maximum     Tolerance    Cnvgd?
         Gradient           0.000046      0.000001      NO
         Displacement       0.000108      0.000001      NO
         Energy change     -0.000000      0.000000      NO

 ----------------------------------------------------------------
             Standard Nuclear Orientation (Angstroms)
    I     Atom           X                Y                Z
 ----------------------------------------------------------------
    1      O       2.8417145733     0.5708523546     3.6275726379
    2      C       1.6616783213     0.5179267221     3.3945916300
    3      H       1.1776550687     1.1381655346     2.5970901757
    4      H       0.9667120368    -0.1551946112     3.9593155564
 ----------------------------------------------------------------
 Nuclear Repulsion Energy =          31.20030521 hartrees
 There are        8 alpha and        8 beta electrons
 Applying Cartesian multipole field
    Component          Value
    ---------          -----
     (2,0,0)        1.00000E-11
     (0,2,0)        2.00000E-10
     (0,0,2)       -3.00000E-11
 Nucleus-field energy     =    -0.0000000142 hartrees
 Requested basis set is cc-pVDZ
 There are 18 shells and 38 basis functions
 A cutoff of  1.0D-14 yielded    171 shell pairs
 There are       779 function pairs (       868 Cartesian)
 Smallest overlap matrix eigenvalue = 1.94E-02
 Guess MOs from SCF MO coefficient file

 -----------------------------------------------------------------------
  General SCF calculation program by
  Eric Jon Sundstrom, Paul Horn, Yuezhi Mao, Dmitri Zuev, Alec White,
  David Stuck, Shaama M.S., Shane Yost, Joonho Lee, David Small,
  Daniel Levine, Susi Lehtola, Hugh Burton, Evgeny Epifanovsky,
  Bang C. Huynh
 -----------------------------------------------------------------------
 Exchange:     0.2000 Hartree-Fock + 0.0800 Slater + 0.7200 B88
 Correlation:  0.1900 VWN1RPA + 0.8100 LYP
 Using Euler-Maclaurin-Lebedev (99,590) quadrature formula
Added inc_jk
Added qchem_hcore
Added xc
Added P-dependent contribution
 A restricted SCF calculation will be
 performed using GDM
 SCF converges when RMS gradient is below 1.0e-10
 User-specified cutoff of 10e-14
 used for neglect of 2-electron integrals.
 A cutoff of 10e-14
 used for neglect of overlap integrals.
 Incremental Fock algorithm is on at the start.
 ---------------------------------------
  Cycle       Energy        RMS Gradient
 ---------------------------------------
    1    -114.5076401912      1.51e-05   Normal BFGS step
    2    -114.5076401921      2.61e-05   Normal BFGS step
    3    -114.5076401922      1.87e-05   Normal BFGS step
    4    -114.5076401926      8.17e-07   Normal BFGS step
    5    -114.5076401926      5.16e-07   Normal BFGS step
    6    -114.5076401926      6.86e-08   Normal BFGS step
    7    -114.5076401926      2.03e-08   Normal BFGS step
    8    -114.5076401926      8.96e-10   Normal BFGS step
    9    -114.5076401926      1.52e-10   Normal BFGS step
   10    -114.5076401926      9.74e-12  Convergence criterion met
 ---------------------------------------
 SCF time:   CPU 5.19s  wall 1.00s 
 SCF   energy =  -114.50764019
 Total energy =  -114.50764019
 Integrated density by DFT XC:
   Number of electrons = 16
   Numerical integral  =    16.000000027308
   Relative error      =     0.0000001707 %

 --------------------------------------------------------------

                    Orbital Energies (a.u.)
 --------------------------------------------------------------

 Alpha MOs
 -- Occupied --
-19.1602 -10.2898  -1.0636  -0.6329  -0.4919  -0.4503  -0.4008  -0.2671
 -- Virtual --
 -0.0441   0.0652   0.1334   0.2082   0.4498   0.4628   0.5366   0.5874
  0.6320   0.7592   0.8716   0.9260   0.9789   1.0535   1.1648   1.4063
  1.4336   1.5348   1.6531   1.6715   1.6877   1.7240   2.2358   2.3055
  2.3915   2.6709   2.7890   3.0338   3.3244   3.4207
 --------------------------------------------------------------

          Ground-State Mulliken Net Atomic Charges

     Atom                 Charge (a.u.)
  ----------------------------------------
      1 O                    -0.179343
      2 C                     0.162444
      3 H                     0.008450
      4 H                     0.008450
  ----------------------------------------
  Sum of atomic charges =     0.000000

 -----------------------------------------------------------------
                    Cartesian Multipole Moments
 -----------------------------------------------------------------
    Charge (ESU x 10^10)
                 0.0000
    Dipole Moment (Debye)
         X      -2.0279      Y      -0.0910      Z      -0.4004
       Tot       2.0691
    Quadrupole Moments (Debye-Ang)
        XX     -20.7311     XY      -1.3299     YY     -11.5892
        XZ      -8.0448     YZ      -0.4561     ZZ     -14.3172
    Octopole Moments (Debye-Ang^2)
       XXX    -105.0632    XXY     -11.9319    XYY     -25.2139
       YYY     -18.6428    XXZ     -74.7181    XYZ      -4.6556
       YYZ     -40.3909    XZZ     -55.9546    YZZ      -8.1410
       ZZZ    -135.1356
    Hexadecapole Moments (Debye-Ang^3)
      XXXX    -452.2906   XXXY     -60.2274   XXYY     -67.8634
      XYYY     -40.9733   YYYY     -34.2454   XXXZ    -375.5117
      XXYZ     -40.4373   XYYZ     -88.5192   YYYZ     -62.7220
      XXZZ    -330.7950   XYZZ     -29.5825   YYZZ    -148.7613
      XZZZ    -380.5917   YZZZ     -70.2233   ZZZZ    -924.1233
 -----------------------------------------------------------------
 Calculating analytic gradient of the SCF energy
Added xc
 Gradient of SCF Energy
            1           2           3           4
    1  -0.0000010   0.0000019  -0.0000007  -0.0000002
    2   0.0000001   0.0000002  -0.0000012   0.0000009
    3  -0.0000001   0.0000005   0.0000012  -0.0000015
 Max gradient component =       1.879E-06
 RMS gradient           =       9.617E-07
 Gradient time:  CPU 1.00 s  wall 0.20 s
 Geometry Optimization Parameters
   NAtoms,    NIC,     NZ,  NCons,   NDum,   NFix, NCnnct, MaxDiis
        4      17       0       0       0       0       0       0

 Rotation Matrix is:


     1.000000    0.000000    0.000000
     0.000000    1.000000    0.000000
     0.000000    0.000000    1.000000

 Cartesian Hessian Update
 Hessian updated using BFGS update
**WARNING** Hereditary positive definiteness endangered
 due to small product of step size times gradient change
**WARNING** Small scalar product
 Hessian update skipped this cycle


** GEOMETRY OPTIMIZATION IN CARTESIAN COORDINATES **
   Searching for a Minimum

   Optimization Cycle:  10

                       Coordinates (Angstroms)
     ATOM                X               Y               Z
      1  O         2.8417145733    0.5708523546    3.6275726379
      2  C         1.6616783213    0.5179267221    3.3945916300
      3  H         1.1776550687    1.1381655346    2.5970901757
      4  H         0.9667120368   -0.1551946112    3.9593155564
   Point Group: c1    Number of degrees of freedom:     6


   Energy is   -114.507640193


                       Cartesian Gradient (au)
     ATOM              X           Y           Z
    1  O          -0.000001    0.000000   -0.000000
    2  C           0.000002    0.000000    0.000001
    3  H          -0.000001   -0.000001    0.000001
    4  H          -0.000000    0.000001   -0.000002

 Vectors for Translations and Rotations


     0.500000    0.000000    0.000000   -0.000000    0.133986   -0.067508
     0.000000    0.500000    0.000000   -0.000000   -0.594399   -0.413912
     0.000000    0.000000    0.500000    0.000000   -0.543602    0.435951
     0.500000    0.000000    0.000000    0.000000   -0.000029    0.000015
     0.000000    0.500000    0.000000    0.000001    0.000132    0.000092
     0.000000    0.000000    0.500000   -0.000001    0.000121   -0.000097
     0.500000    0.000000    0.000000    0.116027   -0.066979    0.499265
     0.000000    0.500000    0.000000   -0.514727    0.297134    0.227789
     0.000000    0.000000    0.500000   -0.470738    0.271741   -0.126017
     0.500000    0.000000    0.000000   -0.116027   -0.066979   -0.431772
     0.000000    0.500000    0.000000    0.514726    0.297133    0.186031
     0.000000    0.000000    0.500000    0.470738    0.271740   -0.309837

 The Projection Matrix


     0.727490    0.051699    0.102265   -0.249995   -0.000011   -0.000023
     0.051699    0.225367   -0.142671   -0.000011   -0.249884    0.000032
     0.102265   -0.142671    0.264444   -0.000022    0.000032   -0.249892
    -0.249995   -0.000011   -0.000022    0.750000    0.000000    0.000000
    -0.000011   -0.249884    0.000032    0.000000    0.750000   -0.000000
    -0.000023    0.000032   -0.249892    0.000000   -0.000000    0.750000
    -0.207322    0.166839   -0.254065   -0.250009   -0.000037    0.000056
    -0.024434    0.020900    0.062217    0.000005   -0.250060   -0.000014
    -0.044917    0.109362   -0.047344    0.000010   -0.000024   -0.250045
    -0.270174   -0.218528    0.151821   -0.249995    0.000049   -0.000034
    -0.027253    0.003616    0.080422    0.000006   -0.250057   -0.000018
    -0.057326    0.033277    0.032792    0.000012   -0.000008   -0.250062


    -0.207322   -0.024434   -0.044917   -0.270174   -0.027253   -0.057326
     0.166839    0.020900    0.109362   -0.218528    0.003616    0.033277
    -0.254065    0.062217   -0.047344    0.151821    0.080422    0.032792
    -0.250009    0.000005    0.000010   -0.249995    0.000006    0.000012
    -0.000037   -0.250060   -0.000024    0.000049   -0.250057   -0.000008
     0.000056   -0.000014   -0.250045   -0.000034   -0.000018   -0.250062
     0.482786   -0.034103    0.135735   -0.025455   -0.132699    0.118273
    -0.034103    0.344880   -0.294339    0.058532   -0.115721    0.232136
     0.135735   -0.294339    0.438683   -0.090828    0.185001   -0.141293
    -0.025455    0.058532   -0.090828    0.545625    0.159947   -0.060960
    -0.132699   -0.115721    0.185001    0.159947    0.362161   -0.265405
     0.118273    0.232136   -0.141293   -0.060960   -0.265405    0.358563

 Translations and Rotations Projected Out of Hessian

   Hessian Matrix after Projection


     1.008445    0.064299    0.157779   -0.923476   -0.030263   -0.133070
     0.064299    0.225932   -0.140182   -0.030185   -0.251239   -0.005929
     0.157779   -0.140182    0.275413   -0.132904   -0.005937   -0.276143
    -0.923476   -0.030185   -0.132904    1.121732    0.016516    0.073195
    -0.030263   -0.251239   -0.005937    0.016516    0.750734    0.003252
    -0.133070   -0.005929   -0.276143    0.073195    0.003252    0.764412
    -0.008982    0.175725   -0.214969   -0.091475    0.007164    0.031484
    -0.002745    0.021907    0.066504    0.053964   -0.247699    0.010581
    -0.019704    0.110454   -0.042387   -0.019792   -0.000825   -0.253860
    -0.075987   -0.209839    0.190094   -0.106780    0.006583    0.028391
    -0.031292    0.003400    0.079614   -0.040294   -0.251796   -0.007904
    -0.005005    0.035657    0.043117    0.079501    0.003510   -0.234409


    -0.008982   -0.002745   -0.019704   -0.075987   -0.031292   -0.005005
     0.175725    0.021907    0.110454   -0.209839    0.003400    0.035657
    -0.214969    0.066504   -0.042387    0.190094    0.079614    0.043117
    -0.091475    0.053964   -0.019792   -0.106780   -0.040294    0.079501
     0.007164   -0.247699   -0.000825    0.006583   -0.251796    0.003510
     0.031484    0.010581   -0.253860    0.028391   -0.007904   -0.234409
     0.294899   -0.100261    0.161688   -0.194441   -0.082629    0.021797
    -0.100261    0.169362   -0.118685    0.049041    0.056430    0.041600
     0.161688   -0.118685    0.252948   -0.122192    0.009056    0.043299
    -0.194441    0.049041   -0.122192    0.377208    0.154215   -0.096293
    -0.082629    0.056430    0.009056    0.154215    0.191965   -0.080767
     0.021797    0.041600    0.043299   -0.096293   -0.080767    0.147993

  5 Hessian modes will be used to form the next step
  Hessian Eigenvalues:
     0.143406    0.392587    1.000000    1.000000    2.045050

  Hessian Eigenvectors:


    -0.340544   -0.390115    0.049389    0.021240   -0.672576
    -0.015308   -0.017382   -0.102927   -0.154765   -0.030139
    -0.067142   -0.076849   -0.228702   -0.073543   -0.132754
    -0.334011   -0.319783   -0.170827   -0.007939    0.711751
    -0.015034   -0.014730    0.178145    0.811170    0.031834
    -0.066059   -0.063616    0.823991   -0.144472    0.140427
     0.394453    0.300676    0.001093    0.151326   -0.017110
     0.366166   -0.316600   -0.040442   -0.321200    0.014372
    -0.303101    0.420596   -0.309244    0.140289   -0.019868
     0.280102    0.409222    0.120346   -0.164628   -0.022065
    -0.335824    0.348712   -0.034775   -0.335206   -0.016067
     0.436301   -0.280131   -0.286046    0.077726    0.012195

 Minimum search - taking simple RFO step
 Searching for Lamda that Minimizes Along All modes
 Value Taken    Lamda =  -0.00000000
 Step Taken.  Stepsize is  0.000017


                      Coordinates and Displacements in Atomic Units
   ATOM            Current Value    Gradient  Displacement   New Value
  1  o         X       5.370062    -0.000001    -0.000004     5.370058
               Y       1.078755     0.000000    -0.000000     1.078754
               Z       6.855119    -0.000000    -0.000001     6.855118
  2  c         X       3.140117     0.000002    -0.000005     3.140111
               Y       0.978740     0.000000    -0.000000     0.978739
               Z       6.414848     0.000001    -0.000001     6.414847
  3  h         X       2.225446    -0.000001     0.000006     2.225451
               Y       2.150821    -0.000001     0.000007     2.150828
               Z       4.907789     0.000001    -0.000006     4.907783
  4  h         X       1.826821    -0.000000     0.000004     1.826825
               Y      -0.293275     0.000001    -0.000006    -0.293282
               Z       7.482022    -0.000002     0.000008     7.482030

                             Maximum     Tolerance    Cnvgd?
         Gradient           0.000002      0.000001      NO
         Displacement       0.000008      0.000001      NO
         Energy change     -0.000000      0.000000     YES

 ----------------------------------------------------------------
             Standard Nuclear Orientation (Angstroms)
    I     Atom           X                Y                Z
 ----------------------------------------------------------------
    1      O       2.8417124329     0.5708522780     3.6275722432
    2      C       1.6616754424     0.5179265234     3.3945909902
    3      H       1.1776581551     1.1381692406     2.5970869333
    4      H       0.9667139696    -0.1551980419     3.9593198332
 ----------------------------------------------------------------
 Nuclear Repulsion Energy =          31.20028642 hartrees
 There are        8 alpha and        8 beta electrons
 Applying Cartesian multipole field
    Component          Value
    ---------          -----
     (2,0,0)        1.00000E-11
     (0,2,0)        2.00000E-10
     (0,0,2)       -3.00000E-11
 Nucleus-field energy     =    -0.0000000142 hartrees
 Requested basis set is cc-pVDZ
 There are 18 shells and 38 basis functions
 A cutoff of  1.0D-14 yielded    171 shell pairs
 There are       779 function pairs (       868 Cartesian)
 Smallest overlap matrix eigenvalue = 1.94E-02
 Guess MOs from SCF MO coefficient file

 -----------------------------------------------------------------------
  General SCF calculation program by
  Eric Jon Sundstrom, Paul Horn, Yuezhi Mao, Dmitri Zuev, Alec White,
  David Stuck, Shaama M.S., Shane Yost, Joonho Lee, David Small,
  Daniel Levine, Susi Lehtola, Hugh Burton, Evgeny Epifanovsky,
  Bang C. Huynh
 -----------------------------------------------------------------------
 Exchange:     0.2000 Hartree-Fock + 0.0800 Slater + 0.7200 B88
 Correlation:  0.1900 VWN1RPA + 0.8100 LYP
 Using Euler-Maclaurin-Lebedev (99,590) quadrature formula
Added inc_jk
Added qchem_hcore
Added xc
Added P-dependent contribution
 A restricted SCF calculation will be
 performed using GDM
 SCF converges when RMS gradient is below 1.0e-10
 User-specified cutoff of 10e-14
 used for neglect of 2-electron integrals.
 A cutoff of 10e-14
 used for neglect of overlap integrals.
 Incremental Fock algorithm is on at the start.
 ---------------------------------------
  Cycle       Energy        RMS Gradient
 ---------------------------------------
    1    -114.5076401926      8.60e-07   Normal BFGS step
    2    -114.5076401926      6.91e-07   Normal BFGS step
    3    -114.5076401926      1.22e-06   Normal BFGS step
    4    -114.5076401926      4.16e-08   Normal BFGS step
    5    -114.5076401926      3.34e-08   Normal BFGS step
    6    -114.5076401926      8.37e-10   Normal BFGS step
    7    -114.5076401926      2.43e-10   Normal BFGS step
    8    -114.5076401926      1.28e-11  Convergence criterion met
 ---------------------------------------
 SCF time:   CPU 4.31s  wall 1.00s 
 SCF   energy =  -114.50764019
 Total energy =  -114.50764019
 Integrated density by DFT XC:
   Number of electrons = 16
   Numerical integral  =    16.000000027307
   Relative error      =     0.0000001707 %

 --------------------------------------------------------------

                    Orbital Energies (a.u.)
 --------------------------------------------------------------

 Alpha MOs
 -- Occupied --
-19.1602 -10.2898  -1.0636  -0.6329  -0.4919  -0.4503  -0.4008  -0.2671
 -- Virtual --
 -0.0441   0.0652   0.1334   0.2082   0.4498   0.4627   0.5366   0.5874
  0.6320   0.7592   0.8716   0.9260   0.9789   1.0535   1.1648   1.4063
  1.4336   1.5348   1.6531   1.6715   1.6877   1.7240   2.2358   2.3055
  2.3915   2.6709   2.7890   3.0338   3.3244   3.4207
 --------------------------------------------------------------

          Ground-State Mulliken Net Atomic Charges

     Atom                 Charge (a.u.)
  ----------------------------------------
      1 O                    -0.179344
      2 C                     0.162443
      3 H                     0.008451
      4 H                     0.008451
  ----------------------------------------
  Sum of atomic charges =     0.000000

 -----------------------------------------------------------------
                    Cartesian Multipole Moments
 -----------------------------------------------------------------
    Charge (ESU x 10^10)
                 0.0000
    Dipole Moment (Debye)
         X      -2.0279      Y      -0.0910      Z      -0.4004
       Tot       2.0691
    Quadrupole Moments (Debye-Ang)
        XX     -20.7311     XY      -1.3299     YY     -11.5892
        XZ      -8.0448     YZ      -0.4561     ZZ     -14.3172
    Octopole Moments (Debye-Ang^2)
       XXX    -105.0632    XXY     -11.9319    XYY     -25.2138
       YYY     -18.6428    XXZ     -74.7181    XYZ      -4.6556
       YYZ     -40.3909    XZZ     -55.9546    YZZ      -8.1411
       ZZZ    -135.1355
    Hexadecapole Moments (Debye-Ang^3)
      XXXX    -452.2901   XXXY     -60.2274   XXYY     -67.8633
      XYYY     -40.9733   YYYY     -34.2454   XXXZ    -375.5115
      XXYZ     -40.4373   XYYZ     -88.5191   YYYZ     -62.7220
      XXZZ    -330.7951   XYZZ     -29.5826   YYZZ    -148.7613
      XZZZ    -380.5915   YZZZ     -70.2237   ZZZZ    -924.1226
 -----------------------------------------------------------------
 Calculating analytic gradient of the SCF energy
Added xc
 Gradient of SCF Energy
            1           2           3           4
    1  -0.0000002   0.0000002  -0.0000001   0.0000000
    2   0.0000001   0.0000001  -0.0000001  -0.0000002
    3   0.0000001   0.0000001   0.0000002  -0.0000003
 Max gradient component =       3.484E-07
 RMS gradient           =       1.600E-07
 Gradient time:  CPU 1.00 s  wall 0.20 s
 Geometry Optimization Parameters
   NAtoms,    NIC,     NZ,  NCons,   NDum,   NFix, NCnnct, MaxDiis
        4      17       0       0       0       0       0       0

 Rotation Matrix is:


     1.000000    0.000000    0.000000
     0.000000    1.000000    0.000000
     0.000000    0.000000    1.000000

 Cartesian Hessian Update
 Hessian updated using BFGS update
**WARNING** Hereditary positive definiteness endangered
 due to small product of step size times gradient change
**WARNING** Small scalar product
 Hessian update skipped this cycle


** GEOMETRY OPTIMIZATION IN CARTESIAN COORDINATES **
   Searching for a Minimum

   Optimization Cycle:  11

                       Coordinates (Angstroms)
     ATOM                X               Y               Z
      1  O         2.8417124329    0.5708522780    3.6275722432
      2  C         1.6616754424    0.5179265234    3.3945909902
      3  H         1.1776581551    1.1381692406    2.5970869333
      4  H         0.9667139696   -0.1551980419    3.9593198332
   Point Group: c1    Number of degrees of freedom:     6


   Energy is   -114.507640193


                       Cartesian Gradient (au)
     ATOM              X           Y           Z
    1  O          -0.000000    0.000000    0.000000
    2  C           0.000000    0.000000    0.000000
    3  H          -0.000000   -0.000000    0.000000
    4  H           0.000000   -0.000000   -0.000000

 Vectors for Translations and Rotations


     0.500000    0.000000    0.000000    0.000000    0.133987   -0.067508
     0.000000    0.500000    0.000000   -0.000000   -0.594399   -0.413911
     0.000000    0.000000    0.500000    0.000000   -0.543602    0.435949
     0.500000    0.000000    0.000000    0.000000   -0.000029    0.000015
     0.000000    0.500000    0.000000    0.000001    0.000133    0.000093
     0.000000    0.000000    0.500000   -0.000001    0.000122   -0.000098
     0.500000    0.000000    0.000000    0.116027   -0.066979    0.499267
     0.000000    0.500000    0.000000   -0.514726    0.297133    0.227788
     0.000000    0.000000    0.500000   -0.470738    0.271740   -0.126015
     0.500000    0.000000    0.000000   -0.116027   -0.066979   -0.431774
     0.000000    0.500000    0.000000    0.514726    0.297133    0.186029
     0.000000    0.000000    0.500000    0.470738    0.271740   -0.309836

 The Projection Matrix


     0.727490    0.051699    0.102265   -0.249995   -0.000012   -0.000023
     0.051699    0.225368   -0.142673   -0.000011   -0.249882    0.000032
     0.102265   -0.142673    0.264445   -0.000023    0.000032   -0.249891
    -0.249995   -0.000011   -0.000023    0.750000    0.000000    0.000000
    -0.000012   -0.249882    0.000032    0.000000    0.750000   -0.000000
    -0.000023    0.000032   -0.249891    0.000000   -0.000000    0.750000
    -0.207321    0.166840   -0.254065   -0.250010   -0.000037    0.000057
    -0.024434    0.020900    0.062218    0.000005   -0.250060   -0.000014
    -0.044917    0.109363   -0.047345    0.000010   -0.000024   -0.250046
    -0.270174   -0.218528    0.151822   -0.249995    0.000049   -0.000034
    -0.027253    0.003615    0.080423    0.000006   -0.250057   -0.000018
    -0.057326    0.033278    0.032791    0.000013   -0.000008   -0.250063


    -0.207321   -0.024434   -0.044917   -0.270174   -0.027253   -0.057326
     0.166840    0.020900    0.109363   -0.218528    0.003615    0.033278
    -0.254065    0.062218   -0.047345    0.151822    0.080423    0.032791
    -0.250010    0.000005    0.000010   -0.249995    0.000006    0.000013
    -0.000037   -0.250060   -0.000024    0.000049   -0.250057   -0.000008
     0.000057   -0.000014   -0.250046   -0.000034   -0.000018   -0.250063
     0.482784   -0.034103    0.135734   -0.025453   -0.132699    0.118273
    -0.034103    0.344881   -0.294339    0.058532   -0.115720    0.232136
     0.135734   -0.294339    0.438683   -0.090828    0.185001   -0.141292
    -0.025453    0.058532   -0.090828    0.545623    0.159947   -0.060960
    -0.132699   -0.115720    0.185001    0.159947    0.362162   -0.265406
     0.118273    0.232136   -0.141292   -0.060960   -0.265406    0.358564

 Translations and Rotations Projected Out of Hessian

   Hessian Matrix after Projection


     1.008445    0.064299    0.157779   -0.923476   -0.030263   -0.133070
     0.064299    0.225933   -0.140183   -0.030185   -0.251238   -0.005929
     0.157779   -0.140183    0.275414   -0.132904   -0.005937   -0.276142
    -0.923476   -0.030185   -0.132904    1.121732    0.016516    0.073195
    -0.030263   -0.251238   -0.005937    0.016516    0.750734    0.003252
    -0.133070   -0.005929   -0.276142    0.073195    0.003252    0.764412
    -0.008982    0.175726   -0.214969   -0.091475    0.007163    0.031485
    -0.002745    0.021906    0.066505    0.053964   -0.247699    0.010581
    -0.019704    0.110455   -0.042388   -0.019792   -0.000825   -0.253860
    -0.075987   -0.209839    0.190095   -0.106780    0.006584    0.028390
    -0.031292    0.003399    0.079615   -0.040294   -0.251796   -0.007904
    -0.005005    0.035657    0.043116    0.079501    0.003510   -0.234410


    -0.008982   -0.002745   -0.019704   -0.075987   -0.031292   -0.005005
     0.175726    0.021906    0.110455   -0.209839    0.003399    0.035657
    -0.214969    0.066505   -0.042388    0.190095    0.079615    0.043116
    -0.091475    0.053964   -0.019792   -0.106780   -0.040294    0.079501
     0.007163   -0.247699   -0.000825    0.006584   -0.251796    0.003510
     0.031485    0.010581   -0.253860    0.028390   -0.007904   -0.234410
     0.294897   -0.100261    0.161688   -0.194439   -0.082628    0.021797
    -0.100261    0.169363   -0.118685    0.049041    0.056431    0.041599
     0.161688   -0.118685    0.252948   -0.122192    0.009056    0.043300
    -0.194439    0.049041   -0.122192    0.377206    0.154214   -0.096293
    -0.082628    0.056431    0.009056    0.154214    0.191966   -0.080767
     0.021797    0.041599    0.043300   -0.096293   -0.080767    0.147993

  5 Hessian modes will be used to form the next step
  Hessian Eigenvalues:
     0.143406    0.392587    1.000000    1.000000    2.045050

  Hessian Eigenvectors:


    -0.340544   -0.390115    0.049389    0.021240   -0.672576
    -0.015308   -0.017382   -0.102927   -0.154763   -0.030140
    -0.067142   -0.076849   -0.228700   -0.073543   -0.132754
    -0.334011   -0.319783   -0.170827   -0.007939    0.711751
    -0.015034   -0.014730    0.178145    0.811170    0.031834
    -0.066059   -0.063616    0.823991   -0.144472    0.140427
     0.394453    0.300676    0.001094    0.151325   -0.017110
     0.366166   -0.316600   -0.040443   -0.321201    0.014372
    -0.303101    0.420596   -0.309244    0.140289   -0.019868
     0.280102    0.409222    0.120345   -0.164626   -0.022065
    -0.335824    0.348712   -0.034775   -0.335207   -0.016067
     0.436301   -0.280131   -0.286047    0.077726    0.012195

 Minimum search - taking simple RFO step
 Searching for Lamda that Minimizes Along All modes
 Value Taken    Lamda =  -0.00000000
 Step Taken.  Stepsize is  0.000002


                      Coordinates and Displacements in Atomic Units
   ATOM            Current Value    Gradient  Displacement   New Value
  1  o         X       5.370058    -0.000000    -0.000000     5.370058
               Y       1.078754     0.000000     0.000000     1.078754
               Z       6.855118     0.000000    -0.000000     6.855118
  2  c         X       3.140111     0.000000    -0.000001     3.140111
               Y       0.978739     0.000000    -0.000000     0.978739
               Z       6.414847     0.000000    -0.000000     6.414847
  3  h         X       2.225451    -0.000000     0.000001     2.225452
               Y       2.150828    -0.000000     0.000001     2.150829
               Z       4.907783     0.000000    -0.000001     4.907782
  4  h         X       1.826825     0.000000     0.000000     1.826825
               Y      -0.293282    -0.000000    -0.000001    -0.293282
               Z       7.482030    -0.000000     0.000001     7.482031

                             Maximum     Tolerance    Cnvgd?
         Gradient           0.000000      0.000001     YES
         Displacement       0.000001      0.000001     YES
         Energy change     -0.000000      0.000000     YES


                       Distance Matrix (Angstroms)
             O (  1)   C (  2)   H (  3)
   C (  2)  1.203980
   H (  3)  2.037848  1.120262
   H (  4)  2.037848  1.120262  1.890231

 Final energy is   -114.50764019259782     


 ******************************
 **  OPTIMIZATION CONVERGED  **
 ******************************

                       Coordinates (Angstroms)
     ATOM                X               Y               Z
      1  O         2.8417124329    0.5708522780    3.6275722432
      2  C         1.6616754424    0.5179265234    3.3945909902
      3  H         1.1776581551    1.1381692406    2.5970869333
      4  H         0.9667139696   -0.1551980419    3.9593198332

Z-matrix Print:
$molecule
0 1
C 
H  1 1.120262
H  1 1.120262 2 115.056458
O  1 1.203980 2 122.471782 3 180.000000 0
$end


 --------------------------------------------------------------

                    Orbital Energies (a.u.)
 --------------------------------------------------------------

 Alpha MOs
 -- Occupied --
-19.1602 -10.2898  -1.0636  -0.6329  -0.4919  -0.4503  -0.4008  -0.2671
 -- Virtual --
 -0.0441   0.0652   0.1334   0.2082   0.4498   0.4627   0.5366   0.5874
  0.6320   0.7592   0.8716   0.9260   0.9789   1.0535   1.1648   1.4063
  1.4336   1.5348   1.6531   1.6715   1.6877   1.7240   2.2358   2.3055
  2.3915   2.6709   2.7890   3.0338   3.3244   3.4207
 --------------------------------------------------------------

          Ground-State Mulliken Net Atomic Charges

     Atom                 Charge (a.u.)
  ----------------------------------------
      1 O                    -0.179344
      2 C                     0.162443
      3 H                     0.008451
      4 H                     0.008451
  ----------------------------------------
  Sum of atomic charges =     0.000000

 -----------------------------------------------------------------
                    Cartesian Multipole Moments
 -----------------------------------------------------------------
    Charge (ESU x 10^10)
                 0.0000
    Dipole Moment (Debye)
         X      -2.0279      Y      -0.0910      Z      -0.4004
       Tot       2.0691
    Quadrupole Moments (Debye-Ang)
        XX     -20.7311     XY      -1.3299     YY     -11.5892
        XZ      -8.0448     YZ      -0.4561     ZZ     -14.3172
    Octopole Moments (Debye-Ang^2)
       XXX    -105.0632    XXY     -11.9319    XYY     -25.2138
       YYY     -18.6428    XXZ     -74.7181    XYZ      -4.6556
       YYZ     -40.3909    XZZ     -55.9546    YZZ      -8.1411
       ZZZ    -135.1355
    Hexadecapole Moments (Debye-Ang^3)
      XXXX    -452.2901   XXXY     -60.2274   XXYY     -67.8633
      XYYY     -40.9733   YYYY     -34.2454   XXXZ    -375.5115
      XXYZ     -40.4373   XYYZ     -88.5191   YYYZ     -62.7220
      XXZZ    -330.7951   XYZZ     -29.5826   YYZZ    -148.7613
      XZZZ    -380.5915   YZZZ     -70.2237   ZZZZ    -924.1226
 -----------------------------------------------------------------
 Total job time:  15.14s(wall), 86.71s(cpu) 
 Sun Mar  1 17:01:05 2026

        *************************************************************
        *                                                           *
        *  Thank you very much for using Q-Chem.  Have a nice day.  *
        *                                                           *
        *************************************************************


 
User input: 2 of 2 
 
                  Welcome to Q-Chem
     A Quantum Leap Into The Future Of Chemistry


 Q-Chem 6.3 (devel), Q-Chem, Inc., Pleasanton, CA (2025)

 E. Epifanovsky,  A. T. B. Gilbert,  Xintian Feng,  Joonho Lee,  Yuezhi Mao,  
 N. Mardirossian,  P. Pokhilko,  A. White,  M. Wormit,  M. P. Coons,  
 A. L. Dempwolff,  Zhengting Gan,  D. Hait,  P. R. Horn,  L. D. Jacobson,  
 I. Kaliman,  J. Kussmann,  A. W. Lange,  Ka Un Lao,  D. S. Levine,  Jie Liu,  
 S. C. McKenzie,  A. F. Morrison,  K. D. Nanda,  F. Plasser,  D. R. Rehn,  
 M. L. Vidal,  Zhi-Qiang You,  Ying Zhu,  Huseyin Aksu,  B. Alam,  
 B. Albrecht,  A. Aldossary,  E. Alguire,  J. H. Andersen,  
 J. E. Arias-Martinez,  V. Athavale,  F. Ballesteros,  D. Barton,  K. Begam,  
 A. Behn,  N. Bellonzi,  Y. A. Bernard,  E. J. Berquist,  H. Burton,  
 S. Camps,  A. Carreras,  K. Carter-Fenk,  Mathew Chow,  Romit Chakraborty,  
 Chandrima Chakravarty,  Junhan Chen,  A. D. Chien,  K. D. Closser,  
 V. Cofer-Shabica,  L. Cunha,  S. Dasgupta,  Jia Deng,  Joseph Dickinson,  
 M. de Wergifosse,  M. Diedenhofen,  L. B. Dittmer,  Hainam Do,  Wenjie Dou,  
 S. Ehlert,  Po-Tung Fang,  S. Fatehi,  Qingguo Feng,  Jonathan Fetherolf,  
 T. Friedhoff,  Thomas Froitzheim,  Sarai Folkestad,  B. Ganoe,  J. Gayvert,  
 Qinghui Ge,  G. Gidofalvi,  M. Gimferrer,  G. Giudetti,  M. Goldey,  
 Montgomery Gray,  J. Gomes,  C. Gonzalez-Espinoza,  S. Gulania,  A. Gunina,  
 J. A. Gyamfi,  M. W. D. Hanson-Heine,  P. H. P. Harbach,  A. W. Hauser,  
 M. F. Herbst,  M. Hernandez Vera,  M. Hodecker,  Z. C. Holden,  S. Houck,  
 Xunkun Huang,  Kerwin Hui,  B. C. Huynh,  K. Ikeda,  M. Ivanov,  
 Nayanthara K. Jayadev,  Hyunjun Ji,  Zuxin Jin,  Hanjie Jiang,  
 Subrata Jana,  B. Kaduk,  S. Kaehler,  R. Kang,  Richard Kang,  
 K. Khistyaev,  Jaehoon Kim,  Yongbin Kim,  P. Klunzinger,  Z. Koczor-Benda,  
 Joong Hoon Koh,  D. Kosenkov,  Saikiran Kotaru,  L. Koulias,  T. Kowalczyk,  
 C. M. Krauter,  K. Kue,  A. Kunitsa,  T. Kus,  A. Landau,  C. W. Lander,  
 K. V. Lawler,  D. Lefrancois,  S. Lehtola,  Rain Li,  Shaozhi Li,  
 Tao E. Li,  Yi-Pei Li,  Jiashu Liang,  M. Liebenthal,  Hung-Hsuan Lin,  
 You-Sheng Lin,  Fenglai Liu,  Kuan-Yu Liu,  Xiao Liu,  M. Loipersberger,  
 A. Luenser,  C. Malbon,  Aniket Mandal,  Manisha,  A. Manjanath,  
 P. Manohar,  E. Mansoor,  S. F. Manzer,  Shan-Ping Mao,  A. V. Marenich,  
 T. Markovich,  S. Mason,  F. Matz,  S. A. Maurer,  Samuel May,  
 Alexandra McIsaac,  P. F. McLaughlin,  M. F. S. J. Menger,  J.-M. Mewes,  
 S. A. Mewes,  R. E. Moorby,  P. Morgante,  Mohammad Mostafanejad,  
 Madhubani Mukherjee,  J. W. Mullinax,  Quyen Nguyen,  Avik Kumar Ojha,  
 K. J. Oosterbaan,  Eno Paenurk,  Xiaoliang Pan,  G. Paran,  V. Parravicini,  
 R. L. Patterson,  Alexander C. Paul,  Suranjan K. Paul,  F. Pavosevic,  
 Zheng Pei,  P. Pokhilko,  S. Prager,  E. I. Proynov,  E. Ramos,  B. Rana,  
 A. E. Rask,  A. Rettig,  R. M. Richard,  F. Rob,  E. Rossomme,  S. Roy,  
 T. Scheele,  M. Scheurer,  M. Schneider,  P. E. Schneider,  Tim K. Schramm,  
 N. Sergueev,  S. M. Sharada,  Hengyuan Shen,  W. Skomorowski,  D. W. Small,  
 C. J. Stein,  Alistair J. Sterling,  Yingli Su,  Yu-Chuan Su,  
 E. J. Sundstrom,  J. Talbot,  J. A. Tan,  Zhen Tao,  Hung-Hsuan Teh,  
 J. Thirman,  C. Titeca,  N. Tkachenko,  Hung-Yi Tsai,  T. Tsuchimochi,  
 N. M. Tubman,  C. Utku,  S. P. Veccham,  O. Vydrov,  Z. Wang,  Rahel Weiss,  
 J. Wenzel,  Jonathan Wong,  J. Witte,  H. Wu,  Yanze Wu,  A. Yamada,  
 Chou-Hsun Yang,  Kun Yao,  S. Yeganeh,  S. R. Yost,  Qi Yu,  A. Zech,  
 F. Zeller,  Chongxiao Zhao,  T. Zhao,  Igor Ying Zhang,  Xing Zhang,  
 Yu Zhang,  D. Zuev,  A. Aspuru-Guzik,  A. T. Bell,  N. A. Besley,  
 K. B. Bravaya,  B. R. Brooks,  D. Casanova,  Jeng-Da Chai,  Hsing-Ta Chen,  
 S. Coriani,  C. J. Cramer,  A. E. DePrince, III,  R. A. DiStasio Jr.,  
 A. Dreuw,  B. D. Dunietz,  T. R. Furlani,  W. A. Goddard III,  S. Grimme,  
 S. Hammes-Schiffer,  T. Head-Gordon,  W. J. Hehre,  Chao-Ping Hsu,  
 T.-C. Jagau,  Yousung Jung,  A. Klamt,  Jing Kong,  D. S. Lambrecht,  
 Xiangyuan Li,  WanZhen Liang,  N. J. Mayhall,  C. W. McCurdy,  J. B. Neaton,  
 T. Neudecker,  C. Ochsenfeld,  J. A. Parkhill,  R. Peverati,  
 V. A. Rassolov,  Haisheng Ren,  Yihan Shao,  L. V. Slipchenko,  
 R. P. Steele,  J. E. Subotnik,  A. J. W. Thom,  A. Tkatchenko,  
 D. G. Truhlar,  T. Van Voorhis,  Fan Wang,  T. A. Wesolowski,  K. B. Whaley,  
 H. L. Woodcock III,  P. M. Zimmerman,  S. Faraji,  P. M. W. Gill,  
 M. Head-Gordon,  J. M. Herbert,  A. I. Krylov

 Contributors to earlier versions of Q-Chem not listed above: 
 R. D. Adamson,  B. Austin,  R. Baer,  J. Baker,  G. J. O. Beran,  
 K. Brandhorst,  S. T. Brown,  E. F. C. Byrd,  Arup K. Chakraborty,  
 G. K. L. Chan,  Chun-Min Chang,  Yunqing Chen,  C.-L. Cheng,  
 Siu Hung Chien,  D. M. Chipman,  D. L. Crittenden,  H. Dachsel,  
 R. J. Doerksen,  A. D. Dutoi,  R. G. Edgar,  J. Fosso-Tande,  
 L. Fusti-Molnar,  D. Ghosh,  A. Ghysels,  A. Golubeva-Zadorozhnaya,  
 J. Gonthier,  M. S. Gordon,  S. R. Gwaltney,  G. Hawkins,  J. E. Herr,  
 A. Heyden,  S. Hirata,  E. G. Hohenstein,  G. Kedziora,  F. J. Keil,  
 C. Kelley,  Jihan Kim,  R. A. King,  R. Z. Khaliullin,  P. P. Korambath,  
 W. Kurlancheek,  A. Laurent,  A. M. Lee,  M. S. Lee,  S. V. Levchenko,  
 Ching Yeh Lin,  D. Liotard,  E. Livshits,  R. C. Lochan,  I. Lotan,  
 L. A. Martinez-Martinez,  P. E. Maslen,  N. Nair,  D. P. O'Neill,  
 D. Neuhauser,  E. Neuscamman,  C. M. Oana,  R. Olivares-Amaya,  R. Olson,  
 T. M. Perrine,  B. Peters,  P. A. Pieniazek,  A. Prociuk,  Y. M. Rhee,  
 J. Ritchie,  M. A. Rohrdanz,  E. Rosta,  N. J. Russ,  H. F. Schaefer III,  
 M. W. Schmidt,  N. E. Schultz,  S. Sharma,  N. Shenvi,  C. D. Sherrill,  
 A. C. Simmonett,  A. Sodt,  T. Stein,  D. Stuck,  K. S. Thanthiriwatte,  
 V. Vanovschi,  L. Vogt,  Tao Wang,  A. Warshel,  M. A. Watson,  
 C. F. Williams,  Q. Wu,  X. Xu,  Jun Yang,  W. Zhang,  Yan Zhao

   Please cite Q-Chem as follows:
  "Software for the frontiers of quantum chemistry:
   An overview of developments in the Q-Chem 5 package"
   J. Chem. Phys. 155, 084801 (2021)
   https://doi.org/10.1063/5.0055522 (open access)

 Q-Chem 6.3.0 for Intel X86 EM64T Linux

 Parts of Q-Chem use Armadillo 12.8.2 (Cortisol Injector).
 http://arma.sourceforge.net/

 Q-Chem begins on Sun Mar  1 17:01:05 2026  

 Host: della-h14n8
0

 Scratch files written to /scratch/gpfs/SHS/nb2617/nb2617/scratch/qchem1951215//
 Executable: /scratch/gpfs/SHS/nb2617/nb2617/project/qchem/exe/qcprog.exe
 Number of threads = 16
 Processing $rem in /scratch/gpfs/SHS/nb2617/nb2617/project/qchem/config/preferences:
 Processing $rem in /home/nb2617/.qchemrc:
 User has disabled the Standard Nuclear Orientation.  Turning symmetry off.

 Checking the input file for inconsistencies... 	...done.

--------------------------------------------------------------
User input:
--------------------------------------------------------------
$molecule
    READ
$end
$rem
    JOBTYPE         FREQ

    method = B3LYP
    basis = cc-pVDZ
    ! DFT_D D3_BJ
    NO_REORIENT    TRUE


    SCF_ALGORITHM GDM
    THRESH 14
    SCF_CONVERGENCE 10
    max_scf_cycles 500
    VIBMAN_PRINT = 7
    GEOM_OPT_PRINT = 7
    GEOM_OPT_DRIVER = OPTIMIZE

    XC_GRID              	= 000099000590
    NL_GRID              	= 000099000590

    MEM_TOTAL 30000

    ANHAR           TRUE
    FDIFF_STEPSIZE_QFF 5291
    VIBMAN_PRINT    6
    IGNORE_LOW_FREQ 300
$end
--------------------------------------------------------------
 ----------------------------------------------------------------
             Standard Nuclear Orientation (Angstroms)
    I     Atom           X                Y                Z
 ----------------------------------------------------------------
    1      O       2.8417124329     0.5708522780     3.6275722432
    2      C       1.6616754424     0.5179265234     3.3945909902
    3      H       1.1776581551     1.1381692406     2.5970869333
    4      H       0.9667139696    -0.1551980419     3.9593198332
 ----------------------------------------------------------------
 Nuclear Repulsion Energy =          31.20028642 hartrees
 There are        8 alpha and        8 beta electrons
 Requested basis set is cc-pVDZ
 There are 18 shells and 38 basis functions

 Total QAlloc Memory Limit  30000 MB
 Mega-Array Size       188 MB
 MEM_STATIC part       192 MB


                       Distance Matrix (Angstroms)
             O (  1)   C (  2)   H (  3)
   C (  2)  1.203980
   H (  3)  2.037848  1.120262
   H (  4)  2.037848  1.120262  1.890231

 A cutoff of  1.0D-14 yielded    171 shell pairs
 There are       779 function pairs (       868 Cartesian)
 Smallest overlap matrix eigenvalue = 1.94E-02
 Guess from superposition of atomic densities
 Warning:  Energy on first SCF cycle will be non-variational
 SAD guess density has 16.000000 electrons

 -----------------------------------------------------------------------
  General SCF calculation program by
  Eric Jon Sundstrom, Paul Horn, Yuezhi Mao, Dmitri Zuev, Alec White,
  David Stuck, Shaama M.S., Shane Yost, Joonho Lee, David Small,
  Daniel Levine, Susi Lehtola, Hugh Burton, Evgeny Epifanovsky,
  Bang C. Huynh
 -----------------------------------------------------------------------
 Exchange:     0.2000 Hartree-Fock + 0.0800 Slater + 0.7200 B88
 Correlation:  0.1900 VWN1RPA + 0.8100 LYP
 Using Euler-Maclaurin-Lebedev (99,590) quadrature formula
Added inc_jk
Added qchem_hcore
Added xc
Added P-dependent contribution
 using 16 threads for integral computing
 -------------------------------------------------------
 OpenMP Integral computing Module                
 Release: version 1.0, May 2013, Q-Chem Inc. Pittsburgh 
 -------------------------------------------------------
 A restricted SCF calculation will be
 performed using Roothaan-Hall, GDM
 SCF converges when RMS gradient is below 1.0e-10
 User-specified cutoff of 10e-14
 used for neglect of 2-electron integrals.
 A cutoff of 10e-14
 used for neglect of overlap integrals.
 Incremental Fock algorithm is on at the start.
 ---------------------------------------
  Cycle       Energy         DIIS error
 ---------------------------------------
    1    -114.6804047459      1.15e-01  Roothaan Step
 ---------------------------------------
  Cycle       Energy        RMS Gradient
 ---------------------------------------
    1    -114.4563460902      2.83e-01   Descent step
    2    -114.3296550827      6.25e-01  Line search: overstep
    3    -114.5014832065      6.38e-02   Normal BFGS step
    4    -114.5061878135      1.92e-02   Normal BFGS step
    5    -114.5075226304      1.12e-02   Normal BFGS step
    6    -114.5076363998      1.95e-03   Normal BFGS step
    7    -114.5076401458      9.04e-05   Normal BFGS step
    8    -114.5076401898      2.88e-05   Normal BFGS step
    9    -114.5076401910      3.40e-06   Normal BFGS step
   10    -114.5076401910      2.75e-07   Normal BFGS step
   11    -114.5076401910      3.89e-08   Normal BFGS step
   12    -114.5076401910      7.62e-09   Normal BFGS step
   13    -114.5076401910      3.14e-09   Normal BFGS step
   14    -114.5076401910      3.62e-09   Normal BFGS step
   15    -114.5076401910      1.25e-09   Normal BFGS step
   16    -114.5076401910      1.18e-10   Normal BFGS step
   17    -114.5076401910      4.34e-11  Convergence criterion met
 ---------------------------------------
 SCF time:   CPU 9.55s  wall 1.00s 
 SCF   energy =  -114.50764019
 Total energy =  -114.50764019
 Integrated density by DFT XC:
   Number of electrons = 16
   Numerical integral  =    16.000000027307
   Relative error      =     0.0000001707 %

 --------------------------------------------------------------

                    Orbital Energies (a.u.)
 --------------------------------------------------------------

 Alpha MOs
 -- Occupied --
-19.1602 -10.2898  -1.0636  -0.6329  -0.4919  -0.4503  -0.4008  -0.2671
 -- Virtual --
 -0.0441   0.0652   0.1334   0.2082   0.4498   0.4627   0.5366   0.5874
  0.6320   0.7592   0.8716   0.9260   0.9789   1.0535   1.1648   1.4063
  1.4336   1.5348   1.6531   1.6715   1.6877   1.7240   2.2358   2.3055
  2.3915   2.6709   2.7890   3.0338   3.3244   3.4207
 --------------------------------------------------------------

          Ground-State Mulliken Net Atomic Charges

     Atom                 Charge (a.u.)
  ----------------------------------------
      1 O                    -0.179344
      2 C                     0.162443
      3 H                     0.008451
      4 H                     0.008451
  ----------------------------------------
  Sum of atomic charges =     0.000000

 -----------------------------------------------------------------
                    Cartesian Multipole Moments
 -----------------------------------------------------------------
    Charge (ESU x 10^10)
                -0.0000
    Dipole Moment (Debye)
         X      -2.0279      Y      -0.0910      Z      -0.4004
       Tot       2.0691
    Quadrupole Moments (Debye-Ang)
        XX     -20.7311     XY      -1.3299     YY     -11.5892
        XZ      -8.0448     YZ      -0.4561     ZZ     -14.3172
    Octopole Moments (Debye-Ang^2)
       XXX    -105.0632    XXY     -11.9319    XYY     -25.2138
       YYY     -18.6428    XXZ     -74.7181    XYZ      -4.6556
       YYZ     -40.3909    XZZ     -55.9546    YZZ      -8.1411
       ZZZ    -135.1355
    Hexadecapole Moments (Debye-Ang^3)
      XXXX    -452.2901   XXXY     -60.2274   XXYY     -67.8633
      XYYY     -40.9733   YYYY     -34.2454   XXXZ    -375.5115
      XXYZ     -40.4373   XYYZ     -88.5191   YYYZ     -62.7220
      XXZZ    -330.7951   XYZZ     -29.5826   YYZZ    -148.7613
      XZZZ    -380.5915   YZZZ     -70.2237   ZZZZ    -924.1226
 -----------------------------------------------------------------
 Calculating MO derivatives via CPSCF
Added inc_jk
Added qchem_hcore
Added xc
Added inc_jk
Added qchem_hcore
Added xc
    1     0    15    0.0939352  
    2     0    15    0.0096150  
    3     0    15    0.0006204  
    4     0    15    0.0000291  
    5    14     1    0.0000010  
    6    15     0    0.0000000  Converged
Added jk
Added xc
 Polarizability Matrix (a.u.)
            1           2           3
    1 -18.2577291  -1.0299362  -1.5409079
    2  -1.0299362 -10.8223369   3.4478451
    3  -1.5409079   3.4478451 -11.5868102
 Calculating analytic Hessian of the SCF energy
Added xc
 Hessian of the SCF Energy
            1           2           3           4           5           6
    1   0.8581800   0.0416845   0.1612538  -0.7806669  -0.0361676  -0.1387984
    2   0.0416845   0.0457181  -0.0189274  -0.0361676  -0.0814957   0.0177837
    3   0.1612538  -0.0189274   0.0794549  -0.1387982   0.0177837  -0.1107364
    4  -0.7806669  -0.0361676  -0.1387982   0.9740506   0.0660603   0.1256223
    5  -0.0361676  -0.0814957   0.0177837   0.0660603   0.3585859  -0.1884416
    6  -0.1387984   0.0177837  -0.1107364   0.1256223  -0.1884416   0.4083852
    7  -0.0328827   0.0210935  -0.0358608  -0.0798041   0.0386112  -0.0478090
    8   0.0096672   0.0195042   0.0018682   0.0358288  -0.1338997   0.0927658
    9  -0.0233666   0.0046845   0.0081517  -0.0447665   0.0934521  -0.1703602
   10  -0.0446303  -0.0266105   0.0134052  -0.1135796  -0.0685039   0.0609851
   11  -0.0151841   0.0162734  -0.0007245  -0.0657215  -0.1431904   0.0778920
   12   0.0009112  -0.0035408   0.0231298   0.0579424   0.0772058  -0.1272886
            7           8           9          10          11          12
    1  -0.0328827   0.0096672  -0.0233666  -0.0446303  -0.0151841   0.0009112
    2   0.0210935   0.0195042   0.0046845  -0.0266105   0.0162734  -0.0035408
    3  -0.0358608   0.0018682   0.0081517   0.0134052  -0.0007245   0.0231298
    4  -0.0798041   0.0358288  -0.0447665  -0.1135796  -0.0657215   0.0579424
    5   0.0386112  -0.1338997   0.0934521  -0.0685039  -0.1431904   0.0772058
    6  -0.0478090   0.0927658  -0.1703602   0.0609851   0.0778920  -0.1272886
    7   0.1032845  -0.0493127   0.0746848   0.0094023  -0.0103920   0.0089850
    8  -0.0493127   0.1129963  -0.1148758   0.0038168   0.0013993   0.0202417
    9   0.0746848  -0.1148758   0.1630762  -0.0065516   0.0167392  -0.0008677
   10   0.0094023   0.0038168  -0.0065516   0.1488076   0.0912977  -0.0678387
   11  -0.0103920   0.0013993   0.0167392   0.0912977   0.1255177  -0.0939067
   12   0.0089850   0.0202417  -0.0008677  -0.0678387  -0.0939067   0.1050265

 Direct stationary perturbation theory relativistic correction:

 rels  =       0.038828482965
 relv  =      -0.152494035234
 rel2e =       0.048590243219
 E_rel =      -0.065075309051


 Mass-Weighted Hessian Matrix:


     0.053653    0.002606    0.010082   -0.056349   -0.002611   -0.010019
     0.002606    0.002858   -0.001183   -0.002611   -0.005882    0.001284
     0.010082   -0.001183    0.004968   -0.010018    0.001284   -0.007993
    -0.056349   -0.002611   -0.010018    0.081171    0.005505    0.010469
    -0.002611   -0.005882    0.001284    0.005505    0.029882   -0.015703
    -0.010019    0.001284   -0.007993    0.010469   -0.015703    0.034032
    -0.008190    0.005254   -0.008932   -0.022948    0.011103   -0.013748
     0.002408    0.004858    0.000465    0.010303   -0.038503    0.026675
    -0.005820    0.001167    0.002030   -0.012873    0.026872   -0.048987
    -0.011116   -0.006628    0.003339   -0.032660   -0.019698    0.017536
    -0.003782    0.004053   -0.000180   -0.018898   -0.041175    0.022398
     0.000227   -0.000882    0.005761    0.016661    0.022201   -0.036602


    -0.008190    0.002408   -0.005820   -0.011116   -0.003782    0.000227
     0.005254    0.004858    0.001167   -0.006628    0.004053   -0.000882
    -0.008932    0.000465    0.002030    0.003339   -0.000180    0.005761
    -0.022948    0.010303   -0.012873   -0.032660   -0.018898    0.016661
     0.011103   -0.038503    0.026872   -0.019698   -0.041175    0.022201
    -0.013748    0.026675   -0.048987    0.017536    0.022398   -0.036602
     0.102482   -0.048930    0.074105    0.009329   -0.010311    0.008915
    -0.048930    0.112118   -0.113983    0.003787    0.001388    0.020084
     0.074105   -0.113983    0.161809   -0.006501    0.016609   -0.000861
     0.009329    0.003787   -0.006501    0.147651    0.090588   -0.067312
    -0.010311    0.001388    0.016609    0.090588    0.124543   -0.093177
     0.008915    0.020084   -0.000861   -0.067312   -0.093177    0.104211

 Vectors for Translations and Rotations


     0.730052    0.000000    0.000000   -0.000000    0.109423   -0.069768
     0.000000    0.730052    0.000000   -0.000000   -0.485432   -0.427768
     0.000000    0.000000    0.730052    0.000000   -0.443947    0.450544
     0.632344    0.000000    0.000000    0.000000   -0.094560    0.060291
     0.000000    0.632344    0.000000    0.000001    0.419495    0.369663
     0.000000    0.000000    0.632344   -0.000001    0.383645   -0.389346
     0.183255    0.000000    0.000000    0.116027   -0.054815    0.276148
     0.000000    0.183255    0.000000   -0.514727    0.243173    0.225105
     0.000000    0.000000    0.183255   -0.470737    0.222392   -0.178075
     0.183255    0.000000    0.000000   -0.116027   -0.054815   -0.206249
     0.000000    0.183255    0.000000    0.514726    0.243173    0.203468
     0.000000    0.000000    0.183255    0.470739    0.222392   -0.273318

 The Projection Matrix


     0.450183    0.023273    0.080012   -0.447091   -0.020112   -0.069143
     0.023273    0.048395   -0.022778   -0.020112   -0.099878    0.019684
     0.080012   -0.022778    0.066945   -0.069143    0.019684   -0.115908
    -0.447091   -0.020112   -0.069143    0.587564    0.017380    0.059751
    -0.020112   -0.099878    0.019684    0.017380    0.287514   -0.017010
    -0.069143    0.019684   -0.115908    0.059751   -0.017010    0.301367
    -0.108522    0.091518   -0.148752   -0.137713   -0.079087    0.128547
    -0.010904    0.080551    0.006537    0.009423   -0.301103   -0.005649
    -0.036759    0.031781    0.045175    0.031766   -0.027464   -0.270533
    -0.142177   -0.114836    0.068589   -0.108629    0.099237   -0.059273
    -0.012413    0.071295    0.016284    0.010727   -0.293105   -0.014072
    -0.043404   -0.008960    0.088086    0.037508    0.007743   -0.307615


    -0.108522   -0.010904   -0.036759   -0.142177   -0.012413   -0.043404
     0.091518    0.080551    0.031781   -0.114836    0.071295   -0.008960
    -0.148752    0.006537    0.045175    0.068589    0.016284    0.088086
    -0.137713    0.009423    0.031766   -0.108629    0.010727    0.037508
    -0.079087   -0.301103   -0.027464    0.099237   -0.293105    0.007743
     0.128547   -0.005649   -0.270533   -0.059273   -0.014072   -0.307615
     0.873693    0.010889    0.115984    0.033830   -0.102580    0.033048
     0.010889    0.591668   -0.256295    0.000035    0.126426    0.249748
     0.115984   -0.256295    0.663655   -0.079156    0.224454    0.089883
     0.033830    0.000035   -0.079156    0.907412    0.115017    0.010437
    -0.102580    0.126426    0.224454    0.115017    0.600942   -0.240770
     0.033048    0.249748    0.089883    0.010437   -0.240770    0.620662

 Translations and Rotations Projected Out of Hessian

 Projected Mass-Weighted Hessian Matrix:


     0.053653    0.002606    0.010081   -0.056349   -0.002611   -0.010018
     0.002606    0.002859   -0.001183   -0.002611   -0.005883    0.001284
     0.010081   -0.001183    0.004968   -0.010018    0.001284   -0.007994
    -0.056349   -0.002611   -0.010018    0.081171    0.005506    0.010468
    -0.002611   -0.005883    0.001284    0.005506    0.029883   -0.015703
    -0.010018    0.001284   -0.007994    0.010468   -0.015703    0.034034
    -0.008190    0.005255   -0.008933   -0.022948    0.011101   -0.013746
     0.002408    0.004858    0.000465    0.010303   -0.038504    0.026674
    -0.005820    0.001167    0.002031   -0.012873    0.026872   -0.048988
    -0.011116   -0.006628    0.003340   -0.032660   -0.019699    0.017536
    -0.003782    0.004053   -0.000180   -0.018898   -0.041174    0.022398
     0.000227   -0.000882    0.005762    0.016662    0.022201   -0.036602


    -0.008190    0.002408   -0.005820   -0.011116   -0.003782    0.000227
     0.005255    0.004858    0.001167   -0.006628    0.004053   -0.000882
    -0.008933    0.000465    0.002031    0.003340   -0.000180    0.005762
    -0.022948    0.010303   -0.012873   -0.032660   -0.018898    0.016662
     0.011101   -0.038504    0.026872   -0.019699   -0.041174    0.022201
    -0.013746    0.026674   -0.048988    0.017536    0.022398   -0.036602
     0.102480   -0.048931    0.074105    0.009330   -0.010312    0.008917
    -0.048931    0.112118   -0.113984    0.003789    0.001389    0.020087
     0.074105   -0.113984    0.161807   -0.006500    0.016610   -0.000859
     0.009330    0.003789   -0.006500    0.147652    0.090586   -0.067314
    -0.010312    0.001389    0.016610    0.090586    0.124541   -0.093181
     0.008917    0.020087   -0.000859   -0.067314   -0.093181    0.104204

 Eigenvectors of Proj. Mass-Weighted Hessian Matrix:


     0.062819    0.070470   -0.262745   -0.045166    0.195131    0.657080
     0.043564   -0.134532   -0.020349    0.846451   -0.436819    0.154611
    -0.137333    0.006920    0.847322    0.216767    0.361122    0.137094
    -0.065875   -0.074664   -0.121955    0.020175    0.221052    0.581702
    -0.188534    0.503447   -0.285414    0.420423    0.355991   -0.196307
     0.541690    0.552485    0.259766   -0.041533   -0.117594    0.130127
    -0.102047   -0.087613    0.003526    0.028007    0.313850    0.094442
    -0.440440    0.456393   -0.055955   -0.025755   -0.047485   -0.000289
    -0.092720    0.441633    0.072502   -0.140274   -0.302846    0.126727
     0.029036    0.005044   -0.043628    0.000857   -0.170660    0.246355
     0.265649    0.014917   -0.187009    0.178881    0.466443   -0.209106
     0.597973    0.036823   -0.059228    0.049813    0.110074   -0.048010


    -0.024472    0.030843   -0.294121   -0.601756   -0.003993   -0.000382
     0.108852    0.188782   -0.013147   -0.026997   -0.000178   -0.002342
     0.099345   -0.198946   -0.058087   -0.118806   -0.000788    0.002468
     0.084946   -0.049664    0.008577    0.734048   -0.193925    0.037085
    -0.377040   -0.304119    0.000284    0.032943   -0.008703    0.227389
    -0.344478    0.320731    0.001694    0.144929   -0.038288   -0.239501
    -0.097512    0.574890    0.609063   -0.085927    0.275735    0.281629
     0.433669    0.173323    0.258187   -0.113975   -0.394190   -0.372184
     0.396540   -0.048322   -0.132066    0.103420    0.498995    0.476385
    -0.098113   -0.526390    0.533058   -0.049720    0.409332   -0.408073
     0.433708    0.124005   -0.206790    0.107856    0.424929   -0.403116
     0.396349   -0.265835    0.357627   -0.130216   -0.363738    0.340207

 Vibrational Frequencies in atomic units
    -0.0000000000   -0.0000000000   -0.0000000000   -0.0000000000    0.0000000000    0.0000000000
     0.0532807639    0.0594274516    0.0869086487    0.1271484456    0.3105749567    0.3220296432
 Vibrational Electric Transition dipole:  1     -0.00656644937366    0.02904581987098    0.02666203189771
 Vibrational Electric Transition dipole:  2     -0.01429362555852   -0.08766308072934    0.09229812689811
 Vibrational Electric Transition dipole:  3      0.07526937189258    0.00336610348511    0.01488016613589
 Vibrational Electric Transition dipole:  4      0.32769666281664    0.01469989029422    0.06469529095744
 Vibrational Electric Transition dipole:  5     -0.24247132652442   -0.01087726506110   -0.04786986178448
 Vibrational Electric Transition dipole:  6      0.04763840558837    0.29209944234856   -0.30765245312597
 **********************************************************************
 **                                                                  **
 **                       VIBRATIONAL ANALYSIS                       **
 **                       --------------------                       **
 **                                                                  **
 **        VIBRATIONAL FREQUENCIES (CM**-1) AND NORMAL MODES         **
 **     FORCE CONSTANTS (mDYN/ANGSTROM) AND REDUCED MASSES (AMU)     **
 **                  INFRARED INTENSITIES (KM/MOL)                   **
 **                                                                  **
 **********************************************************************


 Mode:                 1                      2                      3
 Frequency:      1186.56                1253.14                1515.43
 Force Cnst:      1.1397                 1.2476                 1.4895
 Red. Mass:       1.3739                 1.3484                 1.1008
 IR Active:          YES                    YES                    YES
 IR Intens:        1.558                 15.996                  5.750
 Raman Active:       YES                    YES                    YES
               X      Y      Z        X      Y      Z        X      Y      Z
 O         -0.007  0.032  0.029    0.009  0.055 -0.058   -0.077 -0.003 -0.015
 C          0.029 -0.128 -0.117   -0.017 -0.102  0.108    0.003  0.000  0.001
 H         -0.114  0.506  0.463    0.665  0.200 -0.056    0.637  0.270 -0.138
 H         -0.115  0.506  0.463   -0.609  0.143 -0.307    0.557 -0.216  0.374
 TransDip  -0.007  0.029  0.027   -0.014 -0.088  0.092    0.075  0.003  0.015

 Mode:                 4                      5                      6
 Frequency:      1832.99                2864.76                2917.12
 Force Cnst:     15.0016                 5.0545                 5.6217
 Red. Mass:       7.5782                 1.0453                 1.1213
 IR Active:          YES                    YES                    YES
 IR Intens:      108.979                 59.665                177.664
 Raman Active:       YES                    YES                    YES
               X      Y      Z        X      Y      Z        X      Y      Z
 O         -0.414 -0.019 -0.082   -0.001 -0.000 -0.000   -0.000 -0.001  0.001
 C          0.583  0.026  0.115   -0.057 -0.003 -0.011    0.011  0.070 -0.073
 H         -0.236 -0.313  0.284    0.281 -0.401  0.508    0.297 -0.393  0.502
 H         -0.136  0.296 -0.357    0.417  0.433 -0.370   -0.430 -0.425  0.359
 TransDip   0.328  0.015  0.065   -0.242 -0.011 -0.048    0.048  0.292 -0.308

 STANDARD THERMODYNAMIC QUANTITIES AT   298.15 K  AND     1.00 ATM

   This Molecule has  0 Imaginary Frequencies
   Zero point vibrational energy:       16.540 kcal/mol

   Atom    1 Element O  Has Mass   15.99491
   Atom    2 Element C  Has Mass   12.00000
   Atom    3 Element H  Has Mass    1.00783
   Atom    4 Element H  Has Mass    1.00783
   Molecular Mass:    30.010570 amu
   Principal axes and moments of inertia in amu*Bohr^2:
                             1           2           3
    Eigenvalues --        6.42962    46.65361    53.08323
          X              -0.98011    -0.11160    -0.16409
          Y              -0.04396    -0.68424     0.72793
          Z              -0.19351     0.72067     0.66572
   Rotational Symmetry Number is   1
   The Molecule is an Asymmetric Top
   Translational Enthalpy:        0.889 kcal/mol
   Rotational Enthalpy:           0.889 kcal/mol
   Vibrational Enthalpy:         16.563 kcal/mol
   gas constant (RT):             0.592 kcal/mol
   Translational Entropy:        36.130  cal/mol.K
   Rotational Entropy:           17.417  cal/mol.K
   Vibrational Entropy:           0.091  cal/mol.K

   Total Enthalpy:               18.933 kcal/mol
   Total Entropy:                53.638  cal/mol.K

   Quasi-RRHO corrections using alpha = 4, and omega = 100 cm^-1
   QRRHO-Vib. Enthalpy:          16.563 kcal/mol
   QRRHO-Vib. Entropy:            0.091  cal/mol.K
   QRRHO-Total Enthalpy:         18.933 kcal/mol
   QRRHO-Total Entropy:          53.638  cal/mol.K
 ANHAR part of the calculation will be done on the head node (MPI+OMP NYI).
 =====================================================
 =====================================================
 = Starting finite difference calculation for ANHAR  =
 Finite diff step size:  9.99854e-02 a.u.

 Low frequencies less than 300 will be treated as rotation
 Anharmonic Force Field will start with mode 1

 Eng[0,0,0,0] =  -114.50764019103941

 You need 0.0000982 GB memory
 Calculating analytic gradient of the SCF energy
Added xc
 Gradient of SCF Energy
            1           2           3           4
    1  -0.0000002   0.0000002  -0.0000001   0.0000000
    2   0.0000001   0.0000001  -0.0000001  -0.0000002
    3   0.0000001   0.0000001   0.0000002  -0.0000003
 Max gradient component =       3.485E-07
 RMS gradient           =       1.600E-07
 Grad[1,0,0,0] = -2.26395509e-07
 Grad[2,0,0,0] = -1.21811248e-08
 Grad[3,0,0,0] = -1.58787146e-07
 Grad[4,0,0,0] = 3.61378265e-07
 Grad[5,0,0,0] = 1.46817256e-07
 Grad[6,0,0,0] = 1.09064953e-08
 CoordNormalMode -1 , 0 , 0
 ----------------------------------------------------------------
             Standard Nuclear Orientation (Angstroms)
    I     Atom           X                Y                Z
 ----------------------------------------------------------------
    1      O       2.8420919135     0.5691643358     3.6260317136
    2      C       1.6601546639     0.5246766156     3.4007581309
    3      H       1.1836820764     1.1113789009     2.5725902784
    4      H       0.9727750061    -0.1819907703     3.9348349586
 ----------------------------------------------------------------
 Nuclear Repulsion Energy =          31.19393713 hartrees
 There are        8 alpha and        8 beta electrons

                       Distance Matrix (Angstroms)
             O (  1)   C (  2)   H (  3)
   C (  2)  1.204036
   H (  3)  2.038151  1.121208
   H (  4)  2.038121  1.121208  1.890237

 Requested basis set is cc-pVDZ
 There are 18 shells and 38 basis functions
 A cutoff of  1.0D-14 yielded    171 shell pairs
 There are       779 function pairs (       868 Cartesian)
 Smallest overlap matrix eigenvalue = 1.94E-02
 Guess MOs from SCF MO coefficient file

 -----------------------------------------------------------------------
  General SCF calculation program by
  Eric Jon Sundstrom, Paul Horn, Yuezhi Mao, Dmitri Zuev, Alec White,
  David Stuck, Shaama M.S., Shane Yost, Joonho Lee, David Small,
  Daniel Levine, Susi Lehtola, Hugh Burton, Evgeny Epifanovsky,
  Bang C. Huynh
 -----------------------------------------------------------------------
 Exchange:     0.2000 Hartree-Fock + 0.0800 Slater + 0.7200 B88
 Correlation:  0.1900 VWN1RPA + 0.8100 LYP
 Using Euler-Maclaurin-Lebedev (99,590) quadrature formula
Added inc_jk
Added qchem_hcore
Added xc
Added P-dependent contribution
 A restricted SCF calculation will be
 performed using GDM
 SCF converges when RMS gradient is below 1.0e-10
 User-specified cutoff of 10e-14
 used for neglect of 2-electron integrals.
 A cutoff of 10e-14
 used for neglect of overlap integrals.
 Incremental Fock algorithm is on at the start.
 ---------------------------------------
  Cycle       Energy        RMS Gradient
 ---------------------------------------
    1    -114.5071139938      6.23e-03   Normal BFGS step
    2    -114.5072724349      5.78e-04   Normal BFGS step
    3    -114.5072736220      3.51e-04   Normal BFGS step
    4    -114.5072736776      4.85e-04   Normal BFGS step
    5    -114.5072738063      1.11e-04   Normal BFGS step
    6    -114.5072738372      3.15e-05   Normal BFGS step
    7    -114.5072738408      8.12e-06   Normal BFGS step
    8    -114.5072738411      4.75e-06   Normal BFGS step
    9    -114.5072738411      6.57e-07   Normal BFGS step
   10    -114.5072738411      7.21e-08   Normal BFGS step
   11    -114.5072738411      6.79e-09   Normal BFGS step
   12    -114.5072738411      1.91e-09   Normal BFGS step
   13    -114.5072738411      4.87e-10   Normal BFGS step
  GDM::WARNING energy changes are now smaller than effective accuracy.
  GDM::        calculation will continue, but THRESH should be increased
  GDM::        or SCF_CONVERGENCE decreased. 
  GDM::        effective_thresh = 3.78e-09
   14    -114.5072738411      3.97e-10   Normal BFGS step
   15    -114.5072738411      9.22e-12  Convergence criterion met
 ---------------------------------------
 SCF time:   CPU 7.46s  wall 1.00s 
 SCF   energy =  -114.50727384
 Total energy =  -114.50727384
 Integrated density by DFT XC:
   Number of electrons = 16
   Numerical integral  =    16.000000013766
   Relative error      =     0.0000000860 %

 --------------------------------------------------------------

                    Orbital Energies (a.u.)
 --------------------------------------------------------------

 Alpha MOs
 -- Occupied --
-19.1604 -10.2900  -1.0636  -0.6327  -0.4916  -0.4504  -0.4008  -0.2670
 -- Virtual --
 -0.0446   0.0652   0.1332   0.2082   0.4497   0.4635   0.5352   0.5870
  0.6319   0.7592   0.8715   0.9262   0.9786   1.0537   1.1633   1.4071
  1.4340   1.5305   1.6506   1.6767   1.6876   1.7241   2.2341   2.3036
  2.3886   2.6716   2.7865   3.0348   3.3223   3.4205
 --------------------------------------------------------------

          Ground-State Mulliken Net Atomic Charges

     Atom                 Charge (a.u.)
  ----------------------------------------
      1 O                    -0.178966
      2 C                     0.161445
      3 H                     0.008762
      4 H                     0.008759
  ----------------------------------------
  Sum of atomic charges =     0.000000

 -----------------------------------------------------------------
                    Cartesian Multipole Moments
 -----------------------------------------------------------------
    Charge (ESU x 10^10)
                -0.0000
    Dipole Moment (Debye)
         X      -2.0229      Y      -0.0995      Z      -0.4077
       Tot       2.0660
    Quadrupole Moments (Debye-Ang)
        XX     -20.7206     XY      -1.3280     YY     -11.5989
        XZ      -8.0271     YZ      -0.4824     ZZ     -14.3644
    Octopole Moments (Debye-Ang^2)
       XXX    -105.0417    XXY     -11.9081    XYY     -25.2203
       YYY     -18.6484    XXZ     -74.6637    XYZ      -4.6477
       YYZ     -40.3841    XZZ     -55.8887    YZZ      -8.1914
       ZZZ    -135.3659
    Hexadecapole Moments (Debye-Ang^3)
      XXXX    -452.1879   XXXY     -60.2073   XXYY     -67.8546
      XYYY     -41.0002   YYYY     -34.2644   XXXZ    -375.4206
      XXYZ     -40.3572   XYYZ     -88.5126   YYYZ     -62.6917
      XXZZ    -330.5511   XYZZ     -29.5299   YYZZ    -148.5970
      XZZZ    -380.3562   YZZZ     -70.1791   ZZZZ    -925.1642
 -----------------------------------------------------------------
 Eng[-1,0] = -1.14507274e+02
 Calculating analytic gradient of the SCF energy
Added xc
 Gradient of SCF Energy
            1           2           3           4
    1   0.0006152  -0.0014454   0.0004413   0.0003889
    2  -0.0027143   0.0081850  -0.0025631  -0.0029076
    3  -0.0024760   0.0075394  -0.0027132  -0.0023502
 Max gradient component =       8.185E-03
 RMS gradient           =       3.742E-03
 Grad[1,-1,0,0] = -7.33635913e-03
 Grad[2,-1,0,0] = 4.86438702e-08
 Grad[3,-1,0,0] = -6.90934655e-05
 Grad[4,-1,0,0] = 9.13503170e-05
 Grad[5,-1,0,0] = -4.75004616e-04
 Grad[6,-1,0,0] = 9.81465100e-08
 points done 1/42
 CoordNormalMode 1 , 0 , 0
 ----------------------------------------------------------------
             Standard Nuclear Orientation (Angstroms)
    I     Atom           X                Y                Z
 ----------------------------------------------------------------
    1      O       2.8413329523     0.5725402202     3.6291127729
    2      C       1.6631962208     0.5111764311     3.3884238496
    3      H       1.1716342339     1.1649595802     2.6215835883
    4      H       0.9606529330    -0.1284053135     3.9838047078
 ----------------------------------------------------------------
 Nuclear Repulsion Energy =          31.19392010 hartrees
 There are        8 alpha and        8 beta electrons

                       Distance Matrix (Angstroms)
             O (  1)   C (  2)   H (  3)
   C (  2)  1.204036
   H (  3)  2.038129  1.121209
   H (  4)  2.038158  1.121209  1.890225

 Requested basis set is cc-pVDZ
 There are 18 shells and 38 basis functions
 A cutoff of  1.0D-14 yielded    171 shell pairs
 There are       779 function pairs (       868 Cartesian)
 Smallest overlap matrix eigenvalue = 1.94E-02
 Guess MOs from SCF MO coefficient file

 -----------------------------------------------------------------------
  General SCF calculation program by
  Eric Jon Sundstrom, Paul Horn, Yuezhi Mao, Dmitri Zuev, Alec White,
  David Stuck, Shaama M.S., Shane Yost, Joonho Lee, David Small,
  Daniel Levine, Susi Lehtola, Hugh Burton, Evgeny Epifanovsky,
  Bang C. Huynh
 -----------------------------------------------------------------------
 Exchange:     0.2000 Hartree-Fock + 0.0800 Slater + 0.7200 B88
 Correlation:  0.1900 VWN1RPA + 0.8100 LYP
 Using Euler-Maclaurin-Lebedev (99,590) quadrature formula
Added inc_jk
Added qchem_hcore
Added xc
Added P-dependent contribution
 A restricted SCF calculation will be
 performed using GDM
 SCF converges when RMS gradient is below 1.0e-10
 User-specified cutoff of 10e-14
 used for neglect of 2-electron integrals.
 A cutoff of 10e-14
 used for neglect of overlap integrals.
 Incremental Fock algorithm is on at the start.
 ---------------------------------------
  Cycle       Energy        RMS Gradient
 ---------------------------------------
    1    -114.5066357728      1.24e-02   Normal BFGS step
    2    -114.5072672114      1.30e-03   Normal BFGS step
    3    -114.5072665327      3.31e-03  Line search: overstep
    4    -114.5072723453      8.67e-04   Normal BFGS step
    5    -114.5072729077      7.56e-04   Normal BFGS step
    6    -114.5072738721      7.36e-05   Normal BFGS step
    7    -114.5072738804      2.02e-05   Normal BFGS step
    8    -114.5072738810      6.51e-07   Normal BFGS step
    9    -114.5072738810      5.69e-07   Normal BFGS step
   10    -114.5072738810      6.13e-08   Normal BFGS step
   11    -114.5072738810      2.46e-08   Normal BFGS step
   12    -114.5072738810      1.16e-09   Normal BFGS step
   13    -114.5072738810      2.13e-10   Normal BFGS step
  GDM::WARNING energy changes are now smaller than effective accuracy.
  GDM::        calculation will continue, but THRESH should be increased
  GDM::        or SCF_CONVERGENCE decreased. 
  GDM::        effective_thresh = 2.77e-09
   14    -114.5072738810      2.13e-10   Normal BFGS step
   15    -114.5072738810      1.61e-10   Normal BFGS step
  GDM::WARNING energy changes are now smaller than effective accuracy.
  GDM::        calculation will continue, but THRESH should be increased
  GDM::        or SCF_CONVERGENCE decreased. 
  GDM::        effective_thresh = 3.00e-09
   16    -114.5072738810      1.31e-11  Convergence criterion met
 ---------------------------------------
 SCF time:   CPU 7.92s  wall 2.00s 
 SCF   energy =  -114.50727388
 Total energy =  -114.50727388
 Integrated density by DFT XC:
   Number of electrons = 16
   Numerical integral  =    16.000000004719
   Relative error      =     0.0000000295 %

 --------------------------------------------------------------

                    Orbital Energies (a.u.)
 --------------------------------------------------------------

 Alpha MOs
 -- Occupied --
-19.1604 -10.2900  -1.0636  -0.6327  -0.4916  -0.4504  -0.4008  -0.2670
 -- Virtual --
 -0.0446   0.0652   0.1332   0.2082   0.4497   0.4635   0.5352   0.5870
  0.6319   0.7592   0.8715   0.9262   0.9786   1.0537   1.1633   1.4071
  1.4340   1.5305   1.6506   1.6767   1.6876   1.7241   2.2341   2.3036
  2.3886   2.6716   2.7865   3.0348   3.3223   3.4205
 --------------------------------------------------------------

          Ground-State Mulliken Net Atomic Charges

     Atom                 Charge (a.u.)
  ----------------------------------------
      1 O                    -0.178965
      2 C                     0.161446
      3 H                     0.008758
      4 H                     0.008761
  ----------------------------------------
  Sum of atomic charges =     0.000000

 -----------------------------------------------------------------
                    Cartesian Multipole Moments
 -----------------------------------------------------------------
    Charge (ESU x 10^10)
                 0.0000
    Dipole Moment (Debye)
         X      -2.0268      Y      -0.0821      Z      -0.3918
       Tot       2.0660
    Quadrupole Moments (Debye-Ang)
        XX     -20.7208     XY      -1.3292     YY     -11.5834
        XZ      -8.0388     YZ      -0.4220     ZZ     -14.2666
    Octopole Moments (Debye-Ang^2)
       XXX    -105.0174    XXY     -11.9463    XYY     -25.2099
       YYY     -18.6430    XXZ     -74.6942    XYZ      -4.6451
       YYZ     -40.4036    XZZ     -55.9347    YZZ      -8.0448
       ZZZ    -134.9099
    Hexadecapole Moments (Debye-Ang^3)
      XXXX    -452.1782   XXXY     -60.2137   XXYY     -67.8732
      XYYY     -40.9501   YYYY     -34.2606   XXXZ    -375.3514
      XXYZ     -40.4702   XYYZ     -88.5221   YYYZ     -62.7665
      XXZZ    -330.7530   XYZZ     -29.5430   YYZZ    -148.9389
      XZZZ    -380.5267   YZZZ     -70.0542   ZZZZ    -923.2219
 -----------------------------------------------------------------
 Eng[1,0] = -1.14507274e+02
 Calculating analytic gradient of the SCF energy
Added xc
 Gradient of SCF Energy
            1           2           3           4
    1  -0.0006052   0.0022347  -0.0007848  -0.0008448
    2   0.0027150  -0.0081496   0.0028893   0.0025453
    3   0.0024780  -0.0073832   0.0022722   0.0026330
 Max gradient component =       8.150E-03
 RMS gradient           =       3.742E-03
 Grad[1,1,0,0] = 7.33606654e-03
 Grad[2,1,0,0] = 3.10838843e-07
 Grad[3,1,0,0] = -6.92363407e-05
 Grad[4,1,0,0] = 9.15463565e-05
 Grad[5,1,0,0] = -4.75184536e-04
 Grad[6,1,0,0] = -5.18962568e-08
 points done 2/42
 CoordNormalMode -2 , 0 , 0
 ----------------------------------------------------------------
             Standard Nuclear Orientation (Angstroms)
    I     Atom           X                Y                Z
 ----------------------------------------------------------------
    1      O       2.8412386093     0.5679521364     3.6306285274
    2      C       1.6625562951     0.5233204097     3.3889024770
    3      H       1.1424745731     1.1275617761     2.6000442891
    4      H       0.9989293269    -0.1627872299     3.9755891011
 ----------------------------------------------------------------
 Nuclear Repulsion Energy =          31.19576385 hartrees
 There are        8 alpha and        8 beta electrons

                       Distance Matrix (Angstroms)
             O (  1)   C (  2)   H (  3)
   C (  2)  1.204041
   H (  3)  2.064235  1.121557
   H (  4)  2.011736  1.120422  1.891489

 Requested basis set is cc-pVDZ
 There are 18 shells and 38 basis functions
 A cutoff of  1.0D-14 yielded    171 shell pairs
 There are       779 function pairs (       868 Cartesian)
 Smallest overlap matrix eigenvalue = 1.94E-02
 Guess MOs from SCF MO coefficient file

 -----------------------------------------------------------------------
  General SCF calculation program by
  Eric Jon Sundstrom, Paul Horn, Yuezhi Mao, Dmitri Zuev, Alec White,
  David Stuck, Shaama M.S., Shane Yost, Joonho Lee, David Small,
  Daniel Levine, Susi Lehtola, Hugh Burton, Evgeny Epifanovsky,
  Bang C. Huynh
 -----------------------------------------------------------------------
 Exchange:     0.2000 Hartree-Fock + 0.0800 Slater + 0.7200 B88
 Correlation:  0.1900 VWN1RPA + 0.8100 LYP
 Using Euler-Maclaurin-Lebedev (99,590) quadrature formula
Added inc_jk
Added qchem_hcore
Added xc
Added P-dependent contribution
 A restricted SCF calculation will be
 performed using GDM
 SCF converges when RMS gradient is below 1.0e-10
 User-specified cutoff of 10e-14
 used for neglect of 2-electron integrals.
 A cutoff of 10e-14
 used for neglect of overlap integrals.
 Incremental Fock algorithm is on at the start.
 ---------------------------------------
  Cycle       Energy        RMS Gradient
 ---------------------------------------
    1    -114.5069198094      7.16e-03   Normal BFGS step
    2    -114.5072362516      6.52e-04   Normal BFGS step
    3    -114.5072376016      1.54e-03   Normal BFGS step
    4    -114.5072385279      8.34e-04   Normal BFGS step
    5    -114.5072392203      9.57e-05   Normal BFGS step
    6    -114.5072392938      4.21e-05   Normal BFGS step
    7    -114.5072392963      3.72e-06   Normal BFGS step
    8    -114.5072392964      1.95e-06   Normal BFGS step
    9    -114.5072392964      4.37e-07   Normal BFGS step
   10    -114.5072392964      1.71e-07   Normal BFGS step
   11    -114.5072392964      2.21e-08   Normal BFGS step
   12    -114.5072392964      3.07e-09   Normal BFGS step
   13    -114.5072392964      2.20e-10   Normal BFGS step
   14    -114.5072392964      2.74e-10   Normal BFGS step
   15    -114.5072392964      1.13e-10   Normal BFGS step
  GDM::WARNING energy changes are now smaller than effective accuracy.
  GDM::        calculation will continue, but THRESH should be increased
  GDM::        or SCF_CONVERGENCE decreased. 
  GDM::        effective_thresh = 5.09e-09
   16    -114.5072392964      9.37e-12  Convergence criterion met
 ---------------------------------------
 SCF time:   CPU 7.93s  wall 1.00s 
 SCF   energy =  -114.50723930
 Total energy =  -114.50723930
 Integrated density by DFT XC:
   Number of electrons = 16
   Numerical integral  =    16.000000008888
   Relative error      =     0.0000000556 %

 --------------------------------------------------------------

                    Orbital Energies (a.u.)
 --------------------------------------------------------------

 Alpha MOs
 -- Occupied --
-19.1602 -10.2900  -1.0636  -0.6327  -0.4918  -0.4503  -0.4008  -0.2669
 -- Virtual --
 -0.0441   0.0651   0.1328   0.2084   0.4498   0.4623   0.5364   0.5865
  0.6331   0.7590   0.8716   0.9260   0.9789   1.0531   1.1645   1.4054
  1.4330   1.5266   1.6614   1.6710   1.6889   1.7239   2.2345   2.3024
  2.3930   2.6705   2.7862   3.0343   3.3247   3.4211
 --------------------------------------------------------------

          Ground-State Mulliken Net Atomic Charges

     Atom                 Charge (a.u.)
  ----------------------------------------
      1 O                    -0.179215
      2 C                     0.161782
      3 H                     0.011408
      4 H                     0.006025
  ----------------------------------------
  Sum of atomic charges =     0.000000

 -----------------------------------------------------------------
                    Cartesian Multipole Moments
 -----------------------------------------------------------------
    Charge (ESU x 10^10)
                 0.0000
    Dipole Moment (Debye)
         X      -2.0231      Y      -0.0651      Z      -0.4275
       Tot       2.0688
    Quadrupole Moments (Debye-Ang)
        XX     -20.7276     XY      -1.3260     YY     -11.5687
        XZ      -8.0304     YZ      -0.3880     ZZ     -14.4865
    Octopole Moments (Debye-Ang^2)
       XXX    -105.0714    XXY     -11.9607    XYY     -25.2173
       YYY     -18.6122    XXZ     -74.6760    XYZ      -4.6485
       YYZ     -40.3305    XZZ     -55.8971    YZZ      -7.9741
       ZZZ    -135.9425
    Hexadecapole Moments (Debye-Ang^3)
      XXXX    -452.2909   XXXY     -60.2281   XXYY     -67.8935
      XYYY     -40.8455   YYYY     -34.1925   XXXZ    -375.5487
      XXYZ     -40.5206   XYYZ     -88.5619   YYYZ     -62.6011
      XXZZ    -330.5223   XYZZ     -29.5502   YYZZ    -148.6027
      XZZZ    -380.4459   YZZZ     -69.8586   ZZZZ    -927.7113
 -----------------------------------------------------------------
 Eng[-2,0] = -1.14507239e+02
 Calculating analytic gradient of the SCF energy
Added xc
 Gradient of SCF Energy
            1           2           3           4
    1  -0.0010408   0.0014788  -0.0040150   0.0035770
    2  -0.0052168   0.0072843  -0.0010370  -0.0010305
    3   0.0054511  -0.0076102   0.0001470   0.0020121
 Max gradient component =       7.610E-03
 RMS gradient           =       4.146E-03
 Grad[1,-2,0,0] = -3.85103412e-07
 Grad[2,-2,0,0] = -8.02594560e-03
 Grad[3,-2,0,0] = 1.27502733e-04
 Grad[4,-2,0,0] = 6.00381117e-05
 Grad[5,-2,0,0] = -3.53741731e-04
 Grad[6,-2,0,0] = -4.00104212e-06
 points done 3/42
 CoordNormalMode 2 , 0 , 0
 ----------------------------------------------------------------
             Standard Nuclear Orientation (Angstroms)
    I     Atom           X                Y                Z
 ----------------------------------------------------------------
    1      O       2.8421862566     0.5737524196     3.6245159591
    2      C       1.6607945896     0.5125326370     3.4002795035
    3      H       1.2128417372     1.1487767050     2.5941295775
    4      H       0.9344986123    -0.1476088539     3.9430505652
 ----------------------------------------------------------------
 Nuclear Repulsion Energy =          31.19574122 hartrees
 There are        8 alpha and        8 beta electrons

                       Distance Matrix (Angstroms)
             O (  1)   C (  2)   H (  3)
   C (  2)  1.204042
   H (  3)  2.011744  1.120422
   H (  4)  2.064243  1.121558  1.891475

 Requested basis set is cc-pVDZ
 There are 18 shells and 38 basis functions
 A cutoff of  1.0D-14 yielded    171 shell pairs
 There are       779 function pairs (       868 Cartesian)
 Smallest overlap matrix eigenvalue = 1.94E-02
 Guess MOs from SCF MO coefficient file

 -----------------------------------------------------------------------
  General SCF calculation program by
  Eric Jon Sundstrom, Paul Horn, Yuezhi Mao, Dmitri Zuev, Alec White,
  David Stuck, Shaama M.S., Shane Yost, Joonho Lee, David Small,
  Daniel Levine, Susi Lehtola, Hugh Burton, Evgeny Epifanovsky,
  Bang C. Huynh
 -----------------------------------------------------------------------
 Exchange:     0.2000 Hartree-Fock + 0.0800 Slater + 0.7200 B88
 Correlation:  0.1900 VWN1RPA + 0.8100 LYP
 Using Euler-Maclaurin-Lebedev (99,590) quadrature formula
Added inc_jk
Added qchem_hcore
Added xc
Added P-dependent contribution
 A restricted SCF calculation will be
 performed using GDM
 SCF converges when RMS gradient is below 1.0e-10
 User-specified cutoff of 10e-14
 used for neglect of 2-electron integrals.
 A cutoff of 10e-14
 used for neglect of overlap integrals.
 Incremental Fock algorithm is on at the start.
 ---------------------------------------
  Cycle       Energy        RMS Gradient
 ---------------------------------------
    1    -114.5065992347      1.43e-02   Normal BFGS step
    2    -114.5072335048      1.07e-03   Normal BFGS step
    3    -114.5072381758      1.06e-03   Normal BFGS step
    4    -114.5072381526      1.25e-03   Normal BFGS step
    5    -114.5072392361      1.22e-04   Normal BFGS step
    6    -114.5072393018      3.99e-05   Normal BFGS step
    7    -114.5072393075      9.66e-06   Normal BFGS step
    8    -114.5072393077      4.13e-06   Normal BFGS step
    9    -114.5072393078      3.96e-07   Normal BFGS step
   10    -114.5072393078      3.05e-08   Normal BFGS step
   11    -114.5072393078      4.09e-09   Normal BFGS step
   12    -114.5072393078      3.35e-09   Normal BFGS step
   13    -114.5072393078      1.90e-09   Normal BFGS step
   14    -114.5072393078      1.31e-10   Normal BFGS step
  GDM::WARNING energy changes are now smaller than effective accuracy.
  GDM::        calculation will continue, but THRESH should be increased
  GDM::        or SCF_CONVERGENCE decreased. 
  GDM::        effective_thresh = 4.96e-09
   15    -114.5072393078      3.71e-11  Convergence criterion met
 ---------------------------------------
 SCF time:   CPU 7.44s  wall 1.00s 
 SCF   energy =  -114.50723931
 Total energy =  -114.50723931
 Integrated density by DFT XC:
   Number of electrons = 16
   Numerical integral  =    16.000000006471
   Relative error      =     0.0000000404 %

 --------------------------------------------------------------

                    Orbital Energies (a.u.)
 --------------------------------------------------------------

 Alpha MOs
 -- Occupied --
-19.1602 -10.2900  -1.0636  -0.6327  -0.4918  -0.4503  -0.4008  -0.2669
 -- Virtual --
 -0.0441   0.0651   0.1328   0.2084   0.4498   0.4623   0.5364   0.5865
  0.6331   0.7590   0.8716   0.9260   0.9789   1.0531   1.1645   1.4054
  1.4330   1.5266   1.6614   1.6710   1.6889   1.7239   2.2345   2.3024
  2.3930   2.6705   2.7862   3.0343   3.3247   3.4211
 --------------------------------------------------------------

          Ground-State Mulliken Net Atomic Charges

     Atom                 Charge (a.u.)
  ----------------------------------------
      1 O                    -0.179215
      2 C                     0.161783
      3 H                     0.006024
      4 H                     0.011408
  ----------------------------------------
  Sum of atomic charges =     0.000000

 -----------------------------------------------------------------
                    Cartesian Multipole Moments
 -----------------------------------------------------------------
    Charge (ESU x 10^10)
                -0.0000
    Dipole Moment (Debye)
         X      -2.0315      Y      -0.1168      Z      -0.3730
       Tot       2.0688
    Quadrupole Moments (Debye-Ang)
        XX     -20.7286     XY      -1.3329     YY     -11.6148
        XZ      -8.0531     YZ      -0.5229     ZZ     -14.1512
    Octopole Moments (Debye-Ang^2)
       XXX    -105.0417    XXY     -11.8989    XYY     -25.2134
       YYY     -18.6806    XXZ     -74.7379    XYZ      -4.6605
       YYZ     -40.4667    XZZ     -55.9890    YZZ      -8.3040
       ZZZ    -134.3674
    Hexadecapole Moments (Debye-Ang^3)
      XXXX    -452.2963   XXXY     -60.2161   XXYY     -67.8358
      XYYY     -41.1067   YYYY     -34.3257   XXXZ    -375.4311
      XXYZ     -40.3454   XYYZ     -88.4872   YYYZ     -62.8588
      XXZZ    -330.9908   XYZZ     -29.6147   YYZZ    -148.9763
      XZZZ    -380.6601   YZZZ     -70.5792   ZZZZ    -920.8200
 -----------------------------------------------------------------
 Eng[2,0] = -1.14507239e+02
 Calculating analytic gradient of the SCF energy
Added xc
 Gradient of SCF Energy
            1           2           3           4
    1   0.0006609  -0.0008955   0.0039681  -0.0037335
    2   0.0051999  -0.0072575   0.0013683   0.0006892
    3  -0.0055258   0.0077253  -0.0005215  -0.0016779
 Max gradient component =       7.725E-03
 RMS gradient           =       4.146E-03
 Grad[1,2,0,0] = -2.11875288e-07
 Grad[2,2,0,0] = 8.02565237e-03
 Grad[3,2,0,0] = 1.27276603e-04
 Grad[4,2,0,0] = 6.03229579e-05
 Grad[5,2,0,0] = -3.53801193e-04
 Grad[6,2,0,0] = 4.30065893e-06
 points done 4/42
 CoordNormalMode -3 , 0 , 0
 ----------------------------------------------------------------
             Standard Nuclear Orientation (Angstroms)
    I     Atom           X                Y                Z
 ----------------------------------------------------------------
    1      O       2.8457949252     0.5710347666     3.6283785138
    2      C       1.6615379874     0.5179219768     3.3945638371
    3      H       1.1439791951     1.1238924289     2.6043897047
    4      H       0.9372377976    -0.1437633064     3.9395443364
 ----------------------------------------------------------------
 Nuclear Repulsion Energy =          31.07280242 hartrees
 There are        8 alpha and        8 beta electrons

                       Distance Matrix (Angstroms)
             O (  1)   C (  2)   H (  3)
   C (  2)  1.208286
   H (  3)  2.061645  1.122249
   H (  4)  2.061638  1.122249  1.852655

 Requested basis set is cc-pVDZ
 There are 18 shells and 38 basis functions
 A cutoff of  1.0D-14 yielded    171 shell pairs
 There are       779 function pairs (       868 Cartesian)
 Smallest overlap matrix eigenvalue = 1.98E-02
 Guess MOs from SCF MO coefficient file

 -----------------------------------------------------------------------
  General SCF calculation program by
  Eric Jon Sundstrom, Paul Horn, Yuezhi Mao, Dmitri Zuev, Alec White,
  David Stuck, Shaama M.S., Shane Yost, Joonho Lee, David Small,
  Daniel Levine, Susi Lehtola, Hugh Burton, Evgeny Epifanovsky,
  Bang C. Huynh
 -----------------------------------------------------------------------
 Exchange:     0.2000 Hartree-Fock + 0.0800 Slater + 0.7200 B88
 Correlation:  0.1900 VWN1RPA + 0.8100 LYP
 Using Euler-Maclaurin-Lebedev (99,590) quadrature formula
Added inc_jk
Added qchem_hcore
Added xc
Added P-dependent contribution
 A restricted SCF calculation will be
 performed using GDM
 SCF converges when RMS gradient is below 1.0e-10
 User-specified cutoff of 10e-14
 used for neglect of 2-electron integrals.
 A cutoff of 10e-14
 used for neglect of overlap integrals.
 Incremental Fock algorithm is on at the start.
 ---------------------------------------
  Cycle       Energy        RMS Gradient
 ---------------------------------------
    1    -114.5069096610      7.13e-03   Normal BFGS step
    2    -114.5071452888      4.08e-03   Normal BFGS step
    3    -114.5071145470      8.04e-03  Line search: overstep
    4    -114.5071583861      7.07e-04   Normal BFGS step
    5    -114.5071595078      3.60e-04   Normal BFGS step
    6    -114.5071600518      1.31e-04   Normal BFGS step
    7    -114.5071600739      1.83e-05   Normal BFGS step
    8    -114.5071600756      3.34e-06   Normal BFGS step
    9    -114.5071600756      9.49e-07   Normal BFGS step
   10    -114.5071600756      3.26e-08   Normal BFGS step
   11    -114.5071600756      7.68e-09   Normal BFGS step
   12    -114.5071600756      2.63e-09   Normal BFGS step
   13    -114.5071600756      1.51e-09   Normal BFGS step
   14    -114.5071600756      7.35e-11  Convergence criterion met
 ---------------------------------------
 SCF time:   CPU 6.96s  wall 1.00s 
 SCF   energy =  -114.50716008
 Total energy =  -114.50716008
 Integrated density by DFT XC:
   Number of electrons = 16
   Numerical integral  =    16.000000002045
   Relative error      =     0.0000000128 %

 --------------------------------------------------------------

                    Orbital Energies (a.u.)
 --------------------------------------------------------------

 Alpha MOs
 -- Occupied --
-19.1629 -10.2918  -1.0623  -0.6363  -0.4868  -0.4528  -0.4005  -0.2683
 -- Virtual --
 -0.0463   0.0646   0.1340   0.2057   0.4496   0.4762   0.5192   0.5850
  0.6269   0.7586   0.8711   0.9306   0.9762   1.0519   1.1559   1.4036
  1.4632   1.5073   1.6301   1.6859   1.6888   1.7074   2.2556   2.3069
  2.3957   2.6660   2.7668   3.0333   3.3247   3.4139
 --------------------------------------------------------------

          Ground-State Mulliken Net Atomic Charges

     Atom                 Charge (a.u.)
  ----------------------------------------
      1 O                    -0.179821
      2 C                     0.164485
      3 H                     0.007669
      4 H                     0.007668
  ----------------------------------------
  Sum of atomic charges =     0.000000

 -----------------------------------------------------------------
                    Cartesian Multipole Moments
 -----------------------------------------------------------------
    Charge (ESU x 10^10)
                -0.0000
    Dipole Moment (Debye)
         X      -2.0468      Y      -0.0918      Z      -0.4041
       Tot       2.0884
    Quadrupole Moments (Debye-Ang)
        XX     -20.7254     XY      -1.3464     YY     -11.6502
        XZ      -8.0909     YZ      -0.4041     ZZ     -14.4057
    Octopole Moments (Debye-Ang^2)
       XXX    -104.8312    XXY     -11.9457    XYY     -25.2933
       YYY     -18.7325    XXZ     -74.6311    XYZ      -4.6173
       YYZ     -40.5345    XZZ     -56.1224    YZZ      -7.8135
       ZZZ    -135.8873
    Hexadecapole Moments (Debye-Ang^3)
      XXXX    -451.7187   XXXY     -60.1343   XXYY     -68.0222
      XYYY     -41.0905   YYYY     -34.2852   XXXZ    -374.6076
      XXYZ     -40.3526   XYYZ     -88.7037   YYYZ     -62.9852
      XXZZ    -330.4222   XYZZ     -29.1884   YYZZ    -149.0685
      XZZZ    -381.4730   YZZZ     -68.7167   ZZZZ    -928.7726
 -----------------------------------------------------------------
 Eng[-3,0] = -1.14507160e+02
 Calculating analytic gradient of the SCF energy
Added xc
 Gradient of SCF Energy
            1           2           3           4
    1   0.0104946   0.0001266  -0.0056543  -0.0049669
    2   0.0004697   0.0000085  -0.0023410   0.0018628
    3   0.0020726   0.0000252   0.0011650  -0.0032628
 Max gradient component =       1.049E-02
 RMS gradient           =       4.003E-03
 Grad[1,-3,0,0] = -1.51783999e-07
 Grad[2,-3,0,0] = 6.35316419e-08
 Grad[3,-3,0,0] = -9.62332412e-03
 Grad[4,-3,0,0] = 3.39348542e-04
 Grad[5,-3,0,0] = -1.30451117e-04
 Grad[6,-3,0,0] = -4.23515049e-08
 points done 5/42
 CoordNormalMode 3 , 0 , 0
 ----------------------------------------------------------------
             Standard Nuclear Orientation (Angstroms)
    I     Atom           X                Y                Z
 ----------------------------------------------------------------
    1      O       2.8376299407     0.5706697894     3.6267659727
    2      C       1.6618128973     0.5179310699     3.3946181434
    3      H       1.2113371152     1.1524460522     2.5897841620
    4      H       0.9961901415    -0.1666327774     3.9790953300
 ----------------------------------------------------------------
 Nuclear Repulsion Energy =          31.32230205 hartrees
 There are        8 alpha and        8 beta electrons

                       Distance Matrix (Angstroms)
             O (  1)   C (  2)   H (  3)
   C (  2)  1.199675
   H (  3)  2.014603  1.119507
   H (  4)  2.014610  1.119507  1.927808

 Requested basis set is cc-pVDZ
 There are 18 shells and 38 basis functions
 A cutoff of  1.0D-14 yielded    171 shell pairs
 There are       779 function pairs (       868 Cartesian)
 Smallest overlap matrix eigenvalue = 1.90E-02
 Guess MOs from SCF MO coefficient file

 -----------------------------------------------------------------------
  General SCF calculation program by
  Eric Jon Sundstrom, Paul Horn, Yuezhi Mao, Dmitri Zuev, Alec White,
  David Stuck, Shaama M.S., Shane Yost, Joonho Lee, David Small,
  Daniel Levine, Susi Lehtola, Hugh Burton, Evgeny Epifanovsky,
  Bang C. Huynh
 -----------------------------------------------------------------------
 Exchange:     0.2000 Hartree-Fock + 0.0800 Slater + 0.7200 B88
 Correlation:  0.1900 VWN1RPA + 0.8100 LYP
 Using Euler-Maclaurin-Lebedev (99,590) quadrature formula
Added inc_jk
Added qchem_hcore
Added xc
Added P-dependent contribution
 A restricted SCF calculation will be
 performed using GDM
 SCF converges when RMS gradient is below 1.0e-10
 User-specified cutoff of 10e-14
 used for neglect of 2-electron integrals.
 A cutoff of 10e-14
 used for neglect of overlap integrals.
 Incremental Fock algorithm is on at the start.
 ---------------------------------------
  Cycle       Energy        RMS Gradient
 ---------------------------------------
    1    -114.5068035068      7.95e-03   Normal BFGS step
    2    -114.5071022126      8.72e-03   Normal BFGS step
    3    -114.5070658091      1.07e-02  Line search: overstep
    4    -114.5071558835      1.24e-03   Normal BFGS step
    5    -114.5071612102      7.23e-04   Normal BFGS step
    6    -114.5071636349      2.39e-04   Normal BFGS step
    7    -114.5071637418      3.80e-05   Normal BFGS step
    8    -114.5071637457      2.09e-06   Normal BFGS step
    9    -114.5071637457      3.43e-07   Normal BFGS step
   10    -114.5071637457      2.72e-08   Normal BFGS step
   11    -114.5071637457      8.99e-09   Normal BFGS step
   12    -114.5071637457      9.50e-09   Normal BFGS step
   13    -114.5071637457      2.20e-09   Normal BFGS step
   14    -114.5071637457      3.78e-10   Normal BFGS step
  GDM::WARNING energy changes are now smaller than effective accuracy.
  GDM::        calculation will continue, but THRESH should be increased
  GDM::        or SCF_CONVERGENCE decreased. 
  GDM::        effective_thresh = 3.30e-09
   15    -114.5071637457      1.20e-10   Normal BFGS step
   16    -114.5071637457      3.79e-11  Convergence criterion met
 ---------------------------------------
 SCF time:   CPU 8.51s  wall 1.00s 
 SCF   energy =  -114.50716375
 Total energy =  -114.50716375
 Integrated density by DFT XC:
   Number of electrons = 16
   Numerical integral  =    16.000000011195
   Relative error      =     0.0000000700 %

 --------------------------------------------------------------

                    Orbital Energies (a.u.)
 --------------------------------------------------------------

 Alpha MOs
 -- Occupied --
-19.1576 -10.2880  -1.0649  -0.6294  -0.4966  -0.4479  -0.4012  -0.2656
 -- Virtual --
 -0.0419   0.0651   0.1325   0.2103   0.4499   0.4500   0.5554   0.5897
  0.6371   0.7600   0.8718   0.9217   0.9814   1.0550   1.1737   1.4031
  1.4065   1.5617   1.6526   1.6772   1.6897   1.7406   2.2045   2.3022
  2.3955   2.6756   2.8119   3.0350   3.3249   3.4276
 --------------------------------------------------------------

          Ground-State Mulliken Net Atomic Charges

     Atom                 Charge (a.u.)
  ----------------------------------------
      1 O                    -0.178609
      2 C                     0.160092
      3 H                     0.009258
      4 H                     0.009259
  ----------------------------------------
  Sum of atomic charges =     0.000000

 -----------------------------------------------------------------
                    Cartesian Multipole Moments
 -----------------------------------------------------------------
    Charge (ESU x 10^10)
                 0.0000
    Dipole Moment (Debye)
         X      -2.0067      Y      -0.0900      Z      -0.3962
       Tot       2.0474
    Quadrupole Moments (Debye-Ang)
        XX     -20.7281     XY      -1.3122     YY     -11.5328
        XZ      -7.9890     YZ      -0.5059     ZZ     -14.2303
    Octopole Moments (Debye-Ang^2)
       XXX    -105.2719    XXY     -11.9122    XYY     -25.1343
       YYY     -18.5593    XXZ     -74.7734    XYZ      -4.6909
       YYZ     -40.2601    XZZ     -55.7481    YZZ      -8.4593
       ZZZ    -134.4108
    Hexadecapole Moments (Debye-Ang^3)
      XXXX    -452.8223   XXXY     -60.3037   XXYY     -67.7004
      XYYY     -40.8568   YYYY     -34.2292   XXXZ    -376.3358
      XXYZ     -40.5082   XYYZ     -88.3357   YYYZ     -62.4717
      XXZZ    -331.0532   XYZZ     -29.9741   YYZZ    -148.4963
      XZZZ    -379.5591   YZZZ     -71.6979   ZZZZ    -919.6830
 -----------------------------------------------------------------
 Eng[3,0] = -1.14507164e+02
 Calculating analytic gradient of the SCF energy
Added xc
 Gradient of SCF Energy
            1           2           3           4
    1  -0.0109520   0.0006641   0.0054967   0.0047911
    2  -0.0004899   0.0000272   0.0023899  -0.0019271
    3  -0.0021627   0.0001313  -0.0012578   0.0032893
 Max gradient component =       1.095E-02
 RMS gradient           =       4.086E-03
 Grad[1,3,0,0] = -4.06905196e-07
 Grad[2,3,0,0] = -1.27171501e-07
 Grad[3,3,0,0] = 9.51381576e-03
 Grad[4,3,0,0] = 3.29057974e-04
 Grad[5,3,0,0] = -1.38171401e-04
 Grad[6,3,0,0] = -8.20138519e-08
 points done 6/42
 CoordNormalMode -4 , 0 , 0
 ----------------------------------------------------------------
             Standard Nuclear Orientation (Angstroms)
    I     Atom           X                Y                Z
 ----------------------------------------------------------------
    1      O       2.8636278153     0.5718355012     3.6318990361
    2      C       1.6308113426     0.5165414068     3.3884972484
    3      H       1.1901250042     1.1547054983     2.5820821631
    4      H       0.9739276509    -0.1708464199     3.9782124019
 ----------------------------------------------------------------
 Nuclear Repulsion Energy =          30.25344071 hartrees
 There are        8 alpha and        8 beta electrons

                       Distance Matrix (Angstroms)
             O (  1)   C (  2)   H (  3)
   C (  2)  1.257831
   H (  3)  2.059724  1.118822
   H (  4)  2.059727  1.118822  1.937268

 Requested basis set is cc-pVDZ
 There are 18 shells and 38 basis functions
 A cutoff of  1.0D-14 yielded    171 shell pairs
 There are       779 function pairs (       868 Cartesian)
 Smallest overlap matrix eigenvalue = 2.03E-02
 Guess MOs from SCF MO coefficient file

 -----------------------------------------------------------------------
  General SCF calculation program by
  Eric Jon Sundstrom, Paul Horn, Yuezhi Mao, Dmitri Zuev, Alec White,
  David Stuck, Shaama M.S., Shane Yost, Joonho Lee, David Small,
  Daniel Levine, Susi Lehtola, Hugh Burton, Evgeny Epifanovsky,
  Bang C. Huynh
 -----------------------------------------------------------------------
 Exchange:     0.2000 Hartree-Fock + 0.0800 Slater + 0.7200 B88
 Correlation:  0.1900 VWN1RPA + 0.8100 LYP
 Using Euler-Maclaurin-Lebedev (99,590) quadrature formula
Added inc_jk
Added qchem_hcore
Added xc
Added P-dependent contribution
 A restricted SCF calculation will be
 performed using GDM
 SCF converges when RMS gradient is below 1.0e-10
 User-specified cutoff of 10e-14
 used for neglect of 2-electron integrals.
 A cutoff of 10e-14
 used for neglect of overlap integrals.
 Incremental Fock algorithm is on at the start.
 ---------------------------------------
  Cycle       Energy        RMS Gradient
 ---------------------------------------
    1    -114.5010599465      1.63e-02   Normal BFGS step
    2    -114.5029433571      1.80e-02   Normal BFGS step
    3    -114.5027828336      2.87e-02  Line search: overstep
    4    -114.5032556493      3.83e-03   Normal BFGS step
    5    -114.5032846108      3.50e-03   Normal BFGS step
    6    -114.5033250974      3.51e-04   Normal BFGS step
    7    -114.5033257911      9.88e-05   Normal BFGS step
    8    -114.5033258634      4.32e-06   Normal BFGS step
    9    -114.5033258635      8.04e-07   Normal BFGS step
   10    -114.5033258635      1.23e-07   Normal BFGS step
   11    -114.5033258635      7.22e-08   Normal BFGS step
   12    -114.5033258635      7.36e-08   Normal BFGS step
   13    -114.5033258635      2.79e-09   Normal BFGS step
   14    -114.5033258635      5.80e-10   Normal BFGS step
   15    -114.5033258635      4.63e-10   Normal BFGS step
   16    -114.5033258635      2.12e-10   Normal BFGS step
  GDM::WARNING energy changes are now smaller than effective accuracy.
  GDM::        calculation will continue, but THRESH should be increased
  GDM::        or SCF_CONVERGENCE decreased. 
  GDM::        effective_thresh = 4.32e-09
   17    -114.5033258635      1.34e-11  Convergence criterion met
 ---------------------------------------
 SCF time:   CPU 9.17s  wall 1.00s 
 SCF   energy =  -114.50332586
 Total energy =  -114.50332586
 Integrated density by DFT XC:
   Number of electrons = 16
   Numerical integral  =    15.999999973536
   Relative error      =     0.0000001654 %

 --------------------------------------------------------------

                    Orbital Energies (a.u.)
 --------------------------------------------------------------

 Alpha MOs
 -- Occupied --
-19.1597 -10.2944  -1.0337  -0.6368  -0.4899  -0.4383  -0.3827  -0.2676
 -- Virtual --
 -0.0572   0.0622   0.1269   0.2003   0.4427   0.4533   0.5457   0.5750
  0.5952   0.7616   0.8835   0.9197   0.9784   1.0585   1.1618   1.3914
  1.4095   1.5222   1.6372   1.6579   1.6913   1.7523   2.1709   2.2853
  2.3878   2.6626   2.7772   2.9833   3.2563   3.3483
 --------------------------------------------------------------

          Ground-State Mulliken Net Atomic Charges

     Atom                 Charge (a.u.)
  ----------------------------------------
      1 O                    -0.219656
      2 C                     0.163688
      3 H                     0.027984
      4 H                     0.027984
  ----------------------------------------
  Sum of atomic charges =     0.000000

 -----------------------------------------------------------------
                    Cartesian Multipole Moments
 -----------------------------------------------------------------
    Charge (ESU x 10^10)
                 0.0000
    Dipole Moment (Debye)
         X      -2.2388      Y      -0.1004      Z      -0.4420
       Tot       2.2843
    Quadrupole Moments (Debye-Ang)
        XX     -21.6099     XY      -1.4304     YY     -11.5698
        XZ      -8.8676     YZ      -0.6824     ZZ     -14.5546
    Octopole Moments (Debye-Ang^2)
       XXX    -108.0378    XXY     -12.3725    XYY     -25.4010
       YYY     -18.6301    XXZ     -77.9388    XYZ      -5.2346
       YYZ     -40.5421    XZZ     -59.2285    YZZ      -9.5113
       ZZZ    -136.2310
    Hexadecapole Moments (Debye-Ang^3)
      XXXX    -463.3837   XXXY     -61.8452   XXYY     -68.9499
      XYYY     -41.2623   YYYY     -34.2695   XXXZ    -386.3054
      XXYZ     -42.2143   XYYZ     -89.4908   YYYZ     -63.0505
      XXZZ    -343.3892   XYZZ     -32.3505   YYZZ    -149.8978
      XZZZ    -394.1250   YZZZ     -76.9835   ZZZZ    -929.1364
 -----------------------------------------------------------------
 Eng[-4,0] = -1.14503326e+02
 Calculating analytic gradient of the SCF energy
Added xc
 Gradient of SCF Energy
            1           2           3           4
    1   0.0703198  -0.0748492   0.0028931   0.0016364
    2   0.0031541  -0.0033582   0.0039517  -0.0037477
    3   0.0138832  -0.0147775  -0.0036079   0.0045022
 Max gradient component =       7.485E-02
 RMS gradient           =       3.035E-02
 Grad[1,-4,0,0] = -6.09631899e-07
 Grad[2,-4,0,0] = -2.31181250e-07
 Grad[3,-4,0,0] = 9.59553587e-04
 Grad[4,-4,0,0] = -8.16512827e-02
 Grad[5,-4,0,0] = -8.30092298e-04
 Grad[6,-4,0,0] = -1.24629974e-07
 points done 7/42
 CoordNormalMode 4 , 0 , 0
 ----------------------------------------------------------------
             Standard Nuclear Orientation (Angstroms)
    I     Atom           X                Y                Z
 ----------------------------------------------------------------
    1      O       2.8197970506     0.5698690547     3.6232454504
    2      C       1.6925395421     0.5193116400     3.4006847321
    3      H       1.1651913061     1.1216329829     2.6120917036
    4      H       0.9595002883    -0.1395496639     3.9404272645
 ----------------------------------------------------------------
 Nuclear Repulsion Energy =          32.22258868 hartrees
 There are        8 alpha and        8 beta electrons

                       Distance Matrix (Angstroms)
             O (  1)   C (  2)   H (  3)
   C (  2)  1.150130
   H (  3)  2.016084  1.123729
   H (  4)  2.016081  1.123729  1.843194

 Requested basis set is cc-pVDZ
 There are 18 shells and 38 basis functions
 A cutoff of  1.0D-14 yielded    171 shell pairs
 There are       779 function pairs (       868 Cartesian)
 Smallest overlap matrix eigenvalue = 1.86E-02
 Guess MOs from SCF MO coefficient file

 -----------------------------------------------------------------------
  General SCF calculation program by
  Eric Jon Sundstrom, Paul Horn, Yuezhi Mao, Dmitri Zuev, Alec White,
  David Stuck, Shaama M.S., Shane Yost, Joonho Lee, David Small,
  Daniel Levine, Susi Lehtola, Hugh Burton, Evgeny Epifanovsky,
  Bang C. Huynh
 -----------------------------------------------------------------------
 Exchange:     0.2000 Hartree-Fock + 0.0800 Slater + 0.7200 B88
 Correlation:  0.1900 VWN1RPA + 0.8100 LYP
 Using Euler-Maclaurin-Lebedev (99,590) quadrature formula
Added inc_jk
Added qchem_hcore
Added xc
Added P-dependent contribution
 A restricted SCF calculation will be
 performed using GDM
 SCF converges when RMS gradient is below 1.0e-10
 User-specified cutoff of 10e-14
 used for neglect of 2-electron integrals.
 A cutoff of 10e-14
 used for neglect of overlap integrals.
 Incremental Fock algorithm is on at the start.
 ---------------------------------------
  Cycle       Energy        RMS Gradient
 ---------------------------------------
    1    -114.4928342474      3.17e-02   Normal BFGS step
    2    -114.5006465931      3.24e-02   Normal BFGS step
    3    -114.5004215519      4.49e-02  Line search: overstep
    4    -114.5019873731      6.60e-03   Normal BFGS step
    5    -114.5021271191      5.54e-03   Normal BFGS step
    6    -114.5022333884      8.82e-04   Normal BFGS step
    7    -114.5022371506      2.07e-04   Normal BFGS step
    8    -114.5022375778      1.10e-05   Normal BFGS step
    9    -114.5022375784      1.13e-06   Normal BFGS step
   10    -114.5022375784      2.01e-07   Normal BFGS step
   11    -114.5022375784      6.17e-08   Normal BFGS step
   12    -114.5022375784      5.26e-08   Normal BFGS step
   13    -114.5022375784      1.26e-08   Normal BFGS step
   14    -114.5022375784      2.19e-09   Normal BFGS step
   15    -114.5022375784      4.25e-10   Normal BFGS step
   16    -114.5022375784      1.69e-10   Normal BFGS step
   17    -114.5022375784      3.95e-11  Convergence criterion met
 ---------------------------------------
 SCF time:   CPU 8.31s  wall 1.00s 
 SCF   energy =  -114.50223758
 Total energy =  -114.50223758
 Integrated density by DFT XC:
   Number of electrons = 16
   Numerical integral  =    15.999999964046
   Relative error      =     0.0000002247 %

 --------------------------------------------------------------

                    Orbital Energies (a.u.)
 --------------------------------------------------------------

 Alpha MOs
 -- Occupied --
-19.1612 -10.2854  -1.0963  -0.6287  -0.4965  -0.4627  -0.4212  -0.2648
 -- Virtual --
 -0.0299   0.0675   0.1410   0.2126   0.4459   0.4845   0.5272   0.5797
  0.6914   0.7598   0.8626   0.9325   0.9760   1.0485   1.1714   1.4010
  1.4752   1.5469   1.6535   1.6858   1.6959   1.7078   2.2587   2.3305
  2.4496   2.6806   2.8027   3.0868   3.3905   3.4940
 --------------------------------------------------------------

          Ground-State Mulliken Net Atomic Charges

     Atom                 Charge (a.u.)
  ----------------------------------------
      1 O                    -0.133186
      2 C                     0.158772
      3 H                    -0.012793
      4 H                    -0.012793
  ----------------------------------------
  Sum of atomic charges =     0.000000

 -----------------------------------------------------------------
                    Cartesian Multipole Moments
 -----------------------------------------------------------------
    Charge (ESU x 10^10)
                -0.0000
    Dipole Moment (Debye)
         X      -1.7792      Y      -0.0798      Z      -0.3513
       Tot       1.8153
    Quadrupole Moments (Debye-Ang)
        XX     -19.7093     XY      -1.2074     YY     -11.6118
        XZ      -7.0770     YZ      -0.2131     ZZ     -14.0342
    Octopole Moments (Debye-Ang^2)
       XXX    -101.5909    XXY     -11.4090    XYY     -24.9879
       YYY     -18.6572    XXZ     -70.9708    XYZ      -3.9901
       YYZ     -40.2351    XZZ     -52.1049    YZZ      -6.6814
       ZZZ    -133.8122
    Hexadecapole Moments (Debye-Ang^3)
      XXXX    -439.6099   XXXY     -58.3294   XXYY     -66.6547
      XYYY     -40.6337   YYYY     -34.2550   XXXZ    -362.9226
      XXYZ     -38.3550   XYYZ     -87.4010   YYYZ     -62.3680
      XXZZ    -316.1961   XYZZ     -26.4684   YYZZ    -147.5694
      XZZZ    -364.7029   YZZZ     -63.0392   ZZZZ    -918.0479
 -----------------------------------------------------------------
 Eng[4,0] = -1.14502238e+02
 Calculating analytic gradient of the SCF energy
Added xc
 Gradient of SCF Energy
            1           2           3           4
    1  -0.1013489   0.1063314  -0.0031407  -0.0018418
    2  -0.0045465   0.0047715  -0.0040910   0.0038659
    3  -0.0200097   0.0209939   0.0036982  -0.0046825
 Max gradient component =       1.063E-01
 RMS gradient           =       4.334E-02
 Grad[1,4,0,0] = -1.18391051e-07
 Grad[2,4,0,0] = -7.61131671e-08
 Grad[3,4,0,0] = 1.20286013e-03
 Grad[4,4,0,0] = 1.14402796e-01
 Grad[5,4,0,0] = -9.48173719e-04
 Grad[6,4,0,0] = 5.33260895e-08
 points done 8/42
 CoordNormalMode -5 , 0 , 0
 ----------------------------------------------------------------
             Standard Nuclear Orientation (Angstroms)
    I     Atom           X                Y                Z
 ----------------------------------------------------------------
    1      O       2.8417664402     0.5708546840     3.6275829065
    2      C       1.6647038015     0.5180624278     3.3951888966
    3      H       1.1628000664     1.1594103632     2.5701983656
    4      H       0.9446569525    -0.1780955326     3.9789200346
 ----------------------------------------------------------------
 Nuclear Repulsion Energy =          30.98993747 hartrees
 There are        8 alpha and        8 beta electrons

                       Distance Matrix (Angstroms)
             O (  1)   C (  2)   H (  3)
   C (  2)  1.200946
   H (  3)  2.069635  1.159243
   H (  4)  2.069635  1.159243  1.954739

 Requested basis set is cc-pVDZ
 There are 18 shells and 38 basis functions
 A cutoff of  1.0D-14 yielded    171 shell pairs
 There are       779 function pairs (       868 Cartesian)
 Smallest overlap matrix eigenvalue = 1.99E-02
 Guess MOs from SCF MO coefficient file

 -----------------------------------------------------------------------
  General SCF calculation program by
  Eric Jon Sundstrom, Paul Horn, Yuezhi Mao, Dmitri Zuev, Alec White,
  David Stuck, Shaama M.S., Shane Yost, Joonho Lee, David Small,
  Daniel Levine, Susi Lehtola, Hugh Burton, Evgeny Epifanovsky,
  Bang C. Huynh
 -----------------------------------------------------------------------
 Exchange:     0.2000 Hartree-Fock + 0.0800 Slater + 0.7200 B88
 Correlation:  0.1900 VWN1RPA + 0.8100 LYP
 Using Euler-Maclaurin-Lebedev (99,590) quadrature formula
Added inc_jk
Added qchem_hcore
Added xc
Added P-dependent contribution
 A restricted SCF calculation will be
 performed using GDM
 SCF converges when RMS gradient is below 1.0e-10
 User-specified cutoff of 10e-14
 used for neglect of 2-electron integrals.
 A cutoff of 10e-14
 used for neglect of overlap integrals.
 Incremental Fock algorithm is on at the start.
 ---------------------------------------
  Cycle       Energy        RMS Gradient
 ---------------------------------------
    1    -114.5038450841      1.59e-02   Normal BFGS step
    2    -114.5058548973      9.10e-03   Normal BFGS step
    3    -114.5059364460      1.54e-02   Normal BFGS step
    4    -114.5060849409      6.77e-03   Normal BFGS step
    5    -114.5061174982      2.37e-03   Normal BFGS step
    6    -114.5061381453      3.96e-04   Normal BFGS step
    7    -114.5061383715      6.15e-05   Normal BFGS step
    8    -114.5061383789      3.50e-06   Normal BFGS step
    9    -114.5061383790      9.28e-07   Normal BFGS step
   10    -114.5061383790      2.88e-08   Normal BFGS step
   11    -114.5061383790      1.07e-08   Normal BFGS step
   12    -114.5061383790      6.21e-09   Normal BFGS step
   13    -114.5061383790      2.81e-09   Normal BFGS step
   14    -114.5061383790      3.92e-10   Normal BFGS step
  GDM::WARNING energy changes are now smaller than effective accuracy.
  GDM::        calculation will continue, but THRESH should be increased
  GDM::        or SCF_CONVERGENCE decreased. 
  GDM::        effective_thresh = 3.14e-10
   15    -114.5061383790      2.51e-10   Normal BFGS step
   16    -114.5061383790      2.62e-11  Convergence criterion met
 ---------------------------------------
 SCF time:   CPU 7.93s  wall 1.00s 
 SCF   energy =  -114.50613838
 Total energy =  -114.50613838
 Integrated density by DFT XC:
   Number of electrons = 16
   Numerical integral  =    16.000000057783
   Relative error      =     0.0000003611 %

 --------------------------------------------------------------

                    Orbital Energies (a.u.)
 --------------------------------------------------------------

 Alpha MOs
 -- Occupied --
-19.1632 -10.2967  -1.0674  -0.6234  -0.4862  -0.4518  -0.4036  -0.2679
 -- Virtual --
 -0.0439   0.0563   0.1287   0.2080   0.4485   0.4505   0.5286   0.5770
  0.6346   0.7507   0.8685   0.9231   0.9767   1.0512   1.1641   1.3814
  1.4108   1.5248   1.6213   1.6493   1.6845   1.7001   2.1748   2.2538
  2.3570   2.6638   2.7655   3.0328   3.3044   3.4208
 --------------------------------------------------------------

          Ground-State Mulliken Net Atomic Charges

     Atom                 Charge (a.u.)
  ----------------------------------------
      1 O                    -0.169773
      2 C                     0.139539
      3 H                     0.015117
      4 H                     0.015117
  ----------------------------------------
  Sum of atomic charges =     0.000000

 -----------------------------------------------------------------
                    Cartesian Multipole Moments
 -----------------------------------------------------------------
    Charge (ESU x 10^10)
                -0.0000
    Dipole Moment (Debye)
         X      -1.9628      Y      -0.0880      Z      -0.3875
       Tot       2.0026
    Quadrupole Moments (Debye-Ang)
        XX     -20.5325     XY      -1.2869     YY     -11.6557
        XZ      -7.7918     YZ      -0.4497     ZZ     -14.2959
    Octopole Moments (Debye-Ang^2)
       XXX    -104.3481    XXY     -11.8069    XYY     -25.2444
       YYY     -18.7406    XXZ     -73.9450    XYZ      -4.4914
       YYZ     -40.6104    XZZ     -55.0390    YZZ      -8.1559
       ZZZ    -135.3300
    Hexadecapole Moments (Debye-Ang^3)
      XXXX    -449.9311   XXXY     -59.8280   XXYY     -67.9168
      XYYY     -41.0686   YYYY     -34.9236   XXXZ    -372.7790
      XXYZ     -39.8882   XYYZ     -88.5886   YYYZ     -62.8175
      XXZZ    -327.9606   XYZZ     -28.9992   YYZZ    -149.6691
      XZZZ    -377.3733   YZZZ     -70.2498   ZZZZ    -926.8522
 -----------------------------------------------------------------
 Eng[-5,0] = -1.14506138e+02
 Calculating analytic gradient of the SCF energy
Added xc
 Gradient of SCF Energy
            1           2           3           4
    1   0.0005432   0.0189066  -0.0078302  -0.0116195
    2   0.0000245   0.0008485   0.0111807  -0.0120536
    3   0.0001073   0.0037330  -0.0141557   0.0103154
 Max gradient component =       1.891E-02
 RMS gradient           =       9.772E-03
 Grad[1,-5,0,0] = -2.52523971e-07
 Grad[2,-5,0,0] = -1.29938799e-08
 Grad[3,-5,0,0] = -1.88101672e-05
 Grad[4,-5,0,0] = -8.10777160e-05
 Grad[5,-5,0,0] = -2.88898915e-02
 Grad[6,-5,0,0] = -3.42743119e-08
 points done 9/42
 CoordNormalMode 5 , 0 , 0
 ----------------------------------------------------------------
             Standard Nuclear Orientation (Angstroms)
    I     Atom           X                Y                Z
 ----------------------------------------------------------------
    1      O       2.8416584256     0.5708498720     3.6275615800
    2      C       1.6586470833     0.5177906189     3.3939930839
    3      H       1.1925162439     1.1169281179     2.6239755010
    4      H       0.9887709867    -0.1323005512     3.9397196318
 ----------------------------------------------------------------
 Nuclear Repulsion Energy =          31.42690969 hartrees
 There are        8 alpha and        8 beta electrons

                       Distance Matrix (Angstroms)
             O (  1)   C (  2)   H (  3)
   C (  2)  1.207015
   H (  3)  2.006254  1.081282
   H (  4)  2.006254  1.081282  1.825724

 Requested basis set is cc-pVDZ
 There are 18 shells and 38 basis functions
 A cutoff of  1.0D-14 yielded    171 shell pairs
 There are       779 function pairs (       868 Cartesian)
 Smallest overlap matrix eigenvalue = 1.88E-02
 Guess MOs from SCF MO coefficient file

 -----------------------------------------------------------------------
  General SCF calculation program by
  Eric Jon Sundstrom, Paul Horn, Yuezhi Mao, Dmitri Zuev, Alec White,
  David Stuck, Shaama M.S., Shane Yost, Joonho Lee, David Small,
  Daniel Levine, Susi Lehtola, Hugh Burton, Evgeny Epifanovsky,
  Bang C. Huynh
 -----------------------------------------------------------------------
 Exchange:     0.2000 Hartree-Fock + 0.0800 Slater + 0.7200 B88
 Correlation:  0.1900 VWN1RPA + 0.8100 LYP
 Using Euler-Maclaurin-Lebedev (99,590) quadrature formula
Added inc_jk
Added qchem_hcore
Added xc
Added P-dependent contribution
 A restricted SCF calculation will be
 performed using GDM
 SCF converges when RMS gradient is below 1.0e-10
 User-specified cutoff of 10e-14
 used for neglect of 2-electron integrals.
 A cutoff of 10e-14
 used for neglect of overlap integrals.
 Incremental Fock algorithm is on at the start.
 ---------------------------------------
  Cycle       Energy        RMS Gradient
 ---------------------------------------
    1    -114.5040311564      2.29e-02   Normal BFGS step
    2    -114.5052949067      2.93e-02   Normal BFGS step
    3    -114.5053423323      2.33e-02   Normal BFGS step
    4    -114.5058701316      1.74e-03   Normal BFGS step
    5    -114.5058779970      1.19e-03   Normal BFGS step
    6    -114.5058834577      9.30e-05   Normal BFGS step
    7    -114.5058835037      3.11e-05   Normal BFGS step
    8    -114.5058835082      1.77e-06   Normal BFGS step
    9    -114.5058835082      3.38e-07   Normal BFGS step
   10    -114.5058835082      1.11e-08   Normal BFGS step
   11    -114.5058835082      5.38e-09   Normal BFGS step
   12    -114.5058835082      5.95e-09   Normal BFGS step
   13    -114.5058835082      7.46e-10   Normal BFGS step
   14    -114.5058835082      2.77e-10   Normal BFGS step
   15    -114.5058835082      7.45e-11  Convergence criterion met
 ---------------------------------------
 SCF time:   CPU 7.47s  wall 1.00s 
 SCF   energy =  -114.50588351
 Total energy =  -114.50588351
 Integrated density by DFT XC:
   Number of electrons = 16
   Numerical integral  =    16.000000038604
   Relative error      =     0.0000002413 %

 --------------------------------------------------------------

                    Orbital Energies (a.u.)
 --------------------------------------------------------------

 Alpha MOs
 -- Occupied --
-19.1574 -10.2826  -1.0599  -0.6431  -0.4982  -0.4487  -0.3982  -0.2663
 -- Virtual --
 -0.0444   0.0731   0.1376   0.2085   0.4509   0.4764   0.5416   0.6032
  0.6294   0.7688   0.8747   0.9301   0.9810   1.0554   1.1661   1.4312
  1.4586   1.5444   1.6846   1.6912   1.6946   1.7477   2.3056   2.3695
  2.4268   2.6783   2.8204   3.0348   3.3462   3.4209
 --------------------------------------------------------------

          Ground-State Mulliken Net Atomic Charges

     Atom                 Charge (a.u.)
  ----------------------------------------
      1 O                    -0.188790
      2 C                     0.189376
      3 H                    -0.000293
      4 H                    -0.000293
  ----------------------------------------
  Sum of atomic charges =     0.000000

 -----------------------------------------------------------------
                    Cartesian Multipole Moments
 -----------------------------------------------------------------
    Charge (ESU x 10^10)
                 0.0000
    Dipole Moment (Debye)
         X      -2.0886      Y      -0.0937      Z      -0.4124
       Tot       2.1310
    Quadrupole Moments (Debye-Ang)
        XX     -20.9112     XY      -1.3703     YY     -11.5225
        XZ      -8.2805     YZ      -0.4605     ZZ     -14.3324
    Octopole Moments (Debye-Ang^2)
       XXX    -105.7109    XXY     -12.0468    XYY     -25.1795
       YYY     -18.5444    XXZ     -75.4220    XYZ      -4.8074
       YYZ     -40.1687    XZZ     -56.8019    YZZ      -8.1146
       ZZZ    -134.9080
    Hexadecapole Moments (Debye-Ang^3)
      XXXX    -454.4366   XXXY     -60.5922   XXYY     -67.8027
      XYYY     -40.8751   YYYY     -33.5940   XXXZ    -377.9967
      XXYZ     -40.9407   XYYZ     -88.4329   YYYZ     -62.6101
      XXZZ    -333.3718   XYZZ     -30.1110   YYZZ    -147.8459
      XZZZ    -383.5337   YZZZ     -70.1268   ZZZZ    -921.2595
 -----------------------------------------------------------------
 Eng[5,0] = -1.14505884e+02
 Calculating analytic gradient of the SCF energy
Added xc
 Gradient of SCF Energy
            1           2           3           4
    1  -0.0004545  -0.0241109   0.0098855   0.0146800
    2  -0.0000203  -0.0010818  -0.0141468   0.0152488
    3  -0.0000896  -0.0047602   0.0179056  -0.0130558
 Max gradient component =       2.411E-02
 RMS gradient           =       1.239E-02
 Grad[1,5,0,0] = -2.82447050e-07
 Grad[2,5,0,0] = -1.28792259e-08
 Grad[3,5,0,0] = -2.18726519e-05
 Grad[4,5,0,0] = -1.04994275e-04
 Grad[5,5,0,0] = 3.65472468e-02
 Grad[6,5,0,0] = -1.29981826e-08
 points done 10/42
 CoordNormalMode -6 , 0 , 0
 ----------------------------------------------------------------
             Standard Nuclear Orientation (Angstroms)
    I     Atom           X                Y                Z
 ----------------------------------------------------------------
    1      O       2.8417177799     0.5708850937     3.6275376625
    2      C       1.6610756559     0.5142488492     3.3984645562
    3      H       1.1619408468     1.1589403115     2.5705005729
    4      H       0.9894879386    -0.1327006991     3.9403333530
 ----------------------------------------------------------------
 Nuclear Repulsion Energy =          31.20871987 hartrees
 There are        8 alpha and        8 beta electrons

                       Distance Matrix (Angstroms)
             O (  1)   C (  2)   H (  3)
   C (  2)  1.203993
   H (  3)  2.069973  1.162019
   H (  4)  2.005899  1.078515  1.890640

 Requested basis set is cc-pVDZ
 There are 18 shells and 38 basis functions
 A cutoff of  1.0D-14 yielded    171 shell pairs
 There are       779 function pairs (       868 Cartesian)
 Smallest overlap matrix eigenvalue = 1.93E-02
 Guess MOs from SCF MO coefficient file

 -----------------------------------------------------------------------
  General SCF calculation program by
  Eric Jon Sundstrom, Paul Horn, Yuezhi Mao, Dmitri Zuev, Alec White,
  David Stuck, Shaama M.S., Shane Yost, Joonho Lee, David Small,
  Daniel Levine, Susi Lehtola, Hugh Burton, Evgeny Epifanovsky,
  Bang C. Huynh
 -----------------------------------------------------------------------
 Exchange:     0.2000 Hartree-Fock + 0.0800 Slater + 0.7200 B88
 Correlation:  0.1900 VWN1RPA + 0.8100 LYP
 Using Euler-Maclaurin-Lebedev (99,590) quadrature formula
Added inc_jk
Added qchem_hcore
Added xc
Added P-dependent contribution
 A restricted SCF calculation will be
 performed using GDM
 SCF converges when RMS gradient is below 1.0e-10
 User-specified cutoff of 10e-14
 used for neglect of 2-electron integrals.
 A cutoff of 10e-14
 used for neglect of overlap integrals.
 Incremental Fock algorithm is on at the start.
 ---------------------------------------
  Cycle       Energy        RMS Gradient
 ---------------------------------------
    1    -114.5047654216      1.25e-02   Normal BFGS step
    2    -114.5057101620      1.21e-02   Normal BFGS step
    3    -114.5055583170      1.90e-02  Line search: overstep
    4    -114.5058082622      2.28e-03   Normal BFGS step
    5    -114.5058245559      4.84e-04   Normal BFGS step
    6    -114.5058262462      1.87e-04   Normal BFGS step
    7    -114.5058264202      8.21e-05   Normal BFGS step
    8    -114.5058264495      9.41e-06   Normal BFGS step
    9    -114.5058264502      2.22e-06   Normal BFGS step
   10    -114.5058264502      1.78e-07   Normal BFGS step
   11    -114.5058264502      3.56e-08   Normal BFGS step
   12    -114.5058264502      1.82e-08   Normal BFGS step
   13    -114.5058264502      2.61e-08   Normal BFGS step
   14    -114.5058264502      2.60e-10   Normal BFGS step
   15    -114.5058264502      9.61e-11  Convergence criterion met
 ---------------------------------------
 SCF time:   CPU 7.51s  wall 2.00s 
 SCF   energy =  -114.50582645
 Total energy =  -114.50582645
 Integrated density by DFT XC:
   Number of electrons = 16
   Numerical integral  =    16.000000047991
   Relative error      =     0.0000002999 %

 --------------------------------------------------------------

                    Orbital Energies (a.u.)
 --------------------------------------------------------------

 Alpha MOs
 -- Occupied --
-19.1605 -10.2898  -1.0638  -0.6344  -0.4916  -0.4503  -0.4010  -0.2671
 -- Virtual --
 -0.0443   0.0647   0.1331   0.2082   0.4496   0.4619   0.5373   0.5883
  0.6328   0.7605   0.8716   0.9267   0.9788   1.0533   1.1650   1.3947
  1.4416   1.5365   1.6522   1.6628   1.6901   1.7331   2.2044   2.3428
  2.3982   2.6709   2.7911   3.0339   3.3258   3.4213
 --------------------------------------------------------------

          Ground-State Mulliken Net Atomic Charges

     Atom                 Charge (a.u.)
  ----------------------------------------
      1 O                    -0.179042
      2 C                     0.164853
      3 H                     0.005992
      4 H                     0.008197
  ----------------------------------------
  Sum of atomic charges =     0.000000

 -----------------------------------------------------------------
                    Cartesian Multipole Moments
 -----------------------------------------------------------------
    Charge (ESU x 10^10)
                -0.0000
    Dipole Moment (Debye)
         X      -2.0341      Y      -0.1691      Z      -0.3164
       Tot       2.0655
    Quadrupole Moments (Debye-Ang)
        XX     -20.7389     XY      -1.4242     YY     -11.6692
        XZ      -7.9656     YZ      -0.6690     ZZ     -13.7664
    Octopole Moments (Debye-Ang^2)
       XXX    -105.0785    XXY     -12.1131    XYY     -25.3166
       YYY     -18.9923    XXZ     -74.5453    XYZ      -4.9118
       YYZ     -40.5361    XZZ     -55.3894    YZZ      -8.7836
       ZZZ    -132.1225
    Hexadecapole Moments (Debye-Ang^3)
      XXXX    -452.2211   XXXY     -60.4679   XXYY     -68.0505
      XYYY     -41.2871   YYYY     -34.8613   XXXZ    -375.2733
      XXYZ     -40.9127   XYYZ     -88.7455   YYYZ     -63.6921
      XXZZ    -329.6411   XYZZ     -30.3330   YYZZ    -148.9541
      XZZZ    -377.5620   YZZZ     -72.2655   ZZZZ    -908.3925
 -----------------------------------------------------------------
 Eng[-6,0] = -1.14505826e+02
 Calculating analytic gradient of the SCF energy
Added xc
 Gradient of SCF Energy
            1           2           3           4
    1   0.0003556  -0.0080711  -0.0083481   0.0160636
    2   0.0003339  -0.0272708   0.0112630   0.0156738
    3  -0.0002773   0.0278303  -0.0143734  -0.0131796
 Max gradient component =       2.783E-02
 RMS gradient           =       1.490E-02
 Grad[1,-6,0,0] = -3.15581764e-07
 Grad[2,-6,0,0] = -2.56154912e-05
 Grad[3,-6,0,0] = 3.11415521e-04
 Grad[4,-6,0,0] = -8.25263908e-04
 Grad[5,-6,0,0] = 4.40878075e-03
 Grad[6,-6,0,0] = -3.64568853e-02
 points done 11/42
 CoordNormalMode 6 , 0 , 0
 ----------------------------------------------------------------
             Standard Nuclear Orientation (Angstroms)
    I     Atom           X                Y                Z
 ----------------------------------------------------------------
    1      O       2.8417070860     0.5708194622     3.6276068239
    2      C       1.6622752289     0.5216041975     3.3907174243
    3      H       1.1933754635     1.1173981696     2.6236732937
    4      H       0.9439400006    -0.1776953847     3.9783063134
 ----------------------------------------------------------------
 Nuclear Repulsion Energy =          31.20872176 hartrees
 There are        8 alpha and        8 beta electrons

                       Distance Matrix (Angstroms)
             O (  1)   C (  2)   H (  3)
   C (  2)  1.203993
   H (  3)  2.005898  1.078515
   H (  4)  2.069972  1.162018  1.890639

 Requested basis set is cc-pVDZ
 There are 18 shells and 38 basis functions
 A cutoff of  1.0D-14 yielded    171 shell pairs
 There are       779 function pairs (       868 Cartesian)
 Smallest overlap matrix eigenvalue = 1.93E-02
 Guess MOs from SCF MO coefficient file

 -----------------------------------------------------------------------
  General SCF calculation program by
  Eric Jon Sundstrom, Paul Horn, Yuezhi Mao, Dmitri Zuev, Alec White,
  David Stuck, Shaama M.S., Shane Yost, Joonho Lee, David Small,
  Daniel Levine, Susi Lehtola, Hugh Burton, Evgeny Epifanovsky,
  Bang C. Huynh
 -----------------------------------------------------------------------
 Exchange:     0.2000 Hartree-Fock + 0.0800 Slater + 0.7200 B88
 Correlation:  0.1900 VWN1RPA + 0.8100 LYP
 Using Euler-Maclaurin-Lebedev (99,590) quadrature formula
Added inc_jk
Added qchem_hcore
Added xc
Added P-dependent contribution
 A restricted SCF calculation will be
 performed using GDM
 SCF converges when RMS gradient is below 1.0e-10
 User-specified cutoff of 10e-14
 used for neglect of 2-electron integrals.
 A cutoff of 10e-14
 used for neglect of overlap integrals.
 Incremental Fock algorithm is on at the start.
 ---------------------------------------
  Cycle       Energy        RMS Gradient
 ---------------------------------------
    1    -114.5034391567      2.24e-02   Normal BFGS step
    2    -114.5057654731      3.77e-03   Normal BFGS step
    3    -114.5058056373      5.07e-03   Normal BFGS step
    4    -114.5058103675      4.25e-03   Normal BFGS step
    5    -114.5058253259      4.67e-04   Normal BFGS step
    6    -114.5058263161      1.83e-04   Normal BFGS step
    7    -114.5058264272      5.02e-05   Normal BFGS step
    8    -114.5058264425      1.88e-05   Normal BFGS step
    9    -114.5058264436      2.60e-06   Normal BFGS step
   10    -114.5058264436      1.73e-07   Normal BFGS step
   11    -114.5058264436      4.65e-08   Normal BFGS step
   12    -114.5058264436      5.83e-09   Normal BFGS step
   13    -114.5058264436      2.23e-09   Normal BFGS step
   14    -114.5058264436      1.14e-09   Normal BFGS step
   15    -114.5058264436      4.67e-11  Convergence criterion met
 ---------------------------------------
 SCF time:   CPU 7.48s  wall 1.00s 
 SCF   energy =  -114.50582644
 Total energy =  -114.50582644
 Integrated density by DFT XC:
   Number of electrons = 16
   Numerical integral  =    16.000000050631
   Relative error      =     0.0000003164 %

 --------------------------------------------------------------

                    Orbital Energies (a.u.)
 --------------------------------------------------------------

 Alpha MOs
 -- Occupied --
-19.1605 -10.2898  -1.0638  -0.6344  -0.4916  -0.4503  -0.4010  -0.2671
 -- Virtual --
 -0.0443   0.0647   0.1331   0.2082   0.4496   0.4619   0.5373   0.5883
  0.6328   0.7605   0.8716   0.9267   0.9788   1.0533   1.1650   1.3947
  1.4416   1.5365   1.6522   1.6628   1.6901   1.7331   2.2044   2.3428
  2.3982   2.6709   2.7911   3.0339   3.3258   3.4213
 --------------------------------------------------------------

          Ground-State Mulliken Net Atomic Charges

     Atom                 Charge (a.u.)
  ----------------------------------------
      1 O                    -0.179042
      2 C                     0.164853
      3 H                     0.008197
      4 H                     0.005992
  ----------------------------------------
  Sum of atomic charges =     0.000000

 -----------------------------------------------------------------
                    Cartesian Multipole Moments
 -----------------------------------------------------------------
    Charge (ESU x 10^10)
                -0.0000
    Dipole Moment (Debye)
         X      -2.0085      Y      -0.0122      Z      -0.4817
       Tot       2.0655
    Quadrupole Moments (Debye-Ang)
        XX     -20.6793     XY      -1.2287     YY     -11.5137
        XZ      -8.0737     YZ      -0.2336     ZZ     -14.8559
    Octopole Moments (Debye-Ang^2)
       XXX    -104.9035    XXY     -11.7272    XYY     -25.1052
       YYY     -18.2992    XXZ     -74.7285    XYZ      -4.3674
       YYZ     -40.2518    XZZ     -56.3294    YZZ      -7.4447
       ZZZ    -138.1091
    Hexadecapole Moments (Debye-Ang^3)
      XXXX    -451.9096   XXXY     -59.9094   XXYY     -67.6559
      XYYY     -40.6561   YYYY     -33.6784   XXXZ    -375.2233
      XXYZ     -39.8648   XYYZ     -88.2622   YYYZ     -61.7410
      XXZZ    -331.3464   XYZZ     -28.6964   YYZZ    -148.5789
      XZZZ    -382.8913   YZZZ     -67.9143   ZZZZ    -939.7956
 -----------------------------------------------------------------
 Eng[6,0] = -1.14505826e+02
 Calculating analytic gradient of the SCF energy
Added xc
 Gradient of SCF Energy
            1           2           3           4
    1   0.0002513   0.0007705   0.0111501  -0.0121719
    2  -0.0003065   0.0269436  -0.0144535  -0.0121836
    3   0.0003973  -0.0292716   0.0185528   0.0103215
 Max gradient component =       2.927E-02
 RMS gradient           =       1.490E-02
 Grad[1,6,0,0] = -3.06815159e-07
 Grad[2,6,0,0] = 2.54761321e-05
 Grad[3,6,0,0] = 3.11422044e-04
 Grad[4,6,0,0] = -8.25264556e-04
 Grad[5,6,0,0] = 4.40881955e-03
 Grad[6,6,0,0] = 3.64570722e-02
 points done 12/42
 CoordNormalMode -2 , -1 , 0
 ----------------------------------------------------------------
             Standard Nuclear Orientation (Angstroms)
    I     Atom           X                Y                Z
 ----------------------------------------------------------------
    1      O       2.8416180899     0.5662641942     3.6290879978
    2      C       1.6610355166     0.5300705020     3.3950696177
    3      H       1.1484984943     1.1007714364     2.5755476342
    4      H       1.0049903634    -0.1895799583     3.9511042265
 ----------------------------------------------------------------
 Nuclear Repulsion Energy =          31.18942543 hartrees
 There are        8 alpha and        8 beta electrons

                       Distance Matrix (Angstroms)
             O (  1)   C (  2)   H (  3)
   C (  2)  1.204097
   H (  3)  2.064534  1.122502
   H (  4)  2.012013  1.121368  1.891496

 Requested basis set is cc-pVDZ
 There are 18 shells and 38 basis functions
 A cutoff of  1.0D-14 yielded    171 shell pairs
 There are       779 function pairs (       868 Cartesian)
 Smallest overlap matrix eigenvalue = 1.94E-02
 Guess MOs from SCF MO coefficient file

 -----------------------------------------------------------------------
  General SCF calculation program by
  Eric Jon Sundstrom, Paul Horn, Yuezhi Mao, Dmitri Zuev, Alec White,
  David Stuck, Shaama M.S., Shane Yost, Joonho Lee, David Small,
  Daniel Levine, Susi Lehtola, Hugh Burton, Evgeny Epifanovsky,
  Bang C. Huynh
 -----------------------------------------------------------------------
 Exchange:     0.2000 Hartree-Fock + 0.0800 Slater + 0.7200 B88
 Correlation:  0.1900 VWN1RPA + 0.8100 LYP
 Using Euler-Maclaurin-Lebedev (99,590) quadrature formula
Added inc_jk
Added qchem_hcore
Added xc
Added P-dependent contribution
 A restricted SCF calculation will be
 performed using GDM
 SCF converges when RMS gradient is below 1.0e-10
 User-specified cutoff of 10e-14
 used for neglect of 2-electron integrals.
 A cutoff of 10e-14
 used for neglect of overlap integrals.
 Incremental Fock algorithm is on at the start.
 ---------------------------------------
  Cycle       Energy        RMS Gradient
 ---------------------------------------
    1    -114.5060736480      1.47e-02   Normal BFGS step
    2    -114.5068520527      2.09e-03   Normal BFGS step
    3    -114.5068697429      1.25e-03   Normal BFGS step
    4    -114.5068702428      1.77e-03   Normal BFGS step
    5    -114.5068720224      2.67e-04   Normal BFGS step
    6    -114.5068723266      6.02e-05   Normal BFGS step
    7    -114.5068723420      1.57e-05   Normal BFGS step
    8    -114.5068723427      7.39e-06   Normal BFGS step
    9    -114.5068723430      1.46e-06   Normal BFGS step
   10    -114.5068723430      2.73e-07   Normal BFGS step
   11    -114.5068723430      5.06e-08   Normal BFGS step
   12    -114.5068723430      1.24e-08   Normal BFGS step
   13    -114.5068723430      1.43e-09   Normal BFGS step
   14    -114.5068723430      1.09e-09   Normal BFGS step
  GDM::WARNING energy changes are now smaller than effective accuracy.
  GDM::        calculation will continue, but THRESH should be increased
  GDM::        or SCF_CONVERGENCE decreased. 
  GDM::        effective_thresh = 2.41e-09
   15    -114.5068723430      6.93e-10   Normal BFGS step
   16    -114.5068723430      3.99e-11  Convergence criterion met
 ---------------------------------------
 SCF time:   CPU 7.91s  wall 1.00s 
 SCF   energy =  -114.50687234
 Total energy =  -114.50687234
 Integrated density by DFT XC:
   Number of electrons = 16
   Numerical integral  =    16.000000014144
   Relative error      =     0.0000000884 %

 --------------------------------------------------------------

                    Orbital Energies (a.u.)
 --------------------------------------------------------------

 Alpha MOs
 -- Occupied --
-19.1604 -10.2901  -1.0637  -0.6325  -0.4915  -0.4504  -0.4009  -0.2668
 -- Virtual --
 -0.0447   0.0651   0.1327   0.2084   0.4497   0.4630   0.5351   0.5861
  0.6330   0.7590   0.8715   0.9262   0.9786   1.0532   1.1630   1.4062
  1.4333   1.5227   1.6563   1.6780   1.6889   1.7242   2.2327   2.3005
  2.3901   2.6712   2.7838   3.0353   3.3226   3.4208
 --------------------------------------------------------------

          Ground-State Mulliken Net Atomic Charges

     Atom                 Charge (a.u.)
  ----------------------------------------
      1 O                    -0.178837
      2 C                     0.160789
      3 H                     0.011720
      4 H                     0.006329
  ----------------------------------------
  Sum of atomic charges =     0.000000

 -----------------------------------------------------------------
                    Cartesian Multipole Moments
 -----------------------------------------------------------------
    Charge (ESU x 10^10)
                -0.0000
    Dipole Moment (Debye)
         X      -2.0180      Y      -0.0736      Z      -0.4349
       Tot       2.0656
    Quadrupole Moments (Debye-Ang)
        XX     -20.7172     XY      -1.3241     YY     -11.5769
        XZ      -8.0125     YZ      -0.4144     ZZ     -14.5354
    Octopole Moments (Debye-Ang^2)
       XXX    -105.0504    XXY     -11.9371    XYY     -25.2188
       YYY     -18.6151    XXZ     -74.6199    XYZ      -4.6409
       YYZ     -40.3185    XZZ     -55.8345    YZZ      -8.0260
       ZZZ    -136.1896
    Hexadecapole Moments (Debye-Ang^3)
      XXXX    -452.1905   XXXY     -60.2089   XXYY     -67.8761
      XYYY     -40.8641   YYYY     -34.2119   XXXZ    -375.4546
      XXYZ     -40.4412   XYYZ     -88.5388   YYYZ     -62.5622
      XXZZ    -330.2756   XYZZ     -29.5018   YYZZ    -148.4202
      XZZZ    -380.2518   YZZZ     -69.8252   ZZZZ    -928.8692
 -----------------------------------------------------------------
 Eng[-2,-1] = -1.14506872e+02
 points done 13/42
 CoordNormalMode 2 , 1 , 0
 ----------------------------------------------------------------
             Standard Nuclear Orientation (Angstroms)
    I     Atom           X                Y                Z
 ----------------------------------------------------------------
    1      O       2.8418067760     0.5754403618     3.6260564887
    2      C       1.6623153681     0.5057825447     3.3941123628
    3      H       1.2068178160     1.1755670447     2.6186262325
    4      H       0.9284375757    -0.1208161255     3.9675354399
 ----------------------------------------------------------------
 Nuclear Repulsion Energy =          31.18938580 hartrees
 There are        8 alpha and        8 beta electrons

                       Distance Matrix (Angstroms)
             O (  1)   C (  2)   H (  3)
   C (  2)  1.204097
   H (  3)  2.012028  1.121369
   H (  4)  2.064549  1.122505  1.891471

 Requested basis set is cc-pVDZ
 There are 18 shells and 38 basis functions
 A cutoff of  1.0D-14 yielded    171 shell pairs
 There are       779 function pairs (       868 Cartesian)
 Smallest overlap matrix eigenvalue = 1.94E-02
 Guess MOs from SCF MO coefficient file

 -----------------------------------------------------------------------
  General SCF calculation program by
  Eric Jon Sundstrom, Paul Horn, Yuezhi Mao, Dmitri Zuev, Alec White,
  David Stuck, Shaama M.S., Shane Yost, Joonho Lee, David Small,
  Daniel Levine, Susi Lehtola, Hugh Burton, Evgeny Epifanovsky,
  Bang C. Huynh
 -----------------------------------------------------------------------
 Exchange:     0.2000 Hartree-Fock + 0.0800 Slater + 0.7200 B88
 Correlation:  0.1900 VWN1RPA + 0.8100 LYP
 Using Euler-Maclaurin-Lebedev (99,590) quadrature formula
Added inc_jk
Added qchem_hcore
Added xc
Added P-dependent contribution
 A restricted SCF calculation will be
 performed using GDM
 SCF converges when RMS gradient is below 1.0e-10
 User-specified cutoff of 10e-14
 used for neglect of 2-electron integrals.
 A cutoff of 10e-14
 used for neglect of overlap integrals.
 Incremental Fock algorithm is on at the start.
 ---------------------------------------
  Cycle       Energy        RMS Gradient
 ---------------------------------------
    1    -114.5055956574      1.43e-02   Normal BFGS step
    2    -114.5068591478      1.77e-03   Normal BFGS step
    3    -114.5068596321      4.36e-03   Normal BFGS step
    4    -114.5068700662      1.21e-03   Normal BFGS step
    5    -114.5068719218      2.09e-04   Normal BFGS step
    6    -114.5068723692      5.89e-05   Normal BFGS step
    7    -114.5068723730      9.77e-06   Normal BFGS step
    8    -114.5068723734      4.01e-06   Normal BFGS step
    9    -114.5068723735      1.19e-06   Normal BFGS step
   10    -114.5068723735      2.41e-07   Normal BFGS step
   11    -114.5068723735      6.73e-08   Normal BFGS step
   12    -114.5068723735      6.13e-09   Normal BFGS step
   13    -114.5068723735      4.38e-10   Normal BFGS step
   14    -114.5068723735      1.61e-10   Normal BFGS step
  GDM::WARNING energy changes are now smaller than effective accuracy.
  GDM::        calculation will continue, but THRESH should be increased
  GDM::        or SCF_CONVERGENCE decreased. 
  GDM::        effective_thresh = 8.08e-09
   15    -114.5068723735      2.12e-10   Normal BFGS step
   16    -114.5068723735      6.02e-11  Convergence criterion met
 ---------------------------------------
 SCF time:   CPU 7.88s  wall 2.00s 
 SCF   energy =  -114.50687237
 Total energy =  -114.50687237
 Integrated density by DFT XC:
   Number of electrons = 16
   Numerical integral  =    15.999999997284
   Relative error      =     0.0000000170 %

 --------------------------------------------------------------

                    Orbital Energies (a.u.)
 --------------------------------------------------------------

 Alpha MOs
 -- Occupied --
-19.1604 -10.2901  -1.0637  -0.6325  -0.4915  -0.4504  -0.4009  -0.2668
 -- Virtual --
 -0.0447   0.0651   0.1327   0.2084   0.4497   0.4630   0.5351   0.5861
  0.6330   0.7590   0.8715   0.9262   0.9786   1.0532   1.1630   1.4062
  1.4334   1.5227   1.6563   1.6780   1.6889   1.7242   2.2328   2.3005
  2.3901   2.6712   2.7838   3.0353   3.3226   3.4208
 --------------------------------------------------------------

          Ground-State Mulliken Net Atomic Charges

     Atom                 Charge (a.u.)
  ----------------------------------------
      1 O                    -0.178836
      2 C                     0.160790
      3 H                     0.006328
      4 H                     0.011718
  ----------------------------------------
  Sum of atomic charges =     0.000000

 -----------------------------------------------------------------
                    Cartesian Multipole Moments
 -----------------------------------------------------------------
    Charge (ESU x 10^10)
                 0.0000
    Dipole Moment (Debye)
         X      -2.0304      Y      -0.1080      Z      -0.3644
       Tot       2.0656
    Quadrupole Moments (Debye-Ang)
        XX     -20.7184     XY      -1.3323     YY     -11.6077
        XZ      -8.0467     YZ      -0.4890     ZZ     -14.1016
    Octopole Moments (Debye-Ang^2)
       XXX    -104.9965    XXY     -11.9137    XYY     -25.2046
       YYY     -18.6784    XXZ     -74.7122    XYZ      -4.6504
       YYZ     -40.4742    XZZ     -55.9715    YZZ      -8.2093
       ZZZ    -134.1558
    Hexadecapole Moments (Debye-Ang^3)
      XXXX    -452.1869   XXXY     -60.2038   XXYY     -67.8372
      XYYY     -41.0755   YYYY     -34.3422   XXXZ    -375.2676
      XXYZ     -40.3791   XYYZ     -88.4736   YYYZ     -62.8959
      XXZZ    -330.9440   XYZZ     -29.5800   YYZZ    -149.1352
      XZZZ    -380.6315   YZZZ     -70.4220   ZZZZ    -920.0240
 -----------------------------------------------------------------
 Eng[2,1] = -1.14506872e+02
 points done 14/42
 CoordNormalMode -3 , -1 , 0
 ----------------------------------------------------------------
             Standard Nuclear Orientation (Angstroms)
    I     Atom           X                Y                Z
 ----------------------------------------------------------------
    1      O       2.8461744058     0.5693468243     3.6268379842
    2      C       1.6600172090     0.5246720691     3.4007309777
    3      H       1.1500031164     1.0971020892     2.5798930497
    4      H       0.9432988341    -0.1705560348     3.9150594618
 ----------------------------------------------------------------
 Nuclear Repulsion Energy =          31.06650867 hartrees
 There are        8 alpha and        8 beta electrons

                       Distance Matrix (Angstroms)
             O (  1)   C (  2)   H (  3)
   C (  2)  1.208341
   H (  3)  2.061945  1.123194
   H (  4)  2.061908  1.123192  1.852661

 Requested basis set is cc-pVDZ
 There are 18 shells and 38 basis functions
 A cutoff of  1.0D-14 yielded    171 shell pairs
 There are       779 function pairs (       868 Cartesian)
 Smallest overlap matrix eigenvalue = 1.98E-02
 Guess MOs from SCF MO coefficient file

 -----------------------------------------------------------------------
  General SCF calculation program by
  Eric Jon Sundstrom, Paul Horn, Yuezhi Mao, Dmitri Zuev, Alec White,
  David Stuck, Shaama M.S., Shane Yost, Joonho Lee, David Small,
  Daniel Levine, Susi Lehtola, Hugh Burton, Evgeny Epifanovsky,
  Bang C. Huynh
 -----------------------------------------------------------------------
 Exchange:     0.2000 Hartree-Fock + 0.0800 Slater + 0.7200 B88
 Correlation:  0.1900 VWN1RPA + 0.8100 LYP
 Using Euler-Maclaurin-Lebedev (99,590) quadrature formula
Added inc_jk
Added qchem_hcore
Added xc
Added P-dependent contribution
 A restricted SCF calculation will be
 performed using GDM
 SCF converges when RMS gradient is below 1.0e-10
 User-specified cutoff of 10e-14
 used for neglect of 2-electron integrals.
 A cutoff of 10e-14
 used for neglect of overlap integrals.
 Incremental Fock algorithm is on at the start.
 ---------------------------------------
  Cycle       Energy        RMS Gradient
 ---------------------------------------
    1    -114.5059031403      1.22e-02   Normal BFGS step
    2    -114.5067720900      2.76e-03   Normal BFGS step
    3    -114.5067566825      6.66e-03  Line search: overstep
    4    -114.5067838267      6.03e-04   Normal BFGS step
    5    -114.5067852010      7.05e-04   Normal BFGS step
    6    -114.5067865399      1.14e-04   Normal BFGS step
    7    -114.5067865840      3.03e-05   Normal BFGS step
    8    -114.5067865946      8.94e-06   Normal BFGS step
    9    -114.5067865948      2.34e-06   Normal BFGS step
   10    -114.5067865948      1.59e-07   Normal BFGS step
   11    -114.5067865948      4.67e-08   Normal BFGS step
   12    -114.5067865948      2.98e-09   Normal BFGS step
   13    -114.5067865948      1.51e-09   Normal BFGS step
   14    -114.5067865948      1.86e-09   Normal BFGS step
   15    -114.5067865948      4.68e-10   Normal BFGS step
   16    -114.5067865948      6.22e-11  Convergence criterion met
 ---------------------------------------
 SCF time:   CPU 7.87s  wall 1.00s 
 SCF   energy =  -114.50678659
 Total energy =  -114.50678659
 Integrated density by DFT XC:
   Number of electrons = 16
   Numerical integral  =    15.999999973091
   Relative error      =     0.0000001682 %

 --------------------------------------------------------------

                    Orbital Energies (a.u.)
 --------------------------------------------------------------

 Alpha MOs
 -- Occupied --
-19.1630 -10.2920  -1.0624  -0.6360  -0.4866  -0.4529  -0.4005  -0.2682
 -- Virtual --
 -0.0469   0.0646   0.1338   0.2058   0.4495   0.4769   0.5180   0.5847
  0.6267   0.7586   0.8710   0.9307   0.9758   1.0520   1.1544   1.4047
  1.4634   1.5039   1.6280   1.6857   1.6927   1.7074   2.2540   2.3051
  2.3923   2.6667   2.7647   3.0345   3.3227   3.4137
 --------------------------------------------------------------

          Ground-State Mulliken Net Atomic Charges

     Atom                 Charge (a.u.)
  ----------------------------------------
      1 O                    -0.179455
      2 C                     0.163556
      3 H                     0.007951
      4 H                     0.007947
  ----------------------------------------
  Sum of atomic charges =     0.000000

 -----------------------------------------------------------------
                    Cartesian Multipole Moments
 -----------------------------------------------------------------
    Charge (ESU x 10^10)
                -0.0000
    Dipole Moment (Debye)
         X      -2.0419      Y      -0.1000      Z      -0.4112
       Tot       2.0853
    Quadrupole Moments (Debye-Ang)
        XX     -20.7160     XY      -1.3425     YY     -11.6593
        XZ      -8.0720     YZ      -0.4288     ZZ     -14.4502
    Octopole Moments (Debye-Ang^2)
       XXX    -104.8122    XXY     -11.9201    XYY     -25.2977
       YYY     -18.7332    XXZ     -74.5783    XYZ      -4.6022
       YYZ     -40.5271    XZZ     -56.0477    YZZ      -7.8572
       ZZZ    -136.0976
    Hexadecapole Moments (Debye-Ang^3)
      XXXX    -451.6150   XXXY     -60.1202   XXYY     -68.0109
      XYYY     -41.1125   YYYY     -34.2957   XXXZ    -374.5282
      XXYZ     -40.2658   XYYZ     -88.6936   YYYZ     -62.9414
      XXZZ    -330.1797   XYZZ     -29.1120   YYZZ    -148.9079
      XZZZ    -381.1917   YZZZ     -68.6492   ZZZZ    -929.6780
 -----------------------------------------------------------------
 Eng[-3,-1] = -1.14506787e+02
 points done 15/42
 CoordNormalMode 3 , 1 , 0
 ----------------------------------------------------------------
             Standard Nuclear Orientation (Angstroms)
    I     Atom           X                Y                Z
 ----------------------------------------------------------------
    1      O       2.8372504601     0.5723577316     3.6283065023
    2      C       1.6633336758     0.5111809777     3.3884510028
    3      H       1.2053131939     1.1792363919     2.6142808169
    4      H       0.9901291050    -0.1398400490     4.0035802046
 ----------------------------------------------------------------
 Nuclear Repulsion Energy =          31.31589413 hartrees
 There are        8 alpha and        8 beta electrons

                       Distance Matrix (Angstroms)
             O (  1)   C (  2)   H (  3)
   C (  2)  1.199731
   H (  3)  2.014887  1.120455
   H (  4)  2.014923  1.120454  1.927802

 Requested basis set is cc-pVDZ
 There are 18 shells and 38 basis functions
 A cutoff of  1.0D-14 yielded    171 shell pairs
 There are       779 function pairs (       868 Cartesian)
 Smallest overlap matrix eigenvalue = 1.90E-02
 Guess MOs from SCF MO coefficient file

 -----------------------------------------------------------------------
  General SCF calculation program by
  Eric Jon Sundstrom, Paul Horn, Yuezhi Mao, Dmitri Zuev, Alec White,
  David Stuck, Shaama M.S., Shane Yost, Joonho Lee, David Small,
  Daniel Levine, Susi Lehtola, Hugh Burton, Evgeny Epifanovsky,
  Bang C. Huynh
 -----------------------------------------------------------------------
 Exchange:     0.2000 Hartree-Fock + 0.0800 Slater + 0.7200 B88
 Correlation:  0.1900 VWN1RPA + 0.8100 LYP
 Using Euler-Maclaurin-Lebedev (99,590) quadrature formula
Added inc_jk
Added qchem_hcore
Added xc
Added P-dependent contribution
 A restricted SCF calculation will be
 performed using GDM
 SCF converges when RMS gradient is below 1.0e-10
 User-specified cutoff of 10e-14
 used for neglect of 2-electron integrals.
 A cutoff of 10e-14
 used for neglect of overlap integrals.
 Incremental Fock algorithm is on at the start.
 ---------------------------------------
  Cycle       Energy        RMS Gradient
 ---------------------------------------
    1    -114.5058042324      1.28e-02   Normal BFGS step
    2    -114.5067210461      1.00e-02   Normal BFGS step
    3    -114.5065799004      1.72e-02  Line search: overstep
    4    -114.5067955515      1.89e-03   Normal BFGS step
    5    -114.5068016416      7.03e-04   Normal BFGS step
    6    -114.5068039810      3.12e-04   Normal BFGS step
    7    -114.5068040964      4.01e-05   Normal BFGS step
    8    -114.5068041031      1.20e-05   Normal BFGS step
    9    -114.5068041035      3.28e-06   Normal BFGS step
   10    -114.5068041035      1.73e-07   Normal BFGS step
   11    -114.5068041035      2.91e-08   Normal BFGS step
   12    -114.5068041035      1.55e-08   Normal BFGS step
   13    -114.5068041035      7.61e-09   Normal BFGS step
   14    -114.5068041035      6.30e-10   Normal BFGS step
   15    -114.5068041035      3.53e-10   Normal BFGS step
   16    -114.5068041035      8.06e-11  Convergence criterion met
 ---------------------------------------
 SCF time:   CPU 7.88s  wall 1.00s 
 SCF   energy =  -114.50680410
 Total energy =  -114.50680410
 Integrated density by DFT XC:
   Number of electrons = 16
   Numerical integral  =    15.999999981618
   Relative error      =     0.0000001149 %

 --------------------------------------------------------------

                    Orbital Energies (a.u.)
 --------------------------------------------------------------

 Alpha MOs
 -- Occupied --
-19.1577 -10.2882  -1.0650  -0.6291  -0.4963  -0.4480  -0.4012  -0.2656
 -- Virtual --
 -0.0424   0.0652   0.1323   0.2103   0.4499   0.4507   0.5537   0.5892
  0.6370   0.7599   0.8717   0.9219   0.9811   1.0552   1.1722   1.4037
  1.4071   1.5554   1.6600   1.6744   1.6897   1.7409   2.2028   2.3003
  2.3930   2.6763   2.8090   3.0358   3.3227   3.4274
 --------------------------------------------------------------

          Ground-State Mulliken Net Atomic Charges

     Atom                 Charge (a.u.)
  ----------------------------------------
      1 O                    -0.178219
      2 C                     0.159021
      3 H                     0.009597
      4 H                     0.009601
  ----------------------------------------
  Sum of atomic charges =     0.000000

 -----------------------------------------------------------------
                    Cartesian Multipole Moments
 -----------------------------------------------------------------
    Charge (ESU x 10^10)
                -0.0000
    Dipole Moment (Debye)
         X      -2.0056      Y      -0.0808      Z      -0.3872
       Tot       2.0442
    Quadrupole Moments (Debye-Ang)
        XX     -20.7184     XY      -1.3094     YY     -11.5265
        XZ      -7.9812     YZ      -0.4700     ZZ     -14.1765
    Octopole Moments (Debye-Ang^2)
       XXX    -105.2271    XXY     -11.9242    XYY     -25.1283
       YYY     -18.5548    XXZ     -74.7489    XYZ      -4.6723
       YYZ     -40.2721    XZZ     -55.7171    YZZ      -8.3559
       ZZZ    -134.1629
    Hexadecapole Moments (Debye-Ang^3)
      XXXX    -452.7040   XXXY     -60.2951   XXYY     -67.7074
      XYYY     -40.8286   YYYY     -34.2357   XXXZ    -376.1812
      XXYZ     -40.5323   XYYZ     -88.3346   YYYZ     -62.5035
      XXZZ    -331.0044   XYZZ     -29.9072   YYZZ    -148.6772
      XZZZ    -379.4392   YZZZ     -71.5034   ZZZZ    -918.6372
 -----------------------------------------------------------------
 Eng[3,1] = -1.14506804e+02
 points done 16/42
 CoordNormalMode -3 , -2 , 0
 ----------------------------------------------------------------
             Standard Nuclear Orientation (Angstroms)
    I     Atom           X                Y                Z
 ----------------------------------------------------------------
    1      O       2.8453211015     0.5681346250     3.6314347980
    2      C       1.6624188401     0.5233158631     3.3888753238
    3      H       1.1087956130     1.1132849644     2.6073470605
    4      H       0.9694531549    -0.1513524944     3.9558136043
 ----------------------------------------------------------------
 Nuclear Repulsion Energy =          31.06833720 hartrees
 There are        8 alpha and        8 beta electrons

                       Distance Matrix (Angstroms)
             O (  1)   C (  2)   H (  3)
   C (  2)  1.208347
   H (  3)  2.088412  1.124877
   H (  4)  2.035132  1.121070  1.853938

 Requested basis set is cc-pVDZ
 There are 18 shells and 38 basis functions
 A cutoff of  1.0D-14 yielded    171 shell pairs
 There are       779 function pairs (       868 Cartesian)
 Smallest overlap matrix eigenvalue = 1.98E-02
 Guess MOs from SCF MO coefficient file

 -----------------------------------------------------------------------
  General SCF calculation program by
  Eric Jon Sundstrom, Paul Horn, Yuezhi Mao, Dmitri Zuev, Alec White,
  David Stuck, Shaama M.S., Shane Yost, Joonho Lee, David Small,
  Daniel Levine, Susi Lehtola, Hugh Burton, Evgeny Epifanovsky,
  Bang C. Huynh
 -----------------------------------------------------------------------
 Exchange:     0.2000 Hartree-Fock + 0.0800 Slater + 0.7200 B88
 Correlation:  0.1900 VWN1RPA + 0.8100 LYP
 Using Euler-Maclaurin-Lebedev (99,590) quadrature formula
Added inc_jk
Added qchem_hcore
Added xc
Added P-dependent contribution
 A restricted SCF calculation will be
 performed using GDM
 SCF converges when RMS gradient is below 1.0e-10
 User-specified cutoff of 10e-14
 used for neglect of 2-electron integrals.
 A cutoff of 10e-14
 used for neglect of overlap integrals.
 Incremental Fock algorithm is on at the start.
 ---------------------------------------
  Cycle       Energy        RMS Gradient
 ---------------------------------------
    1    -114.5060913442      7.99e-03   Normal BFGS step
    2    -114.5067226949      7.28e-03   Normal BFGS step
    3    -114.5066367163      1.36e-02  Line search: overstep
    4    -114.5067652091      1.17e-03   Normal BFGS step
    5    -114.5067687716      7.29e-04   Normal BFGS step
    6    -114.5067709698      2.38e-04   Normal BFGS step
    7    -114.5067710343      2.96e-05   Normal BFGS step
    8    -114.5067710385      5.63e-06   Normal BFGS step
    9    -114.5067710386      2.01e-06   Normal BFGS step
   10    -114.5067710386      1.46e-07   Normal BFGS step
   11    -114.5067710386      4.67e-08   Normal BFGS step
   12    -114.5067710386      3.94e-09   Normal BFGS step
   13    -114.5067710386      1.19e-09   Normal BFGS step
   14    -114.5067710386      8.93e-10   Normal BFGS step
   15    -114.5067710386      5.83e-10   Normal BFGS step
   16    -114.5067710386      2.19e-11  Convergence criterion met
 ---------------------------------------
 SCF time:   CPU 7.82s  wall 1.00s 
 SCF   energy =  -114.50677104
 Total energy =  -114.50677104
 Integrated density by DFT XC:
   Number of electrons = 16
   Numerical integral  =    15.999999983952
   Relative error      =     0.0000001003 %

 --------------------------------------------------------------

                    Orbital Energies (a.u.)
 --------------------------------------------------------------

 Alpha MOs
 -- Occupied --
-19.1629 -10.2920  -1.0624  -0.6360  -0.4868  -0.4527  -0.4005  -0.2681
 -- Virtual --
 -0.0464   0.0644   0.1334   0.2060   0.4495   0.4757   0.5192   0.5842
  0.6279   0.7585   0.8711   0.9305   0.9762   1.0515   1.1556   1.4027
  1.4616   1.5008   1.6377   1.6872   1.6881   1.7073   2.2549   2.3019
  2.3982   2.6657   2.7646   3.0337   3.3249   3.4144
 --------------------------------------------------------------

          Ground-State Mulliken Net Atomic Charges

     Atom                 Charge (a.u.)
  ----------------------------------------
      1 O                    -0.179705
      2 C                     0.163832
      3 H                     0.010877
      4 H                     0.004996
  ----------------------------------------
  Sum of atomic charges =     0.000000

 -----------------------------------------------------------------
                    Cartesian Multipole Moments
 -----------------------------------------------------------------
    Charge (ESU x 10^10)
                -0.0000
    Dipole Moment (Debye)
         X      -2.0424      Y      -0.0679      Z      -0.4291
       Tot       2.0881
    Quadrupole Moments (Debye-Ang)
        XX     -20.7220     XY      -1.3414     YY     -11.6311
        XZ      -8.0792     YZ      -0.3413     ZZ     -14.5624
    Octopole Moments (Debye-Ang^2)
       XXX    -104.8378    XXY     -11.9682    XYY     -25.2949
       YYY     -18.7094    XXZ     -74.5955    XYZ      -4.6067
       YYZ     -40.4764    XZZ     -56.0810    YZZ      -7.6613
       ZZZ    -136.6316
    Hexadecapole Moments (Debye-Ang^3)
      XXXX    -451.7165   XXXY     -60.1228   XXYY     -68.0449
      XYYY     -40.9669   YYYY     -34.2449   XXXZ    -374.6513
      XXYZ     -40.4184   XYYZ     -88.7407   YYYZ     -62.8864
      XXZZ    -330.1955   XYZZ     -29.1445   YYZZ    -148.9112
      XZZZ    -381.4076   YZZZ     -68.3944   ZZZZ    -932.0559
 -----------------------------------------------------------------
 Eng[-3,-2] = -1.14506771e+02
 points done 17/42
 CoordNormalMode 3 , 2 , 0
 ----------------------------------------------------------------
             Standard Nuclear Orientation (Angstroms)
    I     Atom           X                Y                Z
 ----------------------------------------------------------------
    1      O       2.8381037643     0.5735699310     3.6237096885
    2      C       1.6609320446     0.5125371836     3.4003066567
    3      H       1.2465206972     1.1630535167     2.5868268062
    4      H       0.9639747842    -0.1590435894     3.9628260620
 ----------------------------------------------------------------
 Nuclear Repulsion Energy =          31.31773159 hartrees
 There are        8 alpha and        8 beta electrons

                       Distance Matrix (Angstroms)
             O (  1)   C (  2)   H (  3)
   C (  2)  1.199736
   H (  3)  1.988908  1.121007
   H (  4)  2.040608  1.119463  1.929027

 Requested basis set is cc-pVDZ
 There are 18 shells and 38 basis functions
 A cutoff of  1.0D-14 yielded    171 shell pairs
 There are       779 function pairs (       868 Cartesian)
 Smallest overlap matrix eigenvalue = 1.90E-02
 Guess MOs from SCF MO coefficient file

 -----------------------------------------------------------------------
  General SCF calculation program by
  Eric Jon Sundstrom, Paul Horn, Yuezhi Mao, Dmitri Zuev, Alec White,
  David Stuck, Shaama M.S., Shane Yost, Joonho Lee, David Small,
  Daniel Levine, Susi Lehtola, Hugh Burton, Evgeny Epifanovsky,
  Bang C. Huynh
 -----------------------------------------------------------------------
 Exchange:     0.2000 Hartree-Fock + 0.0800 Slater + 0.7200 B88
 Correlation:  0.1900 VWN1RPA + 0.8100 LYP
 Using Euler-Maclaurin-Lebedev (99,590) quadrature formula
Added inc_jk
Added qchem_hcore
Added xc
Added P-dependent contribution
 A restricted SCF calculation will be
 performed using GDM
 SCF converges when RMS gradient is below 1.0e-10
 User-specified cutoff of 10e-14
 used for neglect of 2-electron integrals.
 A cutoff of 10e-14
 used for neglect of overlap integrals.
 Incremental Fock algorithm is on at the start.
 ---------------------------------------
  Cycle       Energy        RMS Gradient
 ---------------------------------------
    1    -114.5057519450      1.45e-02   Normal BFGS step
    2    -114.5066760107      9.16e-03   Normal BFGS step
    3    -114.5065546065      1.63e-02  Line search: overstep
    4    -114.5067409900      1.53e-03   Normal BFGS step
    5    -114.5067464737      7.35e-04   Normal BFGS step
    6    -114.5067491119      2.62e-04   Normal BFGS step
    7    -114.5067492134      5.17e-05   Normal BFGS step
    8    -114.5067492241      8.27e-06   Normal BFGS step
    9    -114.5067492243      2.08e-06   Normal BFGS step
   10    -114.5067492243      7.76e-08   Normal BFGS step
   11    -114.5067492243      1.61e-08   Normal BFGS step
   12    -114.5067492243      5.63e-09   Normal BFGS step
   13    -114.5067492243      3.54e-09   Normal BFGS step
   14    -114.5067492243      1.55e-10   Normal BFGS step
   15    -114.5067492243      4.94e-11  Convergence criterion met
 ---------------------------------------
 SCF time:   CPU 7.46s  wall 1.00s 
 SCF   energy =  -114.50674922
 Total energy =  -114.50674922
 Integrated density by DFT XC:
   Number of electrons = 16
   Numerical integral  =    15.999999995707
   Relative error      =     0.0000000268 %

 --------------------------------------------------------------

                    Orbital Energies (a.u.)
 --------------------------------------------------------------

 Alpha MOs
 -- Occupied --
-19.1576 -10.2882  -1.0650  -0.6292  -0.4965  -0.4479  -0.4012  -0.2654
 -- Virtual --
 -0.0419   0.0650   0.1319   0.2104   0.4496   0.4499   0.5550   0.5888
  0.6383   0.7598   0.8718   0.9216   0.9814   1.0546   1.1734   1.4000
  1.4083   1.5527   1.6521   1.6854   1.6913   1.7405   2.2030   2.3008
  2.3961   2.6751   2.8086   3.0355   3.3252   3.4279
 --------------------------------------------------------------

          Ground-State Mulliken Net Atomic Charges

     Atom                 Charge (a.u.)
  ----------------------------------------
      1 O                    -0.178472
      2 C                     0.159429
      3 H                     0.007145
      4 H                     0.011897
  ----------------------------------------
  Sum of atomic charges =     0.000000

 -----------------------------------------------------------------
                    Cartesian Multipole Moments
 -----------------------------------------------------------------
    Charge (ESU x 10^10)
                -0.0000
    Dipole Moment (Debye)
         X      -2.0104      Y      -0.1175      Z      -0.3670
       Tot       2.0470
    Quadrupole Moments (Debye-Ang)
        XX     -20.7247     XY      -1.3137     YY     -11.5600
        XZ      -7.9992     YZ      -0.5767     ZZ     -14.0539
    Octopole Moments (Debye-Ang^2)
       XXX    -105.2455    XXY     -11.8718    XYY     -25.1323
       YYY     -18.6049    XXZ     -74.7963    XYZ      -4.6907
       YYZ     -40.3382    XZZ     -55.7970    YZZ      -8.6322
       ZZZ    -133.5932
    Hexadecapole Moments (Debye-Ang^3)
      XXXX    -452.8157   XXXY     -60.2767   XXYY     -67.6647
      XYYY     -40.9953   YYYY     -34.3239   XXXZ    -376.2512
      XXYZ     -40.3945   XYYZ     -88.2982   YYYZ     -62.6305
      XXZZ    -331.2852   XYZZ     -29.9886   YYZZ    -148.7125
      XZZZ    -379.7077   YZZZ     -72.0781   ZZZZ    -916.1437
 -----------------------------------------------------------------
 Eng[3,2] = -1.14506749e+02
 points done 18/42
 CoordNormalMode -4 , -1 , 0
 ----------------------------------------------------------------
             Standard Nuclear Orientation (Angstroms)
    I     Atom           X                Y                Z
 ----------------------------------------------------------------
    1      O       2.8640072959     0.5701475590     3.6303585064
    2      C       1.6292905642     0.5232914990     3.3946643891
    3      H       1.1961489254     1.1279151586     2.5575855081
    4      H       0.9799886874    -0.1976391483     3.9537275273
 ----------------------------------------------------------------
 Nuclear Repulsion Energy =          30.24721115 hartrees
 There are        8 alpha and        8 beta electrons

                       Distance Matrix (Angstroms)
             O (  1)   C (  2)   H (  3)
   C (  2)  1.257884
   H (  3)  2.060024  1.119769
   H (  4)  2.059998  1.119770  1.937274

 Requested basis set is cc-pVDZ
 There are 18 shells and 38 basis functions
 A cutoff of  1.0D-14 yielded    171 shell pairs
 There are       779 function pairs (       868 Cartesian)
 Smallest overlap matrix eigenvalue = 2.03E-02
 Guess MOs from SCF MO coefficient file

 -----------------------------------------------------------------------
  General SCF calculation program by
  Eric Jon Sundstrom, Paul Horn, Yuezhi Mao, Dmitri Zuev, Alec White,
  David Stuck, Shaama M.S., Shane Yost, Joonho Lee, David Small,
  Daniel Levine, Susi Lehtola, Hugh Burton, Evgeny Epifanovsky,
  Bang C. Huynh
 -----------------------------------------------------------------------
 Exchange:     0.2000 Hartree-Fock + 0.0800 Slater + 0.7200 B88
 Correlation:  0.1900 VWN1RPA + 0.8100 LYP
 Using Euler-Maclaurin-Lebedev (99,590) quadrature formula
Added inc_jk
Added qchem_hcore
Added xc
Added P-dependent contribution
 A restricted SCF calculation will be
 performed using GDM
 SCF converges when RMS gradient is below 1.0e-10
 User-specified cutoff of 10e-14
 used for neglect of 2-electron integrals.
 A cutoff of 10e-14
 used for neglect of overlap integrals.
 Incremental Fock algorithm is on at the start.
 ---------------------------------------
  Cycle       Energy        RMS Gradient
 ---------------------------------------
    1    -114.5003683450      1.64e-02   Normal BFGS step
    2    -114.5025778407      1.83e-02   Normal BFGS step
    3    -114.5023485259      3.07e-02  Line search: overstep
    4    -114.5029002714      3.95e-03   Normal BFGS step
    5    -114.5029301563      3.46e-03   Normal BFGS step
    6    -114.5029696548      3.93e-04   Normal BFGS step
    7    -114.5029703430      9.78e-05   Normal BFGS step
    8    -114.5029704114      4.67e-06   Normal BFGS step
    9    -114.5029704116      1.37e-06   Normal BFGS step
   10    -114.5029704116      2.64e-07   Normal BFGS step
   11    -114.5029704116      6.74e-08   Normal BFGS step
   12    -114.5029704116      6.79e-09   Normal BFGS step
   13    -114.5029704116      1.12e-08   Normal BFGS step
   14    -114.5029704116      6.42e-09   Normal BFGS step
   15    -114.5029704116      6.12e-10   Normal BFGS step
   16    -114.5029704116      2.05e-10   Normal BFGS step
  GDM::WARNING energy changes are now smaller than effective accuracy.
  GDM::        calculation will continue, but THRESH should be increased
  GDM::        or SCF_CONVERGENCE decreased. 
  GDM::        effective_thresh = 3.44e-09
   17    -114.5029704116      6.54e-11  Convergence criterion met
 ---------------------------------------
 SCF time:   CPU 8.30s  wall 1.00s 
 SCF   energy =  -114.50297041
 Total energy =  -114.50297041
 Integrated density by DFT XC:
   Number of electrons = 16
   Numerical integral  =    15.999999980205
   Relative error      =     0.0000001237 %

 --------------------------------------------------------------

                    Orbital Energies (a.u.)
 --------------------------------------------------------------

 Alpha MOs
 -- Occupied --
-19.1598 -10.2945  -1.0338  -0.6366  -0.4895  -0.4384  -0.3828  -0.2676
 -- Virtual --
 -0.0577   0.0622   0.1268   0.2003   0.4434   0.4532   0.5442   0.5749
  0.5947   0.7615   0.8834   0.9198   0.9780   1.0586   1.1606   1.3920
  1.4100   1.5173   1.6432   1.6558   1.6913   1.7518   2.1691   2.2838
  2.3854   2.6630   2.7747   2.9840   3.2542   3.3481
 --------------------------------------------------------------

          Ground-State Mulliken Net Atomic Charges

     Atom                 Charge (a.u.)
  ----------------------------------------
      1 O                    -0.219284
      2 C                     0.162648
      3 H                     0.028319
      4 H                     0.028317
  ----------------------------------------
  Sum of atomic charges =     0.000000

 -----------------------------------------------------------------
                    Cartesian Multipole Moments
 -----------------------------------------------------------------
    Charge (ESU x 10^10)
                -0.0000
    Dipole Moment (Debye)
         X      -2.2325      Y      -0.1143      Z      -0.4542
       Tot       2.2811
    Quadrupole Moments (Debye-Ang)
        XX     -21.5949     XY      -1.4367     YY     -11.5847
        XZ      -8.8537     YZ      -0.7293     ZZ     -14.6346
    Octopole Moments (Debye-Ang^2)
       XXX    -108.0023    XXY     -12.3648    XYY     -25.4160
       YYY     -18.6597    XXZ     -77.8865    XYZ      -5.2601
       YYZ     -40.5519    XZZ     -59.2005    YZZ      -9.6390
       ZZZ    -136.6471
    Hexadecapole Moments (Debye-Ang^3)
      XXXX    -463.2404   XXXY     -61.8583   XXYY     -68.9591
      XYYY     -41.3148   YYYY     -34.3287   XXXZ    -386.2047
      XXYZ     -42.2010   XYYZ     -89.5129   YYYZ     -63.0956
      XXZZ    -343.2070   XYZZ     -32.4259   YYZZ    -149.7847
      XZZZ    -394.1139   YZZZ     -77.2332   ZZZZ    -931.1807
 -----------------------------------------------------------------
 Eng[-4,-1] = -1.14502970e+02
 points done 19/42
 CoordNormalMode 4 , 1 , 0
 ----------------------------------------------------------------
             Standard Nuclear Orientation (Angstroms)
    I     Atom           X                Y                Z
 ----------------------------------------------------------------
    1      O       2.8194175700     0.5715569969     3.6247859800
    2      C       1.6940603206     0.5125615477     3.3945175914
    3      H       1.1591673849     1.1484233225     2.6365883585
    4      H       0.9534392517    -0.1127569355     3.9649121391
 ----------------------------------------------------------------
 Nuclear Repulsion Energy =          32.21610273 hartrees
 There are        8 alpha and        8 beta electrons

                       Distance Matrix (Angstroms)
             O (  1)   C (  2)   H (  3)
   C (  2)  1.150188
   H (  3)  2.016368  1.124672
   H (  4)  2.016394  1.124674  1.843188

 Requested basis set is cc-pVDZ
 There are 18 shells and 38 basis functions
 A cutoff of  1.0D-14 yielded    171 shell pairs
 There are       779 function pairs (       868 Cartesian)
 Smallest overlap matrix eigenvalue = 1.86E-02
 Guess MOs from SCF MO coefficient file

 -----------------------------------------------------------------------
  General SCF calculation program by
  Eric Jon Sundstrom, Paul Horn, Yuezhi Mao, Dmitri Zuev, Alec White,
  David Stuck, Shaama M.S., Shane Yost, Joonho Lee, David Small,
  Daniel Levine, Susi Lehtola, Hugh Burton, Evgeny Epifanovsky,
  Bang C. Huynh
 -----------------------------------------------------------------------
 Exchange:     0.2000 Hartree-Fock + 0.0800 Slater + 0.7200 B88
 Correlation:  0.1900 VWN1RPA + 0.8100 LYP
 Using Euler-Maclaurin-Lebedev (99,590) quadrature formula
Added inc_jk
Added qchem_hcore
Added xc
Added P-dependent contribution
 A restricted SCF calculation will be
 performed using GDM
 SCF converges when RMS gradient is below 1.0e-10
 User-specified cutoff of 10e-14
 used for neglect of 2-electron integrals.
 A cutoff of 10e-14
 used for neglect of overlap integrals.
 Incremental Fock algorithm is on at the start.
 ---------------------------------------
  Cycle       Energy        RMS Gradient
 ---------------------------------------
    1    -114.4918741799      3.12e-02   Normal BFGS step
    2    -114.5003311407      3.12e-02   Normal BFGS step
    3    -114.5000107820      4.56e-02  Line search: overstep
    4    -114.5016261695      6.44e-03   Normal BFGS step
    5    -114.5017553843      5.73e-03   Normal BFGS step
    6    -114.5018606607      8.41e-04   Normal BFGS step
    7    -114.5018642357      2.01e-04   Normal BFGS step
    8    -114.5018646452      1.29e-05   Normal BFGS step
    9    -114.5018646460      6.32e-06   Normal BFGS step
   10    -114.5018646461      6.41e-07   Normal BFGS step
   11    -114.5018646461      8.73e-08   Normal BFGS step
   12    -114.5018646461      1.40e-08   Normal BFGS step
   13    -114.5018646461      1.68e-08   Normal BFGS step
   14    -114.5018646461      1.07e-08   Normal BFGS step
   15    -114.5018646461      1.77e-09   Normal BFGS step
   16    -114.5018646461      6.32e-10   Normal BFGS step
   17    -114.5018646461      1.27e-10   Normal BFGS step
   18    -114.5018646461      2.24e-11  Convergence criterion met
 ---------------------------------------
 SCF time:   CPU 8.76s  wall 1.00s 
 SCF   energy =  -114.50186465
 Total energy =  -114.50186465
 Integrated density by DFT XC:
   Number of electrons = 16
   Numerical integral  =    15.999999976538
   Relative error      =     0.0000001466 %

 --------------------------------------------------------------

                    Orbital Energies (a.u.)
 --------------------------------------------------------------

 Alpha MOs
 -- Occupied --
-19.1613 -10.2855  -1.0964  -0.6285  -0.4963  -0.4628  -0.4212  -0.2647
 -- Virtual --
 -0.0305   0.0675   0.1408   0.2127   0.4458   0.4852   0.5260   0.5793
  0.6912   0.7598   0.8624   0.9327   0.9758   1.0486   1.1694   1.4022
  1.4754   1.5433   1.6502   1.6857   1.6972   1.7120   2.2574   2.3282
  2.4460   2.6816   2.8002   3.0881   3.3883   3.4938
 --------------------------------------------------------------

          Ground-State Mulliken Net Atomic Charges

     Atom                 Charge (a.u.)
  ----------------------------------------
      1 O                    -0.132797
      2 C                     0.157812
      3 H                    -0.012509
      4 H                    -0.012506
  ----------------------------------------
  Sum of atomic charges =     0.000000

 -----------------------------------------------------------------
                    Cartesian Multipole Moments
 -----------------------------------------------------------------
    Charge (ESU x 10^10)
                -0.0000
    Dipole Moment (Debye)
         X      -1.7768      Y      -0.0767      Z      -0.3480
       Tot       1.8122
    Quadrupole Moments (Debye-Ang)
        XX     -19.6950     XY      -1.2157     YY     -11.6122
        XZ      -7.0755     YZ      -0.2014     ZZ     -14.0196
    Octopole Moments (Debye-Ang^2)
       XXX    -101.5325    XXY     -11.4410    XYY     -24.9938
       YYY     -18.6841    XXZ     -70.9521    XYZ      -4.0158
       YYZ     -40.2677    XZZ     -52.1277    YZZ      -6.6700
       ZZZ    -133.7927
    Hexadecapole Moments (Debye-Ang^3)
      XXXX    -439.4604   XXXY     -58.3524   XXYY     -66.6852
      XYYY     -40.6397   YYYY     -34.3177   XXXZ    -362.7609
      XXYZ     -38.4617   XYYZ     -87.4380   YYYZ     -62.4973
      XXZZ    -316.2310   XYZZ     -26.5696   YYZZ    -147.8104
      XZZZ    -364.8902   YZZZ     -63.1963   ZZZZ    -918.2686
 -----------------------------------------------------------------
 Eng[4,1] = -1.14501865e+02
 points done 20/42
 CoordNormalMode -4 , -2 , 0
 ----------------------------------------------------------------
             Standard Nuclear Orientation (Angstroms)
    I     Atom           X                Y                Z
 ----------------------------------------------------------------
    1      O       2.8631539916     0.5689353596     3.6349553203
    2      C       1.6316921953     0.5219352931     3.3828087352
    3      H       1.1549414221     1.1440980338     2.5850395189
    4      H       1.0061430082    -0.1784356078     3.9944816699
 ----------------------------------------------------------------
 Nuclear Repulsion Energy =          30.24902814 hartrees
 There are        8 alpha and        8 beta electrons

                       Distance Matrix (Angstroms)
             O (  1)   C (  2)   H (  3)
   C (  2)  1.257889
   H (  3)  2.085935  1.118398
   H (  4)  2.033793  1.120703  1.938495

 Requested basis set is cc-pVDZ
 There are 18 shells and 38 basis functions
 A cutoff of  1.0D-14 yielded    171 shell pairs
 There are       779 function pairs (       868 Cartesian)
 Smallest overlap matrix eigenvalue = 2.02E-02
 Guess MOs from SCF MO coefficient file

 -----------------------------------------------------------------------
  General SCF calculation program by
  Eric Jon Sundstrom, Paul Horn, Yuezhi Mao, Dmitri Zuev, Alec White,
  David Stuck, Shaama M.S., Shane Yost, Joonho Lee, David Small,
  Daniel Levine, Susi Lehtola, Hugh Burton, Evgeny Epifanovsky,
  Bang C. Huynh
 -----------------------------------------------------------------------
 Exchange:     0.2000 Hartree-Fock + 0.0800 Slater + 0.7200 B88
 Correlation:  0.1900 VWN1RPA + 0.8100 LYP
 Using Euler-Maclaurin-Lebedev (99,590) quadrature formula
Added inc_jk
Added qchem_hcore
Added xc
Added P-dependent contribution
 A restricted SCF calculation will be
 performed using GDM
 SCF converges when RMS gradient is below 1.0e-10
 User-specified cutoff of 10e-14
 used for neglect of 2-electron integrals.
 A cutoff of 10e-14
 used for neglect of overlap integrals.
 Incremental Fock algorithm is on at the start.
 ---------------------------------------
  Cycle       Energy        RMS Gradient
 ---------------------------------------
    1    -114.4929212915      3.50e-02   Normal BFGS step
    2    -114.5006814904      5.08e-02   Normal BFGS step
    3    -114.4999433275      6.54e-02  Line search: overstep
    4    -114.5025607259      9.34e-03   Normal BFGS step
    5    -114.5027921759      6.14e-03   Normal BFGS step
    6    -114.5029256535      9.73e-04   Normal BFGS step
    7    -114.5029303850      2.40e-04   Normal BFGS step
    8    -114.5029308628      1.29e-05   Normal BFGS step
    9    -114.5029308639      2.63e-06   Normal BFGS step
   10    -114.5029308639      6.81e-07   Normal BFGS step
   11    -114.5029308639      1.76e-07   Normal BFGS step
   12    -114.5029308639      2.62e-08   Normal BFGS step
   13    -114.5029308639      5.09e-08   Normal BFGS step
   14    -114.5029308639      1.75e-08   Normal BFGS step
   15    -114.5029308639      3.45e-09   Normal BFGS step
   16    -114.5029308639      7.64e-10   Normal BFGS step
   17    -114.5029308639      3.31e-10   Normal BFGS step
   18    -114.5029308639      3.25e-11  Convergence criterion met
 ---------------------------------------
 SCF time:   CPU 8.74s  wall 1.00s 
 SCF   energy =  -114.50293086
 Total energy =  -114.50293086
 Integrated density by DFT XC:
   Number of electrons = 16
   Numerical integral  =    15.999999991214
   Relative error      =     0.0000000549 %

 --------------------------------------------------------------

                    Orbital Energies (a.u.)
 --------------------------------------------------------------

 Alpha MOs
 -- Occupied --
-19.1597 -10.2945  -1.0337  -0.6366  -0.4898  -0.4383  -0.3827  -0.2674
 -- Virtual --
 -0.0572   0.0620   0.1264   0.2005   0.4423   0.4532   0.5447   0.5755
  0.5959   0.7613   0.8836   0.9196   0.9784   1.0581   1.1616   1.3898
  1.4097   1.5153   1.6367   1.6647   1.6925   1.7520   2.1693   2.2844
  2.3877   2.6622   2.7743   2.9838   3.2564   3.3490
 --------------------------------------------------------------

          Ground-State Mulliken Net Atomic Charges

     Atom                 Charge (a.u.)
  ----------------------------------------
      1 O                    -0.219565
      2 C                     0.163083
      3 H                     0.030046
      4 H                     0.026436
  ----------------------------------------
  Sum of atomic charges =     0.000000

 -----------------------------------------------------------------
                    Cartesian Multipole Moments
 -----------------------------------------------------------------
    Charge (ESU x 10^10)
                 0.0000
    Dipole Moment (Debye)
         X      -2.2343      Y      -0.0764      Z      -0.4672
       Tot       2.2839
    Quadrupole Moments (Debye-Ang)
        XX     -21.6092     XY      -1.4359     YY     -11.5516
        XZ      -8.8446     YZ      -0.6204     ZZ     -14.7080
    Octopole Moments (Debye-Ang^2)
       XXX    -108.0550    XXY     -12.4223    XYY     -25.4151
       YYY     -18.6037    XXZ     -77.8859    XYZ      -5.2545
       YYZ     -40.4860    XZZ     -59.1079    YZZ      -9.3678
       ZZZ    -136.9417
    Hexadecapole Moments (Debye-Ang^3)
      XXXX    -463.4076   XXXY     -61.8887   XXYY     -69.0041
      XYYY     -41.1499   YYYY     -34.2229   XXXZ    -386.3338
      XXYZ     -42.3569   XYYZ     -89.5582   YYYZ     -62.9382
      XXZZ    -343.0105   XYZZ     -32.4019   YYZZ    -149.7440
      XZZZ    -393.6364   YZZZ     -76.7171   ZZZZ    -932.2058
 -----------------------------------------------------------------
 Eng[-4,-2] = -1.14502931e+02
 points done 21/42
 CoordNormalMode 4 , 2 , 0
 ----------------------------------------------------------------
             Standard Nuclear Orientation (Angstroms)
    I     Atom           X                Y                Z
 ----------------------------------------------------------------
    1      O       2.8202708742     0.5727691963     3.6201891662
    2      C       1.6916586894     0.5139177536     3.4063732453
    3      H       1.2003748882     1.1322404473     2.6091343478
    4      H       0.9272849310    -0.1319604759     3.9241579965
 ----------------------------------------------------------------
 Nuclear Repulsion Energy =          32.21796454 hartrees
 There are        8 alpha and        8 beta electrons

                       Distance Matrix (Angstroms)
             O (  1)   C (  2)   H (  3)
   C (  2)  1.150194
   H (  3)  1.989800  1.122173
   H (  4)  2.042654  1.126733  1.844470

 Requested basis set is cc-pVDZ
 There are 18 shells and 38 basis functions
 A cutoff of  1.0D-14 yielded    171 shell pairs
 There are       779 function pairs (       868 Cartesian)
 Smallest overlap matrix eigenvalue = 1.85E-02
 Guess MOs from SCF MO coefficient file

 -----------------------------------------------------------------------
  General SCF calculation program by
  Eric Jon Sundstrom, Paul Horn, Yuezhi Mao, Dmitri Zuev, Alec White,
  David Stuck, Shaama M.S., Shane Yost, Joonho Lee, David Small,
  Daniel Levine, Susi Lehtola, Hugh Burton, Evgeny Epifanovsky,
  Bang C. Huynh
 -----------------------------------------------------------------------
 Exchange:     0.2000 Hartree-Fock + 0.0800 Slater + 0.7200 B88
 Correlation:  0.1900 VWN1RPA + 0.8100 LYP
 Using Euler-Maclaurin-Lebedev (99,590) quadrature formula
Added inc_jk
Added qchem_hcore
Added xc
Added P-dependent contribution
 A restricted SCF calculation will be
 performed using GDM
 SCF converges when RMS gradient is below 1.0e-10
 User-specified cutoff of 10e-14
 used for neglect of 2-electron integrals.
 A cutoff of 10e-14
 used for neglect of overlap integrals.
 Incremental Fock algorithm is on at the start.
 ---------------------------------------
  Cycle       Energy        RMS Gradient
 ---------------------------------------
    1    -114.4918320567      3.17e-02   Normal BFGS step
    2    -114.5002566293      3.19e-02   Normal BFGS step
    3    -114.4999451444      4.59e-02  Line search: overstep
    4    -114.5015870308      6.52e-03   Normal BFGS step
    5    -114.5017212373      5.68e-03   Normal BFGS step
    6    -114.5018275426      8.59e-04   Normal BFGS step
    7    -114.5018311979      2.02e-04   Normal BFGS step
    8    -114.5018316100      1.15e-05   Normal BFGS step
    9    -114.5018316107      1.70e-06   Normal BFGS step
   10    -114.5018316107      3.48e-07   Normal BFGS step
   11    -114.5018316107      4.79e-08   Normal BFGS step
   12    -114.5018316107      1.02e-08   Normal BFGS step
   13    -114.5018316107      1.49e-08   Normal BFGS step
   14    -114.5018316107      5.96e-09   Normal BFGS step
   15    -114.5018316107      1.01e-09   Normal BFGS step
   16    -114.5018316107      3.05e-10   Normal BFGS step
   17    -114.5018316107      9.14e-11  Convergence criterion met
 ---------------------------------------
 SCF time:   CPU 8.34s  wall 1.00s 
 SCF   energy =  -114.50183161
 Total energy =  -114.50183161
 Integrated density by DFT XC:
   Number of electrons = 16
   Numerical integral  =    15.999999995416
   Relative error      =     0.0000000287 %

 --------------------------------------------------------------

                    Orbital Energies (a.u.)
 --------------------------------------------------------------

 Alpha MOs
 -- Occupied --
-19.1612 -10.2855  -1.0963  -0.6285  -0.4964  -0.4627  -0.4212  -0.2645
 -- Virtual --
 -0.0299   0.0673   0.1403   0.2129   0.4459   0.4840   0.5272   0.5791
  0.6918   0.7600   0.8625   0.9324   0.9761   1.0479   1.1710   1.4005
  1.4739   1.5379   1.6630   1.6870   1.6959   1.7071   2.2582   2.3262
  2.4514   2.6802   2.8001   3.0872   3.3909   3.4942
 --------------------------------------------------------------

          Ground-State Mulliken Net Atomic Charges

     Atom                 Charge (a.u.)
  ----------------------------------------
      1 O                    -0.133005
      2 C                     0.158051
      3 H                    -0.016049
      4 H                    -0.008996
  ----------------------------------------
  Sum of atomic charges =     0.000000

 -----------------------------------------------------------------
                    Cartesian Multipole Moments
 -----------------------------------------------------------------
    Charge (ESU x 10^10)
                 0.0000
    Dipole Moment (Debye)
         X      -1.7829      Y      -0.1069      Z      -0.3226
       Tot       1.8150
    Quadrupole Moments (Debye-Ang)
        XX     -19.7099     XY      -1.2197     YY     -11.6394
        XZ      -7.0765     YZ      -0.2846     ZZ     -13.8563
    Octopole Moments (Debye-Ang^2)
       XXX    -101.5792    XXY     -11.3974    XYY     -24.9983
       YYY     -18.6987    XXZ     -70.9806    XYZ      -4.0216
       YYZ     -40.3143    XZZ     -52.0761    YZZ      -6.8642
       ZZZ    -132.9675
    Hexadecapole Moments (Debye-Ang^3)
      XXXX    -439.6419   XXXY     -58.3633   XXYY     -66.6526
      XYYY     -40.7833   YYYY     -34.3414   XXXZ    -362.8339
      XXYZ     -38.3229   XYYZ     -87.3943   YYYZ     -62.5124
      XXZZ    -316.2882   XYZZ     -26.5824   YYZZ    -147.7876
      XZZZ    -364.4310   YZZZ     -63.4858   ZZZZ    -914.3141
 -----------------------------------------------------------------
 Eng[4,2] = -1.14501832e+02
 points done 22/42
 CoordNormalMode -4 , -3 , 0
 ----------------------------------------------------------------
             Standard Nuclear Orientation (Angstroms)
    I     Atom           X                Y                Z
 ----------------------------------------------------------------
    1      O       2.8677103076     0.5720179898     3.6327053066
    2      C       1.6306738876     0.5165368602     3.3884700952
    3      H       1.1564460442     1.1404286866     2.5893849344
    4      H       0.9444514789    -0.1594116844     3.9584369051
 ----------------------------------------------------------------
 Nuclear Repulsion Energy =          30.14143880 hartrees
 There are        8 alpha and        8 beta electrons

                       Distance Matrix (Angstroms)
             O (  1)   C (  2)   H (  3)
   C (  2)  1.262136
   H (  3)  2.083275  1.119227
   H (  4)  2.083270  1.119227  1.899692

 Requested basis set is cc-pVDZ
 There are 18 shells and 38 basis functions
 A cutoff of  1.0D-14 yielded    171 shell pairs
 There are       779 function pairs (       868 Cartesian)
 Smallest overlap matrix eigenvalue = 2.07E-02
 Guess MOs from SCF MO coefficient file

 -----------------------------------------------------------------------
  General SCF calculation program by
  Eric Jon Sundstrom, Paul Horn, Yuezhi Mao, Dmitri Zuev, Alec White,
  David Stuck, Shaama M.S., Shane Yost, Joonho Lee, David Small,
  Daniel Levine, Susi Lehtola, Hugh Burton, Evgeny Epifanovsky,
  Bang C. Huynh
 -----------------------------------------------------------------------
 Exchange:     0.2000 Hartree-Fock + 0.0800 Slater + 0.7200 B88
 Correlation:  0.1900 VWN1RPA + 0.8100 LYP
 Using Euler-Maclaurin-Lebedev (99,590) quadrature formula
Added inc_jk
Added qchem_hcore
Added xc
Added P-dependent contribution
 A restricted SCF calculation will be
 performed using GDM
 SCF converges when RMS gradient is below 1.0e-10
 User-specified cutoff of 10e-14
 used for neglect of 2-electron integrals.
 A cutoff of 10e-14
 used for neglect of overlap integrals.
 Incremental Fock algorithm is on at the start.
 ---------------------------------------
  Cycle       Energy        RMS Gradient
 ---------------------------------------
    1    -114.4931931701      3.29e-02   Normal BFGS step
    2    -114.5009488015      4.62e-02   Normal BFGS step
    3    -114.5001909896      6.45e-02  Line search: overstep
    4    -114.5026188787      8.96e-03   Normal BFGS step
    5    -114.5028170515      6.68e-03   Normal BFGS step
    6    -114.5029680071      9.10e-04   Normal BFGS step
    7    -114.5029722528      2.43e-04   Normal BFGS step
    8    -114.5029727029      1.22e-05   Normal BFGS step
    9    -114.5029727037      1.75e-06   Normal BFGS step
   10    -114.5029727037      2.99e-07   Normal BFGS step
   11    -114.5029727037      5.16e-08   Normal BFGS step
   12    -114.5029727037      2.38e-08   Normal BFGS step
   13    -114.5029727037      3.96e-08   Normal BFGS step
   14    -114.5029727037      2.86e-09   Normal BFGS step
   15    -114.5029727037      1.16e-09   Normal BFGS step
   16    -114.5029727037      2.21e-10   Normal BFGS step
  GDM::WARNING energy changes are now smaller than effective accuracy.
  GDM::        calculation will continue, but THRESH should be increased
  GDM::        or SCF_CONVERGENCE decreased. 
  GDM::        effective_thresh = 2.04e-09
   17    -114.5029727037      1.08e-10   Normal BFGS step
   18    -114.5029727037      4.47e-12  Convergence criterion met
 ---------------------------------------
 SCF time:   CPU 8.74s  wall 1.00s 
 SCF   energy =  -114.50297270
 Total energy =  -114.50297270
 Integrated density by DFT XC:
   Number of electrons = 16
   Numerical integral  =    16.000000010008
   Relative error      =     0.0000000625 %

 --------------------------------------------------------------

                    Orbital Energies (a.u.)
 --------------------------------------------------------------

 Alpha MOs
 -- Occupied --
-19.1622 -10.2961  -1.0325  -0.6403  -0.4852  -0.4409  -0.3825  -0.2692
 -- Virtual --
 -0.0593   0.0623   0.1277   0.1981   0.4531   0.4548   0.5275   0.5708
  0.5928   0.7619   0.8833   0.9240   0.9752   1.0567   1.1541   1.4080
  1.4218   1.4982   1.6346   1.6558   1.6896   1.7354   2.2094   2.2876
  2.3730   2.6587   2.7564   2.9820   3.2553   3.3424
 --------------------------------------------------------------

          Ground-State Mulliken Net Atomic Charges

     Atom                 Charge (a.u.)
  ----------------------------------------
      1 O                    -0.219629
      2 C                     0.165778
      3 H                     0.026925
      4 H                     0.026925
  ----------------------------------------
  Sum of atomic charges =     0.000000

 -----------------------------------------------------------------
                    Cartesian Multipole Moments
 -----------------------------------------------------------------
    Charge (ESU x 10^10)
                 0.0000
    Dipole Moment (Debye)
         X      -2.2606      Y      -0.1014      Z      -0.4463
       Tot       2.3065
    Quadrupole Moments (Debye-Ang)
        XX     -21.6050     XY      -1.4487     YY     -11.6282
        XZ      -8.9231     YZ      -0.6288     ZZ     -14.6443
    Octopole Moments (Debye-Ang^2)
       XXX    -107.7893    XXY     -12.3887    XYY     -25.4848
       YYY     -18.7168    XXZ     -77.8503    XYZ      -5.1945
       YYZ     -40.6760    XZZ     -59.4308    YZZ      -9.1689
       ZZZ    -136.9808
    Hexadecapole Moments (Debye-Ang^3)
      XXXX    -462.7067   XXXY     -61.7471   XXYY     -69.1175
      XYYY     -41.3862   YYYY     -34.2974   XXXZ    -385.3269
      XXYZ     -42.1219   XYYZ     -89.6817   YYYZ     -63.3006
      XXZZ    -343.0016   XYZZ     -31.9253   YYZZ    -150.1680
      XZZZ    -395.1447   YZZZ     -75.3846   ZZZZ    -933.7501
 -----------------------------------------------------------------
 Eng[-4,-3] = -1.14502973e+02
 points done 23/42
 CoordNormalMode 4 , 3 , 0
 ----------------------------------------------------------------
             Standard Nuclear Orientation (Angstroms)
    I     Atom           X                Y                Z
 ----------------------------------------------------------------
    1      O       2.8157145583     0.5696865661     3.6224391798
    2      C       1.6926769971     0.5193161865     3.4007118853
    3      H       1.1988702661     1.1359097945     2.6047889322
    4      H       0.9889764602    -0.1509843994     3.9602027612
 ----------------------------------------------------------------
 Nuclear Repulsion Energy =          32.36111310 hartrees
 There are        8 alpha and        8 beta electrons

                       Distance Matrix (Angstroms)
             O (  1)   C (  2)   H (  3)
   C (  2)  1.145824
   H (  3)  1.992588  1.121395
   H (  4)  1.992592  1.121395  1.880771

 Requested basis set is cc-pVDZ
 There are 18 shells and 38 basis functions
 A cutoff of  1.0D-14 yielded    171 shell pairs
 There are       779 function pairs (       868 Cartesian)
 Smallest overlap matrix eigenvalue = 1.82E-02
 Guess MOs from SCF MO coefficient file

 -----------------------------------------------------------------------
  General SCF calculation program by
  Eric Jon Sundstrom, Paul Horn, Yuezhi Mao, Dmitri Zuev, Alec White,
  David Stuck, Shaama M.S., Shane Yost, Joonho Lee, David Small,
  Daniel Levine, Susi Lehtola, Hugh Burton, Evgeny Epifanovsky,
  Bang C. Huynh
 -----------------------------------------------------------------------
 Exchange:     0.2000 Hartree-Fock + 0.0800 Slater + 0.7200 B88
 Correlation:  0.1900 VWN1RPA + 0.8100 LYP
 Using Euler-Maclaurin-Lebedev (99,590) quadrature formula
Added inc_jk
Added qchem_hcore
Added xc
Added P-dependent contribution
 A restricted SCF calculation will be
 performed using GDM
 SCF converges when RMS gradient is below 1.0e-10
 User-specified cutoff of 10e-14
 used for neglect of 2-electron integrals.
 A cutoff of 10e-14
 used for neglect of overlap integrals.
 Incremental Fock algorithm is on at the start.
 ---------------------------------------
  Cycle       Energy        RMS Gradient
 ---------------------------------------
    1    -114.4919923210      3.45e-02   Normal BFGS step
    2    -114.5001757444      2.55e-02   Normal BFGS step
    3    -114.5002785658      3.87e-02   Normal BFGS step
    4    -114.5014549233      8.33e-03   Normal BFGS step
    5    -114.5015358343      4.83e-03   Normal BFGS step
    6    -114.5016044615      2.82e-04   Normal BFGS step
    7    -114.5016047166      4.13e-05   Normal BFGS step
    8    -114.5016047295      4.52e-06   Normal BFGS step
    9    -114.5016047295      8.14e-07   Normal BFGS step
   10    -114.5016047295      5.85e-08   Normal BFGS step
   11    -114.5016047295      7.91e-08   Normal BFGS step
   12    -114.5016047295      2.12e-08   Normal BFGS step
   13    -114.5016047295      2.69e-09   Normal BFGS step
   14    -114.5016047295      8.72e-10   Normal BFGS step
   15    -114.5016047295      3.38e-10   Normal BFGS step
   16    -114.5016047295      3.45e-11  Convergence criterion met
 ---------------------------------------
 SCF time:   CPU 7.97s  wall 1.00s 
 SCF   energy =  -114.50160473
 Total energy =  -114.50160473
 Integrated density by DFT XC:
   Number of electrons = 16
   Numerical integral  =    15.999999987768
   Relative error      =     0.0000000764 %

 --------------------------------------------------------------

                    Orbital Energies (a.u.)
 --------------------------------------------------------------

 Alpha MOs
 -- Occupied --
-19.1584 -10.2832  -1.0976  -0.6253  -0.5015  -0.4604  -0.4216  -0.2637
 -- Virtual --
 -0.0275   0.0681   0.1401   0.2151   0.4461   0.4705   0.5446   0.5826
  0.6951   0.7633   0.8634   0.9279   0.9782   1.0499   1.1815   1.4023
  1.4455   1.5776   1.6772   1.6880   1.6901   1.7120   2.2506   2.3277
  2.4304   2.6865   2.8273   3.0871   3.3897   3.5013
 --------------------------------------------------------------

          Ground-State Mulliken Net Atomic Charges

     Atom                 Charge (a.u.)
  ----------------------------------------
      1 O                    -0.132073
      2 C                     0.156675
      3 H                    -0.012301
      4 H                    -0.012301
  ----------------------------------------
  Sum of atomic charges =     0.000000

 -----------------------------------------------------------------
                    Cartesian Multipole Moments
 -----------------------------------------------------------------
    Charge (ESU x 10^10)
                 0.0000
    Dipole Moment (Debye)
         X      -1.7612      Y      -0.0790      Z      -0.3477
       Tot       1.7969
    Quadrupole Moments (Debye-Ang)
        XX     -19.7083     XY      -1.1918     YY     -11.5530
        XZ      -7.0320     YZ      -0.2613     ZZ     -13.9491
    Octopole Moments (Debye-Ang^2)
       XXX    -101.7867    XXY     -11.3925    XYY     -24.9132
       YYY     -18.5709    XXZ     -71.0285    XYZ      -4.0241
       YYZ     -40.0948    XZZ     -51.9383    YZZ      -6.9842
       ZZZ    -133.0892
    Hexadecapole Moments (Debye-Ang^3)
      XXXX    -440.0511   XXXY     -58.4035   XXYY     -66.5016
      XYYY     -40.5246   YYYY     -34.2275   XXXZ    -363.6860
      XXYZ     -38.4200   XYYZ     -87.2250   YYYZ     -62.1047
      XXZZ    -316.4546   XYZZ     -26.8290   YYZZ    -147.2677
      XZZZ    -363.8304   YZZZ     -64.4176   ZZZZ    -913.5921
 -----------------------------------------------------------------
 Eng[4,3] = -1.14501605e+02
 points done 24/42
 CoordNormalMode -5 , -1 , 0
 ----------------------------------------------------------------
             Standard Nuclear Orientation (Angstroms)
    I     Atom           X                Y                Z
 ----------------------------------------------------------------
    1      O       2.8421459208     0.5691667418     3.6260423769
    2      C       1.6631830230     0.5248125201     3.4013560373
    3      H       1.1688239876     1.1326200235     2.5457017107
    4      H       0.9507179890    -0.2048882610     3.9544351600
 ----------------------------------------------------------------
 Nuclear Repulsion Energy =          30.98407370 hartrees
 There are        8 alpha and        8 beta electrons

                       Distance Matrix (Angstroms)
             O (  1)   C (  2)   H (  3)
   C (  2)  1.201002
   H (  3)  2.069933  1.160157
   H (  4)  2.069904  1.160158  1.954745

 Requested basis set is cc-pVDZ
 There are 18 shells and 38 basis functions
 A cutoff of  1.0D-14 yielded    171 shell pairs
 There are       779 function pairs (       868 Cartesian)
 Smallest overlap matrix eigenvalue = 1.99E-02
 Guess MOs from SCF MO coefficient file

 -----------------------------------------------------------------------
  General SCF calculation program by
  Eric Jon Sundstrom, Paul Horn, Yuezhi Mao, Dmitri Zuev, Alec White,
  David Stuck, Shaama M.S., Shane Yost, Joonho Lee, David Small,
  Daniel Levine, Susi Lehtola, Hugh Burton, Evgeny Epifanovsky,
  Bang C. Huynh
 -----------------------------------------------------------------------
 Exchange:     0.2000 Hartree-Fock + 0.0800 Slater + 0.7200 B88
 Correlation:  0.1900 VWN1RPA + 0.8100 LYP
 Using Euler-Maclaurin-Lebedev (99,590) quadrature formula
Added inc_jk
Added qchem_hcore
Added xc
Added P-dependent contribution
 A restricted SCF calculation will be
 performed using GDM
 SCF converges when RMS gradient is below 1.0e-10
 User-specified cutoff of 10e-14
 used for neglect of 2-electron integrals.
 A cutoff of 10e-14
 used for neglect of overlap integrals.
 Incremental Fock algorithm is on at the start.
 ---------------------------------------
  Cycle       Energy        RMS Gradient
 ---------------------------------------
    1    -114.5031387327      1.84e-02   Normal BFGS step
    2    -114.5054316474      9.03e-03   Normal BFGS step
    3    -114.5056199528      9.11e-03   Normal BFGS step
    4    -114.5056866075      7.96e-03   Normal BFGS step
    5    -114.5057129600      2.47e-03   Normal BFGS step
    6    -114.5057335085      4.33e-04   Normal BFGS step
    7    -114.5057339044      1.01e-04   Normal BFGS step
    8    -114.5057339169      4.05e-06   Normal BFGS step
    9    -114.5057339170      8.82e-07   Normal BFGS step
   10    -114.5057339170      4.63e-08   Normal BFGS step
   11    -114.5057339170      1.79e-08   Normal BFGS step
   12    -114.5057339170      7.78e-09   Normal BFGS step
   13    -114.5057339170      5.18e-09   Normal BFGS step
   14    -114.5057339170      4.86e-10   Normal BFGS step
   15    -114.5057339170      1.24e-10   Normal BFGS step
  GDM::WARNING energy changes are now smaller than effective accuracy.
  GDM::        calculation will continue, but THRESH should be increased
  GDM::        or SCF_CONVERGENCE decreased. 
  GDM::        effective_thresh = 1.00e-09
   16    -114.5057339170      7.90e-11  Convergence criterion met
 ---------------------------------------
 SCF time:   CPU 7.85s  wall 2.00s 
 SCF   energy =  -114.50573392
 Total energy =  -114.50573392
 Integrated density by DFT XC:
   Number of electrons = 16
   Numerical integral  =    16.000000040722
   Relative error      =     0.0000002545 %

 --------------------------------------------------------------

                    Orbital Energies (a.u.)
 --------------------------------------------------------------

 Alpha MOs
 -- Occupied --
-19.1634 -10.2969  -1.0675  -0.6233  -0.4859  -0.4519  -0.4036  -0.2678
 -- Virtual --
 -0.0444   0.0564   0.1285   0.2080   0.4484   0.4512   0.5275   0.5766
  0.6345   0.7507   0.8684   0.9233   0.9764   1.0513   1.1626   1.3823
  1.4111   1.5204   1.6190   1.6544   1.6844   1.7002   2.1734   2.2524
  2.3543   2.6644   2.7636   3.0335   3.3024   3.4206
 --------------------------------------------------------------

          Ground-State Mulliken Net Atomic Charges

     Atom                 Charge (a.u.)
  ----------------------------------------
      1 O                    -0.169422
      2 C                     0.138704
      3 H                     0.015361
      4 H                     0.015357
  ----------------------------------------
  Sum of atomic charges =     0.000000

 -----------------------------------------------------------------
                    Cartesian Multipole Moments
 -----------------------------------------------------------------
    Charge (ESU x 10^10)
                 0.0000
    Dipole Moment (Debye)
         X      -1.9579      Y      -0.0960      Z      -0.3943
       Tot       1.9996
    Quadrupole Moments (Debye-Ang)
        XX     -20.5231     XY      -1.2831     YY     -11.6645
        XZ      -7.7733     YZ      -0.4736     ZZ     -14.3391
    Octopole Moments (Debye-Ang^2)
       XXX    -104.3313    XXY     -11.7783    XYY     -25.2494
       YYY     -18.7432    XXZ     -73.8900    XYZ      -4.4770
       YYZ     -40.5973    XZZ     -54.9641    YZZ      -8.1933
       ZZZ    -135.5364
    Hexadecapole Moments (Debye-Ang^3)
      XXXX    -449.8417   XXXY     -59.7994   XXYY     -67.9039
      XYYY     -41.0921   YYYY     -34.9376   XXXZ    -372.6944
      XXYZ     -39.7904   XYYZ     -88.5746   YYYZ     -62.7727
      XXZZ    -327.6993   XYZZ     -28.9203   YYZZ    -149.4701
      XZZZ    -377.0832   YZZZ     -70.1359   ZZZZ    -927.7628
 -----------------------------------------------------------------
 Eng[-5,-1] = -1.14505734e+02
 points done 25/42
 CoordNormalMode 5 , 1 , 0
 ----------------------------------------------------------------
             Standard Nuclear Orientation (Angstroms)
    I     Atom           X                Y                Z
 ----------------------------------------------------------------
    1      O       2.8412789450     0.5725378142     3.6291021096
    2      C       1.6601678617     0.5110405266     3.3878259432
    3      H       1.1864923227     1.1437184576     2.6484721560
    4      H       0.9827099501    -0.1055078228     3.9642045064
 ----------------------------------------------------------------
 Nuclear Repulsion Energy =          31.41998562 hartrees
 There are        8 alpha and        8 beta electrons

                       Distance Matrix (Angstroms)
             O (  1)   C (  2)   H (  3)
   C (  2)  1.207071
   H (  3)  2.006540  1.082263
   H (  4)  2.006569  1.082263  1.825718

 Requested basis set is cc-pVDZ
 There are 18 shells and 38 basis functions
 A cutoff of  1.0D-14 yielded    171 shell pairs
 There are       779 function pairs (       868 Cartesian)
 Smallest overlap matrix eigenvalue = 1.88E-02
 Guess MOs from SCF MO coefficient file

 -----------------------------------------------------------------------
  General SCF calculation program by
  Eric Jon Sundstrom, Paul Horn, Yuezhi Mao, Dmitri Zuev, Alec White,
  David Stuck, Shaama M.S., Shane Yost, Joonho Lee, David Small,
  Daniel Levine, Susi Lehtola, Hugh Burton, Evgeny Epifanovsky,
  Bang C. Huynh
 -----------------------------------------------------------------------
 Exchange:     0.2000 Hartree-Fock + 0.0800 Slater + 0.7200 B88
 Correlation:  0.1900 VWN1RPA + 0.8100 LYP
 Using Euler-Maclaurin-Lebedev (99,590) quadrature formula
Added inc_jk
Added qchem_hcore
Added xc
Added P-dependent contribution
 A restricted SCF calculation will be
 performed using GDM
 SCF converges when RMS gradient is below 1.0e-10
 User-specified cutoff of 10e-14
 used for neglect of 2-electron integrals.
 A cutoff of 10e-14
 used for neglect of overlap integrals.
 Incremental Fock algorithm is on at the start.
 ---------------------------------------
  Cycle       Energy        RMS Gradient
 ---------------------------------------
    1    -114.5030919740      2.29e-02   Normal BFGS step
    2    -114.5049294891      3.06e-02   Normal BFGS step
    3    -114.5048194274      2.84e-02  Line search: overstep
    4    -114.5054880886      4.12e-03   Normal BFGS step
    5    -114.5055643002      1.55e-03   Normal BFGS step
    6    -114.5055746260      4.86e-04   Normal BFGS step
    7    -114.5055759343      1.20e-04   Normal BFGS step
    8    -114.5055760292      2.03e-05   Normal BFGS step
    9    -114.5055760310      5.91e-06   Normal BFGS step
   10    -114.5055760311      7.85e-07   Normal BFGS step
   11    -114.5055760311      1.44e-07   Normal BFGS step
   12    -114.5055760311      2.06e-08   Normal BFGS step
   13    -114.5055760311      1.20e-08   Normal BFGS step
   14    -114.5055760311      1.65e-08   Normal BFGS step
   15    -114.5055760311      4.79e-10   Normal BFGS step
   16    -114.5055760311      2.87e-10   Normal BFGS step
   17    -114.5055760311      5.23e-11  Convergence criterion met
 ---------------------------------------
 SCF time:   CPU 8.55s  wall 1.00s 
 SCF   energy =  -114.50557603
 Total energy =  -114.50557603
 Integrated density by DFT XC:
   Number of electrons = 16
   Numerical integral  =    16.000000014576
   Relative error      =     0.0000000911 %

 --------------------------------------------------------------

                    Orbital Energies (a.u.)
 --------------------------------------------------------------

 Alpha MOs
 -- Occupied --
-19.1576 -10.2827  -1.0600  -0.6428  -0.4979  -0.4489  -0.3982  -0.2662
 -- Virtual --
 -0.0450   0.0731   0.1375   0.2085   0.4509   0.4773   0.5401   0.6026
  0.6292   0.7688   0.8746   0.9302   0.9806   1.0556   1.1645   1.4319
  1.4590   1.5402   1.6820   1.6909   1.7001   1.7479   2.3033   2.3670
  2.4239   2.6792   2.8171   3.0362   3.3439   3.4207
 --------------------------------------------------------------

          Ground-State Mulliken Net Atomic Charges

     Atom                 Charge (a.u.)
  ----------------------------------------
      1 O                    -0.188382
      2 C                     0.188181
      3 H                     0.000100
      4 H                     0.000102
  ----------------------------------------
  Sum of atomic charges =     0.000000

 -----------------------------------------------------------------
                    Cartesian Multipole Moments
 -----------------------------------------------------------------
    Charge (ESU x 10^10)
                 0.0000
    Dipole Moment (Debye)
         X      -2.0875      Y      -0.0843      Z      -0.4033
       Tot       2.1278
    Quadrupole Moments (Debye-Ang)
        XX     -20.9014     XY      -1.3678     YY     -11.5161
        XZ      -8.2729     YZ      -0.4240     ZZ     -14.2780
    Octopole Moments (Debye-Ang^2)
       XXX    -105.6677    XXY     -12.0560    XYY     -25.1743
       YYY     -18.5420    XXZ     -75.3950    XYZ      -4.7898
       YYZ     -40.1756    XZZ     -56.7706    YZZ      -8.0052
       ZZZ    -134.6604
    Hexadecapole Moments (Debye-Ang^3)
      XXXX    -454.3312   XXXY     -60.5692   XXYY     -67.8083
      XYYY     -40.8487   YYYY     -33.6046   XXXZ    -377.8355
      XXYZ     -40.9542   XYYZ     -88.4283   YYYZ     -62.6409
      XXZZ    -333.3032   XYZZ     -30.0415   YYZZ    -147.9891
      XZZZ    -383.4066   YZZZ     -69.8855   ZZZZ    -920.2407
 -----------------------------------------------------------------
 Eng[5,1] = -1.14505576e+02
 points done 26/42
 CoordNormalMode -5 , -2 , 0
 ----------------------------------------------------------------
             Standard Nuclear Orientation (Angstroms)
    I     Atom           X                Y                Z
 ----------------------------------------------------------------
    1      O       2.8412926166     0.5679545424     3.6306391907
    2      C       1.6655846542     0.5234563141     3.3895003834
    3      H       1.1276164843     1.1488028987     2.5731557215
    4      H       0.9768723098    -0.1856847206     3.9951893025
 ----------------------------------------------------------------
 Nuclear Repulsion Energy =          30.98574752 hartrees
 There are        8 alpha and        8 beta electrons

                       Distance Matrix (Angstroms)
             O (  1)   C (  2)   H (  3)
   C (  2)  1.201007
   H (  3)  2.095791  1.160554
   H (  4)  2.043754  1.159338  1.955955

 Requested basis set is cc-pVDZ
 There are 18 shells and 38 basis functions
 A cutoff of  1.0D-14 yielded    171 shell pairs
 There are       779 function pairs (       868 Cartesian)
 Smallest overlap matrix eigenvalue = 1.99E-02
 Guess MOs from SCF MO coefficient file

 -----------------------------------------------------------------------
  General SCF calculation program by
  Eric Jon Sundstrom, Paul Horn, Yuezhi Mao, Dmitri Zuev, Alec White,
  David Stuck, Shaama M.S., Shane Yost, Joonho Lee, David Small,
  Daniel Levine, Susi Lehtola, Hugh Burton, Evgeny Epifanovsky,
  Bang C. Huynh
 -----------------------------------------------------------------------
 Exchange:     0.2000 Hartree-Fock + 0.0800 Slater + 0.7200 B88
 Correlation:  0.1900 VWN1RPA + 0.8100 LYP
 Using Euler-Maclaurin-Lebedev (99,590) quadrature formula
Added inc_jk
Added qchem_hcore
Added xc
Added P-dependent contribution
 A restricted SCF calculation will be
 performed using GDM
 SCF converges when RMS gradient is below 1.0e-10
 User-specified cutoff of 10e-14
 used for neglect of 2-electron integrals.
 A cutoff of 10e-14
 used for neglect of overlap integrals.
 Incremental Fock algorithm is on at the start.
 ---------------------------------------
  Cycle       Energy        RMS Gradient
 ---------------------------------------
    1    -114.5035160291      2.31e-02   Normal BFGS step
    2    -114.5053073203      2.37e-02   Normal BFGS step
    3    -114.5049985839      2.86e-02  Line search: overstep
    4    -114.5056543273      4.60e-03   Normal BFGS step
    5    -114.5057041946      1.10e-03   Normal BFGS step
    6    -114.5057085726      4.42e-04   Normal BFGS step
    7    -114.5057096857      8.25e-05   Normal BFGS step
    8    -114.5057097249      1.17e-05   Normal BFGS step
    9    -114.5057097263      2.38e-06   Normal BFGS step
   10    -114.5057097263      7.66e-07   Normal BFGS step
   11    -114.5057097263      9.74e-08   Normal BFGS step
   12    -114.5057097263      5.17e-08   Normal BFGS step
   13    -114.5057097263      5.36e-08   Normal BFGS step
   14    -114.5057097263      7.38e-09   Normal BFGS step
   15    -114.5057097263      2.13e-09   Normal BFGS step
   16    -114.5057097263      2.84e-10   Normal BFGS step
  GDM::WARNING energy changes are now smaller than effective accuracy.
  GDM::        calculation will continue, but THRESH should be increased
  GDM::        or SCF_CONVERGENCE decreased. 
  GDM::        effective_thresh = 6.20e-09
   17    -114.5057097263      1.38e-10   Normal BFGS step
   18    -114.5057097263      5.06e-11  Convergence criterion met
 ---------------------------------------
 SCF time:   CPU 8.75s  wall 1.00s 
 SCF   energy =  -114.50570973
 Total energy =  -114.50570973
 Integrated density by DFT XC:
   Number of electrons = 16
   Numerical integral  =    16.000000036911
   Relative error      =     0.0000002307 %

 --------------------------------------------------------------

                    Orbital Energies (a.u.)
 --------------------------------------------------------------

 Alpha MOs
 -- Occupied --
-19.1633 -10.2969  -1.0674  -0.6233  -0.4861  -0.4518  -0.4036  -0.2677
 -- Virtual --
 -0.0439   0.0561   0.1281   0.2082   0.4485   0.4502   0.5285   0.5766
  0.6353   0.7505   0.8685   0.9230   0.9768   1.0508   1.1638   1.3806
  1.4102   1.5160   1.6301   1.6488   1.6856   1.7000   2.1739   2.2511
  2.3582   2.6635   2.7634   3.0331   3.3046   3.4211
 --------------------------------------------------------------

          Ground-State Mulliken Net Atomic Charges

     Atom                 Charge (a.u.)
  ----------------------------------------
      1 O                    -0.169650
      2 C                     0.138997
      3 H                     0.018201
      4 H                     0.012453
  ----------------------------------------
  Sum of atomic charges =     0.000000

 -----------------------------------------------------------------
                    Cartesian Multipole Moments
 -----------------------------------------------------------------
    Charge (ESU x 10^10)
                 0.0000
    Dipole Moment (Debye)
         X      -1.9577      Y      -0.0609      Z      -0.4159
       Tot       2.0023
    Quadrupole Moments (Debye-Ang)
        XX     -20.5285     XY      -1.2822     YY     -11.6340
        XZ      -7.7774     YZ      -0.3783     ZZ     -14.4733
    Octopole Moments (Debye-Ang^2)
       XXX    -104.3537    XXY     -11.8326    XYY     -25.2470
       YYY     -18.7069    XXZ     -73.9039    XYZ      -4.4817
       YYZ     -40.5469    XZZ     -54.9840    YZZ      -7.9797
       ZZZ    -136.1778
    Hexadecapole Moments (Debye-Ang^3)
      XXXX    -449.9182   XXXY     -59.8129   XXYY     -67.9433
      XYYY     -40.9331   YYYY     -34.8651   XXXZ    -372.8219
      XXYZ     -39.9612   XYYZ     -88.6290   YYYZ     -62.6862
      XXZZ    -327.7021   XYZZ     -28.9578   YYZZ    -149.5026
      XZZZ    -377.2522   YZZZ     -69.8595   ZZZZ    -930.6394
 -----------------------------------------------------------------
 Eng[-5,-2] = -1.14505710e+02
 points done 27/42
 CoordNormalMode 5 , 2 , 0
 ----------------------------------------------------------------
             Standard Nuclear Orientation (Angstroms)
    I     Atom           X                Y                Z
 ----------------------------------------------------------------
    1      O       2.8421322493     0.5737500135     3.6245052958
    2      C       1.6577662305     0.5123967326     3.3996815971
    3      H       1.2276998260     1.1275355824     2.6210181452
    4      H       0.9565556294    -0.1247113632     3.9234503639
 ----------------------------------------------------------------
 Nuclear Repulsion Energy =          31.42197804 hartrees
 There are        8 alpha and        8 beta electrons

                       Distance Matrix (Angstroms)
             O (  1)   C (  2)   H (  3)
   C (  2)  1.207076
   H (  3)  1.979913  1.081513
   H (  4)  2.032884  1.082560  1.827012

 Requested basis set is cc-pVDZ
 There are 18 shells and 38 basis functions
 A cutoff of  1.0D-14 yielded    171 shell pairs
 There are       779 function pairs (       868 Cartesian)
 Smallest overlap matrix eigenvalue = 1.88E-02
 Guess MOs from SCF MO coefficient file

 -----------------------------------------------------------------------
  General SCF calculation program by
  Eric Jon Sundstrom, Paul Horn, Yuezhi Mao, Dmitri Zuev, Alec White,
  David Stuck, Shaama M.S., Shane Yost, Joonho Lee, David Small,
  Daniel Levine, Susi Lehtola, Hugh Burton, Evgeny Epifanovsky,
  Bang C. Huynh
 -----------------------------------------------------------------------
 Exchange:     0.2000 Hartree-Fock + 0.0800 Slater + 0.7200 B88
 Correlation:  0.1900 VWN1RPA + 0.8100 LYP
 Using Euler-Maclaurin-Lebedev (99,590) quadrature formula
Added inc_jk
Added qchem_hcore
Added xc
Added P-dependent contribution
 A restricted SCF calculation will be
 performed using GDM
 SCF converges when RMS gradient is below 1.0e-10
 User-specified cutoff of 10e-14
 used for neglect of 2-electron integrals.
 A cutoff of 10e-14
 used for neglect of overlap integrals.
 Incremental Fock algorithm is on at the start.
 ---------------------------------------
  Cycle       Energy        RMS Gradient
 ---------------------------------------
    1    -114.5030400281      2.29e-02   Normal BFGS step
    2    -114.5049149375      2.98e-02   Normal BFGS step
    3    -114.5047712976      2.88e-02  Line search: overstep
    4    -114.5054438052      4.11e-03   Normal BFGS step
    5    -114.5055157577      1.52e-03   Normal BFGS step
    6    -114.5055257599      4.84e-04   Normal BFGS step
    7    -114.5055270729      1.16e-04   Normal BFGS step
    8    -114.5055271570      1.19e-05   Normal BFGS step
    9    -114.5055271583      2.83e-06   Normal BFGS step
   10    -114.5055271583      2.54e-07   Normal BFGS step
   11    -114.5055271583      5.91e-08   Normal BFGS step
   12    -114.5055271583      2.66e-08   Normal BFGS step
   13    -114.5055271583      3.87e-08   Normal BFGS step
   14    -114.5055271583      3.35e-09   Normal BFGS step
   15    -114.5055271583      9.43e-10   Normal BFGS step
   16    -114.5055271583      2.97e-10   Normal BFGS step
  GDM::WARNING energy changes are now smaller than effective accuracy.
  GDM::        calculation will continue, but THRESH should be increased
  GDM::        or SCF_CONVERGENCE decreased. 
  GDM::        effective_thresh = 1.06e-08
   17    -114.5055271583      1.43e-10   Normal BFGS step
   18    -114.5055271583      5.70e-12  Convergence criterion met
 ---------------------------------------
 SCF time:   CPU 8.79s  wall 2.00s 
 SCF   energy =  -114.50552716
 Total energy =  -114.50552716
 Integrated density by DFT XC:
   Number of electrons = 16
   Numerical integral  =    16.000000017908
   Relative error      =     0.0000001119 %

 --------------------------------------------------------------

                    Orbital Energies (a.u.)
 --------------------------------------------------------------

 Alpha MOs
 -- Occupied --
-19.1574 -10.2827  -1.0600  -0.6429  -0.4981  -0.4487  -0.3982  -0.2661
 -- Virtual --
 -0.0445   0.0730   0.1371   0.2086   0.4509   0.4760   0.5415   0.6011
  0.6316   0.7686   0.8747   0.9300   0.9810   1.0549   1.1658   1.4303
  1.4577   1.5367   1.6894   1.6940   1.6958   1.7476   2.3038   2.3655
  2.4294   2.6778   2.8168   3.0354   3.3465   3.4215
 --------------------------------------------------------------

          Ground-State Mulliken Net Atomic Charges

     Atom                 Charge (a.u.)
  ----------------------------------------
      1 O                    -0.188655
      2 C                     0.188577
      3 H                    -0.002444
      4 H                     0.002522
  ----------------------------------------
  Sum of atomic charges =     0.000000

 -----------------------------------------------------------------
                    Cartesian Multipole Moments
 -----------------------------------------------------------------
    Charge (ESU x 10^10)
                 0.0000
    Dipole Moment (Debye)
         X      -2.0920      Y      -0.1183      Z      -0.3863
       Tot       2.1307
    Quadrupole Moments (Debye-Ang)
        XX     -20.9089     XY      -1.3727     YY     -11.5470
        XZ      -8.2889     YZ      -0.5242     ZZ     -14.1744
    Octopole Moments (Debye-Ang^2)
       XXX    -105.6895    XXY     -12.0116    XYY     -25.1785
       YYY     -18.5793    XXZ     -75.4447    XYZ      -4.8105
       YYZ     -40.2415    XZZ     -56.8391    YZZ      -8.2697
       ZZZ    -134.1800
    Hexadecapole Moments (Debye-Ang^3)
      XXXX    -454.4388   XXXY     -60.5678   XXYY     -67.7725
      XYYY     -41.0016   YYYY     -33.6687   XXXZ    -377.9308
      XXYZ     -40.8413   XYYZ     -88.3997   YYYZ     -62.7375
      XXZZ    -333.5877   XYZZ     -30.1372   YYZZ    -148.0533
      XZZZ    -383.6274   YZZZ     -70.4648   ZZZZ    -918.1495
 -----------------------------------------------------------------
 Eng[5,2] = -1.14505527e+02
 points done 28/42
 CoordNormalMode -5 , -3 , 0
 ----------------------------------------------------------------
             Standard Nuclear Orientation (Angstroms)
    I     Atom           X                Y                Z
 ----------------------------------------------------------------
    1      O       2.8458489325     0.5710371726     3.6283891771
    2      C       1.6645663465     0.5180578812     3.3951617434
    3      H       1.1291211064     1.1451335516     2.5775011370
    4      H       0.9151807805    -0.1666607971     3.9591445378
 ----------------------------------------------------------------
 Nuclear Repulsion Energy =          30.86436094 hartrees
 There are        8 alpha and        8 beta electrons

                       Distance Matrix (Angstroms)
             O (  1)   C (  2)   H (  3)
   C (  2)  1.205251
   H (  3)  2.093109  1.161247
   H (  4)  2.093102  1.161247  1.917163

 Requested basis set is cc-pVDZ
 There are 18 shells and 38 basis functions
 A cutoff of  1.0D-14 yielded    171 shell pairs
 There are       779 function pairs (       868 Cartesian)
 Smallest overlap matrix eigenvalue = 2.04E-02
 Guess MOs from SCF MO coefficient file

 -----------------------------------------------------------------------
  General SCF calculation program by
  Eric Jon Sundstrom, Paul Horn, Yuezhi Mao, Dmitri Zuev, Alec White,
  David Stuck, Shaama M.S., Shane Yost, Joonho Lee, David Small,
  Daniel Levine, Susi Lehtola, Hugh Burton, Evgeny Epifanovsky,
  Bang C. Huynh
 -----------------------------------------------------------------------
 Exchange:     0.2000 Hartree-Fock + 0.0800 Slater + 0.7200 B88
 Correlation:  0.1900 VWN1RPA + 0.8100 LYP
 Using Euler-Maclaurin-Lebedev (99,590) quadrature formula
Added inc_jk
Added qchem_hcore
Added xc
Added P-dependent contribution
 A restricted SCF calculation will be
 performed using GDM
 SCF converges when RMS gradient is below 1.0e-10
 User-specified cutoff of 10e-14
 used for neglect of 2-electron integrals.
 A cutoff of 10e-14
 used for neglect of overlap integrals.
 Incremental Fock algorithm is on at the start.
 ---------------------------------------
  Cycle       Energy        RMS Gradient
 ---------------------------------------
    1    -114.5034184301      2.15e-02   Normal BFGS step
    2    -114.5050753888      2.85e-02   Normal BFGS step
    3    -114.5049108988      2.76e-02  Line search: overstep
    4    -114.5055693524      4.14e-03   Normal BFGS step
    5    -114.5056369253      1.62e-03   Normal BFGS step
    6    -114.5056468523      5.43e-04   Normal BFGS step
    7    -114.5056484323      1.53e-04   Normal BFGS step
    8    -114.5056485330      1.32e-05   Normal BFGS step
    9    -114.5056485346      2.65e-06   Normal BFGS step
   10    -114.5056485346      2.81e-07   Normal BFGS step
   11    -114.5056485346      7.05e-08   Normal BFGS step
   12    -114.5056485346      2.51e-08   Normal BFGS step
   13    -114.5056485346      3.51e-08   Normal BFGS step
   14    -114.5056485346      4.83e-09   Normal BFGS step
   15    -114.5056485346      1.19e-09   Normal BFGS step
   16    -114.5056485346      3.92e-10   Normal BFGS step
   17    -114.5056485346      2.15e-10   Normal BFGS step
  GDM::WARNING energy changes are now smaller than effective accuracy.
  GDM::        calculation will continue, but THRESH should be increased
  GDM::        or SCF_CONVERGENCE decreased. 
  GDM::        effective_thresh = 9.87e-09
   18    -114.5056485346      1.76e-11  Convergence criterion met
 ---------------------------------------
 SCF time:   CPU 8.70s  wall 1.00s 
 SCF   energy =  -114.50564853
 Total energy =  -114.50564853
 Integrated density by DFT XC:
   Number of electrons = 16
   Numerical integral  =    16.000000033136
   Relative error      =     0.0000002071 %

 --------------------------------------------------------------

                    Orbital Energies (a.u.)
 --------------------------------------------------------------

 Alpha MOs
 -- Occupied --
-19.1658 -10.2987  -1.0662  -0.6264  -0.4816  -0.4542  -0.4033  -0.2690
 -- Virtual --
 -0.0461   0.0558   0.1289   0.2056   0.4482   0.4629   0.5129   0.5745
  0.6293   0.7506   0.8680   0.9274   0.9741   1.0495   1.1555   1.3788
  1.4382   1.4995   1.5988   1.6654   1.6827   1.6846   2.1928   2.2566
  2.3590   2.6594   2.7465   3.0315   3.3057   3.4140
 --------------------------------------------------------------

          Ground-State Mulliken Net Atomic Charges

     Atom                 Charge (a.u.)
  ----------------------------------------
      1 O                    -0.170502
      2 C                     0.141819
      3 H                     0.014342
      4 H                     0.014341
  ----------------------------------------
  Sum of atomic charges =     0.000000

 -----------------------------------------------------------------
                    Cartesian Multipole Moments
 -----------------------------------------------------------------
    Charge (ESU x 10^10)
                -0.0000
    Dipole Moment (Debye)
         X      -1.9816      Y      -0.0889      Z      -0.3912
       Tot       2.0218
    Quadrupole Moments (Debye-Ang)
        XX     -20.5268     XY      -1.3033     YY     -11.7164
        XZ      -7.8377     YZ      -0.3980     ZZ     -14.3841
    Octopole Moments (Debye-Ang^2)
       XXX    -104.1179    XXY     -11.8209    XYY     -25.3219
       YYY     -18.8298    XXZ     -73.8593    XYZ      -4.4530
       YYZ     -40.7533    XZZ     -55.2046    YZZ      -7.8296
       ZZZ    -136.0786
    Hexadecapole Moments (Debye-Ang^3)
      XXXX    -449.3891   XXXY     -59.7359   XXYY     -68.0708
      XYYY     -41.1824   YYYY     -34.9536   XXXZ    -371.8892
      XXYZ     -39.8081   XYYZ     -88.7668   YYYZ     -63.0820
      XXZZ    -327.5912   XYZZ     -28.6055   YYZZ    -149.9730
      XZZZ    -378.2371   YZZZ     -68.7507   ZZZZ    -931.4666
 -----------------------------------------------------------------
 Eng[-5,-3] = -1.14505649e+02
 points done 29/42
 CoordNormalMode 5 , 3 , 0
 ----------------------------------------------------------------
             Standard Nuclear Orientation (Angstroms)
    I     Atom           X                Y                Z
 ----------------------------------------------------------------
    1      O       2.8375759334     0.5706673834     3.6267553094
    2      C       1.6587845382     0.5177951655     3.3940202371
    3      H       1.2261952039     1.1312049295     2.6166727297
    4      H       1.0182471586    -0.1437352867     3.9594951286
 ----------------------------------------------------------------
 Nuclear Repulsion Energy =          31.55033539 hartrees
 There are        8 alpha and        8 beta electrons

                       Distance Matrix (Angstroms)
             O (  1)   C (  2)   H (  3)
   C (  2)  1.202710
   H (  3)  1.982679  1.080590
   H (  4)  1.982686  1.080589  1.863300

 Requested basis set is cc-pVDZ
 There are 18 shells and 38 basis functions
 A cutoff of  1.0D-14 yielded    171 shell pairs
 There are       779 function pairs (       868 Cartesian)
 Smallest overlap matrix eigenvalue = 1.84E-02
 Guess MOs from SCF MO coefficient file

 -----------------------------------------------------------------------
  General SCF calculation program by
  Eric Jon Sundstrom, Paul Horn, Yuezhi Mao, Dmitri Zuev, Alec White,
  David Stuck, Shaama M.S., Shane Yost, Joonho Lee, David Small,
  Daniel Levine, Susi Lehtola, Hugh Burton, Evgeny Epifanovsky,
  Bang C. Huynh
 -----------------------------------------------------------------------
 Exchange:     0.2000 Hartree-Fock + 0.0800 Slater + 0.7200 B88
 Correlation:  0.1900 VWN1RPA + 0.8100 LYP
 Using Euler-Maclaurin-Lebedev (99,590) quadrature formula
Added inc_jk
Added qchem_hcore
Added xc
Added P-dependent contribution
 A restricted SCF calculation will be
 performed using GDM
 SCF converges when RMS gradient is below 1.0e-10
 User-specified cutoff of 10e-14
 used for neglect of 2-electron integrals.
 A cutoff of 10e-14
 used for neglect of overlap integrals.
 Incremental Fock algorithm is on at the start.
 ---------------------------------------
  Cycle       Energy        RMS Gradient
 ---------------------------------------
    1    -114.5029588651      2.21e-02   Normal BFGS step
    2    -114.5044078390      3.81e-02   Normal BFGS step
    3    -114.5048153460      2.31e-02   Normal BFGS step
    4    -114.5053957896      2.80e-03   Normal BFGS step
    5    -114.5054191211      1.59e-03   Normal BFGS step
    6    -114.5054294386      1.71e-04   Normal BFGS step
    7    -114.5054295414      4.15e-05   Normal BFGS step
    8    -114.5054295484      2.67e-06   Normal BFGS step
    9    -114.5054295484      5.74e-07   Normal BFGS step
   10    -114.5054295484      3.32e-08   Normal BFGS step
   11    -114.5054295484      3.10e-08   Normal BFGS step
   12    -114.5054295484      8.32e-09   Normal BFGS step
   13    -114.5054295484      2.20e-09   Normal BFGS step
   14    -114.5054295484      4.58e-10   Normal BFGS step
   15    -114.5054295484      1.28e-10   Normal BFGS step
  GDM::WARNING energy changes are now smaller than effective accuracy.
  GDM::        calculation will continue, but THRESH should be increased
  GDM::        or SCF_CONVERGENCE decreased. 
  GDM::        effective_thresh = 3.07e-09
   16    -114.5054295484      6.84e-11  Convergence criterion met
 ---------------------------------------
 SCF time:   CPU 7.95s  wall 1.00s 
 SCF   energy =  -114.50542955
 Total energy =  -114.50542955
 Integrated density by DFT XC:
   Number of electrons = 16
   Numerical integral  =    16.000000023076
   Relative error      =     0.0000001442 %

 --------------------------------------------------------------

                    Orbital Energies (a.u.)
 --------------------------------------------------------------

 Alpha MOs
 -- Occupied --
-19.1547 -10.2808  -1.0613  -0.6390  -0.5034  -0.4462  -0.3985  -0.2647
 -- Virtual --
 -0.0422   0.0733   0.1363   0.2105   0.4511   0.4624   0.5609   0.6065
  0.6343   0.7700   0.8749   0.9256   0.9836   1.0567   1.1753   1.4258
  1.4308   1.5738   1.6743   1.6934   1.7098   1.7657   2.2679   2.3674
  2.4318   2.6836   2.8474   3.0353   3.3480   3.4279
 --------------------------------------------------------------

          Ground-State Mulliken Net Atomic Charges

     Atom                 Charge (a.u.)
  ----------------------------------------
      1 O                    -0.188297
      2 C                     0.187370
      3 H                     0.000463
      4 H                     0.000464
  ----------------------------------------
  Sum of atomic charges =     0.000000

 -----------------------------------------------------------------
                    Cartesian Multipole Moments
 -----------------------------------------------------------------
    Charge (ESU x 10^10)
                 0.0000
    Dipole Moment (Debye)
         X      -2.0672      Y      -0.0927      Z      -0.4081
       Tot       2.1092
    Quadrupole Moments (Debye-Ang)
        XX     -20.9081     XY      -1.3525     YY     -11.4662
        XZ      -8.2242     YZ      -0.5102     ZZ     -14.2455
    Octopole Moments (Debye-Ang^2)
       XXX    -105.9205    XXY     -12.0273    XYY     -25.0987
       YYY     -18.4610    XXZ     -75.4775    XYZ      -4.8422
       YYZ     -40.0381    XZZ     -56.5926    YZZ      -8.4326
       ZZZ    -134.1833
    Hexadecapole Moments (Debye-Ang^3)
      XXXX    -454.9941   XXXY     -60.6693   XXYY     -67.6358
      XYYY     -40.7561   YYYY     -33.5693   XXXZ    -378.8312
      XXYZ     -41.0152   XYYZ     -88.2445   YYYZ     -62.3624
      XXZZ    -333.6298   XYZZ     -30.4998   YYZZ    -147.5801
      XZZZ    -382.4846   YZZZ     -71.6016   ZZZZ    -916.8082
 -----------------------------------------------------------------
 Eng[5,3] = -1.14505430e+02
 points done 30/42
 CoordNormalMode -5 , -4 , 0
 ----------------------------------------------------------------
             Standard Nuclear Orientation (Angstroms)
    I     Atom           X                Y                Z
 ----------------------------------------------------------------
    1      O       2.8636818226     0.5718379072     3.6319096993
    2      C       1.6338397017     0.5166773112     3.3890951548
    3      H       1.1752669154     1.1759466209     2.5551935954
    4      H       0.9518706338    -0.1937439105     3.9978126033
 ----------------------------------------------------------------
 Nuclear Repulsion Energy =          30.04002915 hartrees
 There are        8 alpha and        8 beta electrons

                       Distance Matrix (Angstroms)
             O (  1)   C (  2)   H (  3)
   C (  2)  1.254796
   H (  3)  2.091652  1.157721
   H (  4)  2.091655  1.157721  2.001776

 Requested basis set is cc-pVDZ
 There are 18 shells and 38 basis functions
 A cutoff of  1.0D-14 yielded    171 shell pairs
 There are       779 function pairs (       868 Cartesian)
 Smallest overlap matrix eigenvalue = 2.09E-02
 Guess MOs from SCF MO coefficient file

 -----------------------------------------------------------------------
  General SCF calculation program by
  Eric Jon Sundstrom, Paul Horn, Yuezhi Mao, Dmitri Zuev, Alec White,
  David Stuck, Shaama M.S., Shane Yost, Joonho Lee, David Small,
  Daniel Levine, Susi Lehtola, Hugh Burton, Evgeny Epifanovsky,
  Bang C. Huynh
 -----------------------------------------------------------------------
 Exchange:     0.2000 Hartree-Fock + 0.0800 Slater + 0.7200 B88
 Correlation:  0.1900 VWN1RPA + 0.8100 LYP
 Using Euler-Maclaurin-Lebedev (99,590) quadrature formula
Added inc_jk
Added qchem_hcore
Added xc
Added P-dependent contribution
 A restricted SCF calculation will be
 performed using GDM
 SCF converges when RMS gradient is below 1.0e-10
 User-specified cutoff of 10e-14
 used for neglect of 2-electron integrals.
 A cutoff of 10e-14
 used for neglect of overlap integrals.
 Incremental Fock algorithm is on at the start.
 ---------------------------------------
  Cycle       Energy        RMS Gradient
 ---------------------------------------
    1    -114.4987020855      2.56e-02   Normal BFGS step
    2    -114.5013971600      1.15e-02   Normal BFGS step
    3    -114.5015114470      1.69e-02   Normal BFGS step
    4    -114.5016514840      8.74e-03   Normal BFGS step
    5    -114.5017095374      2.61e-03   Normal BFGS step
    6    -114.5017402839      5.28e-04   Normal BFGS step
    7    -114.5017407843      6.80e-05   Normal BFGS step
    8    -114.5017407969      5.81e-06   Normal BFGS step
    9    -114.5017407969      1.66e-06   Normal BFGS step
   10    -114.5017407970      3.59e-08   Normal BFGS step
   11    -114.5017407970      8.95e-09   Normal BFGS step
   12    -114.5017407970      6.98e-10   Normal BFGS step
   13    -114.5017407970      4.51e-10   Normal BFGS step
   14    -114.5017407970      2.44e-11  Convergence criterion met
 ---------------------------------------
 SCF time:   CPU 6.92s  wall 1.00s 
 SCF   energy =  -114.50174080
 Total energy =  -114.50174080
 Integrated density by DFT XC:
   Number of electrons = 16
   Numerical integral  =    15.999999997839
   Relative error      =     0.0000000135 %

 --------------------------------------------------------------

                    Orbital Energies (a.u.)
 --------------------------------------------------------------

 Alpha MOs
 -- Occupied --
-19.1622 -10.3012  -1.0369  -0.6277  -0.4829  -0.4396  -0.3851  -0.2685
 -- Virtual --
 -0.0569   0.0528   0.1220   0.2005   0.4322   0.4520   0.5345   0.5771
  0.5868   0.7521   0.8808   0.9170   0.9766   1.0565   1.1609   1.3710
  1.3849   1.5125   1.6165   1.6264   1.6880   1.7260   2.1175   2.2320
  2.3476   2.6565   2.7531   2.9831   3.2362   3.3485
 --------------------------------------------------------------

          Ground-State Mulliken Net Atomic Charges

     Atom                 Charge (a.u.)
  ----------------------------------------
      1 O                    -0.211405
      2 C                     0.141380
      3 H                     0.035012
      4 H                     0.035013
  ----------------------------------------
  Sum of atomic charges =     0.000000

 -----------------------------------------------------------------
                    Cartesian Multipole Moments
 -----------------------------------------------------------------
    Charge (ESU x 10^10)
                -0.0000
    Dipole Moment (Debye)
         X      -2.1860      Y      -0.0980      Z      -0.4316
       Tot       2.2304
    Quadrupole Moments (Debye-Ang)
        XX     -21.4560     XY      -1.3937     YY     -11.6290
        XZ      -8.6627     YZ      -0.6867     ZZ     -14.5415
    Octopole Moments (Debye-Ang^2)
       XXX    -107.4651    XXY     -12.2718    XYY     -25.4343
       YYY     -18.7179    XXZ     -77.3313    XYZ      -5.1005
       YYZ     -40.7475    XZZ     -58.4960    YZZ      -9.5858
       ZZZ    -136.4325
    Hexadecapole Moments (Debye-Ang^3)
      XXXX    -461.4564   XXXY     -61.5258   XXYY     -69.0300
      XYYY     -41.3584   YYYY     -34.9220   XXXZ    -384.0867
      XXYZ     -41.7569   XYYZ     -89.5812   YYYZ     -63.1352
      XXZZ    -341.1761   XYZZ     -31.8938   YYZZ    -150.7734
      XZZZ    -391.6036   YZZZ     -77.2880   ZZZZ    -931.7543
 -----------------------------------------------------------------
 Eng[-5,-4] = -1.14501741e+02
 points done 31/42
 CoordNormalMode 5 , 4 , 0
 ----------------------------------------------------------------
             Standard Nuclear Orientation (Angstroms)
    I     Atom           X                Y                Z
 ----------------------------------------------------------------
    1      O       2.8197430433     0.5698666487     3.6232347871
    2      C       1.6895111830     0.5191757355     3.4000868257
    3      H       1.1800493949     1.1003918602     2.6389802712
    4      H       0.9815573054    -0.1166521732     3.9208270631
 ----------------------------------------------------------------
 Nuclear Repulsion Energy =          32.44456064 hartrees
 There are        8 alpha and        8 beta electrons

                       Distance Matrix (Angstroms)
             O (  1)   C (  2)   H (  3)
   C (  2)  1.153165
   H (  3)  1.984643  1.084733
   H (  4)  1.984640  1.084733  1.778687

 Requested basis set is cc-pVDZ
 There are 18 shells and 38 basis functions
 A cutoff of  1.0D-14 yielded    171 shell pairs
 There are       779 function pairs (       868 Cartesian)
 Smallest overlap matrix eigenvalue = 1.80E-02
 Guess MOs from SCF MO coefficient file

 -----------------------------------------------------------------------
  General SCF calculation program by
  Eric Jon Sundstrom, Paul Horn, Yuezhi Mao, Dmitri Zuev, Alec White,
  David Stuck, Shaama M.S., Shane Yost, Joonho Lee, David Small,
  Daniel Levine, Susi Lehtola, Hugh Burton, Evgeny Epifanovsky,
  Bang C. Huynh
 -----------------------------------------------------------------------
 Exchange:     0.2000 Hartree-Fock + 0.0800 Slater + 0.7200 B88
 Correlation:  0.1900 VWN1RPA + 0.8100 LYP
 Using Euler-Maclaurin-Lebedev (99,590) quadrature formula
Added inc_jk
Added qchem_hcore
Added xc
Added P-dependent contribution
 A restricted SCF calculation will be
 performed using GDM
 SCF converges when RMS gradient is below 1.0e-10
 User-specified cutoff of 10e-14
 used for neglect of 2-electron integrals.
 A cutoff of 10e-14
 used for neglect of overlap integrals.
 Incremental Fock algorithm is on at the start.
 ---------------------------------------
  Cycle       Energy        RMS Gradient
 ---------------------------------------
    1    -114.4920825573      3.19e-02   Normal BFGS step
    2    -114.4995049086      1.79e-02   Normal BFGS step
    3    -114.5001406101      2.00e-02   Normal BFGS step
    4    -114.5004239083      1.36e-02   Normal BFGS step
    5    -114.5005462596      3.34e-03   Normal BFGS step
    6    -114.5005942675      6.78e-04   Normal BFGS step
    7    -114.5005952350      1.24e-04   Normal BFGS step
    8    -114.5005952574      6.59e-06   Normal BFGS step
    9    -114.5005952576      1.20e-06   Normal BFGS step
   10    -114.5005952576      5.10e-08   Normal BFGS step
   11    -114.5005952576      2.16e-08   Normal BFGS step
   12    -114.5005952576      3.89e-09   Normal BFGS step
   13    -114.5005952576      4.13e-10   Normal BFGS step
   14    -114.5005952576      3.44e-10   Normal BFGS step
   15    -114.5005952576      1.53e-10   Normal BFGS step
  GDM::WARNING energy changes are now smaller than effective accuracy.
  GDM::        calculation will continue, but THRESH should be increased
  GDM::        or SCF_CONVERGENCE decreased. 
  GDM::        effective_thresh = 1.06e-09
   16    -114.5005952576      1.10e-11  Convergence criterion met
 ---------------------------------------
 SCF time:   CPU 7.95s  wall 2.00s 
 SCF   energy =  -114.50059526
 Total energy =  -114.50059526
 Integrated density by DFT XC:
   Number of electrons = 16
   Numerical integral  =    15.999999985391
   Relative error      =     0.0000000913 %

 --------------------------------------------------------------

                    Orbital Energies (a.u.)
 --------------------------------------------------------------

 Alpha MOs
 -- Occupied --
-19.1579 -10.2781  -1.0920  -0.6393  -0.5014  -0.4609  -0.4181  -0.2640
 -- Virtual --
 -0.0302   0.0749   0.1450   0.2132   0.4471   0.5000   0.5302   0.5962
  0.6897   0.7665   0.8662   0.9368   0.9784   1.0509   1.1725   1.4260
  1.5028   1.5564   1.6859   1.6888   1.7175   1.7322   2.3314   2.3921
  2.4846   2.6889   2.8328   3.0890   3.4116   3.4942
 --------------------------------------------------------------

          Ground-State Mulliken Net Atomic Charges

     Atom                 Charge (a.u.)
  ----------------------------------------
      1 O                    -0.144056
      2 C                     0.186423
      3 H                    -0.021183
      4 H                    -0.021184
  ----------------------------------------
  Sum of atomic charges =     0.000000

 -----------------------------------------------------------------
                    Cartesian Multipole Moments
 -----------------------------------------------------------------
    Charge (ESU x 10^10)
                 0.0000
    Dipole Moment (Debye)
         X      -1.8530      Y      -0.0831      Z      -0.3659
       Tot       1.8906
    Quadrupole Moments (Debye-Ang)
        XX     -19.9378     XY      -1.2547     YY     -11.5384
        XZ      -7.3638     YZ      -0.2280     ZZ     -14.0592
    Octopole Moments (Debye-Ang^2)
       XXX    -102.3943    XXY     -11.5504    XYY     -24.9575
       YYY     -18.5496    XXZ     -71.8537    XYZ      -4.1737
       YYZ     -40.0003    XZZ     -53.1476    YZZ      -6.7136
       ZZZ    -133.6025
    Hexadecapole Moments (Debye-Ang^3)
      XXXX    -442.2341   XXXY     -58.7822   XXYY     -66.6242
      XYYY     -40.5382   YYYY     -33.5803   XXXZ    -365.9704
      XXYZ     -38.9578   XYYZ     -87.3395   YYYZ     -62.2465
      XXZZ    -319.4457   XYZZ     -27.1289   YYZZ    -146.6276
      XZZZ    -368.3952   YZZZ     -63.2155   ZZZZ    -915.1372
 -----------------------------------------------------------------
 Eng[5,4] = -1.14500595e+02
 points done 32/42
 CoordNormalMode -6 , -1 , 0
 ----------------------------------------------------------------
             Standard Nuclear Orientation (Angstroms)
    I     Atom           X                Y                Z
 ----------------------------------------------------------------
    1      O       2.8420972605     0.5691971515     3.6259971329
    2      C       1.6595548774     0.5209989415     3.4046316968
    3      H       1.1679647681     1.1321499718     2.5460039180
    4      H       0.9955489751    -0.1594934275     3.9158484784
 ----------------------------------------------------------------
 Nuclear Repulsion Energy =          31.20233187 hartrees
 There are        8 alpha and        8 beta electrons

                       Distance Matrix (Angstroms)
             O (  1)   C (  2)   H (  3)
   C (  2)  1.204048
   H (  3)  2.070271  1.162931
   H (  4)  2.006177  1.079498  1.890646

 Requested basis set is cc-pVDZ
 There are 18 shells and 38 basis functions
 A cutoff of  1.0D-14 yielded    171 shell pairs
 There are       779 function pairs (       868 Cartesian)
 Smallest overlap matrix eigenvalue = 1.93E-02
 Guess MOs from SCF MO coefficient file

 -----------------------------------------------------------------------
  General SCF calculation program by
  Eric Jon Sundstrom, Paul Horn, Yuezhi Mao, Dmitri Zuev, Alec White,
  David Stuck, Shaama M.S., Shane Yost, Joonho Lee, David Small,
  Daniel Levine, Susi Lehtola, Hugh Burton, Evgeny Epifanovsky,
  Bang C. Huynh
 -----------------------------------------------------------------------
 Exchange:     0.2000 Hartree-Fock + 0.0800 Slater + 0.7200 B88
 Correlation:  0.1900 VWN1RPA + 0.8100 LYP
 Using Euler-Maclaurin-Lebedev (99,590) quadrature formula
Added inc_jk
Added qchem_hcore
Added xc
Added P-dependent contribution
 A restricted SCF calculation will be
 performed using GDM
 SCF converges when RMS gradient is below 1.0e-10
 User-specified cutoff of 10e-14
 used for neglect of 2-electron integrals.
 A cutoff of 10e-14
 used for neglect of overlap integrals.
 Incremental Fock algorithm is on at the start.
 ---------------------------------------
  Cycle       Energy        RMS Gradient
 ---------------------------------------
    1    -114.5023761017      1.60e-02   Normal BFGS step
    2    -114.5051751094      9.29e-03   Normal BFGS step
    3    -114.5052022025      1.81e-02   Normal BFGS step
    4    -114.5054206620      6.45e-03   Normal BFGS step
    5    -114.5054481359      2.39e-03   Normal BFGS step
    6    -114.5054732801      3.22e-04   Normal BFGS step
    7    -114.5054734565      5.22e-05   Normal BFGS step
    8    -114.5054734691      8.44e-06   Normal BFGS step
    9    -114.5054734692      2.18e-06   Normal BFGS step
   10    -114.5054734693      1.18e-07   Normal BFGS step
   11    -114.5054734693      3.87e-08   Normal BFGS step
   12    -114.5054734693      7.63e-09   Normal BFGS step
   13    -114.5054734693      4.49e-09   Normal BFGS step
   14    -114.5054734693      4.27e-10   Normal BFGS step
   15    -114.5054734693      2.70e-10   Normal BFGS step
  GDM::WARNING energy changes are now smaller than effective accuracy.
  GDM::        calculation will continue, but THRESH should be increased
  GDM::        or SCF_CONVERGENCE decreased. 
  GDM::        effective_thresh = 3.80e-09
   16    -114.5054734693      3.38e-11  Convergence criterion met
 ---------------------------------------
 SCF time:   CPU 7.87s  wall 1.00s 
 SCF   energy =  -114.50547347
 Total energy =  -114.50547347
 Integrated density by DFT XC:
   Number of electrons = 16
   Numerical integral  =    16.000000035598
   Relative error      =     0.0000002225 %

 --------------------------------------------------------------

                    Orbital Energies (a.u.)
 --------------------------------------------------------------

 Alpha MOs
 -- Occupied --
-19.1607 -10.2900  -1.0639  -0.6342  -0.4913  -0.4504  -0.4010  -0.2671
 -- Virtual --
 -0.0448   0.0647   0.1330   0.2082   0.4496   0.4626   0.5360   0.5879
  0.6326   0.7605   0.8715   0.9268   0.9784   1.0534   1.1634   1.3953
  1.4421   1.5320   1.6495   1.6682   1.6900   1.7335   2.2030   2.3401
  2.3957   2.6716   2.7886   3.0349   3.3237   3.4210
 --------------------------------------------------------------

          Ground-State Mulliken Net Atomic Charges

     Atom                 Charge (a.u.)
  ----------------------------------------
      1 O                    -0.178665
      2 C                     0.163840
      3 H                     0.006220
      4 H                     0.008605
  ----------------------------------------
  Sum of atomic charges =     0.000000

 -----------------------------------------------------------------
                    Cartesian Multipole Moments
 -----------------------------------------------------------------
    Charge (ESU x 10^10)
                -0.0000
    Dipole Moment (Debye)
         X      -2.0291      Y      -0.1777      Z      -0.3236
       Tot       2.0624
    Quadrupole Moments (Debye-Ang)
        XX     -20.7285     XY      -1.4224     YY     -11.6785
        XZ      -7.9478     YZ      -0.6954     ZZ     -13.8126
    Octopole Moments (Debye-Ang^2)
       XXX    -105.0572    XXY     -12.0897    XYY     -25.3229
       YYY     -18.9974    XXZ     -74.4908    XYZ      -4.9043
       YYZ     -40.5283    XZZ     -55.3229    YZZ      -8.8345
       ZZZ    -132.3492
    Hexadecapole Moments (Debye-Ang^3)
      XXXX    -452.1199   XXXY     -60.4490   XXYY     -68.0393
      XYYY     -41.3147   YYYY     -34.8530   XXXZ    -375.1810
      XXYZ     -40.8338   XYYZ     -88.7378   YYYZ     -63.6599
      XXZZ    -329.3993   XYZZ     -30.2815   YYZZ    -148.7869
      XZZZ    -377.3212   YZZZ     -72.2266   ZZZZ    -909.4462
 -----------------------------------------------------------------
 Eng[-6,-1] = -1.14505473e+02
 points done 33/42
 CoordNormalMode 6 , 1 , 0
 ----------------------------------------------------------------
             Standard Nuclear Orientation (Angstroms)
    I     Atom           X                Y                Z
 ----------------------------------------------------------------
    1      O       2.8413276054     0.5725074045     3.6291473536
    2      C       1.6637960073     0.5148541052     3.3845502837
    3      H       1.1873515422     1.1441885093     2.6481699487
    4      H       0.9378789640    -0.1509026563     4.0027911880
 ----------------------------------------------------------------
 Nuclear Repulsion Energy =          31.20231666 hartrees
 There are        8 alpha and        8 beta electrons

                       Distance Matrix (Angstroms)
             O (  1)   C (  2)   H (  3)
   C (  2)  1.204048
   H (  3)  2.006184  1.079499
   H (  4)  2.070277  1.162931  1.890634

 Requested basis set is cc-pVDZ
 There are 18 shells and 38 basis functions
 A cutoff of  1.0D-14 yielded    171 shell pairs
 There are       779 function pairs (       868 Cartesian)
 Smallest overlap matrix eigenvalue = 1.93E-02
 Guess MOs from SCF MO coefficient file

 -----------------------------------------------------------------------
  General SCF calculation program by
  Eric Jon Sundstrom, Paul Horn, Yuezhi Mao, Dmitri Zuev, Alec White,
  David Stuck, Shaama M.S., Shane Yost, Joonho Lee, David Small,
  Daniel Levine, Susi Lehtola, Hugh Burton, Evgeny Epifanovsky,
  Bang C. Huynh
 -----------------------------------------------------------------------
 Exchange:     0.2000 Hartree-Fock + 0.0800 Slater + 0.7200 B88
 Correlation:  0.1900 VWN1RPA + 0.8100 LYP
 Using Euler-Maclaurin-Lebedev (99,590) quadrature formula
Added inc_jk
Added qchem_hcore
Added xc
Added P-dependent contribution
 A restricted SCF calculation will be
 performed using GDM
 SCF converges when RMS gradient is below 1.0e-10
 User-specified cutoff of 10e-14
 used for neglect of 2-electron integrals.
 A cutoff of 10e-14
 used for neglect of overlap integrals.
 Incremental Fock algorithm is on at the start.
 ---------------------------------------
  Cycle       Energy        RMS Gradient
 ---------------------------------------
    1    -114.5024526955      2.24e-02   Normal BFGS step
    2    -114.5054020634      3.85e-03   Normal BFGS step
    3    -114.5054264689      8.12e-03   Normal BFGS step
    4    -114.5054554021      3.85e-03   Normal BFGS step
    5    -114.5054711566      6.54e-04   Normal BFGS step
    6    -114.5054734104      2.18e-04   Normal BFGS step
    7    -114.5054734929      6.83e-05   Normal BFGS step
    8    -114.5054735176      2.29e-05   Normal BFGS step
    9    -114.5054735184      4.53e-06   Normal BFGS step
   10    -114.5054735184      4.42e-07   Normal BFGS step
   11    -114.5054735184      1.61e-07   Normal BFGS step
   12    -114.5054735184      9.38e-09   Normal BFGS step
   13    -114.5054735184      3.83e-09   Normal BFGS step
   14    -114.5054735184      2.26e-09   Normal BFGS step
   15    -114.5054735184      1.09e-09   Normal BFGS step
   16    -114.5054735184      7.75e-11  Convergence criterion met
 ---------------------------------------
 SCF time:   CPU 7.87s  wall 1.00s 
 SCF   energy =  -114.50547352
 Total energy =  -114.50547352
 Integrated density by DFT XC:
   Number of electrons = 16
   Numerical integral  =    16.000000026259
   Relative error      =     0.0000001641 %

 --------------------------------------------------------------

                    Orbital Energies (a.u.)
 --------------------------------------------------------------

 Alpha MOs
 -- Occupied --
-19.1607 -10.2900  -1.0639  -0.6342  -0.4913  -0.4504  -0.4010  -0.2671
 -- Virtual --
 -0.0448   0.0647   0.1330   0.2082   0.4496   0.4626   0.5360   0.5879
  0.6326   0.7605   0.8715   0.9268   0.9784   1.0534   1.1634   1.3954
  1.4421   1.5320   1.6495   1.6682   1.6900   1.7335   2.2030   2.3401
  2.3957   2.6716   2.7886   3.0349   3.3237   3.4210
 --------------------------------------------------------------

          Ground-State Mulliken Net Atomic Charges

     Atom                 Charge (a.u.)
  ----------------------------------------
      1 O                    -0.178664
      2 C                     0.163841
      3 H                     0.008605
      4 H                     0.006218
  ----------------------------------------
  Sum of atomic charges =     0.000000

 -----------------------------------------------------------------
                    Cartesian Multipole Moments
 -----------------------------------------------------------------
    Charge (ESU x 10^10)
                -0.0000
    Dipole Moment (Debye)
         X      -2.0073      Y      -0.0033      Z      -0.4733
       Tot       2.0624
    Quadrupole Moments (Debye-Ang)
        XX     -20.6689     XY      -1.2279     YY     -11.5075
        XZ      -8.0677     YZ      -0.1995     ZZ     -14.8069
    Octopole Moments (Debye-Ang^2)
       XXX    -104.8578    XXY     -11.7413    XYY     -25.1007
       YYY     -18.2988    XXZ     -74.7046    XYZ      -4.3565
       YYZ     -40.2634    XZZ     -56.3102    YZZ      -7.3486
       ZZZ    -137.8937
    Hexadecapole Moments (Debye-Ang^3)
      XXXX    -451.7986   XXXY     -59.8951   XXYY     -67.6626
      XYYY     -40.6330   YYYY     -33.6662   XXXZ    -375.0618
      XXYZ     -39.8971   XYYZ     -88.2631   YYYZ     -61.7834
      XXZZ    -331.3077   XYZZ     -28.6557   YYZZ    -148.7531
      XZZZ    -382.8284   YZZZ     -67.7486   ZZZZ    -938.9755
 -----------------------------------------------------------------
 Eng[6,1] = -1.14505474e+02
 points done 34/42
 CoordNormalMode -6 , -2 , 0
 ----------------------------------------------------------------
             Standard Nuclear Orientation (Angstroms)
    I     Atom           X                Y                Z
 ----------------------------------------------------------------
    1      O       2.8412439562     0.5679849521     3.6305939467
    2      C       1.6619565086     0.5196427355     3.3927760429
    3      H       1.1267572648     1.1483328470     2.5734579288
    4      H       1.0217032959    -0.1402898870     3.9566026209
 ----------------------------------------------------------------
 Nuclear Repulsion Energy =          31.20787069 hartrees
 There are        8 alpha and        8 beta electrons

                       Distance Matrix (Angstroms)
             O (  1)   C (  2)   H (  3)
   C (  2)  1.203999
   H (  3)  2.096140  1.163173
   H (  4)  1.979561  1.078580  1.893324

 Requested basis set is cc-pVDZ
 There are 18 shells and 38 basis functions
 A cutoff of  1.0D-14 yielded    171 shell pairs
 There are       779 function pairs (       868 Cartesian)
 Smallest overlap matrix eigenvalue = 1.91E-02
 Guess MOs from SCF MO coefficient file

 -----------------------------------------------------------------------
  General SCF calculation program by
  Eric Jon Sundstrom, Paul Horn, Yuezhi Mao, Dmitri Zuev, Alec White,
  David Stuck, Shaama M.S., Shane Yost, Joonho Lee, David Small,
  Daniel Levine, Susi Lehtola, Hugh Burton, Evgeny Epifanovsky,
  Bang C. Huynh
 -----------------------------------------------------------------------
 Exchange:     0.2000 Hartree-Fock + 0.0800 Slater + 0.7200 B88
 Correlation:  0.1900 VWN1RPA + 0.8100 LYP
 Using Euler-Maclaurin-Lebedev (99,590) quadrature formula
Added inc_jk
Added qchem_hcore
Added xc
Added P-dependent contribution
 A restricted SCF calculation will be
 performed using GDM
 SCF converges when RMS gradient is below 1.0e-10
 User-specified cutoff of 10e-14
 used for neglect of 2-electron integrals.
 A cutoff of 10e-14
 used for neglect of overlap integrals.
 Incremental Fock algorithm is on at the start.
 ---------------------------------------
  Cycle       Energy        RMS Gradient
 ---------------------------------------
    1    -114.5029687685      2.57e-02   Normal BFGS step
    2    -114.5053591158      3.91e-03   Normal BFGS step
    3    -114.5054006006      6.50e-03   Normal BFGS step
    4    -114.5054121304      4.46e-03   Normal BFGS step
    5    -114.5054307332      5.44e-04   Normal BFGS step
    6    -114.5054321127      2.11e-04   Normal BFGS step
    7    -114.5054322422      6.04e-05   Normal BFGS step
    8    -114.5054322635      2.27e-05   Normal BFGS step
    9    -114.5054322647      3.29e-06   Normal BFGS step
   10    -114.5054322648      2.54e-07   Normal BFGS step
   11    -114.5054322648      8.51e-08   Normal BFGS step
   12    -114.5054322648      1.26e-08   Normal BFGS step
   13    -114.5054322648      3.05e-09   Normal BFGS step
   14    -114.5054322648      2.15e-09   Normal BFGS step
   15    -114.5054322648      1.59e-09   Normal BFGS step
   16    -114.5054322648      5.62e-11  Convergence criterion met
 ---------------------------------------
 SCF time:   CPU 7.90s  wall 1.00s 
 SCF   energy =  -114.50543226
 Total energy =  -114.50543226
 Integrated density by DFT XC:
   Number of electrons = 16
   Numerical integral  =    16.000000027869
   Relative error      =     0.0000001742 %

 --------------------------------------------------------------

                    Orbital Energies (a.u.)
 --------------------------------------------------------------

 Alpha MOs
 -- Occupied --
-19.1604 -10.2898  -1.0639  -0.6336  -0.4917  -0.4502  -0.4010  -0.2671
 -- Virtual --
 -0.0442   0.0643   0.1326   0.2086   0.4496   0.4603   0.5389   0.5890
  0.6318   0.7613   0.8715   0.9264   0.9790   1.0528   1.1650   1.3908
  1.4416   1.5295   1.6614   1.6625   1.6931   1.7337   2.2090   2.3235
  2.4053   2.6709   2.7890   3.0333   3.3282   3.4208
 --------------------------------------------------------------

          Ground-State Mulliken Net Atomic Charges

     Atom                 Charge (a.u.)
  ----------------------------------------
      1 O                    -0.179122
      2 C                     0.164063
      3 H                     0.009082
      4 H                     0.005977
  ----------------------------------------
  Sum of atomic charges =     0.000000

 -----------------------------------------------------------------
                    Cartesian Multipole Moments
 -----------------------------------------------------------------
    Charge (ESU x 10^10)
                -0.0000
    Dipole Moment (Debye)
         X      -2.0288      Y      -0.1430      Z      -0.3436
       Tot       2.0626
    Quadrupole Moments (Debye-Ang)
        XX     -20.7377     XY      -1.4195     YY     -11.6444
        XZ      -7.9511     YZ      -0.6044     ZZ     -13.9318
    Octopole Moments (Debye-Ang^2)
       XXX    -105.0972    XXY     -12.1422    XYY     -25.3126
       YYY     -18.9549    XXZ     -74.5147    XYZ      -4.9071
       YYZ     -40.4655    XZZ     -55.3294    YZZ      -8.6391
       ZZZ    -132.8877
    Hexadecapole Moments (Debye-Ang^3)
      XXXX    -452.2824   XXXY     -60.4725   XXYY     -68.0700
      XYYY     -41.1469   YYYY     -34.7816   XXXZ    -375.3604
      XXYZ     -41.0077   XYYZ     -88.7692   YYYZ     -63.5615
      XXZZ    -329.4102   XYZZ     -30.3210   YYZZ    -148.7659
      XZZZ    -377.3806   YZZZ     -72.0113   ZZZZ    -911.6750
 -----------------------------------------------------------------
 Eng[-6,-2] = -1.14505432e+02
 points done 35/42
 CoordNormalMode 6 , 2 , 0
 ----------------------------------------------------------------
             Standard Nuclear Orientation (Angstroms)
    I     Atom           X                Y                Z
 ----------------------------------------------------------------
    1      O       2.8421809096     0.5737196038     3.6245505397
    2      C       1.6613943761     0.5162103112     3.3964059376
    3      H       1.2285590455     1.1280056341     2.6207159379
    4      H       0.9117246433    -0.1701061967     3.9620370455
 ----------------------------------------------------------------
 Nuclear Repulsion Energy =          31.20785014 hartrees
 There are        8 alpha and        8 beta electrons

                       Distance Matrix (Angstroms)
             O (  1)   C (  2)   H (  3)
   C (  2)  1.203999
   H (  3)  1.979569  1.078580
   H (  4)  2.096148  1.163174  1.893309

 Requested basis set is cc-pVDZ
 There are 18 shells and 38 basis functions
 A cutoff of  1.0D-14 yielded    171 shell pairs
 There are       779 function pairs (       868 Cartesian)
 Smallest overlap matrix eigenvalue = 1.91E-02
 Guess MOs from SCF MO coefficient file

 -----------------------------------------------------------------------
  General SCF calculation program by
  Eric Jon Sundstrom, Paul Horn, Yuezhi Mao, Dmitri Zuev, Alec White,
  David Stuck, Shaama M.S., Shane Yost, Joonho Lee, David Small,
  Daniel Levine, Susi Lehtola, Hugh Burton, Evgeny Epifanovsky,
  Bang C. Huynh
 -----------------------------------------------------------------------
 Exchange:     0.2000 Hartree-Fock + 0.0800 Slater + 0.7200 B88
 Correlation:  0.1900 VWN1RPA + 0.8100 LYP
 Using Euler-Maclaurin-Lebedev (99,590) quadrature formula
Added inc_jk
Added qchem_hcore
Added xc
Added P-dependent contribution
 A restricted SCF calculation will be
 performed using GDM
 SCF converges when RMS gradient is below 1.0e-10
 User-specified cutoff of 10e-14
 used for neglect of 2-electron integrals.
 A cutoff of 10e-14
 used for neglect of overlap integrals.
 Incremental Fock algorithm is on at the start.
 ---------------------------------------
  Cycle       Energy        RMS Gradient
 ---------------------------------------
    1    -114.5028874980      2.91e-02   Normal BFGS step
    2    -114.5053503912      4.08e-03   Normal BFGS step
    3    -114.5054025828      6.23e-03   Normal BFGS step
    4    -114.5054095460      4.89e-03   Normal BFGS step
    5    -114.5054309734      4.97e-04   Normal BFGS step
    6    -114.5054321133      1.95e-04   Normal BFGS step
    7    -114.5054322336      5.59e-05   Normal BFGS step
    8    -114.5054322511      2.12e-05   Normal BFGS step
    9    -114.5054322524      2.71e-06   Normal BFGS step
   10    -114.5054322525      1.77e-07   Normal BFGS step
   11    -114.5054322525      4.65e-08   Normal BFGS step
   12    -114.5054322525      5.39e-09   Normal BFGS step
   13    -114.5054322525      1.75e-09   Normal BFGS step
   14    -114.5054322525      1.29e-09   Normal BFGS step
   15    -114.5054322525      4.50e-11  Convergence criterion met
 ---------------------------------------
 SCF time:   CPU 7.44s  wall 2.00s 
 SCF   energy =  -114.50543225
 Total energy =  -114.50543225
 Integrated density by DFT XC:
   Number of electrons = 16
   Numerical integral  =    16.000000028194
   Relative error      =     0.0000001762 %

 --------------------------------------------------------------

                    Orbital Energies (a.u.)
 --------------------------------------------------------------

 Alpha MOs
 -- Occupied --
-19.1604 -10.2898  -1.0639  -0.6336  -0.4917  -0.4502  -0.4010  -0.2671
 -- Virtual --
 -0.0442   0.0643   0.1326   0.2086   0.4496   0.4603   0.5389   0.5890
  0.6318   0.7613   0.8715   0.9264   0.9790   1.0528   1.1650   1.3908
  1.4416   1.5295   1.6614   1.6625   1.6931   1.7337   2.2090   2.3235
  2.4053   2.6709   2.7890   3.0333   3.3282   3.4208
 --------------------------------------------------------------

          Ground-State Mulliken Net Atomic Charges

     Atom                 Charge (a.u.)
  ----------------------------------------
      1 O                    -0.179122
      2 C                     0.164064
      3 H                     0.005977
      4 H                     0.009081
  ----------------------------------------
  Sum of atomic charges =     0.000000

 -----------------------------------------------------------------
                    Cartesian Multipole Moments
 -----------------------------------------------------------------
    Charge (ESU x 10^10)
                 0.0000
    Dipole Moment (Debye)
         X      -2.0117      Y      -0.0382      Z      -0.4541
       Tot       2.0626
    Quadrupole Moments (Debye-Ang)
        XX     -20.6791     XY      -1.2312     YY     -11.5353
        XZ      -8.0818     YZ      -0.3048     ZZ     -14.6839
    Octopole Moments (Debye-Ang^2)
       XXX    -104.8926    XXY     -11.6948    XYY     -25.0976
       YYY     -18.3311    XXZ     -74.7598    XYZ      -4.3753
       YYZ     -40.3179    XZZ     -56.3604    YZZ      -7.6326
       ZZZ    -137.2887
    Hexadecapole Moments (Debye-Ang^3)
      XXXX    -451.9764   XXXY     -59.9022   XXYY     -67.6180
      XYYY     -40.7781   YYYY     -33.7335   XXXZ    -375.1929
      XXYZ     -39.7850   XYYZ     -88.2116   YYYZ     -61.8706
      XXZZ    -331.5833   XYZZ     -28.7510   YYZZ    -148.7644
      XZZZ    -382.9186   YZZZ     -68.3897   ZZZZ    -936.1345
 -----------------------------------------------------------------
 Eng[6,2] = -1.14505432e+02
 points done 36/42
 CoordNormalMode -6 , -3 , 0
 ----------------------------------------------------------------
             Standard Nuclear Orientation (Angstroms)
    I     Atom           X                Y                Z
 ----------------------------------------------------------------
    1      O       2.8458002721     0.5710675823     3.6283439331
    2      C       1.6609382009     0.5142443026     3.3984374030
    3      H       1.1282618868     1.1446634998     2.5778033443
    4      H       0.9600117666    -0.1212659636     3.9205578562
 ----------------------------------------------------------------
 Nuclear Repulsion Energy =          31.08106097 hartrees
 There are        8 alpha and        8 beta electrons

                       Distance Matrix (Angstroms)
             O (  1)   C (  2)   H (  3)
   C (  2)  1.208298
   H (  3)  2.093463  1.163878
   H (  4)  2.030003  1.080639  1.853072

 Requested basis set is cc-pVDZ
 There are 18 shells and 38 basis functions
 A cutoff of  1.0D-14 yielded    171 shell pairs
 There are       779 function pairs (       868 Cartesian)
 Smallest overlap matrix eigenvalue = 1.97E-02
 Guess MOs from SCF MO coefficient file

 -----------------------------------------------------------------------
  General SCF calculation program by
  Eric Jon Sundstrom, Paul Horn, Yuezhi Mao, Dmitri Zuev, Alec White,
  David Stuck, Shaama M.S., Shane Yost, Joonho Lee, David Small,
  Daniel Levine, Susi Lehtola, Hugh Burton, Evgeny Epifanovsky,
  Bang C. Huynh
 -----------------------------------------------------------------------
 Exchange:     0.2000 Hartree-Fock + 0.0800 Slater + 0.7200 B88
 Correlation:  0.1900 VWN1RPA + 0.8100 LYP
 Using Euler-Maclaurin-Lebedev (99,590) quadrature formula
Added inc_jk
Added qchem_hcore
Added xc
Added P-dependent contribution
 A restricted SCF calculation will be
 performed using GDM
 SCF converges when RMS gradient is below 1.0e-10
 User-specified cutoff of 10e-14
 used for neglect of 2-electron integrals.
 A cutoff of 10e-14
 used for neglect of overlap integrals.
 Incremental Fock algorithm is on at the start.
 ---------------------------------------
  Cycle       Energy        RMS Gradient
 ---------------------------------------
    1    -114.5029865344      2.53e-02   Normal BFGS step
    2    -114.5053240284      3.90e-03   Normal BFGS step
    3    -114.5053740869      3.56e-03   Normal BFGS step
    4    -114.5053732100      4.19e-03  Line search: overstep
    5    -114.5053831445      7.84e-04   Normal BFGS step
    6    -114.5053853720      3.09e-04   Normal BFGS step
    7    -114.5053860155      4.22e-05   Normal BFGS step
    8    -114.5053860186      3.12e-05   Normal BFGS step
    9    -114.5053860242      1.12e-06   Normal BFGS step
   10    -114.5053860242      3.56e-07   Normal BFGS step
   11    -114.5053860242      4.88e-09   Normal BFGS step
   12    -114.5053860242      2.55e-09   Normal BFGS step
   13    -114.5053860242      3.95e-09   Normal BFGS step
   14    -114.5053860242      5.40e-10   Normal BFGS step
   15    -114.5053860242      1.04e-10   Normal BFGS step
   16    -114.5053860242      2.11e-11  Convergence criterion met
 ---------------------------------------
 SCF time:   CPU 7.85s  wall 1.00s 
 SCF   energy =  -114.50538602
 Total energy =  -114.50538602
 Integrated density by DFT XC:
   Number of electrons = 16
   Numerical integral  =    16.000000024595
   Relative error      =     0.0000001537 %

 --------------------------------------------------------------

                    Orbital Energies (a.u.)
 --------------------------------------------------------------

 Alpha MOs
 -- Occupied --
-19.1632 -10.2919  -1.0626  -0.6377  -0.4867  -0.4527  -0.4007  -0.2683
 -- Virtual --
 -0.0465   0.0640   0.1337   0.2057   0.4494   0.4747   0.5206   0.5859
  0.6278   0.7598   0.8711   0.9312   0.9760   1.0517   1.1561   1.3967
  1.4638   1.5112   1.6306   1.6731   1.6873   1.7234   2.2186   2.3554
  2.3971   2.6660   2.7686   3.0335   3.3261   3.4145
 --------------------------------------------------------------

          Ground-State Mulliken Net Atomic Charges

     Atom                 Charge (a.u.)
  ----------------------------------------
      1 O                    -0.179518
      2 C                     0.166861
      3 H                     0.004268
      4 H                     0.008389
  ----------------------------------------
  Sum of atomic charges =     0.000000

 -----------------------------------------------------------------
                    Cartesian Multipole Moments
 -----------------------------------------------------------------
    Charge (ESU x 10^10)
                -0.0000
    Dipole Moment (Debye)
         X      -2.0532      Y      -0.1729      Z      -0.3170
       Tot       2.0847
    Quadrupole Moments (Debye-Ang)
        XX     -20.7333     XY      -1.4423     YY     -11.7329
        XZ      -8.0107     YZ      -0.6249     ZZ     -13.8347
    Octopole Moments (Debye-Ang^2)
       XXX    -104.8456    XXY     -12.1264    XYY     -25.3977
       YYY     -19.0876    XXZ     -74.4590    XYZ      -4.8772
       YYZ     -40.6843    XZZ     -55.5499    YZZ      -8.4798
       ZZZ    -132.7745
    Hexadecapole Moments (Debye-Ang^3)
      XXXX    -451.6425   XXXY     -60.3644   XXYY     -68.2084
      XYYY     -41.4016   YYYY     -34.9082   XXXZ    -374.3765
      XXYZ     -40.8251   XYYZ     -88.9334   YYYZ     -63.9670
      XXZZ    -329.2734   XYZZ     -29.9475   YYZZ    -149.2662
      XZZZ    -378.4140   YZZZ     -70.8396   ZZZZ    -912.5904
 -----------------------------------------------------------------
 Eng[-6,-3] = -1.14505386e+02
 points done 37/42
 CoordNormalMode 6 , 3 , 0
 ----------------------------------------------------------------
             Standard Nuclear Orientation (Angstroms)
    I     Atom           X                Y                Z
 ----------------------------------------------------------------
    1      O       2.8376245937     0.5706369737     3.6268005534
    2      C       1.6624126838     0.5216087441     3.3907445775
    3      H       1.2270544235     1.1316749813     2.6163705224
    4      H       0.9734161725    -0.1891301202     3.9980818102
 ----------------------------------------------------------------
 Nuclear Repulsion Energy =          31.33086476 hartrees
 There are        8 alpha and        8 beta electrons

                       Distance Matrix (Angstroms)
             O (  1)   C (  2)   H (  3)
   C (  2)  1.199687
   H (  3)  1.982339  1.077670
   H (  4)  2.047039  1.161346  1.928208

 Requested basis set is cc-pVDZ
 There are 18 shells and 38 basis functions
 A cutoff of  1.0D-14 yielded    171 shell pairs
 There are       779 function pairs (       868 Cartesian)
 Smallest overlap matrix eigenvalue = 1.89E-02
 Guess MOs from SCF MO coefficient file

 -----------------------------------------------------------------------
  General SCF calculation program by
  Eric Jon Sundstrom, Paul Horn, Yuezhi Mao, Dmitri Zuev, Alec White,
  David Stuck, Shaama M.S., Shane Yost, Joonho Lee, David Small,
  Daniel Levine, Susi Lehtola, Hugh Burton, Evgeny Epifanovsky,
  Bang C. Huynh
 -----------------------------------------------------------------------
 Exchange:     0.2000 Hartree-Fock + 0.0800 Slater + 0.7200 B88
 Correlation:  0.1900 VWN1RPA + 0.8100 LYP
 Using Euler-Maclaurin-Lebedev (99,590) quadrature formula
Added inc_jk
Added qchem_hcore
Added xc
Added P-dependent contribution
 A restricted SCF calculation will be
 performed using GDM
 SCF converges when RMS gradient is below 1.0e-10
 User-specified cutoff of 10e-14
 used for neglect of 2-electron integrals.
 A cutoff of 10e-14
 used for neglect of overlap integrals.
 Incremental Fock algorithm is on at the start.
 ---------------------------------------
  Cycle       Energy        RMS Gradient
 ---------------------------------------
    1    -114.5025832317      2.23e-02   Normal BFGS step
    2    -114.5051699790      1.13e-02   Normal BFGS step
    3    -114.5050317332      2.07e-02  Line search: overstep
    4    -114.5052986540      2.48e-03   Normal BFGS step
    5    -114.5053168783      1.48e-03   Normal BFGS step
    6    -114.5053271543      2.77e-04   Normal BFGS step
    7    -114.5053274567      1.45e-04   Normal BFGS step
    8    -114.5053275907      8.19e-06   Normal BFGS step
    9    -114.5053275910      2.00e-06   Normal BFGS step
   10    -114.5053275910      1.37e-07   Normal BFGS step
   11    -114.5053275910      2.01e-08   Normal BFGS step
   12    -114.5053275910      1.03e-09   Normal BFGS step
   13    -114.5053275910      2.62e-09   Normal BFGS step
   14    -114.5053275910      8.37e-10   Normal BFGS step
   15    -114.5053275910      1.08e-10   Normal BFGS step
   16    -114.5053275910      2.94e-11  Convergence criterion met
 ---------------------------------------
 SCF time:   CPU 7.94s  wall 1.00s 
 SCF   energy =  -114.50532759
 Total energy =  -114.50532759
 Integrated density by DFT XC:
   Number of electrons = 16
   Numerical integral  =    16.000000033200
   Relative error      =     0.0000002075 %

 --------------------------------------------------------------

                    Orbital Energies (a.u.)
 --------------------------------------------------------------

 Alpha MOs
 -- Occupied --
-19.1579 -10.2880  -1.0651  -0.6309  -0.4962  -0.4479  -0.4014  -0.2657
 -- Virtual --
 -0.0421   0.0645   0.1322   0.2103   0.4495   0.4498   0.5559   0.5905
  0.6378   0.7614   0.8718   0.9223   0.9813   1.0548   1.1739   1.3833
  1.4237   1.5625   1.6470   1.6730   1.6956   1.7466   2.1803   2.3283
  2.4060   2.6756   2.8144   3.0349   3.3264   3.4281
 --------------------------------------------------------------

          Ground-State Mulliken Net Atomic Charges

     Atom                 Charge (a.u.)
  ----------------------------------------
      1 O                    -0.178309
      2 C                     0.162528
      3 H                     0.008122
      4 H                     0.007658
  ----------------------------------------
  Sum of atomic charges =     0.000000

 -----------------------------------------------------------------
                    Cartesian Multipole Moments
 -----------------------------------------------------------------
    Charge (ESU x 10^10)
                 0.0000
    Dipole Moment (Debye)
         X      -1.9879      Y      -0.0140      Z      -0.4746
       Tot       2.0438
    Quadrupole Moments (Debye-Ang)
        XX     -20.6772     XY      -1.2128     YY     -11.4598
        XZ      -8.0186     YZ      -0.2909     ZZ     -14.7508
    Octopole Moments (Debye-Ang^2)
       XXX    -105.1125    XXY     -11.7073    XYY     -25.0278
       YYY     -18.2208    XXZ     -74.7871    XYZ      -4.4069
       YYZ     -40.1254    XZZ     -56.1218    YZZ      -7.7856
       ZZZ    -137.2941
    Hexadecapole Moments (Debye-Ang^3)
      XXXX    -452.4354   XXXY     -59.9755   XXYY     -67.4927
      XYYY     -40.5373   YYYY     -33.6684   XXXZ    -376.0587
      XXYZ     -39.9333   XYYZ     -88.0835   YYYZ     -61.5012
      XXZZ    -331.6191   XYZZ     -29.0980   YYZZ    -148.3194
      XZZZ    -381.8526   YZZZ     -69.4659   ZZZZ    -934.9494
 -----------------------------------------------------------------
 Eng[6,3] = -1.14505328e+02
 points done 38/42
 CoordNormalMode -6 , -4 , 0
 ----------------------------------------------------------------
             Standard Nuclear Orientation (Angstroms)
    I     Atom           X                Y                Z
 ----------------------------------------------------------------
    1      O       2.8636331622     0.5718683169     3.6318644554
    2      C       1.6302115561     0.5128637326     3.3923708143
    3      H       1.1744076959     1.1754765692     2.5554958027
    4      H       0.9967016199    -0.1483490770     3.9592259217
 ----------------------------------------------------------------
 Nuclear Repulsion Energy =          30.26197969 hartrees
 There are        8 alpha and        8 beta electrons

                       Distance Matrix (Angstroms)
             O (  1)   C (  2)   H (  3)
   C (  2)  1.257842
   H (  3)  2.091984  1.160678
   H (  4)  2.027637  1.076969  1.937667

 Requested basis set is cc-pVDZ
 There are 18 shells and 38 basis functions
 A cutoff of  1.0D-14 yielded    171 shell pairs
 There are       779 function pairs (       868 Cartesian)
 Smallest overlap matrix eigenvalue = 2.02E-02
 Guess MOs from SCF MO coefficient file

 -----------------------------------------------------------------------
  General SCF calculation program by
  Eric Jon Sundstrom, Paul Horn, Yuezhi Mao, Dmitri Zuev, Alec White,
  David Stuck, Shaama M.S., Shane Yost, Joonho Lee, David Small,
  Daniel Levine, Susi Lehtola, Hugh Burton, Evgeny Epifanovsky,
  Bang C. Huynh
 -----------------------------------------------------------------------
 Exchange:     0.2000 Hartree-Fock + 0.0800 Slater + 0.7200 B88
 Correlation:  0.1900 VWN1RPA + 0.8100 LYP
 Using Euler-Maclaurin-Lebedev (99,590) quadrature formula
Added inc_jk
Added qchem_hcore
Added xc
Added P-dependent contribution
 A restricted SCF calculation will be
 performed using GDM
 SCF converges when RMS gradient is below 1.0e-10
 User-specified cutoff of 10e-14
 used for neglect of 2-electron integrals.
 A cutoff of 10e-14
 used for neglect of overlap integrals.
 Incremental Fock algorithm is on at the start.
 ---------------------------------------
  Cycle       Energy        RMS Gradient
 ---------------------------------------
    1    -114.4968214143      2.45e-02   Normal BFGS step
    2    -114.5009534104      2.10e-02   Normal BFGS step
    3    -114.5004843979      3.89e-02  Line search: overstep
    4    -114.5013489594      4.00e-03   Normal BFGS step
    5    -114.5014085349      3.10e-03   Normal BFGS step
    6    -114.5014449767      5.58e-04   Normal BFGS step
    7    -114.5014463808      2.99e-04   Normal BFGS step
    8    -114.5014466696      1.46e-05   Normal BFGS step
    9    -114.5014466708      2.87e-06   Normal BFGS step
   10    -114.5014466708      3.31e-07   Normal BFGS step
   11    -114.5014466708      4.80e-08   Normal BFGS step
   12    -114.5014466708      1.02e-08   Normal BFGS step
   13    -114.5014466708      1.85e-08   Normal BFGS step
   14    -114.5014466708      1.91e-09   Normal BFGS step
   15    -114.5014466708      7.09e-10   Normal BFGS step
   16    -114.5014466708      1.08e-10   Normal BFGS step
   17    -114.5014466708      5.45e-11  Convergence criterion met
 ---------------------------------------
 SCF time:   CPU 8.35s  wall 1.00s 
 SCF   energy =  -114.50144667
 Total energy =  -114.50144667
 Integrated density by DFT XC:
   Number of electrons = 16
   Numerical integral  =    15.999999999054
   Relative error      =     0.0000000059 %

 --------------------------------------------------------------

                    Orbital Energies (a.u.)
 --------------------------------------------------------------

 Alpha MOs
 -- Occupied --
-19.1599 -10.2944  -1.0339  -0.6382  -0.4895  -0.4383  -0.3829  -0.2677
 -- Virtual --
 -0.0574   0.0615   0.1268   0.2003   0.4423   0.4531   0.5455   0.5760
  0.5964   0.7632   0.8835   0.9204   0.9783   1.0582   1.1620   1.3773
  1.4207   1.5234   1.6327   1.6568   1.6940   1.7572   2.1525   2.2999
  2.4038   2.6626   2.7799   2.9833   3.2575   3.3491
 --------------------------------------------------------------

          Ground-State Mulliken Net Atomic Charges

     Atom                 Charge (a.u.)
  ----------------------------------------
      1 O                    -0.219361
      2 C                     0.166117
      3 H                     0.028102
      4 H                     0.025142
  ----------------------------------------
  Sum of atomic charges =     0.000000

 -----------------------------------------------------------------
                    Cartesian Multipole Moments
 -----------------------------------------------------------------
    Charge (ESU x 10^10)
                 0.0000
    Dipole Moment (Debye)
         X      -2.2429      Y      -0.1611      Z      -0.3767
       Tot       2.2800
    Quadrupole Moments (Debye-Ang)
        XX     -21.6150     XY      -1.5092     YY     -11.6323
        XZ      -8.7973     YZ      -0.8482     ZZ     -14.1235
    Octopole Moments (Debye-Ang^2)
       XXX    -108.0509    XXY     -12.5368    XYY     -25.4860
       YYY     -18.9308    XXZ     -77.7749    XYZ      -5.4518
       YYZ     -40.6597    XZZ     -58.7374    YZZ     -10.0080
       ZZZ    -133.8346
    Hexadecapole Moments (Debye-Ang^3)
      XXXX    -463.3204   XXXY     -62.0712   XXYY     -69.1162
      XYYY     -41.5295   YYYY     -34.8056   XXXZ    -386.0778
      XXYZ     -42.6504   XYYZ     -89.6881   YYYZ     -63.9011
      XXZZ    -342.3096   XYZZ     -32.9861   YYZZ    -150.0698
      XZZZ    -391.4972   YZZZ     -78.5141   ZZZZ    -916.3873
 -----------------------------------------------------------------
 Eng[-6,-4] = -1.14501447e+02
 points done 39/42
 CoordNormalMode 6 , 4 , 0
 ----------------------------------------------------------------
             Standard Nuclear Orientation (Angstroms)
    I     Atom           X                Y                Z
 ----------------------------------------------------------------
    1      O       2.8197917036     0.5698362390     3.6232800311
    2      C       1.6931393286     0.5229893141     3.3968111662
    3      H       1.1809086144     1.1008619119     2.6386780639
    4      H       0.9367263193    -0.1620470067     3.9594137447
 ----------------------------------------------------------------
 Nuclear Repulsion Energy =          32.23082896 hartrees
 There are        8 alpha and        8 beta electrons

                       Distance Matrix (Angstroms)
             O (  1)   C (  2)   H (  3)
   C (  2)  1.150143
   H (  3)  1.984280  1.082166
   H (  4)  2.048066  1.165314  1.843612

 Requested basis set is cc-pVDZ
 There are 18 shells and 38 basis functions
 A cutoff of  1.0D-14 yielded    171 shell pairs
 There are       779 function pairs (       868 Cartesian)
 Smallest overlap matrix eigenvalue = 1.85E-02
 Guess MOs from SCF MO coefficient file

 -----------------------------------------------------------------------
  General SCF calculation program by
  Eric Jon Sundstrom, Paul Horn, Yuezhi Mao, Dmitri Zuev, Alec White,
  David Stuck, Shaama M.S., Shane Yost, Joonho Lee, David Small,
  Daniel Levine, Susi Lehtola, Hugh Burton, Evgeny Epifanovsky,
  Bang C. Huynh
 -----------------------------------------------------------------------
 Exchange:     0.2000 Hartree-Fock + 0.0800 Slater + 0.7200 B88
 Correlation:  0.1900 VWN1RPA + 0.8100 LYP
 Using Euler-Maclaurin-Lebedev (99,590) quadrature formula
Added inc_jk
Added qchem_hcore
Added xc
Added P-dependent contribution
 A restricted SCF calculation will be
 performed using GDM
 SCF converges when RMS gradient is below 1.0e-10
 User-specified cutoff of 10e-14
 used for neglect of 2-electron integrals.
 A cutoff of 10e-14
 used for neglect of overlap integrals.
 Incremental Fock algorithm is on at the start.
 ---------------------------------------
  Cycle       Energy        RMS Gradient
 ---------------------------------------
    1    -114.4887916856      3.21e-02   Normal BFGS step
    2    -114.4989396706      3.04e-02   Normal BFGS step
    3    -114.4985271583      4.73e-02  Line search: overstep
    4    -114.5002766893      6.13e-03   Normal BFGS step
    5    -114.5004025564      6.46e-03   Normal BFGS step
    6    -114.5005187608      8.55e-04   Normal BFGS step
    7    -114.5005225385      1.83e-04   Normal BFGS step
    8    -114.5005230055      1.29e-05   Normal BFGS step
    9    -114.5005230068      4.08e-06   Normal BFGS step
   10    -114.5005230069      4.43e-07   Normal BFGS step
   11    -114.5005230069      5.33e-08   Normal BFGS step
   12    -114.5005230069      7.50e-09   Normal BFGS step
   13    -114.5005230069      7.60e-09   Normal BFGS step
   14    -114.5005230069      5.99e-09   Normal BFGS step
   15    -114.5005230069      1.06e-09   Normal BFGS step
   16    -114.5005230069      3.38e-10   Normal BFGS step
   17    -114.5005230069      7.46e-11  Convergence criterion met
 ---------------------------------------
 SCF time:   CPU 8.36s  wall 2.00s 
 SCF   energy =  -114.50052301
 Total energy =  -114.50052301
 Integrated density by DFT XC:
   Number of electrons = 16
   Numerical integral  =    15.999999987260
   Relative error      =     0.0000000796 %

 --------------------------------------------------------------

                    Orbital Energies (a.u.)
 --------------------------------------------------------------

 Alpha MOs
 -- Occupied --
-19.1615 -10.2854  -1.0965  -0.6302  -0.4963  -0.4627  -0.4214  -0.2648
 -- Virtual --
 -0.0301   0.0670   0.1406   0.2126   0.4457   0.4829   0.5284   0.5812
  0.6922   0.7605   0.8626   0.9331   0.9759   1.0482   1.1716   1.3949
  1.4767   1.5494   1.6527   1.6781   1.6882   1.7258   2.2276   2.3740
  2.4503   2.6806   2.8044   3.0869   3.3920   3.4942
 --------------------------------------------------------------

          Ground-State Mulliken Net Atomic Charges

     Atom                 Charge (a.u.)
  ----------------------------------------
      1 O                    -0.132901
      2 C                     0.161161
      3 H                    -0.010003
      4 H                    -0.018258
  ----------------------------------------
  Sum of atomic charges =     0.000000

 -----------------------------------------------------------------
                    Cartesian Multipole Moments
 -----------------------------------------------------------------
    Charge (ESU x 10^10)
                 0.0000
    Dipole Moment (Debye)
         X      -1.7558      Y       0.0183      Z      -0.4527
       Tot       1.8133
    Quadrupole Moments (Debye-Ang)
        XX     -19.6506     XY      -1.0890     YY     -11.5184
        XZ      -7.1091     YZ       0.0625     ZZ     -14.7035
    Octopole Moments (Debye-Ang^2)
       XXX    -101.4184    XXY     -11.1842    XYY     -24.8601
       YYY     -18.2621    XXZ     -70.9760    XYZ      -3.6569
       YYZ     -40.0675    XZZ     -52.5353    YZZ      -5.8179
       ZZZ    -137.4627
    Hexadecapole Moments (Debye-Ang^3)
      XXXX    -439.2078   XXXY     -57.9904   XXYY     -66.4236
      XYYY     -40.2672   YYYY     -33.6073   XXXZ    -362.6080
      XXYZ     -37.7328   XYYZ     -87.1111   YYYZ     -61.2575
      XXZZ    -316.7732   XYZZ     -25.4468   YYZZ    -147.3670
      XZZZ    -367.3451   YZZZ     -60.1409   ZZZZ    -937.0116
 -----------------------------------------------------------------
 Eng[6,4] = -1.14500523e+02
 points done 40/42
 CoordNormalMode -6 , -5 , 0
 ----------------------------------------------------------------
             Standard Nuclear Orientation (Angstroms)
    I     Atom           X                Y                Z
 ----------------------------------------------------------------
    1      O       2.8417717872     0.5708874997     3.6275483258
    2      C       1.6641040150     0.5143847536     3.3990624625
    3      H       1.1470827581     1.1801814341     2.5436120053
    4      H       0.9674309215    -0.1555981898     3.9599335544
 ----------------------------------------------------------------
 Nuclear Repulsion Energy =          30.99758418 hartrees
 There are        8 alpha and        8 beta electrons

                       Distance Matrix (Angstroms)
             O (  1)   C (  2)   H (  3)
   C (  2)  1.200958
   H (  3)  2.101934  1.200996
   H (  4)  2.037502  1.117500  1.955134

 Requested basis set is cc-pVDZ
 There are 18 shells and 38 basis functions
 A cutoff of  1.0D-14 yielded    171 shell pairs
 There are       779 function pairs (       868 Cartesian)
 Smallest overlap matrix eigenvalue = 1.99E-02
 Guess MOs from SCF MO coefficient file

 -----------------------------------------------------------------------
  General SCF calculation program by
  Eric Jon Sundstrom, Paul Horn, Yuezhi Mao, Dmitri Zuev, Alec White,
  David Stuck, Shaama M.S., Shane Yost, Joonho Lee, David Small,
  Daniel Levine, Susi Lehtola, Hugh Burton, Evgeny Epifanovsky,
  Bang C. Huynh
 -----------------------------------------------------------------------
 Exchange:     0.2000 Hartree-Fock + 0.0800 Slater + 0.7200 B88
 Correlation:  0.1900 VWN1RPA + 0.8100 LYP
 Using Euler-Maclaurin-Lebedev (99,590) quadrature formula
Added inc_jk
Added qchem_hcore
Added xc
Added P-dependent contribution
 A restricted SCF calculation will be
 performed using GDM
 SCF converges when RMS gradient is below 1.0e-10
 User-specified cutoff of 10e-14
 used for neglect of 2-electron integrals.
 A cutoff of 10e-14
 used for neglect of overlap integrals.
 Incremental Fock algorithm is on at the start.
 ---------------------------------------
  Cycle       Energy        RMS Gradient
 ---------------------------------------
    1    -114.5000331589      2.21e-02   Normal BFGS step
    2    -114.5043771132      1.07e-02   Normal BFGS step
    3    -114.5043306838      2.21e-02  Line search: overstep
    4    -114.5046680404      4.48e-03   Normal BFGS step
    5    -114.5046696508      6.14e-03   Normal BFGS step
    6    -114.5047220094      4.52e-04   Normal BFGS step
    7    -114.5047229994      2.59e-04   Normal BFGS step
    8    -114.5047233028      6.99e-06   Normal BFGS step
    9    -114.5047233033      2.30e-06   Normal BFGS step
   10    -114.5047233034      1.40e-07   Normal BFGS step
   11    -114.5047233034      1.81e-08   Normal BFGS step
   12    -114.5047233034      1.33e-08   Normal BFGS step
   13    -114.5047233034      2.25e-08   Normal BFGS step
   14    -114.5047233034      9.50e-10   Normal BFGS step
   15    -114.5047233034      7.87e-10   Normal BFGS step
   16    -114.5047233034      4.02e-11  Convergence criterion met
 ---------------------------------------
 SCF time:   CPU 7.83s  wall 1.00s 
 SCF   energy =  -114.50472330
 Total energy =  -114.50472330
 Integrated density by DFT XC:
   Number of electrons = 16
   Numerical integral  =    16.000000030194
   Relative error      =     0.0000001887 %

 --------------------------------------------------------------

                    Orbital Energies (a.u.)
 --------------------------------------------------------------

 Alpha MOs
 -- Occupied --
-19.1635 -10.2967  -1.0676  -0.6249  -0.4860  -0.4517  -0.4038  -0.2679
 -- Virtual --
 -0.0441   0.0557   0.1285   0.2080   0.4483   0.4501   0.5298   0.5777
  0.6350   0.7517   0.8685   0.9237   0.9766   1.0510   1.1642   1.3690
  1.4199   1.5260   1.6218   1.6407   1.6859   1.7090   2.1534   2.2838
  2.3597   2.6638   2.7666   3.0328   3.3055   3.4211
 --------------------------------------------------------------

          Ground-State Mulliken Net Atomic Charges

     Atom                 Charge (a.u.)
  ----------------------------------------
      1 O                    -0.169494
      2 C                     0.141614
      3 H                     0.010325
      4 H                     0.017554
  ----------------------------------------
  Sum of atomic charges =     0.000000

 -----------------------------------------------------------------
                    Cartesian Multipole Moments
 -----------------------------------------------------------------
    Charge (ESU x 10^10)
                 0.0000
    Dipole Moment (Debye)
         X      -1.9703      Y      -0.1744      Z      -0.2949
       Tot       1.9999
    Quadrupole Moments (Debye-Ang)
        XX     -20.5434     XY      -1.3902     YY     -11.7439
        XZ      -7.7084     YZ      -0.6849     ZZ     -13.6889
    Octopole Moments (Debye-Ang^2)
       XXX    -104.3715    XXY     -12.0031    XYY     -25.3572
       YYY     -19.1149    XXZ     -73.7685    XYZ      -4.7720
       YYZ     -40.7711    XZZ     -54.4334    YZZ      -8.8653
       ZZZ    -132.0230
    Hexadecapole Moments (Debye-Ang^3)
      XXXX    -449.8799   XXXY     -60.0904   XXYY     -68.1204
      XYYY     -41.4034   YYYY     -35.5799   XXXZ    -372.5494
      XXYZ     -40.4036   XYYZ     -88.8366   YYYZ     -63.8523
      XXZZ    -326.7525   XYZZ     -29.8217   YYZZ    -149.8846
      XZZZ    -374.1158   YZZZ     -72.5103   ZZZZ    -909.6794
 -----------------------------------------------------------------
 Eng[-6,-5] = -1.14504723e+02
 points done 41/42
 CoordNormalMode 6 , 5 , 0
 ----------------------------------------------------------------
             Standard Nuclear Orientation (Angstroms)
    I     Atom           X                Y                Z
 ----------------------------------------------------------------
    1      O       2.8416530787     0.5708170562     3.6275961607
    2      C       1.6592468698     0.5214682931     3.3901195180
    3      H       1.2082335522     1.0961570470     2.6505618614
    4      H       0.9659970177    -0.1547978940     3.9587061120
 ----------------------------------------------------------------
 Nuclear Repulsion Energy =          31.43624606 hartrees
 There are        8 alpha and        8 beta electrons

                       Distance Matrix (Angstroms)
             O (  1)   C (  2)   H (  3)
   C (  2)  1.207027
   H (  3)  1.974497  1.039531
   H (  4)  2.038194  1.123041  1.826146

 Requested basis set is cc-pVDZ
 There are 18 shells and 38 basis functions
 A cutoff of  1.0D-14 yielded    171 shell pairs
 There are       779 function pairs (       868 Cartesian)
 Smallest overlap matrix eigenvalue = 1.87E-02
 Guess MOs from SCF MO coefficient file

 -----------------------------------------------------------------------
  General SCF calculation program by
  Eric Jon Sundstrom, Paul Horn, Yuezhi Mao, Dmitri Zuev, Alec White,
  David Stuck, Shaama M.S., Shane Yost, Joonho Lee, David Small,
  Daniel Levine, Susi Lehtola, Hugh Burton, Evgeny Epifanovsky,
  Bang C. Huynh
 -----------------------------------------------------------------------
 Exchange:     0.2000 Hartree-Fock + 0.0800 Slater + 0.7200 B88
 Correlation:  0.1900 VWN1RPA + 0.8100 LYP
 Using Euler-Maclaurin-Lebedev (99,590) quadrature formula
Added inc_jk
Added qchem_hcore
Added xc
Added P-dependent contribution
 A restricted SCF calculation will be
 performed using GDM
 SCF converges when RMS gradient is below 1.0e-10
 User-specified cutoff of 10e-14
 used for neglect of 2-electron integrals.
 A cutoff of 10e-14
 used for neglect of overlap integrals.
 Incremental Fock algorithm is on at the start.
 ---------------------------------------
  Cycle       Energy        RMS Gradient
 ---------------------------------------
    1    -114.4992862217      2.57e-02   Normal BFGS step
    2    -114.5028167304      3.21e-02   Normal BFGS step
    3    -114.5023892307      3.87e-02  Line search: overstep
    4    -114.5034577385      4.66e-03   Normal BFGS step
    5    -114.5035641147      1.63e-03   Normal BFGS step
    6    -114.5035791592      5.29e-04   Normal BFGS step
    7    -114.5035807629      1.85e-04   Normal BFGS step
    8    -114.5035809484      2.30e-05   Normal BFGS step
    9    -114.5035809514      4.33e-06   Normal BFGS step
   10    -114.5035809515      3.67e-07   Normal BFGS step
   11    -114.5035809515      7.18e-08   Normal BFGS step
   12    -114.5035809515      4.02e-08   Normal BFGS step
   13    -114.5035809515      6.36e-08   Normal BFGS step
   14    -114.5035809515      9.44e-10   Normal BFGS step
   15    -114.5035809515      2.99e-10   Normal BFGS step
   16    -114.5035809515      9.45e-11  Convergence criterion met
 ---------------------------------------
 SCF time:   CPU 7.91s  wall 1.00s 
 SCF   energy =  -114.50358095
 Total energy =  -114.50358095
 Integrated density by DFT XC:
   Number of electrons = 16
   Numerical integral  =    16.000000017587
   Relative error      =     0.0000001099 %

 --------------------------------------------------------------

                    Orbital Energies (a.u.)
 --------------------------------------------------------------

 Alpha MOs
 -- Occupied --
-19.1577 -10.2826  -1.0602  -0.6446  -0.4978  -0.4488  -0.3984  -0.2664
 -- Virtual --
 -0.0446   0.0726   0.1373   0.2085   0.4507   0.4753   0.5421   0.6033
  0.6311   0.7705   0.8747   0.9306   0.9808   1.0552   1.1663   1.4207
  1.4651   1.5466   1.6785   1.6856   1.6988   1.7570   2.2634   2.4019
  2.4495   2.6783   2.8249   3.0349   3.3481   3.4220
 --------------------------------------------------------------

          Ground-State Mulliken Net Atomic Charges

     Atom                 Charge (a.u.)
  ----------------------------------------
      1 O                    -0.188464
      2 C                     0.192180
      3 H                    -0.003661
      4 H                    -0.000055
  ----------------------------------------
  Sum of atomic charges =     0.000000

 -----------------------------------------------------------------
                    Cartesian Multipole Moments
 -----------------------------------------------------------------
    Charge (ESU x 10^10)
                -0.0000
    Dipole Moment (Debye)
         X      -2.0706      Y      -0.0232      Z      -0.4850
       Tot       2.1267
    Quadrupole Moments (Debye-Ang)
        XX     -20.8620     XY      -1.2784     YY     -11.4548
        XZ      -8.3049     YZ      -0.2613     ZZ     -14.8136
    Octopole Moments (Debye-Ang^2)
       XXX    -105.5569    XXY     -11.8572    XYY     -25.0808
       YYY     -18.2253    XXZ     -75.4260    XYZ      -4.5445
       YYZ     -40.0448    XZZ     -57.1334    YZZ      -7.4902
       ZZZ    -137.5779
    Hexadecapole Moments (Debye-Ang^3)
      XXXX    -454.0632   XXXY     -60.2958   XXYY     -67.6117
      XYYY     -40.5792   YYYY     -33.0653   XXXZ    -377.7059
      XXYZ     -40.4087   XYYZ     -88.1981   YYYZ     -61.6953
      XXZZ    -333.8561   XYZZ     -29.3005   YYZZ    -147.6870
      XZZZ    -385.5887   YZZZ     -68.0578   ZZZZ    -935.4298
 -----------------------------------------------------------------
 Eng[6,5] = -1.14503581e+02
 points done 42/42
 derivatives time:           CPU  366.86 s  wall   55.25 s
 ======================================================================
 ======================================================================
      ANHARMONIC CUBIC & QUARTIC FORCE FIELD (CM**-1)                  
 ______________________________________________________________________
 Eta[1,1,1]=0.07,
 Eta[1,1,1,1]=122.59,
 Eta[1,1,2]=0.17,
 Eta[1,1,1,2]=0.93,
 Eta[1,1,2,2]=27.29,
 Eta[1,1,3]=-60.12,
 Eta[1,1,1,3]=-0.51,
 Eta[1,1,3,3]=11.67,
 Eta[1,1,4]=27.50,
 Eta[1,1,1,4]=0.24,
 Eta[1,1,4,4]=-12.45,
 Eta[1,1,5]=-309.01,
 Eta[1,1,1,5]=-0.48,
 Eta[1,1,5,5]=-270.00,
 Eta[1,1,6]=0.01,
 Eta[1,1,1,6]=-0.38,
 Eta[1,1,6,6]=-319.32,
 Eta[2,2,2]=-0.11,
 Eta[2,2,2,2]=91.37,
 Eta[2,2,1]=-0.06,
 Eta[2,2,2,1]=0.59,
 Eta[2,2,3]=107.20,
 Eta[2,2,2,3]=-0.76,
 Eta[2,2,3,3]=41.05,
 Eta[2,2,4]=17.42,
 Eta[2,2,2,4]=0.33,
 Eta[2,2,4,4]=-2.54,
 Eta[2,2,5]=-222.02,
 Eta[2,2,2,5]=-0.15,
 Eta[2,2,5,5]=-211.04,
 Eta[2,2,6]=0.08,
 Eta[2,2,2,6]=19.95,
 Eta[2,2,6,6]=-222.83,
 Eta[3,3,3]=-46.48,
 Eta[3,3,3,3]=21.10,
 Eta[3,3,1]=-0.05,
 Eta[3,3,3,1]=-0.89,
 Eta[3,3,2]=-0.02,
 Eta[3,3,3,2]=-0.65,
 Eta[3,3,4]=98.49,
 Eta[3,3,3,4]=-12.24,
 Eta[3,3,4,4]=16.67,
 Eta[3,3,5]=-85.44,
 Eta[3,3,3,5]=-19.77,
 Eta[3,3,5,5]=-148.90,
 Eta[3,3,6]=-0.04,
 Eta[3,3,3,6]=-0.10,
 Eta[3,3,6,6]=-201.68,
 Eta[4,4,4]=580.20,
 Eta[4,4,4,4]=166.80,
 Eta[4,4,1]=-0.01,
 Eta[4,4,4,1]=0.07,
 Eta[4,4,2]=-0.01,
 Eta[4,4,4,2]=0.02,
 Eta[4,4,3]=110.56,
 Eta[4,4,4,3]=34.74,
 Eta[4,4,5]=-67.86,
 Eta[4,4,4,5]=-12.59,
 Eta[4,4,5,5]=-26.01,
 Eta[4,4,6]=-0.00,
 Eta[4,4,4,6]=0.02,
 Eta[4,4,6,6]=-47.40,
 Eta[5,5,5]=1355.17,
 Eta[5,5,5,5]=548.78,
 Eta[5,5,1]=-0.02,
 Eta[5,5,5,1]=-0.04,
 Eta[5,5,2]=-0.00,
 Eta[5,5,5,2]=0.00,
 Eta[5,5,3]=-9.57,
 Eta[5,5,5,3]=-4.37,
 Eta[5,5,4]=-15.35,
 Eta[5,5,5,4]=-11.82,
 Eta[5,5,6]=-0.01,
 Eta[5,5,5,6]=0.02,
 Eta[5,5,6,6]=585.86,
 Eta[6,6,6]=0.03,
 Eta[6,6,6,6]=631.10,
 Eta[6,6,1]=-0.04,
 Eta[6,6,6,1]=0.01,
 Eta[6,6,2]=-0.02,
 Eta[6,6,6,2]=63.44,
 Eta[6,6,3]=135.29,
 Eta[6,6,6,3]=0.01,
 Eta[6,6,4]=-124.23,
 Eta[6,6,6,4]=-0.00,
 Eta[6,6,5]=1428.71,
 Eta[6,6,6,5]=0.04,
 ----------------------------------------------------------------
             Standard Nuclear Orientation (Angstroms)
    I     Atom           X                Y                Z
 ----------------------------------------------------------------
    1      O       2.8417124329     0.5708522780     3.6275722432
    2      C       1.6616754424     0.5179265234     3.3945909902
    3      H       1.1776581551     1.1381692406     2.5970869333
    4      H       0.9667139696    -0.1551980419     3.9593198332
 ----------------------------------------------------------------
 Nuclear Repulsion Energy =          31.20028642 hartrees
 There are        8 alpha and        8 beta electrons

 = Finishing finite difference calculation for ANHAR =
 =====================================================
 =====================================================
 Requested basis set is cc-pVDZ
 There are 18 shells and 38 basis functions

 Mass-Weighted Hessian Matrix:


     0.053653    0.002606    0.010082   -0.056349   -0.002611   -0.010019
     0.002606    0.002858   -0.001183   -0.002611   -0.005882    0.001284
     0.010082   -0.001183    0.004968   -0.010018    0.001284   -0.007993
    -0.056349   -0.002611   -0.010018    0.081171    0.005505    0.010469
    -0.002611   -0.005882    0.001284    0.005505    0.029882   -0.015703
    -0.010019    0.001284   -0.007993    0.010469   -0.015703    0.034032
    -0.008190    0.005254   -0.008932   -0.022948    0.011103   -0.013748
     0.002408    0.004858    0.000465    0.010303   -0.038503    0.026675
    -0.005820    0.001167    0.002030   -0.012873    0.026872   -0.048987
    -0.011116   -0.006628    0.003339   -0.032660   -0.019698    0.017536
    -0.003782    0.004053   -0.000180   -0.018898   -0.041175    0.022398
     0.000227   -0.000882    0.005761    0.016661    0.022201   -0.036602


    -0.008190    0.002408   -0.005820   -0.011116   -0.003782    0.000227
     0.005254    0.004858    0.001167   -0.006628    0.004053   -0.000882
    -0.008932    0.000465    0.002030    0.003339   -0.000180    0.005761
    -0.022948    0.010303   -0.012873   -0.032660   -0.018898    0.016661
     0.011103   -0.038503    0.026872   -0.019698   -0.041175    0.022201
    -0.013748    0.026675   -0.048987    0.017536    0.022398   -0.036602
     0.102482   -0.048930    0.074105    0.009329   -0.010311    0.008915
    -0.048930    0.112118   -0.113983    0.003787    0.001388    0.020084
     0.074105   -0.113983    0.161809   -0.006501    0.016609   -0.000861
     0.009329    0.003787   -0.006501    0.147651    0.090588   -0.067312
    -0.010311    0.001388    0.016609    0.090588    0.124543   -0.093177
     0.008915    0.020084   -0.000861   -0.067312   -0.093177    0.104211

 Vectors for Translations and Rotations


     0.730052    0.000000    0.000000   -0.000000    0.109423   -0.069768
     0.000000    0.730052    0.000000   -0.000000   -0.485432   -0.427768
     0.000000    0.000000    0.730052    0.000000   -0.443947    0.450544
     0.632344    0.000000    0.000000    0.000000   -0.094560    0.060291
     0.000000    0.632344    0.000000    0.000001    0.419495    0.369663
     0.000000    0.000000    0.632344   -0.000001    0.383645   -0.389346
     0.183255    0.000000    0.000000    0.116027   -0.054815    0.276148
     0.000000    0.183255    0.000000   -0.514727    0.243173    0.225105
     0.000000    0.000000    0.183255   -0.470737    0.222392   -0.178075
     0.183255    0.000000    0.000000   -0.116027   -0.054815   -0.206249
     0.000000    0.183255    0.000000    0.514726    0.243173    0.203468
     0.000000    0.000000    0.183255    0.470739    0.222392   -0.273318

 The Projection Matrix


     0.450183    0.023273    0.080012   -0.447091   -0.020112   -0.069143
     0.023273    0.048395   -0.022778   -0.020112   -0.099878    0.019684
     0.080012   -0.022778    0.066945   -0.069143    0.019684   -0.115908
    -0.447091   -0.020112   -0.069143    0.587564    0.017380    0.059751
    -0.020112   -0.099878    0.019684    0.017380    0.287514   -0.017010
    -0.069143    0.019684   -0.115908    0.059751   -0.017010    0.301367
    -0.108522    0.091518   -0.148752   -0.137713   -0.079087    0.128547
    -0.010904    0.080551    0.006537    0.009423   -0.301103   -0.005649
    -0.036759    0.031781    0.045175    0.031766   -0.027464   -0.270533
    -0.142177   -0.114836    0.068589   -0.108629    0.099237   -0.059273
    -0.012413    0.071295    0.016284    0.010727   -0.293105   -0.014072
    -0.043404   -0.008960    0.088086    0.037508    0.007743   -0.307615


    -0.108522   -0.010904   -0.036759   -0.142177   -0.012413   -0.043404
     0.091518    0.080551    0.031781   -0.114836    0.071295   -0.008960
    -0.148752    0.006537    0.045175    0.068589    0.016284    0.088086
    -0.137713    0.009423    0.031766   -0.108629    0.010727    0.037508
    -0.079087   -0.301103   -0.027464    0.099237   -0.293105    0.007743
     0.128547   -0.005649   -0.270533   -0.059273   -0.014072   -0.307615
     0.873693    0.010889    0.115984    0.033830   -0.102580    0.033048
     0.010889    0.591668   -0.256295    0.000035    0.126426    0.249748
     0.115984   -0.256295    0.663655   -0.079156    0.224454    0.089883
     0.033830    0.000035   -0.079156    0.907412    0.115017    0.010437
    -0.102580    0.126426    0.224454    0.115017    0.600942   -0.240770
     0.033048    0.249748    0.089883    0.010437   -0.240770    0.620662

 Translations and Rotations Projected Out of Hessian

 Projected Mass-Weighted Hessian Matrix:


     0.053653    0.002606    0.010081   -0.056349   -0.002611   -0.010018
     0.002606    0.002859   -0.001183   -0.002611   -0.005883    0.001284
     0.010081   -0.001183    0.004968   -0.010018    0.001284   -0.007994
    -0.056349   -0.002611   -0.010018    0.081171    0.005506    0.010468
    -0.002611   -0.005883    0.001284    0.005506    0.029883   -0.015703
    -0.010018    0.001284   -0.007994    0.010468   -0.015703    0.034034
    -0.008190    0.005255   -0.008933   -0.022948    0.011101   -0.013746
     0.002408    0.004858    0.000465    0.010303   -0.038504    0.026674
    -0.005820    0.001167    0.002031   -0.012873    0.026872   -0.048988
    -0.011116   -0.006628    0.003340   -0.032660   -0.019699    0.017536
    -0.003782    0.004053   -0.000180   -0.018898   -0.041174    0.022398
     0.000227   -0.000882    0.005762    0.016662    0.022201   -0.036602


    -0.008190    0.002408   -0.005820   -0.011116   -0.003782    0.000227
     0.005255    0.004858    0.001167   -0.006628    0.004053   -0.000882
    -0.008933    0.000465    0.002031    0.003340   -0.000180    0.005762
    -0.022948    0.010303   -0.012873   -0.032660   -0.018898    0.016662
     0.011101   -0.038504    0.026872   -0.019699   -0.041174    0.022201
    -0.013746    0.026674   -0.048988    0.017536    0.022398   -0.036602
     0.102480   -0.048931    0.074105    0.009330   -0.010312    0.008917
    -0.048931    0.112118   -0.113984    0.003789    0.001389    0.020087
     0.074105   -0.113984    0.161807   -0.006500    0.016610   -0.000859
     0.009330    0.003789   -0.006500    0.147652    0.090586   -0.067314
    -0.010312    0.001389    0.016610    0.090586    0.124541   -0.093181
     0.008917    0.020087   -0.000859   -0.067314   -0.093181    0.104204

 Eigenvectors of Proj. Mass-Weighted Hessian Matrix:


     0.062819    0.070470   -0.262745   -0.045166    0.195131    0.657080
     0.043564   -0.134532   -0.020349    0.846451   -0.436819    0.154611
    -0.137333    0.006920    0.847322    0.216767    0.361122    0.137094
    -0.065875   -0.074664   -0.121955    0.020175    0.221052    0.581702
    -0.188534    0.503447   -0.285414    0.420423    0.355991   -0.196307
     0.541690    0.552485    0.259766   -0.041533   -0.117594    0.130127
    -0.102047   -0.087613    0.003526    0.028007    0.313850    0.094442
    -0.440440    0.456393   -0.055955   -0.025755   -0.047485   -0.000289
    -0.092720    0.441633    0.072502   -0.140274   -0.302846    0.126727
     0.029036    0.005044   -0.043628    0.000857   -0.170660    0.246355
     0.265649    0.014917   -0.187009    0.178881    0.466443   -0.209106
     0.597973    0.036823   -0.059228    0.049813    0.110074   -0.048010


    -0.024472    0.030843   -0.294121   -0.601756   -0.003993   -0.000382
     0.108852    0.188782   -0.013147   -0.026997   -0.000178   -0.002342
     0.099345   -0.198946   -0.058087   -0.118806   -0.000788    0.002468
     0.084946   -0.049664    0.008577    0.734048   -0.193925    0.037085
    -0.377040   -0.304119    0.000284    0.032943   -0.008703    0.227389
    -0.344478    0.320731    0.001694    0.144929   -0.038288   -0.239501
    -0.097512    0.574890    0.609063   -0.085927    0.275735    0.281629
     0.433669    0.173323    0.258187   -0.113975   -0.394190   -0.372184
     0.396540   -0.048322   -0.132066    0.103420    0.498995    0.476385
    -0.098113   -0.526390    0.533058   -0.049720    0.409332   -0.408073
     0.433708    0.124005   -0.206790    0.107856    0.424929   -0.403116
     0.396349   -0.265835    0.357627   -0.130216   -0.363738    0.340207

 Vibrational Frequencies in atomic units
    -0.0000000000   -0.0000000000   -0.0000000000   -0.0000000000    0.0000000000    0.0000000000
     0.0532807639    0.0594274516    0.0869086487    0.1271484456    0.3105749567    0.3220296432
 Vibrational Electric Transition dipole:  1     -0.00656644937366    0.02904581987098    0.02666203189771
 Vibrational Electric Transition dipole:  2     -0.01429362555852   -0.08766308072934    0.09229812689811
 Vibrational Electric Transition dipole:  3      0.07526937189258    0.00336610348511    0.01488016613589
 Vibrational Electric Transition dipole:  4      0.32769666281664    0.01469989029422    0.06469529095744
 Vibrational Electric Transition dipole:  5     -0.24247132652442   -0.01087726506110   -0.04786986178448
 Vibrational Electric Transition dipole:  6      0.04763840558837    0.29209944234856   -0.30765245312597
 **********************************************************************
 **                                                                  **
 **                       VIBRATIONAL ANALYSIS                       **
 **                       --------------------                       **
 **                                                                  **
 **        VIBRATIONAL FREQUENCIES (CM**-1) AND NORMAL MODES         **
 **     FORCE CONSTANTS (mDYN/ANGSTROM) AND REDUCED MASSES (AMU)     **
 **                  INFRARED INTENSITIES (KM/MOL)                   **
 **                                                                  **
 **********************************************************************


 Mode:                 1                      2                      3
 Frequency:      1186.56                1253.14                1515.43
 Force Cnst:      1.1397                 1.2476                 1.4895
 Red. Mass:       1.3739                 1.3484                 1.1008
 IR Active:          YES                    YES                    YES
 IR Intens:        1.558                 15.996                  5.750
 Raman Active:       YES                    YES                    YES
               X      Y      Z        X      Y      Z        X      Y      Z
 O         -0.007  0.032  0.029    0.009  0.055 -0.058   -0.077 -0.003 -0.015
 C          0.029 -0.128 -0.117   -0.017 -0.102  0.108    0.003  0.000  0.001
 H         -0.114  0.506  0.463    0.665  0.200 -0.056    0.637  0.270 -0.138
 H         -0.115  0.506  0.463   -0.609  0.143 -0.307    0.557 -0.216  0.374
 TransDip  -0.007  0.029  0.027   -0.014 -0.088  0.092    0.075  0.003  0.015

 Mode:                 4                      5                      6
 Frequency:      1832.99                2864.76                2917.12
 Force Cnst:     15.0016                 5.0545                 5.6217
 Red. Mass:       7.5782                 1.0453                 1.1213
 IR Active:          YES                    YES                    YES
 IR Intens:      108.979                 59.665                177.664
 Raman Active:       YES                    YES                    YES
               X      Y      Z        X      Y      Z        X      Y      Z
 O         -0.414 -0.019 -0.082   -0.001 -0.000 -0.000   -0.000 -0.001  0.001
 C          0.583  0.026  0.115   -0.057 -0.003 -0.011    0.011  0.070 -0.073
 H         -0.236 -0.313  0.284    0.281 -0.401  0.508    0.297 -0.393  0.502
 H         -0.136  0.296 -0.357    0.417  0.433 -0.370   -0.430 -0.425  0.359
 TransDip   0.328  0.015  0.065   -0.242 -0.011 -0.048    0.048  0.292 -0.308

 ======================================================================
                     VIBRATIONAL ANHARMONIC ANALYSIS                   
                     -------------------------------                   
 WARNING! Low frequency modes less than  300 are treated as rotation
 No anharmonic shift applied, please see IGNORE_LOW_FREQ for more details.
 WARNING! THESE RESULTS ARE CALCULATED WTIHOUT Eta_ijk AND Eta_ijkl
                                                                       
 TOSH[ 1]  1152.99    VPT2[ 1]  1152.99
 TOSH[ 2]  1231.47    VPT2[ 2]  1231.47
 TOSH[ 3]  1486.23    VPT2[ 3]  1484.08
 TOSH[ 4]  1808.93    VPT2[ 4]  1807.79
 TOSH[ 5]  2747.80    VPT2[ 5]  2705.96
 TOSH[ 6]  2720.23    VPT2[ 6]  2720.23

 ======================================================================

 STANDARD THERMODYNAMIC QUANTITIES AT   298.15 K  AND     1.00 ATM

   This Molecule has  0 Imaginary Frequencies
   Zero point vibrational energy:       16.540 kcal/mol

   Atom    1 Element O  Has Mass   15.99491
   Atom    2 Element C  Has Mass   12.00000
   Atom    3 Element H  Has Mass    1.00783
   Atom    4 Element H  Has Mass    1.00783
   Molecular Mass:    30.010570 amu
   Principal axes and moments of inertia in amu*Bohr^2:
                             1           2           3
    Eigenvalues --        6.42962    46.65361    53.08323
          X               0.98011    -0.11160    -0.16409
          Y               0.04396    -0.68424     0.72793
          Z               0.19351     0.72067     0.66572
   Rotational Symmetry Number is   1
   The Molecule is an Asymmetric Top
   Translational Enthalpy:        0.889 kcal/mol
   Rotational Enthalpy:           0.889 kcal/mol
   Vibrational Enthalpy:         16.563 kcal/mol
   gas constant (RT):             0.592 kcal/mol
   Translational Entropy:        36.130  cal/mol.K
   Rotational Entropy:           17.416  cal/mol.K
   Vibrational Entropy:           0.091  cal/mol.K

   Total Enthalpy:               18.933 kcal/mol
   Total Entropy:                53.637  cal/mol.K

 ======================================================================

 STANDARD THERMODYNAMIC QUANTITIES FOR ANHARMONIC VIBRATION -- TOSH

   Zero point vibrational energy:       15.936 kcal/mol

   Vibrational Enthalpy:         15.962 kcal/mol
   Vibrational Entropy:           0.102  cal/mol.K

   Total Enthalpy:               18.332 kcal/mol
   Total Entropy:                53.649  cal/mol.K

 ======================================================================

 STANDARD THERMODYNAMIC QUANTITIES FOR ANHARMONIC VIBRATION -- VPT2

   Zero point vibrational energy:       15.872 kcal/mol

   Vibrational Enthalpy:         15.898 kcal/mol
   Vibrational Entropy:           0.102  cal/mol.K

   Total Enthalpy:               18.268 kcal/mol
   Total Entropy:                53.649  cal/mol.K

 ======================================================================

 Total job time:  59.71s(wall), 407.84s(cpu) 
 Sun Mar  1 17:02:05 2026

        *************************************************************
        *                                                           *
        *  Thank you very much for using Q-Chem.  Have a nice day.  *
        *                                                           *
        *************************************************************


