d_donor_A,d_acceptor_A
1.557550626102060409e+00,1.073607096334376454e+00
1.557545542955398377e+00,1.073612421035295306e+00
1.557536917166089552e+00,1.073621316897087619e+00
1.557521305749914653e+00,1.073637591653706869e+00
1.557499548627843566e+00,1.073660204524116368e+00
1.557473163123790361e+00,1.073687508849244354e+00
1.557442960128825327e+00,1.073718093305906951e+00
1.557406621289774806e+00,1.073755098506618211e+00
1.557365556164541642e+00,1.073797201836722781e+00
1.557319168165897327e+00,1.073845190078337231e+00
1.557268939004703201e+00,1.073896858495514639e+00
1.557215439818491864e+00,1.073951399053586941e+00
1.557159953605116165e+00,1.074007486216992602e+00
1.557101582415464147e+00,1.074066294102482999e+00
1.557039559325873679e+00,1.074128486804915017e+00
1.556973261939632369e+00,1.074195028509064898e+00
1.556902714075314220e+00,1.074265927916855601e+00
1.556828487625817825e+00,1.074340729185370158e+00
1.556750222715762133e+00,1.074419607352816941e+00
1.556667710395716719e+00,1.074502702133161458e+00
1.556582165424153397e+00,1.074588774568392191e+00
1.556493404175091744e+00,1.074677977627876757e+00
1.556401814559372321e+00,1.074769703831070622e+00
1.556305892713404582e+00,1.074865967008619361e+00
1.556205321402574837e+00,1.074966785790030466e+00
1.556101286563165376e+00,1.075071094341447875e+00
1.555994513183705186e+00,1.075178245051708004e+00
1.555883609805099654e+00,1.075289542862621017e+00
1.555767519102228880e+00,1.075406240446050488e+00
1.555646483479059095e+00,1.075527871478009434e+00
1.555519680725779619e+00,1.075655386061806773e+00
1.555388891358010728e+00,1.075786627376954740e+00
1.555252828140158750e+00,1.075923156584936757e+00
1.555112037536588776e+00,1.076064412454812880e+00
1.554966966668947626e+00,1.076209969846764425e+00
1.554817691055621953e+00,1.076359887906583213e+00
1.554663113447163569e+00,1.076515121090132920e+00
1.554504144310806302e+00,1.076674450907649794e+00
1.554341334256921670e+00,1.076837538782559500e+00
1.554173055692595451e+00,1.077006146624432281e+00
1.553999360185302159e+00,1.077180190125041959e+00
1.553822411508284596e+00,1.077357277092268806e+00
1.553640045584397722e+00,1.077539779873185166e+00
1.553452315117071381e+00,1.077727471018482097e+00
1.553261667596484763e+00,1.077918148101308482e+00
1.553067271312127406e+00,1.078112562913080552e+00
1.552869143498522675e+00,1.078310629385181629e+00
1.552668304527569099e+00,1.078511163584922272e+00
1.552464182017543326e+00,1.078714987903935940e+00
1.552255957218150906e+00,1.078922946947318717e+00
1.552044017492936856e+00,1.079134283666324912e+00
1.551829775896006458e+00,1.079347910908446950e+00
1.551612799054124858e+00,1.079564047198775079e+00
1.551391174925400573e+00,1.079784807483397113e+00
1.551165935806729124e+00,1.080009289314881826e+00
1.550937719714434282e+00,1.080236642207454745e+00
1.550705577757341302e+00,1.080467743738061426e+00
1.550470564833121401e+00,1.080701380020720581e+00
1.550232898113385049e+00,1.080937563164998894e+00
1.549992572140695080e+00,1.081176237462195600e+00
1.549748622789796082e+00,1.081418284506666216e+00
1.549500682331424795e+00,1.081664113402894367e+00
1.549248043800452335e+00,1.081914632375859053e+00
1.548991352280677081e+00,1.082168990885440163e+00
1.548731288039199239e+00,1.082426426800188191e+00
1.548466602833156402e+00,1.082688199248225569e+00
1.548197628260901348e+00,1.082953959380431597e+00
1.547925347564093723e+00,1.083222745024316591e+00
1.547648375413144262e+00,1.083495952637989257e+00
1.547366418406126209e+00,1.083774221633560186e+00
1.547079948267235938e+00,1.084056935918439324e+00
1.546789315238516593e+00,1.084343440873763109e+00
1.546494810003238518e+00,1.084633632447725926e+00
1.546197229265954043e+00,1.084926678174090053e+00
1.545894146232892563e+00,1.085225470711949081e+00
1.545586801241598085e+00,1.085528215381711403e+00
1.545276129042117530e+00,1.085833968774207792e+00
1.544961342097834534e+00,1.086143614095012033e+00
1.544641567483322708e+00,1.086458085818516439e+00
1.544318901943746658e+00,1.086775010258643537e+00
1.543992846840660738e+00,1.087094899875161724e+00
1.543662686577985665e+00,1.087418428613256216e+00
1.543328736232448595e+00,1.087745601288225172e+00
1.542991683453413865e+00,1.088075721199619039e+00
1.542650546477934759e+00,1.088409909649429075e+00
1.542306490451536227e+00,1.088746580976353906e+00
1.541959428649239960e+00,1.089086041014746709e+00
1.541610473173357976e+00,1.089426786088566024e+00
1.541257108644768170e+00,1.089771954321709035e+00
1.540900005047040500e+00,1.090120749621948271e+00
1.540540068715503752e+00,1.090472170382658534e+00
1.540178069570381059e+00,1.090825012187441878e+00
1.539813272607716055e+00,1.091180210920979610e+00
1.539446685646930657e+00,1.091536357174430316e+00
1.539076305881513118e+00,1.091895864410211692e+00
1.538703399117656634e+00,1.092257469594783315e+00
1.538328445474910433e+00,1.092620499277964008e+00
1.537950313246331246e+00,1.092986109394886496e+00
1.537567436859309300e+00,1.093356246259118203e+00
1.537181235472595109e+00,1.093729245207350598e+00
1.536791275807051216e+00,1.094105558904302500e+00
1.536398896267154646e+00,1.094483672964902787e+00
1.536003521793926296e+00,1.094864528456872099e+00
1.535604581394162116e+00,1.095248447138095216e+00
1.535200568319906367e+00,1.095637253547329326e+00
1.534793749416245801e+00,1.096028636286942248e+00
1.534383898188986795e+00,1.096422570667690444e+00
1.533969428446473771e+00,1.096820468943138449e+00
1.533550405135233552e+00,1.097222408334759036e+00
1.533126326811329099e+00,1.097629279142592340e+00
1.532697364224836933e+00,1.098040733881096243e+00
1.532264440168693787e+00,1.098455734240342707e+00
1.531828314694695381e+00,1.098873223617161443e+00
1.531389113367327859e+00,1.099293176136904915e+00
1.530946907126296219e+00,1.099715834662954528e+00
1.530500888934303250e+00,1.100142039399375937e+00
1.530051529624306017e+00,1.100570916931546739e+00
1.529599416032651815e+00,1.101001907522493051e+00
1.529145452159677454e+00,1.101433860501639606e+00
1.528688274546928128e+00,1.101868563067798235e+00
1.528228035356907988e+00,1.102305913443113683e+00
1.527765094122787826e+00,1.102745512993228649e+00
1.527300894330042125e+00,1.103185564637914728e+00
1.526833539745063639e+00,1.103628267262977136e+00
1.526364443994410847e+00,1.104071876205209302e+00
1.525893392030079454e+00,1.104516703721574844e+00
1.525420341382524025e+00,1.104962795380713958e+00
1.524945254799019212e+00,1.105410274890012534e+00
1.524469918670864121e+00,1.105856979258902806e+00
1.523992618690038325e+00,1.106304879434995669e+00
1.523513188456737666e+00,1.106754363488773540e+00
1.523031909223076186e+00,1.107205225210020627e+00
1.522548454430322051e+00,1.107657703766808721e+00
1.522061571126373414e+00,1.108113102324138177e+00
1.521572570171187078e+00,1.108569687136326198e+00
1.521079859681591540e+00,1.109029475984176782e+00
1.520583028794492586e+00,1.109492772916308878e+00
1.520083583895861068e+00,1.109957865608919514e+00
1.519581864846355934e+00,1.110424341900587031e+00
1.519075778581225666e+00,1.110894686491105565e+00
1.518566166144156293e+00,1.111367808559815540e+00
1.518052687806957568e+00,1.111844300216134229e+00
1.517535091242165013e+00,1.112324202103470716e+00
1.517013744469843495e+00,1.112807073072641373e+00
1.516488997239173964e+00,1.113292450105080267e+00
1.515960640397552739e+00,1.113780732385152961e+00
1.515429178570730118e+00,1.114271455245441356e+00
1.514894974236038472e+00,1.114764124135437351e+00
1.514358136690947987e+00,1.115258586404490604e+00
1.513819581906388212e+00,1.115753851550511211e+00
1.513279400494414784e+00,1.116249811258146929e+00
1.512737362948283870e+00,1.116747073776199750e+00
1.512194462940362971e+00,1.117244456220050308e+00
1.511649571495871092e+00,1.117743204337552809e+00
1.511102112631710348e+00,1.118243426350643555e+00
1.510552347606699986e+00,1.118744996832197192e+00
1.510000687230636185e+00,1.119247936493226847e+00
1.509447320700646022e+00,1.119751928306755628e+00
1.508891314629606351e+00,1.120257751156047199e+00
1.508332690291316336e+00,1.120765201886513518e+00
1.507771924377031114e+00,1.121273914612950007e+00
1.507208367601850396e+00,1.121784558640068763e+00
1.506642512062055683e+00,1.122296639585601996e+00
1.506075799883789035e+00,1.122808842061235657e+00
1.505507318725793686e+00,1.123321897558247295e+00
1.504935798668343816e+00,1.123837095682330034e+00
1.504362625455972324e+00,1.124352932864879140e+00
1.503786882255422563e+00,1.124870433818456750e+00
1.503208769573290082e+00,1.125389288834597323e+00
1.502628766163385476e+00,1.125909146003393202e+00
1.502047448660341900e+00,1.126429346523728725e+00
1.501463655738645819e+00,1.126951256332834550e+00
1.500877809681410158e+00,1.127474253621900679e+00
1.500289410060246409e+00,1.127998868335940985e+00
1.499698292969369628e+00,1.128525292208652830e+00
1.499104818785847781e+00,1.129052959194113193e+00
1.498509794388514837e+00,1.129581013702433356e+00
1.497912029270663359e+00,1.130110878429844590e+00
1.497311148148021021e+00,1.130642897544334557e+00
1.496706903059787930e+00,1.131177593838134543e+00
1.496099953074042421e+00,1.131714070769916258e+00
1.495489332022352347e+00,1.132253589114870174e+00
1.494875906383999586e+00,1.132795009294877087e+00
1.494259873916913062e+00,1.133338082777501254e+00
1.493641251717424012e+00,1.133882671076469784e+00
1.493019074314922534e+00,1.134429887104116075e+00
1.492394098455027018e+00,1.134978742908941518e+00
1.491766911146787056e+00,1.135528828108281374e+00
1.491136958902758769e+00,1.136080848078975913e+00
1.490505017560742607e+00,1.136633987076954178e+00
1.489871465021829211e+00,1.137187761628271065e+00
1.489236076972351830e+00,1.137742358651714358e+00
1.488599180936614363e+00,1.138297737061979564e+00
1.487960754453167223e+00,1.138853706306258262e+00
1.487320239925035148e+00,1.139410688878691902e+00
1.486678343041262895e+00,1.139968007697921726e+00
1.486034250362425979e+00,1.140526601002569196e+00
1.485388173455945093e+00,1.141086124074444985e+00
1.484741472653082539e+00,1.141644957604069255e+00
1.484093305412881980e+00,1.142204261565616275e+00
1.483442366275932178e+00,1.142765518343638487e+00
1.482790797836988528e+00,1.143326053155290234e+00
1.482137179091286949e+00,1.143887578908620473e+00
1.481481062634079304e+00,1.144450167603545898e+00
1.480823106576450554e+00,1.145013588925438253e+00
1.480164017781812724e+00,1.145577114964060561e+00
1.479502466230020907e+00,1.146142307236039271e+00
1.478840430839385434e+00,1.146706873574818708e+00
1.478176951661621663e+00,1.147271660441798957e+00
1.477511846346631685e+00,1.147836718738265871e+00
1.476844089100169066e+00,1.148403525204162001e+00
1.476173708547027230e+00,1.148971975160589354e+00
1.475500580491404756e+00,1.149542285331726976e+00
1.474825246395012890e+00,1.150113661061139325e+00
1.474146877811252532e+00,1.150687050134957312e+00
1.473465821400319342e+00,1.151262248940213562e+00
1.472781247700357232e+00,1.151840504244455943e+00
1.472094706462009128e+00,1.152419798476335577e+00
1.471405621953184584e+00,1.153000544081726808e+00
1.470714185170564736e+00,1.153582133493480599e+00
1.470019543966019970e+00,1.154166070844990788e+00
1.469322928296715070e+00,1.154750831874237438e+00
1.468623729400442945e+00,1.155337263643971601e+00
1.467922728541703581e+00,1.155924356075700210e+00
1.467219594097340263e+00,1.156512339540694212e+00
1.466514652086586823e+00,1.157101124442333262e+00
1.465807088271389835e+00,1.157691700080140773e+00
1.465098312528909430e+00,1.158282381886812429e+00
1.464387851658855988e+00,1.158873733001431150e+00
1.463675568324024345e+00,1.159465656405261891e+00
1.462960857827785066e+00,1.160058941729756432e+00
1.462243607726548600e+00,1.160653894865521396e+00
1.461523485480277218e+00,1.161250941101696021e+00
1.460803681527758080e+00,1.161846507962440489e+00
1.460084261251483939e+00,1.162440289683884576e+00
1.459363510066801428e+00,1.163034090495288053e+00
1.458641203146831433e+00,1.163628321256121367e+00
1.457917068229573898e+00,1.164223244120258904e+00
1.457190932771372571e+00,1.164819056194297486e+00
1.456464111326118083e+00,1.165414407747930037e+00
1.455736362408208029e+00,1.166009708385177035e+00
1.455005800313674991e+00,1.166607069948330633e+00
1.454274245208455607e+00,1.167204293631632028e+00
1.453541541248418278e+00,1.167801543730316638e+00
1.452807277148071563e+00,1.168399187694987740e+00
1.452070426539876058e+00,1.168998551401229102e+00
1.451331279658234497e+00,1.169599272897112741e+00
1.450589245826703122e+00,1.170202040992280423e+00
1.449844077681210486e+00,1.170807039928833282e+00
1.449094987549121027e+00,1.171415001591325611e+00
1.448343061914706631e+00,1.172024529795307357e+00
1.447588156035885643e+00,1.172635944647306916e+00
1.446831187457865431e+00,1.173248334657539971e+00
1.446071557574553967e+00,1.173862429925743189e+00
1.445308482633104852e+00,1.174478798217731157e+00
1.444541901699817554e+00,1.175097512664020627e+00
1.443773675983203386e+00,1.175716681553960585e+00
1.443002555462626457e+00,1.176338108094686197e+00
1.442229136496520736e+00,1.176961092489531735e+00
1.441453974588416287e+00,1.177585063376923813e+00
1.440676444129942224e+00,1.178210484364478283e+00
1.439895957291753348e+00,1.178838052509106893e+00
1.439114663799507365e+00,1.179465278851518528e+00
1.438332103524840422e+00,1.180092693492742262e+00
1.437547636583081045e+00,1.180721012491853905e+00
1.436761606277976888e+00,1.181349623369244650e+00
1.435974026854758279e+00,1.181978704242343081e+00
1.435184647485551412e+00,1.182608623766199463e+00
1.434394030992790725e+00,1.183238689597001292e+00
1.433601476360637506e+00,1.183869932131830449e+00
1.432806357531073216e+00,1.184502599168036463e+00
1.432009193775626299e+00,1.185136182287983786e+00
1.431210311338154906e+00,1.185770514037973733e+00
1.430409107239533961e+00,1.186406294043501175e+00
1.429605957857579712e+00,1.187043068144207458e+00
1.428800132969463954e+00,1.187681696784648411e+00
1.427990839359109199e+00,1.188322851661155699e+00
1.427179452104330837e+00,1.188965166967730802e+00
1.426366033410235712e+00,1.189608499689483123e+00
1.425550073524086914e+00,1.190253564488818139e+00
1.424731453175096529e+00,1.190900275068745851e+00
1.423910818886796381e+00,1.191547830720881995e+00
1.423087781156325393e+00,1.192196824771881269e+00
1.422261172902015369e+00,1.192848626875187001e+00
1.421432703363486372e+00,1.193501530836905689e+00
1.420602744846372723e+00,1.194155197849973593e+00
1.419770078207465813e+00,1.194810712215762738e+00
1.418935701902046764e+00,1.195466964912924812e+00
1.418100782640338453e+00,1.196122571324018669e+00
1.417262424603445092e+00,1.196780759967500440e+00
1.416420472785570928e+00,1.197441832951656071e+00
1.415575995134437104e+00,1.198104700377003784e+00
1.414729651629863971e+00,1.198768636222776518e+00
1.413881810696381969e+00,1.199433070301702875e+00
1.413032319713969365e+00,1.200098262658254589e+00
1.412179380575627974e+00,1.200766417132469233e+00
1.411323151906697326e+00,1.201437076060816178e+00
1.410464470859019936e+00,1.202109223549076455e+00
1.409602598591374933e+00,1.202783690797144089e+00
1.408737293141232749e+00,1.203460762191435052e+00
1.407869646702462063e+00,1.204139322128761735e+00
1.406998435887683252e+00,1.204820763192589128e+00
1.406124372656923471e+00,1.205504260399863137e+00
1.405247886433244719e+00,1.206189440126631540e+00
1.404368370832344670e+00,1.206876801483534711e+00
1.403485547770578323e+00,1.207566689155736617e+00
1.402599891155893008e+00,1.208258619879575280e+00
1.401712319526337458e+00,1.208951715327795107e+00
1.400823500856484882e+00,1.209645148711648632e+00
1.399933615257080266e+00,1.210338788293438661e+00
1.399042135872755832e+00,1.211033498690942567e+00
1.398148244500409421e+00,1.211729976505857564e+00
1.397252498670706666e+00,1.212427422008672373e+00
1.396355355103259477e+00,1.213125257601919138e+00
1.395456241903294314e+00,1.213823987349301969e+00
1.394554095521059356e+00,1.214525201787289399e+00
1.393649680258882695e+00,1.215228039322211240e+00
1.392743321309956928e+00,1.215932104313695250e+00
1.391834171012433563e+00,1.216638386695929830e+00
1.390922700034522785e+00,1.217346226627228356e+00
1.390008160250226110e+00,1.218056580704325320e+00
1.389089835717164156e+00,1.218770239786214793e+00
1.388168999619376232e+00,1.219485861666912196e+00
1.387245951682623657e+00,1.220203079453730188e+00
1.386319067538918537e+00,1.220923589084530025e+00
1.385389638675547541e+00,1.221645901583477745e+00
1.384456660067105105e+00,1.222371082636285466e+00
1.383520045679229371e+00,1.223099186342939904e+00
1.382580732148291469e+00,1.223829660443552791e+00
1.381638918740649480e+00,1.224562164991348956e+00
1.380693174023443826e+00,1.225297974392431266e+00
1.379744521678483604e+00,1.226036017793570521e+00
1.378792146020285658e+00,1.226777377706274041e+00
1.377836354410546749e+00,1.227521531080230988e+00
1.376877617671606879e+00,1.228268102581963284e+00
1.375916013053425591e+00,1.229016843912277945e+00
1.374950394491968320e+00,1.229769176575949086e+00
1.373981097372542814e+00,1.230524502808461929e+00
1.373008579355482262e+00,1.231282486317601732e+00
1.372033438917349191e+00,1.232042521566972804e+00
1.371054563756447520e+00,1.232805962322968796e+00
1.370073227817224071e+00,1.233571298985559617e+00
1.369088930912325752e+00,1.234339180597561647e+00
1.368101707075834117e+00,1.235109313809642728e+00
1.367110686404497510e+00,1.235882768907672569e+00
1.366116629461880505e+00,1.236658645830979397e+00
1.365119587428119452e+00,1.237437259631292585e+00
1.364120271127803319e+00,1.238217805700247309e+00
1.363118513710794177e+00,1.239000437649115494e+00
1.362114762418170200e+00,1.239784747362429496e+00
1.361109106034152028e+00,1.240570559842693266e+00
1.360102401516853465e+00,1.241356906703003027e+00
1.359092113897211629e+00,1.242146405921914942e+00
1.358078782320563116e+00,1.242938362967153765e+00
1.357061971051839011e+00,1.243733260491255876e+00
1.356041156297983941e+00,1.244531780283395506e+00
1.355016646743113284e+00,1.245333756881242593e+00
1.353989341041214489e+00,1.246138193967242902e+00
1.352957758818100320e+00,1.246946718099376739e+00
1.351922027850289698e+00,1.247759321955047573e+00
1.350883115305393067e+00,1.248574773760393386e+00
1.349839618703783772e+00,1.249394569812630751e+00
1.348792246006004225e+00,1.250217810943476060e+00
1.347741254654214460e+00,1.251044291255068552e+00
1.346686545647230782e+00,1.251874231559785500e+00
1.345627728769505538e+00,1.252708253198893340e+00
1.344566070468983021e+00,1.253544975077442336e+00
1.343500466877701527e+00,1.254385457921309399e+00
1.342431846879141411e+00,1.255228751861925618e+00
1.341359859224624085e+00,1.256075454033510397e+00
1.340283032007069774e+00,1.256926755198368495e+00
1.339201092251411707e+00,1.257782843560566688e+00
1.338115729784340679e+00,1.258642048922943291e+00
1.337026773248758404e+00,1.259504732967253737e+00
1.335934305957111379e+00,1.260370692395941683e+00
1.334837622134360968e+00,1.261240904726980805e+00
1.333737887047413695e+00,1.262113993972312276e+00
1.332634202986139771e+00,1.262991014773743093e+00
1.331527137949847450e+00,1.263871131058990072e+00
1.330416656124122854e+00,1.264754605787523856e+00
1.329302685569238029e+00,1.265641469251247653e+00
1.328183944809788741e+00,1.266532961617738096e+00
1.327062230538739618e+00,1.267427124930886162e+00
1.325937554838514165e+00,1.268324092958019289e+00
1.324810016313466177e+00,1.269223683872045871e+00
1.323679007454815482e+00,1.270126717215558809e+00
1.322544830650167924e+00,1.271032994731942090e+00
1.321406571103401983e+00,1.271943508036250892e+00
1.320265425767809919e+00,1.272856919369811823e+00
1.319120303922404425e+00,1.273774581316194254e+00
1.317970078137214340e+00,1.274697543548534817e+00
1.316815971634794691e+00,1.275624424547293412e+00
1.315658407997164270e+00,1.276554713871261404e+00
1.314496416492961339e+00,1.277489621248692142e+00
1.313331048107135857e+00,1.278427894345110172e+00
1.312161613848504382e+00,1.279370483776675727e+00
1.310988193502284238e+00,1.280317212238704316e+00
1.309811452436577817e+00,1.281267317558715479e+00
1.308631052205096790e+00,1.282221236672154374e+00
1.307446787626725282e+00,1.283179222345492754e+00
1.306258408589206610e+00,1.284141286792820358e+00
1.305065968507860052e+00,1.285107687172297508e+00
1.303868972363791734e+00,1.286079015425579231e+00
1.302668142665714734e+00,1.287054421906656643e+00
1.301463059562908198e+00,1.288034336012982450e+00
1.300253534097855601e+00,1.289018801467993081e+00
1.299038799400574762e+00,1.290008731561309130e+00
1.297819374351152799e+00,1.291003647706325586e+00
1.296594901390213161e+00,1.292003834674994689e+00
1.295365230859652161e+00,1.293009426816670082e+00
1.294130908433560823e+00,1.294020051799546822e+00
1.292891744689012024e+00,1.295035846306228366e+00
1.291646929858766057e+00,1.296057781024192890e+00
1.290397793780167834e+00,1.297084395041794513e+00
1.289144034629167601e+00,1.298115997389475584e+00
1.287885107331599110e+00,1.299152967282011906e+00
1.286622104878395234e+00,1.300194391367471614e+00
1.285356248577803395e+00,1.301238959394578121e+00
1.284085956977867538e+00,1.302288568009591918e+00
1.282811767579377982e+00,1.303342557532473078e+00
1.281533661638680766e+00,1.304401007663755552e+00
1.280251226424062860e+00,1.305464171795828632e+00
1.278965497679241503e+00,1.306531163379642146e+00
1.277677527042551775e+00,1.307600864298436694e+00
1.276385348133210362e+00,1.308675338719665904e+00
1.275089955419985266e+00,1.309753442991806516e+00
1.273791120998214677e+00,1.310835762839094532e+00
1.272488194081730084e+00,1.311922858307044804e+00
1.271181749682107620e+00,1.313013894768345180e+00
1.269871638473502262e+00,1.314109098187169034e+00
1.268556104332685397e+00,1.315210383066492739e+00
1.267236017172121088e+00,1.316316711550250762e+00
1.265910659935931770e+00,1.317429042843893505e+00
1.264580807160107234e+00,1.318546766530471981e+00
1.263246001151185238e+00,1.319670281919993915e+00
1.261906324923799838e+00,1.320799494968977639e+00
1.260561855624300787e+00,1.321934249116590632e+00
1.259212939287199795e+00,1.323074188672311191e+00
1.257859016990253709e+00,1.324219971221458625e+00
1.256499598352505576e+00,1.325372116938646538e+00
1.255134315747835183e+00,1.326530822803624998e+00
1.253763781801966237e+00,1.327695455209865427e+00
1.252388455624280361e+00,1.328865466909328497e+00
1.251007275198692925e+00,1.330041960926630962e+00
1.249620789287554379e+00,1.331224639444124502e+00
1.248229131610808285e+00,1.332413476778334438e+00
1.246833072770388240e+00,1.333607836015835657e+00
1.245432064725989108e+00,1.334808279635492534e+00
1.244026478561868876e+00,1.336014309996009342e+00
1.242614780211824588e+00,1.337227535789900612e+00
1.241198329587224425e+00,1.338446355712680669e+00
1.239778381486577041e+00,1.339669621784940423e+00
1.238354371406861665e+00,1.340897835828136486e+00
1.236926865425081568e+00,1.342130583235794372e+00
1.235495894715416210e+00,1.343367875508541642e+00
1.234059923806895887e+00,1.344611457102305563e+00
1.232620565812758917e+00,1.345859689295102690e+00
1.231178696826846997e+00,1.347111724895473817e+00
1.229732744478378770e+00,1.348368876661135030e+00
1.228282676985277044e+00,1.349631301084412538e+00
1.226829021120890983e+00,1.350898354874254359e+00
1.225370217738646517e+00,1.352171623509318188e+00
1.223907305235690135e+00,1.353450180739281361e+00
1.222440094239452435e+00,1.354734472057222749e+00
1.220968406377943793e+00,1.356024918345160701e+00
1.219491904413306571e+00,1.357321764980881307e+00
1.218010527438203816e+00,1.358624857119387519e+00
1.216524514357463671e+00,1.359933908968853356e+00
1.215035286103308021e+00,1.361247423240238286e+00
1.213542220761292034e+00,1.362566103069207557e+00
1.212044678386130059e+00,1.363890625573914495e+00
1.210542892806225623e+00,1.365220679252634017e+00
1.209037215383705455e+00,1.366556046976324934e+00
1.207527804107494385e+00,1.367896663611167352e+00
1.206014278523847461e+00,1.369242706294240053e+00
1.204495410102541797e+00,1.370595620293370231e+00
1.202971025660500404e+00,1.371955856818183994e+00
1.201442349768672813e+00,1.373322263097055851e+00
1.199909746112495235e+00,1.374694275337820182e+00
1.198372759924920983e+00,1.376072178178425087e+00
1.196830931498353179e+00,1.377456702907628117e+00
1.195283962255230481e+00,1.378848229660549318e+00
1.193733002557862077e+00,1.380245450040647137e+00
1.192178721334786751e+00,1.381647958817320720e+00
1.190620317976115672e+00,1.383056537276493358e+00
1.189058463448361858e+00,1.384470360327800131e+00
1.187492001978593503e+00,1.385890616759435812e+00
1.185921670984518173e+00,1.387316473192321320e+00
1.184348000006456347e+00,1.388747232660334952e+00
1.182770742567945010e+00,1.390183389794123592e+00
1.181190018535870134e+00,1.391624978201524643e+00
1.179606843540484951e+00,1.393070882912828212e+00
1.178020644183336740e+00,1.394521921453754754e+00
1.176431205814668646e+00,1.395978356786371055e+00
1.174839417139490028e+00,1.397439458973869675e+00
1.173244720801188024e+00,1.398905720155897647e+00
1.171646413035407175e+00,1.400377819856216455e+00
1.170044674459356004e+00,1.401855442856023926e+00
1.168439037651905599e+00,1.403339232052527308e+00
1.166829969636149045e+00,1.404828793014011534e+00
1.165218659288870251e+00,1.406322899280673111e+00
1.163604797751905950e+00,1.407822026887461941e+00
1.161988299238758904e+00,1.409326329110963893e+00
1.160369933850906143e+00,1.410834736908248788e+00
1.158748279341457410e+00,1.412348792083241822e+00
1.157124484801463682e+00,1.413867342939935989e+00
1.155498581244779333e+00,1.415390484018365758e+00
1.153870917189487644e+00,1.416917947466370675e+00
1.152241693641161024e+00,1.418449631443260417e+00
1.150610124522673416e+00,1.419986326573730695e+00
1.148975292796109882e+00,1.421528726417372601e+00
1.147338215774774905e+00,1.423075840248360091e+00
1.145698251526638956e+00,1.424628531198622872e+00
1.144056119656921666e+00,1.426186271620620838e+00
1.142412162149891497e+00,1.427748607027038874e+00
1.140766298052038330e+00,1.429315609973491386e+00
1.139118259742147865e+00,1.430887581584795676e+00
1.137468561983109971e+00,1.432464082187556276e+00
1.135816977096150149e+00,1.434045424300166571e+00
1.134163723933135914e+00,1.435631508485942565e+00
1.132508278027894333e+00,1.437222680905168692e+00
1.130850957661480249e+00,1.438818765254990639e+00
1.129192005904213758e+00,1.440419637634157590e+00
1.127531848501870160e+00,1.442025020366891397e+00
1.125870974193893481e+00,1.443634605226947976e+00
1.124209520360496706e+00,1.445247989825949375e+00
1.122547497479694956e+00,1.446865223461207828e+00
1.120884395585073579e+00,1.448486838736164017e+00
1.119221766377433314e+00,1.450111305471196710e+00
1.117560046918304462e+00,1.451738271001145053e+00
1.115898421024740683e+00,1.453368834123917042e+00
1.114237650369953814e+00,1.455002181171392461e+00
1.112578180536596628e+00,1.456637510789916101e+00
1.110920268546663925e+00,1.458274951068487146e+00
1.109264760088137791e+00,1.459913618507382216e+00
1.107611580071664603e+00,1.461553740164470483e+00
1.105958662225822398e+00,1.463197272614259692e+00
1.104307739839040847e+00,1.464842611464055366e+00
1.102659021197303968e+00,1.466489546156090951e+00
1.101011875093918624e+00,1.468138855758740036e+00
1.099366913211897501e+00,1.469790024199052692e+00
1.097723556450015847e+00,1.471443442559434933e+00
1.096082501193274217e+00,1.473098722947574934e+00
1.094443163187788226e+00,1.474756387714997841e+00
1.092805796009226338e+00,1.476416173484986771e+00
1.091171095664539070e+00,1.478077568054178448e+00
1.089540349343477876e+00,1.479739265968754269e+00
1.087912724392676944e+00,1.481402076374436438e+00
1.086287442622214883e+00,1.483066881266216441e+00
1.084665736274168513e+00,1.484732679249503473e+00
1.083047738518061021e+00,1.486399267857548168e+00
1.081432693102232889e+00,1.488067338760286074e+00
1.079821178440198759e+00,1.489736400945859351e+00
1.078213394961228477e+00,1.491406597213519314e+00
1.076608504974158498e+00,1.493078571505564112e+00
1.075007812209693103e+00,1.494751225069879341e+00
1.073411775701411441e+00,1.496424081860239674e+00
1.071821032714866506e+00,1.498096674214559831e+00
1.070235712017488128e+00,1.499768816699769136e+00
1.068655084836307445e+00,1.501441234092081300e+00
1.067080609673766833e+00,1.503112827413427999e+00
1.065511358598660197e+00,1.504784257526836200e+00
1.063948140666041375e+00,1.506454895636829328e+00
1.062391607437732199e+00,1.508124180723412477e+00
1.060843004674231205e+00,1.509790835410554921e+00
1.059301276638596745e+00,1.511455897511608581e+00
1.057766598184043394e+00,1.513119485639377926e+00
1.056240023753518775e+00,1.514780652565707042e+00
1.054721650953201806e+00,1.516439330471910596e+00
1.053211559930244512e+00,1.518095504532788631e+00
1.051710340126429388e+00,1.519748438296701032e+00
1.050217690237856161e+00,1.521398527551178548e+00
1.048733603381835522e+00,1.523045719926129138e+00
1.047258004576884449e+00,1.524690205385113462e+00
1.045790998920092640e+00,1.526332331720062108e+00
1.044333370326302468e+00,1.527971156257111662e+00
1.042885562705041291e+00,1.529606167426616148e+00
1.041447198617962089e+00,1.531238017227867232e+00
1.040019822589841381e+00,1.532865296194948490e+00
1.038602575351335489e+00,1.534488686438262528e+00
1.037194976176004646e+00,1.536108648436415702e+00
1.035797802979921078e+00,1.537724639214090416e+00
1.034412610682078126e+00,1.539335211639824674e+00
1.033038965170001156e+00,1.540941004085900623e+00
1.031677032684515272e+00,1.542542097966415504e+00
1.030326982473881214e+00,1.544138222699940277e+00
1.028988287226873855e+00,1.545729845375602318e+00
1.027662038104036446e+00,1.547316135395572001e+00
1.026348782894846545e+00,1.548896293249535150e+00
1.025047897566913724e+00,1.550471019160624797e+00
1.023759586865660376e+00,1.552040353645264936e+00
1.022484919106088519e+00,1.553603253858653277e+00
1.021224379037175778e+00,1.555159237497131697e+00
1.019978359512622390e+00,1.556708098116655670e+00
1.018746999690977262e+00,1.558249770773080023e+00
1.017529651537727897e+00,1.559784933695824050e+00
1.016326503104187040e+00,1.561313443459763750e+00
1.015137986035150375e+00,1.562834704163271304e+00
1.013965082488814895e+00,1.564348079739856345e+00
1.012806794894855367e+00,1.565854691765012907e+00
1.011665542384031946e+00,1.567352610589970441e+00
1.010540980342816475e+00,1.568842128770520761e+00
1.009432454592206652e+00,1.570323508352430730e+00
1.008341344676147777e+00,1.571795381357530053e+00
1.007267191490487157e+00,1.573258151526988113e+00
1.006209115193793524e+00,1.574712948477479335e+00
1.005168625642246738e+00,1.576158294243642732e+00
1.004148074970002247e+00,1.577592397912474631e+00
1.003145236557857700e+00,1.579017306727747982e+00
1.002159957231419485e+00,1.580433087419646387e+00
1.001193407582029016e+00,1.581838653720444299e+00
1.000245580228975806e+00,1.583234082132033649e+00
9.993170817952198304e-01,1.584618898569638779e+00
9.984077889854000576e-01,1.585993141223255076e+00
9.975183150601110160e-01,1.587356638939289466e+00
9.966478829552848362e-01,1.588709846144827020e+00
9.957976386887891218e-01,1.590052049779584697e+00
9.949676647382326156e-01,1.591383530527735068e+00
9.941586743625103750e-01,1.592703103775210405e+00
9.933703143314307482e-01,1.594011020905575782e+00
9.926016620515873967e-01,1.595308392360745842e+00
9.918542863474714144e-01,1.596593789132754848e+00
9.911285306384587379e-01,1.597866761453744067e+00
9.904245224912702206e-01,1.599127570767491457e+00
9.897416852173341884e-01,1.600376370058364417e+00
9.890807478667971164e-01,1.601612687199242435e+00
9.884411375844668335e-01,1.602837056543984673e+00
9.878227017635193841e-01,1.604049571480703928e+00
9.872267366514478892e-01,1.605249505369109375e+00
9.866523686167812945e-01,1.606437504295203711e+00
9.860997415059009619e-01,1.607613534096613117e+00
9.855691639510438806e-01,1.608777501602346893e+00
9.850610394658748659e-01,1.609929018431308645e+00
9.845750544955199635e-01,1.611068320123318687e+00
9.841118976007845465e-01,1.612194750269127619e+00
9.836715961689980192e-01,1.613308237560289848e+00
9.832545069547624639e-01,1.614408339465632336e+00
9.828611892677271422e-01,1.615494628770988372e+00
9.824908363175861581e-01,1.616567912453738876e+00
9.821444886369065097e-01,1.617627407089151204e+00
9.818226224044874773e-01,1.618672596439311384e+00
9.815246826546911718e-01,1.619704010006640882e+00
9.812507500639638947e-01,1.620721492791789231e+00
9.810013144412766950e-01,1.621724712428227466e+00
9.807757090289516144e-01,1.622714200430157572e+00
9.805744905768192243e-01,1.623689579505338543e+00
9.803976918655002981e-01,1.624650935917227867e+00
9.802448091879941705e-01,1.625598717803186766e+00
9.801163090426359137e-01,1.626532502253383639e+00
9.800112873053116180e-01,1.627453084148533957e+00
9.799293158747993671e-01,1.628360849915136743e+00
9.798711964916800854e-01,1.629255112265106442e+00
9.798373865410657801e-01,1.630135188128017276e+00
9.798279324355425590e-01,1.631001267100255392e+00
9.798415932655636373e-01,1.631854439035290705e+00
9.798797825940290807e-01,1.632693550919604331e+00
9.799418639404264830e-01,1.633518930240174249e+00
9.800279484734356616e-01,1.634330347843391262e+00
9.801381891251902401e-01,1.635127618088257906e+00
9.802715140663800231e-01,1.635911916929712717e+00
9.804289032104357426e-01,1.636682692552873020e+00
9.806094005857458606e-01,1.637440530118793092e+00
9.808132093053995026e-01,1.638185252638784783e+00
9.810400323055347149e-01,1.638917087986284660e+00
9.812897552369339582e-01,1.639636142282280495e+00
9.815635071984806226e-01,1.640341479319824547e+00
9.818600256865643860e-01,1.641033951037599303e+00
9.821795401988784313e-01,1.641713524651602807e+00
9.825208532852066634e-01,1.642380938333098284e+00
9.828843645708466026e-01,1.643035982633030079e+00
9.832705539673327610e-01,1.643678351954489969e+00
9.836792722567267999e-01,1.644308302785500553e+00
9.841105998133291566e-01,1.644925443714120750e+00
9.845641215656020240e-01,1.645530062283683481e+00
9.850390203079598672e-01,1.646122760190514178e+00
9.855357838861834585e-01,1.646702899850695623e+00
9.860542914023484595e-01,1.647270496545639284e+00
9.865937810338492042e-01,1.647826485607604363e+00
9.871547158499116570e-01,1.648370524578832264e+00
9.877367287790401740e-01,1.648902580888635505e+00
9.883397462333414207e-01,1.649422664235284497e+00
9.889640645773261074e-01,1.649930386984252539e+00
9.896091225183698548e-01,1.650426360505976131e+00
9.902746211828422629e-01,1.650911157609207480e+00
9.909598792137636059e-01,1.651384803257865519e+00
9.916653831343181791e-01,1.651846941500626054e+00
9.923904686937347064e-01,1.652298089114353496e+00
9.931342125180877556e-01,1.652738950027841991e+00
9.938969453821678846e-01,1.653169473135102985e+00
9.946785094800525417e-01,1.653589680173980891e+00
9.954786520402878480e-01,1.653999540118021416e+00
9.962969955691853841e-01,1.654399154021324092e+00
9.971327342504469060e-01,1.654788971192203917e+00
9.979856638396077395e-01,1.655169570558758130e+00
9.988556697185470012e-01,1.655540990755344888e+00
9.997424940653258929e-01,1.655903090433828773e+00
1.000645967331397657e+00,1.656256035775417690e+00
1.001565826869069920e+00,1.656599916299738684e+00
1.002501376585859250e+00,1.656935312665933413e+00
1.003452101226260940e+00,1.657262765595198584e+00
1.004417896435283009e+00,1.657581935205192369e+00
1.005398458699526376e+00,1.657892728463204568e+00
1.006394183684522936e+00,1.658195116037089356e+00
1.007404171474661103e+00,1.658489966154198969e+00
1.008428246266383610e+00,1.658777206607717991e+00
1.009465641224529309e+00,1.659057337626757889e+00
1.010515848728836819e+00,1.659330467676193521e+00
1.011579691299638428e+00,1.659595987556510277e+00
1.012655815590777886e+00,1.659854794973978365e+00
1.013744384426985112e+00,1.660106564963465203e+00
1.014845458195783312e+00,1.660350958419965162e+00
1.015958196472071418e+00,1.660588670046598603e+00
1.017081961786160393e+00,1.660820492924400815e+00
1.018216801377094027e+00,1.661046275895588176e+00
1.019363026761483937e+00,1.661265680042030901e+00
1.020520025477617665e+00,1.661479068639916790e+00
1.021687157298827753e+00,1.661686474309117090e+00
1.022864330297047930e+00,1.661887899368843291e+00
1.024051341420441741e+00,1.662083639141684666e+00
1.025247760618863690e+00,1.662273884086567843e+00
1.026454650183343364e+00,1.662457602843338655e+00
1.027671026606254978e+00,1.662635481628646161e+00
1.028895408170361847e+00,1.662808638571304787e+00
1.030127759209777283e+00,1.662976972991732749e+00
1.031368107994253158e+00,1.663140566863085423e+00
1.032615983937069437e+00,1.663299772389200459e+00
1.033871133730689396e+00,1.663454480605636610e+00
1.035133784253165601e+00,1.663604120657041552e+00
1.036402250871173214e+00,1.663749862390648815e+00
1.037675621799668546e+00,1.663892787615771196e+00
1.038954446726457093e+00,1.664032207527806895e+00
1.040239290671527650e+00,1.664167674085837989e+00
1.041529168718589471e+00,1.664299579724797251e+00
1.042823694729857031e+00,1.664427993363173819e+00
1.044122906681849150e+00,1.664552772542556625e+00
1.045426131351298249e+00,1.664674606591132422e+00
1.046731749381405230e+00,1.664794823528206846e+00
1.048040254358177714e+00,1.664912779540614007e+00
1.049351742253081143e+00,1.665028172883016744e+00
1.050665728358608719e+00,1.665141233757206685e+00
1.051982651158787307e+00,1.665251424771945210e+00
1.053301984082794851e+00,1.665359020531941292e+00
1.054623345038700588e+00,1.665464410552776053e+00
1.055945682128420104e+00,1.665567957415130751e+00
1.057268880025192370e+00,1.665669474366310299e+00
1.058593278987889574e+00,1.665768859582405170e+00
1.059918140977310630e+00,1.665866548444741024e+00
1.061243300764147302e+00,1.665962562695475713e+00
1.062568761313986254e+00,1.666056687336426867e+00
1.063894434616855067e+00,1.666148759932587264e+00
1.065219991349369844e+00,1.666238840016441847e+00
1.066546190367753111e+00,1.666326701216434447e+00
1.067871466353898624e+00,1.666413269129542574e+00
1.069195759195894047e+00,1.666498390470774416e+00
1.070519161401348729e+00,1.666581805275784589e+00
1.071840666705418110e+00,1.666664019149469045e+00
1.073160551205769808e+00,1.666744818796494831e+00
1.074479060413104037e+00,1.666824226886955529e+00
1.075795711701647006e+00,1.666902712558689048e+00
1.077109499787676228e+00,1.666980732576352597e+00
1.078419664832320990e+00,1.667058434825410496e+00
1.079726164593763915e+00,1.667135649045874857e+00
1.081028560982297382e+00,1.667212450582326699e+00
1.082327751577659480e+00,1.667288225800952484e+00
1.083622841054594055e+00,1.667363498391218890e+00
1.084912906567819135e+00,1.667438730399573243e+00
1.086198552406946183e+00,1.667513406548344124e+00
1.087478881963310107e+00,1.667587989760005440e+00
1.088754084222400609e+00,1.667662274531940936e+00
1.090024221753115752e+00,1.667736227065012011e+00
1.091288642526569763e+00,1.667810427294952769e+00
1.092546993335053784e+00,1.667884838523821633e+00
1.093799154972500798e+00,1.667959463585063418e+00
1.095044830492044152e+00,1.668034453203391054e+00
1.096283793360546488e+00,1.668109742690556896e+00
1.097516990987332353e+00,1.668184762354171680e+00
1.098743396555399876e+00,1.668259826006708746e+00
1.099962672201819203e+00,1.668335113246441903e+00
1.101174841219905387e+00,1.668410534218833119e+00
1.102379723726324423e+00,1.668485987720826458e+00
1.103576765815271532e+00,1.668561773252826397e+00
1.104765315895579914e+00,1.668638305732051963e+00
1.105946818065005388e+00,1.668714714379211150e+00
1.107120153703564647e+00,1.668791394385029436e+00
1.108284412283492282e+00,1.668868696847778388e+00
1.109440302236255338e+00,1.668946090047236153e+00
1.110587335675348175e+00,1.669023738825740732e+00
1.111724725749257736e+00,1.669102224398966383e+00
1.112852163619582502e+00,1.669181946948339323e+00
1.113970252631913516e+00,1.669262515175286454e+00
1.115079136475984889e+00,1.669343689638347117e+00
1.116178028692118351e+00,1.669425933059825340e+00
1.117266557167505781e+00,1.669509442313507730e+00
1.118344649434815263e+00,1.669594109562898554e+00
1.119412583795660332e+00,1.669679777608374716e+00
1.120469778408126782e+00,1.669766690847688029e+00
1.121516087941239803e+00,1.669854698284715333e+00
1.122551765082009823e+00,1.669943300504291850e+00
1.123576510686042917e+00,1.670032355563400017e+00
1.124590405790322656e+00,1.670121679721199293e+00
1.125593843759114643e+00,1.670210916263884293e+00
1.126586957837001357e+00,1.670299935451696527e+00
1.127569366460529299e+00,1.670389003156921071e+00
1.128540719673404968e+00,1.670478257849221659e+00
1.129500957947369155e+00,1.670567778004275805e+00
1.130449848121014123e+00,1.670657795812444446e+00
1.131387097126210994e+00,1.670748209256571304e+00
1.132312580060631513e+00,1.670838872168310507e+00
1.133225785340733038e+00,1.670930211176018254e+00
1.134125628185798762e+00,1.671022897002764296e+00
1.135012438701535897e+00,1.671116711024370538e+00
1.135886295402907198e+00,1.671211647220069541e+00
1.136746962392929161e+00,1.671308028855741812e+00
1.137594415023934324e+00,1.671406162126022332e+00
1.138427974714999236e+00,1.671506349470079700e+00
1.139247878781718626e+00,1.671608253698674718e+00
1.140053881611736930e+00,1.671711742962692870e+00
1.140846128666260784e+00,1.671816399058096314e+00
1.141624843285811819e+00,1.671922002132177454e+00
1.142389432817120909e+00,1.672028758012028105e+00
1.143140156157364862e+00,1.672136359985705090e+00
1.143877341998335684e+00,1.672244572695177123e+00
1.144600909261657140e+00,1.672353348698287556e+00
1.145311168799145296e+00,1.672462562944699860e+00
1.146008398518264082e+00,1.672572051950274030e+00
1.146692022422696855e+00,1.672681989840109518e+00
1.147362048651813238e+00,1.672792374466049115e+00
1.148018915345658364e+00,1.672902858318251917e+00
1.148661711071477409e+00,1.673013832929913125e+00
1.149290248813635174e+00,1.673125286524747235e+00
1.149904343192540424e+00,1.673237238634885715e+00
1.150503832641900592e+00,1.673349785435011894e+00
1.151089182292439617e+00,1.673462813553625583e+00
1.151659479826985910e+00,1.673577003615156045e+00
1.152214557892437874e+00,1.673692517118738454e+00
1.152754949793283412e+00,1.673809062146436100e+00
1.153280338544749650e+00,1.673926490725272664e+00
1.153790871228171255e+00,1.674044751252984797e+00
1.154286305093175091e+00,1.674164087151855052e+00
1.154765916472913823e+00,1.674284931714739244e+00
1.155229485273202350e+00,1.674407372904817892e+00
1.155678418418068398e+00,1.674530343682434363e+00
1.156112233236606723e+00,1.674654049625984742e+00
1.156529824358450753e+00,1.674779013224629631e+00
1.156932455464892984e+00,1.674904443154474176e+00
1.157319626924780298e+00,1.675030796342729111e+00
1.157690842266772879e+00,1.675158469675626538e+00
1.158046358758453964e+00,1.675287072872215344e+00
1.158386510055442686e+00,1.675416424134197557e+00
1.158711032849735201e+00,1.675546865138982877e+00
1.159020023783702724e+00,1.675678275931927752e+00
1.159313820201173462e+00,1.675810387387527411e+00
1.159591394507091922e+00,1.675943760633757718e+00
1.159852676143813488e+00,1.676078292173249329e+00
1.160097860799984337e+00,1.676213718300620936e+00
1.160326974455510030e+00,1.676350038037918821e+00
1.160540854943578948e+00,1.676486890701653243e+00
1.160739226612647501e+00,1.676624444898525024e+00
1.160921506524339897e+00,1.676763360401759106e+00
1.161086873424641785e+00,1.676904365339348946e+00
1.161236166915710299e+00,1.677046658235023857e+00
1.161370007627255063e+00,1.677189756423696165e+00
1.161488139477289350e+00,1.677333720891579061e+00
1.161590677230301738e+00,1.677478265161168824e+00
1.161676911155232084e+00,1.677623911550453428e+00
1.161746935817526971e+00,1.677770789420601094e+00
1.161800868148674448e+00,1.677918667372797490e+00
1.161838781505668550e+00,1.678067373691650488e+00
1.161861397585252753e+00,1.678216783466546680e+00
1.161867449727752133e+00,1.678367597324274207e+00
1.161857104576401234e+00,1.678519612340837686e+00
1.161831074757460724e+00,1.678672334329133431e+00
1.161789542051319568e+00,1.678825509411431716e+00
1.161732337838022655e+00,1.678979253168065844e+00
1.161659372832241965e+00,1.679133532047751176e+00
1.161570939364847455e+00,1.679288204249087091e+00
1.161466931998835328e+00,1.679443420655071018e+00
1.161347100341128868e+00,1.679599377952388783e+00
1.161210699129729296e+00,1.679756814882104488e+00
1.161057605477678889e+00,1.679915969282823607e+00
1.160888185827745112e+00,1.680076702542725675e+00
1.160702459831307376e+00,1.680239265214628741e+00
1.160500537335946492e+00,1.680403568114470447e+00
1.160282501471163075e+00,1.680569434086025771e+00
1.160048034411897966e+00,1.680737191388059992e+00
1.159796942419289767e+00,1.680906893289936255e+00
1.159530814807740784e+00,1.681077182389176583e+00
1.159249934132645876e+00,1.681247952286488268e+00
1.158953183493005801e+00,1.681420197777037551e+00
1.158640756168335617e+00,1.681593605371118016e+00
1.158312446452479438e+00,1.681768139405864337e+00
1.157968615737276386e+00,1.681943751987292179e+00
1.157609678508943141e+00,1.682120146756565626e+00
1.157235009146779348e+00,1.682297782250349538e+00
1.156845015576911884e+00,1.682476705954689455e+00
1.156439644968724201e+00,1.682657102189148546e+00
1.156018374287423933e+00,1.682839254598617496e+00
1.155581714243929747e+00,1.683022697536548984e+00
1.155129891273387610e+00,1.683207143848092224e+00
1.154662604981335106e+00,1.683392854406605021e+00
1.154179753016829402e+00,1.683580167414280293e+00
1.153681990788902212e+00,1.683768966465974071e+00
1.153168659167826515e+00,1.683959845551145751e+00
1.152639483603148163e+00,1.684153184038053919e+00
1.152095278683498591e+00,1.684348373560418999e+00
1.151536569790087228e+00,1.684544741164239579e+00
1.150963381584805489e+00,1.684742319488523377e+00
1.150375809674591521e+00,1.684941151998257558e+00
1.149773916020129905e+00,1.685141146607299856e+00
1.149157385737240133e+00,1.685342710410922873e+00
1.148526832704076961e+00,1.685545448889020470e+00
1.147882204142150808e+00,1.685749426457979316e+00
1.147222953339449125e+00,1.685955020836740648e+00
1.146549815990365984e+00,1.686161460976965509e+00
1.145862915577732899e+00,1.686368804170635949e+00
1.145161964446345548e+00,1.686577374115636241e+00
1.144447065785514805e+00,1.686787221037447271e+00
1.143718762211446194e+00,1.686998418101805175e+00
1.142976831807085869e+00,1.687211092873878604e+00
1.142221196061547150e+00,1.687425488090583015e+00
1.141452011899063201e+00,1.687641721680724682e+00
1.140668589357837437e+00,1.687860121177634065e+00
1.139870824778805414e+00,1.688080938816820975e+00
1.139058816071720326e+00,1.688304330042784018e+00
1.138232650047505290e+00,1.688530339877390318e+00
1.137392725548046268e+00,1.688759154574005938e+00
1.136538954235914112e+00,1.688991074196562581e+00
1.135671950242133965e+00,1.689225414457455443e+00
1.134792063021849540e+00,1.689461854316090417e+00
1.133899158815324437e+00,1.689700490485957385e+00
1.132993536930128942e+00,1.689941040443408315e+00
1.132075868402596219e+00,1.690182953845358771e+00
1.131146147121139478e+00,1.690426229356862819e+00
1.130204025986415672e+00,1.690671089394491844e+00
1.129250286643914025e+00,1.690917293492816942e+00
1.128284508317962898e+00,1.691165426472124311e+00
1.127307243239667134e+00,1.691415067083077428e+00
1.126319122843729259e+00,1.691665648580192638e+00
1.125319616423383184e+00,1.691917614008577875e+00
1.124309152456929084e+00,1.692170863210127996e+00
1.123288104670597143e+00,1.692425463539970920e+00
1.122257231769348662e+00,1.692681116123379015e+00
1.121216286168908338e+00,1.692937593818200970e+00
1.120165281499434506e+00,1.693194881988904221e+00
1.119103894189862114e+00,1.693453458398418876e+00
1.118032025545287578e+00,1.693713560329816126e+00
1.116950144000555367e+00,1.693975462427201872e+00
1.115857393488958405e+00,1.694240095643553046e+00
1.114754077149332501e+00,1.694507165391110348e+00
1.113640562302921300e+00,1.694776335589981420e+00
1.112517015582316526e+00,1.695047676090480460e+00
1.111384296878111577e+00,1.695320426535187552e+00
1.110242734831686562e+00,1.695594437138215227e+00
1.109092158921366922e+00,1.695870221616627926e+00
1.107932199378841576e+00,1.696148020541825119e+00
1.106763679885859331e+00,1.696427279545853484e+00
1.105586733448015169e+00,1.696707956431699582e+00
1.104401699196599695e+00,1.696989852800864895e+00
1.103209253584745531e+00,1.697272589243987495e+00
1.102008504915852116e+00,1.697556953723298179e+00
1.100799979904933723e+00,1.697842720715275089e+00
1.099584658538534709e+00,1.698129139751085370e+00
1.098362455162309903e+00,1.698416480151025754e+00
1.097133326300669287e+00,1.698705190003056309e+00
1.095897226486064246e+00,1.698995408034861265e+00
1.094654820417175545e+00,1.699286794299196046e+00
1.093406214788796627e+00,1.699579349688463026e+00
1.092151426195342001e+00,1.699872960949987633e+00
1.090889830962303853e+00,1.700168124926481950e+00
1.089621818876602255e+00,1.700465009999469812e+00
1.088347493750842609e+00,1.700763572104629695e+00
1.087067233886720219e+00,1.701063625370445642e+00
1.085782318841382432e+00,1.701364522757519593e+00
1.084492957338592634e+00,1.701666094497350512e+00
1.083199491981210461e+00,1.701968194730924644e+00
1.081901711646795938e+00,1.702270897172261543e+00
1.080599868876155112e+00,1.702574052139194993e+00
1.079294564672463430e+00,1.702877108068626688e+00
1.077985820712124676e+00,1.703179951238246836e+00
1.076673614316874472e+00,1.703483172773401888e+00
1.075358678943781898e+00,1.703786620540878927e+00
1.074041695582247602e+00,1.704089686291681227e+00
1.072722127391949831e+00,1.704392778724814317e+00
1.071400717642098099e+00,1.704695421029647884e+00
1.070078589199407793e+00,1.704996880476114418e+00
1.068755040198023920e+00,1.705297952136406892e+00
1.067430276445214599e+00,1.705598618318522330e+00
1.066105421866157643e+00,1.705898000557893424e+00
1.064780143690692071e+00,1.706196330367188096e+00
1.063454238367507854e+00,1.706494116413352247e+00
1.062128361056642545e+00,1.706791034857379374e+00
1.060802226278357185e+00,1.707087552332515523e+00
1.059475783248394976e+00,1.707383958425990000e+00
1.058149405622633266e+00,1.707679930646218480e+00
1.056823283239278988e+00,1.707975534025367503e+00
1.055497939786800510e+00,1.708270507340850841e+00
1.054173760658850822e+00,1.708564610316444465e+00
1.052850922488227425e+00,1.708857718668018277e+00
1.051530450450563148e+00,1.709149051953639198e+00
1.050211978807918722e+00,1.709439053837122247e+00
1.048895164030367422e+00,1.709727926295732559e+00
1.047581409071997927e+00,1.710014677925683069e+00
1.046271180113080179e+00,1.710299169912762540e+00
1.044964070655393318e+00,1.710581877321173394e+00
1.043660513070608031e+00,1.710862647743875309e+00
1.042360635054752072e+00,1.711141242761327508e+00
1.041065716362644888e+00,1.711416711601367657e+00
1.039775700269323089e+00,1.711689092260962886e+00
1.038490818568846397e+00,1.711958399700420852e+00
1.037212227948886234e+00,1.712223881443314166e+00
1.035939677407885950e+00,1.712485749055960405e+00
1.034673533875842821e+00,1.712744319978197982e+00
1.033413604511537853e+00,1.712999726968151615e+00
1.032160585761156879e+00,1.713251229862843061e+00
1.030914874726428732e+00,1.713498722613308267e+00
1.029675775551361472e+00,1.713742953287498372e+00
1.028445345082238394e+00,1.713982307559233531e+00
1.027224003670326180e+00,1.714216499899377411e+00
1.026010787279024061e+00,1.714446450926629062e+00
1.024805872766211046e+00,1.714671802874525808e+00
1.023610759672139991e+00,1.714891572139975118e+00
1.022425529797041932e+00,1.715105965922766540e+00
1.021249657487424356e+00,1.715315169765798897e+00
1.020084363497850921e+00,1.715518294374930086e+00
1.018929662045462203e+00,1.715715575807622351e+00
1.017785749515247806e+00,1.715907107783612107e+00
1.016652915666362178e+00,1.716092745734617786e+00
1.015531127691567059e+00,1.716272595012107383e+00
1.014420576386340533e+00,1.716446533866656132e+00
1.013321482837922449e+00,1.716614456480989759e+00
1.012234679711614627e+00,1.716775911383932707e+00
1.011160604245936234e+00,1.716930416525319858e+00
1.010099497887593456e+00,1.717077813839880784e+00
1.009050629806981014e+00,1.717218959723719740e+00
1.008014535676116985e+00,1.717353524595977454e+00
1.006991855280817694e+00,1.717480963308950948e+00
1.005982306594595865e+00,1.717601479410486354e+00
1.004986549018739295e+00,1.717714659420150447e+00
1.004004683570253409e+00,1.717820277125281736e+00
1.003038013783666749e+00,1.717917375862767493e+00
1.002086522214944875e+00,1.718006310686291727e+00
1.001149915287675718e+00,1.718087204749255026e+00
1.000229875589793149e+00,1.718158762731005540e+00
9.993258522125668675e-01,1.718221389142996269e+00
9.984376008018321924e-01,1.718275265219900705e+00
9.975657321942043021e-01,1.718320064036236827e+00
9.967107244467514615e-01,1.718355463705113051e+00
9.958727267434162034e-01,1.718381327774419987e+00
9.950525270436225700e-01,1.718397243070444169e+00
9.942505652822914985e-01,1.718402973198814854e+00
9.934662707925842051e-01,1.718398776060177324e+00
9.927006253515122669e-01,1.718384130757812489e+00
9.919531804742912628e-01,1.718359449634148550e+00
9.912242408226805690e-01,1.718324194099895008e+00
9.905135923634027506e-01,1.718278516550177937e+00
9.898221586747135703e-01,1.718221724921572324e+00
9.891504731155652541e-01,1.718153466859414058e+00
9.884977697382170136e-01,1.718074415076872752e+00
9.878645393399346775e-01,1.717984266319789510e+00
9.872508698129981441e-01,1.717883050516779253e+00
9.866583603655313395e-01,1.717769744507364971e+00
9.860864189680381697e-01,1.717644623842823792e+00
9.855346239794486873e-01,1.717507834398196209e+00
9.850031528021431226e-01,1.717359185997572535e+00
9.844918049884865408e-01,1.717198924889142608e+00
9.840018004577412158e-01,1.717026074073999320e+00
9.835334611855716114e-01,1.716840270474567998e+00
9.830872258816575338e-01,1.716641387275561037e+00
9.826618407933369603e-01,1.716430572604147553e+00
9.822574043395575494e-01,1.716207780205921463e+00
9.818747887532560670e-01,1.715972393533351292e+00
9.815138563830781981e-01,1.715724545224229791e+00
9.811745894389561906e-01,1.715464169704497888e+00
9.808573172625260073e-01,1.715190787597166588e+00
9.805617119214891098e-01,1.714904579442923849e+00
9.802880717157682611e-01,1.714605371077054574e+00
9.800369204506830245e-01,1.714292886460883736e+00
9.798076291778288205e-01,1.713967585327162757e+00
9.796006336541258630e-01,1.713628886609574353e+00
9.794166256213996391e-01,1.713276415736650904e+00
9.792549371451011453e-01,1.712910978411034790e+00
9.791156964888109160e-01,1.712532315533335847e+00
9.789997375758534570e-01,1.712139553245844770e+00
9.789065747589624777e-01,1.711733162625648230e+00
9.788360707329158972e-01,1.711313366139833647e+00
9.787893162597233188e-01,1.710879190358980839e+00
9.787654971044780217e-01,1.710431156107377948e+00
9.787645268636884222e-01,1.709969191082951312e+00
9.787868621113209322e-01,1.709492855060482874e+00
9.788326100829227716e-01,1.709002006536502360e+00
9.789026932158505501e-01,1.708496171056211210e+00
9.789961310651119630e-01,1.707976301037507527e+00
9.791126499365627733e-01,1.707442320115814205e+00
9.792528271260672046e-01,1.706893640015811453e+00
9.794168524115484109e-01,1.706330212819630265e+00
9.796037612313697185e-01,1.705752903251281483e+00
9.798143255748011926e-01,1.705161138669624377e+00
9.800481539590509827e-01,1.704554956379853214e+00
9.803043449853319213e-01,1.703935041456168475e+00
9.805832746193113847e-01,1.703301349723826963e+00
9.808841294672607791e-01,1.702654540802474026e+00
9.812077234564290373e-01,1.701994033858744704e+00
9.815531947688728165e-01,1.701320318254313957e+00
9.819208300731491201e-01,1.700633190655449711e+00
9.823106974775126510e-01,1.699932540534864200e+00
9.827218499744797553e-01,1.699218997533121112e+00
9.831541866434035937e-01,1.698492785422379248e+00
9.836070393957411229e-01,1.697754272666323949e+00
9.840817286994918422e-01,1.697002413701104828e+00
9.845777567370783689e-01,1.696237637493525074e+00
9.850952401391974700e-01,1.695459687770694890e+00
9.856340764927157272e-01,1.694668738651283313e+00
9.861939290684654802e-01,1.693865207992159894e+00
9.867736880790859422e-01,1.693049852189734805e+00
9.873734637137362435e-01,1.692222513512601445e+00
9.879939517922066150e-01,1.691382432113722079e+00
9.886345925093471543e-01,1.690529911824217413e+00
9.892966558719146208e-01,1.689664113886315766e+00
9.899789585740722542e-01,1.688786151911675582e+00
9.906820784464608343e-01,1.687895508589813076e+00
9.914054882203977570e-01,1.686992383071534540e+00
9.921484079102638187e-01,1.686077482891486401e+00
9.929108484819533231e-01,1.685150749976890960e+00
9.936918832931531664e-01,1.684212792428653183e+00
9.944914314714368153e-01,1.683263576208892109e+00
9.953091293052537258e-01,1.682303316561754913e+00
9.961457659893866445e-01,1.681331487881993825e+00
9.970010635619184214e-01,1.680348515822506217e+00
9.978741984560089984e-01,1.679355099992682065e+00
9.987652297123417178e-01,1.678351086673853354e+00
9.996735342399197810e-01,1.677337179133761014e+00
1.000598485986297526e+00,1.676313682973029628e+00
1.001539756055404018e+00,1.675280650272489291e+00
1.002497193789815055e+00,1.674238094802750876e+00
1.003469980797008221e+00,1.673186690262224996e+00
1.004459377279687926e+00,1.672125519553080863e+00
1.005464116496648463e+00,1.671055697996016720e+00
1.006483960413716128e+00,1.669977621756332686e+00
1.007518930818332770e+00,1.668890939342726032e+00
1.008569196230160836e+00,1.667795278373586987e+00
1.009634365531890232e+00,1.666691034866850218e+00
1.010714084597265972e+00,1.665578525107391794e+00
1.011807383115572945e+00,1.664458540571622791e+00
1.012914099698023485e+00,1.663331114616210638e+00
1.014034816763178304e+00,1.662195840312535422e+00
1.015168173053583534e+00,1.661054011822964416e+00
1.016314389592142042e+00,1.659905301325385718e+00
1.017473707594254595e+00,1.658749299257023413e+00
1.018645143834014499e+00,1.657587036739682551e+00
1.019828523431559608e+00,1.656418472378968998e+00
1.021024121956737085e+00,1.655243334404209454e+00
1.022231312269892722e+00,1.654062228633201181e+00
1.023449797688241070e+00,1.652875341034033774e+00
1.024679664824295511e+00,1.651682338370699332e+00
1.025919716924885039e+00,1.650484266671444322e+00
1.027170674686005203e+00,1.649280596097338680e+00
1.028430879149024424e+00,1.648072695792780706e+00
1.029699685576075385e+00,1.646861297866401452e+00
1.030978212319835441e+00,1.645645332931826132e+00
1.032266832965059722e+00,1.644424372404204693e+00
1.033564342574724071e+00,1.643199587849294874e+00
1.034870541888577522e+00,1.641971027936016458e+00
1.036186773884657297e+00,1.640737468333609783e+00
1.037510993314408214e+00,1.639500556410302012e+00
1.038842991191868625e+00,1.638260364977771832e+00
1.040183450983971358e+00,1.637016409097138414e+00
1.041532144032362162e+00,1.635768918429231000e+00
1.042888052731025361e+00,1.634518645344084087e+00
1.044251466340399670e+00,1.633265143857073998e+00
1.045622238600123710e+00,1.632008349522461543e+00
1.047000182237971089e+00,1.630748500243299315e+00
1.048384634707383301e+00,1.629486239306712436e+00
1.049774083262267732e+00,1.628223004703723165e+00
1.051170082509054637e+00,1.626957450166732100e+00
1.052572139656570593e+00,1.625689855948309948e+00
1.053979349243383323e+00,1.624420985570439457e+00
1.055391693665954866e+00,1.623150841809565037e+00
1.056808700132419121e+00,1.621879850266477741e+00
1.058229590524897512e+00,1.620608749591494924e+00
1.059653678694993939e+00,1.619337933187750656e+00
1.061081918091405507e+00,1.618066584140461561e+00
1.062512472372906691e+00,1.616796336290039493e+00
1.063945963105493497e+00,1.615526742219385969e+00
1.065382724735312925e+00,1.614257345086136830e+00
1.066822635446220913e+00,1.612988236440454859e+00
1.068265085539601644e+00,1.611719922528262572e+00
1.069709855079025607e+00,1.610452542461497494e+00
1.071155747313267792e+00,1.609187206272383319e+00
1.072602403932731763e+00,1.607924164982202697e+00
1.074050595408740705e+00,1.606662682693551725e+00
1.075499767785511596e+00,1.605403058504727420e+00
1.076950170908171911e+00,1.604145184216530851e+00
1.078401331507837790e+00,1.602889483458974640e+00
1.079853459103050639e+00,1.601635724604182576e+00
1.081306821297286724e+00,1.600383579477109075e+00
1.082761201814855134e+00,1.599133142251320194e+00
1.084215386059262487e+00,1.597885464766117813e+00
1.085670176442153467e+00,1.596639646859412176e+00
1.087125790668301395e+00,1.595395604663630174e+00
1.088581289522862594e+00,1.594154282701996328e+00
1.090036945740092467e+00,1.592915273998602110e+00
1.091492659239688745e+00,1.591678380580604069e+00
1.092948362569442944e+00,1.590443836740784045e+00
1.094403227707527515e+00,1.589212466174672711e+00
1.095857581832052619e+00,1.587984070768305944e+00
1.097310605087872037e+00,1.586759230707040169e+00
1.098762245893010636e+00,1.585538056892220604e+00
1.100212409305638683e+00,1.584320602044188897e+00
1.101660205628540501e+00,1.583107657757780506e+00
1.103105350842476851e+00,1.581899308113575264e+00
1.104547726165187926e+00,1.580695677665950649e+00
1.105986868829078373e+00,1.579497191718641336e+00
1.107423452589412216e+00,1.578303115326632478e+00
1.108857113651091408e+00,1.577113803599989428e+00
1.110286811530923679e+00,1.575930206333892691e+00
1.111714484530188063e+00,1.574750562859584146e+00
1.113138413136442129e+00,1.573576360949565212e+00
1.114558945505153664e+00,1.572407483703092135e+00
1.115976104983039008e+00,1.571243803551714224e+00
1.117389161804576370e+00,1.570085697393907687e+00
1.118798208725443111e+00,1.568932875995904697e+00
1.120203246153733012e+00,1.567785453048558653e+00
1.121603430369314314e+00,1.566644281663191807e+00
1.122998388815948267e+00,1.565509757213835451e+00
1.124388420843213332e+00,1.564381681181858497e+00
1.125773125997138413e+00,1.563260365369256943e+00
1.127152779171693320e+00,1.562145567765609089e+00
1.128527823516506601e+00,1.561036742111332698e+00
1.129898232848883799e+00,1.559933986830243535e+00
1.131263074757547837e+00,1.558837960262870359e+00
1.132622717334318851e+00,1.557748281407904223e+00
1.133976914989444973e+00,1.556665123242851889e+00
1.135325778631697924e+00,1.555588354656495254e+00
1.136669611054211382e+00,1.554517520130474395e+00
1.138008194545520047e+00,1.553452872049404965e+00
1.139341769427449691e+00,1.552394350168073922e+00
1.140669960131319716e+00,1.551342160039804297e+00
1.141992254821984965e+00,1.550296750101856524e+00
1.143308879800469802e+00,1.549257887249111842e+00
1.144620935237863346e+00,1.548224573379807012e+00
1.145926901751648685e+00,1.547198169850384941e+00
1.147226787616942190e+00,1.546178697847233163e+00
1.148520347437751665e+00,1.545166324548701953e+00
1.149807060743837317e+00,1.544161650873208558e+00
1.151087004970723138e+00,1.543164398959111505e+00
1.152360483878860364e+00,1.542174202005610395e+00
1.153626958396439139e+00,1.541191760284616574e+00
1.154886545131419195e+00,1.540217062902741629e+00
1.156139525710751625e+00,1.539249618558303112e+00
1.157385647258015293e+00,1.538289715034228733e+00
1.158625302165677828e+00,1.537336752431398113e+00
1.159858069261206825e+00,1.536390969704843013e+00
1.161083880669098622e+00,1.535452562111244257e+00
1.162302640757620020e+00,1.534521628319498454e+00
1.163514568005253658e+00,1.533597985454824952e+00
1.164718869996365758e+00,1.532682144277119685e+00
1.165916083144246107e+00,1.531773757184074602e+00
1.167106373642033734e+00,1.530872789301303216e+00
1.168288042434085794e+00,1.529980567904587252e+00
1.169461527756333163e+00,1.529096658963345012e+00
1.170625880187911472e+00,1.528222103287553590e+00
1.171781796013634303e+00,1.527356407452879372e+00
1.172929484725530713e+00,1.526499314923838613e+00
1.174067888464081388e+00,1.525651561370968023e+00
1.175196691429329476e+00,1.524813456256993494e+00
1.176316927398551648e+00,1.523983998137364404e+00
1.177428206956323553e+00,1.523163417115966700e+00
1.178530983237408902e+00,1.522351445107072765e+00
1.179625022648926214e+00,1.521548229195810675e+00
1.180710277597966762e+00,1.520753788514261462e+00
1.181786424757145015e+00,1.519968448978874065e+00
1.182853930923974284e+00,1.519191809335463050e+00
1.183912758402478227e+00,1.518424146560973798e+00
1.184963475282455381e+00,1.517664527397978080e+00
1.186006554730059559e+00,1.516912320925114743e+00
1.187041436526450111e+00,1.516168039580887639e+00
1.188068586567942564e+00,1.515431242248033383e+00
1.189088252681576030e+00,1.514701824408110742e+00
1.190099962273686085e+00,1.513980367247146130e+00
1.191104288636554598e+00,1.513266172962556944e+00
1.192101124727023675e+00,1.512559048244495497e+00
1.193089388261796557e+00,1.511859960233141065e+00
1.194069627090364571e+00,1.511168427988458296e+00
1.195042047857359790e+00,1.510484490806350832e+00
1.196005346001969505e+00,1.509809309689228218e+00
1.196960787947282556e+00,1.509141578631318259e+00
1.197907460935276891e+00,1.508482098595656851e+00
1.198844977707119064e+00,1.507831330991353580e+00
1.199772410211976448e+00,1.507190167260290536e+00
1.200689654110729698e+00,1.506558816567579617e+00
1.201596343607731932e+00,1.505937769035126550e+00
1.202493116554274932e+00,1.505326148061801872e+00
1.203379243716236946e+00,1.504724659743129189e+00
1.204254794405780649e+00,1.504133236564191067e+00
1.205120094771606754e+00,1.503551582116305019e+00
1.205975266040749005e+00,1.502979397990664490e+00
1.206820831867042143e+00,1.502416224598144723e+00
1.207656616200381006e+00,1.501862120757965213e+00
1.208482715875544677e+00,1.501316900290577738e+00
1.209298895027783427e+00,1.500780723819387763e+00
1.210106096609292692e+00,1.500252696718034517e+00
1.210903684869898189e+00,1.499733592765334134e+00
1.211691314380946460e+00,1.499223721244637764e+00
1.212469481436522889e+00,1.498722441387996929e+00
1.213237785725643114e+00,1.498230234297064145e+00
1.213996226262994416e+00,1.497746994553794231e+00
1.214746018747586920e+00,1.497271648757187101e+00
1.215486195579370765e+00,1.496805420835425560e+00
1.216216400937002007e+00,1.496348560020224427e+00
1.216937582429938880e+00,1.495899970190090134e+00
1.217648957982034652e+00,1.495460132440398437e+00
1.218351239442974521e+00,1.495028420426683047e+00
1.219044394271400877e+00,1.494604832258397797e+00
1.219728117533253053e+00,1.494189692188764296e+00
1.220402567637436153e+00,1.493782606007558522e+00
1.221067618064577198e+00,1.493383670782155503e+00
1.221722687245066163e+00,1.492993438227486758e+00
1.222368220685305484e+00,1.492611695551063544e+00
1.223003773816823569e+00,1.492239005403128704e+00
1.223629478960983619e+00,1.491875291492249955e+00
1.224245773287464090e+00,1.491519916490975151e+00
1.224851925169876177e+00,1.491173335747967288e+00
1.225448175408295093e+00,1.490835715495531621e+00
1.226033920580473335e+00,1.490507373091751298e+00
1.226609222120319087e+00,1.490188339964781505e+00
1.227173343650574733e+00,1.489879265143852605e+00
1.227726810825919168e+00,1.489579683431470958e+00
1.228269905071298629e+00,1.489289382272911189e+00
1.228802617915634166e+00,1.489008166675191314e+00
1.229325327341680651e+00,1.488735537460880831e+00
1.229837452587766222e+00,1.488472144510535999e+00
1.230338793211194215e+00,1.488218198912200085e+00
1.230829137718712607e+00,1.487973826697813973e+00
1.231308912686473578e+00,1.487738659581879341e+00
1.231778237387752162e+00,1.487512536242253658e+00
1.232236711051594824e+00,1.487295761055134946e+00
1.232683942985586256e+00,1.487088760414419175e+00
1.233120488914121626e+00,1.486890915446937411e+00
1.233546632668858889e+00,1.486701983921135728e+00
1.233962223947703274e+00,1.486522204236462752e+00
1.234366802352258041e+00,1.486351840968884730e+00
1.234760900024327590e+00,1.486190454319744836e+00
1.235144794853046735e+00,1.486037960042754902e+00
1.235518459319346229e+00,1.485894287962264082e+00
1.235881758932948271e+00,1.485759436166765646e+00
1.236234857928089070e+00,1.485633275645537932e+00
1.236578093962295455e+00,1.485515392994400052e+00
1.236909743363662217e+00,1.485407368692424290e+00
1.237230353810848227e+00,1.485308832067435691e+00
1.237541005863969090e+00,1.485218501519052214e+00
1.237841435801719348e+00,1.485136689737091453e+00
1.238131562736054958e+00,1.485063543837733979e+00
1.238412241865230357e+00,1.484998317027168335e+00
1.238682694357722713e+00,1.484941590686947421e+00
1.238942543639868665e+00,1.484893814064320194e+00
1.239192295412326450e+00,1.484854284992149553e+00
1.239431201958242523e+00,1.484823670024497222e+00
1.239660063064688345e+00,1.484801331787092948e+00
1.239878685623768684e+00,1.484787508928437028e+00
1.240086697934679183e+00,1.484782649540395072e+00
1.240284098015750791e+00,1.484786607777027978e+00
1.240471654339440288e+00,1.484798545667803449e+00
1.240647914281138631e+00,1.484819712804344327e+00
1.240813223483165029e+00,1.484850021805424580e+00
1.240968798715403887e+00,1.484888308967764026e+00
1.241112986676959462e+00,1.484935891202453062e+00
1.241245573049174489e+00,1.484993031549349363e+00
1.241367242430981843e+00,1.485059096307240756e+00
1.241478177350063827e+00,1.485134072242896952e+00
1.241577405942118739e+00,1.485218925808586166e+00
1.241665366634977730e+00,1.485313222493787721e+00
1.241741443650038468e+00,1.485417462903168007e+00
1.241805908371544476e+00,1.485531201169503435e+00
1.241859163933356047e+00,1.485654111916315356e+00
1.241900801047022052e+00,1.485786753094461732e+00
1.241931286046272787e+00,1.485928642205033290e+00
1.241951410783147747e+00,1.486078889464476971e+00
1.241960029984219060e+00,1.486238681690452257e+00
1.241958062168452059e+00,1.486407056632553569e+00
1.241945905978492304e+00,1.486583609333672618e+00
1.241922724125092081e+00,1.486769119869017608e+00
1.241888919529950286e+00,1.486963191150030950e+00
1.241843926363753070e+00,1.487166129020982996e+00
1.241787778882987858e+00,1.487378067089325073e+00
1.241721075732560964e+00,1.487598481210140600e+00
1.241644295786454633e+00,1.487826889036982125e+00
1.241557555023263371e+00,1.488063010287821397e+00
1.241460599858278613e+00,1.488306950866883360e+00
1.241353208400874708e+00,1.488559296181113600e+00
1.241235191414559624e+00,1.488820134819398788e+00
1.241107893452855437e+00,1.489088120475664967e+00
1.240970306230515519e+00,1.489364184648474199e+00
1.240822187296408252e+00,1.489648518072155925e+00
1.240663554745414565e+00,1.489941109286778032e+00
1.240494627989554122e+00,1.490241722610627928e+00
1.240315523093170835e+00,1.490550281828620482e+00
1.240126645849426890e+00,1.490866310008591489e+00
1.239926430204999042e+00,1.491191330198829768e+00
1.239714730962286016e+00,1.491525424815305145e+00
1.239491988464690220e+00,1.491868196069394248e+00
1.239257031917780250e+00,1.492220777898983997e+00
1.239009660975602056e+00,1.492583656767675793e+00
1.238750557896757254e+00,1.492956031172269160e+00
1.238479452077990262e+00,1.493338197914227727e+00
1.238195658397899690e+00,1.493730758068188003e+00
1.237899731440642359e+00,1.494133265912693131e+00
1.237590953010184514e+00,1.494546540392590162e+00
1.237269119207526247e+00,1.494970857025584632e+00
1.236935447892521411e+00,1.495404943115479890e+00
1.236589700842427586e+00,1.495848753306336265e+00
1.236232462686861933e+00,1.496301529842261058e+00
1.235864487814881008e+00,1.496762547033620994e+00
1.235485493922431566e+00,1.497232238635238577e+00
1.235095802361510842e+00,1.497710404090992542e+00
1.234696641969277753e+00,1.498195775886085546e+00
1.234287207741463277e+00,1.498688928827796696e+00
1.233867420949543492e+00,1.499189952714485852e+00
1.233437498346426464e+00,1.499698540681402070e+00
1.232997587129319728e+00,1.500214762672070989e+00
1.232547883569671709e+00,1.500738489345259774e+00
1.232088067546503796e+00,1.501269904587720916e+00
1.231617079653823721e+00,1.501810079394694686e+00
1.231134199175536681e+00,1.502359612445458792e+00
1.230640136916284710e+00,1.502917999463907472e+00
1.230134162454061153e+00,1.503485919965419360e+00
1.229616609406378736e+00,1.504063127265598654e+00
1.229087889016525992e+00,1.504649018123287219e+00
1.228547643642771803e+00,1.505243978646014558e+00
1.227995411259977354e+00,1.505848582295614912e+00
1.227431556714090544e+00,1.506462536533938357e+00
1.226856153021126383e+00,1.507085638063379918e+00
1.226268909826228271e+00,1.507718112792844956e+00
1.225671057584440948e+00,1.508358826573358069e+00
1.225062623115974914e+00,1.509007714529439603e+00
1.224443687698367755e+00,1.509664810291422743e+00
1.223814457292331292e+00,1.510330003968523904e+00
1.223175147130322493e+00,1.511003123887397104e+00
1.222526026674577881e+00,1.511683716764633756e+00
1.221866464189203416e+00,1.512372432947649781e+00
1.221195416692446134e+00,1.513070252298483132e+00
1.220513294035467045e+00,1.513776722108519213e+00
1.219820523360281017e+00,1.514491479307063626e+00
1.219116097562614742e+00,1.515215488615429651e+00
1.218399903134208540e+00,1.515948885715551642e+00
1.217671773333419027e+00,1.516691824466197547e+00
1.216932042443287898e+00,1.517444087920575724e+00
1.216180792968614144e+00,1.518205522701125076e+00
1.215417812182274959e+00,1.518976393933928248e+00
1.214642935655517286e+00,1.519756863414869485e+00
1.213857043485443876e+00,1.520546124259097409e+00
1.213059957054090088e+00,1.521344269798732274e+00
1.212252070561850026e+00,1.522150955760406710e+00
1.211433976399697743e+00,1.522965550737632068e+00
1.210605397687379847e+00,1.523788300154534481e+00
1.209766350540178781e+00,1.524619403063489420e+00
1.208916389835055449e+00,1.525459037644182114e+00
1.208056718611813185e+00,1.526306058644016694e+00
1.207186632077385857e+00,1.527161170834306247e+00
1.206306420523557188e+00,1.528024061851408932e+00
1.205416531827264048e+00,1.528894338284494170e+00
1.204516775629008052e+00,1.529772216982813182e+00
1.203607423593161974e+00,1.530657631849331013e+00
1.202687827279686372e+00,1.531551289035400165e+00
1.201758134177390414e+00,1.532453233003858273e+00
1.200818928793280005e+00,1.533362812784114126e+00
1.199869563471530842e+00,1.534280487263369297e+00
1.198908734930759667e+00,1.535207476043583874e+00
1.197936997590544950e+00,1.536143188765076717e+00
1.196954664114421307e+00,1.537087303703442487e+00
1.195961974118667781e+00,1.538039672866442720e+00
1.194959424778601731e+00,1.538999847347672256e+00
1.193947098873943569e+00,1.539967700547060003e+00
1.192925293211012816e+00,1.540943247127119387e+00
1.191893555397171456e+00,1.541926705444583101e+00
1.190852636016986432e+00,1.542917283816441998e+00
1.189801693257422244e+00,1.543915821991858506e+00
1.188741154327582095e+00,1.544921818464422225e+00
1.187670762140695224e+00,1.545935397205318251e+00
1.186590061258156359e+00,1.546957195976040200e+00
1.185499370838828836e+00,1.547987270502790835e+00
1.184399100003241445e+00,1.549025112886245559e+00
1.183289169913897210e+00,1.550070996791045319e+00
1.182169027199263089e+00,1.551125458149491987e+00
1.181038832588881649e+00,1.552188252378398303e+00
1.179897946214593540e+00,1.553259884857446815e+00
1.178746505861997917e+00,1.554340324772682358e+00
1.177584374905505049e+00,1.555429725604307256e+00
1.176411301034495205e+00,1.556528354530367197e+00
1.175228019887990971e+00,1.557635641441213137e+00
1.174034212596423377e+00,1.558751750274122605e+00
1.172830389030079079e+00,1.559876292200292003e+00
1.171617490672012263e+00,1.561008332315990899e+00
1.170396151627409287e+00,1.562147337553084325e+00
1.169165656217936444e+00,1.563293904026242576e+00
1.167926878855844786e+00,1.564447255520152291e+00
1.166679672865264195e+00,1.565607372922812157e+00
1.165424161749884391e+00,1.566774196231127458e+00
1.164160606823968713e+00,1.567947588772557799e+00
1.162889022986468790e+00,1.569127555052397094e+00
1.161609652096294854e+00,1.570314093394923560e+00
1.160322278382386108e+00,1.571507317030293782e+00
1.159027318722690270e+00,1.572706797558554470e+00
1.157724363346745333e+00,1.573912817242206108e+00
1.156413261287872363e+00,1.575125601936920861e+00
1.155094189834476648e+00,1.576345265287389052e+00
1.153766550485850528e+00,1.577572482382398888e+00
1.152430290448779981e+00,1.578807070035139093e+00
1.151086215454644623e+00,1.580048204611163243e+00
1.149734412848054887e+00,1.581295754264685938e+00
1.148375160932670669e+00,1.582549655025792257e+00
1.147008699750722949e+00,1.583809932354085515e+00
1.145633996118307074e+00,1.585077486496382582e+00
1.144251799987553886e+00,1.586351715784058092e+00
1.142862453030106806e+00,1.587632135412198719e+00
1.141465791106675232e+00,1.588918899812639118e+00
1.140061516027602195e+00,1.590212310645784388e+00
1.138649116149464291e+00,1.591512973198423442e+00
1.137228689424639505e+00,1.592820996026628411e+00
1.135800336675107269e+00,1.594136202293117144e+00
1.134364298352776412e+00,1.595458299504712407e+00
1.132920572376957313e+00,1.596787444618188223e+00
1.131469961608525088e+00,1.598123034591238723e+00
1.130012456285745204e+00,1.599465044484619458e+00
1.128548213320659466e+00,1.600813557737562842e+00
1.127077556200791975e+00,1.602168174069399376e+00
1.125600551451532816e+00,1.603528648001159462e+00
1.124117982960171735e+00,1.604894134568699560e+00
1.122630178235880738e+00,1.606264335324285808e+00
1.121136398086974184e+00,1.607639971269640755e+00
1.119636103792583715e+00,1.609021675301073317e+00
1.118130945308830393e+00,1.610408018165977673e+00
1.116621447076957097e+00,1.611798388153257600e+00
1.115107750911187967e+00,1.613192965506332399e+00
1.113590200688528986e+00,1.614591510263599039e+00
1.112068135768046195e+00,1.615994481372494018e+00
1.110542091965439848e+00,1.617401657608605658e+00
1.109011756962470008e+00,1.618813171097483350e+00
1.107477988934436608e+00,1.620228070431736667e+00
1.105940661292681648e+00,1.621646783990029261e+00
1.104399434421557080e+00,1.623069767520125106e+00
1.102854549285748886e+00,1.624496766188439967e+00
1.101305697156327312e+00,1.625928015281243644e+00
1.099753453461979946e+00,1.627363010808899890e+00
1.098198312753076333e+00,1.628801472554566088e+00
1.096640549451022517e+00,1.630243189749571275e+00
1.095080483366320578e+00,1.631687933918630984e+00
1.093517843872249040e+00,1.633135754973101150e+00
1.091952531094845247e+00,1.634586759459293770e+00
1.090385419167074321e+00,1.636040494370737175e+00
1.088816839922403190e+00,1.637496665725581169e+00
1.087246332991166797e+00,1.638955705251658568e+00
1.085673558551191187e+00,1.640417994565544157e+00
1.084098457084531564e+00,1.641883541286007109e+00
1.082522295882627272e+00,1.643351500475475291e+00
1.080944728062460003e+00,1.644822153938108489e+00
1.079366066754846365e+00,1.646294863642923989e+00
1.077787677059007132e+00,1.647768524209314078e+00
1.076209354082258152e+00,1.649243390494511852e+00
1.074631019173545310e+00,1.650719576622635243e+00
1.073052379850268911e+00,1.652197265170495255e+00
1.071473223133476260e+00,1.653676714984108065e+00
1.069894070106346406e+00,1.655157585131966425e+00
1.068315636031678784e+00,1.656639314845175459e+00
1.066738250244109176e+00,1.658121775187140212e+00
1.065162429800839528e+00,1.659604509848747744e+00
1.063588713382707773e+00,1.661087046865778794e+00
1.062016339615875271e+00,1.662569992511015116e+00
1.060445996067278074e+00,1.664052917267057285e+00
1.058878915040131874e+00,1.665534815174231964e+00
1.057315200536327549e+00,1.667015610959407645e+00
1.055754575255099192e+00,1.668495579625164371e+00
1.054198120413157636e+00,1.669973801089191356e+00
1.052646042763176082e+00,1.671450276694515402e+00
1.051097554800784595e+00,1.672925591314609939e+00
1.049554176946609685e+00,1.674398201477176995e+00
1.048015877942959806e+00,1.675868065869181578e+00
1.046482414576112019e+00,1.677335802375445883e+00
1.044954353645019651e+00,1.678800912319337924e+00
1.043432031794435222e+00,1.680263184945154142e+00
1.041915577625149636e+00,1.681722850368196243e+00
1.040405176820405231e+00,1.683179312654745852e+00
1.038900876316536381e+00,1.684632483026597960e+00
1.037402519770689979e+00,1.686083006883680513e+00
1.035910587326180021e+00,1.687530422430801647e+00
1.034425415183728214e+00,1.688974255085132992e+00
1.032947232271977045e+00,1.690414456876357718e+00
1.031476243817149419e+00,1.691850894389485216e+00
1.030013250514667966e+00,1.693282812181785557e+00
1.028558412024541679e+00,1.694710037030830785e+00
1.027112304116106545e+00,1.696132212417680307e+00
1.025675552413211511e+00,1.697548791901300813e+00
1.024247320906230829e+00,1.698960438632309389e+00
1.022828890706747984e+00,1.700366272109520738e+00
1.021420725117796691e+00,1.701765832610595774e+00
1.020022606267076304e+00,1.703159356869249574e+00
1.018634725404928165e+00,1.704546803602702276e+00
1.017257522934564395e+00,1.705927624583944535e+00
1.015891680610482739e+00,1.707301280735475046e+00
1.014537239976977867e+00,1.708667788117266939e+00
1.013194881916155587e+00,1.710026685443900796e+00
1.011865309089509113e+00,1.711377715789177634e+00
1.010548415123850630e+00,1.712721142064480562e+00
1.009243815425959312e+00,1.714057040275724475e+00
1.007952021620612593e+00,1.715385005246147454e+00
1.006673950991706423e+00,1.716704498719773042e+00
1.005409511418241753e+00,1.718015378107940805e+00
1.004159199959494098e+00,1.719317173499849805e+00
1.002923015327622513e+00,1.720609922821755511e+00
1.001701231922104585e+00,1.721893424245151794e+00
1.000494395990924046e+00,1.723167222604747195e+00
9.993033955652048661e-01,1.724430736768731265e+00
9.981289903489219961e-01,1.725683472294218035e+00
9.969712168913884565e-01,1.726925085443560048e+00
9.958296829481094736e-01,1.728155926647416907e+00
9.947040435633023314e-01,1.729376307488015296e+00
9.935956017942094709e-01,1.730585377146343307e+00
9.925044574053674129e-01,1.731783289874565979e+00
9.914300287453147176e-01,1.732970493963228664e+00
9.903737514653450091e-01,1.734145577721835751e+00
9.893360418928796030e-01,1.735308123738031227e+00
9.883171671871683328e-01,1.736458130232086061e+00
9.873177625380544775e-01,1.737595049227837141e+00
9.863387841910987719e-01,1.738718226733319661e+00
9.853794041171257678e-01,1.739828333559985118e+00
9.844391100302345432e-01,1.740925638456747748e+00
9.835192008916632256e-01,1.742009073342576597e+00
9.826195695282254894e-01,1.743078768978417736e+00
9.817400863425164159e-01,1.744135186715498831e+00
9.808810931622269358e-01,1.745177841978807098e+00
9.800435818191336468e-01,1.746205940112710797e+00
9.792275971190836925e-01,1.747219574598469771e+00
9.784330194867424391e-01,1.748218672433991649e+00
9.776602009968573537e-01,1.749203304179075991e+00
9.769087625591683643e-01,1.750173867234523284e+00
9.761799131438224641e-01,1.751128956896476740e+00
9.754736531802458144e-01,1.752068551464876611e+00
9.747901916689095669e-01,1.752992849228352412e+00
9.741290352329970981e-01,1.753902325442449728e+00
9.734904210347004039e-01,1.754796782939127553e+00
9.728754250034035156e-01,1.755675338714317579e+00
9.722837895219902382e-01,1.756538080313489125e+00
9.717161873364791314e-01,1.757384575482507039e+00
9.711725037244341996e-01,1.758214837567425137e+00
9.706534480219964900e-01,1.759028226234737202e+00
9.701593708736574451e-01,1.759824462339772966e+00
9.696903779617155328e-01,1.760603599627484916e+00
9.692469824381628740e-01,1.761364962768641851e+00
9.688286045990733841e-01,1.762109012213703529e+00
9.684351202604397635e-01,1.762836026482541341e+00
9.680668642221482711e-01,1.763545653703787908e+00
9.677241917937289273e-01,1.764237676899835572e+00
9.674068233129309302e-01,1.764912439618891993e+00
9.671150988392032133e-01,1.765569792386433745e+00
9.668492278031874942e-01,1.766209595006349442e+00
9.666097940180948811e-01,1.766831422701732990e+00
9.663963698529333124e-01,1.767435376941574710e+00
9.662080098705878584e-01,1.768022140277422771e+00
9.660455606434085185e-01,1.768591014030311159e+00
9.659092655634127222e-01,1.769141679693978952e+00
9.657985273523532754e-01,1.769674988762857781e+00
9.657137660820610536e-01,1.770190532931548821e+00
9.656551240422462934e-01,1.770688193567721669e+00
9.656224376692778000e-01,1.771168123382028448e+00
9.656160312285457792e-01,1.771629920209645492e+00
9.656362611353421777e-01,1.772073301325480132e+00
9.656826152516548856e-01,1.772498618399720893e+00
9.657544583117451120e-01,1.772906540637897654e+00
9.658517797612892197e-01,1.773297188456427032e+00
9.659741128612396865e-01,1.773670989964758471e+00
9.661219036303553276e-01,1.774027616636260740e+00
9.662959664093148104e-01,1.774366325406757872e+00
9.664950811699996036e-01,1.774688084621547146e+00
9.667192709816070373e-01,1.774993034169879857e+00
9.669690833043671496e-01,1.775280652338645959e+00
9.672439925323766952e-01,1.775551012948102914e+00
9.675426378428567675e-01,1.775805236276516652e+00
9.678655013205436086e-01,1.776043069242969175e+00
9.682134676288174369e-01,1.776263805818829811e+00
9.685864818769660545e-01,1.776467623782618688e+00
9.689841142525092987e-01,1.776654554776827322e+00
9.694063966263949395e-01,1.776824500530189921e+00
9.698531692308323127e-01,1.776977768586857964e+00
9.703241683119545602e-01,1.777114444478939737e+00
9.708194881442331337e-01,1.777234390799314445e+00
9.713394891422667543e-01,1.777337508077902140e+00
9.718834625630342616e-01,1.777424193510549699e+00
9.724511951734829962e-01,1.777494477444073961e+00
9.730425321913950265e-01,1.777548545901773025e+00
9.736573895024843717e-01,1.777586337178653553e+00
9.742956599071724844e-01,1.777607907084083116e+00
9.749562374221917294e-01,1.777614153851630574e+00
9.756384084915897814e-01,1.777605679382132653e+00
9.763422410053447242e-01,1.777582477808682393e+00
9.770680384170714605e-01,1.777544349568831006e+00
9.778151103101900832e-01,1.777491603451391455e+00
9.785823893111514904e-01,1.777424885539449440e+00
9.793709142119744193e-01,1.777343715997763640e+00
9.801803529370622936e-01,1.777248445732968696e+00
9.810095427323426431e-01,1.777139919583175853e+00
9.818580117410212749e-01,1.777018475513553852e+00
9.827261290265951743e-01,1.776883803236950055e+00
9.836128253110335562e-01,1.776736636458638330e+00
9.845181221444639919e-01,1.776576943252410112e+00
9.854432229499805462e-01,1.776403627669416618e+00
9.863867496349668640e-01,1.776217536572784583e+00
9.873485165357404059e-01,1.776018927070628584e+00
9.883285084448149016e-01,1.775807687934036094e+00
9.893263909192581140e-01,1.775584141033944130e+00
9.903420092590736745e-01,1.775348551629257976e+00
9.913743044305121099e-01,1.775101480003252963e+00
9.924226880511441973e-01,1.774843312543514129e+00
9.934868868881429060e-01,1.774574332060163684e+00
9.945668473684888822e-01,1.774294607434672599e+00
9.956623695672690566e-01,1.774004341961494591e+00
9.967730269537717902e-01,1.773703828971687546e+00
9.978985299217334459e-01,1.773393082823035760e+00
9.990387047655248098e-01,1.773072057894232501e+00
1.000193349395487097e+00,1.772741228023170246e+00
1.001361486712744941e+00,1.772401235735368452e+00
1.002544128907112864e+00,1.772051067114087886e+00
1.003740879833592503e+00,1.771690684233299118e+00
1.004950547341117995e+00,1.771320792115876008e+00
1.006172947226455561e+00,1.770941563620133108e+00
1.007407628485379236e+00,1.770553108234547368e+00
1.008655066256490818e+00,1.770155409262695656e+00
1.009914737949107355e+00,1.769748831097902597e+00
1.011186471447764967e+00,1.769333241654461819e+00
1.012469874187883701e+00,1.768909262949105443e+00
1.013763431018308570e+00,1.768478056031299595e+00
1.015067373319179289e+00,1.768039337865711103e+00
1.016380745434861232e+00,1.767593651999828763e+00
1.017703173169956843e+00,1.767141387420789078e+00
1.019034631206356512e+00,1.766682583226808712e+00
1.020374350603690417e+00,1.766217775044423677e+00
1.021722635579743521e+00,1.765746776216213565e+00
1.023079370648546593e+00,1.765269451585461447e+00
1.024444072805712702e+00,1.764786012144913707e+00
1.025816059690379145e+00,1.764296763918562938e+00
1.027195120621830604e+00,1.763801942138375933e+00
1.028580525460777162e+00,1.763302307406295233e+00
1.029972031172599722e+00,1.762797877822493309e+00
1.031369427362043734e+00,1.762288415052830182e+00
1.032772436943885541e+00,1.761774101291730732e+00
1.034181312927327623e+00,1.761255115520718784e+00
1.035594582310292999e+00,1.760732512206311995e+00
1.037012362343908700e+00,1.760206163538490909e+00
1.038434825587798871e+00,1.759675811315345229e+00
1.039861333464990212e+00,1.759141699595539787e+00
1.041291703586528561e+00,1.758603941323124253e+00
1.042724830638433353e+00,1.758063262849202113e+00
1.044160945644476035e+00,1.757519383403038926e+00
1.045599463009193819e+00,1.756972487936293126e+00
1.047040052248513931e+00,1.756422839959159043e+00
1.048483087100904765e+00,1.755870191223606991e+00
1.049928606330577718e+00,1.755314604359634822e+00
1.051375704241495956e+00,1.754756538821535150e+00
1.052823935517672505e+00,1.754196022669755939e+00
1.054273386979476257e+00,1.753632935602242204e+00
1.055723453226890873e+00,1.753067659687733926e+00
1.057174180974351341e+00,1.752500163694492352e+00
1.058625427405600616e+00,1.751930484487153050e+00
1.060076535033675382e+00,1.751359173266333835e+00
1.061528127578042602e+00,1.750785874576894940e+00
1.062980001449119083e+00,1.750210740714144952e+00
1.064431024877235066e+00,1.749634423287804497e+00
1.065881410457429679e+00,1.749056612660229382e+00
1.067330568880263675e+00,1.748477782143835535e+00
1.068777587726320144e+00,1.747898688400738587e+00
1.070222215805831878e+00,1.747319461014261943e+00
1.071664383844883384e+00,1.746739937846654156e+00
1.073103952241210468e+00,1.746160178288815423e+00
1.074540871479241488e+00,1.745580037171887477e+00
1.075974776116178422e+00,1.744999827164896766e+00
1.077404991297653769e+00,1.744420077858597207e+00
1.078831711359145906e+00,1.743840509967043317e+00
1.080254255087159221e+00,1.743261619570608101e+00
1.081671849336485192e+00,1.742683751758507871e+00
1.083084870691149559e+00,1.742106496611325772e+00
1.084492907582312426e+00,1.741530181459974402e+00
1.085895502732563189e+00,1.740955210442013623e+00
1.087292960643706285e+00,1.740381282567868171e+00
1.088685560569303101e+00,1.739808109253539126e+00
1.090072461452908925e+00,1.739236373352288423e+00
1.091453824774975434e+00,1.738665860450824496e+00
1.092829614857316445e+00,1.738096300371980707e+00
1.094199069289978343e+00,1.737527980516053505e+00
1.095561933350113870e+00,1.736961160223579048e+00
1.096918743083006964e+00,1.736395562925354463e+00
1.098268943721331103e+00,1.735831370310091382e+00
1.099612035730188841e+00,1.735269019075956543e+00
1.100947854625097255e+00,1.734708418132698604e+00
1.102276197155595217e+00,1.734149482301362566e+00
1.103596737660425875e+00,1.733592505296990494e+00
1.104909774309381865e+00,1.733037323627361292e+00
1.106215814913803941e+00,1.732483719950537182e+00
1.107513979979588781e+00,1.731932235064568726e+00
1.108803339063333615e+00,1.731383497491950862e+00
1.110084452699068081e+00,1.730837121298119063e+00
1.111357181014705819e+00,1.730293293340664063e+00
1.112620342699819576e+00,1.729752745565567018e+00
1.113874102256175780e+00,1.729215247801180855e+00
1.115118483776477598e+00,1.728680680332162600e+00
1.116353020190967493e+00,1.728149265407546320e+00
1.117577919697078093e+00,1.727620853747454444e+00
1.118793127535733900e+00,1.727095344844533420e+00
1.119998709083531052e+00,1.726572644125512923e+00
1.121194982170521826e+00,1.726052383283330105e+00
1.122382247328402194e+00,1.725534290110839697e+00
1.123559584780324583e+00,1.725018975105206964e+00
1.124726300711296867e+00,1.724506803080557038e+00
1.125883014448580299e+00,1.723997283186968987e+00
1.127029474639805962e+00,1.723490351536572485e+00
1.128165121021229567e+00,1.722986270673485310e+00
1.129290195891220039e+00,1.722484959588985065e+00
1.130404739458109820e+00,1.721986694311526289e+00
1.131507720377793680e+00,1.721492159899293606e+00
1.132599249977394029e+00,1.721001245067250052e+00
1.133679259992958155e+00,1.720514066986249979e+00
1.134747435241297397e+00,1.720030880279572294e+00
1.135803567425954563e+00,1.719551722327731458e+00
1.136847390233244992e+00,1.719076708961151390e+00
1.137878821259072026e+00,1.718606085659335037e+00
1.138897303047404108e+00,1.718140178991838019e+00
1.139903224094773515e+00,1.717678499011843440e+00
1.140896500280373704e+00,1.717221163495662450e+00
1.141876492476572968e+00,1.716768548621661949e+00
1.142843845514841750e+00,1.716319962834423674e+00
1.143798589825887779e+00,1.715875307909512593e+00
1.144740393468103523e+00,1.715434934955377244e+00
1.145669388855102167e+00,1.714998624212969780e+00
1.146585813616004534e+00,1.714566016337639054e+00
1.147489247083070651e+00,1.714137500181514007e+00
1.148379339455366077e+00,1.713713376822862067e+00
1.149256210211720974e+00,1.713293465249662972e+00
1.150120008994923948e+00,1.712877537682929940e+00
1.150970974499681887e+00,1.712465522622121039e+00
1.151808859009598507e+00,1.712057484997903556e+00
1.152633806986791631e+00,1.711653239382330938e+00
1.153445411704010715e+00,1.711253186801575010e+00
1.154243592477772973e+00,1.710857348167311498e+00
1.155028352284764637e+00,1.710465589123260521e+00
1.155799287888853000e+00,1.710078122830482883e+00
1.156556422008083729e+00,1.709695033324879931e+00
1.157299593679336436e+00,1.709316466032343440e+00
1.158028636041030346e+00,1.708942514231866827e+00
1.158743775221903194e+00,1.708573023926592604e+00
1.159445308145606424e+00,1.708207519858184975e+00
1.160132875363272920e+00,1.707846324689289208e+00
1.160806017167885784e+00,1.707489970443476279e+00
1.161464963285371965e+00,1.707138343486482857e+00
1.162109015043774507e+00,1.706791824443505634e+00
1.162738131047275525e+00,1.706450522845742945e+00
1.163352172594997791e+00,1.706114582479157260e+00
1.163950755162292516e+00,1.705784283723562167e+00
1.164534520367438875e+00,1.705459128595199880e+00
1.165103474048258869e+00,1.705138982953989801e+00
1.165657325807706091e+00,1.704824051398353024e+00
1.166196160852313479e+00,1.704514242191838447e+00
1.166720435875569617e+00,1.704209214112355042e+00
1.167230096182197752e+00,1.703909094194510088e+00
1.167725061319534463e+00,1.703613942962270533e+00
1.168205219089883729e+00,1.703323934844100274e+00
1.168669684221945504e+00,1.703039774051566813e+00
1.169118545998296232e+00,1.702761278258546174e+00
1.169551730644567744e+00,1.702488458464039400e+00
1.169969310590813771e+00,1.702221356269131736e+00
1.170371981724408483e+00,1.701959377763107018e+00
1.170759634090188461e+00,1.701702449690829955e+00
1.171131660904626504e+00,1.701450921252973592e+00
1.171488078366269558e+00,1.701204831801240269e+00
1.171830131781992135e+00,1.700963373549258861e+00
1.172157459591061546e+00,1.700726720055598884e+00
1.172470080198095399e+00,1.700495028914550177e+00
1.172768164470667784e+00,1.700268082433445516e+00
1.173051409069948425e+00,1.700045790094932396e+00
1.173320088831927288e+00,1.699828006703505423e+00
1.173574308263298782e+00,1.699614816913291859e+00
1.173814227729900406e+00,1.699406186570032729e+00
1.174039380401502575e+00,1.699202503916142248e+00
1.174249181343880677e+00,1.699004316879263676e+00
1.174444383387588609e+00,1.698811129252394414e+00
1.174624919627534458e+00,1.698623031063662303e+00
1.174789871725283374e+00,1.698440932948079629e+00
1.174939051553361757e+00,1.698264881474847998e+00
1.175072821931671285e+00,1.698094417211298168e+00
1.175190707073149321e+00,1.697930068972226980e+00
1.175292357608392013e+00,1.697772210756414824e+00
1.175377962892698580e+00,1.697620548338880431e+00
1.175448067288745069e+00,1.697474824392254389e+00
1.175502679859058208e+00,1.697335175406100127e+00
1.175541658884212248e+00,1.697201694115698434e+00
1.175565547445874159e+00,1.697074058386649487e+00
1.175573663297238891e+00,1.696952733746030617e+00
1.175565922874713065e+00,1.696837724243721812e+00
1.175542854977786655e+00,1.696728758383850844e+00
1.175504342254602541e+00,1.696625907406289935e+00
1.175451119359625984e+00,1.696528350772122939e+00
1.175383353345337945e+00,1.696435943218800535e+00
1.175301245780365988e+00,1.696348555483911724e+00
1.175205404366555628e+00,1.696265763807978111e+00
1.175095534185970791e+00,1.696187948660602185e+00
1.174971379202446320e+00,1.696115417937495318e+00
1.174832796463104900e+00,1.696047974997733299e+00
1.174680104502703326e+00,1.695985166044496895e+00
1.174512479258390307e+00,1.695928022729160434e+00
1.174329229404721620e+00,1.695877252652504108e+00
1.174131365064331023e+00,1.695832069184871838e+00
1.173919083838214972e+00,1.695792417316694500e+00
1.173691668946186706e+00,1.695759134291447978e+00
1.173449451336448401e+00,1.695732059530261848e+00
1.173193044600600699e+00,1.695710743141327415e+00
1.172922389741462901e+00,1.695695504045504398e+00
1.172637304641118483e+00,1.695686494031497071e+00
1.172337626371046104e+00,1.695683844838620447e+00
1.172023600476649774e+00,1.695687216524176533e+00
1.171695527702705020e+00,1.695696426177083938e+00
1.171352408705144343e+00,1.695712174963150076e+00
1.170995240425657391e+00,1.695733692118547742e+00
1.170624384419495234e+00,1.695760872869108926e+00
1.170238935850051565e+00,1.695794387271497339e+00
1.169839511522114073e+00,1.695833749670429880e+00
1.169426903660673034e+00,1.695878175194212689e+00
1.169000907546742685e+00,1.695927805230457386e+00
1.168560952600372627e+00,1.695983335577064821e+00
1.168107291178225315e+00,1.696044957856375879e+00
1.167639669298490279e+00,1.696112742664067863e+00
1.167157788861185264e+00,1.696186887473318583e+00
1.166661558970699009e+00,1.696267653408439768e+00
1.166151541154870408e+00,1.696354694291951404e+00
1.165627931558004038e+00,1.696448038827987448e+00
1.165090350943469133e+00,1.696548225381640185e+00
1.164538847194750426e+00,1.696655270373182534e+00
1.163973344779442032e+00,1.696769150153456529e+00
1.163394392049860837e+00,1.696889698824077142e+00
1.162801872074203935e+00,1.697016927404314757e+00
1.162195865847749809e+00,1.697150738947139414e+00
1.161576543006428430e+00,1.697291143862712515e+00
1.160943602563758725e+00,1.697438132127309762e+00
1.160297422132739786e+00,1.697591504496372528e+00
1.159637929469020223e+00,1.697751468398616792e+00
1.158965670185015506e+00,1.697917637567976090e+00
1.158280907847067054e+00,1.698089917883688349e+00
1.157583969109960975e+00,1.698268274124036470e+00
1.156874804051123418e+00,1.698452672541848951e+00
1.156153714031413759e+00,1.698642818378297559e+00
1.155420471376364722e+00,1.698839063231796009e+00
1.154675173778308750e+00,1.699041293668294816e+00
1.153918331568360101e+00,1.699249202949964843e+00
1.153149137870373542e+00,1.699463784312492232e+00
1.152367149448241923e+00,1.699685599298067951e+00
1.151573561138991675e+00,1.699913631851686313e+00
1.150769059762581703e+00,1.700147261284749911e+00
1.149953014324273770e+00,1.700387170538564030e+00
1.149125209661584934e+00,1.700633526533671169e+00
1.148286444301810594e+00,1.700885687452525330e+00
1.147436167971156884e+00,1.701144140095286472e+00
1.146574554960758219e+00,1.701408751713121337e+00
1.145701833111303802e+00,1.701679477984394673e+00
1.144817948397626184e+00,1.701956499116629828e+00
1.143923047402830573e+00,1.702239738816574421e+00
1.143017182650863495e+00,1.702529263806677129e+00
1.142100434429233591e+00,1.702825056456240826e+00
1.141172504583343184e+00,1.703127380319972684e+00
1.140233571587070172e+00,1.703436387468154400e+00
1.139283780737686991e+00,1.703752085067013811e+00
1.138323818729690240e+00,1.704074120030290462e+00
1.137354392936290814e+00,1.704402021009999491e+00
1.136374663808739083e+00,1.704736355509105517e+00
1.135384660549536129e+00,1.705077177690054624e+00
1.134384903200019945e+00,1.705424195098235174e+00
1.133375354980386440e+00,1.705777372910960210e+00
1.132356247323263121e+00,1.706136543472478895e+00
1.131328165956178911e+00,1.706501387940996484e+00
1.130290869189960690e+00,1.706872182891418399e+00
1.129243957328704084e+00,1.707249442971267683e+00
1.128188151135964823e+00,1.707632697114423115e+00
1.127123254292376142e+00,1.708022000066917512e+00
1.126049108883782068e+00,1.708417553136111877e+00
1.124965909906518569e+00,1.708819291100587945e+00
1.123874280146036186e+00,1.709226910434222368e+00
1.122774145635228704e+00,1.709640741041856815e+00
1.121665250623364196e+00,1.710061168383273600e+00
1.120548331387779095e+00,1.710487613582418076e+00
1.119423625536752676e+00,1.710919995209598587e+00
1.118291090347898864e+00,1.711358377728221303e+00
1.117150390477498423e+00,1.711802795499058005e+00
1.116001918171272589e+00,1.712252917279185160e+00
1.114847378070625838e+00,1.712707515728300045e+00
1.113686706464038778e+00,1.713166605276509102e+00
1.112520436696745385e+00,1.713629825079946212e+00
1.111348762374934518e+00,1.714097033621230448e+00
1.110171485085231113e+00,1.714568615729550993e+00
1.108988211459399187e+00,1.715044962592022548e+00
1.107798880876841752e+00,1.715526062997057455e+00
1.106603906810368132e+00,1.716011866769544758e+00
1.105403065160972753e+00,1.716502724911548317e+00
1.104196124686963154e+00,1.716999019071138388e+00
1.102983774772916314e+00,1.717500175509593330e+00
1.101766163380385022e+00,1.718006131026282191e+00
1.100542596888689939e+00,1.718517636981626406e+00
1.099313372533261335e+00,1.719034606752570138e+00
1.098078843196101717e+00,1.719556857162788388e+00
1.096839275760963073e+00,1.720084270741313759e+00
1.095595035413559959e+00,1.720616619047085960e+00
1.094345938599357471e+00,1.721154057586555375e+00
1.093092267958283070e+00,1.721696348009989386e+00
1.091834443063194771e+00,1.722243230822129822e+00
1.090572928637468131e+00,1.722794340003217073e+00
1.089307432088735927e+00,1.723349897792578078e+00
1.088038415965571382e+00,1.723909572709815929e+00
1.086766581414453814e+00,1.724472900800485098e+00
1.085491835765631574e+00,1.725040157424222231e+00
1.084214169071390454e+00,1.725611411645506577e+00
1.082934001416305358e+00,1.726186261053611615e+00
1.081651566665677633e+00,1.726764857507115281e+00
1.080366636238805800e+00,1.727347420605972461e+00
1.079079427446504313e+00,1.727933746379891389e+00
1.077789945526625104e+00,1.728523965172041876e+00
1.076498863431716302e+00,1.729117705267760430e+00
1.075206441019551873e+00,1.729714677512856236e+00
1.073912779023621589e+00,1.730314812406006153e+00
1.072618233782922870e+00,1.730917889510090957e+00
1.071323021176314727e+00,1.731523688033854702e+00
1.070028185541055832e+00,1.732131575612616103e+00
1.068733537010945422e+00,1.732741734809456036e+00
1.067439492760497766e+00,1.733353779666501504e+00
1.066145874614386369e+00,1.733967748810925746e+00
1.064852452105332414e+00,1.734583599700432632e+00
1.063560681155256482e+00,1.735200357864824738e+00
1.062270325305941787e+00,1.735818621362213543e+00
1.060981600591510920e+00,1.736438354840798004e+00
1.059695048031181530e+00,1.737058840954195160e+00
1.058411059908256568e+00,1.737680072276226451e+00
1.057129915424132260e+00,1.738301998228705125e+00
1.055852611600963442e+00,1.738923783578078197e+00
1.054578369855771802e+00,1.739546031806057824e+00
1.053306264199651787e+00,1.740169445284270422e+00
1.052036718131198034e+00,1.740793742178262882e+00
1.050769851745888772e+00,1.741418857708066037e+00
1.049506505699621783e+00,1.742044352934485341e+00
1.048247203326605259e+00,1.742669818693318051e+00
1.046992450862500590e+00,1.743295025865624126e+00
1.045741853032264856e+00,1.743920446088104814e+00
1.044495794096767183e+00,1.744545592707588577e+00
1.043254525072764949e+00,1.745170243733810356e+00
1.042017570229508916e+00,1.745794884699691130e+00
1.040785909902027795e+00,1.746418476337227244e+00
1.039559516109039627e+00,1.747041040154195590e+00
1.038338449988468470e+00,1.747662870340834340e+00
1.037122833324479965e+00,1.748283819959173924e+00
1.035914383466235433e+00,1.748902678926086862e+00
1.034713105094743346e+00,1.749519427860768639e+00
1.033518693835300706e+00,1.750134372475147693e+00
1.032332437866290142e+00,1.750746309647688737e+00
1.031154623981384688e+00,1.751354952120689923e+00
1.029984946382869193e+00,1.751960764977090745e+00
1.028823138960900829e+00,1.752563621181375320e+00
1.027670126738949419e+00,1.753162954775355775e+00
1.026525938902617341e+00,1.753759016771222701e+00
1.025391470400639937e+00,1.754351163347184439e+00
1.024266728486714628e+00,1.754939370206364702e+00
1.023151284095963787e+00,1.755524008439327988e+00
1.022046130294158139e+00,1.756104180934906278e+00
1.020951116838669126e+00,1.756679870337576332e+00
1.019866342190398401e+00,1.757251045524024446e+00
1.018792296122355223e+00,1.757817234046472610e+00
1.017729257961594191e+00,1.758378286538367696e+00
1.016677043119031731e+00,1.758934532351214663e+00
1.015636129869958992e+00,1.759485827698049842e+00
1.014607338176302109e+00,1.760031584056440002e+00
1.013590105721851042e+00,1.760572097214960552e+00
1.012585335395496777e+00,1.761106446150579652e+00
1.011593318955225529e+00,1.761634405638916157e+00
1.010614320401994393e+00,1.762156008672937535e+00
1.009648013645320308e+00,1.762671477793155361e+00
1.008694611447242373e+00,1.763180577069483501e+00
1.007754319961776446e+00,1.763683263101202714e+00
1.006827623216429268e+00,1.764179290291865376e+00
1.005914750845988914e+00,1.764668215042932475e+00
1.005015646506804083e+00,1.765150155000606791e+00
1.004130170850572323e+00,1.765625320277502075e+00
1.003259074111237714e+00,1.766092893777577055e+00
1.002402969710930014e+00,1.766552273151092534e+00
1.001562106898976845e+00,1.767003444439653403e+00
1.000736231712873181e+00,1.767446743078544991e+00
9.999259386654920645e-01,1.767881530469001872e+00
9.991320419559892585e-01,1.768307274080715530e+00
9.983541521760258552e-01,1.768724207770696610e+00
9.975922884323611406e-01,1.769132251436519532e+00
9.968470460383804799e-01,1.769531003725210550e+00
9.961182047110793691e-01,1.769920706033761171e+00
9.954064293936157881e-01,1.770300759766032739e+00
9.947116280667839261e-01,1.770671055911138270e+00
9.940342193239483093e-01,1.771031460638706312e+00
9.933740594301097016e-01,1.771382121782269170e+00
9.927314605387467239e-01,1.771722750450060113e+00
9.921070115256318545e-01,1.772052837667476011e+00
9.915006482067351135e-01,1.772372462182774555e+00
9.909120150196306653e-01,1.772681951370275399e+00
9.903415572117958421e-01,1.772980830725087831e+00
9.897898715263525604e-01,1.773268492579128663e+00
9.892568470147365955e-01,1.773545067836503675e+00
9.887428870984152907e-01,1.773810333324985944e+00
9.882481763528812024e-01,1.774064131679019329e+00
9.877731516340412243e-01,1.774306055693330109e+00
9.873180854333151180e-01,1.774535857850037202e+00
9.868829904402151021e-01,1.774753611823375099e+00
9.864682837066306442e-01,1.774958931062275092e+00
9.860734414405979420e-01,1.775152204467255856e+00
9.856987334353325414e-01,1.775333186544318487e+00
9.853441212624343137e-01,1.775501911879650452e+00
9.850093387625646901e-01,1.775658456031668608e+00
9.846946572233692407e-01,1.775802605601049411e+00
9.843994372245937763e-01,1.775935176580098140e+00
9.841246971276474964e-01,1.776055425014841260e+00
9.838704219728393596e-01,1.776163166714077590e+00
9.836366894463342003e-01,1.776258194602884588e+00
9.834229173578462602e-01,1.776341058255141103e+00
9.832293181180489228e-01,1.776411635652905385e+00
9.830560152849248112e-01,1.776469764068499213e+00
9.829033195275818091e-01,1.776515169335076694e+00
9.827715014722918641e-01,1.776547595405839175e+00
9.826603245671039488e-01,1.776567100172619540e+00
9.825706216183091035e-01,1.776573024949734458e+00
9.825015634158621447e-01,1.776566201058840999e+00
9.824530955499702900e-01,1.776546794991872513e+00
9.824262274292721031e-01,1.776513840725846949e+00
9.824200839471172175e-01,1.776467908565775078e+00
9.824348374255431615e-01,1.776408954779767901e+00
9.824707422018573721e-01,1.776336638895202658e+00
9.825283085031675245e-01,1.776250544573815704e+00
9.826067725631387750e-01,1.776151353857332360e+00
9.827063250925418547e-01,1.776038945011835013e+00
9.828269383146585048e-01,1.775913242854678664e+00
9.829689692264691470e-01,1.775773974922751686e+00
9.831319577287328526e-01,1.775621672459821720e+00
9.833165474315812560e-01,1.775455527845593240e+00
9.835227959030136136e-01,1.775275283349576849e+00
9.837502911776675463e-01,1.775081329315478129e+00
9.839994191837044824e-01,1.774873298764131802e+00
9.842695986912954886e-01,1.774651777711018896e+00
9.845607998549217310e-01,1.774417019060515299e+00
9.848718755117080725e-01,1.774169802569510068e+00
9.852023660965063545e-01,1.773910452136308047e+00
9.855533183029219213e-01,1.773638129010284059e+00
9.859247732948431819e-01,1.773352813193797006e+00
9.863167064658170391e-01,1.773054651436576812e+00
9.867281916384422757e-01,1.772744284177592888e+00
9.871588004666420613e-01,1.772422107834233040e+00
9.876083119592430348e-01,1.772088263263185359e+00
9.880770465505023248e-01,1.771742460538291652e+00
9.885643970522535184e-01,1.771385176746156809e+00
9.890702198413556800e-01,1.771016433156069603e+00
9.895947570128724724e-01,1.770636162947117009e+00
9.901381054548030747e-01,1.770244398520744999e+00
9.906991757239498320e-01,1.769841742037130627e+00
9.912779737697817728e-01,1.769428106186965888e+00
9.918750400757807562e-01,1.769003281922164827e+00
9.924889254194104726e-01,1.768568436261550580e+00
9.931204693574436915e-01,1.768123085866498467e+00
9.937691570195744672e-01,1.767667590922458398e+00
9.944351475927282191e-01,1.767201752199431875e+00
9.951180916518916897e-01,1.766725766529087416e+00
9.958178891176346914e-01,1.766239577265510396e+00
9.965348273506414722e-01,1.765742860003703285e+00
9.972683019964981854e-01,1.765236213766707252e+00
9.980183450600674799e-01,1.764719717731001225e+00
9.987846141188692073e-01,1.764193390364463321e+00
9.995675972148057031e-01,1.763656936967318511e+00
1.000366673919373062e+00,1.763110958894523739e+00
1.001181935395439870e+00,1.762555311816630610e+00
1.002013028307599862e+00,1.761990083933269391e+00
1.002859582900636148e+00,1.761415398033065127e+00
1.003721716022524912e+00,1.760831173722827048e+00
1.004598912873568617e+00,1.760238131586113752e+00
1.005489772194110509e+00,1.759637589588378681e+00
1.006394028491984560e+00,1.759029650136425760e+00
1.007312643551085074e+00,1.758413674445020058e+00
1.008244112702350703e+00,1.757790794752797092e+00
1.009188829416943767e+00,1.757160783391967129e+00
1.010147053467127076e+00,1.756523318975796499e+00
1.011118368517491373e+00,1.755878587405726110e+00
1.012102236332259597e+00,1.755227032930471776e+00
1.013097992602159714e+00,1.754569135303863048e+00
1.014105767971572147e+00,1.753904773583526921e+00
1.015126163756619793e+00,1.753233561772163718e+00
1.016159338555412850e+00,1.752555281099279494e+00
1.017203565566827450e+00,1.751871163008884791e+00
1.018259880059189770e+00,1.751180509200739754e+00
1.019327212911769864e+00,1.750484174879564536e+00
1.020404320578531365e+00,1.749783210874366945e+00
1.021491463971127445e+00,1.749077383387501960e+00
1.022589143426686498e+00,1.748366216180159638e+00
1.023696473002636775e+00,1.747650615082370962e+00
1.024812843624253622e+00,1.746931144578090400e+00
1.025938691010887194e+00,1.746207495465490478e+00
1.027072850999704468e+00,1.745480524487452945e+00
1.028215853493493759e+00,1.744749939678447381e+00
1.029367848775418093e+00,1.744015543572555060e+00
1.030527761644800977e+00,1.743278057055827723e+00
1.031695327886436031e+00,1.742537668356911595e+00
1.032870071507681287e+00,1.741794717821923522e+00
1.034051679591399431e+00,1.741049197842440055e+00
1.035240507267889853e+00,1.740300774673108064e+00
1.036436483095214856e+00,1.739549815714255931e+00
1.037638336813568873e+00,1.738797347404098526e+00
1.038846818478494249e+00,1.738042715064033628e+00
1.040061962696300357e+00,1.737285972986479354e+00
1.041283434484684411e+00,1.736527235970555028e+00
1.042510603445162998e+00,1.735766844302078393e+00
1.043743381072104182e+00,1.735004917001880642e+00
1.044982079853361112e+00,1.734241336513635545e+00
1.046226337692451880e+00,1.733476361252026976e+00
1.047475641170278582e+00,1.732710468466336140e+00
1.048729381289764007e+00,1.731944143879506681e+00
1.049987848136880064e+00,1.731176992260641700e+00
1.051250689777685432e+00,1.730409296540933006e+00
1.052517314504824553e+00,1.729641701384045938e+00
1.053787704587159979e+00,1.728874081470914925e+00
1.055061868940968317e+00,1.728106331349783309e+00
1.056338795562912436e+00,1.727339237692443685e+00
1.057619111934312350e+00,1.726572176732910746e+00
1.058902335340171641e+00,1.725805568786626720e+00
1.060187907220093484e+00,1.725039938348984947e+00
1.061476294340250037e+00,1.724274685273100349e+00
1.062767187244199940e+00,1.723510185649366422e+00
1.064059763544779491e+00,1.722747227918531188e+00
1.065353239611391833e+00,1.721986321472142034e+00
1.066648289784310144e+00,1.721226797920902163e+00
1.067944804966398653e+00,1.720468720720254474e+00
1.069242615365469273e+00,1.719712212034331333e+00
1.070541692106929732e+00,1.718957449836753693e+00
1.071840795710412131e+00,1.718205493287595420e+00
1.073139625611956971e+00,1.717456221962496699e+00
1.074438369772133584e+00,1.716709401778756527e+00
1.075736964130046269e+00,1.715965088996098675e+00
1.077035238838372821e+00,1.715223412889706811e+00
1.078333463030392236e+00,1.714484126114696361e+00
1.079631213089139896e+00,1.713747562072590158e+00
1.080928515599632656e+00,1.713013775880112055e+00
1.082225178485518358e+00,1.712282724029424053e+00
1.083521161410554434e+00,1.711554432425912653e+00
1.084816800366283029e+00,1.710828592523786496e+00
1.086111512031351811e+00,1.710105472479872990e+00
1.087404532674141056e+00,1.709385732811961267e+00
1.088695457850856529e+00,1.708669819552921076e+00
1.089984596561943242e+00,1.707957253525172803e+00
1.091272123275089045e+00,1.707248086250481522e+00
1.092557890325721814e+00,1.706542512587765348e+00
1.093841924166062407e+00,1.705840255910022751e+00
1.095123464060535401e+00,1.705141696964339149e+00
1.096401936250784415e+00,1.704447367651054757e+00
1.097677546185669373e+00,1.703757011105122565e+00
1.098950145079325535e+00,1.703070595675681087e+00
1.100219758676062698e+00,1.702388209631019889e+00
1.101485888411206648e+00,1.701710294603542950e+00
1.102748140180222380e+00,1.701037176961988751e+00
1.104005708636457861e+00,1.700369214122409822e+00
1.105258603338433954e+00,1.699706626471063853e+00
1.106507385487500272e+00,1.699049093771545449e+00
1.107751888345908542e+00,1.698396456456359171e+00
1.108991280982079219e+00,1.697749402235818383e+00
1.110225290823605881e+00,1.697108177482014257e+00
1.111454320428762799e+00,1.696472551876391677e+00
1.112678319146082284e+00,1.695842507438211078e+00
1.113896479418278851e+00,1.695218691052571280e+00
1.115109034565247681e+00,1.694600706493361253e+00
1.116315714641981982e+00,1.693988514314716420e+00
1.117516423247223001e+00,1.693382150983073320e+00
1.118710904710879639e+00,1.692781852451534563e+00
1.119899176012274733e+00,1.692187793552874409e+00
1.121081490825220017e+00,1.691599698648219130e+00
1.122257871544523722e+00,1.691017085249719498e+00
1.123428279493492665e+00,1.690440162719274664e+00
1.124591388811156722e+00,1.689870155241224081e+00
1.125747705502326168e+00,1.689306298939903916e+00
1.126897578758726537e+00,1.688748370491797601e+00
1.128039113458853659e+00,1.688197946664244498e+00
1.129172267074494806e+00,1.687655006953100001e+00
1.130297971842007199e+00,1.687118789820837961e+00
1.131415399246992193e+00,1.686590111241232703e+00
1.132524178400100334e+00,1.686069218144062409e+00
1.133624540598516584e+00,1.685555802102459699e+00
1.134716029867375076e+00,1.685050115283449168e+00
1.135798547720965335e+00,1.684552233962806067e+00
1.136871463912453972e+00,1.684062679140590379e+00
1.137935189507393474e+00,1.683581061337644957e+00
1.138989423542967838e+00,1.683107525118265890e+00
1.140033676273611407e+00,1.682642392866861014e+00
1.141068585136729263e+00,1.682185163192846833e+00
1.142093912944614154e+00,1.681735971186244738e+00
1.143110280608410356e+00,1.681294292060235174e+00
1.144117220855154438e+00,1.680860463939404470e+00
1.145114360539271070e+00,1.680434763740179305e+00
1.146101552649912980e+00,1.680017423645688179e+00
1.147078042134698661e+00,1.679609057468371969e+00
1.148044119403747398e+00,1.679209368492852406e+00
1.148999858460420853e+00,1.678818024469451275e+00
1.149945221576077703e+00,1.678434984836560728e+00
1.150879947574460660e+00,1.678060348993211104e+00
1.151803845817276795e+00,1.677694389064603442e+00
1.152716914659451364e+00,1.677337196361454064e+00
1.153618838195114238e+00,1.676989181181516964e+00
1.154509081874930176e+00,1.676650436659171906e+00
1.155388573124705331e+00,1.676320062582012271e+00
1.156257379111510497e+00,1.675997899856938478e+00
1.157114581281499799e+00,1.675684591837731441e+00
1.157960050588784373e+00,1.675380514181464164e+00
1.158793672784401707e+00,1.675085544997919840e+00
1.159615899111211101e+00,1.674799293885527840e+00
1.160426978395286080e+00,1.674521535821846596e+00
1.161227001981208096e+00,1.674252041254685075e+00
1.162016498910049211e+00,1.673990296786433962e+00
1.162795554846200119e+00,1.673736109410884465e+00
1.163563857156043602e+00,1.673489763511038397e+00
1.164321233391677035e+00,1.673251312446487393e+00
1.165067887064315633e+00,1.673020462328293378e+00
1.165804251430174299e+00,1.672796694488323910e+00
1.166530467477913557e+00,1.672579840095444359e+00
1.167245922470408370e+00,1.672370145503855765e+00
1.167951155935347263e+00,1.672167301060856204e+00
1.168645760889463148e+00,1.671971449693362421e+00
1.169330162855735766e+00,1.671782296192099615e+00
1.170004921688868826e+00,1.671599294382544620e+00
1.170670430825172303e+00,1.671422063568619665e+00
1.171326214608253036e+00,1.671251250056702942e+00
1.171971610147371612e+00,1.671087182315405872e+00
1.172607184797307411e+00,1.670929302647022885e+00
1.173232582060478757e+00,1.670777728958974917e+00
1.173847734405842891e+00,1.670632371482918321e+00
1.174452287732463684e+00,1.670493315590893868e+00
1.175046306280901343e+00,1.670360589878308044e+00
1.175629623702699966e+00,1.670234494619755816e+00
1.176202653102868645e+00,1.670114616432407662e+00
1.176766196217885918e+00,1.670000233970936776e+00
1.177318991754128685e+00,1.669892274679845912e+00
1.177860328846670246e+00,1.669791250217007139e+00
1.178390259344552549e+00,1.669696955088187496e+00
1.178908891243203971e+00,1.669609399088242130e+00
1.179415933425449925e+00,1.669528865041273402e+00
1.179911171244493184e+00,1.669455537506012721e+00
1.180394716889273443e+00,1.669389419417712350e+00
1.180866075684164018e+00,1.669330935332565824e+00
1.181325120654503014e+00,1.669280120640368237e+00
1.181771483851081328e+00,1.669237135586661314e+00
1.182204574586672718e+00,1.669202405470776140e+00
1.182624343796322863e+00,1.669176068155883597e+00
1.183031092175738097e+00,1.669157880595144805e+00
1.183424991598690967e+00,1.669147593383404127e+00
1.183806512651534026e+00,1.669144707641514458e+00
1.184175080136835589e+00,1.669149583501145617e+00
1.184530628422379772e+00,1.669162362862335103e+00
1.184873681937052003e+00,1.669182445986989505e+00
1.185204516839557520e+00,1.669209587415883878e+00
1.185522352397130552e+00,1.669244456226185669e+00
1.185827425962774351e+00,1.669286670674907436e+00
1.186119881245555341e+00,1.669336021108620338e+00
1.186399558116082442e+00,1.669392643500302365e+00
1.186665995506952731e+00,1.669456966469955228e+00
1.186919074296945764e+00,1.669529056608622941e+00
1.187158274620766729e+00,1.669609322012872044e+00
1.187383412911471980e+00,1.669697891976105408e+00
1.187594784182367302e+00,1.669794303489803511e+00
1.187792731417953718e+00,1.669898357352197271e+00
1.187976275755820765e+00,1.670011007308088047e+00
1.188144944839847117e+00,1.670132670933180741e+00
1.188298380279988908e+00,1.670263738702725931e+00
1.188437212869809079e+00,1.670403735091930519e+00
1.188561382321089210e+00,1.670552578657230391e+00
1.188670255810037713e+00,1.670710927153651770e+00
1.188763503018780199e+00,1.670879045680401243e+00
1.188841540253444906e+00,1.671056270977397951e+00
1.188904443732279326e+00,1.671242480784746132e+00
1.188951755117556131e+00,1.671438118943434858e+00
1.188983317108615489e+00,1.671643066730337246e+00
1.189000286269508155e+00,1.671856361253008849e+00
1.189003049194153450e+00,1.672077693965637879e+00
1.188991705919936415e+00,1.672306896859618863e+00
1.188966027433087769e+00,1.672544037400213623e+00
1.188925792359284861e+00,1.672789235977542699e+00
1.188871478323274777e+00,1.673042144595108027e+00
1.188802821508530672e+00,1.673302809043591299e+00
1.188719668273900520e+00,1.673571310162509818e+00
1.188621749670842442e+00,1.673847744183256880e+00
1.188508693221986379e+00,1.674132486406456177e+00
1.188380469165426723e+00,1.674425795812980011e+00
1.188236375042046822e+00,1.674728162339684356e+00
1.188076595615214837e+00,1.675039608789337775e+00
1.187901521115763526e+00,1.675360198990445193e+00
1.187711765262211117e+00,1.675689425607033600e+00
1.187507090435702795e+00,1.676027110198660131e+00
1.187287033982462603e+00,1.676373505020105847e+00
1.187052375506853608e+00,1.676727763746215016e+00
1.186803005841185144e+00,1.677089905711120155e+00
1.186538859197757256e+00,1.677460099653794279e+00
1.186260364995717520e+00,1.677837983951730783e+00
1.185967817625658949e+00,1.678223243560366118e+00
1.185661003136440517e+00,1.678615907868290291e+00
1.185340661656284489e+00,1.679015338322093154e+00
1.185007560184245357e+00,1.679420739283001396e+00
1.184661889036728644e+00,1.679831947507614220e+00
1.184303175295268851e+00,1.680249184024739550e+00
1.183931569020638674e+00,1.680672275774901303e+00
1.183547292490557235e+00,1.681100978719570982e+00
1.183150244192531009e+00,1.681535265487649422e+00
1.182740791774214317e+00,1.681974996414120849e+00
1.182318691143844580e+00,1.682420609645533860e+00
1.181883634023466412e+00,1.682872492256731967e+00
1.181436051605267101e+00,1.683330267423942317e+00
1.180975314071900817e+00,1.683794300099749508e+00
1.180501119839528767e+00,1.684264721268793785e+00
1.180013713945393672e+00,1.684741221298960534e+00
1.179513636520260533e+00,1.685223300404705915e+00
1.179000669976171700e+00,1.685711326368263707e+00
1.178474559409775635e+00,1.686205751071135239e+00
1.177935760934942566e+00,1.686705948013257350e+00
1.177384205377283166e+00,1.687211848580530082e+00
1.176819963184344786e+00,1.687723480293874534e+00
1.176243473601565670e+00,1.688240522602632687e+00
1.175654289464544977e+00,1.688763261901690349e+00
1.175052531091339780e+00,1.689291536230004054e+00
1.174439026017661147e+00,1.689824623632133260e+00
1.173812996371419004e+00,1.690363189225967622e+00
1.173173776279614833e+00,1.690907968381318849e+00
1.172521935087876388e+00,1.691458728622969865e+00
1.171857693711517046e+00,1.692015332880122847e+00
1.171180701966815230e+00,1.692577927744443711e+00
1.170490992964355881e+00,1.693146256776852709e+00
1.169788517171974851e+00,1.693720370763460714e+00
1.169072311336070591e+00,1.694301309057081761e+00
1.168342430854566683e+00,1.694889153037493656e+00
1.167599546263694998e+00,1.695483341796158339e+00
1.166843857074461033e+00,1.696083791429736864e+00
1.166075254657108928e+00,1.696690397705060027e+00
1.165294384807340045e+00,1.697302499148187982e+00
1.164501681422705825e+00,1.697919858545672511e+00
1.163696059789487203e+00,1.698543482609468969e+00
1.162877111613711323e+00,1.699173585078880500e+00
1.162044759613732214e+00,1.699810154534270978e+00
1.161199688084618487e+00,1.700452816217880692e+00
1.160341831721741990e+00,1.701101600397167291e+00
1.159471211291937198e+00,1.701756647510970666e+00
1.158587911343472721e+00,1.702418053476888460e+00
1.157691887932057462e+00,1.703085897488001876e+00
1.156783729784164771e+00,1.703759655290021602e+00
1.155863361406149981e+00,1.704439523969088377e+00
1.154930870975563684e+00,1.705125470175592906e+00
1.153986246569308483e+00,1.705817412373531461e+00
1.153029479896232612e+00,1.706515400160736551e+00
1.152060638590559849e+00,1.707219385779780829e+00
1.151079614647803950e+00,1.707929333442083308e+00
1.150087235052125845e+00,1.708644598894778932e+00
1.149082848478937491e+00,1.709365802595256056e+00
1.148066722163749498e+00,1.710092970576391425e+00
1.147038898059147716e+00,1.710826172412974078e+00
1.145999099688932210e+00,1.711565605514994148e+00
1.144948136455968823e+00,1.712310581617702221e+00
1.143886018025880968e+00,1.713061177891864961e+00
1.142812743082818328e+00,1.713817310768911417e+00
1.141727936690995815e+00,1.714579356493771467e+00
1.140631414247430087e+00,1.715347596962977450e+00
1.139523712312564330e+00,1.716121620290807614e+00
1.138405290504530099e+00,1.716900849215388769e+00
1.137276483674229066e+00,1.717684919696024215e+00
1.136137365300823321e+00,1.718473780397240525e+00
1.134987857315412407e+00,1.719267723557776018e+00
1.133827438581858527e+00,1.720067217410691685e+00
1.132656633485505937e+00,1.720871869291637157e+00
1.131475784719674582e+00,1.721681494201245499e+00
1.130285031647190186e+00,1.722496021465926175e+00
1.129084598893371982e+00,1.723315195227314245e+00
1.127874282404954576e+00,1.724139252896205399e+00
1.126654182465203435e+00,1.724968184470811794e+00
1.125424058959974882e+00,1.725801937534866326e+00
1.124183836129699410e+00,1.726640686604071773e+00
1.122933483256572940e+00,1.727484858796475953e+00
1.121673116470958353e+00,1.728334156751631268e+00
1.120403712305239496e+00,1.729188049107015290e+00
1.119125252260919190e+00,1.730046637400286302e+00
1.117837635075068725e+00,1.730909647413997998e+00
1.116541639672280706e+00,1.731776573892601423e+00
1.115237012741338685e+00,1.732647767696653851e+00
1.113923496221786769e+00,1.733523545738357985e+00
1.112601634642115700e+00,1.734403637519164709e+00
1.111272146979975339e+00,1.735287426521557874e+00
1.109934947366033819e+00,1.736174636209577571e+00
1.108590592373634331e+00,1.737064881936460470e+00
1.107239396425543587e+00,1.737958022290792659e+00
1.105881556399162857e+00,1.738853910409909220e+00
1.104516888299621469e+00,1.739752831253736254e+00
1.103145239204706085e+00,1.740655127517990675e+00
1.101766737158961451e+00,1.741560629441329278e+00
1.100382132695884918e+00,1.742468788074486241e+00
1.098991185337695686e+00,1.743379916358951176e+00
1.097593549989813289e+00,1.744294289869348979e+00
1.096189814181992572e+00,1.745211528411850566e+00
1.094779535093944656e+00,1.746132010449916283e+00
1.093362803233953295e+00,1.747055676666402046e+00
1.091940070004020047e+00,1.747982220135801290e+00
1.090511834740837349e+00,1.748911315496492591e+00
1.089078593519567040e+00,1.749842627648692250e+00
1.087640093621405235e+00,1.750776300451355239e+00
1.086196771516155568e+00,1.751712140316885380e+00
1.084748588659294910e+00,1.752649962220320212e+00
1.083296359267154507e+00,1.753589069858461302e+00
1.081839961964312868e+00,1.754529573769416428e+00
1.080379817653110308e+00,1.755471321156548248e+00
1.078915827495555479e+00,1.756414428100246949e+00
1.077447233428245887e+00,1.757359543889503106e+00
1.075975309532716917e+00,1.758305901178654818e+00
1.074500703335395047e+00,1.759253036474634602e+00
1.073022952435880750e+00,1.760201369455597353e+00
1.071542795483073407e+00,1.761150385999046719e+00
1.070060440245790945e+00,1.762099793417475802e+00
1.068575582342627506e+00,1.763049923060313828e+00
1.067088554132484823e+00,1.764000659893190770e+00
1.065600060175043717e+00,1.764951364004897938e+00
1.064110211592085742e+00,1.765901887458363850e+00
1.062618979261469532e+00,1.766852528439669445e+00
1.061127286252434354e+00,1.767802429468895875e+00
1.059635528945552796e+00,1.768751340025090046e+00
1.058143213489953993e+00,1.769699817592928381e+00
1.056651180548130897e+00,1.770646970900879413e+00
1.055160296300721834e+00,1.771592030198337442e+00
1.053670137614717062e+00,1.772535389458333777e+00
1.052181136774910319e+00,1.773476933518755683e+00
1.050693315016655305e+00,1.774416693799499622e+00
1.049207311436235246e+00,1.775354178057555465e+00
1.047724446436398393e+00,1.776288281166680694e+00
1.046244774645231468e+00,1.777218754996980676e+00
1.044768400860109914e+00,1.778145665616424731e+00
1.043295480332740999e+00,1.779069068494674832e+00
1.041826764451930121e+00,1.779988385379639215e+00
1.040362904493128848e+00,1.780903163773662312e+00
1.038904353896666466e+00,1.781813218297356949e+00
1.037452088870671085e+00,1.782717653804455127e+00
1.036005657237109689e+00,1.783616637516417081e+00
1.034565286721060851e+00,1.784510266613628549e+00
1.033130952486029708e+00,1.785398447658831822e+00
1.031703062642509217e+00,1.786280901579502034e+00
1.030282108681881859e+00,1.787157612169628429e+00
1.028867684017885642e+00,1.788028971489780572e+00
1.027460429921521756e+00,1.788894489397905296e+00
1.026060624033013235e+00,1.789753977566468368e+00
1.024668809066071606e+00,1.790607084642337865e+00
1.023285327122076316e+00,1.791453620346084685e+00
1.021909928795531108e+00,1.792293876379070561e+00
1.020543055315670689e+00,1.793127677952069954e+00
1.019184794421327256e+00,1.793954816303383604e+00
1.017835748799177154e+00,1.794774760427684468e+00
1.016496732958362736e+00,1.795586743469378410e+00
1.015168706220856309e+00,1.796390057610524948e+00
1.013851796929477134e+00,1.797184897505913481e+00
1.012545742365486889e+00,1.797971379597116393e+00
1.011251176959285569e+00,1.798748787293139584e+00
1.009968490284037124e+00,1.799517014527258763e+00
1.008697538418603434e+00,1.800276268483222752e+00
1.007438555878936493e+00,1.801026452451232718e+00
1.006192167663638060e+00,1.801767061738568154e+00
1.004958555055461389e+00,1.802497784600927799e+00
1.003738511997966931e+00,1.803218137733509030e+00
1.002532628728116437e+00,1.803927896388254126e+00
1.001340866082797154e+00,1.804627164561713792e+00
1.000163431789746538e+00,1.805315701812987506e+00
9.990005348066572921e-01,1.805993463212730354e+00
9.978523259702639647e-01,1.806660366864014877e+00
9.967186607669509257e-01,1.807316401101710435e+00
9.955997072831920258e-01,1.807961636307795050e+00
9.944972429470867459e-01,1.808594978876857606e+00
9.934108696544029504e-01,1.809216628493012458e+00
9.923402980273677843e-01,1.809826949961805598e+00
9.912861468078192351e-01,1.810425419213680831e+00
9.902488768203707714e-01,1.811011499898796284e+00
9.892282777304544084e-01,1.811585390326155842e+00
9.882244947475636865e-01,1.812147165758009715e+00
9.872380523814261455e-01,1.812696843784761480e+00
9.862682519361949396e-01,1.813235001436257932e+00
9.853151679743771263e-01,1.813761499648480102e+00
9.843796090821083089e-01,1.814275744367054743e+00
9.834617758029196022e-01,1.814777490347131872e+00
9.825616526213162283e-01,1.815266647887908702e+00
9.816793725264825188e-01,1.815743206902190598e+00
9.808156259363454144e-01,1.816206984650005740e+00
9.799706681740660841e-01,1.816657798664679468e+00
9.791448872796970626e-01,1.817095342453317608e+00
9.783384001151950171e-01,1.817519627033288065e+00
9.775517782372853404e-01,1.817930096648344929e+00
9.767851488928827042e-01,1.818326396124656741e+00
9.760388744571800723e-01,1.818708490693802249e+00
9.753130506893268326e-01,1.819076311635424714e+00
9.746073455375892092e-01,1.819429806994654397e+00
9.739225084383639208e-01,1.819768391549070996e+00
9.732598569077680617e-01,1.820091462476460364e+00
9.726192066521092139e-01,1.820399307212951179e+00
9.720011406937811849e-01,1.820691349682546090e+00
9.714062101509286506e-01,1.820967094216468629e+00
9.708334435805753282e-01,1.821227184344967220e+00
9.702834491760158331e-01,1.821471079325543307e+00
9.697564145000807656e-01,1.821698556923261991e+00
9.692526184408638557e-01,1.821909509871292743e+00
9.687725043761766797e-01,1.822103587887810683e+00
9.683163004762436188e-01,1.822280530693442646e+00
9.678839231195301984e-01,1.822440574955833004e+00
9.674757371121245342e-01,1.822583606512097276e+00
9.670916693497312311e-01,1.822709570323437722e+00
9.667315795163528014e-01,1.822818389582828269e+00
9.663957247997541078e-01,1.822909969769535454e+00
9.660844056037162231e-01,1.822984112054380823e+00
9.657980614769718919e-01,1.823040122491454307e+00
9.655372525166372455e-01,1.823077705728368469e+00
9.653018313953274365e-01,1.823097264023083586e+00
9.650921116082040729e-01,1.823098426445606712e+00
9.649078060293487802e-01,1.823081479477324907e+00
9.647497317412966344e-01,1.823045854558267287e+00
9.646184607273797784e-01,1.822990734472187180e+00
9.645136044228462824e-01,1.822916333017091217e+00
9.644349178553390800e-01,1.822823152266018543e+00
9.643824286533400070e-01,1.822711211357908700e+00
9.643565660042305865e-01,1.822580143140957398e+00
9.643572422804728150e-01,1.822430156003450374e+00
9.643836961775048566e-01,1.822261814877181862e+00
9.644364768068558469e-01,1.822074693465732143e+00
9.645152143688063839e-01,1.821869164715001821e+00
9.646201562128244866e-01,1.821645076103315830e+00
9.647516287693327364e-01,1.821401915036297003e+00
9.649099652015873385e-01,1.821139456091360964e+00
9.650947290326787886e-01,1.820858073828010237e+00
9.653062125788638426e-01,1.820557405093580439e+00
9.655440458193972342e-01,1.820237442949857343e+00
9.658084656983602079e-01,1.819898184243606165e+00
9.660991538036001192e-01,1.819540027244000324e+00
9.664161525374280748e-01,1.819162718067446560e+00
9.667603760519837275e-01,1.818765622277167537e+00
9.671303413987332176e-01,1.818350024875463156e+00
9.675253612881019594e-01,1.817916383647665501e+00
9.679455582709808326e-01,1.817464809979861595e+00
9.683903780854078436e-01,1.816995902866734847e+00
9.688603608600495631e-01,1.816508792990711552e+00
9.693558477544650387e-01,1.816003228376126932e+00
9.698760200823217659e-01,1.815480146704808062e+00
9.704211696074145355e-01,1.814939096687936182e+00
9.709907914648664429e-01,1.814380427493360814e+00
9.715838506169136579e-01,1.813805179714631954e+00
9.722010168995622870e-01,1.813212795484976825e+00
9.728425268253149127e-01,1.812602873664148628e+00
9.735079606681903419e-01,1.811975894572309675e+00
9.741967895077616735e-01,1.811332228922086562e+00
9.749089118419063116e-01,1.810671895588585434e+00
9.756437684682188749e-01,1.809995288569697269e+00
9.764007917890704658e-01,1.809302710668392322e+00
9.771802346596742961e-01,1.808594189211675696e+00
9.779813663814158620e-01,1.807870293224039804e+00
9.788042293800627291e-01,1.807130967898799012e+00
9.796484567431353874e-01,1.806376543536041046e+00
9.805138292863315730e-01,1.805607115770934357e+00
9.813994362695871443e-01,1.804823477647837349e+00
9.823050358317515496e-01,1.804025997424482330e+00
9.832301502326549203e-01,1.803215049822122884e+00
9.841743226347231532e-01,1.802390939003742698e+00
9.851370779598497274e-01,1.801553957426258457e+00
9.861181124130659059e-01,1.800704439263406176e+00
9.871170731584045788e-01,1.799842623318201884e+00
9.881333919946098110e-01,1.798968819664696683e+00
9.891665451986452195e-01,1.798083371037845435e+00
9.902166343837455198e-01,1.797186313150378689e+00
9.912830114451828267e-01,1.796278360717966205e+00
9.923649962311635875e-01,1.795359779478264306e+00
9.934629840889322994e-01,1.794430048333030436e+00
9.945766569769709520e-01,1.793489446501543849e+00
9.957049274595902721e-01,1.792538753124371720e+00
9.968483842555823093e-01,1.791577606685934576e+00
9.980066122641069182e-01,1.790606336564401158e+00
9.991785006466813446e-01,1.789625836402999770e+00
1.000364245027024923e+00,1.788636039747576456e+00
1.001564022074472371e+00,1.787636711798332279e+00
1.002777224499601827e+00,1.786628106939196936e+00
1.004002997475770931e+00,1.785610933730572336e+00
1.005241146746979730e+00,1.784585553105812794e+00
1.006492175765840713e+00,1.783551475691488530e+00
1.007755540672206518e+00,1.782508793737953567e+00
1.009030683465528266e+00,1.781457938406391772e+00
1.010316768721251313e+00,1.780399644247672386e+00
1.011612970831877512e+00,1.779334333869977192e+00
1.012919797241105258e+00,1.778261749359629329e+00
1.014236049950976604e+00,1.777182981891471281e+00
1.015562056805252134e+00,1.776097604125516760e+00
1.016898052367228633e+00,1.775005039868439827e+00
1.018243454824220739e+00,1.773906055532645798e+00
1.019598158999520221e+00,1.772800949596286868e+00
1.020962150810179825e+00,1.771689295106712914e+00
1.022334815874344160e+00,1.770571341201516713e+00
1.023715103132076143e+00,1.769447887515622320e+00
1.025103199941000520e+00,1.768318906650953704e+00
1.026499304301274673e+00,1.767184512047359934e+00
1.027902582799359532e+00,1.766045520684804693e+00
1.029313511483600285e+00,1.764901395937435780e+00
1.030731820184495495e+00,1.763752138006070558e+00
1.032156944908718232e+00,1.762598022250702057e+00
1.033588895259234919e+00,1.761438881495940523e+00
1.035027352701263004e+00,1.760274897401903793e+00
1.036472347982340336e+00,1.759106078175885157e+00
1.037922797529885033e+00,1.757933215039038544e+00
1.039378751057128403e+00,1.756756098258180465e+00
1.040840802567460255e+00,1.755574083263370389e+00
1.042307766309425565e+00,1.754388113824745465e+00
1.043779988162747863e+00,1.753197979685086949e+00
1.045257124348718314e+00,1.752003757774035941e+00
1.046738993218378599e+00,1.750805526067750195e+00
1.048225570764311332e+00,1.749603205757884306e+00
1.049716681314269318e+00,1.748396662228800080e+00
1.051212251928589803e+00,1.747185975450108453e+00
1.052711535403738852e+00,1.745971956202825970e+00
1.054214788509090894e+00,1.744754344786906941e+00
1.055721602370903289e+00,1.743533410592902566e+00
1.057230866786196044e+00,1.742310133159106211e+00
1.058742038244173456e+00,1.741084645621601146e+00
1.060255405588762301e+00,1.739856838933030891e+00
1.061769829446139735e+00,1.738627827259738190e+00
1.063285046921000454e+00,1.737397638969392810e+00
1.064801454774764400e+00,1.736165807885963641e+00
1.066318165233580473e+00,1.734933362541271951e+00
1.067835036452938757e+00,1.733700224958699465e+00
1.069352405456668542e+00,1.732466027513987816e+00
1.070870048401873609e+00,1.731231118925906420e+00
1.072387029186707696e+00,1.729996039486172199e+00
1.073902540046419940e+00,1.728761237383446225e+00
1.075417137612322938e+00,1.727526219892895121e+00
1.076930645586436253e+00,1.726291201730161706e+00
1.078442668694815421e+00,1.725056556324649604e+00
1.079953064966128196e+00,1.723822421129882487e+00
1.081460969393662763e+00,1.722589538546693833e+00
1.082966327456870825e+00,1.721357918986628155e+00
1.084469410424034663e+00,1.720127185299073824e+00
1.085970082397853087e+00,1.718897404737965262e+00
1.087467886779008186e+00,1.717669013694642199e+00
1.088962773996292821e+00,1.716442047949769512e+00
1.090454376464451203e+00,1.715216889742011697e+00
1.091941759643989762e+00,1.713994163936827464e+00
1.093425658753416574e+00,1.712773214032053959e+00
1.094905707532785266e+00,1.711554182514359868e+00
1.096381218834483917e+00,1.710337560315111194e+00
1.097852269042465689e+00,1.709123121116677968e+00
1.099318787586012869e+00,1.707910614581226838e+00
1.100780863527673015e+00,1.706700108982210695e+00
1.102238209274385872e+00,1.705491953642082503e+00
1.103691334593662088e+00,1.704285831397309270e+00
1.105139883395156453e+00,1.703082031289231635e+00
1.106583406627564159e+00,1.701880756989787580e+00
1.108021914197950153e+00,1.700681814171972839e+00
1.109455038565457796e+00,1.699485462713759221e+00
1.110882610989855301e+00,1.698291942384510422e+00
1.112304857660997959e+00,1.697101019919345921e+00
1.113721639355644610e+00,1.695912672955126155e+00
1.115131971586147630e+00,1.694727580124819610e+00
1.116536118126046695e+00,1.693545421433578335e+00
1.117933987923696249e+00,1.692366275575328372e+00
1.119324496523240953e+00,1.691191147219391677e+00
1.120707642677907900e+00,1.690020263186590599e+00
1.122082999421244454e+00,1.688853725580432785e+00
1.123450643320753617e+00,1.687691220395151515e+00
1.124810445157739869e+00,1.686532928044684354e+00
1.126161960612447777e+00,1.685379360418336470e+00
1.127504928075666379e+00,1.684230634898066681e+00
1.128839122282176088e+00,1.683086836637135875e+00
1.130164936034679712e+00,1.681947765469414602e+00
1.131482315304327857e+00,1.680813448266500698e+00
1.132790746186388198e+00,1.679684082557777236e+00
1.134089791930833258e+00,1.678559879387964138e+00
1.135378781156862305e+00,1.677441559787275160e+00
1.136657514925921264e+00,1.676329287552037473e+00
