-645.516643780084
-645.516643754064
-645.516643721451
-645.516643705243
-645.516643710018
-645.516643734613
-645.516643776797
-645.516643832864
-645.516643909226
-645.516644010578
-645.516642906760
-645.516643151936
-645.516643441633
-645.516643765169
-645.516644130320
-645.516644546021
-645.516645002846
-645.516645493021
-645.516646010891
-645.516646549296
-645.516644553531
-645.516645245362
-645.516645936948
-645.516646619028
-645.516647283644
-645.516647923599
-645.516648531711
-645.516649104637
-645.516649637686
-645.516650123478
-645.516647035515
-645.516647535271
-645.516647982525
-645.516648378142
-645.516648723557
-645.516649017975
-645.516649267096
-645.516649473762
-645.516649637095
-645.516649760881
-645.516645788461
-645.516645930427
-645.516646042392
-645.516646128572
-645.516646195426
-645.516646249120
-645.516646295906
-645.516646344129
-645.516646401988
-645.516646477620
-645.516642155191
-645.516642362590
-645.516642606261
-645.516642888774
-645.516643213074
-645.516643579724
-645.516643986051
-645.516644430814
-645.516644909208
-645.516645416046
-645.516639272639
-645.516639941621
-645.516640621780
-645.516641308625
-645.516641994247
-645.516642674375
-645.516643348057
-645.516644012238
-645.516644666503
-645.516645313113
-645.516639043658
-645.516639774767
-645.516640508282
-645.516641248153
-645.516641999963
-645.516642768092
-645.516643553189
-645.516644358297
-645.516645186681
-645.516646037239
-645.516638398034
-645.516639402942
-645.516640426299
-645.516641463750
-645.516642515115
-645.516643578573
-645.516644649906
-645.516645728610
-645.516646812910
-645.516647899086
-645.516640586386
-645.516641763928
-645.516642939107
-645.516644108990
-645.516645271768
-645.516646425515
-645.516647565781
-645.516648688326
-645.516649789659
-645.516650863040
-645.516643653628
-645.516644727849
-645.516645755173
-645.516646731403
-645.516647655008
-645.516648521452
-645.516649329122
-645.516650080486
-645.516650777808
-645.516651424286
-645.516644356851
-645.516644980671
-645.516645570253
-645.516646133010
-645.516646678068
-645.516647210932
-645.516647739502
-645.516648271150
-645.516648808504
-645.516649356778
-645.516640743796
-645.516641400087
-645.516642081617
-645.516642791604
-645.516643530901
-645.516644299061
-645.516645098350
-645.516645930963
-645.516646794974
-645.516647687872
-645.516637837790
-645.516638863451
-645.516639912324
-645.516640983694
-645.516642073199
-645.516643175065
-645.516644287152
-645.516645406049
-645.516646526983
-645.516647649721
-645.516637086242
-645.516638282538
-645.516639472453
-645.516640659989
-645.516641844426
-645.516643025992
-645.516644209237
-645.516645396065
-645.516646588158
-645.516647791398
-645.516636634929
-645.516637945684
-645.516639276150
-645.516640628988
-645.516642002977
-645.516643400037
-645.516644821967
-645.516646266516
-645.516647732397
-645.516649221833
-645.516637978442
-645.516639578159
-645.516641193626
-645.516642824467
-645.516644468252
-645.516646125029
-645.516647791872
-645.516649462339
-645.516651134596
-645.516652808935
-645.516640719662
-645.516642457999
-645.516644181880
-645.516645882866
-645.516647553790
-645.516649192831
-645.516650794791
-645.516652349341
-645.516653850239
-645.516655295061
-645.516641922173
-645.516643329681
-645.516644681056
-645.516645975332
-645.516647213968
-645.516648403921
-645.516649554354
-645.516650673511
-645.516651769365
-645.516652847505
-645.516639637141
-645.516640766674
-645.516641903978
-645.516643052495
-645.516644212783
-645.516645388455
-645.516646580558
-645.516647787616
-645.516649013020
-645.516650257307
-645.516636854783
-645.516638186620
-645.516639528199
-645.516640877668
-645.516642237847
-645.516643610669
-645.516644990987
-645.516646379558
-645.516647783954
-645.516649204617
-645.516635892955
-645.516637418357
-645.516638970911
-645.516640548471
-645.516642155050
-645.516643794692
-645.516645468270
-645.516647177662
-645.516648921679
-645.516650697111
-645.516633887413
-645.516635819088
-645.516637782193
-645.516639774937
-645.516641796931
-645.516643844082
-645.516645912019
-645.516648001006
-645.516650111868
-645.516652240624
-645.516634172392
-645.516636417793
-645.516638672034
-645.516640930280
-645.516643190576
-645.516645450927
-645.516647704731
-645.516649947417
-645.516652175443
-645.516654382960
-645.516638003664
-645.516640237402
-645.516642433982
-645.516644589405
-645.516646706724
-645.516648779582
-645.516650802785
-645.516652781691
-645.516654715480
-645.516656599874
-645.516640791052
-645.516642660069
-645.516644496300
-645.516646307863
-645.516648100007
-645.516649876823
-645.516651650484
-645.516653429309
-645.516655215356
-645.516657016301
-645.516637385549
-645.516639314125
-645.516641264817
-645.516643240686
-645.516645241163
-645.516647261405
-645.516649296223
-645.516651342362
-645.516653396696
-645.516655455816
-645.516633796410
-645.516635959033
-645.516638122499
-645.516640288732
-645.516642461874
-645.516644646024
-645.516646849081
-645.516649076814
-645.516651329034
-645.516653609570
-645.516631821099
-645.516634263385
-645.516636738965
-645.516639248349
-645.516641780604
-645.516644324931
-645.516646879650
-645.516649436766
-645.516651983437
-645.516654511874
-645.516631408847
-645.516633974934
-645.516636506806
-645.516639006739
-645.516641474528
-645.516643915971
-645.516646340378
-645.516648757842
-645.516651182177
-645.516653628786
-645.516631774322
-645.516634378535
-645.516637033527
-645.516639751644
-645.516642537173
-645.516645388627
-645.516648305564
-645.516651281073
-645.516654305454
-645.516657373507
-645.516632355038
-645.516635574572
-645.516638802852
-645.516642030857
-645.516645245788
-645.516648441112
-645.516651614003
-645.516654757429
-645.516657866618
-645.516660940639
-645.516635794086
-645.516638881911
-645.516641928780
-645.516644929175
-645.516647879554
-645.516650780840
-645.516653631388
-645.516656425502
-645.516659160003
-645.516661838467
-645.516635914867
-645.516638574835
-645.516641186657
-645.516643756955
-645.516646293383
-645.516648811369
-645.516651323094
-645.516653837993
-645.516656373401
-645.516658941604
-645.516631739024
-645.516634484376
-645.516637292653
-645.516640158059
-645.516643075757
-645.516646048088
-645.516649066542
-645.516652123994
-645.516655216890
-645.516658329062
-645.516628657100
-645.516631883567
-645.516635102880
-645.516638307308
-645.516641498478
-645.516644671626
-645.516647819566
-645.516650945495
-645.516654054711
-645.516657148563
-645.516629010975
-645.516632164162
-645.516635301533
-645.516638421948
-645.516641526334
-645.516644618245
-645.516647693535
-645.516650748623
-645.516653788519
-645.516656815690
-645.516629624584
-645.516632725925
-645.516635837477
-645.516638968187
-645.516642134538
-645.516645346385
-645.516648611499
-645.516651948578
-645.516655366082
-645.516658856052
-645.516628646827
-645.516632384997
-645.516636185058
-645.516640033920
-645.516643917017
-645.516647808869
-645.516651688130
-645.516655533853
-645.516659321269
-645.516663034704
-645.516633039239
-645.516636654477
-645.516640155441
-645.516643548181
-645.516646842033
-645.516650042574
-645.516653162292
-645.516656222301
-645.516659239269
-645.516662226443
-645.516634748866
-645.516637808511
-645.516640884735
-645.516643987287
-645.516647122060
-645.516650284618
-645.516653478374
-645.516656705783
-645.516659955093
-645.516663220718
-645.516630071285
-645.516633455303
-645.516636841451
-645.516640235437
-645.516643634051
-645.516647032707
-645.516650433966
-645.516653835422
-645.516657235305
-645.516660638723
-645.516627942653
-645.516631424270
-645.516634885062
-645.516638319379
-645.516641722800
-645.516645087465
-645.516648404066
-645.516651667057
-645.516654870754
-645.516658016966
-645.516629723760
-645.516632848159
-645.516635941290
-645.516639021831
-645.516642100187
-645.516645189746
-645.516648317631
-645.516651496145
-645.516654725338
-645.516658015902
-645.516627493784
-645.516630962943
-645.516634479262
-645.516638030309
-645.516641586086
-645.516645130003
-645.516648643072
-645.516652097564
-645.516655483755
-645.516658797491
-645.516630977093
-645.516634167428
-645.516637274728
-645.516640307695
-645.516643284609
-645.516646232407
-645.516649165596
-645.516652097188
-645.516655049998
-645.516658045682
-645.516633437355
-645.516636596711
-645.516639816782
-645.516643094007
-645.516646419668
-645.516649787135
-645.516653185607
-645.516656596025
-645.516660003898
-645.516663397629
-645.516633595421
-645.516637004797
-645.516640395077
-645.516643760894
-645.516647105852
-645.516650448977
-645.516653801976
-645.516657168823
-645.516660559868
-645.516663980672
-645.516629921310
-645.516633487796
-645.516637084433
-645.516640696822
-645.516644316978
-645.516647933946
-645.516651530862
-645.516655094651
-645.516658615181
-645.516662076739
-645.516629088833
-645.516632487928
-645.516635829028
-645.516639110483
-645.516642340868
-645.516645532744
-645.516648695555
-645.516651848951
-645.516655010632
-645.516658177852
-645.516629114246
-645.516632365478
-645.516635638165
-645.516638930039
-645.516642246405
-645.516645574002
-645.516648900999
-645.516652237620
-645.516655585547
-645.516658941180
-645.516628293281
-645.516631751900
-645.516635242515
-645.516638787903
-645.516642410382
-645.516646120200
-645.516649931177
-645.516653856473
-645.516657899198
-645.516662064298
-645.516623802555
-645.516628289273
-645.516632868066
-645.516637521887
-645.516642230683
-645.516646966641
-645.516651700650
-645.516656411137
-645.516661078105
-645.516665680867
-645.516627230207
-645.516631755423
-645.516636193265
-645.516640553917
-645.516644845293
-645.516649072306
-645.516653256277
-645.516657415601
-645.516661552668
-645.516665682993
-645.516629840601
-645.516634066388
-645.516638296982
-645.516642534489
-645.516646770693
-645.516650997139
-645.516655207244
-645.516659382425
-645.516663508796
-645.516667583308
-645.516629614999
-645.516633634487
-645.516637595417
-645.516641500741
-645.516645346135
-645.516649141419
-645.516652903827
-645.516656643111
-645.516660366758
-645.516664083794
-645.516627793938
-645.516631572438
-645.516635348651
-645.516639130470
-645.516642915306
-645.516646690893
-645.516650448321
-645.516654180263
-645.516657886077
-645.516661571293
-645.516627654604
-645.516631337344
-645.516634993094
-645.516638626410
-645.516642242730
-645.516645864544
-645.516649505020
-645.516653156908
-645.516656825292
-645.516660528417
-645.516626614996
-645.516630468474
-645.516634372815
-645.516638316147
-645.516642295947
-645.516646320077
-645.516650385769
-645.516654488234
-645.516658626803
-645.516662792524
-645.516624820151
-645.516629106736
-645.516633436575
-645.516637808473
-645.516642223790
-645.516646688154
-645.516651205280
-645.516655783852
-645.516660435433
-645.516665160091
-645.516623612662
-645.516628544099
-645.516633540070
-645.516638593603
-645.516643698140
-645.516648846217
-645.516654021338
-645.516659209844
-645.516664404259
-645.516669590409
-645.516625560931
-645.516630789696
-645.516635980657
-645.516641116092
-645.516646195461
-645.516651216682
-645.516656169293
-645.516661052348
-645.516665864627
-645.516670596386
-645.516628453067
-645.516633104664
-645.516637680030
-645.516642183192
-645.516646623900
-645.516651001821
-645.516655319764
-645.516659593033
-645.516663836129
-645.516668059399
-645.516627152622
-645.516631436652
-645.516635731847
-645.516640055854
-645.516644425233
-645.516648846828
-645.516653326362
-645.516657871867
-645.516662483982
-645.516667159456
-645.516622171023
-645.516627075883
-645.516632038861
-645.516637041332
-645.516642080935
-645.516647151878
-645.516652244198
-645.516657346128
-645.516662433596
-645.516667491743
-645.516621770991
-645.516626842677
-645.516631863034
-645.516636837500
-645.516641758461
-645.516646610914
-645.516651408140
-645.516656169582
-645.516660896420
-645.516665594247
-645.516623329987
-645.516628068759
-645.516632821475
-645.516637610520
-645.516642441512
-645.516647322812
-645.516652269382
-645.516657288510
-645.516662387713
-645.516667577107
-645.516620667780
-645.516626100724
-645.516631610321
-645.516637194870
-645.516642840735
-645.516648534949
-645.516654271094
-645.516660035716
-645.516665810075
-645.516671586657
-645.516621730296
-645.516627572777
-645.516633384323
-645.516639158526
-645.516644887993
-645.516650568749
-645.516656192504
-645.516661744498
-645.516667224574
-645.516672637482
-645.516625716569
-645.516631031408
-645.516636258027
-645.516641398560
-645.516646449183
-645.516651413202
-645.516656298786
-645.516661110523
-645.516665857363
-645.516670556503
-645.516626698793
-645.516631411251
-645.516636124595
-645.516640849805
-645.516645593686
-645.516650375310
-645.516655209205
-645.516660090447
-645.516665015475
-645.516669982474
-645.516622331402
-645.516627431185
-645.516632555742
-645.516637677323
-645.516642782682
-645.516647881151
-645.516652962915
-645.516658016963
-645.516663057826
-645.516668095734
-645.516621720989
-645.516626849443
-645.516632016902
-645.516637244060
-645.516642552122
-645.516647945652
-645.516653429829
-645.516659023167
-645.516664725124
-645.516670513504
-645.516617488275
-645.516623489671
-645.516629523524
-645.516635555119
-645.516641545256
-645.516647468377
-645.516653300627
-645.516659013040
-645.516664593021
-645.516670035388
-645.516622358406
-645.516627579350
-645.516632676922
-645.516637663196
-645.516642568642
-645.516647426195
-645.516652246714
-645.516657056669
-645.516661891401
-645.516666764192
-645.516624118077
-645.516629169511
-645.516634276679
-645.516639439197
-645.516644671806
-645.516649961469
-645.516655288267
-645.516660650968
-645.516666041599
-645.516671447140
-645.516624803878
-645.516630303974
-645.516635818954
-645.516641346164
-645.516646875965
-645.516652405033
-645.516657941822
-645.516663485450
-645.516669018734
-645.516674519976
-645.516624511591
-645.516629994414
-645.516635409337
-645.516640735737
-645.516645965372
-645.516651081854
-645.516656071053
-645.516660939987
-645.516665697643
-645.516670352571
-645.516626378060
-645.516630934707
-645.516635438195
-645.516639927385
-645.516644435280
-645.516648974982
-645.516653565623
-645.516658222828
-645.516662950713
-645.516667757537
-645.516622226406
-645.516627235818
-645.516632299275
-645.516637400262
-645.516642517198
-645.516647633095
-645.516652740274
-645.516657832455
-645.516662893894
-645.516667913737
-645.516622983973
-645.516628000863
-645.516633003185
-645.516638005782
-645.516643014479
-645.516648029939
-645.516653069904
-645.516658144214
-645.516663244445
-645.516668374800
-645.516621909603
-645.516627125411
-645.516632336126
-645.516637542515
-645.516642727770
-645.516647884205
-645.516653011448
-645.516658100345
-645.516663158195
-645.516668206173
-645.516623539404
-645.516628641457
-645.516633773109
-645.516638948170
-645.516644173362
-645.516649456488
-645.516654800476
-645.516660207120
-645.516665667153
-645.516671156484
-645.516623560041
-645.516629102134
-645.516634613917
-645.516640079145
-645.516645468024
-645.516650757748
-645.516655949015
-645.516661039828
-645.516666034909
-645.516670958002
-645.516627705525
-645.516632562986
-645.516637402356
-645.516642252404
-645.516647130851
-645.516652061683
-645.516657047449
-645.516662074795
-645.516667150315
-645.516672273759
-645.516623829981
-645.516629030878
-645.516634204922
-645.516639323350
-645.516644376451
-645.516649359844
-645.516654257536
-645.516659066669
-645.516663808201
-645.516668505541
-645.516624338907
-645.516629080361
-645.516633880107
-645.516638773418
-645.516643788216
-645.516648958862
-645.516654314628
-645.516659865181
-645.516665614612
-645.516671554940
-645.516616118711
-645.516622457080
-645.516628919968
-645.516635451337
-645.516642019393
-645.516648600656
-645.516655147978
-645.516661622660
-645.516668008470
-645.516674290955
-645.516618723346
-645.516624851934
-645.516630869724
-645.516636783912
-645.516642614560
-645.516648373774
-645.516654068691
-645.516659715133
-645.516665325678
-645.516670902405
-645.516621262110
-645.516626822675
-645.516632352825
-645.516637849550
-645.516643306356
-645.516648719282
-645.516654086643
-645.516659418052
-645.516664722978
-645.516669995205
-645.516624164877
-645.516629464322
-645.516634766258
-645.516640067340
-645.516645385497
-645.516650725478
-645.516656077149
-645.516661436807
-645.516666792720
-645.516672132748
-645.516625428250
-645.516630754875
-645.516636014282
-645.516641209354
-645.516646340970
-645.516651395543
-645.516656375605
-645.516661297987
-645.516666176960
-645.516671031739
-645.516625994807
-645.516630922333
-645.516635889187
-645.516640914103
-645.516646018012
-645.516651211592
-645.516656489842
-645.516661848194
-645.516667278324
-645.516672758449
-645.516620702421
-645.516626288788
-645.516631858781
-645.516637385143
-645.516642843901
-645.516648212251
-645.516653493516
-645.516658688135
-645.516663767075
-645.516668729389
-645.516624059800
-645.516628917202
-645.516633708601
-645.516638453665
-645.516643170661
-645.516647876139
-645.516652588822
-645.516657314735
-645.516662066185
-645.516666863544
-645.516623576602
-645.516628491421
-645.516633465513
-645.516638520637
-645.516643650419
-645.516648855450
-645.516654160040
-645.516659589873
-645.516665157432
-645.516670869380
-645.516618316331
-645.516624417531
-645.516630700332
-645.516637160272
-645.516643789298
-645.516650575496
-645.516657500689
-645.516664533950
-645.516671640998
-645.516678795260
-645.516615260670
-645.516622468993
-645.516629612071
-645.516636668474
-645.516643607577
-645.516650411518
-645.516657078530
-645.516663599164
-645.516669973545
-645.516676223000
-645.516622041509
-645.516628129420
-645.516634131716
-645.516640067457
-645.516645948845
-645.516651789185
-645.516657590686
-645.516663351134
-645.516669082015
-645.516674782393
-645.516623246469
-645.516628884763
-645.516634478803
-645.516640020883
-645.516645496507
-645.516650912391
-645.516656281369
-645.516661611221
-645.516666911911
-645.516672195532
-645.516622579985
-645.516627924523
-645.516633286858
-645.516638669487
-645.516644090417
-645.516649558252
-645.516655054159
-645.516660562285
-645.516666084830
-645.516671621481
-645.516620608681
-645.516626182485
-645.516631739026
-645.516637277964
-645.516642806308
-645.516648337077
-645.516653884886
-645.516659466704
-645.516665102355
-645.516670810940
-645.516618687882
-645.516624655485
-645.516630762431
-645.516637010901
-645.516643394321
-645.516649907382
-645.516656538634
-645.516663269939
-645.516670075907
-645.516676917153
-645.516615690076
-645.516622557602
-645.516629353192
-645.516636039073
-645.516642599158
-645.516649022089
-645.516655282967
-645.516661372153
-645.516667307272
-645.516673111050
-645.516622491421
-645.516628146631
-645.516633737744
-645.516639298394
-645.516644873531
-645.516650493431
-645.516656180328
-645.516661958649
-645.516667838679
-645.516673820690
-645.516619984480
-645.516626242420
-645.516632603113
-645.516639045565
-645.516645548285
-645.516652090872
-645.516658658106
-645.516665237196
-645.516671809713
-645.516678354062
-645.516619946481
-645.516626473323
-645.516632958959
-645.516639403550
-645.516645816654
-645.516652208631
-645.516658588221
-645.516664966928
-645.516671354561
-645.516677766617
-645.516618074762
-645.516624653367
-645.516631282594
-645.516637970447
-645.516644729500
-645.516651556733
-645.516658449707
-645.516665407997
-645.516672421077
-645.516679474972
-645.516613918812
-645.516621100132
-645.516628313242
-645.516635548020
-645.516642781866
-645.516650005995
-645.516657228006
-645.516664455744
-645.516671683403
-645.516678898155
-645.516613644962
-645.516620903434
-645.516628138502
-645.516635347942
-645.516642539676
-645.516649697581
-645.516656798978
-645.516663837632
-645.516670803129
-645.516677688793
-645.516616727896
-645.516623493047
-645.516630142262
-645.516636685246
-645.516643118113
-645.516649437983
-645.516655669569
-645.516661820990
-645.516667885138
-645.516673880060
-645.516620735147
-645.516626685657
-645.516632620202
-645.516638545663
-645.516644456186
-645.516650359363
-645.516656260185
-645.516662159117
-645.516668060203
-645.516673952339
-645.516622083110
-645.516627959869
-645.516633805270
-645.516639620751
-645.516645407098
-645.516651157601
-645.516656875017
-645.516662569508
-645.516668244405
-645.516673915045
-645.516623386590
-645.516629123359
-645.516634876747
-645.516640663416
-645.516646482101
-645.516652335388
-645.516658232904
-645.516664162168
-645.516670117309
-645.516676104676
-645.516621206180
-645.516627257161
-645.516633324540
-645.516639407201
-645.516645493633
-645.516651583258
-645.516657673352
-645.516663764808
-645.516669868227
-645.516675982010
-645.516619322344
-645.516625472156
-645.516631594652
-645.516637676438
-645.516643710008
-645.516649682415
-645.516655569081
-645.516661331701
-645.516666946091
-645.516672419430
-645.516623566618
-645.516628782057
-645.516633846785
-645.516638770650
-645.516643568981
-645.516648284331
-645.516652963358
-645.516657635979
-645.516662333841
-645.516667085627
-645.516623936194
-645.516628918305
-645.516634050229
-645.516639318853
-645.516644714568
-645.516650232989
-645.516655849565
-645.516661541473
-645.516667291342
-645.516673067773
-645.516621744036
-645.516627511506
-645.516633229022
-645.516638891656
-645.516644503275
-645.516650074743
-645.516655615233
-645.516661142309
-645.516666682659
-645.516672256639
-645.516622087113
-645.516627848245
-645.516633699478
-645.516639615183
-645.516645589182
-645.516651614954
-645.516657661146
-645.516663696580
-645.516669681137
-645.516675556065
-645.516624433430
-645.516630044774
-645.516635485835
-645.516640752837
-645.516645848846
-645.516650776312
-645.516655567119
-645.516660283637
-645.516664986383
-645.516669722957
-645.516626136545
-645.516631084781
-645.516636192368
-645.516641499055
-645.516647018073
-645.516652747429
-645.516658664875
-645.516664739252
-645.516670941667
-645.516677223902
-645.516619177367
-645.516625539910
-645.516631839755
-645.516638016843
-645.516644064380
-645.516649973952
-645.516655726707
-645.516661334868
-645.516666811595
-645.516672166893
-645.516623732070
-645.516628980962
-645.516634197848
-645.516639432280
-645.516644700407
-645.516649981055
-645.516655289549
-645.516660649494
-645.516666048944
-645.516671474160
-645.516622479838
-645.516627935009
-645.516633359007
-645.516638752154
-645.516644116618
-645.516649456981
-645.516654768073
-645.516660044770
-645.516665303857
-645.516670571829
-645.516623447573
-645.516628826055
-645.516634239601
-645.516639680200
-645.516645149769
-645.516650640273
-645.516656146606
-645.516661648809
-645.516667088202
-645.516672425398
-645.516625786021
-645.516630923964
-645.516635910357
-645.516640743472
-645.516645414010
-645.516649912713
-645.516654266191
-645.516658513459
-645.516662689989
-645.516666829854
-645.516629985706
-645.516634135486
-645.516638346603
-645.516642662970
-645.516647088193
-645.516651627751
-645.516656298900
-645.516661107862
-645.516666047539
-645.516671114599
-645.516624254922
-645.516629589177
-645.516635014161
-645.516640523574
-645.516646115346
-645.516651789341
-645.516657544582
-645.516663368987
-645.516669259194
-645.516675226093
-645.516620232756
-645.516626350057
-645.516632510789
-645.516638706849
-645.516644906397
-645.516651086473
-645.516657223593
-645.516663287855
-645.516669271896
-645.516675171390
-645.516622112968
-645.516627817691
-645.516633416278
-645.516638929549
-645.516644380361
-645.516649800591
-645.516655220238
-645.516660666586
-645.516666172785
-645.516671775923
-645.516619721545
-645.516625629853
-645.516631681233
-645.516637860035
-645.516644149189
-645.516650545512
-645.516657026510
-645.516663538199
-645.516670042220
-645.516676513849
-645.516619348134
-645.516625698609
-645.516631955287
-645.516638099682
-645.516644124393
-645.516650052651
-645.516655901009
-645.516661687454
-645.516667451080
-645.516673216662
-645.516621868011
-645.516627716547
-645.516633615575
-645.516639571699
-645.516645595972
-645.516651676067
-645.516657781583
-645.516663908025
-645.516670058094
-645.516676203628
-645.516621373013
-645.516627502119
-645.516633613875
-645.516639696108
-645.516645756279
-645.516651822576
-645.516657913849
-645.516664039292
-645.516670210076
-645.516676441829
-645.516619657434
-645.516626081422
-645.516632548797
-645.516639044113
-645.516645566610
-645.516652076168
-645.516658508958
-645.516664835613
-645.516671040537
-645.516677086276
-645.516623919456
-645.516629612540
-645.516635106024
-645.516640405741
-645.516645541053
-645.516650552024
-645.516655479231
-645.516660367585
-645.516665260786
-645.516670204941
-645.516623638908
-645.516628875567
-645.516634284875
-645.516639875967
-645.516645664791
-645.516651646829
-645.516657807211
-645.516664139948
-645.516670609275
-645.516677159000
-645.516616832230
-645.516623542308
-645.516630264889
-645.516636978749
-645.516643681096
-645.516650356169
-645.516657006450
-645.516663651067
-645.516670293843
-645.516676949874
-645.516616906332
-645.516623665899
-645.516630455766
-645.516637309386
-645.516644226068
-645.516651177127
-645.516658159613
-645.516665172290
-645.516672196416
-645.516679221892
-645.516616853981
-645.516623891828
-645.516630898383
-645.516637873607
-645.516644813978
-645.516651726606
-645.516658628414
-645.516665523329
-645.516672406553
-645.516679290176
-645.516617766680
-645.516624742882
-645.516631732543
-645.516638732821
-645.516645736867
-645.516652732142
-645.516659715533
-645.516666668574
-645.516673560549
-645.516680388475
-645.516619378448
-645.516626089524
-645.516632713204
-645.516639269423
-645.516645745808
-645.516652143301
-645.516658496302
-645.516664821034
-645.516671128676
-645.516677443421
-645.516619753857
-645.516626132766
-645.516632561013
-645.516639040954
-645.516645553479
-645.516652104561
-645.516658691571
-645.516665291674
-645.516671900987
-645.516678514849
-645.516618408382
-645.516624995857
-645.516631539187
-645.516638030860
-645.516644462450
-645.516650831652
-645.516657134067
-645.516663366594
-645.516669537715
-645.516675660305
-645.516620295706
-645.516626356590
-645.516632379960
-645.516638371270
-645.516644336289
-645.516650293539
-645.516656241257
-645.516662160761
-645.516668068428
-645.516673987886
-645.516620587376
-645.516626523237
-645.516632458168
-645.516638381989
-645.516644291910
-645.516650199970
-645.516656089343
-645.516661941960
-645.516667758883
-645.516673520751
-645.516622965070
-645.516628628629
-645.516634216243
-645.516639686462
-645.516645038461
-645.516650285798
-645.516655422153
-645.516660444245
-645.516665350985
-645.516670137691
-645.516628892764
-645.516633527118
-645.516638104539
-645.516642632708
-645.516647132377
-645.516651621098
-645.516656113740
-645.516660639202
-645.516665219669
-645.516669848436
-645.516627944392
-645.516632690550
-645.516637491212
-645.516642342852
-645.516647240519
-645.516652157594
-645.516657066971
-645.516661969020
-645.516666858228
-645.516671709478
-645.516627959821
-645.516632722784
-645.516637409256
-645.516642019868
-645.516646565479
-645.516651043776
-645.516655455798
-645.516659816314
-645.516664137861
-645.516668432347
-645.516629148902
-645.516633478881
-645.516637835374
-645.516642232379
-645.516646694111
-645.516651231065
-645.516655847786
-645.516660556629
-645.516665355714
-645.516670241242
-645.516624719612
-645.516629807947
-645.516634947936
-645.516640147450
-645.516645412387
-645.516650709102
-645.516656020099
-645.516661348370
-645.516666679612
-645.516672011295
-645.516623631674
-645.516628992746
-645.516634350296
-645.516639714659
-645.516645074489
-645.516650438260
-645.516655833202
-645.516661244289
-645.516666643238
-645.516672035730
-645.516623994986
-645.516629397188
-645.516634766005
-645.516640080446
-645.516645320755
-645.516650475145
-645.516655537216
-645.516660501967
-645.516665361373
-645.516670110776
-645.516629255979
-645.516633832955
-645.516638345667
-645.516642819200
-645.516647268158
-645.516651715528
-645.516656196746
-645.516660726686
-645.516665316353
-645.516669993301
-645.516627584410
-645.516632442571
-645.516637374534
-645.516642375550
-645.516647413164
-645.516652463313
-645.516657511178
-645.516662535884
-645.516667518078
-645.516672432694
-645.516628557423
-645.516633330572
-645.516638040619
-645.516642679832
-645.516647249052
-645.516651773505
-645.516656278673
-645.516660776572
-645.516665282779
-645.516669823857
-645.516627774800
-645.516632418324
-645.516637107617
-645.516641857455
-645.516646665257
-645.516651524689
-645.516656419617
-645.516661334928
-645.516666288010
-645.516671289447
-645.516625393220
-645.516630486799
-645.516635638082
-645.516640844838
-645.516646122291
-645.516651495632
-645.516656961648
-645.516662522174
-645.516668181311
-645.516673914287
-645.516621359090
-645.516627239677
-645.516633140877
-645.516639018343
-645.516644838027
-645.516650558524
-645.516656151399
-645.516661595816
-645.516666856069
-645.516671912104
-645.516628288049
-645.516632958737
-645.516637434141
-645.516641742087
-645.516645917179
-645.516649994734
-645.516653997312
-645.516657949554
-645.516661904274
-645.516665902995
-645.516630257756
-645.516634396649
-645.516638618054
-645.516642921394
-645.516647315252
-645.516651798332
-645.516656357397
-645.516660993279
-645.516665692156
-645.516670429108
-645.516628018501
-645.516632898392
-645.516637832324
-645.516642813301
-645.516647845246
-645.516652924254
-645.516658058860
-645.516663251235
-645.516668476285
-645.516673712314
-645.516626599244
-645.516631827239
-645.516637003118
-645.516642101944
-645.516647092851
-645.516651955873
-645.516656681107
-645.516661257701
-645.516665690010
-645.516670005501
-645.516631284014
-645.516635464844
-645.516639619319
-645.516643803369
-645.516648067729
-645.516652444885
-645.516656971094
-645.516661687485
-645.516666605959
-645.516671715499
-645.516623252314
-645.516628731848
-645.516634359118
-645.516640085098
-645.516645834492
-645.516651557526
-645.516657224637
-645.516662788813
-645.516668204188
-645.516673445386
-645.516627511754
-645.516632377053
-645.516637050774
-645.516641566094
-645.516645955052
-645.516650240234
-645.516654444035
-645.516658601176
-645.516662753972
-645.516666936748
-645.516628806927
-645.516633091144
-645.516637410853
-645.516641768932
-645.516646163127
-645.516650586360
-645.516655026759
-645.516659461681
-645.516663878731
-645.516668285528
-645.516629252714
-645.516633681187
-645.516638139511
-645.516642634109
-645.516647163342
-645.516651749275
-645.516656419239
-645.516661184541
-645.516666040099
-645.516670959027
-645.516627160151
-645.516632169371
-645.516637188714
-645.516642179564
-645.516647108058
-645.516651936792
-645.516656631221
-645.516661179406
-645.516665587867
-645.516669868338
-645.516632661997
-645.516636726050
-645.516640715456
-645.516644688825
-645.516648701205
-645.516652795546
-645.516657002045
-645.516661343781
-645.516665855229
-645.516670563960
-645.516625843914
-645.516630949294
-645.516636218915
-645.516641613171
-645.516647098404
-645.516652647942
-645.516658222309
-645.516663788675
-645.516669319875
-645.516674777899
-645.516625581307
-645.516630911854
-645.516636178557
-645.516641379219
-645.516646531862
-645.516651654099
-645.516656761969
-645.516661875284
-645.516667001785
-645.516672145179
-645.516625214962
-645.516630397439
-645.516635555622
-645.516640684032
-645.516645769518
-645.516650780467
-645.516655688813
-645.516660484542
-645.516665168460
-645.516669742732
-645.516629248025
-645.516633649997
-645.516637986156
-645.516642284822
-645.516646579742
-645.516650899036
-645.516655266566
-645.516659709868
-645.516664245334
-645.516668878061
-645.516626507360
-645.516631365024
-645.516636309889
-645.516641334213
-645.516646422674
-645.516651551656
-645.516656711852
-645.516661892742
-645.516667074474
-645.516672258808
-645.516626266136
-645.516631510192
-645.516636767284
-645.516642048086
-645.516647370910
-645.516652748978
-645.516658180785
-645.516663651773
-645.516669151429
-645.516674673069
-645.516625437946
-645.516630968315
-645.516636455886
-645.516641876175
-645.516647201668
-645.516652415390
-645.516657522597
-645.516662532282
-645.516667442083
-645.516672261166
-645.516629128087
-645.516633879728
-645.516638646797
-645.516643468339
-645.516648362354
-645.516653345050
-645.516658447235
-645.516663683375
-645.516669044749
-645.516674516991
-645.516623725893
-645.516629351652
-645.516634996618
-645.516640620841
-645.516646173601
-645.516651624124
-645.516656943979
-645.516662100571
-645.516667091906
-645.516671932682
-645.516629092078
-645.516633659986
-645.516638123049
-645.516642525380
-645.516646903641
-645.516651283663
-645.516655684730
-645.516660135432
-645.516664666565
-645.516669286866
-645.516626763848
-645.516631537052
-645.516636356533
-645.516641211239
-645.516646084186
-645.516650953405
-645.516655793979
-645.516660586099
-645.516665332296
-645.516670048793
-645.516627796774
-645.516632505386
-645.516637229477
-645.516641982279
-645.516646792212
-645.516651710578
-645.516656758451
-645.516661920785
-645.516667194982
-645.516672589587
-645.516623519293
-645.516629152068
-645.516634836577
-645.516640525620
-645.516646194579
-645.516651809405
-645.516657319277
-645.516662700473
-645.516667943526
-645.516673016682
-645.516629922229
-645.516634656770
-645.516639244030
-645.516643693939
-645.516648026286
-645.516652270882
-645.516656458442
-645.516660617246
-645.516664768102
-645.516668929279
-645.516631365708
-645.516635607652
-645.516639874199
-645.516644157541
-645.516648455684
-645.516652752190
-645.516657024459
-645.516661258269
-645.516665429766
-645.516669509877
-645.516632949450
-645.516636860183
-645.516640668640
-645.516644358133
-645.516647933843
-645.516651411056
-645.516654798386
-645.516658103207
-645.516661339959
-645.516664524645
-645.516635521932
-645.516638628722
-645.516641704263
-645.516644777049
-645.516647860502
-645.516650936829
-645.516654000067
-645.516657079969
-645.516660191841
-645.516663323685
-645.516634540641
-645.516637748178
-645.516640987667
-645.516644259971
-645.516647576088
-645.516650938457
-645.516654352645
-645.516657810205
-645.516661281088
-645.516664766761
-645.516633046414
-645.516636595601
-645.516640128117
-645.516643635000
-645.516647101885
-645.516650519616
-645.516653891374
-645.516657199174
-645.516660427261
-645.516663584091
-645.516636158540
-645.516639179080
-645.516642149165
-645.516645088100
-645.516648002075
-645.516650902691
-645.516653810266
-645.516656757170
-645.516659772013
-645.516662859002
-645.516635138541
-645.516638411534
-645.516641792287
-645.516645278694
-645.516648860723
-645.516652525117
-645.516656266563
-645.516660064573
-645.516663879110
-645.516667692035
-645.516634009565
-645.516637780104
-645.516641478209
-645.516645092576
-645.516648604359
-645.516652010291
-645.516655320735
-645.516658532376
-645.516661652799
-645.516664709736
-645.516637316873
-645.516640315875
-645.516643317062
-645.516646341686
-645.516649411773
-645.516652547191
-645.516655747922
-645.516659017340
-645.516662368624
-645.516665793733
-645.516633762567
-645.516637269827
-645.516640795590
-645.516644319373
-645.516647795511
-645.516651196316
-645.516654524158
-645.516657766343
-645.516660889375
-645.516663879575
-645.516637538996
-645.516640307971
-645.516642967266
-645.516645511937
-645.516647960072
-645.516650343384
-645.516652662245
-645.516654917635
-645.516657152124
-645.516659392121
-645.516639133441
-645.516641379582
-645.516643663985
-645.516646014579
-645.516648444443
-645.516650961419
-645.516653584291
-645.516656343607
-645.516659261752
-645.516662353613
-645.516632911368
-645.516636412841
-645.516640112670
-645.516644002976
-645.516648082808
-645.516652338981
-645.516656728526
-645.516661198628
-645.516665711266
-645.516670217424
-645.516630892024
-645.516635225050
-645.516639393368
-645.516643333573
-645.516647007539
-645.516650405392
-645.516653516451
-645.516656340873
-645.516658894965
-645.516661204425
-645.516642866169
-645.516644852195
-645.516646742021
-645.516648595009
-645.516650481007
-645.516652440535
-645.516654505502
-645.516656718103
-645.516659102396
-645.516661660648
-645.516637056016
-645.516639955684
-645.516642996945
-645.516646146550
-645.516649371944
-645.516652652769
-645.516655965515
-645.516659282104
-645.516662581988
-645.516665851933
-645.516636014065
-645.516639255039
-645.516642480792
-645.516645695354
-645.516648915033
-645.516652143064
-645.516655385553
-645.516658667679
-645.516661987579
-645.516665322417
-645.516634693920
-645.516638060579
-645.516641419349
-645.516644769496
-645.516648101921
-645.516651393951
-645.516654642967
-645.516657859633
-645.516661053135
-645.516664242158
-645.516635167203
-645.516638388302
-645.516641636721
-645.516644938440
-645.516648307499
-645.516651748074
-645.516655252089
-645.516658800091
-645.516662373309
-645.516665955299
-645.516633766279
-645.516637301867
-645.516640737574
-645.516644038797
-645.516647189119
-645.516650170335
-645.516652969890
-645.516655583825
-645.516658010246
-645.516660262451
-645.516641636005
-645.516643651997
-645.516645602001
-645.516647517144
-645.516649414853
-645.516651327145
-645.516653301380
-645.516655356416
-645.516657486393
-645.516659690671
-645.516639772620
-645.516642130088
-645.516644543201
-645.516646997928
-645.516649480363
-645.516651975575
-645.516654475162
-645.516656980570
-645.516659501027
-645.516662052169
-645.516639101441
-645.516641757191
-645.516644495313
-645.516647345324
-645.516650313885
-645.516653416045
-645.516656678027
-645.516660096626
-645.516663658111
-645.516667363637
-645.516632474058
-645.516636440580
-645.516640510707
-645.516644656150
-645.516648848349
-645.516653079855
-645.516657338502
-645.516661615289
-645.516665915857
-645.516670226813
-645.516630833518
-645.516635157472
-645.516639504479
-645.516643868794
-645.516648234957
-645.516652585876
-645.516656911345
-645.516661208218
-645.516665458577
-645.516669639872
-645.516632371001
-645.516636367138
-645.516640229643
-645.516643965812
-645.516647587131
-645.516651100723
-645.516654509546
-645.516657822760
-645.516661086180
-645.516664357724
-645.516634446208
-645.516637808441
-645.516641259501
-645.516644821869
-645.516648508005
-645.516652333591
-645.516656292603
-645.516660370780
-645.516664548215
-645.516668777198
-645.516630718147
-645.516634991150
-645.516639236532
-645.516643397763
-645.516647453154
-645.516651395275
-645.516655214458
-645.516658917645
-645.516662515570
-645.516666018267
-645.516635733075
-645.516639128573
-645.516642490502
-645.516645853101
-645.516649238856
-645.516652639849
-645.516656047736
-645.516659461994
-645.516662875841
-645.516666272897
-645.516636575350
-645.516639872696
-645.516643066969
-645.516646139113
-645.516649077261
-645.516651874125
-645.516654523755
-645.516657027404
-645.516659397025
-645.516661649325
-645.516642045632
-645.516644148684
-645.516646208913
-645.516648243519
-645.516650264100
-645.516652281666
-645.516654314533
-645.516656374059
-645.516658451275
-645.516660535609
-645.516641085705
-645.516643204585
-645.516645332036
-645.516647472133
-645.516649634770
-645.516651831850
-645.516654076609
-645.516656387564
-645.516658793476
-645.516661325277
-645.516636762607
-645.516639596253
-645.516642581204
-645.516645727299
-645.516649030100
-645.516652463488
-645.516655992183
-645.516659583766
-645.516663203223
-645.516666808024
-645.516634729644
-645.516638190245
-645.516641517481
-645.516644688550
-645.516647684061
-645.516650497423
-645.516653140252
-645.516655628581
-645.516657977836
-645.516660213733
-645.516640884753
-645.516643008606
-645.516645108687
-645.516647197128
-645.516649289148
-645.516651399859
-645.516653524002
-645.516655642255
-645.516657740899
-645.516659805983
-645.516642100167
-645.516644042756
-645.516645892543
-645.516647643042
-645.516649292520
-645.516650840618
-645.516652298723
-645.516653695456
-645.516655061194
-645.516656420410
-645.516644434400
-645.516645875191
-645.516647388660
-645.516648999941
-645.516650728603
-645.516652573726
-645.516654519424
-645.516656552732
-645.516658667973
-645.516660852083
-645.516640968458
-645.516643216735
-645.516645457064
-645.516647676085
-645.516649862899
-645.516652022102
-645.516654172323
-645.516656320692
-645.516658459243
-645.516660604403
-645.516640455892
-645.516642762621
-645.516645151863
-645.516647613611
-645.516650164292
-645.516652816148
-645.516655554579
-645.516658355079
-645.516661201104
-645.516664071319
-645.516637884200
-645.516640690103
-645.516643439922
-645.516646134019
-645.516648735738
-645.516651210450
-645.516653567728
-645.516655836622
-645.516658025984
-645.516660133487
-645.516641473504
-645.516643476974
-645.516645441478
-645.516647374270
-645.516649296211
-645.516651217187
-645.516653125780
-645.516655010810
-645.516656867915
-645.516658695764
-645.516642463709
-645.516644235000
-645.516645971385
-645.516647673606
-645.516649333124
-645.516650965099
-645.516652612560
-645.516654292450
-645.516656004046
-645.516657772901
-645.516641319533
-645.516643274775
-645.516645333690
-645.516647518921
-645.516649837149
-645.516652264343
-645.516654761092
-645.516657322761
-645.516659975497
-645.516662702482
-645.516638621470
-645.516641362819
-645.516644103515
-645.516646851605
-645.516649602322
-645.516652359489
-645.516655141195
-645.516657954834
-645.516660797967
-645.516663701758
-645.516636922451
-645.516640068888
-645.516643307728
-645.516646621547
-645.516650007273
-645.516653466322
-645.516656972823
-645.516660457412
-645.516663858702
-645.516667136115
-645.516639133920
-645.516642003396
-645.516644597225
-645.516646862563
-645.516648754297
-645.516650257018
-645.516651353063
-645.516652048682
-645.516652393535
-645.516652418416
-645.516654402523
-645.516653876196
-645.516653171896
-645.516652363807
-645.516651521454
-645.516650692693
-645.516649921277
-645.516649268751
-645.516648777695
-645.516648466190
-645.516648952429
-645.516649087678
-645.516649428069
-645.516649941499
-645.516650617089
-645.516651452881
-645.516652423731
-645.516653477471
-645.516654571502
-645.516655690744
-645.516645404623
-645.516646551074
-645.516647672322
-645.516648756673
-645.516649815067
-645.516650856277
-645.516651872939
-645.516652871838
-645.516653879512
-645.516654911227
-645.516645424819
-645.516646522934
-645.516647652362
-645.516648830370
-645.516650066094
-645.516651343699
-645.516652654906
-645.516654012102
-645.516655411365
-645.516656829779
-645.516644168889
-645.516645667248
-645.516647210337
-645.516648769630
-645.516650337715
-645.516651939574
-645.516653596290
-645.516655293736
-645.516656996229
-645.516658692749
-645.516644000124
-645.516645706494
-645.516647351071
-645.516648906400
-645.516650359233
-645.516651665744
-645.516652777949
-645.516653675481
-645.516654345715
-645.516654774299
-645.516653471037
-645.516653396656
-645.516653089191
-645.516652594058
-645.516651945928
-645.516651187188
-645.516650386075
-645.516649612976
-645.516648923915
-645.516648369751
-645.516651094199
-645.516650997156
-645.516651190410
-645.516651673299
-645.516652433707
-645.516653464269
-645.516654757780
-645.516656282562
-645.516657963720
-645.516659726930
-645.516642864319
-645.516644678572
-645.516646420860
-645.516648048642
-645.516649529312
-645.516650827173
-645.516651930218
-645.516652841601
-645.516653573561
-645.516654159351
-645.516649846146
-645.516650190449
-645.516650455336
-645.516650692696
-645.516650915344
-645.516651133689
-645.516651368074
-645.516651625054
-645.516651908042
-645.516652213116
-645.516649408739
-645.516649719961
-645.516650033092
-645.516650339291
-645.516650614615
-645.516650848970
-645.516651057297
-645.516651264914
-645.516651483120
-645.516651709605
-645.516649634717
-645.516649932489
-645.516650295630
-645.516650744917
-645.516651294097
-645.516651952035
-645.516652716025
-645.516653568006
-645.516654517095
-645.516655600489
-645.516645198766
-645.516646506651
-645.516647877845
-645.516649331029
-645.516650884169
-645.516652540302
-645.516654284459
-645.516656095765
-645.516657971448
-645.516659918340
-645.516642219607
-645.516644318124
-645.516646467756
-645.516648625996
-645.516650756221
-645.516652853508
-645.516654917678
-645.516656925910
-645.516658845462
-645.516660647258
-645.516645419701
-645.516646995467
-645.516648505056
-645.516649955058
-645.516651345517
-645.516652716940
-645.516654121089
-645.516655600696
-645.516657202865
-645.516658962104
-645.516640982497
-645.516643126364
-645.516645458437
-645.516647969975
-645.516650676422
-645.516653555952
-645.516656529853
-645.516659547591
-645.516662592547
-645.516665627275
-645.516638310563
-645.516641218166
-645.516644004739
-645.516646662081
-645.516649189486
-645.516651589923
-645.516653892022
-645.516656135712
-645.516658340171
-645.516660516678
-645.516640799837
-645.516643021931
-645.516645299355
-645.516647624547
-645.516649973620
-645.516652329820
-645.516654669414
-645.516656958885
-645.516659167605
-645.516661256835
-645.516643913901
-645.516645689727
-645.516647261383
-645.516648612539
-645.516649778335
-645.516650793975
-645.516651660332
-645.516652398538
-645.516653063005
-645.516653709292
-645.516647858413
-645.516648619871
-645.516649463696
-645.516650420292
-645.516651516816
-645.516652744802
-645.516654099972
-645.516655594352
-645.516657206693
-645.516658891334
-645.516643671573
-645.516645483723
-645.516647352275
-645.516649270124
-645.516651225543
-645.516653214255
-645.516655260630
-645.516657395774
-645.516659624467
-645.516661945539
-645.516640149937
-645.516642710798
-645.516645354720
-645.516648060159
-645.516650808706
-645.516653563777
-645.516656275741
-645.516658880817
-645.516661313349
-645.516663546034
-645.516644976605
-645.516646749862
-645.516648208854
-645.516649368431
-645.516650256628
-645.516650885515
-645.516651289807
-645.516651532241
-645.516651672648
-645.516651763745
-645.516650511244
-645.516650678219
-645.516650979384
-645.516651456420
-645.516652104786
-645.516652933887
-645.516653979567
-645.516655239427
-645.516656667386
-645.516658233590
-645.516642738407
-645.516644539494
-645.516646390422
-645.516648254428
-645.516650104308
-645.516651925174
-645.516653702585
-645.516655408369
-645.516657023123
-645.516658546855
-645.516645644261
-645.516646976210
-645.516648201703
-645.516649315226
-645.516650296095
-645.516651137668
-645.516651848191
-645.516652430426
-645.516652891017
-645.516653239730
-645.516651276480
-645.516651417456
-645.516651509695
-645.516651611110
-645.516651740032
-645.516651909807
-645.516652164214
-645.516652558478
-645.516653136141
-645.516653913964
-645.516645583395
-645.516646749364
-645.516648104465
-645.516649618010
-645.516651242344
-645.516652949705
-645.516654686978
-645.516656362022
-645.516657915351
-645.516659322990
-645.516648682331
-645.516649681698
-645.516650402027
-645.516650819808
-645.516650954316
-645.516650840015
-645.516650480586
-645.516649894193
-645.516649139081
-645.516648259740
-645.516656876427
-645.516655876727
-645.516654884568
-645.516653928119
-645.516653030020
-645.516652204417
-645.516651469350
-645.516650855292
-645.516650367919
-645.516649984158
-645.516652094534
-645.516651936144
-645.516651901844
-645.516651977608
-645.516652149385
-645.516652420489
-645.516652793841
-645.516653258947
-645.516653805726
-645.516654424185
-645.516648123059
-645.516648834532
-645.516649548969
-645.516650238549
-645.516650885494
-645.516651461469
-645.516651918985
-645.516652237927
-645.516652424413
-645.516652465594
-645.516653432193
-645.516653179694
-645.516652791148
-645.516652295042
-645.516651737276
-645.516651141001
-645.516650519465
-645.516649915270
-645.516649373424
-645.516648912329
-645.516652246953
-645.516651977436
-645.516651792215
-645.516651690321
-645.516651653386
-645.516651643094
-645.516651630880
-645.516651593352
-645.516651490318
-645.516651287678
-645.516654182717
-645.516653790253
-645.516653259305
-645.516652575933
-645.516651776308
-645.516650898215
-645.516649951018
-645.516648938666
-645.516647882559
-645.516646828139
-645.516656347941
-645.516655399782
-645.516654498614
-645.516653670081
-645.516652919875
-645.516652231162
-645.516651615745
-645.516651090369
-645.516650634349
-645.516650220441
-645.516653681468
-645.516653385234
-645.516653162916
-645.516653010210
-645.516652910196
-645.516652865562
-645.516652895588
-645.516653010583
-645.516653212511
-645.516653494698
-645.516650046363
-645.516650449652
-645.516650882483
-645.516651334238
-645.516651784180
-645.516652194723
-645.516652528869
-645.516652760447
-645.516652867852
-645.516652849482
-645.516653703390
-645.516653445994
-645.516653032214
-645.516652488627
-645.516651860228
-645.516651179220
-645.516650470241
-645.516649756569
-645.516649072257
-645.516648461126
-645.516652811030
-645.516652433798
-645.516652207315
-645.516652134854
-645.516652184337
-645.516652347512
-645.516652636242
-645.516653031396
-645.516653484696
-645.516653951583
-645.516649795397
-645.516650225988
-645.516650588385
-645.516650849888
-645.516650990456
-645.516650998540
-645.516650859395
-645.516650567680
-645.516650141911
-645.516649607042
-645.516655406157
-645.516654713264
-645.516653975360
-645.516653231339
-645.516652511273
-645.516651848683
-645.516651276446
-645.516650819945
-645.516650504348
-645.516650347381
-645.516650577023
-645.516650773616
-645.516651142576
-645.516651675165
-645.516652348549
-645.516653131394
-645.516653993377
-645.516654912020
-645.516655861579
-645.516656803765
-645.516649015070
-645.516649849564
-645.516650574152
-645.516651173586
-645.516651637378
-645.516651956743
-645.516652120212
-645.516652117591
-645.516651961974
-645.516651686302
-645.516654997876
-645.516654552344
-645.516654032877
-645.516653456441
-645.516652849432
-645.516652247941
-645.516651671395
-645.516651123360
-645.516650610952
-645.516650143040
-645.516653362159
-645.516653044724
-645.516652800965
-645.516652626001
-645.516652518707
-645.516652475043
-645.516652493065
-645.516652582535
-645.516652750291
-645.516652987757
-645.516650033276
-645.516650391306
-645.516650800751
-645.516651261528
-645.516651758348
-645.516652278907
-645.516652808319
-645.516653322297
-645.516653808516
-645.516654262562
-645.516650430699
-645.516650800666
-645.516651084277
-645.516651259675
-645.516651331224
-645.516651307130
-645.516651173861
-645.516650925227
-645.516650569579
-645.516650109966
-645.516655033817
-645.516654431940
-645.516653771359
-645.516653072177
-645.516652358741
-645.516651643245
-645.516650944272
-645.516650296524
-645.516649730606
-645.516649267818
-645.516652507331
-645.516652319561
-645.516652275277
-645.516652387204
-645.516652662346
-645.516653103929
-645.516653695229
-645.516654398924
-645.516655184374
-645.516656029398
-645.516648407311
-645.516649313807
-645.516650150370
-645.516650850152
-645.516651385120
-645.516651733693
-645.516651860323
-645.516651743097
-645.516651364700
-645.516650706399
-645.516659128887
-645.516658006271
-645.516656700812
-645.516655249261
-645.516653693822
-645.516652075704
-645.516650454437
-645.516648899223
-645.516647457894
-645.516646167887
-645.516655796132
-645.516654901505
-645.516654208669
-645.516653739574
-645.516653500964
-645.516653469072
-645.516653612206
-645.516653904771
-645.516654316512
-645.516654819616
-645.516649094251
-645.516649757161
-645.516650430023
-645.516651064514
-645.516651640001
-645.516652157720
-645.516652611649
-645.516652962899
-645.516653160620
-645.516653186029
-645.516654327512
-645.516654003350
-645.516653475732
-645.516652745709
-645.516651793156
-645.516650600372
-645.516649198944
-645.516647646407
-645.516645983186
-645.516644234746
-645.516660316494
-645.516658563751
-645.516656924902
-645.516655470347
-645.516654254832
-645.516653334325
-645.516652753671
-645.516652534571
-645.516652690393
-645.516653233093
-645.516645052104
-645.516646311240
-645.516647820640
-645.516649522268
-645.516651344601
-645.516653208745
-645.516655048532
-645.516656794239
-645.516658373166
-645.516659740844
-645.516649702975
-645.516650628382
-645.516651322832
-645.516651807145
-645.516652100597
-645.516652238842
-645.516652270144
-645.516652240610
-645.516652201797
-645.516652188516
-645.516652344013
-645.516652398505
-645.516652497726
-645.516652637258
-645.516652781843
-645.516652899660
-645.516652959534
-645.516652919462
-645.516652745585
-645.516652423698
-645.516656658064
-645.516656033051
-645.516655231349
-645.516654256044
-645.516653138932
-645.516651926773
-645.516650648299
-645.516649317885
-645.516647964779
-645.516646622626
-645.516658045212
-645.516656803393
-645.516655627697
-645.516654507879
-645.516653430801
-645.516652396996
-645.516651400567
-645.516650436813
-645.516649515996
-645.516648636765
-645.516655889875
-645.516655111216
-645.516654429782
-645.516653875827
-645.516653466402
-645.516653221320
-645.516653170045
-645.516653348774
-645.516653771304
-645.516654422306
-645.516646358655
-645.516647482792
-645.516648788436
-645.516650218666
-645.516651742502
-645.516653325840
-645.516654897788
-645.516656392211
-645.516657782473
-645.516659051017
-645.516648924335
-645.516649870669
-645.516650620684
-645.516651203766
-645.516651643402
-645.516651940151
-645.516652110354
-645.516652200047
-645.516652242109
-645.516652247483
-645.516652319391
-645.516652350530
-645.516652398553
-645.516652456069
-645.516652531665
-645.516652636278
-645.516652763422
-645.516652897329
-645.516653030345
-645.516653164695
-645.516652111716
-645.516652301461
-645.516652505873
-645.516652720247
-645.516652945407
-645.516653186418
-645.516653444525
-645.516653713865
-645.516653972794
-645.516654195367
-645.516652892439
-645.516653043767
-645.516653085026
-645.516652996555
-645.516652785913
-645.516652431543
-645.516651908417
-645.516651234350
-645.516650442146
-645.516649562355
-645.516657632101
-645.516656723667
-645.516655857919
-645.516655099551
-645.516654482300
-645.516654036702
-645.516653821595
-645.516653857827
-645.516654107611
-645.516654547096
-645.516648238332
-645.516649053943
-645.516649954614
-645.516650857824
-645.516651689551
-645.516652402976
-645.516652950674
-645.516653275804
-645.516653347337
-645.516653156234
-645.516656958133
-645.516656275993
-645.516655385823
-645.516654347873
-645.516653213102
-645.516652021172
-645.516650821993
-645.516649684095
-645.516648662883
-645.516647782886
-645.516654294306
-645.516653744211
-645.516653337323
-645.516653064629
-645.516652896612
-645.516652792349
-645.516652722352
-645.516652651407
-645.516652540208
-645.516652375132
-645.516654181791
-645.516653945038
-645.516653658424
-645.516653336473
-645.516652996945
-645.516652675175
-645.516652409501
-645.516652216054
-645.516652105425
-645.516652091953
-645.516651380746
-645.516651596861
-645.516651893250
-645.516652243099
-645.516652610078
-645.516652963650
-645.516653269978
-645.516653489855
-645.516653601282
-645.516653595029
-645.516655204208
-645.516654933629
-645.516654513398
-645.516653965857
-645.516653308083
-645.516652553844
-645.516651716535
-645.516650818040
-645.516649885623
-645.516648923729
-645.516657911529
-645.516656917509
-645.516655902966
-645.516654832272
-645.516653675602
-645.516652432903
-645.516651098252
-645.516649643834
-645.516648039241
-645.516646274997
-645.516662924199
-645.516660915550
-645.516658771761
-645.516656503483
-645.516654145418
-645.516651724725
-645.516649257811
-645.516646774867
-645.516644313533
-645.516641895466
-645.516662791973
-645.516660513896
-645.516658322719
-645.516656235310
-645.516654244717
-645.516652341111
-645.516650527766
-645.516648816905
-645.516647214182
-645.516645710028
-645.516658384210
-645.516657101424
-645.516655933117
-645.516654877523
-645.516653931048
-645.516653094976
-645.516652370012
-645.516651749439
-645.516651213960
-645.516650741032
-645.516654559960
-645.516654189743
-645.516653807146
-645.516653373376
-645.516652861292
-645.516652243203
-645.516651482637
-645.516650548578
-645.516649427502
-645.516648109170
-645.516661788335
-645.516660064971
-645.516658130255
-645.516656007391
-645.516653713761
-645.516651254420
-645.516648644191
-645.516645928207
-645.516643151379
-645.516640329095
-645.516666086183
-645.516663277474
-645.516660503754
-645.516657796532
-645.516655180367
-645.516652665290
-645.516650271156
-645.516648024426
-645.516645934410
-645.516644012237
-645.516659772674
-645.516658271448
-645.516656955731
-645.516655823797
-645.516654882633
-645.516654133011
-645.516653558230
-645.516653123513
-645.516652804350
-645.516652596979
-645.516653410743
-645.516653372153
-645.516653338464
-645.516653295573
-645.516653221709
-645.516653079991
-645.516652840944
-645.516652494638
-645.516652036288
-645.516651452267
-645.516657410838
-645.516656593571
-645.516655662858
-645.516654624607
-645.516653484891
-645.516652270169
-645.516651010957
-645.516649721220
-645.516648412157
-645.516647108203
-645.516658245798
-645.516657063375
-645.516655944172
-645.516654890083
-645.516653909848
-645.516653014316
-645.516652204302
-645.516651473267
-645.516650807590
-645.516650189631
-645.516655387893
-645.516654874685
-645.516654368482
-645.516653854953
-645.516653324839
-645.516652759410
-645.516652146253
-645.516651489243
-645.516650800032
-645.516650092401
-645.516656524689
-645.516655818308
-645.516655134989
-645.516654522503
-645.516653996846
-645.516653573433
-645.516653286427
-645.516653163786
-645.516653227610
-645.516653495217
-645.516649133726
-645.516649859608
-645.516650795924
-645.516651912408
-645.516653189640
-645.516654621293
-645.516656168839
-645.516657776228
-645.516659402461
-645.516661008711
-645.516647245936
-645.516648742533
-645.516650090041
-645.516651244484
-645.516652189270
-645.516652900537
-645.516653348579
-645.516653521840
-645.516653418732
-645.516653043663
-645.516658811261
-645.516657959079
-645.516656887990
-645.516655645823
-645.516654267259
-645.516652786295
-645.516651262455
-645.516649761961
-645.516648334807
-645.516647022044
-645.516656962091
-645.516656061132
-645.516655416659
-645.516655036841
-645.516654922763
-645.516655082545
-645.516655505935
-645.516656160504
-645.516657004271
-645.516657986719
-645.516647853224
-645.516648992677
-645.516650101950
-645.516651132193
-645.516652041709
-645.516652789185
-645.516653347203
-645.516653714400
-645.516653905906
-645.516653949789
-645.516654471015
-645.516654352666
-645.516654196006
-645.516654075571
-645.516654065224
-645.516654203075
-645.516654507030
-645.516655009843
-645.516655750837
-645.516656738790
-645.516645859067
-645.516647301807
-645.516648911664
-645.516650644965
-645.516652440731
-645.516654252594
-645.516656051133
-645.516657784974
-645.516659385486
-645.516660821967
-645.516649090386
-645.516650257994
-645.516651236511
-645.516652013518
-645.516652614428
-645.516653068441
-645.516653379363
-645.516653543881
-645.516653580946
-645.516653512568
-645.516655087023
-645.516654837605
-645.516654492586
-645.516654065429
-645.516653555346
-645.516652965087
-645.516652315496
-645.516651637110
-645.516650957490
-645.516650301968
-645.516655775241
-645.516655311856
-645.516654987302
-645.516654835049
-645.516654875899
-645.516655120802
-645.516655581987
-645.516656258511
-645.516657121567
-645.516658130983
-645.516647811912
-645.516649039775
-645.516650272763
-645.516651439535
-645.516652480535
-645.516653364730
-645.516654060334
-645.516654523896
-645.516654741912
-645.516654742081
-645.516655858589
-645.516655551663
-645.516655119968
-645.516654626996
-645.516654140052
-645.516653709562
-645.516653372909
-645.516653174950
-645.516653154717
-645.516653319895
-645.516649922913
-645.516650482440
-645.516651188227
-645.516651999477
-645.516652859743
-645.516653718392
-645.516654538776
-645.516655284210
-645.516655909846
-645.516656377376
-645.516653664788
-645.516653842008
-645.516653863366
-645.516653729524
-645.516653449123
-645.516653059210
-645.516652597697
-645.516652080996
-645.516651526391
-645.516650963666
-645.516655721987
-645.516655242083
-645.516654774997
-645.516654327915
-645.516653918277
-645.516653540128
-645.516653166238
-645.516652797057
-645.516652461141
-645.516652163299
-645.516654417464
-645.516654217174
-645.516654076274
-645.516654007080
-645.516654005445
-645.516654074464
-645.516654226687
-645.516654468125
-645.516654786224
-645.516655160214
-645.516651278359
-645.516651815601
-645.516652372380
-645.516652920752
-645.516653455300
-645.516653965168
-645.516654428058
-645.516654839471
-645.516655203196
-645.516655516282
-645.516652966625
-645.516653256970
-645.516653499983
-645.516653697717
-645.516653860248
-645.516653983829
-645.516654053439
-645.516654046771
-645.516653941223
-645.516653732010
-645.516656173729
-645.516655777045
-645.516655222259
-645.516654516551
-645.516653673926
-645.516652707238
-645.516651644341
-645.516650530191
-645.516649409749
-645.516648319404
-645.516657057023
-645.516656243203
-645.516655634536
-645.516655254079
-645.516655111904
-645.516655218016
-645.516655580137
-645.516656190005
-645.516657001184
-645.516657949953
-645.516648469505
-645.516649593866
-645.516650676196
-645.516651663819
-645.516652508043
-645.516653154684
-645.516653575208
-645.516653758770
-645.516653701337
-645.516653431624
-645.516657237407
-645.516656685525
-645.516656006665
-645.516655261627
-645.516654500072
-645.516653754398
-645.516653049093
-645.516652393767
-645.516651801723
-645.516651284931
-645.516655047536
-645.516654669349
-645.516654317575
-645.516653978534
-645.516653611312
-645.516653193729
-645.516652737970
-645.516652259130
-645.516651759961
-645.516651245212
-645.516655564212
-645.516655170499
-645.516654865538
-645.516654668485
-645.516654601006
-645.516654695267
-645.516654962418
-645.516655379807
-645.516655932812
-645.516656627242
-645.516649354518
-645.516650298485
-645.516651248275
-645.516652171410
-645.516653049656
-645.516653855842
-645.516654547160
-645.516655091930
-645.516655490157
-645.516655749440
-645.516654486035
-645.516654528913
-645.516654472049
-645.516654331203
-645.516654102746
-645.516653799207
-645.516653455864
-645.516653098299
-645.516652720402
-645.516652302204
-645.516655973256
-645.516655540100
-645.516655089802
-645.516654608228
-645.516654076879
-645.516653505891
-645.516652909842
-645.516652289709
-645.516651660279
-645.516651048704
-645.516656003761
-645.516655507744
-645.516655050308
-645.516654635423
-645.516654284986
-645.516654011483
-645.516653775947
-645.516653534417
-645.516653287183
-645.516653033488
-645.516655666795
-645.516655339183
-645.516654914135
-645.516654384516
-645.516653747114
-645.516652992728
-645.516652124164
-645.516651178095
-645.516650182382
-645.516649123314
-645.516658897593
-645.516657840777
-645.516656823287
-645.516655820157
-645.516654811515
-645.516653807042
-645.516652805829
-645.516651779039
-645.516650685455
-645.516649493548
-645.516660871608
-645.516659491098
-645.516657935848
-645.516656200903
-645.516654330458
-645.516652345694
-645.516650248828
-645.516648087288
-645.516645941100
-645.516643882761
-645.516660914860
-645.516659263214
-645.516657877516
-645.516656823758
-645.516656149882
-645.516655861713
-645.516655960276
-645.516656450123
-645.516657299976
-645.516658448767
-645.516645871774
-645.516647503476
-645.516649260582
-645.516651069148
-645.516652845566
-645.516654529773
-645.516656101594
-645.516657539410
-645.516658798482
-645.516659863035
-645.516651448110
-645.516652280951
-645.516653001007
-645.516653631324
-645.516654228646
-645.516654848862
-645.516655520031
-645.516656258342
-645.516657092680
-645.516658060391
-645.516647699966
-645.516648997908
-645.516650421795
-645.516651987273
-645.516653685960
-645.516655479183
-645.516657348999
-645.516659303074
-645.516661330421
-645.516663398708
-645.516644427554
-645.516646580063
-645.516648741192
-645.516650904355
-645.516653035028
-645.516655098760
-645.516657099082
-645.516659034552
-645.516660863691
-645.516662554930
-645.516648399155
-645.516649864179
-645.516651164145
-645.516652287244
-645.516653231414
-645.516654022906
-645.516654693001
-645.516655239060
-645.516655680159
-645.516656092436
-645.516651872300
-645.516652395305
-645.516652997399
-645.516653748994
-645.516654692403
-645.516655844387
-645.516657215852
-645.516658827745
-645.516660705541
-645.516662831843
-645.516641671548
-645.516644226360
-645.516646936968
-645.516649750484
-645.516652595288
-645.516655418946
-645.516658179235
-645.516660827733
-645.516663315808
-645.516665612147
-645.516646679763
-645.516648616059
-645.516650328944
-645.516651830071
-645.516653145170
-645.516654316871
-645.516655396513
-645.516656419015
-645.516657416475
-645.516658448393
-645.516648108013
-645.516649419378
-645.516650887200
-645.516652525287
-645.516654349034
-645.516656377637
-645.516658593561
-645.516660955556
-645.516663454743
-645.516666076511
-645.516641556905
-645.516644298682
-645.516647024130
-645.516649712635
-645.516652310895
-645.516654771524
-645.516657075393
-645.516659227393
-645.516661228638
-645.516663056406
-645.516647976995
-645.516649545651
-645.516650984597
-645.516652275600
-645.516653430153
-645.516654494869
-645.516655483605
-645.516656378434
-645.516657183342
-645.516657922572
-645.516651469316
-645.516652208625
-645.516652922707
-645.516653614971
-645.516654318517
-645.516655070920
-645.516655887014
-645.516656794428
-645.516657837959
-645.516659034463
-645.516646500221
-645.516648106754
-645.516649911883
-645.516651915945
-645.516654106288
-645.516656434807
-645.516658846979
-645.516661324341
-645.516663836939
-645.516666304304
-645.516644799619
-645.516647052043
-645.516649098460
-645.516650902580
-645.516652443299
-645.516653711415
-645.516654717221
-645.516655488224
-645.516656053447
-645.516656462909
-645.516653165905
-645.516653566996
-645.516654003893
-645.516654520267
-645.516655187676
-645.516656057943
-645.516657141273
-645.516658430722
-645.516659911536
-645.516661558654
-645.516645367192
-645.516647289000
-645.516649217753
-645.516651106993
-645.516652908124
-645.516654546245
-645.516655968396
-645.516657178173
-645.516658182481
-645.516658963591
-645.516653732307
-645.516654170830
-645.516654476848
-645.516654706768
-645.516654906686
-645.516655114968
-645.516655390028
-645.516655790038
-645.516656332623
-645.516657040721
-645.516648319894
-645.516649565636
-645.516651021123
-645.516652685428
-645.516654582845
-645.516656715417
-645.516659073705
-645.516661640730
-645.516664395338
-645.516667346031
-645.516638572273
-645.516641991560
-645.516645565447
-645.516649300733
-645.516653163042
-645.516657100639
-645.516661097158
-645.516665126982
-645.516669136641
-645.516673079709
-645.516638332593
-645.516642071082
-645.516645615426
-645.516648948487
-645.516652028504
-645.516654834694
-645.516657379519
-645.516659671667
-645.516661726215
-645.516663579937
-645.516648017398
-645.516649636292
-645.516651153771
-645.516652605176
-645.516654015257
-645.516655418063
-645.516656839408
-645.516658269410
-645.516659699490
-645.516661147210
-645.516647475023
-645.516649022495
-645.516650558845
-645.516652081768
-645.516653589129
-645.516655097406
-645.516656623987
-645.516658173083
-645.516659770672
-645.516661457487
-645.516645011861
-645.516646989915
-645.516649114355
-645.516651396127
-645.516653819556
-645.516656372493
-645.516659035179
-645.516661773216
-645.516664553352
-645.516667328799
-645.516642677179
-645.516645369063
-645.516647939696
-645.516650344402
-645.516652548833
-645.516654569185
-645.516656426768
-645.516658125427
-645.516659692711
-645.516661180059
-645.516647850115
-645.516649385173
-645.516650979048
-645.516652657012
-645.516654457434
-645.516656411725
-645.516658504305
-645.516660717614
-645.516663055889
-645.516665487103
-645.516642953215
-645.516645506616
-645.516648041982
-645.516650512394
-645.516652887422
-645.516655154757
-645.516657300921
-645.516659328846
-645.516661253982
-645.516663083271
-645.516647064329
-645.516648844577
-645.516650596282
-645.516652332137
-645.516654074801
-645.516655825882
-645.516657570787
-645.516659315119
-645.516661059060
-645.516662770671
-645.516647468332
-645.516649158929
-645.516650795543
-645.516652365201
-645.516653886665
-645.516655392180
-645.516656909434
-645.516658474696
-645.516660128190
-645.516661919891
-645.516643506964
-645.516645814146
-645.516648361500
-645.516651172874
-645.516654271396
-645.516657627051
-645.516661191008
-645.516664928506
-645.516668783665
-645.516672672431
-645.516637686054
-645.516641511499
-645.516645163552
-645.516648578391
-645.516651697628
-645.516654489231
-645.516656955676
-645.516659110647
-645.516660962285
-645.516662535067
-645.516650112933
-645.516651371443
-645.516652511827
-645.516653585114
-645.516654647524
-645.516655732651
-645.516656863061
-645.516658068805
-645.516659361128
-645.516660731966
-645.516647419659
-645.516648996129
-645.516650614574
-645.516652271667
-645.516653962196
-645.516655668326
-645.516657394890
-645.516659157191
-645.516660955412
-645.516662801831
-645.516645290784
-645.516647345838
-645.516649487871
-645.516651732734
-645.516654072999
-645.516656488865
-645.516658973020
-645.516661507302
-645.516664060149
-645.516666606634
-645.516643825852
-645.516646328831
-645.516648753310
-645.516651104200
-645.516653369816
-645.516655550421
-645.516657678164
-645.516659790644
-645.516661923019
-645.516664116794
-645.516643160170
-645.516645663964
-645.516648339178
-645.516651206517
-645.516654276079
-645.516657549641
-645.516661006493
-645.516664601884
-645.516668294666
-645.516672051844
-645.516637778134
-645.516641559191
-645.516645220383
-645.516648728074
-645.516652044141
-645.516655135629
-645.516657996793
-645.516660638918
-645.516663076561
-645.516665341040
-645.516645796631
-645.516647925130
-645.516650037787
-645.516652194611
-645.516654449615
-645.516656859019
-645.516659472899
-645.516662323269
-645.516665443667
-645.516668866889
-645.516635043888
-645.516639127097
-645.516643509044
-645.516648185309
-645.516653116983
-645.516658272610
-645.516663631440
-645.516669154890
-645.516674797480
-645.516680520472
-645.516628331112
-645.516634173134
-645.516639957719
-645.516645626492
-645.516651143944
-645.516656490422
-645.516661616354
-645.516666465573
-645.516671028967
-645.516675315119
-645.516639081823
-645.516642856837
-645.516646363813
-645.516649638060
-645.516652720705
-645.516655658824
-645.516658499806
-645.516661302545
-645.516664131173
-645.516667024815
-645.516639751120
-645.516642956502
-645.516646336207
-645.516649886534
-645.516653593117
-645.516657445210
-645.516661422436
-645.516665488283
-645.516669594495
-645.516673692431
-645.516636833368
-645.516640909610
-645.516644868061
-645.516648672681
-645.516652326488
-645.516655846308
-645.516659229950
-645.516662479646
-645.516665634823
-645.516668749489
-645.516640581817
-645.516643785884
-645.516647058737
-645.516650441384
-645.516653965111
-645.516657649360
-645.516661503140
-645.516665536391
-645.516669749295
-645.516674112824
-645.516633445295
-645.516638112034
-645.516642857590
-645.516647633387
-645.516652397567
-645.516657113704
-645.516661744629
-645.516666270746
-645.516670673391
-645.516674915462
-645.516637951922
-645.516641935366
-645.516645750875
-645.516649385846
-645.516652856883
-645.516656195193
-645.516659417494
-645.516662533324
-645.516665558667
-645.516668528370
-645.516641545667
-645.516644586515
-645.516647618422
-645.516650666856
-645.516653780804
-645.516656956401
-645.516660166049
-645.516663427514
-645.516666761704
-645.516670142825
-645.516639151852
-645.516642657730
-645.516646193995
-645.516649750945
-645.516653299593
-645.516656819730
-645.516660333652
-645.516663863827
-645.516667384067
-645.516670879071
-645.516638934548
-645.516642559534
-645.516646191335
-645.516649835125
-645.516653514331
-645.516657227283
-645.516660964374
-645.516664716190
-645.516668469806
-645.516672229608
-645.516637895570
-645.516641741842
-645.516645553616
-645.516649343531
-645.516653115457
-645.516656867954
-645.516660617777
-645.516664380823
-645.516668170170
-645.516672012839
-645.516636456613
-645.516640553978
-645.516644766649
-645.516649119422
-645.516653604034
-645.516658200540
-645.516662911908
-645.516667736848
-645.516672636970
-645.516677562647
-645.516632977364
-645.516637952151
-645.516642853549
-645.516647645636
-645.516652289216
-645.516656768375
-645.516661094248
-645.516665260843
-645.516669260658
-645.516673135037
-645.516638617547
-645.516642436846
-645.516646228041
-645.516650044174
-645.516653915295
-645.516657873097
-645.516661947565
-645.516666138890
-645.516670455872
-645.516674918627
-645.516633190131
-645.516637955501
-645.516642807965
-645.516647742993
-645.516652728558
-645.516657745137
-645.516662782804
-645.516667841588
-645.516672945789
-645.516678104685
-645.516630819827
-645.516636187649
-645.516641670957
-645.516647273722
-645.516652989956
-645.516658848260
-645.516664864672
-645.516671011530
-645.516677258296
-645.516683591431
-645.516625403693
-645.516631967010
-645.516638514838
-645.516644993529
-645.516651390868
-645.516657701980
-645.516663885925
-645.516669913024
-645.516675805005
-645.516681580771
-645.516630261632
-645.516635913146
-645.516641509861
-645.516647088364
-645.516652668426
-645.516658271154
-645.516663925164
-645.516669665264
-645.516675514597
-645.516681466263
-645.516626694671
-645.516632940845
-645.516639288384
-645.516645711431
-645.516652194529
-645.516658730230
-645.516665293573
-645.516671867153
-645.516678446862
-645.516685010096
-645.516625887568
-645.516632496880
-645.516639064728
-645.516645558427
-645.516651977712
-645.516658329194
-645.516664594162
-645.516670759036
-645.516676820472
-645.516682777659
-645.516629603351
-645.516635484383
-645.516641269762
-645.516646996509
-645.516652727167
-645.516658472996
-645.516664238054
-645.516670086497
-645.516676087750
-645.516682266145
-645.516624515043
-645.516631194346
-645.516638116195
-645.516645288326
-645.516652685917
-645.516660278728
-645.516668052190
-645.516675969731
-645.516683952251
-645.516691934293
-645.516619761517
-645.516627767994
-645.516635629368
-645.516643288539
-645.516650740537
-645.516657983999
-645.516665002377
-645.516671790030
-645.516678362911
-645.516684755366
-645.516628051019
-645.516634270497
-645.516640394369
-645.516646474709
-645.516652548715
-645.516658621365
-645.516664712982
-645.516670860229
-645.516677076381
-645.516683364859
-645.516625609891
-645.516632156454
-645.516638796478
-645.516645551030
-645.516652422530
-645.516659402493
-645.516666508515
-645.516673749865
-645.516681101852
-645.516688548008
-645.516620372757
-645.516628051942
-645.516635740513
-645.516643383198
-645.516650905335
-645.516658251318
-645.516665381432
-645.516672215919
-645.516678670032
-645.516684716890
-645.516633752142
-645.516639019998
-645.516643834591
-645.516648230576
-645.516652265480
-645.516656010423
-645.516659531917
-645.516662909991
-645.516666264281
-645.516669703273
-645.516637199459
-645.516641073589
-645.516645248099
-645.516649772465
-645.516654637976
-645.516659832822
-645.516665360410
-645.516671195170
-645.516677262394
-645.516683481824
-645.516626186148
-645.516632662467
-645.516639133926
-645.516645529414
-645.516651808602
-645.516657969094
-645.516664004581
-645.516669899189
-645.516675669705
-645.516681353318
-645.516630486891
-645.516636118683
-645.516641728377
-645.516647346570
-645.516652986479
-645.516658656810
-645.516664354761
-645.516670076993
-645.516675836214
-645.516681636188
-645.516628785832
-645.516634713663
-645.516640668569
-645.516646666432
-645.516652726160
-645.516658859028
-645.516665075990
-645.516671400712
-645.516677849883
-645.516684413996
-645.516623976447
-645.516630829157
-645.516637757225
-645.516644692986
-645.516651565212
-645.516658327214
-645.516664922871
-645.516671264888
-645.516677274590
-645.516682906609
-645.516635561305
-645.516640430416
-645.516644858248
-645.516648870971
-645.516652529333
-645.516655903711
-645.516659064277
-645.516662109888
-645.516665162793
-645.516668324718
-645.516637872281
-645.516641577433
-645.516645629035
-645.516650065786
-645.516654910734
-645.516660155406
-645.516665759624
-645.516671682662
-645.516677869241
-645.516684228421
-645.516625901384
-645.516632460743
-645.516638973200
-645.516645367786
-645.516651590780
-645.516657609397
-645.516663419715
-645.516669034515
-645.516674452671
-645.516679689328
-645.516633343211
-645.516638456445
-645.516643502247
-645.516648518350
-645.516653561224
-645.516658659000
-645.516663815917
-645.516669043287
-645.516674363978
-645.516679796980
-645.516629465663
-645.516635207105
-645.516641064130
-645.516647052135
-645.516653170164
-645.516659420736
-645.516665817286
-645.516672364468
-645.516679052824
-645.516685864676
-645.516623223047
-645.516630313562
-645.516637452461
-645.516644588540
-645.516651665325
-645.516658621908
-645.516665406093
-645.516671984346
-645.516678315009
-645.516684349786
-645.516632346308
-645.516637885736
-645.516643174944
-645.516648250696
-645.516653181577
-645.516658058842
-645.516662976358
-645.516668017561
-645.516673266705
-645.516678825045
-645.516624791184
-645.516631252809
-645.516638148832
-645.516645512142
-645.516653337682
-645.516661555467
-645.516670095298
-645.516678903253
-645.516687901721
-645.516696990818
-645.516614781828
-645.516623892269
-645.516632881331
-645.516641712030
-645.516650338520
-645.516658752396
-645.516666996837
-645.516675108445
-645.516683114813
-645.516691076220
-645.516618864546
-645.516627006609
-645.516635261414
-645.516643661858
-645.516652224831
-645.516660965147
-645.516669873379
-645.516678902881
-645.516688009530
-645.516697166385
-645.516614318148
-645.516623529337
-645.516632623321
-645.516641568928
-645.516650347097
-645.516658938624
-645.516667329736
-645.516675533239
-645.516683587744
-645.516691524093
-645.516620649757
-645.516628518944
-645.516636393835
-645.516644319129
-645.516652297620
-645.516660346601
-645.516668506460
-645.516676792450
-645.516685192011
-645.516693692210
-645.516615958012
-645.516624734580
-645.516633575309
-645.516642446692
-645.516651336987
-645.516660257354
-645.516669189608
-645.516678100811
-645.516686997809
-645.516695902559
-645.516615212492
-645.516624220502
-645.516633220524
-645.516642214553
-645.516651209012
-645.516660198084
-645.516669156861
-645.516678071848
-645.516686947086
-645.516695763158
-645.516616646621
-645.516625377604
-645.516634014373
-645.516642543660
-645.516650953463
-645.516659249594
-645.516667442640
-645.516675553583
-645.516683607156
-645.516691613789
-645.516619181104
-645.516627298988
-645.516635461011
-645.516643674635
-645.516651974943
-645.516660393031
-645.516668933506
-645.516677602910
-645.516686404495
-645.516695332566
-645.516613309963
-645.516622624840
-645.516632041758
-645.516641543371
-645.516651135076
-645.516660802309
-645.516670521091
-645.516680287979
-645.516690105894
-645.516699971166
-645.516610339610
-645.516620421709
-645.516630559205
-645.516640777469
-645.516651082494
-645.516661460762
-645.516671919286
-645.516682482752
-645.516693147839
-645.516703887087
-645.516606224232
-645.516617211392
-645.516628208451
-645.516639171740
-645.516650065684
-645.516660851027
-645.516671485850
-645.516681924936
-645.516692121156
-645.516702050695
-645.516614593556
-645.516624104437
-645.516633337371
-645.516642318838
-645.516651093579
-645.516659708558
-645.516668225770
-645.516676715549
-645.516685241479
-645.516693871451
-645.516614107824
-645.516623236288
-645.516632620503
-645.516642305636
-645.516652303424
-645.516662584149
-645.516673123768
-645.516683902548
-645.516694875065
-645.516705984630
-645.516604614840
-645.516615942139
-645.516627232307
-645.516638457843
-645.516649574520
-645.516660554773
-645.516671410178
-645.516682142005
-645.516692746797
-645.516703259819
-645.516608517030
-645.516619063941
-645.516629600661
-645.516640143358
-645.516650693364
-645.516661264696
-645.516671858825
-645.516682434904
-645.516692955864
-645.516703408172
-645.516609772253
-645.516620085735
-645.516630224775
-645.516640177903
-645.516649939056
-645.516659518820
-645.516668931133
-645.516678199596
-645.516687384258
-645.516696550696
-645.516613533602
-645.516622876207
-645.516632342661
-645.516641973911
-645.516651780467
-645.516661773045
-645.516671948733
-645.516682282241
-645.516692736380
-645.516703252817
-645.516608220210
-645.516618822453
-645.516629349795
-645.516639728546
-645.516649918582
-645.516659935877
-645.516669799803
-645.516679518802
-645.516689124259
-645.516698682283
-645.516612085368
-645.516621878480
-645.516631842766
-645.516642050205
-645.516652575618
-645.516663459522
-645.516674699353
-645.516686292290
-645.516698245396
-645.516710516086
-645.516597616588
-645.516610350911
-645.516623145588
-645.516635901990
-645.516648506897
-645.516660864594
-645.516672889762
-645.516684517750
-645.516695703385
-645.516706398995
-645.516614145838
-645.516623951937
-645.516633303164
-645.516642216214
-645.516650750475
-645.516658981426
-645.516666972584
-645.516674796653
-645.516682517123
-645.516690180019
-645.516620556600
-645.516628404746
-645.516636358044
-645.516644429760
-645.516652665002
-645.516661085313
-645.516669671298
-645.516678409440
-645.516687297536
-645.516696321239
-645.516613747119
-645.516623008118
-645.516632261065
-645.516641492986
-645.516650669986
-645.516659704123
-645.516668538071
-645.516677177551
-645.516685603831
-645.516693762291
-645.516622509601
-645.516630225395
-645.516637724169
-645.516645029568
-645.516652178662
-645.516659241968
-645.516666316093
-645.516673472661
-645.516680756143
-645.516688244472
-645.516617882157
-645.516626106191
-645.516634689266
-645.516643655748
-645.516653031717
-645.516662796446
-645.516672895316
-645.516683270729
-645.516693865294
-645.516704614816
-645.516607002635
-645.516617890648
-645.516628663284
-645.516639277541
-645.516649670339
-645.516659762125
-645.516669519427
-645.516678940150
-645.516688011855
-645.516696729658
-645.516621069409
-645.516629208700
-645.516637063273
-645.516644673194
-645.516652058780
-645.516659258821
-645.516666340646
-645.516673346292
-645.516680297510
-645.516687245705
-645.516623591270
-645.516630801523
-645.516638170024
-645.516645739736
-645.516653555959
-645.516661676060
-645.516670149232
-645.516678984836
-645.516688182055
-645.516697763992
-645.516607438529
-645.516617829212
-645.516628488225
-645.516639375040
-645.516650421155
-645.516661526837
-645.516672589132
-645.516683522425
-645.516694274244
-645.516704789747
-645.516612555178
-645.516622472622
-645.516632052711
-645.516641328011
-645.516650300711
-645.516659030857
-645.516667628854
-645.516676184948
-645.516684775438
-645.516693495258
-645.516612502574
-645.516621876604
-645.516631617253
-645.516641728286
-645.516652237472
-645.516663172598
-645.516674485478
-645.516686081789
-645.516697899009
-645.516709883588
-645.516600922642
-645.516613076011
-645.516625144671
-645.516637062562
-645.516648775495
-645.516660262533
-645.516671510400
-645.516682514723
-645.516693304927
-645.516703914370
-645.516609542300
-645.516619965855
-645.516630323706
-645.516640659873
-645.516651002457
-645.516661363082
-645.516671749560
-645.516682191481
-645.516692708625
-645.516703268300
-645.516607783703
-645.516618500498
-645.516629269120
-645.516640050125
-645.516650828918
-645.516661645327
-645.516672524368
-645.516683450402
-645.516694422291
-645.516705472784
-645.516604634695
-645.516616012114
-645.516627483290
-645.516639041528
-645.516650708531
-645.516662475598
-645.516674288272
-645.516686124351
-645.516697996090
-645.516709879951
-645.516602587965
-645.516614515630
-645.516626410909
-645.516638288156
-645.516650172219
-645.516662061902
-645.516673963876
-645.516685934506
-645.516698014546
-645.516710193587
-645.516599045703
-645.516611563263
-645.516624213191
-645.516636951125
-645.516649733310
-645.516662533249
-645.516675319490
-645.516688026093
-645.516700558932
-645.516712858188
-645.516603773631
-645.516615668287
-645.516627202996
-645.516638351217
-645.516649159392
-645.516659642787
-645.516669791736
-645.516679653682
-645.516689299431
-645.516698777860
-645.516614054789
-645.516623458566
-645.516632859973
-645.516642331078
-645.516651911965
-645.516661603431
-645.516671440556
-645.516681470860
-645.516691689040
-645.516702078012
-645.516606557858
-645.516617391062
-645.516628384985
-645.516639539545
-645.516650823138
-645.516662206013
-645.516673702355
-645.516685312903
-645.516696991858
-645.516708710185
-645.516602436973
-645.516614349651
-645.516626251701
-645.516638107359
-645.516649904119
-645.516661632287
-645.516673264914
-645.516684755957
-645.516696083563
-645.516707273200
-645.516607476524
-645.516618465408
-645.516629290630
-645.516640009612
-645.516650645255
-645.516661194835
-645.516671689405
-645.516682172004
-645.516692669105
-645.516703191659
-645.516607901546
-645.516618570067
-645.516629294785
-645.516640066265
-645.516650828882
-645.516661559606
-645.516672280213
-645.516682981024
-645.516693611598
-645.516704150987
-645.516609361186
-645.516619879267
-645.516630349684
-645.516640782815
-645.516651212503
-645.516661698937
-645.516672286280
-645.516682982848
-645.516693832401
-645.516704921740
-645.516602188227
-645.516613887218
-645.516625860070
-645.516638153486
-645.516650756942
-645.516663644098
-645.516676801312
-645.516690214545
-645.516703876024
-645.516717758034
-645.516590700026
-645.516605028734
-645.516619515127
-645.516634117069
-645.516648781851
-645.516663504329
-645.516678276424
-645.516693062482
-645.516707836486
-645.516722571545
-645.516590024409
-645.516604715847
-645.516619288764
-645.516633693165
-645.516647892026
-645.516661885613
-645.516675650300
-645.516689144267
-645.516702371414
-645.516715354646
-645.516600155916
-645.516612790576
-645.516625209878
-645.516637437378
-645.516649537027
-645.516661558843
-645.516673496374
-645.516685374164
-645.516697263321
-645.516709182449
-645.516601481512
-645.516613560648
-645.516625702234
-645.516637891262
-645.516650107991
-645.516662342239
-645.516674596285
-645.516686883716
-645.516699187807
-645.516711470214
-645.516600686037
-645.516613093822
-645.516625539985
-645.516638010691
-645.516650536201
-645.516663154684
-645.516675873244
-645.516688704452
-645.516701677681
-645.516714810910
-645.516594522285
-645.516608103205
-645.516621835216
-645.516635722551
-645.516649784557
-645.516663991319
-645.516678289739
-645.516692668036
-645.516707118119
-645.516721596033
-645.516590827987
-645.516605355407
-645.516619788798
-645.516634088719
-645.516648207661
-645.516662086750
-645.516675693208
-645.516689013958
-645.516702003540
-645.516714608457
-645.516604125990
-645.516616089647
-645.516627688105
-645.516638930813
-645.516649872509
-645.516660568427
-645.516671070254
-645.516681454121
-645.516691797627
-645.516702179398
-645.516607183311
-645.516617963158
-645.516628946593
-645.516640197131
-645.516651758286
-645.516663598867
-645.516675686675
-645.516687995623
-645.516700454729
-645.516712996872
-645.516599398196
-645.516612004812
-645.516624461769
-645.516636732171
-645.516648767039
-645.516660525627
-645.516672031600
-645.516683322177
-645.516694420560
-645.516705383433
-645.516606799555
-645.516617841288
-645.516629032368
-645.516640453087
-645.516652146169
-645.516664172306
-645.516676597808
-645.516689420196
-645.516702594856
-645.516716098536
-645.516591620520
-645.516605690534
-645.516619821944
-645.516633938606
-645.516647959592
-645.516661781089
-645.516675302865
-645.516688459590
-645.516701238251
-645.516713641799
-645.516605163459
-645.516616876422
-645.516628282175
-645.516639451424
-645.516650417715
-645.516661248427
-645.516672049119
-645.516682883024
-645.516693765314
-645.516704727492
-645.516604494437
-645.516615810374
-645.516627257993
-645.516638812797
-645.516650454945
-645.516662176426
-645.516673955378
-645.516685747113
-645.516697540964
-645.516709356442
-645.516602703278
-645.516614571230
-645.516626438992
-645.516638327071
-645.516650219597
-645.516662126785
-645.516674053488
-645.516685965539
-645.516697851091
-645.516709705774
-645.516603357218
-645.516615096554
-645.516626679770
-645.516638055027
-645.516649183909
-645.516660050739
-645.516670626293
-645.516680906813
-645.516690922359
-645.516700673482
-645.516614747971
-645.516624164620
-645.516633514523
-645.516642824401
-645.516652147423
-645.516661592171
-645.516671239777
-645.516681124740
-645.516691284678
-645.516701765990
-645.516603893944
-645.516615129850
-645.516626653427
-645.516638444559
-645.516650493582
-645.516662727986
-645.516675037253
-645.516687372318
-645.516699710303
-645.516711969726
-645.516602697088
-645.516614686367
-645.516626454905
-645.516637960110
-645.516649180452
-645.516660118939
-645.516670790711
-645.516681218155
-645.516691417840
-645.516701413015
-645.516612419612
-645.516622259610
-645.516632065754
-645.516641877072
-645.516651741443
-645.516661719775
-645.516671871618
-645.516682240622
-645.516692849520
-645.516703717098
-645.516602926828
-645.516614474990
-645.516626292280
-645.516638358960
-645.516650686324
-645.516663233980
-645.516675914659
-645.516688692893
-645.516701564409
-645.516714476749
-645.516598144993
-645.516611067301
-645.516623923687
-645.516636711803
-645.516649417499
-645.516662030512
-645.516674584539
-645.516687128233
-645.516699672291
-645.516712229130
-645.516598187234
-645.516611014141
-645.516623957573
-645.516637035078
-645.516650264070
-645.516663631149
-645.516677130124
-645.516690764702
-645.516704498180
-645.516718286780
-645.516593249182
-645.516607210602
-645.516621138216
-645.516635006848
-645.516648818041
-645.516662552412
-645.516676175158
-645.516689652023
-645.516702977405
-645.516716179057
-645.516598110407
-645.516611049596
-645.516623765702
-645.516636295995
-645.516648603620
-645.516660630423
-645.516672386241
-645.516683891666
-645.516695129553
-645.516706089487
-645.516609126855
-645.516619752304
-645.516630243174
-645.516640626963
-645.516650965730
-645.516661361633
-645.516671898894
-645.516682627402
-645.516693591699
-645.516704843000
-645.516600220765
-645.516612223279
-645.516624527970
-645.516637090441
-645.516649843693
-645.516662709879
-645.516675604579
-645.516688415796
-645.516701035613
-645.516713400559
-645.516604675753
-645.516616393544
-645.516627662706
-645.516638531322
-645.516649031938
-645.516659180716
-645.516669047268
-645.516678764792
-645.516688472095
-645.516698263238
-645.516608428745
-645.516618737684
-645.516629437091
-645.516640559572
-645.516652095215
-645.516664067698
-645.516676473113
-645.516689211949
-645.516702171572
-645.516715289152
-645.516596121118
-645.516609366081
-645.516622439101
-645.516635255677
-645.516647759802
-645.516659926706
-645.516671729189
-645.516683147343
-645.516694218288
-645.516705001545
-645.516609652424
-645.516620110853
-645.516630466802
-645.516640771198
-645.516651092826
-645.516661486796
-645.516671952043
-645.516682502127
-645.516693180049
-645.516703964095
-645.516606032689
-645.516616958260
-645.516627905713
-645.516638845290
-645.516649710440
-645.516660463324
-645.516671125321
-645.516681711053
-645.516692182825
-645.516702522973
-645.516609650059
-645.516619955278
-645.516630192828
-645.516640342640
-645.516650453014
-645.516660565891
-645.516670647630
-645.516680663828
-645.516690646003
-645.516700623383
-645.516610558374
-645.516620568383
-645.516630574048
-645.516640615770
-645.516650725534
-645.516660928709
-645.516671267932
-645.516681808552
-645.516692602014
-645.516703679822
-645.516600768466
-645.516612595064
-645.516624765420
-645.516637276142
-645.516650105478
-645.516663190904
-645.516676462362
-645.516689870578
-645.516703341655
-645.516716761069
-645.516596886621
-645.516610101940
-645.516623088986
-645.516635763207
-645.516648105761
-645.516660156921
-645.516671943137
-645.516683472358
-645.516694777251
-645.516705947718
-645.516605354959
-645.516616600360
-645.516627891370
-645.516639316236
-645.516650953119
-645.516662797762
-645.516674843012
-645.516687115079
-645.516699603408
-645.516712253892
-645.516596962798
-645.516609883484
-645.516622833748
-645.516635765209
-645.516648611178
-645.516661325584
-645.516673894861
-645.516686307838
-645.516698548858
-645.516710605499
-645.516603186251
-645.516614981668
-645.516626635718
-645.516638155161
-645.516649532196
-645.516660782271
-645.516671939328
-645.516683003912
-645.516693951053
-645.516704797033
-645.516607148461
-645.516617952041
-645.516628658391
-645.516639296183
-645.516649917690
-645.516660541424
-645.516671163903
-645.516681801976
-645.516692507078
-645.516703317829
-645.516604672391
-645.516615765181
-645.516626985357
-645.516638327636
-645.516649756689
-645.516661253570
-645.516672806321
-645.516684380618
-645.516695928481
-645.516707409080
-645.516604613494
-645.516615967045
-645.516627195494
-645.516638296890
-645.516649258373
-645.516660076350
-645.516670798804
-645.516681481691
-645.516692134769
-645.516702771350
-645.516606468507
-645.516617301127
-645.516628222677
-645.516639226399
-645.516650324198
-645.516661536095
-645.516672829251
-645.516684133052
-645.516695433935
-645.516706750844
-645.516604874941
-645.516616129177
-645.516627266272
-645.516638307924
-645.516649243474
-645.516660059320
-645.516670779550
-645.516681452168
-645.516692110281
-645.516702768251
-645.516606110932
-645.516616981661
-645.516627997130
-645.516639157991
-645.516650462162
-645.516661930666
-645.516673569630
-645.516685362424
-645.516697292668
-645.516709323942
-645.516600060122
-645.516612261775
-645.516624478787
-645.516636663679
-645.516648789591
-645.516660854854
-645.516672835265
-645.516684708063
-645.516696481015
-645.516708173369
-645.516602993186
-645.516614641894
-645.516626199429
-645.516637689353
-645.516649164246
-645.516660615240
-645.516672008792
-645.516683355558
-645.516694669618
-645.516705935482
-645.516604696882
-645.516615905231
-645.516627050413
-645.516638126802
-645.516649098510
-645.516659951624
-645.516670715502
-645.516681402820
-645.516691991475
-645.516702464005
-645.516608897377
-645.516619243314
-645.516629501013
-645.516639657331
-645.516649711008
-645.516659672855
-645.516669539550
-645.516679300307
-645.516688955863
-645.516698520242
-645.516612918666
-645.516622401172
-645.516631773224
-645.516641040463
-645.516650237104
-645.516659373328
-645.516668427774
-645.516677385720
-645.516686257970
-645.516695059580
-645.516616309524
-645.516625015547
-645.516633650281
-645.516642231299
-645.516650748694
-645.516659195151
-645.516667613234
-645.516676070266
-645.516684585021
-645.516693142031
-645.516614976534
-645.516623840634
-645.516632906554
-645.516642180257
-645.516651671392
-645.516661391180
-645.516671338074
-645.516681484986
-645.516691788682
-645.516702214032
-645.516607299402
-645.516617803183
-645.516628148670
-645.516638278909
-645.516648114660
-645.516657558254
-645.516666534568
-645.516674980807
-645.516682861389
-645.516690192439
-645.516628382853
-645.516634760227
-645.516640684396
-645.516646245573
-645.516651558477
-645.516656730018
-645.516661850369
-645.516667026028
-645.516672377590
-645.516677979485
-645.516624685683
-645.516630968596
-645.516637655523
-645.516644733298
-645.516652123206
-645.516659794050
-645.516667750038
-645.516675921480
-645.516684188286
-645.516692485745
-645.516617533565
-645.516625870607
-645.516634074820
-645.516642099080
-645.516649961738
-645.516657667654
-645.516665165791
-645.516672442584
-645.516679556631
-645.516686530670
-645.516625101705
-645.516631817695
-645.516638412670
-645.516644894887
-645.516651247143
-645.516657463225
-645.516663556140
-645.516669537734
-645.516675402399
-645.516681150448
-645.516630044521
-645.516635669014
-645.516641221744
-645.516646742243
-645.516652256005
-645.516657768961
-645.516663301983
-645.516668887654
-645.516674535412
-645.516680223969
-645.516628346637
-645.516634153900
-645.516639939590
-645.516645614209
-645.516651124155
-645.516656453457
-645.516661535602
-645.516666270258
-645.516670610177
-645.516674559588
-645.516641916556
-645.516645135679
-645.516647962820
-645.516650480723
-645.516652789467
-645.516654959762
-645.516657085787
-645.516659323201
-645.516661819834
-645.516664670326
-645.516634404449
-645.516638340824
-645.516642933605
-645.516648215718
-645.516654192574
-645.516660854400
-645.516668161396
-645.516676039201
-645.516684376604
-645.516693042408
-645.516612737276
-645.516621770111
-645.516630713266
-645.516639416976
-645.516647768957
-645.516655670064
-645.516663046768
-645.516669846299
-645.516676021302
-645.516681581144
-645.516636242669
-645.516640839415
-645.516645006537
-645.516648861441
-645.516652525503
-645.516656099129
-645.516659691155
-645.516663414871
-645.516667378816
-645.516671663592
-645.516629801455
-645.516634865787
-645.516640328371
-645.516646188708
-645.516652381915
-645.516658838849
-645.516665503561
-645.516672306685
-645.516679157978
-645.516685968296
-645.516625297392
-645.516631943669
-645.516638382248
-645.516644565619
-645.516650493387
-645.516656193814
-645.516661698875
-645.516667033789
-645.516672228388
-645.516677345822
-645.516630719316
-645.516635974721
-645.516641322055
-645.516646797620
-645.516652424001
-645.516658207059
-645.516664136890
-645.516670192844
-645.516676353969
-645.516682577296
-645.516626065018
-645.516632262807
-645.516638357833
-645.516644332510
-645.516650133098
-645.516655709991
-645.516661070332
-645.516666252077
-645.516671276823
-645.516676170870
-645.516632218142
-645.516637101154
-645.516642021970
-645.516647032077
-645.516652182258
-645.516657526633
-645.516663095317
-645.516668876384
-645.516674864792
-645.516681066500
-645.516623246704
-645.516629835683
-645.516636518100
-645.516643235189
-645.516649929780
-645.516656577435
-645.516663137506
-645.516669559667
-645.516675839309
-645.516681986059
-645.516627660413
-645.516633587067
-645.516639376102
-645.516645064254
-645.516650677876
-645.516656197999
-645.516661606763
-645.516666930311
-645.516672169686
-645.516677267321
-645.516632688331
-645.516637502747
-645.516642087969
-645.516646365056
-645.516650295024
-645.516653891733
-645.516657146426
-645.516660017806
-645.516662510429
-645.516664685707
-645.516647091138
-645.516648883332
-645.516650535586
-645.516652145605
-645.516653799885
-645.516655567921
-645.516657538613
-645.516659813800
-645.516662445992
-645.516665450029
-645.516634279367
-645.516638207870
-645.516642538349
-645.516647234185
-645.516652273307
-645.516657593260
-645.516663089945
-645.516668686137
-645.516674346362
-645.516680004114
-645.516629507876
-645.516634930963
-645.516640148778
-645.516645123264
-645.516649778699
-645.516654094830
-645.516658101055
-645.516661792860
-645.516665135909
-645.516668144825
-645.516642725368
-645.516645336582
-645.516647697085
-645.516649837291
-645.516651856600
-645.516653792991
-645.516655634499
-645.516657432892
-645.516659270580
-645.516661176708
-645.516642883832
-645.516645057048
-645.516647392944
-645.516649910411
-645.516652598547
-645.516655468607
-645.516658543889
-645.516661796625
-645.516665178749
-645.516668686189
-645.516635803565
-645.516639551632
-645.516643285557
-645.516646984633
-645.516650615316
-645.516654111764
-645.516657438192
-645.516660596827
-645.516663560607
-645.516666282492
-645.516643581749
-645.516645970859
-645.516648204962
-645.516650277402
-645.516652220581
-645.516654117659
-645.516656032470
-645.516657984920
-645.516660023028
-645.516662232428
-645.516640104797
-645.516642814174
-645.516645767212
-645.516649014634
-645.516652548048
-645.516656320856
-645.516660300947
-645.516664475542
-645.516668806848
-645.516673211189
-645.516633086261
-645.516637499660
-645.516641773685
-645.516645827868
-645.516649610347
-645.516653067282
-645.516656142550
-645.516658810731
-645.516661064022
-645.516662904360
-645.516649161934
-645.516650347477
-645.516651235372
-645.516651883267
-645.516652344189
-645.516652695008
-645.516653025065
-645.516653371367
-645.516653750949
-645.516654218765
-645.516648324475
-645.516649090968
-645.516649910163
-645.516650760113
-645.516651607811
-645.516652382520
-645.516652994978
-645.516653389811
-645.516653543754
-645.516653410133
-645.516657259533
-645.516656533866
-645.516655509763
-645.516654223540
-645.516652711982
-645.516651050994
-645.516649347201
-645.516647691278
-645.516646155756
-645.516644824345
-645.516653951269
-645.516653326653
-645.516653056680
-645.516653127412
-645.516653506916
-645.516654157693
-645.516655007351
-645.516655945291
-645.516656862455
-645.516657664178
-645.516652049332
-645.516652432123
-645.516652427131
-645.516651990464
-645.516651136655
-645.516649873111
-645.516648201580
-645.516646189109
-645.516643949868
-645.516641581119
-645.516662852884
-645.516660573510
-645.516658451274
-645.516656577376
-645.516654975489
-645.516653667644
-645.516652703218
-645.516652069232
-645.516651683966
-645.516651488171
-645.516651185618
-645.516651314605
-645.516651430447
-645.516651438502
-645.516651288262
-645.516650963787
-645.516650426048
-645.516649643305
-645.516648638970
-645.516647439934
-645.516658973311
-645.516657571100
-645.516656094524
-645.516654561663
-645.516652996806
-645.516651426363
-645.516649840740
-645.516648214637
-645.516646527309
-645.516644739340
-645.516661541137
-645.516659454554
-645.516657074758
-645.516654373791
-645.516651307841
-645.516647819854
-645.516643906431
-645.516639622304
-645.516635001556
-645.516630058406
-645.516676130451
-645.516670964490
-645.516665771628
-645.516660604245
-645.516655569264
-645.516650783322
-645.516646304686
-645.516642154726
-645.516638362233
-645.516634957126
-645.516662047590
-645.516659436019
-645.516657093474
-645.516654986226
-645.516653024162
-645.516651104559
-645.516649179361
-645.516647195353
-645.516645066806
-645.516642741151
-645.516665410599
-645.516662726660
-645.516659760436
-645.516656517232
-645.516653029328
-645.516649305836
-645.516645327180
-645.516641125417
-645.516636777529
-645.516632296152
-645.516673252727
-645.516668647847
-645.516664008503
-645.516659323432
-645.516654578299
-645.516649822574
-645.516645115172
-645.516640448003
-645.516635775585
-645.516631120149
-645.516671175175
-645.516666793825
-645.516662411241
-645.516658038951
-645.516653695819
-645.516649321171
-645.516644860594
-645.516640324602
-645.516635702833
-645.516630926706
-645.516674641316
-645.516669602757
-645.516664376521
-645.516658938860
-645.516653281230
-645.516647436299
-645.516641434023
-645.516635288464
-645.516629048763
-645.516622798914
-645.516677914958
-645.516671861730
-645.516665902877
-645.516660131130
-645.516654547038
-645.516649120306
-645.516643897170
-645.516638912770
-645.516634109323
-645.516629425726
-645.516669937866
-645.516665640485
-645.516661401905
-645.516657133150
-645.516652818415
-645.516648480819
-645.516644064262
-645.516639497568
-645.516634816399
-645.516630066180
-645.516673410263
-645.516668546171
-645.516663598990
-645.516658626673
-645.516653636021
-645.516648616334
-645.516643592981
-645.516638612471
-645.516633690638
-645.516628833172
-645.516671222218
-645.516666695704
-645.516662259890
-645.516657927440
-645.516653720138
-645.516649634178
-645.516645663742
-645.516641804379
-645.516638032986
-645.516634315757
-645.516666547361
-645.516663055219
-645.516659568803
-645.516655988183
-645.516652245362
-645.516648346833
-645.516644263714
-645.516639898156
-645.516635194630
-645.516630162906
-645.516677423129
-645.516671812049
-645.516665830711
-645.516659561918
-645.516653055374
-645.516646311550
-645.516639387453
-645.516632422602
-645.516625528569
-645.516618741841
-645.516677378349
-645.516671136343
-645.516665192688
-645.516659536636
-645.516654160369
-645.516649069773
-645.516644205106
-645.516639458028
-645.516634748344
-645.516630003787
-645.516673111223
-645.516668142009
-645.516662838348
-645.516657120451
-645.516650933626
-645.516644250618
-645.516637082609
-645.516629463681
-645.516621410915
-645.516612975145
-645.516690479699
-645.516681830720
-645.516673103874
-645.516664411755
-645.516655890565
-645.516647607272
-645.516639596192
-645.516631928881
-645.516624682912
-645.516617868512
-645.516675177966
-645.516669242016
-645.516663662699
-645.516658407117
-645.516653370149
-645.516648494108
-645.516643772287
-645.516639146500
-645.516634528175
-645.516629889295
-645.516670868600
-645.516666344208
-645.516661713997
-645.516656952867
-645.516652078781
-645.516647073695
-645.516641880331
-645.516636471164
-645.516630841041
-645.516624945634
-645.516679812657
-645.516673418371
-645.516666673833
-645.516659541130
-645.516651987047
-645.516644021396
-645.516635659400
-645.516626908341
-645.516617812941
-645.516608446812
-645.516693512639
-645.516683951602
-645.516674286871
-645.516664626991
-645.516655047266
-645.516645572583
-645.516636255852
-645.516627173051
-645.516618327772
-645.516609691737
-645.516684176766
-645.516676228189
-645.516668451944
-645.516660763529
-645.516653138071
-645.516645561607
-645.516637967790
-645.516630260214
-645.516622405091
-645.516614416995
-645.516686969131
-645.516678773314
-645.516670400307
-645.516661901663
-645.516653240017
-645.516644419068
-645.516635531195
-645.516626645497
-645.516617772548
-645.516608929095
-645.516686962332
-645.516678553626
-645.516670283082
-645.516662144567
-645.516654187795
-645.516646422827
-645.516638774760
-645.516631211123
-645.516623762825
-645.516616394851
-645.516682062640
-645.516674816928
-645.516667508652
-645.516660075682
-645.516652441376
-645.516644584395
-645.516636496003
-645.516628118211
-645.516619391243
-645.516610322488
-645.516693446787
-645.516683948707
-645.516674082415
-645.516663899183
-645.516653467793
-645.516642775048
-645.516631820688
-645.516620707018
-645.516609511403
-645.516598220078
-645.516698943636
-645.516687843607
-645.516676831307
-645.516665896761
-645.516655056860
-645.516644383398
-645.516633916468
-645.516623608258
-645.516613432414
-645.516603452268
-645.516690122127
-645.516680687644
-645.516671343186
-645.516662114504
-645.516652973125
-645.516643848008
-645.516634702520
-645.516625524544
-645.516616276234
-645.516606886091
-645.516691879872
-645.516682334009
-645.516672567345
-645.516662510890
-645.516652148876
-645.516641484000
-645.516630482451
-645.516619135431
-645.516607470708
-645.516595493040
-645.516705066520
-645.516692750768
-645.516680221471
-645.516667515137
-645.516654653213
-645.516641685194
-645.516628692703
-645.516615707699
-645.516602714094
-645.516589755791
-645.516704598538
-645.516692092320
-645.516679623297
-645.516667202558
-645.516654850393
-645.516642515886
-645.516630137031
-645.516617706282
-645.516605223516
-645.516592644688
-645.516706068767
-645.516693486827
-645.516680816079
-645.516668060495
-645.516655203350
-645.516642284258
-645.516629377265
-645.516616512184
-645.516603709995
-645.516591032635
-645.516702173970
-645.516690089758
-645.516678195413
-645.516666519575
-645.516655033560
-645.516643710270
-645.516632546300
-645.516621513899
-645.516610560741
-645.516599642743
-645.516696016947
-645.516685397096
-645.516674745600
-645.516664007381
-645.516653217884
-645.516642422094
-645.516631575072
-645.516620652251
-645.516609720725
-645.516598816525
-645.516695431092
-645.516684724619
-645.516674016282
-645.516663323713
-645.516652573116
-645.516641680033
-645.516630644218
-645.516619471801
-645.516608082121
-645.516596390960
-645.516702786941
-645.516690763699
-645.516678417631
-645.516665739653
-645.516652790307
-645.516639639484
-645.516626320229
-645.516612884247
-645.516599442697
-645.516586106167
-645.516703328006
-645.516690703682
-645.516678384774
-645.516666411724
-645.516654800736
-645.516643564050
-645.516632684532
-645.516622085050
-645.516611675235
-645.516601395552
-645.516692668910
-645.516682623740
-645.516672384633
-645.516661887838
-645.516651061639
-645.516639815385
-645.516628100922
-645.516615946690
-645.516603393869
-645.516590434022
-645.516709117737
-645.516695886890
-645.516682531857
-645.516669089990
-645.516655634777
-645.516642302595
-645.516629174801
-645.516616268957
-645.516603614348
-645.516591261199
-645.516697938479
-645.516686514477
-645.516675275569
-645.516664197420
-645.516653243609
-645.516642303673
-645.516631290082
-645.516620168562
-645.516608865510
-645.516597292972
-645.516702293574
-645.516690451590
-645.516678293523
-645.516665800199
-645.516652997877
-645.516639929460
-645.516626614280
-645.516613073780
-645.516599377242
-645.516585591084
-645.516708131631
-645.516694544601
-645.516680967722
-645.516667468633
-645.516654029386
-645.516640639113
-645.516627362743
-645.516614247035
-645.516601260681
-645.516588394733
-645.516700457855
-645.516688336941
-645.516676383626
-645.516664574487
-645.516652965331
-645.516641592325
-645.516630404431
-645.516619348376
-645.516608436957
-645.516597667098
-645.516692365839
-645.516682004926
-645.516671649659
-645.516661235464
-645.516650664132
-645.516639875335
-645.516628839746
-645.516617506310
-645.516605793016
-645.516593639111
-645.516705637416
-645.516692916338
-645.516679703522
-645.516666037252
-645.516651957926
-645.516637452535
-645.516622562379
-645.516607416961
-645.516592112738
-645.516576693977
-645.516714266703
-645.516699361835
-645.516684643670
-645.516670168734
-645.516655985974
-645.516642188263
-645.516628835167
-645.516615886412
-645.516603318720
-645.516591179044
-645.516695653290
-645.516684598813
-645.516673767240
-645.516663118499
-645.516652582222
-645.516642060613
-645.516631472020
-645.516620765396
-645.516609891916
-645.516598786989
-645.516699358711
-645.516688080265
-645.516676555573
-645.516664795424
-645.516652827679
-645.516640685614
-645.516628401951
-645.516616040788
-645.516603680033
-645.516591347542
-645.516699270599
-645.516687440002
-645.516675723210
-645.516664106058
-645.516652552603
-645.516641066464
-645.516629644011
-645.516618218426
-645.516606715041
-645.516595131097
-645.516697076626
-645.516685726665
-645.516674177813
-645.516662443190
-645.516650580398
-645.516638578321
-645.516626413317
-645.516614130882
-645.516601789274
-645.516589398583
-645.516698923309
-645.516686923729
-645.516674990574
-645.516663122354
-645.516651284260
-645.516639494184
-645.516627779156
-645.516616107274
-645.516604451420
-645.516592814138
-645.516696043253
-645.516684762937
-645.516673430989
-645.516662060604
-645.516650637283
-645.516639143270
-645.516627589055
-645.516616006761
-645.516604406495
-645.516592784623
-645.516695899389
-645.516684829325
-645.516673798627
-645.516662771661
-645.516651793952
-645.516640905007
-645.516630052562
-645.516619170099
-645.516608259859
-645.516597333872
-645.516695053031
-645.516684364292
-645.516673571027
-645.516662686404
-645.516651670850
-645.516640501718
-645.516629227464
-645.516617904787
-645.516606536285
-645.516595114227
-645.516696015519
-645.516685115496
-645.516674285205
-645.516663523558
-645.516652854922
-645.516642275163
-645.516631741981
-645.516621230342
-645.516610720008
-645.516600155120
-645.516693576578
-645.516683178715
-645.516672545450
-645.516661612658
-645.516650324313
-645.516638665147
-645.516626628190
-645.516614173989
-645.516601290940
-645.516588042997
-645.516706459128
-645.516693147537
-645.516679616208
-645.516665965188
-645.516652298643
-645.516638674829
-645.516625149608
-645.516611830147
-645.516598803958
-645.516586074849
-645.516694770514
-645.516683207594
-645.516672046707
-645.516661240074
-645.516650741452
-645.516640534075
-645.516630591812
-645.516620846867
-645.516611213499
-645.516601637917
-645.516685766857
-645.516676569238
-645.516667229821
-645.516657724544
-645.516648006504
-645.516638006377
-645.516627701826
-645.516617100321
-645.516606185920
-645.516594940183
-645.516697385425
-645.516686055924
-645.516674460529
-645.516662615919
-645.516650573285
-645.516638383619
-645.516626058238
-645.516613615104
-645.516601119898
-645.516588629993
-645.516699634637
-645.516687667339
-645.516675741703
-645.516663904393
-645.516652132045
-645.516640390669
-645.516628707167
-645.516617100679
-645.516605524986
-645.516593942767
-645.516696086815
-645.516685063989
-645.516674011512
-645.516662893901
-645.516651722592
-645.516640509899
-645.516629223859
-645.516617837293
-645.516606373701
-645.516594851654
-645.516696547844
-645.516685345086
-645.516674071709
-645.516662744814
-645.516651353491
-645.516639897523
-645.516628396819
-645.516616854121
-645.516605262162
-645.516593646293
-645.516694687761
-645.516683614318
-645.516672526641
-645.516661457898
-645.516650440928
-645.516639472765
-645.516628546922
-645.516617682109
-645.516606897971
-645.516596182222
-645.516688950948
-645.516678872782
-645.516668876790
-645.516658913801
-645.516648947478
-645.516638999769
-645.516629073880
-645.516619119501
-645.516609103256
-645.516599035785
-645.516687582195
-645.516677890651
-645.516668122085
-645.516658303650
-645.516648452102
-645.516638560522
-645.516628641202
-645.516618734168
-645.516608866224
-645.516599043322
-645.516684698731
-645.516675597693
-645.516666588986
-645.516657658533
-645.516648818531
-645.516640081268
-645.516631413521
-645.516622778145
-645.516614174133
-645.516605589472
-645.516681416670
-645.516673289781
-645.516665128422
-645.516656919421
-645.516648628383
-645.516640249673
-645.516631824629
-645.516623379656
-645.516614890628
-645.516606353413
-645.516681335958
-645.516673361829
-645.516665409897
-645.516657487025
-645.516649622531
-645.516641815502
-645.516634033309
-645.516626266981
-645.516618540077
-645.516610844364
-645.516677850936
-645.516670632336
-645.516663379878
-645.516656085603
-645.516648729319
-645.516641311616
-645.516633838030
-645.516626304619
-645.516618713213
-645.516611086168
-645.516676765139
-645.516669705344
-645.516662645903
-645.516655605409
-645.516648610050
-645.516641654045
-645.516634734794
-645.516627866551
-645.516621034010
-645.516614201467
-645.516672713516
-645.516666417415
-645.516660106444
-645.516653742920
-645.516647301456
-645.516640790992
-645.516634217017
-645.516627559004
-645.516620813887
-645.516614005037
-645.516672643557
-645.516666294301
-645.516659900421
-645.516653492261
-645.516647080278
-645.516640653426
-645.516634212510
-645.516627778121
-645.516621353626
-645.516614918847
-645.516670187184
-645.516664286191
-645.516658346628
-645.516652352759
-645.516646295132
-645.516640162265
-645.516633941394
-645.516627624684
-645.516621213492
-645.516614709741
-645.516671664918
-645.516665566598
-645.516659399782
-645.516653172455
-645.516646880829
-645.516640540487
-645.516634176058
-645.516627794391
-645.516621392906
-645.516614981639
-645.516670270373
-645.516664510402
-645.516658752479
-645.516653004418
-645.516647290911
-645.516641606908
-645.516635932515
-645.516630279226
-645.516624671977
-645.516619110592
-645.516666949767
-645.516662016517
-645.516657126404
-645.516652289741
-645.516647486432
-645.516642704241
-645.516637949508
-645.516633211058
-645.516628468973
-645.516623723000
-645.516663985317
-645.516659841302
-645.516655645880
-645.516651393713
-645.516647096480
-645.516642753762
-645.516638344300
-645.516633862420
-645.516629325870
-645.516624745260
-645.516663100342
-645.516659135081
-645.516655164527
-645.516651186886
-645.516647220016
-645.516643296113
-645.516639431559
-645.516635615715
-645.516631837140
-645.516628110841
-645.516657242988
-645.516654264050
-645.516651312452
-645.516648387460
-645.516645481965
-645.516642569847
-645.516639636180
-645.516636684434
-645.516633705072
-645.516630670150
-645.516654875428
-645.516652356045
-645.516649797431
-645.516647184549
-645.516644513620
-645.516641809441
-645.516639095542
-645.516636370075
-645.516633630922
-645.516630901918
-645.516651948361
-645.516649948486
-645.516647987682
-645.516646076732
-645.516644215353
-645.516642399807
-645.516640636678
-645.516638925035
-645.516637248185
-645.516635587825
-645.516648006407
-645.516646975342
-645.516645939506
-645.516644875989
-645.516643771657
-645.516642624863
-645.516641425664
-645.516640171153
-645.516638874296
-645.516637536316
-645.516647834733
-645.516647062671
-645.516646287448
-645.516645528499
-645.516644785741
-645.516644063014
-645.516643389503
-645.516642791896
-645.516642265052
-645.516641800611
-645.516643308889
-645.516643643746
-645.516644037597
-645.516644472482
-645.516644934955
-645.516645407968
-645.516645864101
-645.516646276629
-645.516646633221
-645.516646920106
-645.516642789492
-645.516643483286
-645.516644061758
-645.516644528193
-645.516644879416
-645.516645116351
-645.516645248270
-645.516645292189
-645.516645269152
-645.516645197206
-645.516642546120
-645.516643066642
-645.516643585716
-645.516644124790
-645.516644692043
-645.516645285973
-645.516645911165
-645.516646579328
-645.516647295678
-645.516648050003
-645.516637326123
-645.516638730882
-645.516640161287
-645.516641604433
-645.516643053204
-645.516644510277
-645.516645964813
-645.516647399689
-645.516648812792
-645.516650207846
-645.516634692571
-645.516636592117
-645.516638423107
-645.516640181985
-645.516641871616
-645.516643471259
-645.516644951571
-645.516646300022
-645.516647510276
-645.516648572539
-645.516637683901
-645.516639051754
-645.516640262021
-645.516641319296
-645.516642230571
-645.516643011030
-645.516643684066
-645.516644273286
-645.516644800970
-645.516645287106
-645.516638794088
-645.516639909604
-645.516641066246
-645.516642280804
-645.516643564875
-645.516644929844
-645.516646384853
-645.516647936231
-645.516649583539
-645.516651327360
-645.516632374978
-645.516634955452
-645.516637596593
-645.516640294267
-645.516643063425
-645.516645900130
-645.516648779286
-645.516651679188
-645.516654596514
-645.516657537289
-645.516628502414
-645.516632024665
-645.516635527325
-645.516638996610
-645.516642406527
-645.516645739813
-645.516648992517
-645.516652150863
-645.516655182233
-645.516658053956
-645.516630822677
-645.516634024018
-645.516637058303
-645.516639909126
-645.516642572751
-645.516645054961
-645.516647365792
-645.516649521579
-645.516651539016
-645.516653435051
-645.516634623692
-645.516636946286
-645.516639189092
-645.516641373479
-645.516643516278
-645.516645630046
-645.516647721782
-645.516649783213
-645.516651808767
-645.516653811618
-645.516632803777
-645.516635401155
-645.516637972660
-645.516640515937
-645.516643034570
-645.516645537152
-645.516648035924
-645.516650550553
-645.516653096702
-645.516655673046
-645.516628733760
-645.516632056496
-645.516635489116
-645.516639041646
-645.516642705835
-645.516646486102
-645.516650405555
-645.516654478288
-645.516658697143
-645.516663052266
-645.516619746958
-645.516624913238
-645.516630167816
-645.516635501495
-645.516640906199
-645.516646360156
-645.516651828111
-645.516657283640
-645.516662722632
-645.516668141567
-645.516616867089
-645.516622833816
-645.516628742881
-645.516634587177
-645.516640364881
-645.516646080963
-645.516651741892
-645.516657353891
-645.516662917921
-645.516668433468
-645.516616997051
-645.516623024293
-645.516629033754
-645.516635038507
-645.516641039288
-645.516647027481
-645.516653010732
-645.516659009155
-645.516665031313
-645.516671070103
-645.516614774023
-645.516621414209
-645.516628067362
-645.516634731157
-645.516641397669
-645.516648066730
-645.516654731056
-645.516661373022
-645.516667989562
-645.516674592229
-645.516613215062
-645.516620354037
-645.516627454344
-645.516634520954
-645.516641567456
-645.516648593571
-645.516655591566
-645.516662565642
-645.516669523247
-645.516676461328
-645.516611465107
-645.516618914677
-645.516626339844
-645.516633744196
-645.516641120988
-645.516648455331
-645.516655737064
-645.516662968311
-645.516670159550
-645.516677315071
-645.516609833365
-645.516617526406
-645.516625179367
-645.516632806469
-645.516640420625
-645.516648037728
-645.516655668809
-645.516663311186
-645.516670961759
-645.516678639562
-645.516606204607
-645.516614544757
-645.516622902798
-645.516631261849
-645.516639635507
-645.516648029067
-645.516656416538
-645.516664765076
-645.516673063618
-645.516681309750
-645.516605077114
-645.516613747206
-645.516622338071
-645.516630848771
-645.516639266045
-645.516647591377
-645.516655843548
-645.516664036506
-645.516672170881
-645.516680246667
-645.516605811602
-645.516614326042
-645.516622808866
-645.516631251330
-645.516639658914
-645.516648038303
-645.516656386027
-645.516664695969
-645.516672959491
-645.516681169516
-645.516605688000
-645.516614363362
-645.516623020363
-645.516631654718
-645.516640273506
-645.516648909734
-645.516657599478
-645.516666356794
-645.516675192024
-645.516684132866
-645.516600448128
-645.516610218116
-645.516620129679
-645.516630198501
-645.516640431318
-645.516650800999
-645.516661273984
-645.516671847071
-645.516682516360
-645.516693237555
-645.516594616362
-645.516605866194
-645.516617088186
-645.516628248366
-645.516639304677
-645.516650247127
-645.516661090560
-645.516671823247
-645.516682410600
-645.516692854024
-645.516597453394
-645.516608239423
-645.516618916513
-645.516629483299
-645.516639955213
-645.516650345249
-645.516660652578
-645.516670880585
-645.516681043036
-645.516691136374
-645.516598625734
-645.516609073454
-645.516619454115
-645.516629779096
-645.516640040223
-645.516650226311
-645.516660345332
-645.516670425661
-645.516680486635
-645.516690528617
-645.516597694126
-645.516608195426
-645.516618696652
-645.516629211900
-645.516639739723
-645.516650267560
-645.516660792670
-645.516671309544
-645.516681801352
-645.516692257697
-645.516595654274
-645.516606521547
-645.516617311212
-645.516628017147
-645.516638641260
-645.516649183782
-645.516659636714
-645.516670002842
-645.516680309723
-645.516690583681
-645.516595990693
-645.516606735351
-645.516617491705
-645.516628290941
-645.516639156417
-645.516650107550
-645.516661159596
-645.516672315306
-645.516683575203
-645.516694956717
-645.516589855939
-645.516601965236
-645.516614161680
-645.516626433534
-645.516638777742
-645.516651178544
-645.516663610799
-645.516676053092
-645.516688484467
-645.516700871525
-645.516588662023
-645.516601407771
-645.516614092101
-645.516626678053
-645.516639127709
-645.516651447938
-645.516663659371
-645.516675761545
-645.516687747621
-645.516699626764
-645.516591912432
-645.516604084070
-645.516616172946
-645.516628221165
-645.516640264050
-645.516652292756
-645.516664294465
-645.516676294386
-645.516688327877
-645.516700401264
-645.516589276588
-645.516601862321
-645.516614450328
-645.516627019991
-645.516639559739
-645.516652071841
-645.516664534952
-645.516676898152
-645.516689131728
-645.516701244460
-645.516590627777
-645.516602999725
-645.516615246561
-645.516627378462
-645.516639415718
-645.516651385088
-645.516663330155
-645.516675302032
-645.516687326345
-645.516699411198
-645.516587224266
-645.516600020200
-645.516612985686
-645.516626106580
-645.516639374215
-645.516652789676
-645.516666331380
-645.516679954261
-645.516693620767
-645.516707299952
-645.516582252917
-645.516596248757
-645.516610098261
-645.516623776493
-645.516637258402
-645.516650513741
-645.516663533100
-645.516676333162
-645.516688925277
-645.516701316849
-645.516589704630
-645.516602252826
-645.516614744060
-645.516627210908
-645.516639687465
-645.516652213806
-645.516664835281
-645.516677587723
-645.516690482675
-645.516703514101
-645.516583692753
-645.516597403702
-645.516611220161
-645.516625121458
-645.516639057941
-645.516652981493
-645.516666859379
-645.516680659036
-645.516694351796
-645.516707920231
-645.516585775334
-645.516599435332
-645.516612896675
-645.516626173926
-645.516639299109
-645.516652280351
-645.516665109964
-645.516677808944
-645.516690419098
-645.516702964894
-645.516589007894
-645.516601859058
-645.516614717523
-645.516627590972
-645.516640473968
-645.516653382066
-645.516666344327
-645.516679358526
-645.516692397514
-645.516705452944
-645.516585791981
-645.516599264394
-645.516612724033
-645.516626166890
-645.516639579905
-645.516652933340
-645.516666207614
-645.516679410242
-645.516692551197
-645.516705617042
-645.516586922146
-645.516600199250
-645.516613399496
-645.516626527965
-645.516639600249
-645.516652634591
-645.516665625863
-645.516678560615
-645.516691457223
-645.516704350345
-645.516586731095
-645.516599945304
-645.516613109271
-645.516626240840
-645.516639319709
-645.516652309667
-645.516665205756
-645.516678008269
-645.516690685067
-645.516703200580
-645.516590379119
-645.516602972057
-645.516615407781
-645.516627655503
-645.516639745312
-645.516651727881
-645.516663598328
-645.516675345135
-645.516687019839
-645.516698684006
-645.516592271769
-645.516604265478
-645.516616292179
-645.516628401289
-645.516640596578
-645.516652866532
-645.516665232951
-645.516677712156
-645.516690272900
-645.516702886929
-645.516587512996
-645.516600587047
-645.516613671547
-645.516626718103
-645.516639725128
-645.516652692574
-645.516665582368
-645.516678358318
-645.516691014983
-645.516703541723
-645.516590956525
-645.516603506006
-645.516615916991
-645.516628176449
-645.516640261681
-645.516652183083
-645.516663972530
-645.516675637667
-645.516687163335
-645.516698557231
-645.516595693069
-645.516607203556
-645.516618614135
-645.516629953207
-645.516641244116
-645.516652475024
-645.516663641943
-645.516674780145
-645.516685920497
-645.516697052254
-645.516595937755
-645.516607355169
-645.516618782472
-645.516630206635
-645.516641615013
-645.516653016036
-645.516664404653
-645.516675755829
-645.516687058722
-645.516698321199
-645.516596313214
-645.516607782920
-645.516619175957
-645.516630500450
-645.516641764700
-645.516652967510
-645.516664120708
-645.516675237440
-645.516686312243
-645.516697352975
-645.516596603391
-645.516607942101
-645.516619281359
-645.516630622178
-645.516641983816
-645.516653368511
-645.516664753981
-645.516676130941
-645.516687510538
-645.516698873302
-645.516595653665
-645.516607120549
-645.516618517062
-645.516629822040
-645.516640973977
-645.516651947774
-645.516662763921
-645.516673419077
-645.516683872701
-645.516694114063
-645.516602171120
-645.516612335778
-645.516622307871
-645.516632105720
-645.516641782445
-645.516651359892
-645.516660836329
-645.516670239621
-645.516679624669
-645.516689028763
-645.516603093037
-645.516612843181
-645.516622687505
-645.516632646546
-645.516642726325
-645.516652948832
-645.516663324352
-645.516673832097
-645.516684461852
-645.516695220380
-645.516596814845
-645.516608007802
-645.516619225783
-645.516630461903
-645.516641681565
-645.516652821509
-645.516663855801
-645.516674797000
-645.516685618548
-645.516696265009
-645.516601573054
-645.516612170741
-645.516622649384
-645.516632973707
-645.516643168583
-645.516653312079
-645.516663431837
-645.516673497850
-645.516683525546
-645.516693582297
-645.516601858009
-645.516612188242
-645.516622503300
-645.516632831901
-645.516643148916
-645.516653384537
-645.516663506820
-645.516673520448
-645.516683395351
-645.516693069843
-645.516606738224
-645.516616196997
-645.516625443039
-645.516634467580
-645.516643300540
-645.516651985248
-645.516660548440
-645.516669034572
-645.516677518858
-645.516686055300
-645.516607262732
-645.516616192881
-645.516625315284
-645.516634647578
-645.516644154054
-645.516653840270
-645.516663739811
-645.516673806988
-645.516683940388
-645.516694103027
-645.516601242976
-645.516611635372
-645.516621864791
-645.516631889092
-645.516641745100
-645.516651397546
-645.516660746924
-645.516669791721
-645.516678623154
-645.516687262582
-645.516610993350
-645.516619387211
-645.516627703033
-645.516635988214
-645.516644218146
-645.516652434468
-645.516660740027
-645.516669161843
-645.516677651572
-645.516686208703
-645.516607671259
-645.516616636114
-645.516625636911
-645.516634640685
-645.516643643228
-645.516652601251
-645.516661459005
-645.516670205886
-645.516678834005
-645.516687296973
-645.516612416150
-645.516620735622
-645.516628913247
-645.516636923979
-645.516644788354
-645.516652572852
-645.516660293517
-645.516667920054
-645.516675486273
-645.516683080353
-645.516613954114
-645.516621718408
-645.516629459436
-645.516637260531
-645.516645113439
-645.516652929622
-645.516660703711
-645.516668505423
-645.516676318607
-645.516684047268
-645.516614600996
-645.516622385701
-645.516630163858
-645.516637844466
-645.516645418447
-645.516652972137
-645.516660529991
-645.516668038410
-645.516675493784
-645.516682956374
-645.516614795998
-645.516622434930
-645.516630066061
-645.516637740250
-645.516645460178
-645.516653178349
-645.516660885602
-645.516668608750
-645.516676343825
-645.516684064465
-645.516614017007
-645.516621834361
-645.516629578512
-645.516637246624
-645.516644855382
-645.516652382812
-645.516659775957
-645.516667026891
-645.516674169818
-645.516681195932
-645.516618722525
-645.516625572649
-645.516632299292
-645.516638890178
-645.516645293549
-645.516651523232
-645.516657648468
-645.516663672006
-645.516669530524
-645.516675228661
-645.516624047382
-645.516629753282
-645.516635356606
-645.516640860657
-645.516646330065
-645.516651791786
-645.516657213543
-645.516662592622
-645.516667988671
-645.516673434095
-645.516623990299
-645.516629572054
-645.516635173379
-645.516640819192
-645.516646482372
-645.516652129722
-645.516657752707
-645.516663350305
-645.516668906520
-645.516674394060
-645.516625517039
-645.516630968313
-645.516636312437
-645.516641534019
-645.516646625147
-645.516651590143
-645.516656451783
-645.516661229582
-645.516665918455
-645.516670525699
-645.516628909073
-645.516633642379
-645.516638410210
-645.516643212941
-645.516648081065
-645.516653062423
-645.516658167011
-645.516663369815
-645.516668672574
-645.516674096411
-645.516623818001
-645.516629537397
-645.516635255074
-645.516640965587
-645.516646635179
-645.516652191602
-645.516657576556
-645.516662775436
-645.516667775116
-645.516672534005
-645.516631627641
-645.516635991328
-645.516640101914
-645.516643958481
-645.516647568288
-645.516650966081
-645.516654197694
-645.516657294218
-645.516660273490
-645.516663160095
-645.516637103024
-645.516640036982
-645.516642980877
-645.516645930758
-645.516648882413
-645.516651856181
-645.516654869115
-645.516657908527
-645.516660955991
-645.516664013253
-645.516635691978
-645.516638885679
-645.516642064214
-645.516645242481
-645.516648454044
-645.516651685769
-645.516654899134
-645.516658108080
-645.516661359044
-645.516664649631
-645.516634621426
-645.516637989757
-645.516641344325
-645.516644681735
-645.516647951501
-645.516651112689
-645.516654162895
-645.516657083686
-645.516659825129
-645.516662364180
-645.516640847348
-645.516643120863
-645.516645182918
-645.516647033233
-645.516648711175
-645.516650257275
-645.516651688919
-645.516653026151
-645.516654307825
-645.516655571152
-645.516643841307
-645.516645261776
-645.516646723787
-645.516648217859
-645.516649739465
-645.516651287227
-645.516652835639
-645.516654332967
-645.516655737701
-645.516657032329
-645.516646489361
-645.516647558248
-645.516648387686
-645.516648983915
-645.516649334067
-645.516649401520
-645.516649189201
-645.516648744913
-645.516648094329
-645.516647227176
-645.516656713046
-645.516655613172
-645.516654422223
-645.516653130372
-645.516651742961
-645.516650308456
-645.516648852475
-645.516647349873
-645.516645785117
-645.516644183074
-645.516658423000
-645.516656829223
-645.516655167105
-645.516653462373
-645.516651736402
-645.516649985620
-645.516648223082
-645.516646487698
-645.516644809460
-645.516643205855
-645.516655971462
-645.516654709839
-645.516653612944
-645.516652679306
-645.516651914109
-645.516651326431
-645.516650895866
-645.516650582614
-645.516650360218
-645.516650194764
-645.516651147696
-645.516651005297
-645.516650763647
-645.516650386691
-645.516649808477
-645.516648978487
-645.516647894817
-645.516646563590
-645.516644962329
-645.516643079160
-645.516661906199
-645.516659669115
-645.516657240693
-645.516654637120
-645.516651914398
-645.516649123674
-645.516646271358
-645.516643362109
-645.516640436957
-645.516637525271
-645.516663769069
-645.516660927418
-645.516658081615
-645.516655231929
-645.516652348174
-645.516649411250
-645.516646429174
-645.516643399995
-645.516640296823
-645.516637108344
-645.516666360205
-645.516663141024
-645.516659838294
-645.516656455187
-645.516653014431
-645.516649504463
-645.516645893959
-645.516642186629
-645.516638398643
-645.516634501919
-645.516670776343
-645.516666648641
-645.516662366155
-645.516657899437
-645.516653205116
-645.516648290237
-645.516643180567
-645.516637860181
-645.516632311322
-645.516626574735
-645.516678946067
-645.516673046454
-645.516667031175
-645.516660955291
-645.516654887882
-645.516648844920
-645.516642830793
-645.516636894721
-645.516631073494
-645.516625343682
-645.516675646342
-645.516670171672
-645.516664794013
-645.516659457894
-645.516654114852
-645.516648760517
-645.516643378054
-645.516637910387
-645.516632323987
-645.516626631465
-645.516678379139
-645.516672490243
-645.516666437176
-645.516660281225
-645.516654041111
-645.516647686341
-645.516641237766
-645.516634772091
-645.516628321589
-645.516621869563
-645.516679376359
-645.516673121571
-645.516666951787
-645.516660826033
-645.516654755629
-645.516648783282
-645.516642887064
-645.516636994443
-645.516631082799
-645.516625178316
-645.516678361608
-645.516672459882
-645.516666465742
-645.516660400414
-645.516654243618
-645.516647963002
-645.516641580738
-645.516635137294
-645.516628633360
-645.516622060944
-645.516681612735
-645.516675105381
-645.516668618517
-645.516662156343
-645.516655747380
-645.516649405843
-645.516643107259
-645.516636837442
-645.516630607599
-645.516624398221
-645.516680592654
-645.516674337629
-645.516667976674
-645.516661465276
-645.516654735754
-645.516647753893
-645.516640511850
-645.516632965465
-645.516625057449
-645.516616793570
-645.516693483249
-645.516684684488
-645.516675571361
-645.516666180130
-645.516656579916
-645.516646821665
-645.516636943591
-645.516627007984
-645.516617081688
-645.516607193204
-645.516694859859
-645.516685249380
-645.516675800218
-645.516666498992
-645.516657321945
-645.516648272924
-645.516639345586
-645.516630500756
-645.516621702303
-645.516612929040
-645.516691408768
-645.516682645288
-645.516673788022
-645.516664845919
-645.516655793892
-645.516646585458
-645.516637223757
-645.516627750625
-645.516618173546
-645.516608471410
-645.516696367761
-645.516686602712
-645.516676802167
-645.516666945923
-645.516657052401
-645.516647168669
-645.516637294554
-645.516627400829
-645.516617499536
-645.516607621533
-645.516696230270
-645.516686442139
-645.516676643577
-645.516666868197
-645.516657118184
-645.516647368732
-645.516637625354
-645.516627920221
-645.516618262333
-645.516608642729
-645.516694933806
-645.516685490363
-645.516676072451
-645.516666668754
-645.516657274626
-645.516647862384
-645.516638382017
-645.516628802380
-645.516619116766
-645.516609296290
-645.516699373660
-645.516689266228
-645.516678980657
-645.516668513118
-645.516657850831
-645.516647032377
-645.516636129085
-645.516625179694
-645.516614202088
-645.516603263413
-645.516699934313
-645.516689432673
-645.516679123349
-645.516669043572
-645.516659267707
-645.516649806073
-645.516640598444
-645.516631604148
-645.516622818461
-645.516614197224
-645.516690571158
-645.516682057168
-645.516673450776
-645.516664687503
-645.516655668538
-645.516646318393
-645.516636610876
-645.516626526734
-645.516616034453
-645.516605124581
-645.516706082365
-645.516694560311
-645.516682762578
-645.516670737513
-645.516658546748
-645.516646264529
-645.516633968548
-645.516621721358
-645.516609554970
-645.516597494828
-645.516704112839
-645.516692485628
-645.516681002002
-645.516669623113
-645.516658344568
-645.516647157734
-645.516635996945
-645.516624779367
-645.516613479949
-645.516602104911
-645.516705227153
-645.516693635897
-645.516681836706
-645.516669864548
-645.516657713284
-645.516645348841
-645.516632791932
-645.516620105852
-645.516607309507
-645.516594381321
-645.516711552690
-645.516698605538
-645.516685668229
-645.516672720150
-645.516659765623
-645.516646854254
-645.516634020330
-645.516621257563
-645.516608558164
-645.516595936436
-645.516708679710
-645.516696344946
-645.516684091897
-645.516671921842
-645.516659830496
-645.516647812385
-645.516635860778
-645.516623957126
-645.516612086739
-645.516600256799
-645.516706102714
-645.516694418506
-645.516682699072
-645.516670955556
-645.516659204221
-645.516647405995
-645.516635510286
-645.516623527046
-645.516611482781
-645.516599340427
-645.516709396117
-645.516697060624
-645.516684619816
-645.516672042226
-645.516659255937
-645.516646260001
-645.516633103697
-645.516619770285
-645.516606191264
-645.516592359776
-645.516717883949
-645.516703755140
-645.516689374127
-645.516674746395
-645.516659926164
-645.516644931850
-645.516629739451
-645.516614364152
-645.516598871124
-645.516583298205
-645.516723418440
-645.516707827246
-645.516692204165
-645.516676572732
-645.516660930673
-645.516645277505
-645.516629615487
-645.516613930679
-645.516598200531
-645.516582409877
-645.516724694461
-645.516708837042
-645.516692841367
-645.516676704916
-645.516660406660
-645.516643919677
-645.516627258496
-645.516610465919
-645.516593560626
-645.516576544751
-645.516729856629
-645.516712931750
-645.516696070109
-645.516679282908
-645.516662611214
-645.516646130157
-645.516629866410
-645.516613790909
-645.516597899849
-645.516582220911
-645.516721322062
-645.516706082386
-645.516690879318
-645.516675685806
-645.516660453989
-645.516645086335
-645.516629498783
-645.516613657144
-645.516597529374
-645.516581059745
-645.516732162142
-645.516715116298
-645.516697739290
-645.516680042831
-645.516662056972
-645.516643847219
-645.516625482375
-645.516607018344
-645.516588516503
-645.516570041618
-645.516734738329
-645.516716636101
-645.516698693704
-645.516680929020
-645.516663339547
-645.516645918692
-645.516628658644
-645.516611529640
-645.516594475519
-645.516577451429
-645.516729713512
-645.516712828718
-645.516695847715
-645.516678728285
-645.516661472929
-645.516644074571
-645.516626498853
-645.516608736013
-645.516590820534
-645.516572779558
-645.516735485959
-645.516717373019
-645.516699209356
-645.516681035485
-645.516662851000
-645.516644668962
-645.516626536969
-645.516608487404
-645.516590512758
-645.516572604928
-645.516732275741
-645.516714710783
-645.516697216755
-645.516679777613
-645.516662396471
-645.516645061326
-645.516627743938
-645.516610433407
-645.516593128787
-645.516575814308
-645.516731249541
-645.516714044751
-645.516696810892
-645.516679529410
-645.516662188003
-645.516644797978
-645.516627363478
-645.516609857425
-645.516592259397
-645.516574583791
-645.516733732581
-645.516716050171
-645.516698243720
-645.516680327941
-645.516662307757
-645.516644153379
-645.516625850219
-645.516607426124
-645.516588898050
-645.516570244722
-645.516738588091
-645.516719902839
-645.516701166159
-645.516682374616
-645.516663533376
-645.516644682670
-645.516625859845
-645.516607068863
-645.516588309201
-645.516569601037
-645.516736631991
-645.516718220849
-645.516699852528
-645.516681522384
-645.516663205076
-645.516644863371
-645.516626475601
-645.516608026142
-645.516589484333
-645.516570814528
-645.516739383036
-645.516720592887
-645.516701641246
-645.516682534705
-645.516663296974
-645.516643946964
-645.516624497395
-645.516604989171
-645.516585492828
-645.516566061502
-645.516739268966
-645.516720230291
-645.516701363251
-645.516682708169
-645.516664270642
-645.516646047461
-645.516628037455
-645.516610215890
-645.516592534783
-645.516574951710
-645.516731808831
-645.516714451548
-645.516697008314
-645.516679416609
-645.516661631471
-645.516643607282
-645.516625300928
-645.516606689439
-645.516587766560
-645.516568533209
-645.516743278459
-645.516723712537
-645.516703945652
-645.516684018045
-645.516663988769
-645.516643926977
-645.516623880333
-645.516603880053
-645.516583971592
-645.516564204321
-645.516739953099
-645.516720664905
-645.516701496877
-645.516682456871
-645.516663515012
-645.516644613726
-645.516625718849
-645.516606813746
-645.516587858982
-645.516568806232
-645.516740574730
-645.516721520977
-645.516702355775
-645.516683053332
-645.516663632291
-645.516644140922
-645.516624596169
-645.516604992707
-645.516585351245
-645.516565707410
-645.516741599722
-645.516722168240
-645.516702732624
-645.516683292114
-645.516663818127
-645.516644271420
-645.516624632394
-645.516604881766
-645.516584976726
-645.516564879104
-645.516746502079
-645.516726225984
-645.516705733096
-645.516685026985
-645.516664145063
-645.516643127544
-645.516622001390
-645.516600812836
-645.516579637251
-645.516558536358
-645.516746320320
-645.516725729992
-645.516705376547
-645.516685294059
-645.516665476899
-645.516645932031
-645.516626684373
-645.516607719852
-645.516588973821
-645.516570390079
-645.516735571019
-645.516717394865
-645.516699201302
-645.516680918658
-645.516662503450
-645.516643894841
-645.516625013502
-645.516605814242
-645.516586296635
-645.516566452150
-645.516747220646
-645.516726893470
-645.516706256177
-645.516685349778
-645.516664198472
-645.516642848143
-645.516621366296
-645.516599805022
-645.516578200518
-645.516556603671
-645.516749079521
-645.516727923275
-645.516706887568
-645.516685988781
-645.516665249979
-645.516644670909
-645.516624235645
-645.516603937528
-645.516583761525
-645.516563665473
-645.516743162145
-645.516723359600
-645.516703561707
-645.516683725238
-645.516663804909
-645.516643785692
-645.516623659406
-645.516603399027
-645.516582989134
-645.516562443860
-645.516747601051
-645.516727026727
-645.516706303237
-645.516685468592
-645.516664554399
-645.516643551684
-645.516622451424
-645.516601284405
-645.516580082988
-645.516558842730
-645.516749377125
-645.516728335716
-645.516707289616
-645.516686223897
-645.516665132861
-645.516644042853
-645.516622975446
-645.516601918225
-645.516580859621
-645.516559823300
-645.516747462392
-645.516726796851
-645.516706189640
-645.516685661204
-645.516665230663
-645.516644901191
-645.516624677140
-645.516604573665
-645.516584597516
-645.516564735173
-645.516741363167
-645.516721938321
-645.516702591110
-645.516683294037
-645.516664025736
-645.516644762831
-645.516625467293
-645.516606105591
-645.516586662335
-645.516567122574
-645.516742951056
-645.516723382238
-645.516703662438
-645.516683800529
-645.516663788631
-645.516643619877
-645.516623317632
-645.516602908303
-645.516582390951
-645.516561767688
-645.516746809094
-645.516726341873
-645.516705832016
-645.516685269456
-645.516664673064
-645.516644068511
-645.516623446982
-645.516602784147
-645.516582083803
-645.516561363586
-645.516746844209
-645.516726322455
-645.516705751376
-645.516685149538
-645.516664518407
-645.516643847913
-645.516623149084
-645.516602447795
-645.516581753197
-645.516561063883
-645.516745912694
-645.516725570498
-645.516705282729
-645.516685045099
-645.516664853762
-645.516644712281
-645.516624621386
-645.516604569576
-645.516584537943
-645.516564504634
-645.516743950923
-645.516724137650
-645.516704275367
-645.516684336366
-645.516664293141
-645.516644139007
-645.516623874533
-645.516603487366
-645.516582966056
-645.516562322302
-645.516747799769
-645.516727245366
-645.516706589667
-645.516685861930
-645.516665098708
-645.516644304210
-645.516623470577
-645.516602621007
-645.516581792859
-645.516560988714
-645.516746762249
-645.516726260849
-645.516705785663
-645.516685331539
-645.516664865346
-645.516644375380
-645.516623871730
-645.516603343143
-645.516582758579
-645.516562106060
-645.516747002536
-645.516726531692
-645.516705980278
-645.516685340643
-645.516664626748
-645.516643849743
-645.516623008182
-645.516602104476
-645.516581149517
-645.516560155794
-645.516747830348
-645.516727114903
-645.516706394679
-645.516685673936
-645.516664966972
-645.516644289003
-645.516623640146
-645.516603016645
-645.516582432553
-645.516561901104
-645.516744926351
-645.516724776188
-645.516704670286
-645.516684628715
-645.516664633671
-645.516644657703
-645.516624711158
-645.516604822785
-645.516584986255
-645.516565172295
-645.516742005286
-645.516722567451
-645.516703168855
-645.516683786333
-645.516664423984
-645.516645097587
-645.516625793958
-645.516606486060
-645.516587172545
-645.516567869559
-645.516740328374
-645.516721306540
-645.516702250546
-645.516683165854
-645.516664051618
-645.516644899229
-645.516625700821
-645.516606447818
-645.516587136254
-645.516567773530
-645.516741090139
-645.516721946097
-645.516702744739
-645.516683500319
-645.516664227999
-645.516644920125
-645.516625569277
-645.516606197068
-645.516586823629
-645.516567433611
-645.516740748744
-645.516721644197
-645.516702555600
-645.516683461633
-645.516664338743
-645.516645206875
-645.516626092045
-645.516606972920
-645.516587815061
-645.516568629754
-645.516739755225
-645.516720880248
-645.516701963761
-645.516683009104
-645.516664035553
-645.516645035199
-645.516625988563
-645.516606899794
-645.516587781382
-645.516568622673
-645.516740031340
-645.516721087141
-645.516702096658
-645.516683054232
-645.516663948612
-645.516644773193
-645.516625522656
-645.516606196054
-645.516586802003
-645.516567344025
-645.516741604361
-645.516722327183
-645.516702987201
-645.516683606280
-645.516664176318
-645.516644690508
-645.516625175142
-645.516605655534
-645.516586121676
-645.516566564992
-645.516740949450
-645.516721780979
-645.516702621500
-645.516683439600
-645.516664251522
-645.516645080967
-645.516625899160
-645.516606659168
-645.516587354203
-645.516567994291
-645.516741409317
-645.516722214818
-645.516702895492
-645.516683463833
-645.516663905846
-645.516644195064
-645.516624340151
-645.516604373699
-645.516584309435
-645.516564146978
-645.516744703310
-645.516724805844
-645.516704896910
-645.516685001642
-645.516665137479
-645.516645320688
-645.516625570109
-645.516605906505
-645.516586341174
-645.516566866166
-645.516739733861
-645.516720795654
-645.516701924943
-645.516683089861
-645.516664263659
-645.516645440481
-645.516626604935
-645.516607714799
-645.516588739425
-645.516569689385
-645.516739896325
-645.516721077330
-645.516702152951
-645.516683151150
-645.516664116090
-645.516645055955
-645.516625966979
-645.516606878143
-645.516587835957
-645.516568860265
-645.516737350622
-645.516718893674
-645.516700545494
-645.516682307192
-645.516664155225
-645.516646080654
-645.516628087285
-645.516610159725
-645.516592260783
-645.516574356501
-645.516734066139
-645.516716474538
-645.516698826814
-645.516681091662
-645.516663251169
-645.516645305718
-645.516627261657
-645.516609116576
-645.516590862872
-645.516572512082
-645.516736464288
-645.516718386376
-645.516700260888
-645.516682100392
-645.516663939524
-645.516645797834
-645.516627664805
-645.516609534987
-645.516591430469
-645.516573363635
-645.516734058959
-645.516716377314
-645.516698689833
-645.516681004178
-645.516663288950
-645.516645510148
-645.516627671480
-645.516609790715
-645.516591856518
-645.516573842366
-645.516734854117
-645.516717124890
-645.516699361424
-645.516681558096
-645.516663726824
-645.516645894029
-645.516628074696
-645.516610272014
-645.516592495286
-645.516574762592
-645.516732170741
-645.516714938201
-645.516697742435
-645.516680580792
-645.516663455558
-645.516646362020
-645.516629277832
-645.516612173559
-645.516595037404
-645.516577873125
-645.516731038118
-645.516714157828
-645.516697195153
-645.516680157918
-645.516663051607
-645.516645863654
-645.516628591108
-645.516611257426
-645.516593880062
-645.516576449234
-645.516731941449
-645.516714861045
-645.516697801135
-645.516680758141
-645.516663722041
-645.516646714241
-645.516629768570
-645.516612889532
-645.516596061663
-645.516579287720
-645.516727700079
-645.516711472409
-645.516695287134
-645.516679139240
-645.516663033557
-645.516646958597
-645.516630887787
-645.516614804967
-645.516598711209
-645.516582606022
-645.516725910570
-645.516710133046
-645.516694307000
-645.516678439054
-645.516662534118
-645.516646589015
-645.516630603494
-645.516614588815
-645.516598559347
-645.516582521266
-645.516725006569
-645.516709382902
-645.516693796077
-645.516678255266
-645.516662757048
-645.516647310127
-645.516631937579
-645.516616650881
-645.516601442305
-645.516586306785
-645.516719959903
-645.516705386690
-645.516690883484
-645.516676435752
-645.516662043081
-645.516647701231
-645.516633387257
-645.516619076918
-645.516604760352
-645.516590432151
-645.516717988025
-645.516703957309
-645.516689859905
-645.516675690218
-645.516661441000
-645.516647102526
-645.516632671941
-645.516618151692
-645.516603543442
-645.516588849557
-645.516720099258
-645.516705664600
-645.516691191399
-645.516676695922
-645.516662185661
-645.516647673199
-645.516633182988
-645.516618741470
-645.516604364734
-645.516590056309
-645.516716478567
-645.516702727322
-645.516689063139
-645.516675484447
-645.516661985380
-645.516648554664
-645.516635172545
-645.516621817779
-645.516608476152
-645.516595139125
-645.516713569838
-645.516700575854
-645.516687510448
-645.516674365284
-645.516661141990
-645.516647834617
-645.516634430429
-645.516620919740
-645.516607305293
-645.516593600296
-645.516715663466
-645.516702236290
-645.516688755610
-645.516675227898
-645.516661660652
-645.516648072586
-645.516634484404
-645.516620903594
-645.516607326775
-645.516593750689
-645.516713793243
-645.516700659428
-645.516687534185
-645.516674405648
-645.516661261741
-645.516648092470
-645.516634890687
-645.516621653665
-645.516608376740
-645.516595048770
-645.516713487549
-645.516700480785
-645.516687424711
-645.516674323425
-645.516661179832
-645.516648001807
-645.516634800955
-645.516621587859
-645.516608374151
-645.516595174044
-645.516711763862
-645.516699069332
-645.516686413073
-645.516673803847
-645.516661246266
-645.516648736722
-645.516636268937
-645.516623839999
-645.516611444767
-645.516599069780
-645.516708599609
-645.516696644438
-645.516684664460
-645.516672645559
-645.516660577026
-645.516648447291
-645.516636240319
-645.516623945515
-645.516611565506
-645.516599106034
-645.516710061045
-645.516697897873
-645.516685672550
-645.516673401409
-645.516661095832
-645.516648772442
-645.516636455725
-645.516624164345
-645.516611904250
-645.516599683241
-645.516707143303
-645.516695516606
-645.516683957355
-645.516672453212
-645.516661005072
-645.516649610581
-645.516638251508
-645.516626908065
-645.516615568993
-645.516604219827
-645.516704632645
-645.516693632218
-645.516682576324
-645.516671462024
-645.516660278246
-645.516649019688
-645.516637695429
-645.516626316451
-645.516614891001
-645.516603433903
-645.516704475271
-645.516693458653
-645.516682456197
-645.516671486175
-645.516660568018
-645.516649706377
-645.516638899414
-645.516628155878
-645.516617481882
-645.516606862015
-645.516700010434
-645.516689908735
-645.516679838999
-645.516669778719
-645.516659703804
-645.516649607299
-645.516639488833
-645.516629333424
-645.516619122435
-645.516608859922
-645.516699553951
-645.516689656738
-645.516679695775
-645.516669685263
-645.516659645500
-645.516649572504
-645.516639451698
-645.516629285676
-645.516619087723
-645.516608858362
-645.516699228919
-645.516689399175
-645.516679525903
-645.516669601103
-645.516659617783
-645.516649581738
-645.516639502112
-645.516629379045
-645.516619209976
-645.516609002466
-645.516698953223
-645.516689218598
-645.516679503306
-645.516669823121
-645.516660184924
-645.516650597917
-645.516641088355
-645.516631679972
-645.516622369532
-645.516613144028
-645.516693446818
-645.516684840480
-645.516676299330
-645.516667800195
-645.516659327672
-645.516650864559
-645.516642373900
-645.516633817095
-645.516625185462
-645.516616482774
-645.516693529227
-645.516685070419
-645.516676485855
-645.516667800661
-645.516659026645
-645.516650163800
-645.516641230898
-645.516632260886
-645.516623275342
-645.516614287879
-645.516692535581
-645.516684144253
-645.516675834520
-645.516667603415
-645.516659453254
-645.516651400146
-645.516643452425
-645.516635596416
-645.516627811689
-645.516620083299
-645.516687167312
-645.516679950685
-645.516672734157
-645.516665497616
-645.516658218557
-645.516650880980
-645.516643474369
-645.516635987442
-645.516628414553
-645.516620762710
-645.516688122905
-645.516680791991
-645.516673387846
-645.516665931125
-645.516658446965
-645.516650941925
-645.516643412809
-645.516635872459
-645.516628346055
-645.516620840084
-645.516686093483
-645.516679102727
-645.516672147140
-645.516665223414
-645.516658312110
-645.516651413425
-645.516644543856
-645.516637703408
-645.516630874220
-645.516624050884
-645.516683216839
-645.516676920748
-645.516670642499
-645.516664377525
-645.516658140720
-645.516651943313
-645.516645777277
-645.516639635665
-645.516633526370
-645.516627456898
-645.516679799146
-645.516674253116
-645.516668723679
-645.516663206572
-645.516657694614
-645.516652180421
-645.516646655001
-645.516641107997
-645.516635534517
-645.516629931032
-645.516678624983
-645.516673422993
-645.516668195261
-645.516662946826
-645.516657675765
-645.516652384752
-645.516647090907
-645.516641817451
-645.516636572958
-645.516631351074
-645.516675952495
-645.516671277962
-645.516666659488
-645.516662086425
-645.516657554070
-645.516653063066
-645.516648603421
-645.516644155796
-645.516639706447
-645.516635249722
-645.516673362044
-645.516669298031
-645.516665167070
-645.516660968100
-645.516656701659
-645.516652356408
-645.516647919691
-645.516643394801
-645.516638797303
-645.516634137139
-645.516674232575
-645.516669965353
-645.516665669910
-645.516661361409
-645.516657052869
-645.516652752866
-645.516648468721
-645.516644211115
-645.516639983353
-645.516635778878
-645.516671077398
-645.516667421112
-645.516663774121
-645.516660120402
-645.516656449209
-645.516652755394
-645.516649034207
-645.516645273416
-645.516641458484
-645.516637591767
-645.516670595505
-645.516667151065
-645.516663667260
-645.516660155039
-645.516656635841
-645.516653125597
-645.516649632597
-645.516646169796
-645.516642757426
-645.516639408958
-645.516666917688
-645.516664202686
-645.516661570600
-645.516659024780
-645.516656557441
-645.516654158184
-645.516651823397
-645.516649549573
-645.516647322339
-645.516645123763
-645.516662785819
-645.516661086657
-645.516659386369
-645.516657673744
-645.516655942001
-645.516654186919
-645.516652406222
-645.516650596982
-645.516648754756
-645.516646879446
-645.516661860391
-645.516660415558
-645.516658945682
-645.516657448381
-645.516655924540
-645.516654377683
-645.516652807003
-645.516651206335
-645.516649572718
-645.516647907338
-645.516660852815
-645.516659602872
-645.516658305399
-645.516656967508
-645.516655589444
-645.516654160940
-645.516652681582
-645.516651163624
-645.516649614958
-645.516648036321
-645.516659977337
-645.516658872666
-645.516657766636
-645.516656662170
-645.516655563457
-645.516654486787
-645.516653445249
-645.516652434633
-645.516651450834
-645.516650503619
-645.516656339058
-645.516655959183
-645.516655611061
-645.516655291883
-645.516654999158
-645.516654726631
-645.516654469174
-645.516654226133
-645.516653993320
-645.516653760100
-645.516653897771
-645.516654117659
-645.516654337588
-645.516654556845
-645.516654770615
-645.516654977127
-645.516655180678
-645.516655386488
-645.516655598330
-645.516655819170
-645.516651766997
-645.516652474715
-645.516653189871
-645.516653916438
-645.516654650347
-645.516655387128
-645.516656124713
-645.516656857070
-645.516657577396
-645.516658284058
-645.516650109433
-645.516651254068
-645.516652368363
-645.516653448287
-645.516654495998
-645.516655512245
-645.516656493149
-645.516657437093
-645.516658348595
-645.516659231509
-645.516649478918
-645.516650807353
-645.516652122634
-645.516653429207
-645.516654723291
-645.516656009210
-645.516657297886
-645.516658592288
-645.516659890263
-645.516661192462
-645.516647215326
-645.516649012672
-645.516650814106
-645.516652615804
-645.516654414785
-645.516656210675
-645.516657999389
-645.516659777066
-645.516661545986
-645.516663305166
-645.516645161257
-645.516647382829
-645.516649596341
-645.516651804185
-645.516654009729
-645.516656215291
-645.516658420954
-645.516660632081
-645.516662859363
-645.516665106869
-645.516642336700
-645.516645106372
-645.516647895583
-645.516650706846
-645.516653535346
-645.516656374892
-645.516659220718
-645.516662067148
-645.516664906794
-645.516667732463
-645.516640416610
-645.516643652626
-645.516646847670
-645.516649992473
-645.516653091712
-645.516656148102
-645.516659151849
-645.516662096710
-645.516664990714
-645.516667844887
-645.516640331636
-645.516643626868
-645.516646907419
-645.516650183635
-645.516653464724
-645.516656762956
-645.516660091952
-645.516663461779
-645.516666876899
-645.516670339998
-645.516636593134
-645.516640673256
-645.516644808746
-645.516648992809
-645.516653223628
-645.516657496494
-645.516661800404
-645.516666129228
-645.516670478292
-645.516674836519
-645.516633605888
-645.516638449696
-645.516643288074
-645.516648114366
-645.516652928670
-645.516657733242
-645.516662529353
-645.516667317517
-645.516672096408
-645.516676867540
-645.516631840250
-645.516637081788
-645.516642318525
-645.516647551348
-645.516652778667
-645.516657993669
-645.516663193206
-645.516668379740
-645.516673550893
-645.516678697553
-645.516630356231
-645.516635931655
-645.516641484406
-645.516647015002
-645.516652528328
-645.516658028919
-645.516663519985
-645.516669009060
-645.516674504617
-645.516680014662
-645.516627905672
-645.516633941920
-645.516639998875
-645.516646081407
-645.516652189050
-645.516658313716
-645.516664451119
-645.516670593654
-645.516676725179
-645.516682833759
-645.516625890030
-645.516632409211
-645.516638879515
-645.516645290523
-645.516651636513
-645.516657918123
-645.516664139634
-645.516670306456
-645.516676425986
-645.516682506281
-645.516625953352
-645.516632464816
-645.516638981642
-645.516645519588
-645.516652087170
-645.516658689061
-645.516665335315
-645.516672036698
-645.516678794236
-645.516685604422
-645.516621782226
-645.516629169908
-645.516636582073
-645.516644015494
-645.516651457289
-645.516658886107
-645.516666287534
-645.516673652453
-645.516680973538
-645.516688245813
-645.516621168809
-645.516628835884
-645.516636445369
-645.516644000743
-645.516651506246
-645.516658974399
-645.516666414125
-645.516673827054
-645.516681223186
-645.516688621086
-645.516619798434
-645.516627720897
-645.516635655052
-645.516643611469
-645.516651599599
-645.516659616793
-645.516667657088
-645.516675720164
-645.516683806116
-645.516691911555
-645.516616577859
-645.516625198594
-645.516633829419
-645.516642463670
-645.516651095561
-645.516659730800
-645.516668375374
-645.516677021958
-645.516685664514
-645.516694309712
-645.516614111806
-645.516623258499
-645.516632416304
-645.516641586020
-645.516650770917
-645.516659973899
-645.516669193261
-645.516678427709
-645.516687678404
-645.516696942731
-645.516611202715
-645.516620958749
-645.516630709930
-645.516640450780
-645.516650173740
-645.516659870602
-645.516669534645
-645.516679158084
-645.516688734509
-645.516698263142
-645.516610773953
-645.516620686926
-645.516630557971
-645.516640388601
-645.516650185213
-645.516659968273
-645.516669757177
-645.516679559884
-645.516689386081
-645.516699253010
-645.516607871358
-645.516618357831
-645.516628932631
-645.516639596793
-645.516650353505
-645.516661206112
-645.516672149973
-645.516683177229
-645.516694277302
-645.516705430545
-645.516602692539
-645.516614395519
-645.516626092022
-645.516637761183
-645.516649377454
-645.516660917909
-645.516672368419
-645.516683721555
-645.516694970619
-645.516706107332
-645.516604900384
-645.516616274341
-645.516627552334
-645.516638740622
-645.516649848743
-645.516660896957
-645.516671904399
-645.516682884380
-645.516693849566
-645.516704812566
-645.516603933378
-645.516615373330
-645.516626836136
-645.516638324537
-645.516649844675
-645.516661391907
-645.516672953436
-645.516684526488
-645.516696114979
-645.516707712627
-645.516601189002
-645.516613242578
-645.516625286719
-645.516637323900
-645.516649352506
-645.516661372070
-645.516673386744
-645.516685403312
-645.516697427651
-645.516709464822
-645.516598816094
-645.516611376591
-645.516623974754
-645.516636608680
-645.516649285735
-645.516662013274
-645.516674790191
-645.516687613436
-645.516700475878
-645.516713366117
-645.516594973433
-645.516608387456
-645.516621803540
-645.516635206843
-645.516648586801
-645.516661928766
-645.516675219721
-645.516688452805
-645.516701621445
-645.516714719460
-645.516595534276
-645.516608935401
-645.516622260751
-645.516635524119
-645.516648733770
-645.516661893775
-645.516675017655
-645.516688127483
-645.516701241005
-645.516714369022
-645.516594014697
-645.516607662925
-645.516621368136
-645.516635136778
-645.516648972667
-645.516662875872
-645.516676844967
-645.516690876210
-645.516704958389
-645.516719079523
-645.516589637713
-645.516604279104
-645.516618917508
-645.516633543224
-645.516648149405
-645.516662725990
-645.516677263941
-645.516691757113
-645.516706205967
-645.516720620525
-645.516589192177
-645.516603994307
-645.516618769999
-645.516633534541
-645.516648299508
-645.516663068760
-645.516677846723
-645.516692639230
-645.516707445937
-645.516722261129
-645.516586869259
-645.516602141051
-645.516617410821
-645.516632664284
-645.516647884093
-645.516663060572
-645.516678192388
-645.516693271544
-645.516708283552
-645.516723222743
-645.516587233221
-645.516602484950
-645.516617663208
-645.516632776726
-645.516647829256
-645.516662823797
-645.516677767425
-645.516692668116
-645.516707536844
-645.516722385582
-645.516586756250
-645.516602023808
-645.516617283423
-645.516632542935
-645.516647810433
-645.516663092442
-645.516678390750
-645.516693705721
-645.516709043350
-645.516724412462
-645.516583877289
-645.516599763202
-645.516615695434
-645.516631680154
-645.516647715942
-645.516663803078
-645.516679948343
-645.516696155456
-645.516712420972
-645.516728737191
-645.516579661784
-645.516596515098
-645.516613403728
-645.516630316303
-645.516647241270
-645.516664171881
-645.516681095996
-645.516697999878
-645.516714879692
-645.516731735771
-645.516578307984
-645.516595556385
-645.516612758455
-645.516629915429
-645.516647035555
-645.516664121810
-645.516681170774
-645.516698179936
-645.516715150060
-645.516732084403
-645.516578020872
-645.516595322181
-645.516612592426
-645.516629829132
-645.516647025490
-645.516664184257
-645.516681315821
-645.516698425003
-645.516715512928
-645.516732580924
-645.516577054937
-645.516594552662
-645.516612062036
-645.516629591132
-645.516647146917
-645.516664735716
-645.516682358074
-645.516700021189
-645.516717737934
-645.516735509114
-645.516572988830
-645.516591302587
-645.516609643905
-645.516628006185
-645.516646383323
-645.516664763278
-645.516683129866
-645.516701464928
-645.516719752439
-645.516737987507
-645.516572307705
-645.516590856852
-645.516609325624
-645.516627708532
-645.516646010802
-645.516664238722
-645.516682391962
-645.516700470635
-645.516718482818
-645.516736433363
-645.516573630773
-645.516591881788
-645.516610096871
-645.516628281125
-645.516646433139
-645.516664556803
-645.516682665517
-645.516700774018
-645.516718885949
-645.516737001245
-645.516572117201
-645.516590687963
-645.516609285060
-645.516627912395
-645.516646580401
-645.516665293739
-645.516684047321
-645.516702833457
-645.516721651970
-645.516740506301
-645.516568835401
-645.516588141900
-645.516607449743
-645.516626752049
-645.516646039154
-645.516665303739
-645.516684540041
-645.516703743957
-645.516722912736
-645.516742043051
-645.516568407098
-645.516587889113
-645.516607356533
-645.516626811929
-645.516646266589
-645.516665731496
-645.516685211509
-645.516704712585
-645.516724238728
-645.516743787231
-645.516565827867
-645.516585806836
-645.516605776985
-645.516625727406
-645.516645640005
-645.516665493158
-645.516685270469
-645.516704956540
-645.516724536139
-645.516744001752
-645.516567938236
-645.516587569393
-645.516607088639
-645.516626504012
-645.516645837800
-645.516665117257
-645.516684362978
-645.516703595455
-645.516722839524
-645.516742117432
-645.516566256760
-645.516586052457
-645.516605934800
-645.516625906626
-645.516645963639
-645.516666099514
-645.516686311927
-645.516706590474
-645.516726909978
-645.516747248557
-645.516562348158
-645.516583089567
-645.516603800042
-645.516624468705
-645.516645090003
-645.516665656302
-645.516686160430
-645.516706606921
-645.516727012247
-645.516747386141
-645.516562740569
-645.516583454336
-645.516604166156
-645.516624888980
-645.516645625320
-645.516666378694
-645.516687159282
-645.516707972994
-645.516728810365
-645.516749662636
-645.516560212905
-645.516581498318
-645.516602786944
-645.516624066140
-645.516645337410
-645.516666603198
-645.516687858329
-645.516709093299
-645.516730306459
-645.516751506898
-645.516559014422
-645.516580588237
-645.516602151342
-645.516623710288
-645.516645267782
-645.516666822085
-645.516688370101
-645.516709912931
-645.516731452714
-645.516752981046
-645.516557614326
-645.516579482564
-645.516601325276
-645.516623138443
-645.516644908249
-645.516666623741
-645.516688293995
-645.516709932159
-645.516731529665
-645.516753076956
-645.516557747948
-645.516579611530
-645.516601460812
-645.516623295227
-645.516645125977
-645.516666973211
-645.516688845189
-645.516710733559
-645.516732643801
-645.516754598071
-645.516554835184
-645.516577236243
-645.516599658550
-645.516622111864
-645.516644592681
-645.516667081741
-645.516689564577
-645.516712040784
-645.516734505080
-645.516756938113
-645.516553715368
-645.516576442744
-645.516599131370
-645.516621771112
-645.516644357576
-645.516666899033
-645.516689411337
-645.516711906999
-645.516734393090
-645.516756879956
-645.516552881473
-645.516575778234
-645.516598735855
-645.516621771883
-645.516644881854
-645.516668069325
-645.516691354950
-645.516714746451
-645.516738232380
-645.516761802414
-645.516547348621
-645.516571454934
-645.516595595858
-645.516619749373
-645.516643911573
-645.516668064689
-645.516692162597
-645.516716176522
-645.516740116737
-645.516763988763
-645.516548236135
-645.516572296838
-645.516596264765
-645.516620169721
-645.516644014412
-645.516667800790
-645.516691563072
-645.516715337401
-645.516739131476
-645.516762950548
-645.516546373338
-645.516570701417
-645.516595103591
-645.516619565968
-645.516644085095
-645.516668661533
-645.516693273782
-645.516717890394
-645.516742495616
-645.516767072443
-645.516544646939
-645.516569458232
-645.516594163039
-645.516618746128
-645.516643190286
-645.516667490168
-645.516691647962
-645.516715661370
-645.516739531038
-645.516763277368
-645.516548722164
-645.516572648726
-645.516596488241
-645.516620264765
-645.516644016449
-645.516667757206
-645.516691478282
-645.516715190277
-645.516738925186
-645.516762687720
-645.516547192564
-645.516571309220
-645.516595452409
-645.516619621289
-645.516643784628
-645.516667929355
-645.516692072127
-645.516716221671
-645.516740356879
-645.516764458928
-645.516546251350
-645.516570670016
-645.516595064004
-645.516619415856
-645.516643741422
-645.516668059789
-645.516692357770
-645.516716610798
-645.516740823305
-645.516765020955
-645.516545891398
-645.516570386488
-645.516594837166
-645.516619258420
-645.516643669163
-645.516668067525
-645.516692438770
-645.516716786961
-645.516741134230
-645.516765483664
-645.516544951682
-645.516569622893
-645.516594303343
-645.516618993311
-645.516643677119
-645.516668343814
-645.516693001886
-645.516717662513
-645.516742305768
-645.516766900333
-645.516544531899
-645.516569384759
-645.516594192010
-645.516618923826
-645.516643577631
-645.516668172175
-645.516692712681
-645.516717181793
-645.516741571436
-645.516765904834
-645.516545788566
-645.516570381803
-645.516594938204
-645.516619474907
-645.516644026730
-645.516668609390
-645.516693217231
-645.516717859367
-645.516742563163
-645.516767340574
-645.516542216023
-645.516567439260
-645.516592733600
-645.516618111341
-645.516643555051
-645.516669026107
-645.516694516343
-645.516720042769
-645.516745583341
-645.516771081572
-645.516540571509
-645.516566267932
-645.516591887078
-645.516617385002
-645.516642724469
-645.516667908666
-645.516692950279
-645.516717826742
-645.516742510766
-645.516767022865
-645.516546286286
-645.516570836339
-645.516595248273
-645.516619553010
-645.516643807389
-645.516668037972
-645.516692246080
-645.516716454741
-645.516740706322
-645.516765024104
-645.516544401486
-645.516569135847
-645.516593933287
-645.516618804729
-645.516643725276
-645.516668649805
-645.516693559194
-645.516718449269
-645.516743295662
-645.516768059345
-645.516544951586
-645.516569760131
-645.516594442689
-645.516618998054
-645.516643403220
-645.516667660417
-645.516691808224
-645.516715871613
-645.516739851764
-645.516763769176
-645.516547370212
-645.516571572034
-645.516595793511
-645.516620033813
-645.516644330620
-645.516668720922
-645.516693188223
-645.516717692732
-645.516742235873
-645.516766846789
-645.516543617871
-645.516568565721
-645.516593490143
-645.516618413110
-645.516643329528
-645.516668203424
-645.516693021607
-645.516717801318
-645.516742556212
-645.516767277312
-645.516544006818
-645.516568918763
-645.516593820646
-645.516618705905
-645.516643546556
-645.516668339205
-645.516693094859
-645.516717802884
-645.516742428991
-645.516766940581
-645.516546146086
-645.516570685161
-645.516595085919
-645.516619304220
-645.516643336392
-645.516667224342
-645.516690989659
-645.516714610966
-645.516738091921
-645.516761501838
-645.516549662206
-645.516573302988
-645.516596954200
-645.516620679654
-645.516644544376
-645.516668556831
-645.516692701331
-645.516717002549
-645.516741504148
-645.516766183316
-645.516541973047
-645.516567104778
-645.516592346124
-645.516617652933
-645.516642934317
-645.516668146989
-645.516693294827
-645.516718360808
-645.516743290564
-645.516768047847
-645.516545549384
-645.516570287421
-645.516594892337
-645.516619357588
-645.516643724430
-645.516668048208
-645.516692354968
-645.516716652330
-645.516740961537
-645.516765322965
-645.516544294176
-645.516569076691
-645.516593928038
-645.516618840728
-645.516643817679
-645.516668849381
-645.516693895066
-645.516718916678
-645.516743909853
-645.516768860881
-645.516544059233
-645.516569051406
-645.516593938838
-645.516618739785
-645.516643430701
-645.516667982807
-645.516692429195
-645.516716844056
-645.516741246454
-645.516765603623
-645.516545488500
-645.516570119064
-645.516594847353
-645.516619648232
-645.516644519253
-645.516669506813
-645.516694633912
-645.516719868107
-645.516745186645
-645.516770609516
-645.516539542748
-645.516565388028
-645.516591250184
-645.516617139361
-645.516643066844
-645.516668990973
-645.516694857552
-645.516720672940
-645.516746471291
-645.516772237422
-645.516539678578
-645.516565564363
-645.516591402899
-645.516617205393
-645.516642969195
-645.516668683700
-645.516694348850
-645.516719978389
-645.516745573532
-645.516771122675
-645.516540510490
-645.516566196871
-645.516591809656
-645.516617341072
-645.516642777641
-645.516668103185
-645.516693313953
-645.516718403362
-645.516743351009
-645.516768149116
-645.516545224051
-645.516569996029
-645.516594630919
-645.516619123129
-645.516643503401
-645.516667804730
-645.516692025708
-645.516716160659
-645.516740234548
-645.516764283561
-645.516547181252
-645.516571399201
-645.516595583663
-645.516619766824
-645.516643962700
-645.516668140163
-645.516692280176
-645.516716399512
-645.516740503994
-645.516764575044
-645.516547593398
-645.516571779559
-645.516595927512
-645.516620038878
-645.516644108502
-645.516668148160
-645.516692186234
-645.516716232671
-645.516740279808
-645.516764342143
-645.516546391107
-645.516570781352
-645.516595227405
-645.516619717446
-645.516644260921
-645.516668867162
-645.516693522460
-645.516718192988
-645.516742846978
-645.516767471887
-645.516545091273
-645.516569804014
-645.516594396888
-645.516618858053
-645.516643171914
-645.516667314193
-645.516691278105
-645.516715067522
-645.516738687419
-645.516762151324
-645.516551182261
-645.516574561852
-645.516597846709
-645.516621073464
-645.516644256083
-645.516667409981
-645.516690566841
-645.516713753766
-645.516736980546
-645.516760243204
-645.516549632057
-645.516573154963
-645.516596721883
-645.516620305115
-645.516643867166
-645.516667402906
-645.516690920300
-645.516714393821
-645.516737784757
-645.516761091095
-645.516551154249
-645.516574502746
-645.516597764326
-645.516620954273
-645.516644102731
-645.516667226496
-645.516690325035
-645.516713413479
-645.516736541773
-645.516759745132
-645.516549779169
-645.516573273484
-645.516596857736
-645.516620557985
-645.516644357993
-645.516668237173
-645.516692189630
-645.516716206686
-645.516740268036
-645.516764348505
-645.516547057966
-645.516571299793
-645.516595483397
-645.516619566816
-645.516643526408
-645.516667360696
-645.516691054494
-645.516714568562
-645.516737876380
-645.516760979636
-645.516554071837
-645.516576962727
-645.516599661384
-645.516622159038
-645.516644465119
-645.516666614353
-645.516688628651
-645.516710519044
-645.516732311924
-645.516754027062
-645.516558332298
-645.516580083674
-645.516601820548
-645.516623559931
-645.516645305529
-645.516667052956
-645.516688799923
-645.516710565144
-645.516732366073
-645.516754188513
-645.516556864539
-645.516578831817
-645.516600791865
-645.516622744239
-645.516644691938
-645.516666626937
-645.516688531259
-645.516710402347
-645.516732253384
-645.516754088328
-645.516556922380
-645.516578877925
-645.516600823594
-645.516622747163
-645.516644654702
-645.516666565692
-645.516688481470
-645.516710385499
-645.516732260982
-645.516754104973
-645.516556985480
-645.516578937676
-645.516600837666
-645.516622677368
-645.516644474121
-645.516666217412
-645.516687885234
-645.516709489772
-645.516731048944
-645.516752554573
-645.516559019501
-645.516580546610
-645.516602030933
-645.516623476037
-645.516644875840
-645.516666230512
-645.516687545263
-645.516708811121
-645.516730012206
-645.516751150166
-645.516561007250
-645.516582163343
-645.516603234570
-645.516624225134
-645.516645151935
-645.516666017300
-645.516686831294
-645.516707630096
-645.516728433776
-645.516749241615
-645.516561190499
-645.516582273380
-645.516603486997
-645.516624830610
-645.516646314296
-645.516667969731
-645.516689818726
-645.516711842469
-645.516734010888
-645.516756321028
-645.516553632548
-645.516576272992
-645.516598908331
-645.516621526549
-645.516644094393
-645.516666533504
-645.516688783986
-645.516710835478
-645.516732683441
-645.516754301725
-645.516560983292
-645.516582272095
-645.516603366189
-645.516624285101
-645.516645061562
-645.516665751376
-645.516686410609
-645.516707071223
-645.516727752521
-645.516748488481
-645.516560222111
-645.516581282474
-645.516602439487
-645.516623676751
-645.516644953958
-645.516666235660
-645.516687508994
-645.516708733287
-645.516729830821
-645.516750748582
-645.516563671431
-645.516584288472
-645.516604632288
-645.516624682602
-645.516644450262
-645.516663943023
-645.516683151996
-645.516702094313
-645.516720830734
-645.516739406663
-645.516573303208
-645.516591679612
-645.516609979069
-645.516628252632
-645.516646490773
-645.516664683488
-645.516682865930
-645.516701059903
-645.516719235643
-645.516737365088
-645.516574435451
-645.516592568190
-645.516610627395
-645.516628591430
-645.516646446724
-645.516664192935
-645.516681833884
-645.516699372691
-645.516716823912
-645.516734204501
-645.516578119647
-645.516595510683
-645.516612911969
-645.516630335842
-645.516647802534
-645.516665354347
-645.516683003877
-645.516700731847
-645.516718548018
-645.516736485733
-645.516573545584
-645.516591735760
-645.516609948765
-645.516628207101
-645.516646494132
-645.516664734238
-645.516682880882
-645.516700950258
-645.516718944131
-645.516736806635
-645.516576780621
-645.516594410897
-645.516611920910
-645.516629278099
-645.516646459343
-645.516663514748
-645.516680484067
-645.516697347112
-645.516714104332
-645.516730807889
-645.516579880534
-645.516596638169
-645.516613366135
-645.516630087828
-645.516646841011
-645.516663628762
-645.516680429365
-645.516697242136
-645.516714074649
-645.516730917847
-645.516578797886
-645.516595738469
-645.516612653253
-645.516629519143
-645.516646335174
-645.516663095985
-645.516679772327
-645.516696339975
-645.516712801998
-645.516729151415
-645.516583108786
-645.516599204064
-645.516615139952
-645.516630918950
-645.516646492835
-645.516661828165
-645.516676945846
-645.516691871872
-645.516706584638
-645.516721050690
-645.516592784932
-645.516606920715
-645.516620877627
-645.516634639610
-645.516648261526
-645.516661815609
-645.516675315025
-645.516688759155
-645.516702200144
-645.516715719355
-645.516592959373
-645.516606802921
-645.516620794717
-645.516634987176
-645.516649417985
-645.516664080706
-645.516678963074
-645.516694071010
-645.516709398340
-645.516724903291
-645.516583988281
-645.516599785242
-645.516615645390
-645.516631516088
-645.516647319636
-645.516662987722
-645.516678487654
-645.516693802610
-645.516708886355
-645.516723675421
-645.516592637897
-645.516606891290
-645.516620848740
-645.516634492799
-645.516647844754
-645.516660955496
-645.516673855900
-645.516686552641
-645.516699075622
-645.516711497971
-645.516599271196
-645.516611686587
-645.516624072243
-645.516636479991
-645.516648965273
-645.516661535050
-645.516674178078
-645.516686906546
-645.516699737798
-645.516712663201
-645.516595240946
-645.516608358448
-645.516621528545
-645.516634734443
-645.516647940629
-645.516661103290
-645.516674199640
-645.516687227223
-645.516700160597
-645.516712944901
-645.516599315411
-645.516611777260
-645.516624048551
-645.516636104889
-645.516647909648
-645.516659467156
-645.516670816495
-645.516681958997
-645.516692870068
-645.516703590012
-645.516607927499
-645.516618517829
-645.516629006907
-645.516639436732
-645.516649911893
-645.516660487169
-645.516671144152
-645.516681889594
-645.516692792226
-645.516703893511
-645.516602591158
-645.516614045369
-645.516625659154
-645.516637438368
-645.516649306017
-645.516661191362
-645.516673100854
-645.516685030313
-645.516696898476
-645.516708629076
-645.516604339517
-645.516615830134
-645.516627147600
-645.516638256881
-645.516649154526
-645.516659867579
-645.516670413954
-645.516680797304
-645.516691045258
-645.516701203872
-645.516609770661
-645.516619886636
-645.516630000581
-645.516640133501
-645.516650311080
-645.516660569085
-645.516670913333
-645.516681321045
-645.516691792432
-645.516702349574
-645.516605963239
-645.516616670489
-645.516627380092
-645.516638106015
-645.516648837729
-645.516659515524
-645.516670106087
-645.516680634520
-645.516691107798
-645.516701472573
-645.516609021051
-645.516619163513
-645.516629224394
-645.516639169893
-645.516648959764
-645.516658628477
-645.516668221786
-645.516677718555
-645.516687092425
-645.516696379216
-645.516612857922
-645.516622100138
-645.516631269679
-645.516640386762
-645.516649499944
-645.516658618953
-645.516667716642
-645.516676792405
-645.516685875504
-645.516694971584
-645.516613087909
-645.516622195225
-645.516631281881
-645.516640337405
-645.516649340227
-645.516658271414
-645.516667117581
-645.516675867838
-645.516684512076
-645.516693032760
-645.516617829822
-645.516626100329
-645.516634250398
-645.516642284215
-645.516650185384
-645.516657960141
-645.516665648197
-645.516673283049
-645.516680863313
-645.516688385565
-645.516621012655
-645.516628561025
-645.516636106320
-645.516643626669
-645.516651145836
-645.516658681284
-645.516666191356
-645.516673627687
-645.516680990044
-645.516688287447
-645.516623156860
-645.516630230307
-645.516637124978
-645.516643853337
-645.516650400685
-645.516656733623
-645.516662853251
-645.516668788330
-645.516674547831
-645.516680127177
-645.516630552315
-645.516635918381
-645.516641215328
-645.516646456429
-645.516651670627
-645.516656902306
-645.516662187246
-645.516667551772
-645.516673017944
-645.516678597988
-645.516626714296
-645.516632591946
-645.516638614342
-645.516644772721
-645.516651048665
-645.516657430238
-645.516663905591
-645.516670442943
-645.516677004676
-645.516683573716
-645.516624203904
-645.516630748045
-645.516637179945
-645.516643477542
-645.516649642703
-645.516655647312
-645.516661438348
-645.516666996093
-645.516672334518
-645.516677448658
-645.516633469090
-645.516638146858
-645.516642623349
-645.516646913897
-645.516651013393
-645.516654939799
-645.516658752426
-645.516662498955
-645.516666175955
-645.516669780260
-645.516637819397
-645.516641445085
-645.516645082929
-645.516648720052
-645.516652355628
-645.516655993614
-645.516659620946
-645.516663207938
-645.516666741028
-645.516670223892
-645.516639633371
-645.516642964031
-645.516646162617
-645.516649247187
-645.516652230704
-645.516655101943
-645.516657851681
-645.516660502144
-645.516663086640
-645.516665619383
-645.516642710234
-645.516645237377
-645.516647781117
-645.516650337724
-645.516652900723
-645.516655479570
-645.516658084320
-645.516660698776
-645.516663280998
-645.516665793223
-645.516643249616
-645.516645583935
-645.516647769010
-645.516649780205
-645.516651575078
-645.516653114295
-645.516654399038
-645.516655451995
-645.516656281161
-645.516656888766
-645.516652552631
-645.516652867796
-645.516653070235
-645.516653201046
-645.516653329008
-645.516653513663
-645.516653763814
-645.516654084030
-645.516654528369
-645.516655151645
-645.516647901046
-645.516648841523
-645.516649873608
-645.516651006093
-645.516652186653
-645.516653327479
-645.516654392990
-645.516655367443
-645.516656175308
-645.516656726587
-645.516654195053
-645.516654253732
-645.516654020453
-645.516653445840
-645.516652538220
-645.516651353437
-645.516649914828
-645.516648224097
-645.516646342177
-645.516644358478
-645.516662771165
-645.516660714264
-645.516658657683
-645.516656681304
-645.516654810503
-645.516653034231
-645.516651360556
-645.516649803811
-645.516648342839
-645.516646945305
-645.516658897047
-645.516657622050
-645.516656283340
-645.516654820415
-645.516653223892
-645.516651474956
-645.516649510975
-645.516647282914
-645.516644797122
-645.516642068194
-645.516668446169
-645.516665266885
-645.516661903975
-645.516658397945
-645.516654750431
-645.516651005713
-645.516647257112
-645.516643558008
-645.516639906883
-645.516636324549
-645.516666588418
-645.516663343372
-645.516660222877
-645.516657203824
-645.516654303414
-645.516651509792
-645.516648754815
-645.516645985842
-645.516643193979
-645.516640357412
-645.516666083401
-645.516663086451
-645.516659959702
-645.516656695969
-645.516653281344
-645.516649735703
-645.516646100078
-645.516642394054
-645.516638629708
-645.516634845194
-645.516668421059
-645.516664792053
-645.516661236275
-645.516657771339
-645.516654399232
-645.516651096219
-645.516647843328
-645.516644638571
-645.516641445562
-645.516638175520
-645.516668937311
-645.516665421189
-645.516661706090
-645.516657704670
-645.516653356102
-645.516648654301
-645.516643589277
-645.516638120528
-645.516632236122
-645.516625981944
-645.516685026853
-645.516678209701
-645.516671098966
-645.516663779372
-645.516656324279
-645.516648760415
-645.516641121423
-645.516633480904
-645.516625906521
-645.516618418028
-645.516684524757
-645.516677353071
-645.516670345839
-645.516663500210
-645.516656803683
-645.516650255047
-645.516643851686
-645.516637588039
-645.516631453407
-645.516625424314
-645.516678079827
-645.516672291949
-645.516666581157
-645.516660924152
-645.516655287501
-645.516649657006
-645.516644034076
-645.516638391998
-645.516632676567
-645.516626863645
-645.516678862890
-645.516672898541
-645.516666733052
-645.516660341333
-645.516653736078
-645.516646890289
-645.516639737614
-645.516632261886
-645.516624511129
-645.516616504211
-645.516690289018
-645.516681806217
-645.516673109475
-645.516664268107
-645.516655296423
-645.516646213452
-645.516637091777
-645.516628007843
-645.516618990391
-645.516610061185
-645.516689090530
-645.516680596655
-645.516672283440
-645.516664136430
-645.516656165325
-645.516648378342
-645.516640747604
-645.516633212736
-645.516625720211
-645.516618245454
-645.516685938481
-645.516678496104
-645.516670926854
-645.516663184615
-645.516655259216
-645.516647141773
-645.516638796845
-645.516630196365
-645.516621360132
-645.516612320421
-645.516695245378
-645.516685918934
-645.516676439090
-645.516666873217
-645.516657239913
-645.516647532458
-645.516637795221
-645.516628103756
-645.516618478179
-645.516608893715
-645.516693619065
-645.516684303369
-645.516675084081
-645.516665913435
-645.516656770352
-645.516647673178
-645.516638607473
-645.516629503622
-645.516620311486
-645.516611037689
-645.516693781588
-645.516684416921
-645.516674874059
-645.516665145312
-645.516655243379
-645.516645166463
-645.516634901285
-645.516624447947
-645.516613823591
-645.516603045576
-645.516699919653
-645.516689003412
-645.516677987542
-645.516666896004
-645.516655737993
-645.516644513009
-645.516633238561
-645.516621949641
-645.516610658933
-645.516599345204
-645.516700674904
-645.516689444282
-645.516678237542
-645.516667038875
-645.516655818754
-645.516644593460
-645.516633399410
-645.516622232483
-645.516611065145
-645.516599906402
-645.516699978082
-645.516689034070
-645.516678099838
-645.516667168182
-645.516656258648
-645.516645363219
-645.516634439172
-645.516623458386
-645.516612416374
-645.516601291321
-645.516702915514
-645.516691632746
-645.516680180550
-645.516668545381
-645.516656691718
-645.516644594461
-645.516632262235
-645.516619711542
-645.516606947675
-645.516593975660
-645.516711964537
-645.516698791272
-645.516685502463
-645.516672137702
-645.516658714310
-645.516645246653
-645.516631768582
-645.516618320374
-645.516604917477
-645.516591549534
-645.516710088593
-645.516696969176
-645.516683887484
-645.516670812107
-645.516657728974
-645.516644639505
-645.516631521195
-645.516618332073
-645.516605060595
-645.516591728673
-645.516710393188
-645.516697090778
-645.516683697209
-645.516670250714
-645.516656780848
-645.516643279337
-645.516629742238
-645.516616199770
-645.516602681484
-645.516589181712
-645.516709200294
-645.516695848135
-645.516682502052
-645.516669144719
-645.516655747667
-645.516642289013
-645.516628748787
-645.516615107692
-645.516601348100
-645.516587453494
-645.516712861297
-645.516698844581
-645.516684693470
-645.516670414835
-645.516656025012
-645.516641560181
-645.516627059851
-645.516612541017
-645.516598014284
-645.516583520621
-645.516713068859
-645.516698947207
-645.516684904472
-645.516670940438
-645.516657080419
-645.516643320579
-645.516629609106
-645.516615905536
-645.516602207849
-645.516588494075
-645.516712925979
-645.516699186211
-645.516685321653
-645.516671326868
-645.516657165740
-645.516642814275
-645.516628293268
-645.516613634349
-645.516598842555
-645.516583923967
-645.516718212360
-645.516703375649
-645.516688528161
-645.516673680998
-645.516658864438
-645.516644117457
-645.516629456603
-645.516614867930
-645.516600332311
-645.516585843443
-645.516713916401
-645.516699685289
-645.516685425041
-645.516671085003
-645.516656637148
-645.516642063687
-645.516627329318
-645.516612393781
-645.516597242007
-645.516581874334
-645.516719764584
-645.516704183394
-645.516688400116
-645.516672459056
-645.516656380496
-645.516640164535
-645.516623848953
-645.516607507418
-645.516591178428
-645.516574855846
-645.516720025601
-645.516704012606
-645.516688080850
-645.516672211533
-645.516656379018
-645.516640579995
-645.516624804100
-645.516609008341
-645.516593147867
-645.516577199241
-645.516721282112
-645.516705297125
-645.516689125186
-645.516672748051
-645.516656164073
-645.516639369283
-645.516622356595
-645.516605136942
-645.516587739903
-645.516570199489
-645.516728918855
-645.516711477530
-645.516693997528
-645.516676535147
-645.516659142147
-645.516641839501
-645.516624644143
-645.516607595641
-645.516590728272
-645.516574041288
-645.516722317669
-645.516706210761
-645.516690261729
-645.516674445190
-645.516658707277
-645.516643014431
-645.516627353761
-645.516611686321
-645.516595950706
-645.516580107859
-645.516721785330
-645.516705932768
-645.516689895953
-645.516673649685
-645.516657195344
-645.516640529433
-645.516623633896
-645.516606505818
-645.516589165714
-645.516571632057
-645.516728291641
-645.516710662244
-645.516692869607
-645.516674949414
-645.516656930226
-645.516638826757
-645.516620652058
-645.516602427261
-645.516584187556
-645.516565969557
-645.516727565440
-645.516709719492
-645.516691934938
-645.516674235766
-645.516656625644
-645.516639101728
-645.516621669719
-645.516604326205
-645.516587041854
-645.516569780527
-645.516724240184
-645.516707287984
-645.516690289765
-645.516673178132
-645.516655917850
-645.516638495527
-645.516620878117
-645.516603018346
-645.516584889240
-645.516566489628
-645.516734173304
-645.516715551557
-645.516696667724
-645.516677561343
-645.516658266789
-645.516638811504
-645.516619238532
-645.516599604331
-645.516579963032
-645.516560361621
-645.516735221029
-645.516716156635
-645.516697226898
-645.516678454343
-645.516659846828
-645.516641391947
-645.516623068140
-645.516604859149
-645.516586737399
-645.516568648421
-645.516729650829
-645.516711825844
-645.516693925796
-645.516675891495
-645.516657673501
-645.516639263658
-645.516620661710
-645.516601840541
-645.516582780860
-645.516563511827
-645.516735391546
-645.516716148959
-645.516696744213
-645.516677231751
-645.516657670955
-645.516638079261
-645.516618461224
-645.516598857096
-645.516579319371
-645.516559861297
-645.516731784652
-645.516712847004
-645.516694026174
-645.516675309127
-645.516656683095
-645.516638162311
-645.516619755597
-645.516601440369
-645.516583191148
-645.516565009889
-645.516726632423
-645.516708954901
-645.516691326574
-645.516673744842
-645.516656199170
-645.516638671075
-645.516621159685
-645.516603665178
-645.516586162830
-645.516568623979
-645.516726404975
-645.516709119091
-645.516691757756
-645.516674288019
-645.516656701359
-645.516638999346
-645.516621152857
-645.516603129391
-645.516584940996
-645.516566604708
-645.516732077851
-645.516713783706
-645.516695341190
-645.516676774371
-645.516658075824
-645.516639246651
-645.516620327145
-645.516601354323
-645.516582318304
-645.516563207662
-645.516733104393
-645.516714376869
-645.516695638262
-645.516676869460
-645.516658092143
-645.516639326858
-645.516620555659
-645.516601766963
-645.516582984922
-645.516564222397
-645.516729930346
-645.516711535213
-645.516693156130
-645.516674816674
-645.516656507498
-645.516638220768
-645.516619976757
-645.516601797133
-645.516583678023
-645.516565614213
-645.516724711707
-645.516707193811
-645.516689723562
-645.516672285616
-645.516654880589
-645.516637486749
-645.516620063779
-645.516602583563
-645.516585022591
-645.516567343374
-645.516726607828
-645.516708992732
-645.516691176903
-645.516673129504
-645.516654821800
-645.516636252661
-645.516617430648
-645.516598348529
-645.516579009116
-645.516559448928
-645.516736540066
-645.516717126378
-645.516697585017
-645.516677975018
-645.516658356496
-645.516638763853
-645.516619230273
-645.516599811172
-645.516580554405
-645.516561477388
-645.516730393917
-645.516712200258
-645.516694247809
-645.516676518059
-645.516658988981
-645.516641656203
-645.516624511747
-645.516607518521
-645.516590626281
-645.516573799664
-645.516722079899
-645.516705729570
-645.516689346266
-645.516672900039
-645.516656358167
-645.516639690594
-645.516622882708
-645.516605928652
-645.516588819093
-645.516571546407
-645.516724480799
-645.516707333797
-645.516690028583
-645.516672578135
-645.516655001025
-645.516637303195
-645.516619481381
-645.516601545948
-645.516583521719
-645.516565421315
-645.516725884193
-645.516708064741
-645.516690195795
-645.516672292558
-645.516654343438
-645.516636350673
-645.516618346569
-645.516600353248
-645.516582363328
-645.516564372265
-645.516724304740
-645.516706873614
-645.516689482158
-645.516672119143
-645.516654787709
-645.516637490151
-645.516620205100
-645.516602909564
-645.516585600548
-645.516568272442
-645.516724062682
-645.516707111446
-645.516690054005
-645.516672892033
-645.516655622067
-645.516638221881
-645.516620671707
-645.516602977093
-645.516585160348
-645.516567239130
-645.516728133587
-645.516710584779
-645.516692992675
-645.516675388910
-645.516657795785
-645.516640237101
-645.516622746889
-645.516605350767
-645.516588049042
-645.516570836374
-645.516722064205
-645.516705545764
-645.516689117428
-645.516672743619
-645.516656402421
-645.516640083364
-645.516623761808
-645.516607396255
-645.516590957232
-645.516574436906
-645.516719977807
-645.516703723374
-645.516687329383
-645.516670806504
-645.516654166295
-645.516637405306
-645.516620517646
-645.516603514143
-645.516586423370
-645.516569265519
-645.516720936751
-645.516704180450
-645.516687382865
-645.516670558475
-645.516653705570
-645.516636823450
-645.516619924004
-645.516603022836
-645.516586117012
-645.516569191572
-645.516719989262
-645.516703612275
-645.516687273821
-645.516670957767
-645.516654672261
-645.516638457116
-645.516622339934
-645.516606316500
-645.516590384500
-645.516574570068
-645.516714610649
-645.516699584161
-645.516684667550
-645.516669871726
-645.516655201008
-645.516640619169
-645.516626085408
-645.516611593363
-645.516597142755
-645.516582698139
-645.516711122353
-645.516697107379
-645.516683037160
-645.516668902715
-645.516654676794
-645.516640348368
-645.516625931597
-645.516611438382
-645.516596868288
-645.516582229958
-645.516711242351
-645.516697038978
-645.516682801179
-645.516668536874
-645.516654256698
-645.516639965906
-645.516625658814
-645.516611319088
-645.516596933946
-645.516582501322
-645.516709112336
-645.516695090733
-645.516680977567
-645.516666761686
-645.516652448493
-645.516638046214
-645.516623549692
-645.516608957611
-645.516594294651
-645.516579591035
-645.516708941296
-645.516694767948
-645.516680621626
-645.516666537860
-645.516652532544
-645.516638611968
-645.516624796349
-645.516611112731
-645.516597563321
-645.516584126998
-645.516702470443
-645.516689764123
-645.516677139241
-645.516664561031
-645.516651999142
-645.516639436385
-645.516626849099
-645.516614200843
-645.516601467530
-645.516588645496
-645.516703903976
-645.516691432148
-645.516678841968
-645.516666141522
-645.516653351282
-645.516640484264
-645.516627540607
-645.516614529621
-645.516601476532
-645.516588400385
-645.516704346942
-645.516691836001
-645.516679318081
-645.516666798307
-645.516654277704
-645.516641748063
-645.516629198567
-645.516616624989
-645.516604020312
-645.516591370215
-645.516702358054
-645.516690157523
-645.516677887780
-645.516665540612
-645.516653117977
-645.516640626912
-645.516628070536
-645.516615447312
-645.516602758072
-645.516590015503
-645.516700939752
-645.516688711791
-645.516676456662
-645.516664174690
-645.516651879065
-645.516639582522
-645.516627287621
-645.516614987964
-645.516602675516
-645.516590351009
-645.516697764403
-645.516686050899
-645.516674326222
-645.516662585305
-645.516650830347
-645.516639062926
-645.516627285566
-645.516615503529
-645.516603718842
-645.516591930246
-645.516695942543
-645.516684746080
-645.516673558114
-645.516662379529
-645.516651200622
-645.516640014577
-645.516628827154
-645.516617638139
-645.516606429508
-645.516595185924
-645.516695495856
-645.516684765444
-645.516673988182
-645.516663151854
-645.516652250915
-645.516641289084
-645.516630272014
-645.516619199514
-645.516608074376
-645.516596910256
-645.516695589999
-645.516685042476
-645.516674503264
-645.516663989859
-645.516653516024
-645.516643096437
-645.516632747109
-645.516622480775
-645.516612305228
-645.516602223883
-645.516688845356
-645.516679546552
-645.516670334697
-645.516661202365
-645.516652136164
-645.516643122490
-645.516634153397
-645.516625220446
-645.516616308193
-645.516607400680
-645.516683480836
-645.516675157454
-645.516666834331
-645.516658506885
-645.516650163849
-645.516641806690
-645.516633450441
-645.516625103862
-645.516616765917
-645.516608435233
-645.516679789197
-645.516672101570
-645.516664432776
-645.516656777835
-645.516649130178
-645.516641483094
-645.516633822709
-645.516626134755
-645.516618413008
-645.516610648337
-645.516678804278
-645.516671508450
-645.516664111782
-645.516656609919
-645.516648989176
-645.516641229435
-645.516633320864
-645.516625263395
-645.516617053630
-645.516608684432
-645.516683548372
-645.516675564213
-645.516667449629
-645.516659207930
-645.516650844536
-645.516642381089
-645.516633842267
-645.516625248634
-645.516616623748
-645.516607986912
-645.516683692969
-645.516675715639
-645.516667783540
-645.516659919203
-645.516652133384
-645.516644425243
-645.516636792407
-645.516629240872
-645.516621776620
-645.516614394004
-645.516677162232
-645.516670503404
-645.516663858759
-645.516657217325
-645.516650574090
-645.516643909129
-645.516637189543
-645.516630391285
-645.516623511357
-645.516616553231
-645.516675840140
-645.516669370733
-645.516662826296
-645.516656212576
-645.516649540415
-645.516642834598
-645.516636120110
-645.516629410778
-645.516622713899
-645.516616038542
-645.516672096938
-645.516666177873
-645.516660305268
-645.516654471635
-645.516648673294
-645.516642896154
-645.516637120749
-645.516631336088
-645.516625531164
-645.516619688130
-645.516670381432
-645.516665027857
-645.516659598490
-645.516654092314
-645.516648516804
-645.516642884981
-645.516637206567
-645.516631485130
-645.516625734080
-645.516619982448
-645.516669409635
-645.516664386550
-645.516659409659
-645.516654484490
-645.516649614425
-645.516644800936
-645.516640044883
-645.516635341201
-645.516630666078
-645.516625984582
-645.516666360947
-645.516662263517
-645.516658120298
-645.516653899234
-645.516649575968
-645.516645140098
-645.516640589237
-645.516635927224
-645.516631158647
-645.516626282462
-645.516668449906
-645.516663963298
-645.516659401042
-645.516654785499
-645.516650120855
-645.516645401842
-645.516640635086
-645.516635834663
-645.516631002018
-645.516626128497
-645.516666540363
-645.516662191427
-645.516657769326
-645.516653269552
-645.516648694608
-645.516644032902
-645.516639269576
-645.516634408329
-645.516629465623
-645.516624452654
-645.516666385700
-645.516661827865
-645.516657236094
-645.516652641900
-645.516648057437
-645.516643492208
-645.516638965978
-645.516634491506
-645.516630075292
-645.516625729661
-645.516661053986
-645.516657481755
-645.516653951409
-645.516650456491
-645.516646998218
-645.516643564821
-645.516640130210
-645.516636676584
-645.516633200247
-645.516629700268
-645.516659896006
-645.516656937172
-645.516653962662
-645.516650976562
-645.516647994242
-645.516645042219
-645.516642145730
-645.516639315979
-645.516636559350
-645.516633893853
-645.516655830847
-645.516653974328
-645.516652226453
-645.516650591813
-645.516649053573
-645.516647584319
-645.516646168096
-645.516644793616
-645.516643441153
-645.516642084003
-645.516652715439
-645.516651876821
-645.516650968633
-645.516649979186
-645.516648905356
-645.516647747306
-645.516646496605
-645.516645146515
-645.516643709433
-645.516642204249
-645.516653095229
-645.516652014199
-645.516650877559
-645.516649690071
-645.516648446433
-645.516647154298
-645.516645822866
-645.516644436620
-645.516642978270
-645.516641453205
-645.516651606679
-645.516650511930
-645.516649338147
-645.516648090933
-645.516646795443
-645.516645466072
-645.516644097599
-645.516642711723
-645.516641357208
-645.516640054774
-645.516647841789
-645.516647210693
-645.516646699550
-645.516646311989
-645.516646053629
-645.516645942637
-645.516645984885
-645.516646154863
-645.516646414719
-645.516646754155
-645.516640512939
-645.516641573606
-645.516642630629
-645.516643658434
-645.516644643536
-645.516645566528
-645.516646421735
-645.516647215895
-645.516647945952
-645.516648604469
-645.516642088272
-645.516643256334
-645.516644459087
-645.516645700011
-645.516646995339
-645.516648386838
-645.516649894068
-645.516651515387
-645.516653263308
-645.516655142294
-645.516636643456
-645.516639229625
-645.516641841607
-645.516644468469
-645.516647063565
-645.516649553970
-645.516651898111
-645.516654084225
-645.516656079074
-645.516657844512
-645.516642101101
-645.516644013050
-645.516645714046
-645.516647195019
-645.516648504519
-645.516649711975
-645.516650845042
-645.516651911019
-645.516652943833
-645.516653985572
-645.516640861199
-645.516642533711
-645.516644260371
-645.516646036035
-645.516647828154
-645.516649605152
-645.516651366555
-645.516653111966
-645.516654798319
-645.516656377910
-645.516639378786
-645.516641227424
-645.516642951013
-645.516644568679
-645.516646103642
-645.516647553671
-645.516648930454
-645.516650284216
-645.516651668382
-645.516653108087
-645.516636384156
-645.516638482012
-645.516640687412
-645.516643004739
-645.516645414711
-645.516647915732
-645.516650503271
-645.516653128780
-645.516655742707
-645.516658340952
-645.516632867718
-645.516635949327
-645.516638940921
-645.516641848186
-645.516644689922
-645.516647472301
-645.516650214154
-645.516652961353
-645.516655756533
-645.516658620078
-645.516630859670
-645.516634475334
-645.516638277963
-645.516642276673
-645.516646461521
-645.516650828318
-645.516655360217
-645.516660018968
-645.516664771638
-645.516669583006
-645.516625360538
-645.516630660371
-645.516635827629
-645.516640830539
-645.516645629687
-645.516650190010
-645.516654498087
-645.516658551647
-645.516662350822
-645.516665924174
-645.516633955353
-645.516637783420
-645.516641519444
-645.516645201633
-645.516648900456
-645.516652681903
-645.516656578000
-645.516660604130
-645.516664782625
-645.516669121321
-645.516625833390
-645.516630997295
-645.516636289707
-645.516641668418
-645.516647052581
-645.516652399403
-645.516657695592
-645.516662905404
-645.516667984479
-645.516672904131
-645.516626339110
-645.516631428172
-645.516636319989
-645.516641034995
-645.516645609513
-645.516650052043
-645.516654356572
-645.516658564812
-645.516662737173
-645.516666887034
-645.516626233879
-645.516630885738
-645.516635570364
-645.516640269903
-645.516644981277
-645.516649728633
-645.516654510761
-645.516659285696
-645.516664019302
-645.516668715095
-645.516624256112
-645.516629380062
-645.516634412081
-645.516639357601
-645.516644224443
-645.516648991152
-645.516653655958
-645.516658258199
-645.516662815211
-645.516667307389
-645.516626248970
-645.516631127802
-645.516636003164
-645.516640876788
-645.516645751883
-645.516650631639
-645.516655514289
-645.516660396661
-645.516665279894
-645.516670161403
-645.516625852006
-645.516631128945
-645.516636355349
-645.516641527543
-645.516646622125
-645.516651634670
-645.516656583219
-645.516661466262
-645.516666269806
-645.516671014460
-645.516627522727
-645.516632728513
-645.516637940718
-645.516643188114
-645.516648534102
-645.516653995634
-645.516659554737
-645.516665240445
-645.516671098177
-645.516677108840
-645.516619766537
-645.516626456494
-645.516633247420
-645.516640103847
-645.516646947716
-645.516653728490
-645.516660430811
-645.516667008620
-645.516673392246
-645.516679560052
-645.516622666071
-645.516628851922
-645.516634744581
-645.516640370436
-645.516645772900
-645.516650960810
-645.516655943220
-645.516660766313
-645.516665478965
-645.516670107171
-645.516625773613
-645.516630823275
-645.516635895239
-645.516640979316
-645.516646087076
-645.516651250825
-645.516656465944
-645.516661684676
-645.516666885372
-645.516672083269
-645.516623301065
-645.516628846025
-645.516634294009
-645.516639679092
-645.516644973285
-645.516650128286
-645.516655170288
-645.516660153397
-645.516665079248
-645.516669928063
-645.516625481972
-645.516630725049
-645.516635979210
-645.516641218422
-645.516646456565
-645.516651735431
-645.516657043117
-645.516662333904
-645.516667606331
-645.516672881387
-645.516624763361
-645.516630387372
-645.516635958179
-645.516641487879
-645.516646969907
-645.516652405928
-645.516657821804
-645.516663232853
-645.516668644878
-645.516674086182
-645.516623701989
-645.516629661746
-645.516635679176
-645.516641775194
-645.516647955305
-645.516654182971
-645.516660415737
-645.516666649662
-645.516672881227
-645.516679047843
-645.516623197405
-645.516629483875
-645.516635638112
-645.516641606689
-645.516647351718
-645.516652916074
-645.516658344885
-645.516663626644
-645.516668765091
-645.516673837882
-645.516625656318
-645.516631142826
-645.516636671964
-645.516642303633
-645.516648096468
-645.516654049136
-645.516660135839
-645.516666354296
-645.516672700669
-645.516679125889
-645.516618388553
-645.516625217220
-645.516631970662
-645.516638577917
-645.516644984796
-645.516651164501
-645.516657077530
-645.516662697087
-645.516668042459
-645.516673130263
-645.516627758695
-645.516632752065
-645.516637595659
-645.516642338326
-645.516647001686
-645.516651631779
-645.516656310272
-645.516661087343
-645.516665946706
-645.516670883439
-645.516624003044
-645.516629615412
-645.516635329215
-645.516641096195
-645.516646947922
-645.516652895501
-645.516658870959
-645.516664832612
-645.516670821805
-645.516676862196
-645.516621554756
-645.516627971340
-645.516634424130
-645.516640962705
-645.516647581963
-645.516654257684
-645.516661012284
-645.516667890938
-645.516674884399
-645.516681952366
-645.516617102074
-645.516624699732
-645.516632336753
-645.516639971222
-645.516647581715
-645.516655150540
-645.516662664105
-645.516670104410
-645.516677439477
-645.516684660973
-645.516619314622
-645.516626768225
-645.516634154779
-645.516641467622
-645.516648747816
-645.516656042753
-645.516663348112
-645.516670639141
-645.516677929429
-645.516685242131
-645.516617357584
-645.516624934221
-645.516632413415
-645.516639807802
-645.516647070279
-645.516654105319
-645.516660887880
-645.516667453869
-645.516673780135
-645.516679809735
-645.516625445776
-645.516631304047
-645.516636970155
-645.516642457832
-645.516647816894
-645.516653126918
-645.516658453915
-645.516663828932
-645.516669287374
-645.516674891612
-645.516620833523
-645.516627126297
-645.516633604121
-645.516640268656
-645.516647087480
-645.516654021802
-645.516661046090
-645.516668105457
-645.516675125327
-645.516682069664
-645.516619335976
-645.516626338897
-645.516633104860
-645.516639639089
-645.516645942933
-645.516651976180
-645.516657716261
-645.516663197092
-645.516668469764
-645.516673544906
-645.516629396384
-645.516634423598
-645.516639380261
-645.516644277873
-645.516649102140
-645.516653926772
-645.516658834065
-645.516663811875
-645.516668842600
-645.516673980111
-645.516626160423
-645.516631924387
-645.516637812706
-645.516643838334
-645.516650016318
-645.516656318735
-645.516662711706
-645.516669200027
-645.516675776770
-645.516682385011
-645.516622127027
-645.516629020298
-645.516635876035
-645.516642642449
-645.516649289127
-645.516655815604
-645.516662194981
-645.516668386428
-645.516674408110
-645.516680301870
-645.516626888257
-645.516632733712
-645.516638448754
-645.516644101028
-645.516649691399
-645.516655215698
-645.516660728904
-645.516666289540
-645.516671897842
-645.516677545256
-645.516623815706
-645.516629971904
-645.516636237538
-645.516642564322
-645.516648982018
-645.516655528033
-645.516662151148
-645.516668786205
-645.516675440149
-645.516682117015
-645.516620533117
-645.516627366555
-645.516634118329
-645.516640770136
-645.516647265964
-645.516653582404
-645.516659728679
-645.516665699214
-645.516671473162
-645.516677047400
-645.516627212216
-645.516632743796
-645.516638122416
-645.516643379608
-645.516648590337
-645.516653779261
-645.516658945424
-645.516664158990
-645.516669494403
-645.516674947599
-645.516624326942
-645.516630345533
-645.516636574460
-645.516642974768
-645.516649501715
-645.516656156150
-645.516662937749
-645.516669771006
-645.516676557260
-645.516683263812
-645.516623790434
-645.516630465264
-645.516636872163
-645.516643001720
-645.516648849390
-645.516654375093
-645.516659559754
-645.516664452368
-645.516669120414
-645.516673591852
-645.516634421203
-645.516638887024
-645.516643355028
-645.516647876392
-645.516652504401
-645.516657286624
-645.516662240516
-645.516667369636
-645.516672666939
-645.516678100559
-645.516627090719
-645.516632887353
-645.516638630443
-645.516644234933
-645.516649608634
-645.516654680019
-645.516659404563
-645.516663727794
-645.516667587118
-645.516670968218
-645.516642876194
-645.516645636088
-645.516648004362
-645.516650043425
-645.516651851549
-645.516653494326
-645.516655024250
-645.516656539809
-645.516658134629
-645.516659841328
-645.516641761168
-645.516643999553
-645.516646443734
-645.516649100495
-645.516651944685
-645.516654945774
-645.516658096059
-645.516661375886
-645.516664749246
-645.516668215280
-645.516634865006
-645.516638735185
-645.516642662720
-645.516646690458
-645.516650822085
-645.516655047440
-645.516659391892
-645.516663868505
-645.516668453806
-645.516673126798
-645.516629657500
-645.516634716937
-645.516639758062
-645.516644695427
-645.516649486067
-645.516654094359
-645.516658425423
-645.516662390265
-645.516665980164
-645.516669194549
-645.516643992150
-645.516646577241
-645.516648795304
-645.516650730126
-645.516652414832
-645.516653906460
-645.516655340642
-645.516656844548
-645.516658474364
-645.516660296571
-645.516640757798
-645.516643527201
-645.516646670328
-645.516650179577
-645.516654093490
-645.516658393676
-645.516662972012
-645.516667735448
-645.516672640078
-645.516677607641
-645.516632326721
-645.516637329463
-645.516642114312
-645.516646623644
-645.516650761693
-645.516654488817
-645.516657846767
-645.516660840750
-645.516663433563
-645.516665670639
-645.516646526995
-645.516648500183
-645.516650270177
-645.516651915037
-645.516653509400
-645.516655087625
-645.516656670882
-645.516658298942
-645.516660028750
-645.516661872020
-645.516643270262
-645.516645508105
-645.516647897017
-645.516650403966
-645.516652991916
-645.516655704781
-645.516658561386
-645.516661514748
-645.516664555052
-645.516667719232
-645.516636837107
-645.516640465308
-645.516644169724
-645.516647960286
-645.516651833904
-645.516655740371
-645.516659639610
-645.516663534706
-645.516667396977
-645.516671146880
-645.516637880672
-645.516641555207
-645.516645055358
-645.516648316244
-645.516651322980
-645.516654102290
-645.516656644433
-645.516658931222
-645.516661005521
-645.516662922679
-645.516646594135
-645.516648430216
-645.516650201036
-645.516651979209
-645.516653786464
-645.516655635667
-645.516657579393
-645.516659670067
-645.516661907745
-645.516664284747
-645.516641185438
-645.516644129194
-645.516647207830
-645.516650382871
-645.516653673421
-645.516657076772
-645.516660522667
-645.516663958702
-645.516667396643
-645.516670827947
-645.516640025701
-645.516643502070
-645.516646910857
-645.516650241535
-645.516653467989
-645.516656592534
-645.516659634339
-645.516662606447
-645.516665501707
-645.516668307436
-645.516642527309
-645.516645395058
-645.516648173869
-645.516650849235
-645.516653422082
-645.516655853712
-645.516658104050
-645.516660166480
-645.516662004974
-645.516663563075
-645.516650994790
-645.516652169862
-645.516653006650
-645.516653484696
-645.516653639704
-645.516653510191
-645.516653107459
-645.516652455118
-645.516651629189
-645.516650728273
-645.516658308599
-645.516657600721
-645.516657019227
-645.516656677031
-645.516656614555
-645.516656840201
-645.516657420508
-645.516658415500
-645.516659787539
-645.516661478100
-645.516642737995
-645.516645210745
-645.516647859741
-645.516650590907
-645.516653338914
-645.516656029570
-645.516658569963
-645.516660876708
-645.516662908387
-645.516664647677
-645.516651220729
-645.516652483816
-645.516653448427
-645.516654147235
-645.516654611858
-645.516654925485
-645.516655169344
-645.516655370149
-645.516655566124
-645.516655841245
-645.516651702046
-645.516652396045
-645.516653191626
-645.516654112860
-645.516655159162
-645.516656250208
-645.516657321556
-645.516658381496
-645.516659399020
-645.516660269788
-645.516653593906
-645.516654278614
-645.516654808443
-645.516655131056
-645.516655228783
-645.516655171752
-645.516655023084
-645.516654764441
-645.516654394845
-645.516653996343
-645.516656613457
-645.516656382526
-645.516656112869
-645.516655838125
-645.516655537121
-645.516655139280
-645.516654608814
-645.516653930354
-645.516653051242
-645.516651908206
-645.516664120912
-645.516662582816
-645.516660759171
-645.516658644393
-645.516656279516
-645.516653734599
-645.516651055806
-645.516648290907
-645.516645545664
-645.516642916920
-645.516665041550
-645.516662874005
-645.516660975523
-645.516659381278
-645.516658025297
-645.516656873344
-645.516655933229
-645.516655150436
-645.516654406043
-645.516653596934
-645.516661397635
-645.516660470316
-645.516659239476
-645.516657606299
-645.516655576784
-645.516653154958
-645.516650282762
-645.516646962099
-645.516643283148
-645.516639316303
-645.516676283521
-645.516672069345
-645.516667802367
-645.516663580964
-645.516659466646
-645.516655515895
-645.516651801536
-645.516648373470
-645.516645239786
-645.516642399023
-645.516664519446
-645.516662354581
-645.516660394677
-645.516658608809
-645.516656939608
-645.516655317144
-645.516653698820
-645.516652068080
-645.516650396963
-645.516648642241
-645.516664636933
-645.516662887848
-645.516661080525
-645.516659191643
-645.516657250336
-645.516655314063
-645.516653383963
-645.516651431444
-645.516649471074
-645.516647535458
-645.516664353539
-645.516662565745
-645.516660733588
-645.516658860813
-645.516656930205
-645.516654903351
-645.516652762530
-645.516650519214
-645.516648175400
-645.516645717218
-645.516668336891
-645.516665857920
-645.516663315943
-645.516660729916
-645.516658135210
-645.516655537296
-645.516652928814
-645.516650335269
-645.516647765045
-645.516645173929
-645.516668756482
-645.516666203805
-645.516663558408
-645.516660749994
-645.516657708084
-645.516654409912
-645.516650853601
-645.516646981329
-645.516642723276
-645.516638102742
-645.516682081321
-645.516676993027
-645.516671574211
-645.516665909088
-645.516660086859
-645.516654136413
-645.516648089345
-645.516642038964
-645.516636088790
-645.516630272393
-645.516680521516
-645.516675178588
-645.516670073563
-645.516665195059
-645.516660502682
-645.516655989524
-645.516651641350
-645.516647401161
-645.516643212766
-645.516639049428
-645.516675467786
-645.516671389784
-645.516667212946
-645.516662930550
-645.516658531578
-645.516654003020
-645.516649364911
-645.516644648493
-645.516639856463
-645.516634995693
-645.516678015685
-645.516673335890
-645.516668691146
-645.516664071909
-645.516659514152
-645.516655046107
-645.516650633667
-645.516646240549
-645.516641881802
-645.516637558352
-645.516676071064
-645.516671808270
-645.516667469568
-645.516663068311
-645.516658559308
-645.516653897600
-645.516649105551
-645.516644217711
-645.516639223768
-645.516634124490
-645.516680104667
-645.516675093865
-645.516670071135
-645.516665058170
-645.516660103264
-645.516655238141
-645.516650468085
-645.516645802709
-645.516641261184
-645.516636845382
-645.516675454374
-645.516671424191
-645.516667520797
-645.516663715635
-645.516659982134
-645.516656336149
-645.516652786988
-645.516649298671
-645.516645851782
-645.516642475658
-645.516672037732
-645.516668935552
-645.516665849933
-645.516662809220
-645.516659812223
-645.516656800713
-645.516653727761
-645.516650597793
-645.516647399952
-645.516644061713
-645.516675243077
-645.516671659267
-645.516667845531
-645.516663737065
-645.516659305670
-645.516654571483
-645.516649538084
-645.516644194711
-645.516638564693
-645.516632706077
-645.516685750557
-645.516679761934
-645.516673715627
-645.516667696083
-645.516661771137
-645.516655994133
-645.516650436045
-645.516645151805
-645.516640151545
-645.516635448378
-645.516673715035
-645.516669799499
-645.516666121687
-645.516662635755
-645.516659311099
-645.516656082787
-645.516652849122
-645.516649534033
-645.516646106974
-645.516642518284
-645.516676196764
-645.516672258058
-645.516668062385
-645.516663607105
-645.516658871843
-645.516653884865
-645.516648717372
-645.516643415324
-645.516637995126
-645.516632502792
-645.516681356110
-645.516676086083
-645.516670881975
-645.516665769036
-645.516660776743
-645.516655909840
-645.516651157575
-645.516646512249
-645.516641964899
-645.516637493815
-645.516677107491
-645.516672871227
-645.516668647207
-645.516664412590
-645.516660163891
-645.516655911303
-645.516651642275
-645.516647341912
-645.516643030670
-645.516638737619
-645.516677169201
-645.516673059131
-645.516668961978
-645.516664889103
-645.516660821792
-645.516656729062
-645.516652605793
-645.516648441852
-645.516644184069
-645.516639780207
-645.516680413793
-645.516675846891
-645.516671086694
-645.516666097177
-645.516660870217
-645.516655425918
-645.516649779997
-645.516643948390
-645.516637971408
-645.516631888084
-645.516686293570
-645.516680265778
-645.516674265799
-645.516668327750
-645.516662473618
-645.516656726592
-645.516651095409
-645.516645577264
-645.516640163043
-645.516634834377
-645.516681026594
-645.516675936789
-645.516670791817
-645.516665563827
-645.516660226458
-645.516654721703
-645.516649004178
-645.516643065127
-645.516636899723
-645.516630500266
-645.516689086803
-645.516682449870
-645.516675658390
-645.516668741510
-645.516661734683
-645.516654695501
-645.516647677083
-645.516640710426
-645.516633825214
-645.516627048390
-645.516686283619
-645.516679917168
-645.516673680401
-645.516667554463
-645.516661504278
-645.516655499770
-645.516649520166
-645.516643532361
-645.516637485469
-645.516631347354
-645.516687054622
-645.516680860264
-645.516674504004
-645.516667982567
-645.516661321064
-645.516654522898
-645.516647567796
-645.516640462425
-645.516633252461
-645.516625961804
-645.516692256520
-645.516684932153
-645.516677552327
-645.516670127618
-645.516662631532
-645.516655059467
-645.516647433271
-645.516639759045
-645.516632014036
-645.516624180574
-645.516695045191
-645.516687238756
-645.516679362197
-645.516671406430
-645.516663388429
-645.516655320324
-645.516647199936
-645.516639029413
-645.516630813484
-645.516622553629
-645.516696534904
-645.516688352412
-645.516680111399
-645.516671798107
-645.516663417984
-645.516654977917
-645.516646457395
-645.516637838250
-645.516629144091
-645.516620408181
-645.516698258361
-645.516689617894
-645.516680985647
-645.516672426298
-645.516663973042
-645.516655626718
-645.516647428634
-645.516639454690
-645.516631715189
-645.516624167252
-645.516689312228
-645.516682337537
-645.516675536292
-645.516668819367
-645.516662119052
-645.516655392772
-645.516648573222
-645.516641547701
-645.516634225067
-645.516626578711
-645.516697847129
-645.516689583612
-645.516680878855
-645.516671784267
-645.516662356894
-645.516652640272
-645.516642706528
-645.516632672400
-645.516622666565
-645.516612797949
-645.516698914317
-645.516689789398
-645.516681096614
-645.516672897087
-645.516665217667
-645.516658057325
-645.516651393655
-645.516645175832
-645.516639317016
-645.516633708101
-645.516682758882
-645.516677441342
-645.516672015667
-645.516666357984
-645.516660350622
-645.516653919693
-645.516647028927
-645.516639640483
-645.516631734331
-645.516623348512
-645.516702141512
-645.516693198603
-645.516684003373
-645.516674652742
-645.516665267604
-645.516655955366
-645.516646787450
-645.516637823796
-645.516629130054
-645.516620749567
-645.516692832629
-645.516685186422
-645.516677785485
-645.516670600973
-645.516663552721
-645.516656544053
-645.516649513022
-645.516642412975
-645.516635182585
-645.516627753370
-645.516695803391
-645.516688045477
-645.516680059376
-645.516671829888
-645.516663362400
-645.516654719909
-645.516645951839
-645.516637068923
-645.516628104796
-645.516619120400
-645.516698739121
-645.516689982894
-645.516681260644
-645.516672590955
-645.516664002701
-645.516655485188
-645.516647010666
-645.516638583172
-645.516630206811
-645.516621860953
-645.516695964121
-645.516687836965
-645.516679741326
-645.516671671755
-645.516663627094
-645.516655615835
-645.516647641315
-645.516639692658
-645.516631768170
-645.516623867188
-645.516694324151
-645.516686538378
-645.516678702287
-645.516670795811
-645.516662761762
-645.516654553387
-645.516646160044
-645.516637572428
-645.516628749614
-645.516619656462
-645.516703097717
-645.516693729151
-645.516684137830
-645.516674319978
-645.516664341033
-645.516654269141
-645.516644117572
-645.516633898237
-645.516623673272
-645.516613507353
-645.516703938898
-645.516694084714
-645.516684322172
-645.516674681275
-645.516665129163
-645.516655627857
-645.516646177490
-645.516636776177
-645.516627389725
-645.516617971972
-645.516702653425
-645.516693308053
-645.516683892049
-645.516674382473
-645.516664788747
-645.516655119256
-645.516645363567
-645.516635536985
-645.516625668714
-645.516615764122
-645.516704212166
-645.516694474279
-645.516684751571
-645.516675039425
-645.516665348694
-645.516655703881
-645.516646115797
-645.516636564024
-645.516627033583
-645.516617551725
-645.516701222389
-645.516692051987
-645.516682922838
-645.516673867175
-645.516664906491
-645.516656026303
-645.516647226415
-645.516638545216
-645.516630005620
-645.516621581298
-645.516695650245
-645.516687609816
-645.516679695134
-645.516671871614
-645.516664097367
-645.516656350965
-645.516648612403
-645.516640844858
-645.516633004607
-645.516625060273
-645.516696849300
-645.516688800520
-645.516680565859
-645.516672136937
-645.516663515349
-645.516654709525
-645.516645728539
-645.516636582019
-645.516627296719
-645.516617917648
-645.516702003485
-645.516692746865
-645.516683482777
-645.516674248237
-645.516665094555
-645.516656033823
-645.516647052133
-645.516638167491
-645.516629396938
-645.516620711959
-645.516697796700
-645.516689394567
-645.516681021173
-645.516672648996
-645.516664235396
-645.516655744685
-645.516647178974
-645.516638535272
-645.516629776411
-645.516620893084
-645.516701072172
-645.516692188783
-645.516683223582
-645.516674203356
-645.516665155548
-645.516656108445
-645.516647096293
-645.516638133830
-645.516629231955
-645.516620424388
-645.516697836651
-645.516689438397
-645.516681132416
-645.516672923799
-645.516664812392
-645.516656773515
-645.516648774418
-645.516640797700
-645.516632838146
-645.516624877532
-645.516696036844
-645.516688166988
-645.516680268035
-645.516672344332
-645.516664368124
-645.516656346102
-645.516648323812
-645.516640315666
-645.516632313568
-645.516624338965
-645.516694732545
-645.516687066352
-645.516679464652
-645.516671930557
-645.516664469634
-645.516657076094
-645.516649725686
-645.516642399542
-645.516635089797
-645.516627772961
-645.516693057509
-645.516685840911
-645.516678558216
-645.516671181374
-645.516663695427
-645.516656110100
-645.516648423334
-645.516640609484
-645.516632667757
-645.516624631103
-645.516696904073
-645.516688842628
-645.516680668582
-645.516672415202
-645.516664071407
-645.516655607952
-645.516647027963
-645.516638352888
-645.516629587552
-645.516620708662
-645.516700945417
-645.516692060330
-645.516683129317
-645.516674136729
-645.516665102211
-645.516656103309
-645.516647179567
-645.516638336713
-645.516629625164
-645.516621114542
-645.516694889466
-645.516687053496
-645.516679482498
-645.516672192107
-645.516665187961
-645.516658449241
-645.516651932483
-645.516645597384
-645.516639397058
-645.516633260113
-645.516687898739
-645.516681865165
-645.516675695052
-645.516669317266
-645.516662699902
-645.516655808385
-645.516648593003
-645.516641049173
-645.516633207093
-645.516625071641
-645.516700072263
-645.516691611945
-645.516682988138
-645.516674243478
-645.516665411198
-645.516656535408
-645.516647677692
-645.516638879005
-645.516630131858
-645.516621435532
-645.516698143578
-645.516689798151
-645.516681481967
-645.516673163255
-645.516664840214
-645.516656487643
-645.516648056131
-645.516639512983
-645.516630850079
-645.516622059194
-645.516701646487
-645.516692746615
-645.516683707497
-645.516674546716
-645.516665281692
-645.516655922756
-645.516646482665
-645.516636991058
-645.516627474460
-645.516617937634
-645.516702996125
-645.516693630226
-645.516684270257
-645.516674925775
-645.516665585700
-645.516656231844
-645.516646880622
-645.516637557215
-645.516628242419
-645.516618918708
-645.516701707366
-645.516692653359
-645.516683638997
-645.516674658368
-645.516665740274
-645.516656908576
-645.516648154078
-645.516639454844
-645.516630809643
-645.516622229945
-645.516698282687
-645.516689921613
-645.516681531199
-645.516673112002
-645.516664635557
-645.516656052342
-645.516647343976
-645.516638510663
-645.516629539513
-645.516620424116
-645.516702869511
-645.516693696263
-645.516684428314
-645.516675102588
-645.516665746586
-645.516656386805
-645.516647068216
-645.516637831750
-645.516628694679
-645.516619667819
-645.516698996530
-645.516690433072
-645.516682012723
-645.516673704168
-645.516665474269
-645.516657318137
-645.516649223249
-645.516641134418
-645.516633003847
-645.516624828942
-645.516698184014
-645.516690051636
-645.516681812544
-645.516673490264
-645.516665100528
-645.516656642812
-645.516648132212
-645.516639605824
-645.516631105492
-645.516622658445
-645.516697359154
-645.516689260199
-645.516681283475
-645.516673440722
-645.516665720185
-645.516658116186
-645.516650622664
-645.516643221842
-645.516635890282
-645.516628593021
-645.516693491329
-645.516686339737
-645.516679146858
-645.516671875346
-645.516664485197
-645.516656974814
-645.516649355750
-645.516641614817
-645.516633742680
-645.516625766158
-645.516697193305
-645.516689263668
-645.516681272377
-645.516673254899
-645.516665257378
-645.516657292137
-645.516649342000
-645.516641416144
-645.516633555139
-645.516625765022
-645.516694566057
-645.516687038063
-645.516679552735
-645.516672093511
-645.516664641793
-645.516657202205
-645.516649773798
-645.516642339547
-645.516634890273
-645.516627434330
-645.516693631859
-645.516686398453
-645.516679177273
-645.516671973020
-645.516664786875
-645.516657614714
-645.516650462937
-645.516643335583
-645.516636207538
-645.516629039617
-645.516693321201
-645.516686237707
-645.516679068885
-645.516671762094
-645.516664296398
-645.516656677882
-645.516648885333
-645.516640891556
-645.516632719551
-645.516624411193
-645.516699512970
-645.516691176211
-645.516682788124
-645.516674424230
-645.516666144402
-645.516657983517
-645.516649984869
-645.516642213525
-645.516634711848
-645.516627484118
-645.516689281446
-645.516682810630
-645.516676593049
-645.516670573076
-645.516664692995
-645.516658894468
-645.516653103418
-645.516647236083
-645.516641211276
-645.516634951231
-645.516693161184
-645.516686465564
-645.516679398384
-645.516671924866
-645.516664048830
-645.516655803639
-645.516647218839
-645.516638332238
-645.516629202906
-645.516619898468
-645.516703471936
-645.516694241440
-645.516685010537
-645.516675835580
-645.516666766585
-645.516657809871
-645.516648962187
-645.516640235893
-645.516631617865
-645.516623065992
-645.516698688189
-645.516690370706
-645.516682011081
-645.516673576518
-645.516665038200
-645.516656365955
-645.516647544678
-645.516638580099
-645.516629485251
-645.516620273416
-645.516702877171
-645.516693750610
-645.516684607525
-645.516675486886
-645.516666419735
-645.516657439540
-645.516648589538
-645.516639891239
-645.516631334266
-645.516622929348
-645.516695960135
-645.516688127991
-645.516680412433
-645.516672796668
-645.516665281064
-645.516657836579
-645.516650418276
-645.516642990550
-645.516635531301
-645.516628019979
-645.516695553247
-645.516688050429
-645.516680421082
-645.516672650719
-645.516664699674
-645.516656550312
-645.516648213359
-645.516639686458
-645.516630952856
-645.516622010836
-645.516703325355
-645.516694250745
-645.516685018366
-645.516675656031
-645.516666190597
-645.516656648690
-645.516647074911
-645.516637519681
-645.516628014430
-645.516618586944
-645.516701364425
-645.516692469136
-645.516683753285
-645.516675217805
-645.516666859208
-645.516658690093
-645.516650706591
-645.516642864810
-645.516635131420
-645.516627496861
-645.516694675664
-645.516687332204
-645.516679963553
-645.516672560844
-645.516665099849
-645.516657545037
-645.516649879104
-645.516642118389
-645.516634287213
-645.516626388146
-645.516696947873
-645.516689171947
-645.516681389994
-645.516673625866
-645.516665889212
-645.516658193141
-645.516650554312
-645.516642973793
-645.516635443862
-645.516627963283
-645.516693770133
-645.516686582171
-645.516679406140
-645.516672212883
-645.516664982686
-645.516657727576
-645.516650447141
-645.516643108732
-645.516635700384
-645.516628241723
-645.516694605637
-645.516687303505
-645.516679966485
-645.516672598397
-645.516665216193
-645.516657825133
-645.516650410462
-645.516642975201
-645.516635535083
-645.516628073948
-645.516694754293
-645.516687408814
-645.516680022665
-645.516672590219
-645.516665093211
-645.516657526693
-645.516649903474
-645.516642244165
-645.516634565406
-645.516626874480
-645.516695157627
-645.516687743754
-645.516680396077
-645.516673120867
-645.516665930198
-645.516658845793
-645.516651876166
-645.516645016834
-645.516638254265
-645.516631572348
-645.516690168538
-645.516683857561
-645.516677569055
-645.516671273240
-645.516664974396
-645.516658660087
-645.516652295791
-645.516645871103
-645.516639402714
-645.516632902888
-645.516690792920
-645.516684452808
-645.516678110169
-645.516671805366
-645.516665550869
-645.516659343924
-645.516653204426
-645.516647167806
-645.516641246787
-645.516635424332
-645.516686152363
-645.516680711669
-645.516675359559
-645.516670067152
-645.516664807477
-645.516659562063
-645.516654314658
-645.516649045919
-645.516643722373
-645.516638318176
-645.516686759747
-645.516681379210
-645.516675885920
-645.516670270763
-645.516664557970
-645.516658757949
-645.516652861122
-645.516646866089
-645.516640794819
-645.516634683247
-645.516688893795
-645.516682916105
-645.516676927300
-645.516670977094
-645.516665084454
-645.516659242529
-645.516653471391
-645.516647810803
-645.516642276580
-645.516636863115
-645.516683614171
-645.516678631745
-645.516673785893
-645.516669066710
-645.516664449276
-645.516659910161
-645.516655437001
-645.516651006664
-645.516646579289
-645.516642124763
-645.516681928116
-645.516677529508
-645.516673029094
-645.516668403417
-645.516663644429
-645.516658768360
-645.516653781104
-645.516648660539
-645.516643416443
-645.516638108413
-645.516685460477
-645.516680286466
-645.516675105360
-645.516669964594
-645.516664910792
-645.516659959977
-645.516655116261
-645.516650406400
-645.516645856178
-645.516641449546
-645.516679481561
-645.516675495385
-645.516671651567
-645.516667916505
-645.516664238814
-645.516660595493
-645.516656986510
-645.516653392348
-645.516649769788
-645.516646085476
-645.516679247037
-645.516675572789
-645.516671785394
-645.516667870954
-645.516663816265
-645.516659614129
-645.516655259539
-645.516650745597
-645.516646078983
-645.516641284564
-645.516684361751
-645.516679574805
-645.516674691224
-645.516669742291
-645.516664782730
-645.516659843891
-645.516654925549
-645.516650041532
-645.516645233266
-645.516640529536
-645.516681000063
-645.516676659517
-645.516672412784
-645.516668255018
-645.516664140790
-645.516660030127
-645.516655912305
-645.516651762130
-645.516647523898
-645.516643148533
-645.516683039917
-645.516678513449
-645.516673806847
-645.516668898292
-645.516663793622
-645.516658529439
-645.516653132422
-645.516647625036
-645.516642054298
-645.516636478203
-645.516685174040
-645.516679967661
-645.516674890985
-645.516669969503
-645.516665242311
-645.516660737060
-645.516656443234
-645.516652335725
-645.516648396355
-645.516644601621
-645.516677060728
-645.516673605316
-645.516670156685
-645.516666680430
-645.516663133439
-645.516659463210
-645.516655644162
-645.516651685602
-645.516647588433
-645.516643326895
-645.516682462040
-645.516678103315
-645.516673656717
-645.516669132878
-645.516664536869
-645.516659889488
-645.516655217889
-645.516650532719
-645.516645823891
-645.516641086717
-645.516683147471
-645.516678556487
-645.516673888480
-645.516669123866
-645.516664266938
-645.516659308939
-645.516654220107
-645.516648978245
-645.516643592715
-645.516638089014
-645.516687630751
-645.516682124704
-645.516676519888
-645.516670851572
-645.516665137843
-645.516659380165
-645.516653586711
-645.516647778647
-645.516641966561
-645.516636135485
-645.516687878570
-645.516682206358
-645.516676496307
-645.516670730333
-645.516664896472
-645.516658989882
-645.516653010318
-645.516646962593
-645.516640849099
-645.516634681533
-645.516689207490
-645.516683272137
-645.516677360600
-645.516671487944
-645.516665681044
-645.516659974802
-645.516654392843
-645.516648924220
-645.516643545186
-645.516638260462
-645.516683812339
-645.516678909030
-645.516674015178
-645.516669107783
-645.516664166484
-645.516659147894
-645.516654009187
-645.516648740491
-645.516643350319
-645.516637825579
-645.516687783119
-645.516682212139
-645.516676567212
-645.516670881552
-645.516665160848
-645.516659439345
-645.516653781556
-645.516648226252
-645.516642780519
-645.516637463288
-645.516682819842
-645.516678074251
-645.516673469751
-645.516668985697
-645.516664616192
-645.516660342734
-645.516656124454
-645.516651922212
-645.516647712693
-645.516643474947
-645.516681147680
-645.516677037170
-645.516672862894
-645.516668621719
-645.516664318542
-645.516659972900
-645.516655606691
-645.516651234120
-645.516646872974
-645.516642549534
-645.516680087788
-645.516676095563
-645.516672161108
-645.516668299925
-645.516664503544
-645.516660743132
-645.516657004503
-645.516653289346
-645.516649585355
-645.516645860747
-645.516678865481
-645.516675274902
-645.516671657988
-645.516667999176
-645.516664291852
-645.516660564153
-645.516656843962
-645.516653132695
-645.516649436025
-645.516645783341
-645.516677070917
-645.516673772713
-645.516670542558
-645.516667383974
-645.516664297307
-645.516661268614
-645.516658271196
-645.516655283017
-645.516652289856
-645.516649266655
-645.516676022543
-645.516673070611
-645.516670025625
-645.516666875419
-645.516663614609
-645.516660249111
-645.516656786768
-645.516653246339
-645.516649660235
-645.516646054733
-645.516677328119
-645.516673988659
-645.516670728155
-645.516667573412
-645.516664541855
-645.516661645819
-645.516658898041
-645.516656310772
-645.516653874863
-645.516651560871
-645.516670530502
-645.516668602603
-645.516666724956
-645.516664853231
-645.516662957619
-645.516661010122
-645.516658971750
-645.516656805887
-645.516654491525
-645.516652022853
-645.516674802799
-645.516672220945
-645.516669456212
-645.516666530363
-645.516663475980
-645.516660304499
-645.516657026317
-645.516653672351
-645.516650275574
-645.516646859303
-645.516676771852
-645.516673602709
-645.516670486067
-645.516667438268
-645.516664460923
-645.516661558414
-645.516658749985
-645.516656043143
-645.516653419516
-645.516650860634
-645.516672548651
-645.516670301630
-645.516668092159
-645.516665897570
-645.516663694571
-645.516661466189
-645.516659197868
-645.516656870903
-645.516654469867
-645.516651990528
-645.516674084667
-645.516671649496
-645.516669120328
-645.516666510002
-645.516663844103
-645.516661141214
-645.516658410231
-645.516655667033
-645.516652943509
-645.516650276296
-645.516672580147
-645.516670293935
-645.516668119199
-645.516666075662
-645.516664164322
-645.516662380972
-645.516660730332
-645.516659208497
-645.516657785064
-645.516656418720
-645.516667524266
-645.516666379364
-645.516665215202
-645.516663981072
-645.516662630868
-645.516661141138
-645.516659498309
-645.516657681734
-645.516655672479
-645.516653466452
-645.516674013221
-645.516671640371
-645.516669110680
-645.516666453696
-645.516663696958
-645.516660867546
-645.516657995660
-645.516655111269
-645.516652248430
-645.516649437912
-645.516673287881
-645.516670814937
-645.516668417169
-645.516666102417
-645.516663863730
-645.516661682442
-645.516659536548
-645.516657412718
-645.516655300819
-645.516653175102
-645.516672081098
-645.516670033800
-645.516667932331
-645.516665764992
-645.516663517830
-645.516661192965
-645.516658805558
-645.516656367830
-645.516653886052
-645.516651372832
-645.516673265261
-645.516670945659
-645.516668644789
-645.516666376664
-645.516664155200
-645.516661988737
-645.516659874398
-645.516657806783
-645.516655791510
-645.516653831241
-645.516670363995
-645.516668634351
-645.516666906565
-645.516665170484
-645.516663418609
-645.516661636565
-645.516659796968
-645.516657883252
-645.516655896560
-645.516653832969
-645.516672454164
-645.516670382709
-645.516668221815
-645.516665977549
-645.516663655469
-645.516661261932
-645.516658814319
-645.516656336455
-645.516653840705
-645.516651333327
-645.516672989932
-645.516670713193
-645.516668503281
-645.516666367278
-645.516664316766
-645.516662373040
-645.516660547655
-645.516658840729
-645.516657256648
-645.516655799610
-645.516666917051
-645.516665857922
-645.516664874343
-645.516663956619
-645.516663104932
-645.516662291781
-645.516661469594
-645.516660614373
-645.516659720961
-645.516658777100
-645.516666987909
-645.516666069831
-645.516665049323
-645.516663928059
-645.516662708599
-645.516661391726
-645.516659994412
-645.516658533083
-645.516657003390
-645.516655406668
-645.516669261887
-645.516667821382
-645.516666388010
-645.516664954326
-645.516663517197
-645.516662092463
-645.516660696143
-645.516659327974
-645.516657979525
-645.516656643425
-645.516667892442
-645.516666735466
-645.516665559615
-645.516664369958
-645.516663165282
-645.516661919769
-645.516660609283
-645.516659235550
-645.516657810480
-645.516656339319
-645.516669273889
-645.516667879891
-645.516666417276
-645.516664904037
-645.516663354148
-645.516661772766
-645.516660164914
-645.516658530936
-645.516656871747
-645.516655199634
-645.516669517564
-645.516668048823
-645.516666594242
-645.516665144658
-645.516663693742
-645.516662254401
-645.516660842854
-645.516659457473
-645.516658084230
-645.516656716577
-645.516668158810
-645.516666993814
-645.516665843625
-645.516664711790
-645.516663603506
-645.516662513949
-645.516661438026
-645.516660380854
-645.516659356536
-645.516658378890
-645.516665741047
-645.516665040115
-645.516664378493
-645.516663771187
-645.516663221032
-645.516662728694
-645.516662295451
-645.516661913136
-645.516661574847
-645.516661281347
-645.516662459104
-645.516662456782
-645.516662496091
-645.516662559853
-645.516662636157
-645.516662730054
-645.516662847136
-645.516662983971
-645.516663133664
-645.516663288305
-645.516660856034
-645.516661241157
-645.516661634060
-645.516662036070
-645.516662442960
-645.516662842605
-645.516663221145
-645.516663573778
-645.516663904694
-645.516664211014
-645.516660937446
-645.516661351703
-645.516661687671
-645.516661940275
-645.516662109914
-645.516662197366
-645.516662191009
-645.516662073797
-645.516661844836
-645.516661521071
-645.516664114371
-645.516663888189
-645.516663596271
-645.516663246560
-645.516662860230
-645.516662458694
-645.516662059925
-645.516661680880
-645.516661330179
-645.516661008149
-645.516662751708
-645.516662734459
-645.516662779618
-645.516662880339
-645.516663023756
-645.516663210775
-645.516663443888
-645.516663712994
-645.516664010197
-645.516664336714
-645.516660325200
-645.516660908175
-645.516661496640
-645.516662086908
-645.516662688283
-645.516663305354
-645.516663926324
-645.516664543084
-645.516665156297
-645.516665763287
-645.516659337754
-645.516660154198
-645.516660965095
-645.516661754436
-645.516662518290
-645.516663260751
-645.516663986719
-645.516664698699
-645.516665389092
-645.516666047454
-645.516659356065
-645.516660158772
-645.516660950584
-645.516661736408
-645.516662511332
-645.516663268148
-645.516664011482
-645.516664752770
-645.516665493358
-645.516666225997
-645.516658625362
-645.516659553571
-645.516660458845
-645.516661332561
-645.516662174413
-645.516662985232
-645.516663757900
-645.516664478542
-645.516665136498
-645.516665735861
-645.516659780202
-645.516660506770
-645.516661183883
-645.516661812804
-645.516662399224
-645.516662950056
-645.516663476823
-645.516663991443
-645.516664497272
-645.516664986937
-645.516659894660
-645.516660558671
-645.516661222345
-645.516661886127
-645.516662529808
-645.516663137894
-645.516663714259
-645.516664269060
-645.516664800448
-645.516665298175
-645.516660375860
-645.516661003350
-645.516661595326
-645.516662156501
-645.516662701279
-645.516663235988
-645.516663755920
-645.516664257763
-645.516664745025
-645.516665226858
-645.516660164727
-645.516660825662
-645.516661465127
-645.516662080419
-645.516662661064
-645.516663195300
-645.516663682142
-645.516664117472
-645.516664488804
-645.516664787419
-645.516661916539
-645.516662266918
-645.516662552333
-645.516662784319
-645.516662967397
-645.516663102597
-645.516663197767
-645.516663270462
-645.516663340670
-645.516663418895
-645.516661571291
-645.516661883242
-645.516662211577
-645.516662558330
-645.516662922376
-645.516663307672
-645.516663713749
-645.516664122025
-645.516664513377
-645.516664892452
-645.516660422527
-645.516660997012
-645.516661549628
-645.516662073195
-645.516662574520
-645.516663064958
-645.516663549695
-645.516664034467
-645.516664528797
-645.516665029799
-645.516659660329
-645.516660354606
-645.516661078981
-645.516661831397
-645.516662589897
-645.516663339656
-645.516664081151
-645.516664818888
-645.516665547402
-645.516666253351
-645.516659404544
-645.516660227760
-645.516661006867
-645.516661751929
-645.516662479135
-645.516663194532
-645.516663897298
-645.516664594720
-645.516665307425
-645.516666060838
-645.516657881455
-645.516658971507
-645.516660139055
-645.516661385166
-645.516662714296
-645.516664141639
-645.516665671832
-645.516667286588
-645.516668964630
-645.516670691855
-645.516654049473
-645.516656031236
-645.516658020269
-645.516659996375
-645.516661936025
-645.516663817737
-645.516665633411
-645.516667391016
-645.516669093767
-645.516670727274
-645.516655975706
-645.516657656104
-645.516659293559
-645.516660899880
-645.516662482875
-645.516664052427
-645.516665620905
-645.516667198203
-645.516668793795
-645.516670420021
-645.516654581863
-645.516656465582
-645.516658381359
-645.516660329351
-645.516662307362
-645.516664309123
-645.516666328624
-645.516668363147
-645.516670406254
-645.516672444003
-645.516653286584
-645.516655481878
-645.516657657290
-645.516659809669
-645.516661931134
-645.516664006077
-645.516666022576
-645.516667985707
-645.516669906331
-645.516671781799
-645.516654540303
-645.516656465480
-645.516658317920
-645.516660112804
-645.516661856280
-645.516663542816
-645.516665165811
-645.516666722796
-645.516668219288
-645.516669671314
-645.516656099827
-645.516657663932
-645.516659185964
-645.516660663235
-645.516662113852
-645.516663558118
-645.516664997652
-645.516666425235
-645.516667839510
-645.516669244103
-645.516655618071
-645.516657262309
-645.516658932577
-645.516660628792
-645.516662346399
-645.516664087087
-645.516665866906
-645.516667705810
-645.516669609606
-645.516671572010
-645.516652558607
-645.516654831030
-645.516657155902
-645.516659542171
-645.516661984918
-645.516664459064
-645.516666937506
-645.516669407270
-645.516671866288
-645.516674306952
-645.516652027985
-645.516654537232
-645.516656956240
-645.516659276791
-645.516661502243
-645.516663639970
-645.516665689926
-645.516667641857
-645.516669493659
-645.516671269586
-645.516654901249
-645.516656796934
-645.516658678897
-645.516660558975
-645.516662458788
-645.516664400712
-645.516666402627
-645.516668475864
-645.516670624725
-645.516672844487
-645.516651418774
-645.516653943340
-645.516656528586
-645.516659165744
-645.516661830579
-645.516664500575
-645.516667163865
-645.516669812164
-645.516672435888
-645.516675026104
-645.516651246502
-645.516653913176
-645.516656520268
-645.516659066642
-645.516661563430
-645.516664020183
-645.516666435092
-645.516668799384
-645.516671109481
-645.516673373305
-645.516652502505
-645.516654874715
-645.516657203980
-645.516659480368
-645.516661693250
-645.516663841309
-645.516665931186
-645.516667964527
-645.516669934882
-645.516671833017
-645.516654603456
-645.516656548289
-645.516658444100
-645.516660302096
-645.516662127483
-645.516663923461
-645.516665695916
-645.516667465492
-645.516669261664
-645.516671098928
-645.516653446143
-645.516655539178
-645.516657685698
-645.516659900420
-645.516662193557
-645.516664568614
-645.516667022912
-645.516669545397
-645.516672123748
-645.516674762398
-645.516649558191
-645.516652533648
-645.516655548185
-645.516658582796
-645.516661639699
-645.516664724643
-645.516667828569
-645.516670938532
-645.516674050888
-645.516677156559
-645.516648694563
-645.516651937891
-645.516655180310
-645.516658422133
-645.516661644505
-645.516664836040
-645.516668007723
-645.516671177597
-645.516674349300
-645.516677516644
-645.516648221719
-645.516651556316
-645.516654881369
-645.516658207799
-645.516661551074
-645.516664908019
-645.516668262092
-645.516671605635
-645.516674949469
-645.516678310960
-645.516646907853
-645.516650501522
-645.516654110177
-645.516657734565
-645.516661389879
-645.516665101103
-645.516668879153
-645.516672717901
-645.516676615893
-645.516680584624
-645.516643239796
-645.516647573904
-645.516651992456
-645.516656487547
-645.516661043625
-645.516665639290
-645.516670263207
-645.516674910467
-645.516679556920
-645.516684163524
-645.516642589048
-645.516647214290
-645.516651736418
-645.516656136943
-645.516660403437
-645.516664528071
-645.516668500352
-645.516672311904
-645.516675972739
-645.516679507837
-645.516647749780
-645.516651280321
-645.516654721766
-645.516658094960
-645.516661423464
-645.516664732657
-645.516668041327
-645.516671355041
-645.516674673523
-645.516678004741
-645.516646881728
-645.516650474648
-645.516654096052
-645.516657739591
-645.516661405876
-645.516665093769
-645.516668803657
-645.516672543556
-645.516676319671
-645.516680126708
-645.516645023667
-645.516649048307
-645.516653122622
-645.516657249135
-645.516661419753
-645.516665634616
-645.516669896083
-645.516674192471
-645.516678508644
-645.516682841742
-645.516642820462
-645.516647379563
-645.516651909449
-645.516656393327
-645.516660833502
-645.516665230582
-645.516669574990
-645.516673859634
-645.516678083454
-645.516682250295
-645.516644118293
-645.516648434307
-645.516652743503
-645.516657051072
-645.516661359717
-645.516665681033
-645.516670035359
-645.516674435375
-645.516678876661
-645.516683345993
-645.516642037568
-645.516646727695
-645.516651426117
-645.516656119640
-645.516660785594
-645.516665405834
-645.516669970371
-645.516674472744
-645.516678906706
-645.516683266686
-645.516643875691
-645.516648273328
-645.516652600975
-645.516656861452
-645.516661065320
-645.516665221871
-645.516669333957
-645.516673402111
-645.516677423051
-645.516681390172
-645.516645280608
-645.516649336843
-645.516653321432
-645.516657223475
-645.516661025811
-645.516664713076
-645.516668284466
-645.516671748731
-645.516675112612
-645.516678377293
-645.516649032772
-645.516652312534
-645.516655547174
-645.516658769919
-645.516662002997
-645.516665266068
-645.516668583771
-645.516671982066
-645.516675483747
-645.516679107879
-645.516644411609
-645.516648509787
-645.516652725196
-645.516657050661
-645.516661482637
-645.516666006162
-645.516670593771
-645.516675215520
-645.516679846845
-645.516684469666
-645.516642232201
-645.516646991410
-645.516651691395
-645.516656317413
-645.516660854578
-645.516665300313
-645.516669662090
-645.516673940819
-645.516678132692
-645.516682239219
-645.516645117938
-645.516649257114
-645.516653326153
-645.516657332174
-645.516661277923
-645.516665164239
-645.516668993013
-645.516672770810
-645.516676507913
-645.516680210346
-645.516646156879
-645.516650010492
-645.516653848321
-645.516657670408
-645.516661480541
-645.516665290660
-645.516669107666
-645.516672924724
-645.516676730920
-645.516680522383
-645.516645693658
-645.516649640122
-645.516653556060
-645.516657426925
-645.516661238182
-645.516664981238
-645.516668656023
-645.516672267897
-645.516675818871
-645.516679302784
-645.516647900341
-645.516651429443
-645.516654935546
-645.516658435643
-645.516661936720
-645.516665447938
-645.516668984795
-645.516672566584
-645.516676208552
-645.516679913263
-645.516645172738
-645.516649186662
-645.516653245627
-645.516657343676
-645.516661470323
-645.516665605904
-645.516669728375
-645.516673825614
-645.516677892118
-645.516681917893
-645.516645380373
-645.516649467296
-645.516653500646
-645.516657486975
-645.516661433495
-645.516665347169
-645.516669236053
-645.516673112386
-645.516676989732
-645.516680875716
-645.516645127768
-645.516649188633
-645.516653253679
-645.516657323747
-645.516661397885
-645.516665461838
-645.516669494240
-645.516673483482
-645.516677427917
-645.516681325541
-645.516645903972
-645.516649872470
-645.516653775547
-645.516657621778
-645.516661427329
-645.516665204910
-645.516668965183
-645.516672718909
-645.516676474479
-645.516680243470
-645.516645260134
-645.516649276344
-645.516653336162
-645.516657430454
-645.516661553301
-645.516665705901
-645.516669887608
-645.516674085975
-645.516678282881
-645.516682466778
-645.516644132450
-645.516648458733
-645.516652757364
-645.516657034309
-645.516661293282
-645.516665531069
-645.516669754046
-645.516673984083
-645.516678242835
-645.516682540770
-645.516642648360
-645.516647225402
-645.516651870172
-645.516656592452
-645.516661389730
-645.516666257813
-645.516671195167
-645.516676191704
-645.516681230572
-645.516686299491
-645.516639767845
-645.516645036004
-645.516650295657
-645.516655532534
-645.516660738673
-645.516665912764
-645.516671055080
-645.516676169639
-645.516681266719
-645.516686357138
-645.516639863866
-645.516645122432
-645.516650408354
-645.516655748908
-645.516661156938
-645.516666623951
-645.516672145426
-645.516677734033
-645.516683400022
-645.516689136225
-645.516636402204
-645.516642363710
-645.516648331194
-645.516654293247
-645.516660235273
-645.516666141009
-645.516671987063
-645.516677742838
-645.516683394732
-645.516688954568
-645.516638917246
-645.516644465909
-645.516649914710
-645.516655269616
-645.516660555995
-645.516665803136
-645.516671027271
-645.516676235357
-645.516681436764
-645.516686647226
-645.516638734272
-645.516644182005
-645.516649675227
-645.516655209132
-645.516660777304
-645.516666372726
-645.516671989298
-645.516677621352
-645.516683260145
-645.516688890540
-645.516637683318
-645.516643424164
-645.516649131766
-645.516654805438
-645.516660437057
-645.516666030109
-645.516671594931
-645.516677134387
-645.516682653433
-645.516688167525
-645.516637808793
-645.516643496210
-645.516649200984
-645.516654920871
-645.516660670263
-645.516666460979
-645.516672286443
-645.516678134899
-645.516684001515
-645.516689882874
-645.516636136078
-645.516642202903
-645.516648283620
-645.516654376227
-645.516660473419
-645.516666575866
-645.516672697424
-645.516678854459
-645.516685058015
-645.516691310109
-645.516633874420
-645.516640399732
-645.516646996018
-645.516653664399
-645.516660393116
-645.516667169831
-645.516673980778
-645.516680809783
-645.516687638723
-645.516694447477
-645.516632786816
-645.516639662594
-645.516646440698
-645.516653102124
-645.516659649340
-645.516666079572
-645.516672376365
-645.516678533370
-645.516684564850
-645.516690492311
-645.516637218736
-645.516643137877
-645.516648998248
-645.516654821539
-645.516660622445
-645.516666414447
-645.516672210353
-645.516678017595
-645.516683837493
-645.516689666339
-645.516636413583
-645.516642410111
-645.516648398772
-645.516654367131
-645.516660311179
-645.516666228832
-645.516672115930
-645.516677973659
-645.516683804558
-645.516689615122
-645.516636627392
-645.516642610027
-645.516648618412
-645.516654660845
-645.516660761482
-645.516666942863
-645.516673211349
-645.516679559905
-645.516685983341
-645.516692482980
-645.516632564838
-645.516639363955
-645.516646187247
-645.516653012795
-645.516659809159
-645.516666544760
-645.516673199435
-645.516679759707
-645.516686202950
-645.516692500535
-645.516636350347
-645.516642544384
-645.516648598451
-645.516654509384
-645.516660291878
-645.516665968290
-645.516671559903
-645.516677087852
-645.516682571504
-645.516688034258
-645.516638038434
-645.516643704336
-645.516649409920
-645.516655173867
-645.516661006227
-645.516666911395
-645.516672900960
-645.516678979441
-645.516685139221
-645.516691377843
-645.516633616031
-645.516640214204
-645.516646876670
-645.516653592822
-645.516660349934
-645.516667135331
-645.516673936712
-645.516680742539
-645.516687537095
-645.516694300719
-645.516632908932
-645.516639790211
-645.516646605833
-645.516653343865
-645.516659990626
-645.516666540364
-645.516673001569
-645.516679378149
-645.516685666578
-645.516691876970
-645.516635681896
-645.516641975115
-645.516648242444
-645.516654508712
-645.516660783804
-645.516667082459
-645.516673432213
-645.516679854250
-645.516686360909
-645.516692959114
-645.516631801296
-645.516638788058
-645.516645874779
-645.516653053454
-645.516660310629
-645.516667633480
-645.516674999064
-645.516682383980
-645.516689778114
-645.516697169611
-645.516629872169
-645.516637403369
-645.516644867835
-645.516652261798
-645.516659575284
-645.516666801495
-645.516673943211
-645.516681001319
-645.516687976500
-645.516694878844
-645.516632358816
-645.516639369847
-645.516646352432
-645.516653309479
-645.516660255464
-645.516667213584
-645.516674192065
-645.516681192615
-645.516688224588
-645.516695286169
-645.516630567825
-645.516637897767
-645.516645254560
-645.516652624957
-645.516659986609
-645.516667324245
-645.516674632317
-645.516681906211
-645.516689133974
-645.516696303672
-645.516631351887
-645.516638629305
-645.516645833953
-645.516652973352
-645.516660062896
-645.516667108751
-645.516674108419
-645.516681070875
-645.516688018974
-645.516694965328
-645.516631665216
-645.516638813170
-645.516645977981
-645.516653153574
-645.516660335679
-645.516667526437
-645.516674722843
-645.516681914785
-645.516689085425
-645.516696217030
-645.516631590126
-645.516638815185
-645.516645974797
-645.516653061560
-645.516660061432
-645.516666957394
-645.516673750399
-645.516680454616
-645.516687074927
-645.516693607252
-645.516634732135
-645.516641278894
-645.516647755484
-645.516654174122
-645.516660553513
-645.516666906281
-645.516673223676
-645.516679505111
-645.516685778061
-645.516692066080
-645.516634567303
-645.516641049667
-645.516647549931
-645.516654079164
-645.516660654560
-645.516667284105
-645.516673972213
-645.516680722658
-645.516687522157
-645.516694360208
-645.516631585740
-645.516638701360
-645.516645847647
-645.516653001317
-645.516660141315
-645.516667242786
-645.516674292045
-645.516681278243
-645.516688173923
-645.516694943312
-645.516634675856
-645.516641299265
-645.516647767585
-645.516654076472
-645.516660219725
-645.516666204288
-645.516672043369
-645.516677751424
-645.516683355949
-645.516688895941
-645.516638816463
-645.516644423809
-645.516650017720
-645.516655638655
-645.516661319224
-645.516667062824
-645.516672873734
-645.516678763134
-645.516684725253
-645.516690746689
-645.516635401417
-645.516641692224
-645.516648029872
-645.516654388447
-645.516660744074
-645.516667090413
-645.516673431888
-645.516679767508
-645.516686091787
-645.516692397240
-645.516635230934
-645.516641642208
-645.516648060454
-645.516654504687
-645.516660971235
-645.516667452933
-645.516673958707
-645.516680501262
-645.516687084927
-645.516693717875
-645.516632872332
-645.516639730843
-645.516646589050
-645.516653457557
-645.516660352790
-645.516667261654
-645.516674156348
-645.516681019452
-645.516687855109
-645.516694674855
-645.516632786037
-645.516639708748
-645.516646625345
-645.516653533247
-645.516660418411
-645.516667301201
-645.516674216031
-645.516681167412
-645.516688145257
-645.516695148061
-645.516631222922
-645.516638431531
-645.516645690160
-645.516653000398
-645.516660349032
-645.516667720883
-645.516675110736
-645.516682527409
-645.516689983675
-645.516697479406
-645.516629116186
-645.516636813280
-645.516644538156
-645.516652306423
-645.516660147497
-645.516668079979
-645.516676089037
-645.516684161055
-645.516692324076
-645.516700613066
-645.516624159190
-645.516632853483
-645.516641646359
-645.516650532027
-645.516659494798
-645.516668515270
-645.516677577688
-645.516686660381
-645.516695719936
-645.516704710339
-645.516623745776
-645.516632752335
-645.516641636540
-645.516650366832
-645.516658930463
-645.516667330096
-645.516675570292
-645.516683659744
-645.516691624242
-645.516699497525
-645.516628488203
-645.516636427866
-645.516644367500
-645.516652347372
-645.516660405670
-645.516668582125
-645.516676893275
-645.516685336580
-645.516693923649
-645.516702671928
-645.516621622010
-645.516630860969
-645.516640195117
-645.516649591510
-645.516659031965
-645.516668484766
-645.516677905071
-645.516687268636
-645.516696554834
-645.516705722738
-645.516623614658
-645.516632705412
-645.516641684409
-645.516650541479
-645.516659274886
-645.516667908850
-645.516676478746
-645.516685010993
-645.516693519311
-645.516702021686
-645.516624478563
-645.516633223287
-645.516642008606
-645.516650844541
-645.516659754402
-645.516668739855
-645.516677785443
-645.516686887461
-645.516696047956
-645.516705268505
-645.516620825052
-645.516630366611
-645.516639963109
-645.516649620823
-645.516659353110
-645.516669160374
-645.516679045201
-645.516689017048
-645.516699074633
-645.516709205509
-645.516616621647
-645.516627059382
-645.516637542397
-645.516648052225
-645.516658541027
-645.516668970191
-645.516679328943
-645.516689600717
-645.516699748597
-645.516709743387
-645.516620422795
-645.516630281902
-645.516639959291
-645.516649454776
-645.516658798452
-645.516668015609
-645.516677109800
-645.516686092799
-645.516694998714
-645.516703864973
-645.516623437539
-645.516632464464
-645.516641488228
-645.516650521406
-645.516659566625
-645.516668613787
-645.516677655209
-645.516686676651
-645.516695650371
-645.516704554987
-645.516624327217
-645.516633237022
-645.516642022600
-645.516650681287
-645.516659202429
-645.516667570940
-645.516675795758
-645.516683899733
-645.516691890549
-645.516699771860
-645.516628894520
-645.516636788099
-645.516644636781
-645.516652444070
-645.516660218624
-645.516667990781
-645.516675782367
-645.516683574020
-645.516691349355
-645.516699132593
-645.516628125689
-645.516636096648
-645.516644062551
-645.516652029637
-645.516659993982
-645.516667952105
-645.516675909410
-645.516683873694
-645.516691853385
-645.516699844627
-645.516627189374
-645.516635353633
-645.516643553920
-645.516651791118
-645.516660056494
-645.516668345699
-645.516676655443
-645.516684992324
-645.516693365113
-645.516701762668
-645.516625448145
-645.516634012687
-645.516642587008
-645.516651160545
-645.516659721541
-645.516668275215
-645.516676829397
-645.516685365528
-645.516693857348
-645.516702312073
-645.516625755825
-645.516634310497
-645.516642809296
-645.516651246434
-645.516659630287
-645.516667958375
-645.516676218811
-645.516684413548
-645.516692559672
-645.516700658220
-645.516627773081
-645.516635894364
-645.516644005713
-645.516652129701
-645.516660265717
-645.516668425676
-645.516676633142
-645.516684909310
-645.516693279726
-645.516701763957
-645.516623733046
-645.516632595280
-645.516641570152
-645.516650650760
-645.516659829885
-645.516669103615
-645.516678447928
-645.516687821123
-645.516697185841
-645.516706517188
-645.516622091566
-645.516631516962
-645.516640834989
-645.516649987681
-645.516658974273
-645.516667806371
-645.516676461665
-645.516684920761
-645.516693182246
-645.516701238664
-645.516629812694
-645.516637648141
-645.516645330182
-645.516652879979
-645.516660294382
-645.516667575697
-645.516674772093
-645.516681947731
-645.516689129284
-645.516696322652
-645.516630471894
-645.516637943112
-645.516645530634
-645.516653264766
-645.516661166774
-645.516669242291
-645.516677491422
-645.516685921827
-645.516694538596
-645.516703330379
-645.516621927560
-645.516631198508
-645.516640570118
-645.516650006236
-645.516659485299
-645.516668988302
-645.516678481950
-645.516687928594
-645.516697306583
-645.516706612329
-645.516622702155
-645.516632034080
-645.516641283600
-645.516650473725
-645.516659615110
-645.516668705697
-645.516677766423
-645.516686840936
-645.516695950300
-645.516705084714
-645.516621775050
-645.516631187987
-645.516640658355
-645.516650179016
-645.516659746423
-645.516669348270
-645.516678966198
-645.516688592620
-645.516698222056
-645.516707848665
-645.516620481390
-645.516630261521
-645.516640008362
-645.516649738617
-645.516659456107
-645.516669154804
-645.516678848586
-645.516688542989
-645.516698225199
-645.516707906110
-645.516619811550
-645.516629700925
-645.516639578504
-645.516649445449
-645.516659300428
-645.516669135035
-645.516678935326
-645.516688689728
-645.516698404375
-645.516708080136
-645.516620650246
-645.516630400720
-645.516640114526
-645.516649799816
-645.516659445248
-645.516669051170
-645.516678631382
-645.516688190625
-645.516697721627
-645.516707218840
-645.516621166566
-645.516630776189
-645.516640311827
-645.516649761883
-645.516659121148
-645.516668377607
-645.516677513172
-645.516686517440
-645.516695396643
-645.516704165019
-645.516625293109
-645.516634064957
-645.516642780420
-645.516651460747
-645.516660140475
-645.516668861699
-645.516677652491
-645.516686524216
-645.516695484144
-645.516704543276
-645.516621245109
-645.516630675398
-645.516640170394
-645.516649710113
-645.516659254454
-645.516668751398
-645.516678172559
-645.516687503751
-645.516696719256
-645.516705789057
-645.516624903937
-645.516633810170
-645.516642587907
-645.516651266431
-645.516659862564
-645.516668417208
-645.516676978183
-645.516685579666
-645.516694269573
-645.516703098616
-645.516621572956
-645.516630874660
-645.516640338973
-645.516649957356
-645.516659728088
-645.516669640393
-645.516679643564
-645.516689679188
-645.516699719534
-645.516709748013
-645.516619174021
-645.516629263214
-645.516639274468
-645.516649208702
-645.516659086965
-645.516668933270
-645.516678775562
-645.516688658408
-645.516698622325
-645.516708682453
-645.516616419671
-645.516626909985
-645.516637583350
-645.516648420485
-645.516659390702
-645.516670469155
-645.516681622943
-645.516692804036
-645.516703951502
-645.516715005672
-645.516615990352
-645.516626878394
-645.516637510531
-645.516647865929
-645.516657947910
-645.516667748358
-645.516677269591
-645.516686541445
-645.516695606940
-645.516704521868
-645.516624439467
-645.516633371006
-645.516642322634
-645.516651348587
-645.516660491964
-645.516669790212
-645.516679267896
-645.516688930144
-645.516698776361
-645.516708788224
-645.516616921184
-645.516627293699
-645.516637725828
-645.516648171863
-645.516658570870
-645.516668870846
-645.516679034725
-645.516689041915
-645.516698873650
-645.516708510531
-645.516622831079
-645.516632247940
-645.516641481838
-645.516650557345
-645.516659534180
-645.516668452838
-645.516677325812
-645.516686177078
-645.516695049830
-645.516703988255
-645.516622049900
-645.516631330901
-645.516640714939
-645.516650202868
-645.516659795952
-645.516669490698
-645.516679273603
-645.516689116239
-645.516698981079
-645.516708842308
-645.516619652180
-645.516629593010
-645.516639460497
-645.516649241895
-645.516658924352
-645.516668489736
-645.516677946387
-645.516687319138
-645.516696612775
-645.516705831863
-645.516622658321
-645.516631968369
-645.516641307449
-645.516650694197
-645.516660149925
-645.516669716607
-645.516679426882
-645.516689274971
-645.516699257471
-645.516709391026
-645.516616180719
-645.516626735772
-645.516637389874
-645.516648121020
-645.516658892253
-645.516669662004
-645.516680396397
-645.516691072434
-645.516701662461
-645.516712126998
-645.516618623328
-645.516628921288
-645.516639044393
-645.516648991448
-645.516658768414
-645.516668373589
-645.516677808114
-645.516687088833
-645.516696240532
-645.516705286284
-645.516624052912
-645.516633068266
-645.516642032508
-645.516650970755
-645.516659902458
-645.516668861395
-645.516677889194
-645.516687003355
-645.516696211825
-645.516705547697
-645.516619240922
-645.516629115326
-645.516639210946
-645.516649534074
-645.516660098896
-645.516670917131
-645.516681987525
-645.516693294744
-645.516704812229
-645.516716504746
-645.516609311472
-645.516621391785
-645.516633498415
-645.516645585287
-645.516657590982
-645.516669453995
-645.516681123895
-645.516692567991
-645.516703779668
-645.516714753543
-645.516617522552
-645.516628174981
-645.516638634773
-645.516648933819
-645.516659104141
-645.516669206929
-645.516679306254
-645.516689444757
-645.516699641513
-645.516709910464
-645.516615786296
-645.516626465378
-645.516637253543
-645.516648105832
-645.516658998640
-645.516669898799
-645.516680752406
-645.516691514071
-645.516702151008
-645.516712626077
-645.516619506824
-645.516629685699
-645.516639625026
-645.516649360418
-645.516658904464
-645.516668258357
-645.516677443370
-645.516686505915
-645.516695506584
-645.516704491949
-645.516622887652
-645.516632049401
-645.516641242688
-645.516650474401
-645.516659752979
-645.516669080846
-645.516678440299
-645.516687795968
-645.516697104124
-645.516706338593
-645.516623141385
-645.516632406658
-645.516641594848
-645.516650676215
-645.516659659493
-645.516668591800
-645.516677523165
-645.516686474070
-645.516695456547
-645.516704500266
-645.516621706122
-645.516631075795
-645.516640568746
-645.516650196931
-645.516659936746
-645.516669737486
-645.516679551309
-645.516689358826
-645.516699145949
-645.516708854082
-645.516622208195
-645.516631710629
-645.516640997722
-645.516650058227
-645.516658888551
-645.516667488996
-645.516675875730
-645.516684086219
-645.516692153961
-645.516700123052
-645.516628009302
-645.516636129034
-645.516644318318
-645.516652602648
-645.516661019197
-645.516669607559
-645.516678390529
-645.516687353511
-645.516696462508
-645.516705696943
-645.516621000317
-645.516630549047
-645.516640106639
-645.516649638367
-645.516659109060
-645.516668471074
-645.516677681660
-645.516686732603
-645.516695637994
-645.516704397990
-645.516626338258
-645.516634941664
-645.516643438230
-645.516651871132
-645.516660268549
-645.516668656945
-645.516677078932
-645.516685569639
-645.516694140223
-645.516702804607
-645.516623051870
-645.516632134347
-645.516641362515
-645.516650713182
-645.516660161621
-645.516669709755
-645.516679365425
-645.516689109289
-645.516698905042
-645.516708722144
-645.516619577040
-645.516629564856
-645.516639543412
-645.516649498636
-645.516659422715
-645.516669298886
-645.516679104563
-645.516688843708
-645.516698544760
-645.516708219341
-645.516620923791
-645.516630617604
-645.516640246192
-645.516649856979
-645.516659453343
-645.516669005169
-645.516678510266
-645.516687988333
-645.516697449686
-645.516706896793
-645.516621326657
-645.516630906132
-645.516640490488
-645.516650070830
-645.516659654297
-645.516669276115
-645.516678955874
-645.516688684840
-645.516698463246
-645.516708312035
-645.516618187969
-645.516628382903
-645.516638684071
-645.516649085927
-645.516659594874
-645.516670215879
-645.516680934744
-645.516691727304
-645.516702580528
-645.516713488449
-645.516614378443
-645.516625457364
-645.516636493202
-645.516647486956
-645.516658430432
-645.516669293205
-645.516680053367
-645.516690727608
-645.516701347849
-645.516711919510
-645.516616514945
-645.516627197707
-645.516637931119
-645.516648733993
-645.516659626633
-645.516670651128
-645.516681844642
-645.516693220030
-645.516704768575
-645.516716483135
-645.516608764652
-645.516620975926
-645.516633293631
-645.516645673553
-645.516658086165
-645.516670499892
-645.516682872064
-645.516695155595
-645.516707322353
-645.516719373884
-645.516611137374
-645.516623122303
-645.516634983228
-645.516646755510
-645.516658494949
-645.516670232950
-645.516681977996
-645.516693767632
-645.516705658350
-645.516717663526
-645.516607959408
-645.516620339696
-645.516632837413
-645.516645424985
-645.516658042354
-645.516670641616
-645.516683210035
-645.516695718301
-645.516708089381
-645.516720268464
-645.516611552128
-645.516623533990
-645.516635305187
-645.516646865231
-645.516658246625
-645.516669497147
-645.516680661675
-645.516691778491
-645.516702900695
-645.516714094141
-645.516611552119
-645.516623178984
-645.516634985029
-645.516646992717
-645.516659220202
-645.516671661604
-645.516684283392
-645.516697057880
-645.516709969331
-645.516722982016
-645.516604801616
-645.516618006361
-645.516631180254
-645.516644315882
-645.516657365855
-645.516670274581
-645.516683048029
-645.516695712233
-645.516708246879
-645.516720622646
-645.516610002768
-645.516622231494
-645.516634307388
-645.516646204492
-645.516657906163
-645.516669412335
-645.516680696962
-645.516691707208
-645.516702422473
-645.516712850995
-645.516621105748
-645.516631034303
-645.516640618718
-645.516649877564
-645.516658852133
-645.516667583987
-645.516676103426
-645.516684448770
-645.516692682140
-645.516700882326
-645.516626215785
-645.516634638238
-645.516643173271
-645.516651876302
-645.516660771664
-645.516669849613
-645.516679106608
-645.516688546068
-645.516698142443
-645.516707827882
-645.516619829361
-645.516629665956
-645.516639469027
-645.516649159891
-645.516658664111
-645.516667971663
-645.516677080896
-645.516685959592
-645.516694594537
-645.516703018686
-645.516628127488
-645.516636368148
-645.516644486361
-645.516652534397
-645.516660593958
-645.516668715639
-645.516676913281
-645.516685209686
-645.516693641957
-645.516702235250
-645.516622877613
-645.516631900583
-645.516641044609
-645.516650284096
-645.516659590403
-645.516668928501
-645.516678256487
-645.516687538339
-645.516696748711
-645.516705848366
-645.516624790093
-645.516633698277
-645.516642470020
-645.516651096634
-645.516659552929
-645.516667845075
-645.516676018647
-645.516684114861
-645.516692134429
-645.516700076692
-645.516628384300
-645.516636419448
-645.516644457964
-645.516652497126
-645.516660575663
-645.516668720470
-645.516676910420
-645.516685118475
-645.516693357569
-645.516701659184
-645.516625940178
-645.516634436320
-645.516642940355
-645.516651470435
-645.516660040329
-645.516668641866
-645.516677268112
-645.516685928489
-645.516694629600
-645.516703364586
-645.516623971659
-645.516632894040
-645.516641877779
-645.516650912472
-645.516659968222
-645.516669027417
-645.516678108607
-645.516687221329
-645.516696321233
-645.516705354878
-645.516624197810
-645.516633202673
-645.516642126879
-645.516650925315
-645.516659577769
-645.516668103413
-645.516676501761
-645.516684744599
-645.516692842839
-645.516700845079
-645.516629000790
-645.516636946630
-645.516644819728
-645.516652674729
-645.516660562812
-645.516668487743
-645.516676446672
-645.516684478422
-645.516692611587
-645.516700828518
-645.516625685220
-645.516634177813
-645.516642752848
-645.516651380112
-645.516660021171
-645.516668647491
-645.516677256446
-645.516685840347
-645.516694361553
-645.516702784202
-645.516627448204
-645.516635775464
-645.516644023409
-645.516652198309
-645.516660289258
-645.516668317763
-645.516676332887
-645.516684362001
-645.516692422773
-645.516700560453
-645.516625689627
-645.516634198699
-645.516642831337
-645.516651629226
-645.516660648235
-645.516669878580
-645.516679272809
-645.516688828041
-645.516698571374
-645.516708491353
-645.516617550546
-645.516627813448
-645.516638168580
-645.516648588448
-645.516659005930
-645.516669394352
-645.516679764366
-645.516690077403
-645.516700267974
-645.516710315277
-645.516620696149
-645.516630546436
-645.516640196522
-645.516649635448
-645.516658858108
-645.516667848308
-645.516676590027
-645.516685102952
-645.516693418407
-645.516701533439
-645.516629783361
-645.516637642973
-645.516645367867
-645.516652971593
-645.516660490746
-645.516667974018
-645.516675437954
-645.516682870017
-645.516690284168
-645.516697735242
-645.516629606448
-645.516637242565
-645.516644874211
-645.516652516360
-645.516660155579
-645.516667760273
-645.516675321402
-645.516682831206
-645.516690260083
-645.516697574605
-645.516632288204
-645.516639504896
-645.516646651333
-645.516653709825
-645.516660689299
-645.516667637459
-645.516674591354
-645.516681585607
-645.516688671022
-645.516695878831
-645.516629336604
-645.516636941853
-645.516644759252
-645.516652808364
-645.516661077119
-645.516669555215
-645.516678239024
-645.516687104190
-645.516696109646
-645.516705228869
-645.516621748057
-645.516631125676
-645.516640469425
-645.516649737709
-645.516658924363
-645.516668003822
-645.516676921017
-645.516685648995
-645.516694194069
-645.516702546533
-645.516628788202
-645.516636856832
-645.516644764537
-645.516652514591
-645.516660107424
-645.516667561159
-645.516674909152
-645.516682179903
-645.516689381840
-645.516696513528
-645.516632574544
-645.516639671569
-645.516646727078
-645.516653754980
-645.516660734070
-645.516667642740
-645.516674492831
-645.516681301249
-645.516688063189
-645.516694770701
-645.516634222610
-645.516640984335
-645.516647720086
-645.516654425189
-645.516661148956
-645.516667938077
-645.516674776344
-645.516681652315
-645.516688613544
-645.516695704019
-645.516630135558
-645.516637585926
-645.516645169476
-645.516652913541
-645.516660809490
-645.516668825140
-645.516676962299
-645.516685244775
-645.516693655332
-645.516702150609
-645.516624428220
-645.516633201171
-645.516642035303
-645.516650914879
-645.516659836222
-645.516668782748
-645.516677733826
-645.516686693725
-645.516695670063
-645.516704653174
-645.516623219359
-645.516632331623
-645.516641432495
-645.516650513909
-645.516659582297
-645.516668645735
-645.516677702194
-645.516686720643
-645.516695670507
-645.516704580060
-645.516623877350
-645.516632857199
-645.516641758024
-645.516650611767
-645.516659442879
-645.516668239233
-645.516677001560
-645.516685758029
-645.516694537836
-645.516703341750
-645.516623469596
-645.516632437301
-645.516641482100
-645.516650594545
-645.516659744396
-645.516668929563
-645.516678148956
-645.516687380927
-645.516696595162
-645.516705759941
-645.516623516164
-645.516632606595
-645.516641541406
-645.516650296606
-645.516658853181
-645.516667189196
-645.516675304166
-645.516683196457
-645.516690847800
-645.516698283095
-645.516632263823
-645.516639529211
-645.516646668611
-645.516653716614
-645.516660744676
-645.516667809470
-645.516674918827
-645.516682071354
-645.516689312646
-645.516696681423
-645.516628994573
-645.516636611972
-645.516644307014
-645.516652082522
-645.516659867246
-645.516667597917
-645.516675276246
-645.516682902382
-645.516690422690
-645.516697788122
-645.516632317925
-645.516639502180
-645.516646544885
-645.516653438232
-645.516660206763
-645.516666898585
-645.516673543072
-645.516680147573
-645.516686745351
-645.516693386206
-645.516632661819
-645.516639546324
-645.516646539850
-645.516653626334
-645.516660799861
-645.516668093049
-645.516675492421
-645.516682934391
-645.516690394760
-645.516697877979
-645.516630246804
-645.516637735310
-645.516645110635
-645.516652377312
-645.516659529153
-645.516666492156
-645.516673218142
-645.516679753840
-645.516686118287
-645.516692240524
-645.516639224216
-645.516644918369
-645.516650430099
-645.516655722969
-645.516660767178
-645.516665616594
-645.516670333755
-645.516674901051
-645.516679299421
-645.516683592379
-645.516644886062
-645.516649181846
-645.516653454208
-645.516657753224
-645.516662142583
-645.516666661039
-645.516671325961
-645.516676170701
-645.516681244076
-645.516686571259
-645.516635853083
-645.516641803516
-645.516648035416
-645.516654538203
-645.516661304521
-645.516668301373
-645.516675464009
-645.516682755273
-645.516690159587
-645.516697602478
-645.516630814723
-645.516638143832
-645.516645324288
-645.516652291386
-645.516658947338
-645.516665239408
-645.516671166381
-645.516676719609
-645.516681853394
-645.516686547933
-645.516647361660
-645.516651422239
-645.516655137719
-645.516658534934
-645.516661724848
-645.516664778982
-645.516667710342
-645.516670563467
-645.516673409734
-645.516676302397
-645.516649400457
-645.516652521258
-645.516655723954
-645.516659023847
-645.516662411792
-645.516665850228
-645.516669308901
-645.516672753996
-645.516676147057
-645.516679464473
-645.516650420760
-645.516653524181
-645.516656463935
-645.516659264767
-645.516661908321
-645.516664376683
-645.516666719524
-645.516669007554
-645.516671258231
-645.516673471538
-645.516652962278
-645.516655367037
-645.516657891956
-645.516660505499
-645.516663226236
-645.516666104893
-645.516669124814
-645.516672205344
-645.516675301750
-645.516678417627
-645.516649997373
-645.516653068231
-645.516655980254
-645.516658726727
-645.516661287456
-645.516663623169
-645.516665728268
-645.516667639915
-645.516669392335
-645.516671006079
-645.516656789418
-645.516658355080
-645.516659953227
-645.516661642173
-645.516663468005
-645.516665448518
-645.516667607337
-645.516669979689
-645.516672557001
-645.516675287579
-645.516649305817
-645.516652286642
-645.516655291803
-645.516658238193
-645.516661020446
-645.516663592899
-645.516665949435
-645.516668019016
-645.516669723265
-645.516671082744
-645.516661230132
-645.516662062117
-645.516662612186
-645.516662945110
-645.516663144676
-645.516663277219
-645.516663382160
-645.516663523139
-645.516663797971
-645.516664249629
-645.516658514911
-645.516659387271
-645.516660479609
-645.516661783921
-645.516663255614
-645.516664846056
-645.516666514258
-645.516668231996
-645.516669966381
-645.516671667526
-645.516656865386
-645.516658461776
-645.516659956859
-645.516661353130
-645.516662638503
-645.516663825973
-645.516664967291
-645.516666096377
-645.516667212935
-645.516668340201
-645.516657138225
-645.516658537513
-645.516660035574
-645.516661613466
-645.516663309731
-645.516665148527
-645.516667076193
-645.516669040648
-645.516671055614
-645.516673126796
-645.516653983986
-645.516656046145
-645.516658037366
-645.516659986956
-645.516661853882
-645.516663579594
-645.516665177778
-645.516666683692
-645.516668088708
-645.516669380571
-645.516658044750
-645.516659232511
-645.516660347963
-645.516661381459
-645.516662343401
-645.516663264892
-645.516664140848
-645.516664946163
-645.516665689481
-645.516666372642
-645.516660469550
-645.516661077759
-645.516661634758
-645.516662099549
-645.516662457645
-645.516662743541
-645.516662967469
-645.516663107286
-645.516663153730
-645.516663125461
-645.516663574394
-645.516663480528
-645.516663286400
-645.516663036343
-645.516662775747
-645.516662457027
-645.516662035518
-645.516661566576
-645.516661107789
-645.516660631938
-645.516665251838
-645.516664770898
-645.516664321819
-645.516663894612
-645.516663478679
-645.516663117715
-645.516662854568
-645.516662669288
-645.516662532787
-645.516662478535
-645.516661748002
-645.516661983246
-645.516662287189
-645.516662662596
-645.516663112713
-645.516663605097
-645.516664118009
-645.516664647235
-645.516665161957
-645.516665614701
-645.516662062641
-645.516662388359
-645.516662595731
-645.516662648506
-645.516662532895
-645.516662248632
-645.516661761539
-645.516661040394
-645.516660116564
-645.516659019712
-645.516670238688
-645.516668762929
-645.516667096056
-645.516665280379
-645.516663324474
-645.516661227262
-645.516659023924
-645.516656765519
-645.516654453817
-645.516652082860
-645.516672848950
-645.516670599892
-645.516668396514
-645.516666224598
-645.516664121335
-645.516662116527
-645.516660211196
-645.516658398081
-645.516656670809
-645.516655029318
-645.516668656751
-645.516667225029
-645.516665860822
-645.516664568084
-645.516663328732
-645.516662132980
-645.516660988767
-645.516659893903
-645.516658851917
-645.516657887690
-645.516665540931
-645.516664785716
-645.516664085292
-645.516663470518
-645.516662940795
-645.516662453787
-645.516661985326
-645.516661532804
-645.516661062283
-645.516660511323
-645.516666301039
-645.516665563863
-645.516664659235
-645.516663512091
-645.516662073549
-645.516660359427
-645.516658377552
-645.516656096056
-645.516653517354
-645.516650690448
-645.516677750183
-645.516674591194
-645.516671313807
-645.516667994724
-645.516664696743
-645.516661458053
-645.516658319683
-645.516655342736
-645.516652565476
-645.516649989515
-645.516671024772
-645.516668895370
-645.516666893801
-645.516664982592
-645.516663126981
-645.516661247891
-645.516659254584
-645.516657079312
-645.516654666723
-645.516651963623
-645.516679019460
-645.516675632452
-645.516671856755
-645.516667685047
-645.516663087732
-645.516658102505
-645.516652808948
-645.516647230952
-645.516641381336
-645.516635331794
-645.516690385388
-645.516684206050
-645.516677973814
-645.516671728953
-645.516665532204
-645.516659410099
-645.516653341389
-645.516647331829
-645.516641418639
-645.516635594624
-645.516687257281
-645.516681600912
-645.516676004254
-645.516670444640
-645.516664899169
-645.516659379999
-645.516653900561
-645.516648443954
-645.516642996985
-645.516637577079
-645.516685709956
-645.516680446713
-645.516675231057
-645.516670073718
-645.516664980780
-645.516659944999
-645.516654969436
-645.516650078938
-645.516645273065
-645.516640517082
-645.516682449517
-645.516677896721
-645.516673419100
-645.516668985461
-645.516664608005
-645.516660308137
-645.516656070586
-645.516651866601
-645.516647697487
-645.516643588493
-645.516679601396
-645.516675605194
-645.516671601930
-645.516667615561
-645.516663611406
-645.516659537869
-645.516655403819
-645.516651221374
-645.516646949592
-645.516642542767
-645.516682887567
-645.516678300896
-645.516673602402
-645.516668751662
-645.516663753032
-645.516658646952
-645.516653430422
-645.516648089815
-645.516642663429
-645.516637182300
-645.516686788599
-645.516681206156
-645.516675580824
-645.516669938210
-645.516664266581
-645.516658549167
-645.516652790240
-645.516646993112
-645.516641136962
-645.516635203378
-645.516689110365
-645.516683062024
-645.516676867722
-645.516670500970
-645.516663975167
-645.516657269072
-645.516650327791
-645.516643139444
-645.516635714575
-645.516628021428
-645.516699915827
-645.516691728488
-645.516683311678
-645.516674653720
-645.516665743362
-645.516656630004
-645.516647396318
-645.516638077828
-645.516628679773
-645.516619271499
-645.516703014283
-645.516693873291
-645.516684858611
-645.516676055682
-645.516667532001
-645.516659271173
-645.516651249301
-645.516643496880
-645.516636042613
-645.516628837754
-645.516691664644
-645.516684818294
-645.516678084104
-645.516671369609
-645.516664576781
-645.516657669918
-645.516650604673
-645.516643290992
-645.516635659321
-645.516627689673
-645.516701665643
-645.516693044317
-645.516684025654
-645.516674629243
-645.516664886144
-645.516654800084
-645.516644399365
-645.516633750249
-645.516622883793
-645.516611805635
-645.516712202563
-645.516700929508
-645.516689565956
-645.516678124149
-645.516666644235
-645.516655156611
-645.516643656655
-645.516632147423
-645.516620674265
-645.516609277054
-645.516710949180
-645.516699733211
-645.516688604565
-645.516677613255
-645.516666744392
-645.516655965714
-645.516645303161
-645.516634777384
-645.516624334179
-645.516613923170
-645.516707319381
-645.516697025104
-645.516686656925
-645.516676140697
-645.516665440636
-645.516654527029
-645.516643342829
-645.516631818836
-645.516619933721
-645.516607703436
-645.516720921559
-645.516708063230
-645.516694908974
-645.516681522834
-645.516667952247
-645.516654271737
-645.516640570779
-645.516626933144
-645.516613447197
-645.516600186096
-645.516716624525
-645.516704023152
-645.516691760713
-645.516679853306
-645.516668282404
-645.516656985395
-645.516645898922
-645.516634974437
-645.516624125723
-645.516613238140
-645.516711473699
-645.516700340315
-645.516688918758
-645.516677115026
-645.516664883276
-645.516652223265
-645.516639118549
-645.516625524719
-645.516611455134
-645.516596993052
-645.516729223044
-645.516714210086
-645.516698954760
-645.516683551349
-645.516668059891
-645.516652524195
-645.516637011609
-645.516621596568
-645.516606311619
-645.516591148852
-645.516725819204
-645.516711061379
-645.516696476598
-645.516682029736
-645.516667697757
-645.516653466955
-645.516639305553
-645.516625180043
-645.516611082078
-645.516596999330
-645.516723703850
-645.516709615948
-645.516695470076
-645.516681271338
-645.516666989168
-645.516652610675
-645.516638147197
-645.516623591915
-645.516608929096
-645.516594167158
-645.516727430851
-645.516712625769
-645.516697717747
-645.516682701504
-645.516667629031
-645.516652519943
-645.516637334869
-645.516622073367
-645.516606783801
-645.516591474578
-645.516729390700
-645.516714106726
-645.516698830150
-645.516683563493
-645.516668275962
-645.516652968872
-645.516637678767
-645.516622405824
-645.516607109538
-645.516591782417
-645.516729072506
-645.516713830554
-645.516698530988
-645.516683163728
-645.516667750751
-645.516652284227
-645.516636725885
-645.516621073212
-645.516605350389
-645.516589549034
-645.516731549260
-645.516715693261
-645.516699792153
-645.516683838217
-645.516667837163
-645.516651825627
-645.516635835630
-645.516619872582
-645.516603940620
-645.516588067102
-645.516729432868
-645.516713823812
-645.516698302224
-645.516682893654
-645.516667589070
-645.516652350125
-645.516637169570
-645.516622064436
-645.516607013232
-645.516591958700
-645.516727344035
-645.516712340687
-645.516697266350
-645.516682071663
-645.516666751742
-645.516651303641
-645.516635680476
-645.516619846604
-645.516603820016
-645.516587626496
-645.516734426972
-645.516717983563
-645.516701365663
-645.516684617678
-645.516667745770
-645.516650751087
-645.516633681998
-645.516616569136
-645.516599390102
-645.516582153560
-645.516736478630
-645.516719377529
-645.516702257189
-645.516685111113
-645.516667971781
-645.516650847511
-645.516633706807
-645.516616545039
-645.516599393959
-645.516582245637
-645.516736066364
-645.516718997150
-645.516701949791
-645.516684906375
-645.516667824082
-645.516650713101
-645.516633609489
-645.516616490432
-645.516599295463
-645.516582022608
-645.516737179362
-645.516719888941
-645.516702427875
-645.516684803980
-645.516667029412
-645.516649045485
-645.516630802424
-645.516612326016
-645.516593649218
-645.516574745932
-645.516746325062
-645.516727130191
-645.516707811432
-645.516688368329
-645.516668806998
-645.516649208371
-645.516629637752
-645.516610085561
-645.516590553898
-645.516571103278
-645.516744581938
-645.516725462873
-645.516706372806
-645.516687325688
-645.516668304735
-645.516649229335
-645.516630047854
-645.516610754174
-645.516591302428
-645.516571617464
-645.516750587835
-645.516730573956
-645.516710325657
-645.516689816405
-645.516669065451
-645.516648146950
-645.516627108203
-645.516605966483
-645.516584793416
-645.516563684190
-645.516751989716
-645.516731253420
-645.516710700152
-645.516690392005
-645.516670315414
-645.516650438134
-645.516630770223
-645.516611315691
-645.516592011683
-645.516572781657
-645.516744298774
-645.516725283223
-645.516706192250
-645.516686946303
-645.516667531715
-645.516647934658
-645.516628094526
-645.516607963666
-645.516587558380
-645.516566902961
-645.516753894125
-645.516732879146
-645.516711658332
-645.516690268053
-645.516668700651
-645.516646979529
-645.516625166108
-645.516603292712
-645.516581357172
-645.516559369024
-645.516756296204
-645.516734455052
-645.516712598340
-645.516690736325
-645.516668886765
-645.516647036090
-645.516625167042
-645.516603303008
-645.516581469151
-645.516559651100
-645.516754985857
-645.516733390508
-645.516711845986
-645.516690333949
-645.516668850736
-645.516647432850
-645.516626086252
-645.516604764858
-645.516583455958
-645.516562192572
-645.516752683269
-645.516731617913
-645.516710508916
-645.516689370264
-645.516668181081
-645.516646880432
-645.516625443191
-645.516603895301
-645.516582223296
-645.516560360618
-645.516758573524
-645.516736539702
-645.516714345384
-645.516691947136
-645.516669355413
-645.516646620290
-645.516623742263
-645.516600695406
-645.516577513189
-645.516554256051
-645.516763372132
-645.516740152069
-645.516716864732
-645.516693560029
-645.516670235755
-645.516646871659
-645.516623485164
-645.516600103877
-645.516576709220
-645.516553264427
-645.516763080295
-645.516739808598
-645.516716480795
-645.516693047380
-645.516669531157
-645.516645939072
-645.516622219220
