                  Welcome to Q-Chem
     A Quantum Leap Into The Future Of Chemistry


 Q-Chem 6.3 (devel), Q-Chem, Inc., Pleasanton, CA (2025)

 E. Epifanovsky,  A. T. B. Gilbert,  Xintian Feng,  Joonho Lee,  Yuezhi Mao,  
 N. Mardirossian,  P. Pokhilko,  A. White,  M. Wormit,  M. P. Coons,  
 A. L. Dempwolff,  Zhengting Gan,  D. Hait,  P. R. Horn,  L. D. Jacobson,  
 I. Kaliman,  J. Kussmann,  A. W. Lange,  Ka Un Lao,  D. S. Levine,  Jie Liu,  
 S. C. McKenzie,  A. F. Morrison,  K. D. Nanda,  F. Plasser,  D. R. Rehn,  
 M. L. Vidal,  Zhi-Qiang You,  Ying Zhu,  Huseyin Aksu,  B. Alam,  
 B. Albrecht,  A. Aldossary,  E. Alguire,  J. H. Andersen,  
 J. E. Arias-Martinez,  V. Athavale,  F. Ballesteros,  D. Barton,  K. Begam,  
 A. Behn,  N. Bellonzi,  Y. A. Bernard,  E. J. Berquist,  H. Burton,  
 S. Camps,  A. Carreras,  K. Carter-Fenk,  Mathew Chow,  Romit Chakraborty,  
 Chandrima Chakravarty,  Junhan Chen,  A. D. Chien,  K. D. Closser,  
 V. Cofer-Shabica,  L. Cunha,  S. Dasgupta,  Jia Deng,  Joseph Dickinson,  
 M. de Wergifosse,  M. Diedenhofen,  L. B. Dittmer,  Hainam Do,  Wenjie Dou,  
 S. Ehlert,  Po-Tung Fang,  S. Fatehi,  Qingguo Feng,  Jonathan Fetherolf,  
 T. Friedhoff,  Thomas Froitzheim,  Sarai Folkestad,  B. Ganoe,  J. Gayvert,  
 Qinghui Ge,  G. Gidofalvi,  M. Gimferrer,  G. Giudetti,  M. Goldey,  
 Montgomery Gray,  J. Gomes,  C. Gonzalez-Espinoza,  S. Gulania,  A. Gunina,  
 J. A. Gyamfi,  M. W. D. Hanson-Heine,  P. H. P. Harbach,  A. W. Hauser,  
 M. F. Herbst,  M. Hernandez Vera,  M. Hodecker,  Z. C. Holden,  S. Houck,  
 Xunkun Huang,  Kerwin Hui,  B. C. Huynh,  K. Ikeda,  M. Ivanov,  
 Nayanthara K. Jayadev,  Hyunjun Ji,  Zuxin Jin,  Hanjie Jiang,  
 Subrata Jana,  B. Kaduk,  S. Kaehler,  R. Kang,  Richard Kang,  
 K. Khistyaev,  Jaehoon Kim,  Yongbin Kim,  P. Klunzinger,  Z. Koczor-Benda,  
 Joong Hoon Koh,  D. Kosenkov,  Saikiran Kotaru,  L. Koulias,  T. Kowalczyk,  
 C. M. Krauter,  K. Kue,  A. Kunitsa,  T. Kus,  A. Landau,  C. W. Lander,  
 K. V. Lawler,  D. Lefrancois,  S. Lehtola,  Rain Li,  Shaozhi Li,  
 Tao E. Li,  Yi-Pei Li,  Jiashu Liang,  M. Liebenthal,  Hung-Hsuan Lin,  
 You-Sheng Lin,  Fenglai Liu,  Kuan-Yu Liu,  Xiao Liu,  M. Loipersberger,  
 A. Luenser,  C. Malbon,  Aniket Mandal,  Manisha,  A. Manjanath,  
 P. Manohar,  E. Mansoor,  S. F. Manzer,  Shan-Ping Mao,  A. V. Marenich,  
 T. Markovich,  S. Mason,  F. Matz,  S. A. Maurer,  Samuel May,  
 Alexandra McIsaac,  P. F. McLaughlin,  M. F. S. J. Menger,  J.-M. Mewes,  
 S. A. Mewes,  R. E. Moorby,  P. Morgante,  Mohammad Mostafanejad,  
 Madhubani Mukherjee,  J. W. Mullinax,  Quyen Nguyen,  Avik Kumar Ojha,  
 K. J. Oosterbaan,  Eno Paenurk,  Xiaoliang Pan,  G. Paran,  V. Parravicini,  
 R. L. Patterson,  Alexander C. Paul,  Suranjan K. Paul,  F. Pavosevic,  
 Zheng Pei,  P. Pokhilko,  S. Prager,  E. I. Proynov,  E. Ramos,  B. Rana,  
 A. E. Rask,  A. Rettig,  R. M. Richard,  F. Rob,  E. Rossomme,  S. Roy,  
 T. Scheele,  M. Scheurer,  M. Schneider,  P. E. Schneider,  Tim K. Schramm,  
 N. Sergueev,  S. M. Sharada,  Hengyuan Shen,  W. Skomorowski,  D. W. Small,  
 C. J. Stein,  Alistair J. Sterling,  Yingli Su,  Yu-Chuan Su,  
 E. J. Sundstrom,  J. Talbot,  J. A. Tan,  Zhen Tao,  Hung-Hsuan Teh,  
 J. Thirman,  C. Titeca,  N. Tkachenko,  Hung-Yi Tsai,  T. Tsuchimochi,  
 N. M. Tubman,  C. Utku,  S. P. Veccham,  O. Vydrov,  Z. Wang,  Rahel Weiss,  
 J. Wenzel,  Jonathan Wong,  J. Witte,  H. Wu,  Yanze Wu,  A. Yamada,  
 Chou-Hsun Yang,  Kun Yao,  S. Yeganeh,  S. R. Yost,  Qi Yu,  A. Zech,  
 F. Zeller,  Chongxiao Zhao,  T. Zhao,  Igor Ying Zhang,  Xing Zhang,  
 Yu Zhang,  D. Zuev,  A. Aspuru-Guzik,  A. T. Bell,  N. A. Besley,  
 K. B. Bravaya,  B. R. Brooks,  D. Casanova,  Jeng-Da Chai,  Hsing-Ta Chen,  
 S. Coriani,  C. J. Cramer,  A. E. DePrince, III,  R. A. DiStasio Jr.,  
 A. Dreuw,  B. D. Dunietz,  T. R. Furlani,  W. A. Goddard III,  S. Grimme,  
 S. Hammes-Schiffer,  T. Head-Gordon,  W. J. Hehre,  Chao-Ping Hsu,  
 T.-C. Jagau,  Yousung Jung,  A. Klamt,  Jing Kong,  D. S. Lambrecht,  
 Xiangyuan Li,  WanZhen Liang,  N. J. Mayhall,  C. W. McCurdy,  J. B. Neaton,  
 T. Neudecker,  C. Ochsenfeld,  J. A. Parkhill,  R. Peverati,  
 V. A. Rassolov,  Haisheng Ren,  Yihan Shao,  L. V. Slipchenko,  
 R. P. Steele,  J. E. Subotnik,  A. J. W. Thom,  A. Tkatchenko,  
 D. G. Truhlar,  T. Van Voorhis,  Fan Wang,  T. A. Wesolowski,  K. B. Whaley,  
 H. L. Woodcock III,  P. M. Zimmerman,  S. Faraji,  P. M. W. Gill,  
 M. Head-Gordon,  J. M. Herbert,  A. I. Krylov

 Contributors to earlier versions of Q-Chem not listed above: 
 R. D. Adamson,  B. Austin,  R. Baer,  J. Baker,  G. J. O. Beran,  
 K. Brandhorst,  S. T. Brown,  E. F. C. Byrd,  Arup K. Chakraborty,  
 G. K. L. Chan,  Chun-Min Chang,  Yunqing Chen,  C.-L. Cheng,  
 Siu Hung Chien,  D. M. Chipman,  D. L. Crittenden,  H. Dachsel,  
 R. J. Doerksen,  A. D. Dutoi,  R. G. Edgar,  J. Fosso-Tande,  
 L. Fusti-Molnar,  D. Ghosh,  A. Ghysels,  A. Golubeva-Zadorozhnaya,  
 J. Gonthier,  M. S. Gordon,  S. R. Gwaltney,  G. Hawkins,  J. E. Herr,  
 A. Heyden,  S. Hirata,  E. G. Hohenstein,  G. Kedziora,  F. J. Keil,  
 C. Kelley,  Jihan Kim,  R. A. King,  R. Z. Khaliullin,  P. P. Korambath,  
 W. Kurlancheek,  A. Laurent,  A. M. Lee,  M. S. Lee,  S. V. Levchenko,  
 Ching Yeh Lin,  D. Liotard,  E. Livshits,  R. C. Lochan,  I. Lotan,  
 L. A. Martinez-Martinez,  P. E. Maslen,  N. Nair,  D. P. O'Neill,  
 D. Neuhauser,  E. Neuscamman,  C. M. Oana,  R. Olivares-Amaya,  R. Olson,  
 T. M. Perrine,  B. Peters,  P. A. Pieniazek,  A. Prociuk,  Y. M. Rhee,  
 J. Ritchie,  M. A. Rohrdanz,  E. Rosta,  N. J. Russ,  H. F. Schaefer III,  
 M. W. Schmidt,  N. E. Schultz,  S. Sharma,  N. Shenvi,  C. D. Sherrill,  
 A. C. Simmonett,  A. Sodt,  T. Stein,  D. Stuck,  K. S. Thanthiriwatte,  
 V. Vanovschi,  L. Vogt,  Tao Wang,  A. Warshel,  M. A. Watson,  
 C. F. Williams,  Q. Wu,  X. Xu,  Jun Yang,  W. Zhang,  Yan Zhao

   Please cite Q-Chem as follows:
  "Software for the frontiers of quantum chemistry:
   An overview of developments in the Q-Chem 5 package"
   J. Chem. Phys. 155, 084801 (2021)
   https://doi.org/10.1063/5.0055522 (open access)

 Q-Chem 6.3.0 for Intel X86 EM64T Linux

 Parts of Q-Chem use Armadillo 12.8.2 (Cortisol Injector).
 http://arma.sourceforge.net/

 Q-Chem begins on Mon Feb 23 14:47:04 2026  

 Host: della-h14n19
0

 Scratch files written to /scratch/gpfs/SHS/nb2617/nb2617/scratch/qchem845646//
 Executable: /scratch/gpfs/SHS/nb2617/nb2617/project/qchem/exe/qcprog.exe
 Number of threads = 16
 Processing $rem in /scratch/gpfs/SHS/nb2617/nb2617/project/qchem/config/preferences:
 Processing $rem in /home/nb2617/.qchemrc:
 User has disabled the Standard Nuclear Orientation.  Turning symmetry off.

 Checking the input file for inconsistencies... 	...done.

--------------------------------------------------------------
User input:
--------------------------------------------------------------
$molecule
0 1
N       0.0492193183     0.000000000     0.000000000
C       1.2046724221     0.0000000000     0.0000000000
H       2.1221082596     0.0000000000     0.0000000000
$end

$rem
jobtype = opt
NO_REORIENT    TRUE

method = B3LYP
basis = cc-pVDZ
! DFT_D D3_BJ
XC_GRID              	= 000099000590
NL_GRID              	= 000099000590
SCF_ALGORITHM GDM
THRESH 14
SCF_CONVERGENCE 10
max_scf_cycles 500
VIBMAN_PRINT = 7
GEOM_OPT_PRINT = 7
GEOM_OPT_DRIVER = OPTIMIZE


MEM_TOTAL 30000

GEOM_OPT_TOL_GRADIENT 1
GEOM_OPT_TOL_DISPLACEMENT 1
GEOM_OPT_TOL_ENERGY 1
$end
--------------------------------------------------------------
 ----------------------------------------------------------------
             Standard Nuclear Orientation (Angstroms)
    I     Atom           X                Y                Z
 ----------------------------------------------------------------
    1      N       0.0492193183     0.0000000000     0.0000000000
    2      C       1.2046724221     0.0000000000     0.0000000000
    3      H       2.1221082596     0.0000000000     0.0000000000
 ----------------------------------------------------------------
 Nuclear Repulsion Energy =          24.48305734 hartrees
 There are        7 alpha and        7 beta electrons
 Requested basis set is cc-pVDZ
 There are 15 shells and 33 basis functions

 Total QAlloc Memory Limit  30000 MB
 Mega-Array Size       188 MB
 MEM_STATIC part       192 MB

 A cutoff of  1.0D-14 yielded    120 shell pairs
 There are       596 function pairs (       675 Cartesian)
 Smallest overlap matrix eigenvalue = 7.91E-03

 Scale SEOQF with 1.000000e-01/1.000000e+00/1.000000e+00

 Standard Electronic Orientation quadrupole field applied
 Nucleus-field energy     =     0.0000000005 hartrees
 Guess from superposition of atomic densities
 Warning:  Energy on first SCF cycle will be non-variational
 SAD guess density has 14.000000 electrons

 -----------------------------------------------------------------------
  General SCF calculation program by
  Eric Jon Sundstrom, Paul Horn, Yuezhi Mao, Dmitri Zuev, Alec White,
  David Stuck, Shaama M.S., Shane Yost, Joonho Lee, David Small,
  Daniel Levine, Susi Lehtola, Hugh Burton, Evgeny Epifanovsky,
  Bang C. Huynh
 -----------------------------------------------------------------------
 Exchange:     0.2000 Hartree-Fock + 0.0800 Slater + 0.7200 B88
 Correlation:  0.1900 VWN1RPA + 0.8100 LYP
 Using Euler-Maclaurin-Lebedev (99,590) quadrature formula
Added inc_jk
Added qchem_hcore
Added xc
Added P-dependent contribution
 using 16 threads for integral computing
 -------------------------------------------------------
 OpenMP Integral computing Module                
 Release: version 1.0, May 2013, Q-Chem Inc. Pittsburgh 
 -------------------------------------------------------
 A restricted SCF calculation will be
 performed using Roothaan-Hall, GDM
 SCF converges when RMS gradient is below 1.0e-10
 User-specified cutoff of 10e-14
 used for neglect of 2-electron integrals.
 A cutoff of 10e-14
 used for neglect of overlap integrals.
 Incremental Fock algorithm is on at the start.
 ---------------------------------------
  Cycle       Energy         DIIS error
 ---------------------------------------
    1     -93.6296062443      1.34e-01  Roothaan Step
 ---------------------------------------
  Cycle       Energy        RMS Gradient
 ---------------------------------------
    1     -93.3752451203      1.46e-01   Normal BFGS step
    2     -93.2933463605      3.93e-01  Line search: overstep
    3     -93.3990386781      4.33e-02   Normal BFGS step
    4     -93.4004602688      4.15e-02   Normal BFGS step
    5     -93.4048363229      2.24e-03   Normal BFGS step
    6     -93.4048429960      3.26e-04   Normal BFGS step
    7     -93.4048432228      1.82e-05   Normal BFGS step
    8     -93.4048432234      2.71e-06   Normal BFGS step
    9     -93.4048432234      1.85e-07   Normal BFGS step
   10     -93.4048432234      1.10e-07   Normal BFGS step
   11     -93.4048432234      2.87e-08   Normal BFGS step
   12     -93.4048432234      8.11e-09   Normal BFGS step
   13     -93.4048432234      1.60e-09   Normal BFGS step
   14     -93.4048432234      6.80e-10   Normal BFGS step
   15     -93.4048432234      1.63e-10   Normal BFGS step
   16     -93.4048432234      6.80e-11  Convergence criterion met
 ---------------------------------------
 SCF time:   CPU 7.01s  wall 1.00s 
 SCF   energy =   -93.40484322
 Total energy =   -93.40484322
 Integrated density by DFT XC:
   Number of electrons = 14
   Numerical integral  =    13.999999977294
   Relative error      =     0.0000001622 %

 --------------------------------------------------------------

                    Orbital Energies (a.u.)
 --------------------------------------------------------------

 Alpha MOs
 -- Occupied --
-14.3596 -10.2365  -0.9267  -0.6537  -0.3862  -0.3653  -0.3653
 -- Virtual --
  0.0120   0.0120   0.0919   0.1996   0.4580   0.4580   0.5687   0.6658
  0.7841   0.7859   0.7859   1.0827   1.0941   1.0941   1.1065   1.1065
  1.4223   1.8149   1.8149   1.8739   1.8739   2.3540   2.6423   2.6423
  2.7950   3.5217
 --------------------------------------------------------------

          Ground-State Mulliken Net Atomic Charges

     Atom                 Charge (a.u.)
  ----------------------------------------
      1 N                    -0.092677
      2 C                     0.117776
      3 H                    -0.025099
  ----------------------------------------
  Sum of atomic charges =     0.000000

 -----------------------------------------------------------------
                    Cartesian Multipole Moments
 -----------------------------------------------------------------
    Charge (ESU x 10^10)
                -0.0000
    Dipole Moment (Debye)
         X       2.5987      Y       0.0000      Z      -0.0000
       Tot       2.5987
    Quadrupole Moments (Debye-Ang)
        XX      -6.3906     XY      -0.0000     YY     -11.2679
        XZ       0.0000     YZ       0.0000     ZZ     -11.2679
    Octopole Moments (Debye-Ang^2)
       XXX     -11.6512    XXY      -0.0000    XYY      -7.5889
       YYY       0.0000    XXZ       0.0000    XYZ      -0.0000
       YYZ      -0.0000    XZZ      -7.5889    YZZ       0.0000
       ZZZ      -0.0000
    Hexadecapole Moments (Debye-Ang^3)
      XXXX     -45.8224   XXXY      -0.0000   XXYY     -13.1913
      XYYY      -0.0000   YYYY     -10.3716   XXXZ       0.0000
      XXYZ      -0.0000   XYYZ       0.0000   YYYZ       0.0000
      XXZZ     -13.1913   XYZZ      -0.0000   YYZZ      -3.4572
      XZZZ       0.0000   YZZZ       0.0000   ZZZZ     -10.3716
 -----------------------------------------------------------------
 Calculating analytic gradient of the SCF energy
Added xc
 Gradient of SCF Energy
            1           2           3
    1   0.0011252   0.1951802  -0.1963054
    2  -0.0000000   0.0000000  -0.0000000
    3  -0.0000000   0.0000000  -0.0000000
 Max gradient component =       1.963E-01
 RMS gradient           =       9.228E-02
 Gradient time:  CPU 0.90 s  wall 1.21 s
 Geometry Optimization Parameters
   NAtoms,    NIC,     NZ,  NCons,   NDum,   NFix, NCnnct, MaxDiis
        3       9       0       0       0       0       0       0

 Rotation Matrix is:


     1.000000    0.000000    0.000000
     0.000000    1.000000    0.000000
     0.000000    0.000000    1.000000


** GEOMETRY OPTIMIZATION IN DELOCALIZED INTERNAL COORDINATES **
   Searching for a Minimum

   Optimization Cycle:   1

                       Coordinates (Angstroms)
     ATOM                X               Y               Z
      1  N         0.0492193183    0.0000000000    0.0000000000
      2  C         1.2046724221    0.0000000000    0.0000000000
      3  H         2.1221082596    0.0000000000    0.0000000000
   Point Group: c1    Number of degrees of freedom:     3


   Energy is    -93.404843223


                       Cartesian Gradient (au)
     ATOM              X           Y           Z
    1  N           0.001125    0.000000    0.000000
    2  C           0.195180    0.000000    0.000000
    3  H          -0.196305    0.000000    0.000000

 Attempting to generate delocalized internal coordinates
 Generating Primitive Internal Coordinates
 Primitive Stretches:
         2    1
         3    2
 There are      2 Stretches
 Primitive Bends:
         3    2    1
 There are      1 Bends
 There are      0 Torsions
 There are      3 Primitive Internals

  ***ERROR*** Angle     3    2    1   is near-linear
              But No atom available to define colinear bend
**WARNING** Problems with Internal Coordinates
  Switching to Cartesian Coordinates

 Vectors for Translations and Rotations


     0.577350    0.000000    0.000000    0.000000    0.000000   -0.000000
     0.000000    0.577350    0.000000    0.000000    0.000000   -0.732563
     0.000000    0.000000    0.577350    0.000000    0.732563   -0.000000
     0.577350    0.000000    0.000000    0.000000    0.000000    0.000000
     0.000000    0.577350    0.000000    0.000000    0.000000    0.054010
     0.000000    0.000000    0.577350    0.000000   -0.054010    0.000000
     0.577350    0.000000    0.000000    0.000000    0.000000    0.000000
     0.000000    0.577350    0.000000    0.000000    0.000000    0.678553
     0.000000    0.000000    0.577350    0.000000   -0.678553    0.000000

 The Projection Matrix


     0.666667    0.000000    0.000000   -0.333333    0.000000    0.000000
     0.000000    0.130018    0.000000    0.000000   -0.293768    0.000000
     0.000000    0.000000    0.130018    0.000000    0.000000   -0.293768
    -0.333333    0.000000    0.000000    0.666667    0.000000    0.000000
     0.000000   -0.293768    0.000000    0.000000    0.663750    0.000000
     0.000000    0.000000   -0.293768    0.000000    0.000000    0.663750
    -0.333333    0.000000    0.000000   -0.333333    0.000000    0.000000
     0.000000    0.163750    0.000000    0.000000   -0.369982    0.000000
     0.000000    0.000000    0.163750    0.000000    0.000000   -0.369982


    -0.333333    0.000000    0.000000
     0.000000    0.163750    0.000000
     0.000000    0.000000    0.163750
    -0.333333    0.000000    0.000000
     0.000000   -0.369982    0.000000
     0.000000    0.000000   -0.369982
     0.666667    0.000000    0.000000
     0.000000    0.206232    0.000000
     0.000000    0.000000    0.206232

 Translations and Rotations Projected Out of Hessian

   Hessian Matrix after Projection


     0.666667    0.000000    0.000000   -0.333333    0.000000    0.000000
     0.000000    0.130018    0.000000    0.000000   -0.293768    0.000000
     0.000000    0.000000    0.130018    0.000000    0.000000   -0.293768
    -0.333333    0.000000    0.000000    0.666667    0.000000    0.000000
     0.000000   -0.293768    0.000000    0.000000    0.663750    0.000000
     0.000000    0.000000   -0.293768    0.000000    0.000000    0.663750
    -0.333333    0.000000    0.000000   -0.333333    0.000000    0.000000
     0.000000    0.163750    0.000000    0.000000   -0.369982    0.000000
     0.000000    0.000000    0.163750    0.000000    0.000000   -0.369982


    -0.333333    0.000000    0.000000
     0.000000    0.163750    0.000000
     0.000000    0.000000    0.163750
    -0.333333    0.000000    0.000000
     0.000000   -0.369982    0.000000
     0.000000    0.000000   -0.369982
     0.666667    0.000000    0.000000
     0.000000    0.206232    0.000000
     0.000000    0.000000    0.206232

  3 Hessian modes will be used to form the next step
  Hessian Eigenvalues:
     1.000000    1.000000    1.000000

  Hessian Eigenvectors:


     0.707107   -0.389882    0.121074
     0.000000   -0.106937   -0.344358
     0.000000   -0.000000    0.000000
    -0.707107   -0.389882    0.121074
     0.000000    0.241617    0.778056
     0.000000   -0.000000    0.000000
     0.000000    0.779764   -0.242147
     0.000000   -0.134680   -0.433698
     0.000000   -0.000000   -0.000000

 Minimum search - taking simple RFO step
 Searching for Lamda that Minimizes Along All modes
 Value Taken    Lamda =  -0.07151759
 Step Taken.  Stepsize is  0.258349


                      Coordinates and Displacements in Atomic Units
   ATOM            Current Value    Gradient  Displacement   New Value
  1  n         X       0.093011     0.001125    -0.001050     0.091961
               Y       0.000000     0.000000     0.000000     0.000000
               Z       0.000000     0.000000    -0.000000    -0.000000
  2  c         X       2.276501     0.195180    -0.182153     2.094348
               Y       0.000000     0.000000    -0.000000    -0.000000
               Z       0.000000     0.000000    -0.000000    -0.000000
  3  h         X       4.010203    -0.196305     0.183203     4.193407
               Y       0.000000     0.000000     0.000000     0.000000
               Z       0.000000     0.000000    -0.000000    -0.000000

                             Maximum     Tolerance    Cnvgd?
         Gradient           0.196305      0.000001      NO
         Displacement       0.183203      0.000001      NO
         Energy change     *********      0.000000      NO

 ----------------------------------------------------------------
             Standard Nuclear Orientation (Angstroms)
    I     Atom           X                Y                Z
 ----------------------------------------------------------------
    1      N       0.0486636263     0.0000000000     0.0000000000
    2      C       1.1082811959     0.0000000000     0.0000000000
    3      H       2.2190551778     0.0000000000     0.0000000000
 ----------------------------------------------------------------
 Nuclear Repulsion Energy =          25.54010588 hartrees
 There are        7 alpha and        7 beta electrons
 Applying Cartesian multipole field
    Component          Value
    ---------          -----
     (2,0,0)        1.00000E-11
     (0,2,0)        2.00000E-10
     (0,0,2)       -3.00000E-10
 Nucleus-field energy     =     0.0000000004 hartrees
 Requested basis set is cc-pVDZ
 There are 15 shells and 33 basis functions
 A cutoff of  1.0D-14 yielded    120 shell pairs
 There are       596 function pairs (       675 Cartesian)
 Smallest overlap matrix eigenvalue = 6.67E-03
 Guess MOs from SCF MO coefficient file

 -----------------------------------------------------------------------
  General SCF calculation program by
  Eric Jon Sundstrom, Paul Horn, Yuezhi Mao, Dmitri Zuev, Alec White,
  David Stuck, Shaama M.S., Shane Yost, Joonho Lee, David Small,
  Daniel Levine, Susi Lehtola, Hugh Burton, Evgeny Epifanovsky,
  Bang C. Huynh
 -----------------------------------------------------------------------
 Exchange:     0.2000 Hartree-Fock + 0.0800 Slater + 0.7200 B88
 Correlation:  0.1900 VWN1RPA + 0.8100 LYP
 Using Euler-Maclaurin-Lebedev (99,590) quadrature formula
Added inc_jk
Added qchem_hcore
Added xc
Added P-dependent contribution
 A restricted SCF calculation will be
 performed using GDM
 SCF converges when RMS gradient is below 1.0e-10
 User-specified cutoff of 10e-14
 used for neglect of 2-electron integrals.
 A cutoff of 10e-14
 used for neglect of overlap integrals.
 Incremental Fock algorithm is on at the start.
 ---------------------------------------
  Cycle       Energy        RMS Gradient
 ---------------------------------------
    1     -93.3886557495      4.60e-02   Normal BFGS step
    2     -93.3964188135      6.00e-02   Normal BFGS step
    3     -93.3990183144      4.48e-02   Normal BFGS step
    4     -93.4009558234      1.40e-02   Normal BFGS step
    5     -93.4014821122      3.07e-03   Normal BFGS step
    6     -93.4015202862      4.80e-04   Normal BFGS step
    7     -93.4015215527      8.69e-05   Normal BFGS step
    8     -93.4015215786      1.69e-05   Normal BFGS step
    9     -93.4015215790      1.21e-06   Normal BFGS step
   10     -93.4015215790      3.17e-08   Normal BFGS step
   11     -93.4015215790      4.32e-09   Normal BFGS step
   12     -93.4015215790      3.19e-09   Normal BFGS step
   13     -93.4015215790      6.76e-10   Normal BFGS step
   14     -93.4015215790      2.45e-10   Normal BFGS step
   15     -93.4015215790      2.22e-11  Convergence criterion met
 ---------------------------------------
 SCF time:   CPU 6.20s  wall 1.00s 
 SCF   energy =   -93.40152158
 Total energy =   -93.40152158
 Integrated density by DFT XC:
   Number of electrons = 14
   Numerical integral  =    13.999999945885
   Relative error      =     0.0000003865 %

 --------------------------------------------------------------

                    Orbital Energies (a.u.)
 --------------------------------------------------------------

 Alpha MOs
 -- Occupied --
-14.3282 -10.2236  -0.9579  -0.5861  -0.3842  -0.3842  -0.3728
 -- Virtual --
  0.0534   0.0540   0.0540   0.2049   0.4552   0.4552   0.5368   0.6849
  0.7366   0.7973   0.7973   1.0920   1.0920   1.1169   1.1169   1.1353
  1.4662   1.7584   1.7584   1.9187   1.9187   2.0935   2.6262   2.6262
  2.9470   3.2608
 --------------------------------------------------------------

          Ground-State Mulliken Net Atomic Charges

     Atom                 Charge (a.u.)
  ----------------------------------------
      1 N                    -0.027335
      2 C                    -0.069951
      3 H                     0.097287
  ----------------------------------------
  Sum of atomic charges =     0.000000

 -----------------------------------------------------------------
                    Cartesian Multipole Moments
 -----------------------------------------------------------------
    Charge (ESU x 10^10)
                -0.0000
    Dipole Moment (Debye)
         X       2.8215      Y       0.0000      Z       0.0000
       Tot       2.8215
    Quadrupole Moments (Debye-Ang)
        XX      -5.8107     XY      -0.0000     YY     -11.1695
        XZ      -0.0000     YZ      -0.0000     ZZ     -11.1695
    Octopole Moments (Debye-Ang^2)
       XXX      -8.7038    XXY      -0.0000    XYY      -7.2946
       YYY       0.0000    XXZ      -0.0000    XYZ      -0.0000
       YYZ       0.0000    XZZ      -7.2946    YZZ       0.0000
       ZZZ       0.0000
    Hexadecapole Moments (Debye-Ang^3)
      XXXX     -36.3965   XXXY      -0.0000   XXYY     -12.8203
      XYYY      -0.0000   YYYY     -10.1177   XXXZ      -0.0000
      XXYZ      -0.0000   XYYZ      -0.0000   YYYZ      -0.0000
      XXZZ     -12.8203   XYZZ      -0.0000   YYZZ      -3.3726
      XZZZ      -0.0000   YZZZ      -0.0000   ZZZZ     -10.1177
 -----------------------------------------------------------------
 Calculating analytic gradient of the SCF energy
Added xc
 Gradient of SCF Energy
            1           2           3
    1   0.3326666  -0.3589943   0.0263277
    2   0.0000000   0.0000000  -0.0000000
    3  -0.0000000   0.0000000   0.0000000
 Max gradient component =       3.590E-01
 RMS gradient           =       1.634E-01
 Gradient time:  CPU 0.83 s  wall 0.19 s
 Geometry Optimization Parameters
   NAtoms,    NIC,     NZ,  NCons,   NDum,   NFix, NCnnct, MaxDiis
        3       9       0       0       0       0       0       0

 Rotation Matrix is:


     1.000000    0.000000    0.000000
     0.000000    1.000000    0.000000
     0.000000    0.000000    1.000000

 Cartesian Hessian Update
 Hessian updated using BFGS update


** GEOMETRY OPTIMIZATION IN CARTESIAN COORDINATES **
   Searching for a Minimum

   Optimization Cycle:   2

                       Coordinates (Angstroms)
     ATOM                X               Y               Z
      1  N         0.0486636263    0.0000000000    0.0000000000
      2  C         1.1082811959    0.0000000000    0.0000000000
      3  H         2.2190551778    0.0000000000    0.0000000000
   Point Group: c1    Number of degrees of freedom:     3


   Energy is    -93.401521579


                       Cartesian Gradient (au)
     ATOM              X           Y           Z
    1  N           0.332667    0.000000    0.000000
    2  C          -0.358994    0.000000    0.000000
    3  H           0.026328    0.000000    0.000000

 Vectors for Translations and Rotations


     0.577350    0.000000    0.000000    0.000000    0.000000   -0.000000
     0.000000    0.577350    0.000000    0.000000    0.000000   -0.701486
     0.000000    0.000000    0.577350    0.000000    0.701486   -0.000000
     0.577350    0.000000    0.000000    0.000000    0.000000   -0.000000
     0.000000    0.577350    0.000000    0.000000    0.000000   -0.011110
     0.000000    0.000000    0.577350    0.000000    0.011110   -0.000000
     0.577350    0.000000    0.000000    0.000000    0.000000    0.000000
     0.000000    0.577350    0.000000    0.000000    0.000000    0.712596
     0.000000    0.000000    0.577350    0.000000   -0.712596    0.000000

 The Projection Matrix


     0.666667    0.000000    0.000000   -0.333333    0.000000    0.000000
     0.000000    0.174584    0.000000    0.000000   -0.341127    0.000000
     0.000000    0.000000    0.174584    0.000000    0.000000   -0.341127
    -0.333333    0.000000    0.000000    0.666667    0.000000    0.000000
     0.000000   -0.341127    0.000000    0.000000    0.666543    0.000000
     0.000000    0.000000   -0.341127    0.000000    0.000000    0.666543
    -0.333333    0.000000    0.000000   -0.333333    0.000000    0.000000
     0.000000    0.166543    0.000000    0.000000   -0.325416    0.000000
     0.000000    0.000000    0.166543    0.000000    0.000000   -0.325416


    -0.333333    0.000000    0.000000
     0.000000    0.166543    0.000000
     0.000000    0.000000    0.166543
    -0.333333    0.000000    0.000000
     0.000000   -0.325416    0.000000
     0.000000    0.000000   -0.325416
     0.666667    0.000000    0.000000
     0.000000    0.158873    0.000000
     0.000000    0.000000    0.158873

 Translations and Rotations Projected Out of Hessian

   Hessian Matrix after Projection


     1.444108    0.000000    0.000000   -1.635727    0.000000    0.000000
     0.000000    0.174584    0.000000    0.000000   -0.341127    0.000000
     0.000000    0.000000    0.174584    0.000000    0.000000   -0.341127
    -1.635727    0.000000    0.000000    2.341722    0.000000    0.000000
     0.000000   -0.341127    0.000000    0.000000    0.666543    0.000000
     0.000000    0.000000   -0.341127    0.000000    0.000000    0.666543
     0.191619    0.000000    0.000000   -0.705995    0.000000    0.000000
     0.000000    0.166543    0.000000    0.000000   -0.325416    0.000000
     0.000000    0.000000    0.166543    0.000000    0.000000   -0.325416


     0.191619    0.000000    0.000000
     0.000000    0.166543    0.000000
     0.000000    0.000000    0.166543
    -0.705995    0.000000    0.000000
     0.000000   -0.325416    0.000000
     0.000000    0.000000   -0.325416
     0.514376    0.000000    0.000000
     0.000000    0.158873    0.000000
     0.000000    0.000000    0.158873

  2 Hessian modes will be used to form the next step
  Hessian Eigenvalues:
     0.567493    3.732712

  Hessian Eigenvectors:


    -0.574414   -0.580272
     0.000000   -0.000000
    -0.000000   -0.000000
    -0.215324    0.787593
     0.000000   -0.000000
     0.000000   -0.000000
     0.789737   -0.207321
     0.000000   -0.000000
     0.000000   -0.000000

 Minimum search - taking simple RFO step
 Searching for Lamda that Minimizes Along All modes
 Value Taken    Lamda =  -0.07430712
 Step Taken.  Stepsize is  0.192288


                      Coordinates and Displacements in Atomic Units
   ATOM            Current Value    Gradient  Displacement   New Value
  1  n         X       0.091961     0.332667    -0.156583    -0.064622
               Y       0.000000     0.000000     0.000000     0.000000
               Z       0.000000     0.000000    -0.000000    -0.000000
  2  c         X       2.094348    -0.358994     0.068358     2.162706
               Y       0.000000     0.000000     0.000000     0.000000
               Z       0.000000     0.000000     0.000000     0.000000
  3  h         X       4.193407     0.026328     0.088225     4.281632
               Y       0.000000     0.000000     0.000000     0.000000
               Z       0.000000     0.000000     0.000000     0.000000

                             Maximum     Tolerance    Cnvgd?
         Gradient           0.358994      0.000001      NO
         Displacement       0.156583      0.000001      NO
         Energy change      0.003322      0.000000      NO

 ----------------------------------------------------------------
             Standard Nuclear Orientation (Angstroms)
    I     Atom           X                Y                Z
 ----------------------------------------------------------------
    1      N      -0.0341964726     0.0000000000     0.0000000000
    2      C       1.1444544863     0.0000000000     0.0000000000
    3      H       2.2657419864     0.0000000000     0.0000000000
 ----------------------------------------------------------------
 Nuclear Repulsion Energy =          23.29888431 hartrees
 There are        7 alpha and        7 beta electrons
 Applying Cartesian multipole field
    Component          Value
    ---------          -----
     (2,0,0)        1.00000E-11
     (0,2,0)        2.00000E-10
     (0,0,2)       -3.00000E-10
 Nucleus-field energy     =     0.0000000005 hartrees
 Requested basis set is cc-pVDZ
 There are 15 shells and 33 basis functions
 A cutoff of  1.0D-14 yielded    120 shell pairs
 There are       596 function pairs (       675 Cartesian)
 Smallest overlap matrix eigenvalue = 7.94E-03
 Guess MOs from SCF MO coefficient file

 -----------------------------------------------------------------------
  General SCF calculation program by
  Eric Jon Sundstrom, Paul Horn, Yuezhi Mao, Dmitri Zuev, Alec White,
  David Stuck, Shaama M.S., Shane Yost, Joonho Lee, David Small,
  Daniel Levine, Susi Lehtola, Hugh Burton, Evgeny Epifanovsky,
  Bang C. Huynh
 -----------------------------------------------------------------------
 Exchange:     0.2000 Hartree-Fock + 0.0800 Slater + 0.7200 B88
 Correlation:  0.1900 VWN1RPA + 0.8100 LYP
 Using Euler-Maclaurin-Lebedev (99,590) quadrature formula
Added inc_jk
Added qchem_hcore
Added xc
Added P-dependent contribution
 A restricted SCF calculation will be
 performed using GDM
 SCF converges when RMS gradient is below 1.0e-10
 User-specified cutoff of 10e-14
 used for neglect of 2-electron integrals.
 A cutoff of 10e-14
 used for neglect of overlap integrals.
 Incremental Fock algorithm is on at the start.
 ---------------------------------------
  Cycle       Energy        RMS Gradient
 ---------------------------------------
    1     -93.4178912070      4.11e-02   Normal BFGS step
    2     -93.4229455886      6.49e-02   Normal BFGS step
    3     -93.4246444189      6.06e-02   Normal BFGS step
    4     -93.4269890666      1.92e-02   Normal BFGS step
    5     -93.4279304154      4.25e-03   Normal BFGS step
    6     -93.4279727162      8.69e-04   Normal BFGS step
    7     -93.4279737427      4.22e-05   Normal BFGS step
    8     -93.4279737532      1.04e-05   Normal BFGS step
    9     -93.4279737535      8.46e-07   Normal BFGS step
   10     -93.4279737535      5.66e-08   Normal BFGS step
   11     -93.4279737535      3.04e-08   Normal BFGS step
   12     -93.4279737535      1.71e-08   Normal BFGS step
   13     -93.4279737535      1.04e-09   Normal BFGS step
   14     -93.4279737535      2.60e-10   Normal BFGS step
   15     -93.4279737535      9.52e-11  Convergence criterion met
 ---------------------------------------
 SCF time:   CPU 6.11s  wall 1.00s 
 SCF   energy =   -93.42797375
 Total energy =   -93.42797375
 Integrated density by DFT XC:
   Number of electrons = 14
   Numerical integral  =    13.999999997926
   Relative error      =     0.0000000148 %

 --------------------------------------------------------------

                    Orbital Energies (a.u.)
 --------------------------------------------------------------

 Alpha MOs
 -- Occupied --
-14.3624 -10.2546  -0.9155  -0.5953  -0.3843  -0.3569  -0.3569
 -- Virtual --
  0.0086   0.0086   0.0428   0.2002   0.4610   0.4610   0.5343   0.6645
  0.7289   0.7873   0.7873   0.9332   1.0700   1.0700   1.1003   1.1003
  1.4419   1.6728   1.6728   1.8689   1.8689   1.9621   2.5120   2.5120
  2.7664   2.9300
 --------------------------------------------------------------

          Ground-State Mulliken Net Atomic Charges

     Atom                 Charge (a.u.)
  ----------------------------------------
      1 N                    -0.088547
      2 C                    -0.026840
      3 H                     0.115388
  ----------------------------------------
  Sum of atomic charges =     0.000000

 -----------------------------------------------------------------
                    Cartesian Multipole Moments
 -----------------------------------------------------------------
    Charge (ESU x 10^10)
                -0.0000
    Dipole Moment (Debye)
         X       2.8478      Y      -0.0000      Z      -0.0000
       Tot       2.8478
    Quadrupole Moments (Debye-Ang)
        XX      -5.7902     XY      -0.0000     YY     -11.5880
        XZ       0.0000     YZ      -0.0000     ZZ     -11.5880
    Octopole Moments (Debye-Ang^2)
       XXX      -7.4900    XXY      -0.0000    XYY      -7.3952
       YYY       0.0000    XXZ       0.0000    XYZ      -0.0000
       YYZ      -0.0000    XZZ      -7.3952    YZZ       0.0000
       ZZZ      -0.0000
    Hexadecapole Moments (Debye-Ang^3)
      XXXX     -37.7755   XXXY      -0.0000   XXYY     -13.8139
      XYYY      -0.0000   YYYY     -10.8838   XXXZ       0.0000
      XXYZ      -0.0000   XYYZ       0.0000   YYYZ      -0.0000
      XXZZ     -13.8139   XYZZ      -0.0000   YYZZ      -3.6279
      XZZZ       0.0000   YZZZ      -0.0000   ZZZZ     -10.8838
 -----------------------------------------------------------------
 Calculating analytic gradient of the SCF energy
Added xc
 Gradient of SCF Energy
            1           2           3
    1  -0.0459763   0.0166585   0.0293178
    2  -0.0000000   0.0000000  -0.0000000
    3  -0.0000000   0.0000000  -0.0000000
 Max gradient component =       4.598E-02
 RMS gradient           =       1.901E-02
 Gradient time:  CPU 0.83 s  wall 0.19 s
 Geometry Optimization Parameters
   NAtoms,    NIC,     NZ,  NCons,   NDum,   NFix, NCnnct, MaxDiis
        3       9       0       0       0       0       0       0

 Rotation Matrix is:


     1.000000    0.000000    0.000000
     0.000000    1.000000    0.000000
     0.000000    0.000000    1.000000

 Cartesian Hessian Update
 Hessian updated using BFGS update


** GEOMETRY OPTIMIZATION IN CARTESIAN COORDINATES **
   Searching for a Minimum

   Optimization Cycle:   3

                       Coordinates (Angstroms)
     ATOM                X               Y               Z
      1  N        -0.0341964726    0.0000000000    0.0000000000
      2  C         1.1444544863    0.0000000000    0.0000000000
      3  H         2.2657419864    0.0000000000    0.0000000000
   Point Group: c1    Number of degrees of freedom:     3


   Energy is    -93.427973753


                       Cartesian Gradient (au)
     ATOM              X           Y           Z
    1  N          -0.045976    0.000000    0.000000
    2  C           0.016658    0.000000    0.000000
    3  H           0.029318    0.000000    0.000000

 Vectors for Translations and Rotations


     0.577350    0.000000    0.000000    0.000000    0.000000   -0.000000
     0.000000    0.577350    0.000000    0.000000    0.000000   -0.712912
     0.000000    0.000000    0.577350    0.000000    0.712912   -0.000000
     0.577350    0.000000    0.000000    0.000000    0.000000    0.000000
     0.000000    0.577350    0.000000    0.000000    0.000000    0.011756
     0.000000    0.000000    0.577350    0.000000   -0.011756    0.000000
     0.577350    0.000000    0.000000    0.000000    0.000000    0.000000
     0.000000    0.577350    0.000000    0.000000    0.000000    0.701155
     0.000000    0.000000    0.577350    0.000000   -0.701155    0.000000

 The Projection Matrix


     0.666667    0.000000    0.000000   -0.333333    0.000000    0.000000
     0.000000    0.158424    0.000000    0.000000   -0.324952    0.000000
     0.000000    0.000000    0.158424    0.000000    0.000000   -0.324952
    -0.333333    0.000000    0.000000    0.666667    0.000000    0.000000
     0.000000   -0.324952    0.000000    0.000000    0.666528    0.000000
     0.000000    0.000000   -0.324952    0.000000    0.000000    0.666528
    -0.333333    0.000000    0.000000   -0.333333    0.000000    0.000000
     0.000000    0.166528    0.000000    0.000000   -0.341576    0.000000
     0.000000    0.000000    0.166528    0.000000    0.000000   -0.341576


    -0.333333    0.000000    0.000000
     0.000000    0.166528    0.000000
     0.000000    0.000000    0.166528
    -0.333333    0.000000    0.000000
     0.000000   -0.341576    0.000000
     0.000000    0.000000   -0.341576
     0.666667    0.000000    0.000000
     0.000000    0.175048    0.000000
     0.000000    0.000000    0.175048

 Translations and Rotations Projected Out of Hessian

   Hessian Matrix after Projection


     1.686024    0.000000    0.000000   -1.716837    0.000000    0.000000
     0.000000    0.158424    0.000000    0.000000   -0.324952    0.000000
     0.000000    0.000000    0.158424    0.000000    0.000000   -0.324952
    -1.716837    0.000000    0.000000    2.247020    0.000000    0.000000
     0.000000   -0.324952    0.000000    0.000000    0.666528    0.000000
     0.000000    0.000000   -0.324952    0.000000    0.000000    0.666528
     0.030813    0.000000    0.000000   -0.530183    0.000000    0.000000
     0.000000    0.166528    0.000000    0.000000   -0.341576    0.000000
     0.000000    0.000000    0.166528    0.000000    0.000000   -0.341576


     0.030813    0.000000    0.000000
     0.000000    0.166528    0.000000
     0.000000    0.000000    0.166528
    -0.530183    0.000000    0.000000
     0.000000   -0.341576    0.000000
     0.000000    0.000000   -0.341576
     0.499370    0.000000    0.000000
     0.000000    0.175048    0.000000
     0.000000    0.000000    0.175048

  2 Hessian modes will be used to form the next step
  Hessian Eigenvalues:
     0.670706    3.761708

  Hessian Eigenvectors:


    -0.515619   -0.633091
    -0.000000   -0.000000
     0.000000   -0.000000
    -0.290464    0.763084
     0.000000    0.000000
     0.000000   -0.000000
     0.806082   -0.129993
    -0.000000   -0.000000
    -0.000000   -0.000000

 Minimum search - taking simple RFO step
 Searching for Lamda that Minimizes Along All modes
 Value Taken    Lamda =  -0.00306454
 Step Taken.  Stepsize is  0.063881


                      Coordinates and Displacements in Atomic Units
   ATOM            Current Value    Gradient  Displacement   New Value
  1  n         X      -0.064622    -0.045976     0.038916    -0.025706
               Y       0.000000     0.000000     0.000000     0.000000
               Z       0.000000     0.000000    -0.000000    -0.000000
  2  c         X       2.162706     0.016658     0.010618     2.173324
               Y       0.000000     0.000000    -0.000000    -0.000000
               Z       0.000000     0.000000    -0.000000    -0.000000
  3  h         X       4.281632     0.029318    -0.049534     4.232098
               Y       0.000000     0.000000     0.000000     0.000000
               Z       0.000000     0.000000     0.000000     0.000000

                             Maximum     Tolerance    Cnvgd?
         Gradient           0.045976      0.000001      NO
         Displacement       0.049534      0.000001      NO
         Energy change     -0.026452      0.000000      NO

 ----------------------------------------------------------------
             Standard Nuclear Orientation (Angstroms)
    I     Atom           X                Y                Z
 ----------------------------------------------------------------
    1      N      -0.0136031860     0.0000000000     0.0000000000
    2      C       1.1500733060     0.0000000000     0.0000000000
    3      H       2.2395298800     0.0000000000     0.0000000000
 ----------------------------------------------------------------
 Nuclear Repulsion Energy =          23.65772618 hartrees
 There are        7 alpha and        7 beta electrons
 Applying Cartesian multipole field
    Component          Value
    ---------          -----
     (2,0,0)        1.00000E-11
     (0,2,0)        2.00000E-10
     (0,0,2)       -3.00000E-10
 Nucleus-field energy     =     0.0000000005 hartrees
 Requested basis set is cc-pVDZ
 There are 15 shells and 33 basis functions
 A cutoff of  1.0D-14 yielded    120 shell pairs
 There are       596 function pairs (       675 Cartesian)
 Smallest overlap matrix eigenvalue = 7.78E-03
 Guess MOs from SCF MO coefficient file

 -----------------------------------------------------------------------
  General SCF calculation program by
  Eric Jon Sundstrom, Paul Horn, Yuezhi Mao, Dmitri Zuev, Alec White,
  David Stuck, Shaama M.S., Shane Yost, Joonho Lee, David Small,
  Daniel Levine, Susi Lehtola, Hugh Burton, Evgeny Epifanovsky,
  Bang C. Huynh
 -----------------------------------------------------------------------
 Exchange:     0.2000 Hartree-Fock + 0.0800 Slater + 0.7200 B88
 Correlation:  0.1900 VWN1RPA + 0.8100 LYP
 Using Euler-Maclaurin-Lebedev (99,590) quadrature formula
Added inc_jk
Added qchem_hcore
Added xc
Added P-dependent contribution
 A restricted SCF calculation will be
 performed using GDM
 SCF converges when RMS gradient is below 1.0e-10
 User-specified cutoff of 10e-14
 used for neglect of 2-electron integrals.
 A cutoff of 10e-14
 used for neglect of overlap integrals.
 Incremental Fock algorithm is on at the start.
 ---------------------------------------
  Cycle       Energy        RMS Gradient
 ---------------------------------------
    1     -93.4297003173      6.85e-03   Normal BFGS step
    2     -93.4299614259      3.23e-03   Normal BFGS step
    3     -93.4299915510      1.01e-03   Normal BFGS step
    4     -93.4299942204      6.52e-04   Normal BFGS step
    5     -93.4299936445      1.09e-03  Line search: overstep
    6     -93.4299945807      2.00e-04   Normal BFGS step
    7     -93.4299947011      6.78e-05   Normal BFGS step
    8     -93.4299947135      2.60e-06   Normal BFGS step
    9     -93.4299947135      3.38e-07   Normal BFGS step
   10     -93.4299947135      2.41e-08   Normal BFGS step
   11     -93.4299947135      5.95e-09   Normal BFGS step
   12     -93.4299947135      9.29e-10   Normal BFGS step
   13     -93.4299947135      1.11e-09   Normal BFGS step
   14     -93.4299947135      7.34e-10   Normal BFGS step
   15     -93.4299947135      1.03e-10   Normal BFGS step
  GDM::WARNING energy changes are now smaller than effective accuracy.
  GDM::        calculation will continue, but THRESH should be increased
  GDM::        or SCF_CONVERGENCE decreased. 
  GDM::        effective_thresh = 1.35e-09
   16     -93.4299947135      3.75e-11  Convergence criterion met
 ---------------------------------------
 SCF time:   CPU 6.54s  wall 1.00s 
 SCF   energy =   -93.42999471
 Total energy =   -93.42999471
 Integrated density by DFT XC:
   Number of electrons = 14
   Numerical integral  =    13.999999975526
   Relative error      =     0.0000001748 %

 --------------------------------------------------------------

                    Orbital Energies (a.u.)
 --------------------------------------------------------------

 Alpha MOs
 -- Occupied --
-14.3587 -10.2492  -0.9213  -0.6025  -0.3836  -0.3605  -0.3605
 -- Virtual --
  0.0133   0.0133   0.0533   0.1994   0.4602   0.4602   0.5399   0.6675
  0.7358   0.7881   0.7881   0.9688   1.0779   1.0779   1.0985   1.0985
  1.4419   1.7001   1.7001   1.8740   1.8740   2.0270   2.5405   2.5405
  2.7880   3.0078
 --------------------------------------------------------------

          Ground-State Mulliken Net Atomic Charges

     Atom                 Charge (a.u.)
  ----------------------------------------
      1 N                    -0.083941
      2 C                    -0.014633
      3 H                     0.098574
  ----------------------------------------
  Sum of atomic charges =     0.000000

 -----------------------------------------------------------------
                    Cartesian Multipole Moments
 -----------------------------------------------------------------
    Charge (ESU x 10^10)
                -0.0000
    Dipole Moment (Debye)
         X       2.8102      Y       0.0000      Z      -0.0000
       Tot       2.8102
    Quadrupole Moments (Debye-Ang)
        XX      -5.8914     XY       0.0000     YY     -11.5033
        XZ       0.0000     YZ       0.0000     ZZ     -11.5033
    Octopole Moments (Debye-Ang^2)
       XXX      -8.2762    XXY       0.0000    XYY      -7.4172
       YYY       0.0000    XXZ       0.0000    XYZ       0.0000
       YYZ      -0.0000    XZZ      -7.4172    YZZ       0.0000
       ZZZ      -0.0000
    Hexadecapole Moments (Debye-Ang^3)
      XXXX     -38.9446   XXXY      -0.0000   XXYY     -13.6116
      XYYY       0.0000   YYYY     -10.7379   XXXZ       0.0000
      XXYZ       0.0000   XYYZ       0.0000   YYYZ       0.0000
      XXZZ     -13.6116   XYZZ       0.0000   YYZZ      -3.5793
      XZZZ       0.0000   YZZZ       0.0000   ZZZZ     -10.7379
 -----------------------------------------------------------------
 Calculating analytic gradient of the SCF energy
Added xc
 Gradient of SCF Energy
            1           2           3
    1  -0.0133855   0.0043304   0.0090551
    2  -0.0000000   0.0000000  -0.0000000
    3   0.0000000  -0.0000000  -0.0000000
 Max gradient component =       1.339E-02
 RMS gradient           =       5.577E-03
 Gradient time:  CPU 0.82 s  wall 0.19 s
 Geometry Optimization Parameters
   NAtoms,    NIC,     NZ,  NCons,   NDum,   NFix, NCnnct, MaxDiis
        3       9       0       0       0       0       0       0

 Rotation Matrix is:


     1.000000    0.000000    0.000000
     0.000000    1.000000    0.000000
     0.000000    0.000000    1.000000

 Cartesian Hessian Update
 Hessian updated using BFGS update


** GEOMETRY OPTIMIZATION IN CARTESIAN COORDINATES **
   Searching for a Minimum

   Optimization Cycle:   4

                       Coordinates (Angstroms)
     ATOM                X               Y               Z
      1  N        -0.0136031860    0.0000000000    0.0000000000
      2  C         1.1500733060    0.0000000000    0.0000000000
      3  H         2.2395298800    0.0000000000    0.0000000000
   Point Group: c1    Number of degrees of freedom:     3


   Energy is    -93.429994714


                       Cartesian Gradient (au)
     ATOM              X           Y           Z
    1  N          -0.013385    0.000000    0.000000
    2  C           0.004330    0.000000    0.000000
    3  H           0.009055    0.000000    0.000000

 Vectors for Translations and Rotations


     0.577350    0.000000    0.000000    0.000000    0.000000   -0.000000
     0.000000    0.577350    0.000000    0.000000    0.000000   -0.714742
     0.000000    0.000000    0.577350    0.000000    0.714742   -0.000000
     0.577350    0.000000    0.000000    0.000000    0.000000    0.000000
     0.000000    0.577350    0.000000    0.000000    0.000000    0.015526
     0.000000    0.000000    0.577350    0.000000   -0.015526    0.000000
     0.577350    0.000000    0.000000    0.000000    0.000000    0.000000
     0.000000    0.577350    0.000000    0.000000    0.000000    0.699216
     0.000000    0.000000    0.577350    0.000000   -0.699216    0.000000

 The Projection Matrix


     0.666667    0.000000    0.000000   -0.333333    0.000000    0.000000
     0.000000    0.155811    0.000000    0.000000   -0.322237    0.000000
     0.000000    0.000000    0.155811    0.000000    0.000000   -0.322237
    -0.333333    0.000000    0.000000    0.666667    0.000000    0.000000
     0.000000   -0.322237    0.000000    0.000000    0.666426    0.000000
     0.000000    0.000000   -0.322237    0.000000    0.000000    0.666426
    -0.333333    0.000000    0.000000   -0.333333    0.000000    0.000000
     0.000000    0.166426    0.000000    0.000000   -0.344189    0.000000
     0.000000    0.000000    0.166426    0.000000    0.000000   -0.344189


    -0.333333    0.000000    0.000000
     0.000000    0.166426    0.000000
     0.000000    0.000000    0.166426
    -0.333333    0.000000    0.000000
     0.000000   -0.344189    0.000000
     0.000000    0.000000   -0.344189
     0.666667    0.000000    0.000000
     0.000000    0.177763    0.000000
     0.000000    0.000000    0.177763

 Translations and Rotations Projected Out of Hessian

   Hessian Matrix after Projection


     1.493104    0.000000    0.000000   -1.653707    0.000000    0.000000
     0.000000    0.155811    0.000000    0.000000   -0.322237    0.000000
     0.000000    0.000000    0.155811    0.000000    0.000000   -0.322237
    -1.653707    0.000000    0.000000    2.226724    0.000000    0.000000
     0.000000   -0.322237    0.000000    0.000000    0.666426    0.000000
     0.000000    0.000000   -0.322237    0.000000    0.000000    0.666426
     0.160603    0.000000    0.000000   -0.573017    0.000000    0.000000
     0.000000    0.166426    0.000000    0.000000   -0.344189    0.000000
     0.000000    0.000000    0.166426    0.000000    0.000000   -0.344189


     0.160603    0.000000    0.000000
     0.000000    0.166426    0.000000
     0.000000    0.000000    0.166426
    -0.573017    0.000000    0.000000
     0.000000   -0.344189    0.000000
     0.000000    0.000000   -0.344189
     0.412414    0.000000    0.000000
     0.000000    0.177763    0.000000
     0.000000    0.000000    0.177763

  2 Hessian modes will be used to form the next step
  Hessian Eigenvalues:
     0.485329    3.646913

  Hessian Eigenvectors:


    -0.544739   -0.608215
    -0.000000    0.000000
    -0.000000   -0.000000
    -0.254360    0.775866
     0.000000   -0.000000
    -0.000000   -0.000000
     0.799100   -0.167650
    -0.000000    0.000000
    -0.000000   -0.000000

 Minimum search - taking simple RFO step
 Searching for Lamda that Minimizes Along All modes
 Value Taken    Lamda =  -0.00039843
 Step Taken.  Stepsize is  0.027776


                      Coordinates and Displacements in Atomic Units
   ATOM            Current Value    Gradient  Displacement   New Value
  1  n         X      -0.025706    -0.013385     0.016722    -0.008984
               Y       0.000000     0.000000     0.000000     0.000000
               Z       0.000000     0.000000     0.000000     0.000000
  2  c         X       2.173324     0.004330     0.004907     2.178231
               Y       0.000000     0.000000    -0.000000    -0.000000
               Z       0.000000     0.000000     0.000000     0.000000
  3  h         X       4.232098     0.009055    -0.021629     4.210469
               Y       0.000000     0.000000     0.000000     0.000000
               Z       0.000000     0.000000     0.000000     0.000000

                             Maximum     Tolerance    Cnvgd?
         Gradient           0.013385      0.000001      NO
         Displacement       0.021629      0.000001      NO
         Energy change     -0.002021      0.000000      NO

 ----------------------------------------------------------------
             Standard Nuclear Orientation (Angstroms)
    I     Atom           X                Y                Z
 ----------------------------------------------------------------
    1      N      -0.0047543312     0.0000000000     0.0000000000
    2      C       1.1526700753     0.0000000000     0.0000000000
    3      H       2.2280842559     0.0000000000     0.0000000000
 ----------------------------------------------------------------
 Nuclear Repulsion Energy =          23.81389295 hartrees
 There are        7 alpha and        7 beta electrons
 Applying Cartesian multipole field
    Component          Value
    ---------          -----
     (2,0,0)        1.00000E-11
     (0,2,0)        2.00000E-10
     (0,0,2)       -3.00000E-10
 Nucleus-field energy     =     0.0000000005 hartrees
 Requested basis set is cc-pVDZ
 There are 15 shells and 33 basis functions
 A cutoff of  1.0D-14 yielded    120 shell pairs
 There are       596 function pairs (       675 Cartesian)
 Smallest overlap matrix eigenvalue = 7.72E-03
 Guess MOs from SCF MO coefficient file

 -----------------------------------------------------------------------
  General SCF calculation program by
  Eric Jon Sundstrom, Paul Horn, Yuezhi Mao, Dmitri Zuev, Alec White,
  David Stuck, Shaama M.S., Shane Yost, Joonho Lee, David Small,
  Daniel Levine, Susi Lehtola, Hugh Burton, Evgeny Epifanovsky,
  Bang C. Huynh
 -----------------------------------------------------------------------
 Exchange:     0.2000 Hartree-Fock + 0.0800 Slater + 0.7200 B88
 Correlation:  0.1900 VWN1RPA + 0.8100 LYP
 Using Euler-Maclaurin-Lebedev (99,590) quadrature formula
Added inc_jk
Added qchem_hcore
Added xc
Added P-dependent contribution
 A restricted SCF calculation will be
 performed using GDM
 SCF converges when RMS gradient is below 1.0e-10
 User-specified cutoff of 10e-14
 used for neglect of 2-electron integrals.
 A cutoff of 10e-14
 used for neglect of overlap integrals.
 Incremental Fock algorithm is on at the start.
 ---------------------------------------
  Cycle       Energy        RMS Gradient
 ---------------------------------------
    1     -93.4301164482      3.07e-03   Normal BFGS step
    2     -93.4301676184      1.37e-03   Normal BFGS step
    3     -93.4301731068      4.24e-04   Normal BFGS step
    4     -93.4301736093      2.78e-04   Normal BFGS step
    5     -93.4301735093      4.59e-04  Line search: overstep
    6     -93.4301736767      8.65e-05   Normal BFGS step
    7     -93.4301736988      3.01e-05   Normal BFGS step
    8     -93.4301737013      1.12e-06   Normal BFGS step
    9     -93.4301737013      1.46e-07   Normal BFGS step
   10     -93.4301737013      1.01e-08   Normal BFGS step
   11     -93.4301737013      2.47e-09   Normal BFGS step
   12     -93.4301737013      3.63e-10   Normal BFGS step
   13     -93.4301737013      4.29e-10   Normal BFGS step
   14     -93.4301737013      2.82e-10   Normal BFGS step
   15     -93.4301737013      3.86e-11  Convergence criterion met
 ---------------------------------------
 SCF time:   CPU 6.17s  wall 1.00s 
 SCF   energy =   -93.43017370
 Total energy =   -93.43017370
 Integrated density by DFT XC:
   Number of electrons = 14
   Numerical integral  =    13.999999968845
   Relative error      =     0.0000002225 %

 --------------------------------------------------------------

                    Orbital Energies (a.u.)
 --------------------------------------------------------------

 Alpha MOs
 -- Occupied --
-14.3572 -10.2468  -0.9238  -0.6058  -0.3833  -0.3620  -0.3620
 -- Virtual --
  0.0152   0.0152   0.0577   0.1992   0.4598   0.4598   0.5426   0.6685
  0.7390   0.7884   0.7884   0.9848   1.0816   1.0816   1.0977   1.0977
  1.4417   1.7124   1.7124   1.8761   1.8761   2.0568   2.5530   2.5530
  2.7972   3.0444
 --------------------------------------------------------------

          Ground-State Mulliken Net Atomic Charges

     Atom                 Charge (a.u.)
  ----------------------------------------
      1 N                    -0.082107
      2 C                    -0.008429
      3 H                     0.090536
  ----------------------------------------
  Sum of atomic charges =     0.000000

 -----------------------------------------------------------------
                    Cartesian Multipole Moments
 -----------------------------------------------------------------
    Charge (ESU x 10^10)
                 0.0000
    Dipole Moment (Debye)
         X       2.7934      Y       0.0000      Z       0.0000
       Tot       2.7934
    Quadrupole Moments (Debye-Ang)
        XX      -5.9347     XY      -0.0000     YY     -11.4666
        XZ       0.0000     YZ       0.0000     ZZ     -11.4666
    Octopole Moments (Debye-Ang^2)
       XXX      -8.6139    XXY      -0.0000    XYY      -7.4266
       YYY       0.0000    XXZ       0.0000    XYZ       0.0000
       YYZ       0.0000    XZZ      -7.4266    YZZ       0.0000
       ZZZ       0.0000
    Hexadecapole Moments (Debye-Ang^3)
      XXXX     -39.4532   XXXY      -0.0000   XXYY     -13.5270
      XYYY      -0.0000   YYYY     -10.6750   XXXZ       0.0000
      XXYZ       0.0000   XYYZ       0.0000   YYYZ       0.0000
      XXZZ     -13.5270   XYZZ      -0.0000   YYZZ      -3.5583
      XZZZ       0.0000   YZZZ       0.0000   ZZZZ     -10.6750
 -----------------------------------------------------------------
 Calculating analytic gradient of the SCF energy
Added xc
 Gradient of SCF Energy
            1           2           3
    1   0.0011920  -0.0000136  -0.0011784
    2   0.0000000  -0.0000000  -0.0000000
    3   0.0000000  -0.0000000   0.0000000
 Max gradient component =       1.192E-03
 RMS gradient           =       5.587E-04
 Gradient time:  CPU 0.82 s  wall 0.19 s
 Geometry Optimization Parameters
   NAtoms,    NIC,     NZ,  NCons,   NDum,   NFix, NCnnct, MaxDiis
        3       9       0       0       0       0       0       0

 Rotation Matrix is:


     1.000000    0.000000    0.000000
     0.000000    1.000000    0.000000
     0.000000    0.000000    1.000000

 Cartesian Hessian Update
 Hessian updated using BFGS update


** GEOMETRY OPTIMIZATION IN CARTESIAN COORDINATES **
   Searching for a Minimum

   Optimization Cycle:   5

                       Coordinates (Angstroms)
     ATOM                X               Y               Z
      1  N        -0.0047543312    0.0000000000    0.0000000000
      2  C         1.1526700753    0.0000000000    0.0000000000
      3  H         2.2280842559    0.0000000000    0.0000000000
   Point Group: c1    Number of degrees of freedom:     3


   Energy is    -93.430173701


                       Cartesian Gradient (au)
     ATOM              X           Y           Z
    1  N           0.001192    0.000000    0.000000
    2  C          -0.000014    0.000000    0.000000
    3  H          -0.001178    0.000000    0.000000

 Vectors for Translations and Rotations


     0.577350    0.000000    0.000000    0.000000    0.000000   -0.000000
     0.000000    0.577350    0.000000    0.000000    0.000000   -0.715603
     0.000000    0.000000    0.577350    0.000000    0.715603   -0.000000
     0.577350    0.000000    0.000000    0.000000    0.000000    0.000000
     0.000000    0.577350    0.000000    0.000000    0.000000    0.017310
     0.000000    0.000000    0.577350    0.000000   -0.017310    0.000000
     0.577350    0.000000    0.000000    0.000000    0.000000    0.000000
     0.000000    0.577350    0.000000    0.000000    0.000000    0.698293
     0.000000    0.000000    0.577350    0.000000   -0.698293    0.000000

 The Projection Matrix


     0.666667    0.000000    0.000000   -0.333333    0.000000    0.000000
     0.000000    0.154579    0.000000    0.000000   -0.320946    0.000000
     0.000000    0.000000    0.154579    0.000000    0.000000   -0.320946
    -0.333333    0.000000    0.000000    0.666667    0.000000    0.000000
     0.000000   -0.320946    0.000000    0.000000    0.666367    0.000000
     0.000000    0.000000   -0.320946    0.000000    0.000000    0.666367
    -0.333333    0.000000    0.000000   -0.333333    0.000000    0.000000
     0.000000    0.166367    0.000000    0.000000   -0.345421    0.000000
     0.000000    0.000000    0.166367    0.000000    0.000000   -0.345421


    -0.333333    0.000000    0.000000
     0.000000    0.166367    0.000000
     0.000000    0.000000    0.166367
    -0.333333    0.000000    0.000000
     0.000000   -0.345421    0.000000
     0.000000    0.000000   -0.345421
     0.666667    0.000000    0.000000
     0.000000    0.179054    0.000000
     0.000000    0.000000    0.179054

 Translations and Rotations Projected Out of Hessian

   Hessian Matrix after Projection


     1.522356    0.000000    0.000000   -1.650812    0.000000    0.000000
     0.000000    0.154579    0.000000    0.000000   -0.320946    0.000000
     0.000000    0.000000    0.154579    0.000000    0.000000   -0.320946
    -1.650812    0.000000    0.000000    2.222101    0.000000    0.000000
     0.000000   -0.320946    0.000000    0.000000    0.666367    0.000000
     0.000000    0.000000   -0.320946    0.000000    0.000000    0.666367
     0.128456    0.000000    0.000000   -0.571289    0.000000    0.000000
     0.000000    0.166367    0.000000    0.000000   -0.345421    0.000000
     0.000000    0.000000    0.166367    0.000000    0.000000   -0.345421


     0.128456    0.000000    0.000000
     0.000000    0.166367    0.000000
     0.000000    0.000000    0.166367
    -0.571289    0.000000    0.000000
     0.000000   -0.345421    0.000000
     0.000000    0.000000   -0.345421
     0.442832    0.000000    0.000000
     0.000000    0.179054    0.000000
     0.000000    0.000000    0.179054

  2 Hessian modes will be used to form the next step
  Hessian Eigenvalues:
     0.541096    3.646193

  Hessian Eigenvectors:


    -0.540892   -0.611639
     0.000000    0.000000
     0.000000   -0.000000
    -0.259249    0.774246
     0.000000   -0.000000
     0.000000   -0.000000
     0.800141   -0.162606
    -0.000000   -0.000000
     0.000000   -0.000000

 Minimum search - taking simple RFO step
 Searching for Lamda that Minimizes Along All modes
 Value Taken    Lamda =  -0.00000472
 Step Taken.  Stepsize is  0.002931


                      Coordinates and Displacements in Atomic Units
   ATOM            Current Value    Gradient  Displacement   New Value
  1  n         X      -0.008984     0.001192    -0.001675    -0.010660
               Y       0.000000     0.000000     0.000000     0.000000
               Z       0.000000     0.000000     0.000000     0.000000
  2  c         X       2.178231    -0.000014    -0.000643     2.177588
               Y       0.000000     0.000000     0.000000     0.000000
               Z       0.000000     0.000000     0.000000     0.000000
  3  h         X       4.210469    -0.001178     0.002318     4.212787
               Y       0.000000     0.000000    -0.000000    -0.000000
               Z       0.000000     0.000000     0.000000     0.000000

                             Maximum     Tolerance    Cnvgd?
         Gradient           0.001192      0.000001      NO
         Displacement       0.002318      0.000001      NO
         Energy change     -0.000179      0.000000      NO

 ----------------------------------------------------------------
             Standard Nuclear Orientation (Angstroms)
    I     Atom           X                Y                Z
 ----------------------------------------------------------------
    1      N      -0.0056409049     0.0000000000     0.0000000000
    2      C       1.1523300329     0.0000000000     0.0000000000
    3      H       2.2293108720     0.0000000000     0.0000000000
 ----------------------------------------------------------------
 Nuclear Repulsion Energy =          23.79896649 hartrees
 There are        7 alpha and        7 beta electrons
 Applying Cartesian multipole field
    Component          Value
    ---------          -----
     (2,0,0)        1.00000E-11
     (0,2,0)        2.00000E-10
     (0,0,2)       -3.00000E-10
 Nucleus-field energy     =     0.0000000005 hartrees
 Requested basis set is cc-pVDZ
 There are 15 shells and 33 basis functions
 A cutoff of  1.0D-14 yielded    120 shell pairs
 There are       596 function pairs (       675 Cartesian)
 Smallest overlap matrix eigenvalue = 7.72E-03
 Guess MOs from SCF MO coefficient file

 -----------------------------------------------------------------------
  General SCF calculation program by
  Eric Jon Sundstrom, Paul Horn, Yuezhi Mao, Dmitri Zuev, Alec White,
  David Stuck, Shaama M.S., Shane Yost, Joonho Lee, David Small,
  Daniel Levine, Susi Lehtola, Hugh Burton, Evgeny Epifanovsky,
  Bang C. Huynh
 -----------------------------------------------------------------------
 Exchange:     0.2000 Hartree-Fock + 0.0800 Slater + 0.7200 B88
 Correlation:  0.1900 VWN1RPA + 0.8100 LYP
 Using Euler-Maclaurin-Lebedev (99,590) quadrature formula
Added inc_jk
Added qchem_hcore
Added xc
Added P-dependent contribution
 A restricted SCF calculation will be
 performed using GDM
 SCF converges when RMS gradient is below 1.0e-10
 User-specified cutoff of 10e-14
 used for neglect of 2-electron integrals.
 A cutoff of 10e-14
 used for neglect of overlap integrals.
 Incremental Fock algorithm is on at the start.
 ---------------------------------------
  Cycle       Energy        RMS Gradient
 ---------------------------------------
    1     -93.4301753952      3.45e-04   Normal BFGS step
    2     -93.4301759393      1.34e-04   Normal BFGS step
    3     -93.4301759764      1.24e-04   Normal BFGS step
    4     -93.4301759745      1.32e-04   Normal BFGS step
    5     -93.4301759923      2.09e-05   Normal BFGS step
    6     -93.4301759937      6.83e-06   Normal BFGS step
    7     -93.4301759939      4.38e-07   Normal BFGS step
    8     -93.4301759939      5.32e-08   Normal BFGS step
    9     -93.4301759939      9.10e-09   Normal BFGS step
   10     -93.4301759939      6.37e-10   Normal BFGS step
   11     -93.4301759939      2.79e-10   Normal BFGS step
   12     -93.4301759939      3.58e-10   Normal BFGS step
  GDM::WARNING energy changes are now smaller than effective accuracy.
  GDM::        calculation will continue, but THRESH should be increased
  GDM::        or SCF_CONVERGENCE decreased. 
  GDM::        effective_thresh = 4.33e-10
   13     -93.4301759939      6.38e-12  Convergence criterion met
 ---------------------------------------
 SCF time:   CPU 5.41s  wall 1.00s 
 SCF   energy =   -93.43017599
 Total energy =   -93.43017599
 Integrated density by DFT XC:
   Number of electrons = 14
   Numerical integral  =    13.999999969467
   Relative error      =     0.0000002181 %

 --------------------------------------------------------------

                    Orbital Energies (a.u.)
 --------------------------------------------------------------

 Alpha MOs
 -- Occupied --
-14.3573 -10.2470  -0.9235  -0.6054  -0.3833  -0.3619  -0.3619
 -- Virtual --
  0.0150   0.0150   0.0572   0.1992   0.4599   0.4599   0.5423   0.6684
  0.7387   0.7884   0.7884   0.9832   1.0813   1.0813   1.0978   1.0978
  1.4418   1.7111   1.7111   1.8760   1.8760   2.0536   2.5518   2.5518
  2.7964   3.0405
 --------------------------------------------------------------

          Ground-State Mulliken Net Atomic Charges

     Atom                 Charge (a.u.)
  ----------------------------------------
      1 N                    -0.082240
      2 C                    -0.009198
      3 H                     0.091438
  ----------------------------------------
  Sum of atomic charges =     0.000000

 -----------------------------------------------------------------
                    Cartesian Multipole Moments
 -----------------------------------------------------------------
    Charge (ESU x 10^10)
                 0.0000
    Dipole Moment (Debye)
         X       2.7953      Y      -0.0000      Z      -0.0000
       Tot       2.7953
    Quadrupole Moments (Debye-Ang)
        XX      -5.9299     XY      -0.0000     YY     -11.4702
        XZ      -0.0000     YZ      -0.0000     ZZ     -11.4702
    Octopole Moments (Debye-Ang^2)
       XXX      -8.5776    XXY      -0.0000    XYY      -7.4254
       YYY      -0.0000    XXZ      -0.0000    XYZ      -0.0000
       YYZ      -0.0000    XZZ      -7.4254    YZZ      -0.0000
       ZZZ      -0.0000
    Hexadecapole Moments (Debye-Ang^3)
      XXXX     -39.3942   XXXY      -0.0000   XXYY     -13.5351
      XYYY      -0.0000   YYYY     -10.6811   XXXZ      -0.0000
      XXYZ      -0.0000   XYYZ      -0.0000   YYYZ      -0.0000
      XXZZ     -13.5351   XYZZ      -0.0000   YYZZ      -3.5604
      XZZZ      -0.0000   YZZZ      -0.0000   ZZZZ     -10.6811
 -----------------------------------------------------------------
 Calculating analytic gradient of the SCF energy
Added xc
 Gradient of SCF Energy
            1           2           3
    1  -0.0000966   0.0000869   0.0000097
    2   0.0000000  -0.0000000  -0.0000000
    3   0.0000000   0.0000000  -0.0000000
 Max gradient component =       9.658E-05
 RMS gradient           =       4.343E-05
 Gradient time:  CPU 0.82 s  wall 0.19 s
 Geometry Optimization Parameters
   NAtoms,    NIC,     NZ,  NCons,   NDum,   NFix, NCnnct, MaxDiis
        3       9       0       0       0       0       0       0

 Rotation Matrix is:


     1.000000    0.000000    0.000000
     0.000000    1.000000    0.000000
     0.000000    0.000000    1.000000

 Cartesian Hessian Update
 Hessian updated using BFGS update


** GEOMETRY OPTIMIZATION IN CARTESIAN COORDINATES **
   Searching for a Minimum

   Optimization Cycle:   6

                       Coordinates (Angstroms)
     ATOM                X               Y               Z
      1  N        -0.0056409049    0.0000000000    0.0000000000
      2  C         1.1523300329    0.0000000000    0.0000000000
      3  H         2.2293108720    0.0000000000    0.0000000000
   Point Group: c1    Number of degrees of freedom:     3


   Energy is    -93.430175994


                       Cartesian Gradient (au)
     ATOM              X           Y           Z
    1  N          -0.000097    0.000000    0.000000
    2  C           0.000087    0.000000    0.000000
    3  H           0.000010    0.000000    0.000000

 Vectors for Translations and Rotations


     0.577350    0.000000    0.000000    0.000000    0.000000   -0.000000
     0.000000    0.577350    0.000000    0.000000    0.000000   -0.715492
     0.000000    0.000000    0.577350    0.000000    0.715492   -0.000000
     0.577350    0.000000    0.000000    0.000000    0.000000    0.000000
     0.000000    0.577350    0.000000    0.000000    0.000000    0.017079
     0.000000    0.000000    0.577350    0.000000   -0.017079    0.000000
     0.577350    0.000000    0.000000    0.000000    0.000000    0.000000
     0.000000    0.577350    0.000000    0.000000    0.000000    0.698413
     0.000000    0.000000    0.577350    0.000000   -0.698413    0.000000

 The Projection Matrix


     0.666667    0.000000    0.000000   -0.333333    0.000000    0.000000
     0.000000    0.154738    0.000000    0.000000   -0.321113    0.000000
     0.000000    0.000000    0.154738    0.000000    0.000000   -0.321113
    -0.333333    0.000000    0.000000    0.666667    0.000000    0.000000
     0.000000   -0.321113    0.000000    0.000000    0.666375    0.000000
     0.000000    0.000000   -0.321113    0.000000    0.000000    0.666375
    -0.333333    0.000000    0.000000   -0.333333    0.000000    0.000000
     0.000000    0.166375    0.000000    0.000000   -0.345262    0.000000
     0.000000    0.000000    0.166375    0.000000    0.000000   -0.345262


    -0.333333    0.000000    0.000000
     0.000000    0.166375    0.000000
     0.000000    0.000000    0.166375
    -0.333333    0.000000    0.000000
     0.000000   -0.345262    0.000000
     0.000000    0.000000   -0.345262
     0.666667    0.000000    0.000000
     0.000000    0.178887    0.000000
     0.000000    0.000000    0.178887

 Translations and Rotations Projected Out of Hessian

   Hessian Matrix after Projection


     1.563803    0.000000    0.000000   -1.674093    0.000000    0.000000
     0.000000    0.154738    0.000000    0.000000   -0.321113    0.000000
     0.000000    0.000000    0.154738    0.000000    0.000000   -0.321113
    -1.674093    0.000000    0.000000    2.224146    0.000000    0.000000
     0.000000   -0.321113    0.000000    0.000000    0.666375    0.000000
     0.000000    0.000000   -0.321113    0.000000    0.000000    0.666375
     0.110291    0.000000    0.000000   -0.550053    0.000000    0.000000
     0.000000    0.166375    0.000000    0.000000   -0.345262    0.000000
     0.000000    0.000000    0.166375    0.000000    0.000000   -0.345262


     0.110291    0.000000    0.000000
     0.000000    0.166375    0.000000
     0.000000    0.000000    0.166375
    -0.550053    0.000000    0.000000
     0.000000   -0.345262    0.000000
     0.000000    0.000000   -0.345262
     0.439762    0.000000    0.000000
     0.000000    0.178887    0.000000
     0.000000    0.000000    0.178887

  2 Hessian modes will be used to form the next step
  Hessian Eigenvalues:
     0.551238    3.676473

  Hessian Eigenvectors:


    -0.532800   -0.618701
     0.000000   -0.000000
     0.000000   -0.000000
    -0.269410    0.770769
    -0.000000   -0.000000
     0.000000   -0.000000
     0.802211   -0.152068
    -0.000000   -0.000000
     0.000000   -0.000000

 Minimum search - taking simple RFO step
 Searching for Lamda that Minimizes Along All modes
 Value Taken    Lamda =  -0.00000001
 Step Taken.  Stepsize is  0.000073


                      Coordinates and Displacements in Atomic Units
   ATOM            Current Value    Gradient  Displacement   New Value
  1  n         X      -0.010660    -0.000097     0.000056    -0.010604
               Y       0.000000     0.000000    -0.000000    -0.000000
               Z       0.000000     0.000000    -0.000000    -0.000000
  2  c         X       2.177588     0.000087    -0.000009     2.177579
               Y       0.000000     0.000000     0.000000     0.000000
               Z       0.000000     0.000000    -0.000000    -0.000000
  3  h         X       4.212787     0.000010    -0.000047     4.212740
               Y       0.000000     0.000000     0.000000     0.000000
               Z       0.000000     0.000000    -0.000000    -0.000000

                             Maximum     Tolerance    Cnvgd?
         Gradient           0.000097      0.000001      NO
         Displacement       0.000056      0.000001      NO
         Energy change     -0.000002      0.000000      NO

 ----------------------------------------------------------------
             Standard Nuclear Orientation (Angstroms)
    I     Atom           X                Y                Z
 ----------------------------------------------------------------
    1      N      -0.0056114425     0.0000000000     0.0000000000
    2      C       1.1523253911     0.0000000000     0.0000000000
    3      H       2.2292860514     0.0000000000     0.0000000000
 ----------------------------------------------------------------
 Nuclear Repulsion Energy =          23.79962728 hartrees
 There are        7 alpha and        7 beta electrons
 Applying Cartesian multipole field
    Component          Value
    ---------          -----
     (2,0,0)        1.00000E-11
     (0,2,0)        2.00000E-10
     (0,0,2)       -3.00000E-10
 Nucleus-field energy     =     0.0000000005 hartrees
 Requested basis set is cc-pVDZ
 There are 15 shells and 33 basis functions
 A cutoff of  1.0D-14 yielded    120 shell pairs
 There are       596 function pairs (       675 Cartesian)
 Smallest overlap matrix eigenvalue = 7.72E-03
 Guess MOs from SCF MO coefficient file

 -----------------------------------------------------------------------
  General SCF calculation program by
  Eric Jon Sundstrom, Paul Horn, Yuezhi Mao, Dmitri Zuev, Alec White,
  David Stuck, Shaama M.S., Shane Yost, Joonho Lee, David Small,
  Daniel Levine, Susi Lehtola, Hugh Burton, Evgeny Epifanovsky,
  Bang C. Huynh
 -----------------------------------------------------------------------
 Exchange:     0.2000 Hartree-Fock + 0.0800 Slater + 0.7200 B88
 Correlation:  0.1900 VWN1RPA + 0.8100 LYP
 Using Euler-Maclaurin-Lebedev (99,590) quadrature formula
Added inc_jk
Added qchem_hcore
Added xc
Added P-dependent contribution
 A restricted SCF calculation will be
 performed using GDM
 SCF converges when RMS gradient is below 1.0e-10
 User-specified cutoff of 10e-14
 used for neglect of 2-electron integrals.
 A cutoff of 10e-14
 used for neglect of overlap integrals.
 Incremental Fock algorithm is on at the start.
 ---------------------------------------
  Cycle       Energy        RMS Gradient
 ---------------------------------------
    1     -93.4301759967      1.16e-05   Normal BFGS step
    2     -93.4301759973      1.10e-05   Normal BFGS step
    3     -93.4301759974      1.42e-05   Normal BFGS step
    4     -93.4301759975      4.74e-06   Normal BFGS step
    5     -93.4301759975      1.01e-06   Normal BFGS step
    6     -93.4301759975      2.73e-07   Normal BFGS step
    7     -93.4301759975      1.39e-08   Normal BFGS step
    8     -93.4301759975      2.74e-09   Normal BFGS step
    9     -93.4301759975      3.21e-10   Normal BFGS step
   10     -93.4301759975      2.03e-11  Convergence criterion met
 ---------------------------------------
 SCF time:   CPU 4.32s  wall 0.00s 
 SCF   energy =   -93.43017600
 Total energy =   -93.43017600
 Integrated density by DFT XC:
   Number of electrons = 14
   Numerical integral  =    13.999999969414
   Relative error      =     0.0000002185 %

 --------------------------------------------------------------

                    Orbital Energies (a.u.)
 --------------------------------------------------------------

 Alpha MOs
 -- Occupied --
-14.3573 -10.2470  -0.9235  -0.6054  -0.3833  -0.3619  -0.3619
 -- Virtual --
  0.0151   0.0151   0.0572   0.1992   0.4599   0.4599   0.5423   0.6685
  0.7387   0.7884   0.7884   0.9832   1.0813   1.0813   1.0978   1.0978
  1.4418   1.7111   1.7111   1.8760   1.8760   2.0537   2.5518   2.5518
  2.7964   3.0407
 --------------------------------------------------------------

          Ground-State Mulliken Net Atomic Charges

     Atom                 Charge (a.u.)
  ----------------------------------------
      1 N                    -0.082226
      2 C                    -0.009198
      3 H                     0.091423
  ----------------------------------------
  Sum of atomic charges =     0.000000

 -----------------------------------------------------------------
                    Cartesian Multipole Moments
 -----------------------------------------------------------------
    Charge (ESU x 10^10)
                -0.0000
    Dipole Moment (Debye)
         X       2.7952      Y       0.0000      Z       0.0000
       Tot       2.7952
    Quadrupole Moments (Debye-Ang)
        XX      -5.9300     XY       0.0000     YY     -11.4701
        XZ      -0.0000     YZ       0.0000     ZZ     -11.4701
    Octopole Moments (Debye-Ang^2)
       XXX      -8.5783    XXY       0.0000    XYY      -7.4254
       YYY       0.0000    XXZ      -0.0000    XYZ       0.0000
       YYZ       0.0000    XZZ      -7.4254    YZZ       0.0000
       ZZZ       0.0000
    Hexadecapole Moments (Debye-Ang^3)
      XXXX     -39.3945   XXXY       0.0000   XXYY     -13.5348
      XYYY       0.0000   YYYY     -10.6809   XXXZ      -0.0000
      XXYZ       0.0000   XYYZ      -0.0000   YYYZ       0.0000
      XXZZ     -13.5348   XYZZ       0.0000   YYZZ      -3.5603
      XZZZ      -0.0000   YZZZ       0.0000   ZZZZ     -10.6809
 -----------------------------------------------------------------
 Calculating analytic gradient of the SCF energy
Added xc
 Gradient of SCF Energy
            1           2           3
    1  -0.0000140   0.0000188  -0.0000048
    2  -0.0000000   0.0000000  -0.0000000
    3   0.0000000  -0.0000000  -0.0000000
 Max gradient component =       1.883E-05
 RMS gradient           =       7.990E-06
 Gradient time:  CPU 0.83 s  wall 0.19 s
 Geometry Optimization Parameters
   NAtoms,    NIC,     NZ,  NCons,   NDum,   NFix, NCnnct, MaxDiis
        3       9       0       0       0       0       0       0

 Rotation Matrix is:


     1.000000    0.000000    0.000000
     0.000000    1.000000    0.000000
     0.000000    0.000000    1.000000

 Cartesian Hessian Update
 Hessian updated using BFGS update
**WARNING** Hereditary positive definiteness endangered
 due to small product of step size times gradient change
**WARNING** Small scalar product
 Hessian update skipped this cycle


** GEOMETRY OPTIMIZATION IN CARTESIAN COORDINATES **
   Searching for a Minimum

   Optimization Cycle:   7

                       Coordinates (Angstroms)
     ATOM                X               Y               Z
      1  N        -0.0056114425    0.0000000000    0.0000000000
      2  C         1.1523253911    0.0000000000    0.0000000000
      3  H         2.2292860514    0.0000000000    0.0000000000
   Point Group: c1    Number of degrees of freedom:     3


   Energy is    -93.430175998


                       Cartesian Gradient (au)
     ATOM              X           Y           Z
    1  N          -0.000014    0.000000    0.000000
    2  C           0.000019    0.000000    0.000000
    3  H          -0.000005    0.000000    0.000000

 Vectors for Translations and Rotations


     0.577350    0.000000    0.000000    0.000000    0.000000   -0.000000
     0.000000    0.577350    0.000000    0.000000    0.000000   -0.715490
     0.000000    0.000000    0.577350    0.000000    0.715490   -0.000000
     0.577350    0.000000    0.000000    0.000000    0.000000    0.000000
     0.000000    0.577350    0.000000    0.000000    0.000000    0.017076
     0.000000    0.000000    0.577350    0.000000   -0.017076    0.000000
     0.577350    0.000000    0.000000    0.000000    0.000000    0.000000
     0.000000    0.577350    0.000000    0.000000    0.000000    0.698414
     0.000000    0.000000    0.577350    0.000000   -0.698414    0.000000

 The Projection Matrix


     0.666667    0.000000    0.000000   -0.333333    0.000000    0.000000
     0.000000    0.154740    0.000000    0.000000   -0.321115    0.000000
     0.000000    0.000000    0.154740    0.000000    0.000000   -0.321115
    -0.333333    0.000000    0.000000    0.666667    0.000000    0.000000
     0.000000   -0.321115    0.000000    0.000000    0.666375    0.000000
     0.000000    0.000000   -0.321115    0.000000    0.000000    0.666375
    -0.333333    0.000000    0.000000   -0.333333    0.000000    0.000000
     0.000000    0.166375    0.000000    0.000000   -0.345260    0.000000
     0.000000    0.000000    0.166375    0.000000    0.000000   -0.345260


    -0.333333    0.000000    0.000000
     0.000000    0.166375    0.000000
     0.000000    0.000000    0.166375
    -0.333333    0.000000    0.000000
     0.000000   -0.345260    0.000000
     0.000000    0.000000   -0.345260
     0.666667    0.000000    0.000000
     0.000000    0.178885    0.000000
     0.000000    0.000000    0.178885

 Translations and Rotations Projected Out of Hessian

   Hessian Matrix after Projection


     1.563803    0.000000    0.000000   -1.674093    0.000000    0.000000
     0.000000    0.154740    0.000000    0.000000   -0.321115    0.000000
     0.000000    0.000000    0.154740    0.000000    0.000000   -0.321115
    -1.674093    0.000000    0.000000    2.224146    0.000000    0.000000
     0.000000   -0.321115    0.000000    0.000000    0.666375    0.000000
     0.000000    0.000000   -0.321115    0.000000    0.000000    0.666375
     0.110291    0.000000    0.000000   -0.550053    0.000000    0.000000
     0.000000    0.166375    0.000000    0.000000   -0.345260    0.000000
     0.000000    0.000000    0.166375    0.000000    0.000000   -0.345260


     0.110291    0.000000    0.000000
     0.000000    0.166375    0.000000
     0.000000    0.000000    0.166375
    -0.550053    0.000000    0.000000
     0.000000   -0.345260    0.000000
     0.000000    0.000000   -0.345260
     0.439762    0.000000    0.000000
     0.000000    0.178885    0.000000
     0.000000    0.000000    0.178885

  2 Hessian modes will be used to form the next step
  Hessian Eigenvalues:
     0.551238    3.676473

  Hessian Eigenvectors:


    -0.532800   -0.618701
     0.000000   -0.000000
    -0.000000    0.000000
    -0.269410    0.770769
     0.000000    0.000000
    -0.000000    0.000000
     0.802211   -0.152068
     0.000000   -0.000000
     0.000000   -0.000000

 Minimum search - taking simple RFO step
 Searching for Lamda that Minimizes Along All modes
 Value Taken    Lamda =  -0.00000000
 Step Taken.  Stepsize is  0.000007


                      Coordinates and Displacements in Atomic Units
   ATOM            Current Value    Gradient  Displacement   New Value
  1  n         X      -0.010604    -0.000014     0.000003    -0.010601
               Y       0.000000     0.000000     0.000000     0.000000
               Z       0.000000     0.000000    -0.000000    -0.000000
  2  c         X       2.177579     0.000019    -0.000006     2.177574
               Y       0.000000     0.000000     0.000000     0.000000
               Z       0.000000     0.000000    -0.000000    -0.000000
  3  h         X       4.212740    -0.000005     0.000003     4.212743
               Y       0.000000     0.000000     0.000000     0.000000
               Z       0.000000     0.000000     0.000000     0.000000

                             Maximum     Tolerance    Cnvgd?
         Gradient           0.000019      0.000001      NO
         Displacement       0.000006      0.000001      NO
         Energy change     -0.000000      0.000000     YES

 ----------------------------------------------------------------
             Standard Nuclear Orientation (Angstroms)
    I     Atom           X                Y                Z
 ----------------------------------------------------------------
    1      N      -0.0056100414     0.0000000000     0.0000000000
    2      C       1.1523223673     0.0000000000     0.0000000000
    3      H       2.2292876741     0.0000000000     0.0000000000
 ----------------------------------------------------------------
 Nuclear Repulsion Energy =          23.79968774 hartrees
 There are        7 alpha and        7 beta electrons
 Applying Cartesian multipole field
    Component          Value
    ---------          -----
     (2,0,0)        1.00000E-11
     (0,2,0)        2.00000E-10
     (0,0,2)       -3.00000E-10
 Nucleus-field energy     =     0.0000000005 hartrees
 Requested basis set is cc-pVDZ
 There are 15 shells and 33 basis functions
 A cutoff of  1.0D-14 yielded    120 shell pairs
 There are       596 function pairs (       675 Cartesian)
 Smallest overlap matrix eigenvalue = 7.72E-03
 Guess MOs from SCF MO coefficient file

 -----------------------------------------------------------------------
  General SCF calculation program by
  Eric Jon Sundstrom, Paul Horn, Yuezhi Mao, Dmitri Zuev, Alec White,
  David Stuck, Shaama M.S., Shane Yost, Joonho Lee, David Small,
  Daniel Levine, Susi Lehtola, Hugh Burton, Evgeny Epifanovsky,
  Bang C. Huynh
 -----------------------------------------------------------------------
 Exchange:     0.2000 Hartree-Fock + 0.0800 Slater + 0.7200 B88
 Correlation:  0.1900 VWN1RPA + 0.8100 LYP
 Using Euler-Maclaurin-Lebedev (99,590) quadrature formula
Added inc_jk
Added qchem_hcore
Added xc
Added P-dependent contribution
 A restricted SCF calculation will be
 performed using GDM
 SCF converges when RMS gradient is below 1.0e-10
 User-specified cutoff of 10e-14
 used for neglect of 2-electron integrals.
 A cutoff of 10e-14
 used for neglect of overlap integrals.
 Incremental Fock algorithm is on at the start.
 ---------------------------------------
  Cycle       Energy        RMS Gradient
 ---------------------------------------
    1     -93.4301759976      1.37e-06   Normal BFGS step
    2     -93.4301759976      2.86e-06   Normal BFGS step
    3     -93.4301759976      2.19e-06   Normal BFGS step
    4     -93.4301759976      6.01e-07   Normal BFGS step
    5     -93.4301759976      1.61e-07   Normal BFGS step
    6     -93.4301759976      2.20e-08   Normal BFGS step
    7     -93.4301759976      1.85e-09   Normal BFGS step
    8     -93.4301759976      5.57e-10   Normal BFGS step
    9     -93.4301759976      3.88e-11  Convergence criterion met
 ---------------------------------------
 SCF time:   CPU 3.97s  wall 0.00s 
 SCF   energy =   -93.43017600
 Total energy =   -93.43017600
 Integrated density by DFT XC:
   Number of electrons = 14
   Numerical integral  =    13.999999969406
   Relative error      =     0.0000002185 %

 --------------------------------------------------------------

                    Orbital Energies (a.u.)
 --------------------------------------------------------------

 Alpha MOs
 -- Occupied --
-14.3573 -10.2470  -0.9236  -0.6054  -0.3833  -0.3619  -0.3619
 -- Virtual --
  0.0151   0.0151   0.0572   0.1992   0.4599   0.4599   0.5423   0.6685
  0.7387   0.7884   0.7884   0.9832   1.0813   1.0813   1.0978   1.0978
  1.4418   1.7111   1.7111   1.8760   1.8760   2.0537   2.5518   2.5518
  2.7964   3.0407
 --------------------------------------------------------------

          Ground-State Mulliken Net Atomic Charges

     Atom                 Charge (a.u.)
  ----------------------------------------
      1 N                    -0.082224
      2 C                    -0.009202
      3 H                     0.091425
  ----------------------------------------
  Sum of atomic charges =     0.000000

 -----------------------------------------------------------------
                    Cartesian Multipole Moments
 -----------------------------------------------------------------
    Charge (ESU x 10^10)
                 0.0000
    Dipole Moment (Debye)
         X       2.7953      Y       0.0000      Z      -0.0000
       Tot       2.7953
    Quadrupole Moments (Debye-Ang)
        XX      -5.9300     XY       0.0000     YY     -11.4701
        XZ       0.0000     YZ       0.0000     ZZ     -11.4701
    Octopole Moments (Debye-Ang^2)
       XXX      -8.5782    XXY       0.0000    XYY      -7.4254
       YYY       0.0000    XXZ       0.0000    XYZ       0.0000
       YYZ      -0.0000    XZZ      -7.4254    YZZ       0.0000
       ZZZ      -0.0000
    Hexadecapole Moments (Debye-Ang^3)
      XXXX     -39.3942   XXXY       0.0000   XXYY     -13.5348
      XYYY       0.0000   YYYY     -10.6809   XXXZ       0.0000
      XXYZ       0.0000   XYYZ       0.0000   YYYZ       0.0000
      XXZZ     -13.5348   XYZZ       0.0000   YYZZ      -3.5603
      XZZZ       0.0000   YZZZ       0.0000   ZZZZ     -10.6809
 -----------------------------------------------------------------
 Calculating analytic gradient of the SCF energy
Added xc
 Gradient of SCF Energy
            1           2           3
    1  -0.0000031   0.0000042  -0.0000011
    2  -0.0000000   0.0000000  -0.0000000
    3  -0.0000000   0.0000000   0.0000000
 Max gradient component =       4.223E-06
 RMS gradient           =       1.789E-06
 Gradient time:  CPU 0.81 s  wall 0.19 s
 Geometry Optimization Parameters
   NAtoms,    NIC,     NZ,  NCons,   NDum,   NFix, NCnnct, MaxDiis
        3       9       0       0       0       0       0       0

 Rotation Matrix is:


     1.000000    0.000000    0.000000
     0.000000    1.000000    0.000000
     0.000000    0.000000    1.000000

 Cartesian Hessian Update
 Hessian updated using BFGS update
**WARNING** Hereditary positive definiteness endangered
 due to small product of step size times gradient change
**WARNING** Small scalar product
 Hessian update skipped this cycle


** GEOMETRY OPTIMIZATION IN CARTESIAN COORDINATES **
   Searching for a Minimum

   Optimization Cycle:   8

                       Coordinates (Angstroms)
     ATOM                X               Y               Z
      1  N        -0.0056100414    0.0000000000    0.0000000000
      2  C         1.1523223673    0.0000000000    0.0000000000
      3  H         2.2292876741    0.0000000000    0.0000000000
   Point Group: c1    Number of degrees of freedom:     3


   Energy is    -93.430175998


                       Cartesian Gradient (au)
     ATOM              X           Y           Z
    1  N          -0.000003    0.000000    0.000000
    2  C           0.000004    0.000000    0.000000
    3  H          -0.000001    0.000000    0.000000

 Vectors for Translations and Rotations


     0.577350    0.000000    0.000000    0.000000    0.000000   -0.000000
     0.000000    0.577350    0.000000    0.000000    0.000000   -0.715489
     0.000000    0.000000    0.577350    0.000000    0.715489   -0.000000
     0.577350    0.000000    0.000000    0.000000    0.000000    0.000000
     0.000000    0.577350    0.000000    0.000000    0.000000    0.017075
     0.000000    0.000000    0.577350    0.000000   -0.017075    0.000000
     0.577350    0.000000    0.000000    0.000000    0.000000    0.000000
     0.000000    0.577350    0.000000    0.000000    0.000000    0.698415
     0.000000    0.000000    0.577350    0.000000   -0.698415    0.000000

 The Projection Matrix


     0.666667    0.000000    0.000000   -0.333333    0.000000    0.000000
     0.000000    0.154742    0.000000    0.000000   -0.321117    0.000000
     0.000000    0.000000    0.154742    0.000000    0.000000   -0.321117
    -0.333333    0.000000    0.000000    0.666667    0.000000    0.000000
     0.000000   -0.321117    0.000000    0.000000    0.666375    0.000000
     0.000000    0.000000   -0.321117    0.000000    0.000000    0.666375
    -0.333333    0.000000    0.000000   -0.333333    0.000000    0.000000
     0.000000    0.166375    0.000000    0.000000   -0.345258    0.000000
     0.000000    0.000000    0.166375    0.000000    0.000000   -0.345258


    -0.333333    0.000000    0.000000
     0.000000    0.166375    0.000000
     0.000000    0.000000    0.166375
    -0.333333    0.000000    0.000000
     0.000000   -0.345258    0.000000
     0.000000    0.000000   -0.345258
     0.666667    0.000000    0.000000
     0.000000    0.178883    0.000000
     0.000000    0.000000    0.178883

 Translations and Rotations Projected Out of Hessian

   Hessian Matrix after Projection


     1.563803    0.000000    0.000000   -1.674093    0.000000    0.000000
     0.000000    0.154742    0.000000    0.000000   -0.321117    0.000000
     0.000000    0.000000    0.154742    0.000000    0.000000   -0.321117
    -1.674093    0.000000    0.000000    2.224146    0.000000    0.000000
     0.000000   -0.321117    0.000000    0.000000    0.666375    0.000000
     0.000000    0.000000   -0.321117    0.000000    0.000000    0.666375
     0.110291    0.000000    0.000000   -0.550053    0.000000    0.000000
     0.000000    0.166375    0.000000    0.000000   -0.345258    0.000000
     0.000000    0.000000    0.166375    0.000000    0.000000   -0.345258


     0.110291    0.000000    0.000000
     0.000000    0.166375    0.000000
     0.000000    0.000000    0.166375
    -0.550053    0.000000    0.000000
     0.000000   -0.345258    0.000000
     0.000000    0.000000   -0.345258
     0.439762    0.000000    0.000000
     0.000000    0.178883    0.000000
     0.000000    0.000000    0.178883

  2 Hessian modes will be used to form the next step
  Hessian Eigenvalues:
     0.551238    3.676473

  Hessian Eigenvectors:


    -0.532800   -0.618701
    -0.000000   -0.000000
     0.000000   -0.000000
    -0.269410    0.770769
    -0.000000   -0.000000
    -0.000000   -0.000000
     0.802211   -0.152068
     0.000000   -0.000000
    -0.000000    0.000000

 Minimum search - taking simple RFO step
 Searching for Lamda that Minimizes Along All modes
 Value Taken    Lamda =  -0.00000000
 Step Taken.  Stepsize is  0.000002


                      Coordinates and Displacements in Atomic Units
   ATOM            Current Value    Gradient  Displacement   New Value
  1  n         X      -0.010601    -0.000003     0.000001    -0.010601
               Y       0.000000     0.000000     0.000000     0.000000
               Z       0.000000     0.000000     0.000000     0.000000
  2  c         X       2.177574     0.000004    -0.000001     2.177572
               Y       0.000000     0.000000     0.000000     0.000000
               Z       0.000000     0.000000     0.000000     0.000000
  3  h         X       4.212743    -0.000001     0.000001     4.212744
               Y       0.000000     0.000000     0.000000     0.000000
               Z       0.000000     0.000000    -0.000000    -0.000000

                             Maximum     Tolerance    Cnvgd?
         Gradient           0.000004      0.000001      NO
         Displacement       0.000001      0.000001      NO
         Energy change     -0.000000      0.000000     YES

 ----------------------------------------------------------------
             Standard Nuclear Orientation (Angstroms)
    I     Atom           X                Y                Z
 ----------------------------------------------------------------
    1      N      -0.0056097465     0.0000000000     0.0000000000
    2      C       1.1523216814     0.0000000000     0.0000000000
    3      H       2.2292880651     0.0000000000     0.0000000000
 ----------------------------------------------------------------
 Nuclear Repulsion Energy =          23.79970098 hartrees
 There are        7 alpha and        7 beta electrons
 Applying Cartesian multipole field
    Component          Value
    ---------          -----
     (2,0,0)        1.00000E-11
     (0,2,0)        2.00000E-10
     (0,0,2)       -3.00000E-10
 Nucleus-field energy     =     0.0000000005 hartrees
 Requested basis set is cc-pVDZ
 There are 15 shells and 33 basis functions
 A cutoff of  1.0D-14 yielded    120 shell pairs
 There are       596 function pairs (       675 Cartesian)
 Smallest overlap matrix eigenvalue = 7.72E-03
 Guess MOs from SCF MO coefficient file

 -----------------------------------------------------------------------
  General SCF calculation program by
  Eric Jon Sundstrom, Paul Horn, Yuezhi Mao, Dmitri Zuev, Alec White,
  David Stuck, Shaama M.S., Shane Yost, Joonho Lee, David Small,
  Daniel Levine, Susi Lehtola, Hugh Burton, Evgeny Epifanovsky,
  Bang C. Huynh
 -----------------------------------------------------------------------
 Exchange:     0.2000 Hartree-Fock + 0.0800 Slater + 0.7200 B88
 Correlation:  0.1900 VWN1RPA + 0.8100 LYP
 Using Euler-Maclaurin-Lebedev (99,590) quadrature formula
Added inc_jk
Added qchem_hcore
Added xc
Added P-dependent contribution
 A restricted SCF calculation will be
 performed using GDM
 SCF converges when RMS gradient is below 1.0e-10
 User-specified cutoff of 10e-14
 used for neglect of 2-electron integrals.
 A cutoff of 10e-14
 used for neglect of overlap integrals.
 Incremental Fock algorithm is on at the start.
 ---------------------------------------
  Cycle       Energy        RMS Gradient
 ---------------------------------------
    1     -93.4301759976      3.02e-07   Normal BFGS step
    2     -93.4301759976      6.44e-07   Normal BFGS step
    3     -93.4301759976      4.89e-07   Normal BFGS step
    4     -93.4301759976      1.33e-07   Normal BFGS step
    5     -93.4301759976      3.59e-08   Normal BFGS step
    6     -93.4301759976      4.81e-09   Normal BFGS step
    7     -93.4301759976      4.44e-10   Normal BFGS step
    8     -93.4301759976      1.29e-10   Normal BFGS step
    9     -93.4301759976      8.90e-12  Convergence criterion met
 ---------------------------------------
 SCF time:   CPU 7.78s  wall 1.00s 
 SCF   energy =   -93.43017600
 Total energy =   -93.43017600
 Integrated density by DFT XC:
   Number of electrons = 14
   Numerical integral  =    13.999999969404
   Relative error      =     0.0000002185 %

 --------------------------------------------------------------

                    Orbital Energies (a.u.)
 --------------------------------------------------------------

 Alpha MOs
 -- Occupied --
-14.3573 -10.2470  -0.9236  -0.6054  -0.3833  -0.3619  -0.3619
 -- Virtual --
  0.0151   0.0151   0.0572   0.1992   0.4599   0.4599   0.5423   0.6685
  0.7387   0.7884   0.7884   0.9832   1.0813   1.0813   1.0978   1.0978
  1.4418   1.7111   1.7111   1.8760   1.8760   2.0537   2.5518   2.5518
  2.7964   3.0407
 --------------------------------------------------------------

          Ground-State Mulliken Net Atomic Charges

     Atom                 Charge (a.u.)
  ----------------------------------------
      1 N                    -0.082223
      2 C                    -0.009203
      3 H                     0.091426
  ----------------------------------------
  Sum of atomic charges =     0.000000

 -----------------------------------------------------------------
                    Cartesian Multipole Moments
 -----------------------------------------------------------------
    Charge (ESU x 10^10)
                 0.0000
    Dipole Moment (Debye)
         X       2.7953      Y       0.0000      Z       0.0000
       Tot       2.7953
    Quadrupole Moments (Debye-Ang)
        XX      -5.9300     XY       0.0000     YY     -11.4701
        XZ       0.0000     YZ       0.0000     ZZ     -11.4701
    Octopole Moments (Debye-Ang^2)
       XXX      -8.5782    XXY       0.0000    XYY      -7.4254
       YYY       0.0000    XXZ       0.0000    XYZ       0.0000
       YYZ       0.0000    XZZ      -7.4254    YZZ       0.0000
       ZZZ       0.0000
    Hexadecapole Moments (Debye-Ang^3)
      XXXX     -39.3941   XXXY       0.0000   XXYY     -13.5348
      XYYY       0.0000   YYYY     -10.6809   XXXZ       0.0000
      XXYZ       0.0000   XYYZ       0.0000   YYYZ       0.0000
      XXZZ     -13.5348   XYZZ       0.0000   YYZZ      -3.5603
      XZZZ       0.0000   YZZZ       0.0000   ZZZZ     -10.6809
 -----------------------------------------------------------------
 Calculating analytic gradient of the SCF energy
Added xc
 Gradient of SCF Energy
            1           2           3
    1  -0.0000007   0.0000009  -0.0000002
    2   0.0000000  -0.0000000  -0.0000000
    3  -0.0000000   0.0000000  -0.0000000
 Max gradient component =       9.475E-07
 RMS gradient           =       4.014E-07
 Gradient time:  CPU 0.81 s  wall 0.19 s
 Geometry Optimization Parameters
   NAtoms,    NIC,     NZ,  NCons,   NDum,   NFix, NCnnct, MaxDiis
        3       9       0       0       0       0       0       0

 Rotation Matrix is:


     1.000000    0.000000    0.000000
     0.000000    1.000000    0.000000
     0.000000    0.000000    1.000000

 Cartesian Hessian Update
 Hessian updated using BFGS update
**WARNING** Hereditary positive definiteness endangered
 due to small product of step size times gradient change
**WARNING** Small scalar product
 Hessian update skipped this cycle


** GEOMETRY OPTIMIZATION IN CARTESIAN COORDINATES **
   Searching for a Minimum

   Optimization Cycle:   9

                       Coordinates (Angstroms)
     ATOM                X               Y               Z
      1  N        -0.0056097465    0.0000000000    0.0000000000
      2  C         1.1523216814    0.0000000000    0.0000000000
      3  H         2.2292880651    0.0000000000    0.0000000000
   Point Group: c1    Number of degrees of freedom:     3


   Energy is    -93.430175998


                       Cartesian Gradient (au)
     ATOM              X           Y           Z
    1  N          -0.000001    0.000000    0.000000
    2  C           0.000001    0.000000    0.000000
    3  H          -0.000000    0.000000    0.000000

 Vectors for Translations and Rotations


     0.577350    0.000000    0.000000    0.000000    0.000000   -0.000000
     0.000000    0.577350    0.000000    0.000000    0.000000   -0.715489
     0.000000    0.000000    0.577350    0.000000    0.715489   -0.000000
     0.577350    0.000000    0.000000    0.000000    0.000000    0.000000
     0.000000    0.577350    0.000000    0.000000    0.000000    0.017074
     0.000000    0.000000    0.577350    0.000000   -0.017074    0.000000
     0.577350    0.000000    0.000000    0.000000    0.000000    0.000000
     0.000000    0.577350    0.000000    0.000000    0.000000    0.698415
     0.000000    0.000000    0.577350    0.000000   -0.698415    0.000000

 The Projection Matrix


     0.666667    0.000000    0.000000   -0.333333    0.000000    0.000000
     0.000000    0.154742    0.000000    0.000000   -0.321117    0.000000
     0.000000    0.000000    0.154742    0.000000    0.000000   -0.321117
    -0.333333    0.000000    0.000000    0.666667    0.000000    0.000000
     0.000000   -0.321117    0.000000    0.000000    0.666375    0.000000
     0.000000    0.000000   -0.321117    0.000000    0.000000    0.666375
    -0.333333    0.000000    0.000000   -0.333333    0.000000    0.000000
     0.000000    0.166375    0.000000    0.000000   -0.345258    0.000000
     0.000000    0.000000    0.166375    0.000000    0.000000   -0.345258


    -0.333333    0.000000    0.000000
     0.000000    0.166375    0.000000
     0.000000    0.000000    0.166375
    -0.333333    0.000000    0.000000
     0.000000   -0.345258    0.000000
     0.000000    0.000000   -0.345258
     0.666667    0.000000    0.000000
     0.000000    0.178883    0.000000
     0.000000    0.000000    0.178883

 Translations and Rotations Projected Out of Hessian

   Hessian Matrix after Projection


     1.563803    0.000000    0.000000   -1.674093    0.000000    0.000000
     0.000000    0.154742    0.000000    0.000000   -0.321117    0.000000
     0.000000    0.000000    0.154742    0.000000    0.000000   -0.321117
    -1.674093    0.000000    0.000000    2.224146    0.000000    0.000000
     0.000000   -0.321117    0.000000    0.000000    0.666375    0.000000
     0.000000    0.000000   -0.321117    0.000000    0.000000    0.666375
     0.110291    0.000000    0.000000   -0.550053    0.000000    0.000000
     0.000000    0.166375    0.000000    0.000000   -0.345258    0.000000
     0.000000    0.000000    0.166375    0.000000    0.000000   -0.345258


     0.110291    0.000000    0.000000
     0.000000    0.166375    0.000000
     0.000000    0.000000    0.166375
    -0.550053    0.000000    0.000000
     0.000000   -0.345258    0.000000
     0.000000    0.000000   -0.345258
     0.439762    0.000000    0.000000
     0.000000    0.178883    0.000000
     0.000000    0.000000    0.178883

  2 Hessian modes will be used to form the next step
  Hessian Eigenvalues:
     0.551238    3.676473

  Hessian Eigenvectors:


    -0.532800   -0.618701
    -0.000000   -0.000000
     0.000000   -0.000000
    -0.269410    0.770769
     0.000000    0.000000
     0.000000   -0.000000
     0.802211   -0.152068
    -0.000000   -0.000000
    -0.000000    0.000000

 Minimum search - taking simple RFO step
 Searching for Lamda that Minimizes Along All modes
 Value Taken    Lamda =  -0.00000000
 Step Taken.  Stepsize is  0.000000


                      Coordinates and Displacements in Atomic Units
   ATOM            Current Value    Gradient  Displacement   New Value
  1  n         X      -0.010601    -0.000001     0.000000    -0.010601
               Y       0.000000     0.000000    -0.000000    -0.000000
               Z       0.000000     0.000000     0.000000     0.000000
  2  c         X       2.177572     0.000001    -0.000000     2.177572
               Y       0.000000     0.000000     0.000000     0.000000
               Z       0.000000     0.000000     0.000000     0.000000
  3  h         X       4.212744    -0.000000     0.000000     4.212744
               Y       0.000000     0.000000    -0.000000    -0.000000
               Z       0.000000     0.000000     0.000000     0.000000

                             Maximum     Tolerance    Cnvgd?
         Gradient           0.000001      0.000001     YES
         Displacement       0.000000      0.000001     YES
         Energy change     -0.000000      0.000000     YES


                       Distance Matrix (Angstroms)
             N (  1)   C (  2)
   C (  2)  1.157931
   H (  3)  2.234898  1.076966

 Final energy is   -93.430175997638827     


 ******************************
 **  OPTIMIZATION CONVERGED  **
 ******************************

                       Coordinates (Angstroms)
     ATOM                X               Y               Z
      1  N        -0.0056097465    0.0000000000    0.0000000000
      2  C         1.1523216814    0.0000000000    0.0000000000
      3  H         2.2292880651    0.0000000000    0.0000000000

Z-matrix Print:
$molecule
0 1
C 
H  1 1.076966
N  1 1.157931 2 180.000000
$end


 --------------------------------------------------------------

                    Orbital Energies (a.u.)
 --------------------------------------------------------------

 Alpha MOs
 -- Occupied --
-14.3573 -10.2470  -0.9236  -0.6054  -0.3833  -0.3619  -0.3619
 -- Virtual --
  0.0151   0.0151   0.0572   0.1992   0.4599   0.4599   0.5423   0.6685
  0.7387   0.7884   0.7884   0.9832   1.0813   1.0813   1.0978   1.0978
  1.4418   1.7111   1.7111   1.8760   1.8760   2.0537   2.5518   2.5518
  2.7964   3.0407
 --------------------------------------------------------------

          Ground-State Mulliken Net Atomic Charges

     Atom                 Charge (a.u.)
  ----------------------------------------
      1 N                    -0.082223
      2 C                    -0.009203
      3 H                     0.091426
  ----------------------------------------
  Sum of atomic charges =     0.000000

 -----------------------------------------------------------------
                    Cartesian Multipole Moments
 -----------------------------------------------------------------
    Charge (ESU x 10^10)
                 0.0000
    Dipole Moment (Debye)
         X       2.7953      Y       0.0000      Z       0.0000
       Tot       2.7953
    Quadrupole Moments (Debye-Ang)
        XX      -5.9300     XY       0.0000     YY     -11.4701
        XZ       0.0000     YZ       0.0000     ZZ     -11.4701
    Octopole Moments (Debye-Ang^2)
       XXX      -8.5782    XXY       0.0000    XYY      -7.4254
       YYY       0.0000    XXZ       0.0000    XYZ       0.0000
       YYZ       0.0000    XZZ      -7.4254    YZZ       0.0000
       ZZZ       0.0000
    Hexadecapole Moments (Debye-Ang^3)
      XXXX     -39.3941   XXXY       0.0000   XXYY     -13.5348
      XYYY       0.0000   YYYY     -10.6809   XXXZ       0.0000
      XXYZ       0.0000   XYYZ       0.0000   YYYZ       0.0000
      XXZZ     -13.5348   XYZZ       0.0000   YYZZ      -3.5603
      XZZZ       0.0000   YZZZ       0.0000   ZZZZ     -10.6809
 -----------------------------------------------------------------
 Total job time:  12.69s(wall), 72.55s(cpu) 
 Mon Feb 23 14:47:17 2026

        *************************************************************
        *                                                           *
        *  Thank you very much for using Q-Chem.  Have a nice day.  *
        *                                                           *
        *************************************************************


 
User input: 2 of 2 
 
                  Welcome to Q-Chem
     A Quantum Leap Into The Future Of Chemistry


 Q-Chem 6.3 (devel), Q-Chem, Inc., Pleasanton, CA (2025)

 E. Epifanovsky,  A. T. B. Gilbert,  Xintian Feng,  Joonho Lee,  Yuezhi Mao,  
 N. Mardirossian,  P. Pokhilko,  A. White,  M. Wormit,  M. P. Coons,  
 A. L. Dempwolff,  Zhengting Gan,  D. Hait,  P. R. Horn,  L. D. Jacobson,  
 I. Kaliman,  J. Kussmann,  A. W. Lange,  Ka Un Lao,  D. S. Levine,  Jie Liu,  
 S. C. McKenzie,  A. F. Morrison,  K. D. Nanda,  F. Plasser,  D. R. Rehn,  
 M. L. Vidal,  Zhi-Qiang You,  Ying Zhu,  Huseyin Aksu,  B. Alam,  
 B. Albrecht,  A. Aldossary,  E. Alguire,  J. H. Andersen,  
 J. E. Arias-Martinez,  V. Athavale,  F. Ballesteros,  D. Barton,  K. Begam,  
 A. Behn,  N. Bellonzi,  Y. A. Bernard,  E. J. Berquist,  H. Burton,  
 S. Camps,  A. Carreras,  K. Carter-Fenk,  Mathew Chow,  Romit Chakraborty,  
 Chandrima Chakravarty,  Junhan Chen,  A. D. Chien,  K. D. Closser,  
 V. Cofer-Shabica,  L. Cunha,  S. Dasgupta,  Jia Deng,  Joseph Dickinson,  
 M. de Wergifosse,  M. Diedenhofen,  L. B. Dittmer,  Hainam Do,  Wenjie Dou,  
 S. Ehlert,  Po-Tung Fang,  S. Fatehi,  Qingguo Feng,  Jonathan Fetherolf,  
 T. Friedhoff,  Thomas Froitzheim,  Sarai Folkestad,  B. Ganoe,  J. Gayvert,  
 Qinghui Ge,  G. Gidofalvi,  M. Gimferrer,  G. Giudetti,  M. Goldey,  
 Montgomery Gray,  J. Gomes,  C. Gonzalez-Espinoza,  S. Gulania,  A. Gunina,  
 J. A. Gyamfi,  M. W. D. Hanson-Heine,  P. H. P. Harbach,  A. W. Hauser,  
 M. F. Herbst,  M. Hernandez Vera,  M. Hodecker,  Z. C. Holden,  S. Houck,  
 Xunkun Huang,  Kerwin Hui,  B. C. Huynh,  K. Ikeda,  M. Ivanov,  
 Nayanthara K. Jayadev,  Hyunjun Ji,  Zuxin Jin,  Hanjie Jiang,  
 Subrata Jana,  B. Kaduk,  S. Kaehler,  R. Kang,  Richard Kang,  
 K. Khistyaev,  Jaehoon Kim,  Yongbin Kim,  P. Klunzinger,  Z. Koczor-Benda,  
 Joong Hoon Koh,  D. Kosenkov,  Saikiran Kotaru,  L. Koulias,  T. Kowalczyk,  
 C. M. Krauter,  K. Kue,  A. Kunitsa,  T. Kus,  A. Landau,  C. W. Lander,  
 K. V. Lawler,  D. Lefrancois,  S. Lehtola,  Rain Li,  Shaozhi Li,  
 Tao E. Li,  Yi-Pei Li,  Jiashu Liang,  M. Liebenthal,  Hung-Hsuan Lin,  
 You-Sheng Lin,  Fenglai Liu,  Kuan-Yu Liu,  Xiao Liu,  M. Loipersberger,  
 A. Luenser,  C. Malbon,  Aniket Mandal,  Manisha,  A. Manjanath,  
 P. Manohar,  E. Mansoor,  S. F. Manzer,  Shan-Ping Mao,  A. V. Marenich,  
 T. Markovich,  S. Mason,  F. Matz,  S. A. Maurer,  Samuel May,  
 Alexandra McIsaac,  P. F. McLaughlin,  M. F. S. J. Menger,  J.-M. Mewes,  
 S. A. Mewes,  R. E. Moorby,  P. Morgante,  Mohammad Mostafanejad,  
 Madhubani Mukherjee,  J. W. Mullinax,  Quyen Nguyen,  Avik Kumar Ojha,  
 K. J. Oosterbaan,  Eno Paenurk,  Xiaoliang Pan,  G. Paran,  V. Parravicini,  
 R. L. Patterson,  Alexander C. Paul,  Suranjan K. Paul,  F. Pavosevic,  
 Zheng Pei,  P. Pokhilko,  S. Prager,  E. I. Proynov,  E. Ramos,  B. Rana,  
 A. E. Rask,  A. Rettig,  R. M. Richard,  F. Rob,  E. Rossomme,  S. Roy,  
 T. Scheele,  M. Scheurer,  M. Schneider,  P. E. Schneider,  Tim K. Schramm,  
 N. Sergueev,  S. M. Sharada,  Hengyuan Shen,  W. Skomorowski,  D. W. Small,  
 C. J. Stein,  Alistair J. Sterling,  Yingli Su,  Yu-Chuan Su,  
 E. J. Sundstrom,  J. Talbot,  J. A. Tan,  Zhen Tao,  Hung-Hsuan Teh,  
 J. Thirman,  C. Titeca,  N. Tkachenko,  Hung-Yi Tsai,  T. Tsuchimochi,  
 N. M. Tubman,  C. Utku,  S. P. Veccham,  O. Vydrov,  Z. Wang,  Rahel Weiss,  
 J. Wenzel,  Jonathan Wong,  J. Witte,  H. Wu,  Yanze Wu,  A. Yamada,  
 Chou-Hsun Yang,  Kun Yao,  S. Yeganeh,  S. R. Yost,  Qi Yu,  A. Zech,  
 F. Zeller,  Chongxiao Zhao,  T. Zhao,  Igor Ying Zhang,  Xing Zhang,  
 Yu Zhang,  D. Zuev,  A. Aspuru-Guzik,  A. T. Bell,  N. A. Besley,  
 K. B. Bravaya,  B. R. Brooks,  D. Casanova,  Jeng-Da Chai,  Hsing-Ta Chen,  
 S. Coriani,  C. J. Cramer,  A. E. DePrince, III,  R. A. DiStasio Jr.,  
 A. Dreuw,  B. D. Dunietz,  T. R. Furlani,  W. A. Goddard III,  S. Grimme,  
 S. Hammes-Schiffer,  T. Head-Gordon,  W. J. Hehre,  Chao-Ping Hsu,  
 T.-C. Jagau,  Yousung Jung,  A. Klamt,  Jing Kong,  D. S. Lambrecht,  
 Xiangyuan Li,  WanZhen Liang,  N. J. Mayhall,  C. W. McCurdy,  J. B. Neaton,  
 T. Neudecker,  C. Ochsenfeld,  J. A. Parkhill,  R. Peverati,  
 V. A. Rassolov,  Haisheng Ren,  Yihan Shao,  L. V. Slipchenko,  
 R. P. Steele,  J. E. Subotnik,  A. J. W. Thom,  A. Tkatchenko,  
 D. G. Truhlar,  T. Van Voorhis,  Fan Wang,  T. A. Wesolowski,  K. B. Whaley,  
 H. L. Woodcock III,  P. M. Zimmerman,  S. Faraji,  P. M. W. Gill,  
 M. Head-Gordon,  J. M. Herbert,  A. I. Krylov

 Contributors to earlier versions of Q-Chem not listed above: 
 R. D. Adamson,  B. Austin,  R. Baer,  J. Baker,  G. J. O. Beran,  
 K. Brandhorst,  S. T. Brown,  E. F. C. Byrd,  Arup K. Chakraborty,  
 G. K. L. Chan,  Chun-Min Chang,  Yunqing Chen,  C.-L. Cheng,  
 Siu Hung Chien,  D. M. Chipman,  D. L. Crittenden,  H. Dachsel,  
 R. J. Doerksen,  A. D. Dutoi,  R. G. Edgar,  J. Fosso-Tande,  
 L. Fusti-Molnar,  D. Ghosh,  A. Ghysels,  A. Golubeva-Zadorozhnaya,  
 J. Gonthier,  M. S. Gordon,  S. R. Gwaltney,  G. Hawkins,  J. E. Herr,  
 A. Heyden,  S. Hirata,  E. G. Hohenstein,  G. Kedziora,  F. J. Keil,  
 C. Kelley,  Jihan Kim,  R. A. King,  R. Z. Khaliullin,  P. P. Korambath,  
 W. Kurlancheek,  A. Laurent,  A. M. Lee,  M. S. Lee,  S. V. Levchenko,  
 Ching Yeh Lin,  D. Liotard,  E. Livshits,  R. C. Lochan,  I. Lotan,  
 L. A. Martinez-Martinez,  P. E. Maslen,  N. Nair,  D. P. O'Neill,  
 D. Neuhauser,  E. Neuscamman,  C. M. Oana,  R. Olivares-Amaya,  R. Olson,  
 T. M. Perrine,  B. Peters,  P. A. Pieniazek,  A. Prociuk,  Y. M. Rhee,  
 J. Ritchie,  M. A. Rohrdanz,  E. Rosta,  N. J. Russ,  H. F. Schaefer III,  
 M. W. Schmidt,  N. E. Schultz,  S. Sharma,  N. Shenvi,  C. D. Sherrill,  
 A. C. Simmonett,  A. Sodt,  T. Stein,  D. Stuck,  K. S. Thanthiriwatte,  
 V. Vanovschi,  L. Vogt,  Tao Wang,  A. Warshel,  M. A. Watson,  
 C. F. Williams,  Q. Wu,  X. Xu,  Jun Yang,  W. Zhang,  Yan Zhao

   Please cite Q-Chem as follows:
  "Software for the frontiers of quantum chemistry:
   An overview of developments in the Q-Chem 5 package"
   J. Chem. Phys. 155, 084801 (2021)
   https://doi.org/10.1063/5.0055522 (open access)

 Q-Chem 6.3.0 for Intel X86 EM64T Linux

 Parts of Q-Chem use Armadillo 12.8.2 (Cortisol Injector).
 http://arma.sourceforge.net/

 Q-Chem begins on Mon Feb 23 14:47:17 2026  

 Host: della-h14n19
0

 Scratch files written to /scratch/gpfs/SHS/nb2617/nb2617/scratch/qchem845646//
 Executable: /scratch/gpfs/SHS/nb2617/nb2617/project/qchem/exe/qcprog.exe
 Number of threads = 16
 Processing $rem in /scratch/gpfs/SHS/nb2617/nb2617/project/qchem/config/preferences:
 Processing $rem in /home/nb2617/.qchemrc:
 User has disabled the Standard Nuclear Orientation.  Turning symmetry off.

 Checking the input file for inconsistencies... 	...done.

--------------------------------------------------------------
User input:
--------------------------------------------------------------
$molecule
    READ
$end
$rem
    JOBTYPE         FREQ

    method = B3LYP
    basis = cc-pVDZ
    ! DFT_D D3_BJ
    NO_REORIENT    TRUE


    SCF_ALGORITHM GDM
    THRESH 14
    SCF_CONVERGENCE 10
    max_scf_cycles 500
    VIBMAN_PRINT = 7
    GEOM_OPT_PRINT = 7
    GEOM_OPT_DRIVER = OPTIMIZE

    XC_GRID              	= 000099000590
    NL_GRID              	= 000099000590

    MEM_TOTAL 30000

    ANHAR           TRUE
    FDIFF_STEPSIZE_QFF 5291
    VIBMAN_PRINT    6
    IGNORE_LOW_FREQ 300
$end
--------------------------------------------------------------
 ----------------------------------------------------------------
             Standard Nuclear Orientation (Angstroms)
    I     Atom           X                Y                Z
 ----------------------------------------------------------------
    1      N      -0.0056097465     0.0000000000     0.0000000000
    2      C       1.1523216814     0.0000000000     0.0000000000
    3      H       2.2292880651     0.0000000000     0.0000000000
 ----------------------------------------------------------------
 Nuclear Repulsion Energy =          23.79970098 hartrees
 There are        7 alpha and        7 beta electrons
 Requested basis set is cc-pVDZ
 There are 15 shells and 33 basis functions

 Total QAlloc Memory Limit  30000 MB
 Mega-Array Size       188 MB
 MEM_STATIC part       192 MB


                       Distance Matrix (Angstroms)
             N (  1)   C (  2)
   C (  2)  1.157931
   H (  3)  2.234898  1.076966

 A cutoff of  1.0D-14 yielded    120 shell pairs
 There are       596 function pairs (       675 Cartesian)
 Smallest overlap matrix eigenvalue = 7.72E-03
 Guess from superposition of atomic densities
 Warning:  Energy on first SCF cycle will be non-variational
 SAD guess density has 14.000000 electrons

 -----------------------------------------------------------------------
  General SCF calculation program by
  Eric Jon Sundstrom, Paul Horn, Yuezhi Mao, Dmitri Zuev, Alec White,
  David Stuck, Shaama M.S., Shane Yost, Joonho Lee, David Small,
  Daniel Levine, Susi Lehtola, Hugh Burton, Evgeny Epifanovsky,
  Bang C. Huynh
 -----------------------------------------------------------------------
 Exchange:     0.2000 Hartree-Fock + 0.0800 Slater + 0.7200 B88
 Correlation:  0.1900 VWN1RPA + 0.8100 LYP
 Using Euler-Maclaurin-Lebedev (99,590) quadrature formula
Added inc_jk
Added qchem_hcore
Added xc
Added P-dependent contribution
 using 16 threads for integral computing
 -------------------------------------------------------
 OpenMP Integral computing Module                
 Release: version 1.0, May 2013, Q-Chem Inc. Pittsburgh 
 -------------------------------------------------------
 A restricted SCF calculation will be
 performed using Roothaan-Hall, GDM
 SCF converges when RMS gradient is below 1.0e-10
 User-specified cutoff of 10e-14
 used for neglect of 2-electron integrals.
 A cutoff of 10e-14
 used for neglect of overlap integrals.
 Incremental Fock algorithm is on at the start.
 ---------------------------------------
  Cycle       Energy         DIIS error
 ---------------------------------------
    1     -93.5796765233      1.26e-01  Roothaan Step
 ---------------------------------------
  Cycle       Energy        RMS Gradient
 ---------------------------------------
    1     -93.3866169165      1.47e-01   Descent step
    2     -93.2520519894      3.87e-01  Line search: overstep
    3     -93.4228624859      4.47e-02   Normal BFGS step
    4     -93.4262251365      3.65e-02   Normal BFGS step
    5     -93.4301598653      3.50e-03   Normal BFGS step
    6     -93.4301754002      5.81e-04   Normal BFGS step
    7     -93.4301759957      2.42e-05   Normal BFGS step
    8     -93.4301759984      5.39e-06   Normal BFGS step
    9     -93.4301759984      2.43e-07   Normal BFGS step
   10     -93.4301759984      1.90e-07   Normal BFGS step
   11     -93.4301759984      5.07e-08   Normal BFGS step
   12     -93.4301759984      2.20e-08   Normal BFGS step
   13     -93.4301759984      4.19e-09   Normal BFGS step
   14     -93.4301759984      3.41e-09   Normal BFGS step
   15     -93.4301759984      3.90e-10   Normal BFGS step
   16     -93.4301759984      1.20e-10   Normal BFGS step
   17     -93.4301759984      3.44e-12  Convergence criterion met
 ---------------------------------------
 SCF time:   CPU 14.57s  wall 2.00s 
 SCF   energy =   -93.43017600
 Total energy =   -93.43017600
 Integrated density by DFT XC:
   Number of electrons = 14
   Numerical integral  =    13.999999969404
   Relative error      =     0.0000002185 %

 --------------------------------------------------------------

                    Orbital Energies (a.u.)
 --------------------------------------------------------------

 Alpha MOs
 -- Occupied --
-14.3573 -10.2470  -0.9236  -0.6054  -0.3833  -0.3619  -0.3619
 -- Virtual --
  0.0151   0.0151   0.0572   0.1992   0.4599   0.4599   0.5423   0.6685
  0.7387   0.7884   0.7884   0.9832   1.0813   1.0813   1.0978   1.0978
  1.4418   1.7111   1.7111   1.8760   1.8760   2.0537   2.5518   2.5518
  2.7964   3.0407
 --------------------------------------------------------------

          Ground-State Mulliken Net Atomic Charges

     Atom                 Charge (a.u.)
  ----------------------------------------
      1 N                    -0.082223
      2 C                    -0.009203
      3 H                     0.091426
  ----------------------------------------
  Sum of atomic charges =     0.000000

 -----------------------------------------------------------------
                    Cartesian Multipole Moments
 -----------------------------------------------------------------
    Charge (ESU x 10^10)
                 0.0000
    Dipole Moment (Debye)
         X       2.7953      Y       0.0000      Z       0.0000
       Tot       2.7953
    Quadrupole Moments (Debye-Ang)
        XX      -5.9300     XY      -0.0000     YY     -11.4701
        XZ       0.0000     YZ       0.0000     ZZ     -11.4701
    Octopole Moments (Debye-Ang^2)
       XXX      -8.5782    XXY      -0.0000    XYY      -7.4254
       YYY       0.0000    XXZ       0.0000    XYZ       0.0000
       YYZ       0.0000    XZZ      -7.4254    YZZ       0.0000
       ZZZ       0.0000
    Hexadecapole Moments (Debye-Ang^3)
      XXXX     -39.3941   XXXY       0.0000   XXYY     -13.5348
      XYYY      -0.0000   YYYY     -10.6809   XXXZ       0.0000
      XXYZ       0.0000   XYYZ       0.0000   YYYZ       0.0000
      XXZZ     -13.5348   XYZZ      -0.0000   YYZZ      -3.5603
      XZZZ       0.0000   YZZZ       0.0000   ZZZZ     -10.6809
 -----------------------------------------------------------------
 Calculating MO derivatives via CPSCF
Added inc_jk
Added qchem_hcore
Added xc
Added inc_jk
Added qchem_hcore
Added xc
    1     0    12    0.1076198  
    2     0    12    0.0136477  
    3     0    12    0.0012073  
    4     2    10    0.0000611  
    5    11     1    0.0000022  
    6    12     0    0.0000000  Converged
Added jk
Added xc
 Polarizability Matrix (a.u.)
            1           2           3
    1 -20.0059040   0.0000000   0.0000000
    2   0.0000000  -8.5471677  -0.0000000
    3   0.0000000  -0.0000000  -8.5471677
 Calculating analytic Hessian of the SCF energy
Added xc
 Hessian of the SCF Energy
            1           2           3           4           5           6
    1   1.2899405   0.0000000   0.0000000  -1.3053647  -0.0000000  -0.0000000
    2   0.0000000   0.0143067   0.0000000  -0.0000000  -0.0296851  -0.0000000
    3   0.0000000   0.0000000   0.0143067  -0.0000000  -0.0000000  -0.0296851
    4  -1.3053647  -0.0000000  -0.0000000   1.7256723   0.0000000   0.0000000
    5  -0.0000000  -0.0296851  -0.0000000   0.0000000   0.0615955   0.0000000
    6  -0.0000000  -0.0000000  -0.0296851   0.0000000   0.0000000   0.0615955
    7   0.0154242  -0.0000000  -0.0000000  -0.4203076   0.0000000   0.0000000
    8   0.0000000   0.0153784   0.0000000  -0.0000000  -0.0319104  -0.0000000
    9   0.0000000   0.0000000   0.0153784  -0.0000000  -0.0000000  -0.0319104
            7           8           9
    1   0.0154242   0.0000000   0.0000000
    2  -0.0000000   0.0153784   0.0000000
    3  -0.0000000   0.0000000   0.0153784
    4  -0.4203076  -0.0000000  -0.0000000
    5   0.0000000  -0.0319104  -0.0000000
    6   0.0000000  -0.0000000  -0.0319104
    7   0.4048835  -0.0000000  -0.0000000
    8  -0.0000000   0.0165320   0.0000000
    9  -0.0000000   0.0000000   0.0165320

 Direct stationary perturbation theory relativistic correction:

 rels  =       0.025818769397
 relv  =      -0.102655931622
 rel2e =       0.034111528799
 E_rel =      -0.042725633426


 Mass-Weighted Hessian Matrix:


     0.092118    0.000000    0.000000   -0.100700   -0.000000   -0.000000
     0.000000    0.001022    0.000000   -0.000000   -0.002290   -0.000000
     0.000000    0.000000    0.001022   -0.000000   -0.000000   -0.002290
    -0.100700   -0.000000   -0.000000    0.143806    0.000000    0.000000
    -0.000000   -0.002290   -0.000000    0.000000    0.005133    0.000000
    -0.000000   -0.000000   -0.002290    0.000000    0.000000    0.005133
     0.004106   -0.000000   -0.000000   -0.120860    0.000000    0.000000
     0.000000    0.004094    0.000000   -0.000000   -0.009176   -0.000000
     0.000000    0.000000    0.004094   -0.000000   -0.000000   -0.009176


     0.004106    0.000000    0.000000
    -0.000000    0.004094    0.000000
    -0.000000    0.000000    0.004094
    -0.120860   -0.000000   -0.000000
     0.000000   -0.009176   -0.000000
     0.000000   -0.000000   -0.009176
     0.401738   -0.000000   -0.000000
    -0.000000    0.016404    0.000000
    -0.000000    0.000000    0.016404

 Vectors for Translations and Rotations


     0.720016    0.000000    0.000000    0.000000    0.000000   -0.000000
     0.000000    0.720016    0.000000    0.000000    0.000000   -0.660531
     0.000000    0.000000    0.720016    0.000000    0.660531   -0.000000
     0.666532    0.000000    0.000000    0.000000    0.000000    0.000000
     0.000000    0.666532    0.000000    0.000000    0.000000    0.572903
     0.000000    0.000000    0.666532    0.000000   -0.572903    0.000000
     0.193163    0.000000    0.000000    0.000000    0.000000    0.000000
     0.000000    0.193163    0.000000    0.000000    0.000000    0.485263
     0.000000    0.000000    0.193163    0.000000   -0.485263    0.000000

 The Projection Matrix


     0.481577    0.000000    0.000000   -0.479914    0.000000    0.000000
     0.000000    0.045275    0.000000    0.000000   -0.101493    0.000000
     0.000000    0.000000    0.045275    0.000000    0.000000   -0.101493
    -0.479914    0.000000    0.000000    0.555735    0.000000    0.000000
     0.000000   -0.101493    0.000000    0.000000    0.227517    0.000000
     0.000000    0.000000   -0.101493    0.000000    0.000000    0.227517
    -0.139080    0.000000    0.000000   -0.128749    0.000000    0.000000
     0.000000    0.181451    0.000000    0.000000   -0.406758    0.000000
     0.000000    0.000000    0.181451    0.000000    0.000000   -0.406758


    -0.139080    0.000000    0.000000
     0.000000    0.181451    0.000000
     0.000000    0.000000    0.181451
    -0.128749    0.000000    0.000000
     0.000000   -0.406758    0.000000
     0.000000    0.000000   -0.406758
     0.962688    0.000000    0.000000
     0.000000    0.727208    0.000000
     0.000000    0.000000    0.727208

 Translations and Rotations Projected Out of Hessian

 Projected Mass-Weighted Hessian Matrix:


     0.092118    0.000000    0.000000   -0.100700   -0.000000   -0.000000
     0.000000    0.001021    0.000000   -0.000000   -0.002289   -0.000000
     0.000000    0.000000    0.001021   -0.000000   -0.000000   -0.002289
    -0.100700   -0.000000   -0.000000    0.143806    0.000000    0.000000
    -0.000000   -0.002289   -0.000000    0.000000    0.005132    0.000000
    -0.000000   -0.000000   -0.002289    0.000000    0.000000    0.005132
     0.004106   -0.000000   -0.000000   -0.120860    0.000000    0.000000
     0.000000    0.004093    0.000000   -0.000000   -0.009176   -0.000000
     0.000000    0.000000    0.004093   -0.000000   -0.000000   -0.009176


     0.004106    0.000000    0.000000
    -0.000000    0.004093    0.000000
    -0.000000    0.000000    0.004093
    -0.120860   -0.000000   -0.000000
     0.000000   -0.009176   -0.000000
     0.000000   -0.000000   -0.009176
     0.401738   -0.000000   -0.000000
    -0.000000    0.016404    0.000000
    -0.000000    0.000000    0.016404

 Eigenvectors of Proj. Mass-Weighted Hessian Matrix:


    -0.000722   -0.446044    0.461085    0.271912   -0.181472   -0.000000
    -0.000924   -0.021805   -0.498735    0.838831    0.043289    0.208544
    -0.346333    0.689904    0.505669    0.314982    0.062414   -0.042244
    -0.000668   -0.412911    0.426835    0.251714   -0.167992    0.000000
    -0.001870   -0.189858    0.078973    0.119344    0.846140   -0.467493
     0.779267    0.305923    0.225401    0.141307    0.029397    0.094698
    -0.000194   -0.119663    0.123698    0.072948   -0.048685    0.000000
    -0.000815   -0.100755    0.168616   -0.142549    0.462481    0.835790
     0.522293   -0.001028   -0.000097    0.000446    0.000870   -0.169302


    -0.000000    0.683560    0.119678
     0.042244    0.000000   -0.000000
     0.208544    0.000000    0.000000
     0.000000   -0.633196   -0.393444
    -0.094698   -0.000000    0.000000
    -0.467493   -0.000000   -0.000000
     0.000000   -0.363055    0.911526
     0.169302    0.000000   -0.000000
     0.835790    0.000000    0.000000

 Vibrational Frequencies in atomic units
    -0.0000000000   -0.0000000000   -0.0000000000    0.0000000000    0.0000000000    0.0225580450
     0.0225580450    0.1832182351    0.4544440755
 Vibrational Electric Transition dipole:  1     -0.00000000000000    0.18334105113573   -0.03713846404247
 Vibrational Electric Transition dipole:  2     -0.00000000000000    0.03713846404247    0.18334105113572
 Vibrational Electric Transition dipole:  3     -0.04571817759282   -0.00000000000000    0.00000000000000
 Vibrational Electric Transition dipole:  4      0.25469254303749   -0.00000000000000    0.00000000000000
 **********************************************************************
 **                                                                  **
 **                       VIBRATIONAL ANALYSIS                       **
 **                       --------------------                       **
 **                                                                  **
 **        VIBRATIONAL FREQUENCIES (CM**-1) AND NORMAL MODES         **
 **     FORCE CONSTANTS (mDYN/ANGSTROM) AND REDUCED MASSES (AMU)     **
 **                  INFRARED INTENSITIES (KM/MOL)                   **
 **                                                                  **
 **********************************************************************


 Mode:                 1                      2                      3
 Frequency:       772.07                 772.07                2200.34
 Force Cnst:      0.4722                 0.4722                14.4385
 Red. Mass:       1.3445                 1.3445                 5.0616
 IR Active:          YES                    YES                    YES
 IR Intens:       34.114                 34.114                  2.038
 Raman Active:       YES                    YES                    YES
               X      Y      Z        X      Y      Z        X      Y      Z
 N         -0.000  0.065 -0.013   -0.000  0.013  0.065    0.411  0.000  0.000
 C          0.000 -0.156  0.032    0.000 -0.032 -0.156   -0.411 -0.000 -0.000
 H          0.000  0.965 -0.196    0.000  0.196  0.965   -0.814  0.000  0.000
 TransDip  -0.000  0.183 -0.037   -0.000  0.037  0.183   -0.046 -0.000  0.000

 Mode:                 4
 Frequency:      3465.34
 Force Cnst:      8.4395
 Red. Mass:       1.1928
 IR Active:          YES
 IR Intens:       63.239
 Raman Active:       YES
               X      Y      Z        X      Y      Z        X      Y      Z
 N          0.035 -0.000  0.000
 C         -0.124  0.000 -0.000
 H          0.992 -0.000  0.000
 TransDip   0.255 -0.000  0.000
 SYM_IGNORE is turned on for a linear molecule
   We detect a C*v symmetry

 STANDARD THERMODYNAMIC QUANTITIES AT   298.15 K  AND     1.00 ATM

   This Molecule has  0 Imaginary Frequencies
   Zero point vibrational energy:       10.307 kcal/mol

   Atom    1 Element N  Has Mass   14.00307
   Atom    2 Element C  Has Mass   12.00000
   Atom    3 Element H  Has Mass    1.00783
   Molecular Mass:    27.010900 amu
   Principal axes and moments of inertia in amu*Bohr^2:
                             1           2           3
    Eigenvalues --        0.00000    40.96099    40.96099
          X               1.00000     0.00000     0.00000
          Y               0.00000     1.00000     0.00000
          Z               0.00000     0.00000     1.00000
   Rotational Symmetry Number is   1
   The Molecule is a Symmetric Top
   Translational Enthalpy:        0.889 kcal/mol
   Rotational Enthalpy:           0.592 kcal/mol
   Vibrational Enthalpy:         10.416 kcal/mol
   gas constant (RT):             0.592 kcal/mol
   Translational Entropy:        35.816  cal/mol.K
   Rotational Entropy:           11.821  cal/mol.K
   Vibrational Entropy:           0.463  cal/mol.K

   Total Enthalpy:               12.490 kcal/mol
   Total Entropy:                48.101  cal/mol.K

   Quasi-RRHO corrections using alpha = 4, and omega = 100 cm^-1
   QRRHO-Vib. Enthalpy:          10.416 kcal/mol
   QRRHO-Vib. Entropy:            0.463  cal/mol.K
   QRRHO-Total Enthalpy:         12.489 kcal/mol
   QRRHO-Total Entropy:          48.101  cal/mol.K
 ANHAR part of the calculation will be done on the head node (MPI+OMP NYI).
 =====================================================
 =====================================================
 = Starting finite difference calculation for ANHAR  =
 Finite diff step size:  9.99854e-02 a.u.

 Low frequencies less than 300 will be treated as rotation
 Anharmonic Force Field will start with mode 1

 Eng[0,0,0,0] =   -93.43017599844754

 You need 0.0000217 GB memory
 Calculating analytic gradient of the SCF energy
Added xc
 Gradient of SCF Energy
            1           2           3
    1  -0.0000007   0.0000009  -0.0000002
    2  -0.0000000   0.0000000  -0.0000000
    3  -0.0000000  -0.0000000   0.0000000
 Max gradient component =       9.475E-07
 RMS gradient           =       4.013E-07
 Grad[1,0,0,0] = -1.17271387e-16
 Grad[2,0,0,0] = 1.26123596e-16
 Grad[3,0,0,0] = -4.76682964e-07
 Grad[4,0,0,0] = -3.86827362e-07
 CoordNormalMode -1 , 0 , 0
 ----------------------------------------------------------------
             Standard Nuclear Orientation (Angstroms)
    I     Atom           X                Y                Z
 ----------------------------------------------------------------
    1      N      -0.0056097465    -0.0034190919     0.0006925881
    2      C       1.1523216814     0.0082795801    -0.0016771524
    3      H       2.2292880651    -0.0510772431     0.0103464573
 ----------------------------------------------------------------
 Nuclear Repulsion Energy =          23.79363867 hartrees
 There are        7 alpha and        7 beta electrons

                       Distance Matrix (Angstroms)
             N (  1)   C (  2)
   C (  2)  1.157993
   H (  3)  2.235427  1.078668

 Requested basis set is cc-pVDZ
 There are 15 shells and 33 basis functions
 A cutoff of  1.0D-14 yielded    120 shell pairs
 There are       596 function pairs (       675 Cartesian)
 Smallest overlap matrix eigenvalue = 7.76E-03
 Guess MOs from SCF MO coefficient file

 -----------------------------------------------------------------------
  General SCF calculation program by
  Eric Jon Sundstrom, Paul Horn, Yuezhi Mao, Dmitri Zuev, Alec White,
  David Stuck, Shaama M.S., Shane Yost, Joonho Lee, David Small,
  Daniel Levine, Susi Lehtola, Hugh Burton, Evgeny Epifanovsky,
  Bang C. Huynh
 -----------------------------------------------------------------------
 Exchange:     0.2000 Hartree-Fock + 0.0800 Slater + 0.7200 B88
 Correlation:  0.1900 VWN1RPA + 0.8100 LYP
 Using Euler-Maclaurin-Lebedev (99,590) quadrature formula
Added inc_jk
Added qchem_hcore
Added xc
Added P-dependent contribution
 A restricted SCF calculation will be
 performed using GDM
 SCF converges when RMS gradient is below 1.0e-10
 User-specified cutoff of 10e-14
 used for neglect of 2-electron integrals.
 A cutoff of 10e-14
 used for neglect of overlap integrals.
 Incremental Fock algorithm is on at the start.
 ---------------------------------------
  Cycle       Energy        RMS Gradient
 ---------------------------------------
    1     -93.4297830904      6.71e-03   Normal BFGS step
    2     -93.4300206890      6.46e-04   Normal BFGS step
    3     -93.4300225542      5.65e-04   Normal BFGS step
    4     -93.4300220425      9.59e-04  Line search: overstep
    5     -93.4300227840      1.34e-04   Normal BFGS step
    6     -93.4300228374      4.91e-05   Normal BFGS step
    7     -93.4300228444      8.41e-06   Normal BFGS step
    8     -93.4300228446      1.99e-06   Normal BFGS step
    9     -93.4300228446      5.42e-07   Normal BFGS step
   10     -93.4300228446      1.69e-07   Normal BFGS step
   11     -93.4300228446      1.72e-08   Normal BFGS step
   12     -93.4300228446      2.56e-09   Normal BFGS step
   13     -93.4300228446      1.45e-09   Normal BFGS step
   14     -93.4300228446      1.64e-09   Normal BFGS step
   15     -93.4300228446      3.86e-11  Convergence criterion met
 ---------------------------------------
 SCF time:   CPU 17.08s  wall 2.00s 
 SCF   energy =   -93.43002284
 Total energy =   -93.43002284
 Integrated density by DFT XC:
   Number of electrons = 14
   Numerical integral  =    13.999999975192
   Relative error      =     0.0000001772 %

 --------------------------------------------------------------

                    Orbital Energies (a.u.)
 --------------------------------------------------------------

 Alpha MOs
 -- Occupied --
-14.3573 -10.2471  -0.9235  -0.6048  -0.3834  -0.3619  -0.3618
 -- Virtual --
  0.0137   0.0151   0.0580   0.1997   0.4599   0.4599   0.5419   0.6682
  0.7377   0.7884   0.7893   0.9751   1.0771   1.0838   1.1021   1.1036
  1.4409   1.7073   1.7092   1.8769   1.8770   2.0532   2.5479   2.5496
  2.7962   3.0342
 --------------------------------------------------------------

          Ground-State Mulliken Net Atomic Charges

     Atom                 Charge (a.u.)
  ----------------------------------------
      1 N                    -0.081946
      2 C                    -0.010635
      3 H                     0.092581
  ----------------------------------------
  Sum of atomic charges =     0.000000

 -----------------------------------------------------------------
                    Cartesian Multipole Moments
 -----------------------------------------------------------------
    Charge (ESU x 10^10)
                -0.0000
    Dipole Moment (Debye)
         X       2.7937      Y      -0.0541      Z       0.0110
       Tot       2.7943
    Quadrupole Moments (Debye-Ang)
        XX      -5.9339     XY      -0.1318     YY     -11.4680
        XZ       0.0267     YZ      -0.0009     ZZ     -11.4722
    Octopole Moments (Debye-Ang^2)
       XXX      -8.5908    XXY      -0.3267    XYY      -7.4215
       YYY      -0.0146    XXZ       0.0662    XYZ      -0.0017
       YYZ       0.0010    XZZ      -7.4296    YZZ      -0.0048
       ZZZ       0.0029
    Hexadecapole Moments (Debye-Ang^3)
      XXXX     -39.4337   XXXY      -0.7805   XXYY     -13.5245
      XYYY       0.0298   YYYY     -10.6962   XXXZ       0.1581
      XXYZ      -0.0040   XYYZ      -0.0019   YYYZ       0.0012
      XXZZ     -13.5432   XYZZ       0.0101   YYZZ      -3.5635
      XZZZ      -0.0062   YZZZ       0.0012   ZZZZ     -10.6846
 -----------------------------------------------------------------
 Eng[-1,0] = -9.34300228e+01
 Calculating analytic gradient of the SCF energy
Added xc
 Gradient of SCF Energy
            1           2           3
    1   0.0000812  -0.0011901   0.0011089
    2  -0.0020339   0.0042826  -0.0022487
    3   0.0004120  -0.0008675   0.0004555
 Max gradient component =       4.283E-03
 RMS gradient           =       1.865E-03
 Grad[1,-1,0,0] = -3.09432470e-03
 Grad[2,-1,0,0] = 2.14304738e-08
 Grad[3,-1,0,0] = -3.79391975e-04
 Grad[4,-1,0,0] = 1.25007047e-03
 points done 1/20
 CoordNormalMode 1 , 0 , 0
 ----------------------------------------------------------------
             Standard Nuclear Orientation (Angstroms)
    I     Atom           X                Y                Z
 ----------------------------------------------------------------
    1      N      -0.0056097465     0.0034190919    -0.0006925881
    2      C       1.1523216814    -0.0082795801     0.0016771524
    3      H       2.2292880651     0.0510772431    -0.0103464573
 ----------------------------------------------------------------
 Nuclear Repulsion Energy =          23.79363867 hartrees
 There are        7 alpha and        7 beta electrons

                       Distance Matrix (Angstroms)
             N (  1)   C (  2)
   C (  2)  1.157993
   H (  3)  2.235427  1.078668

 Requested basis set is cc-pVDZ
 There are 15 shells and 33 basis functions
 A cutoff of  1.0D-14 yielded    120 shell pairs
 There are       596 function pairs (       675 Cartesian)
 Smallest overlap matrix eigenvalue = 7.76E-03
 Guess MOs from SCF MO coefficient file

 -----------------------------------------------------------------------
  General SCF calculation program by
  Eric Jon Sundstrom, Paul Horn, Yuezhi Mao, Dmitri Zuev, Alec White,
  David Stuck, Shaama M.S., Shane Yost, Joonho Lee, David Small,
  Daniel Levine, Susi Lehtola, Hugh Burton, Evgeny Epifanovsky,
  Bang C. Huynh
 -----------------------------------------------------------------------
 Exchange:     0.2000 Hartree-Fock + 0.0800 Slater + 0.7200 B88
 Correlation:  0.1900 VWN1RPA + 0.8100 LYP
 Using Euler-Maclaurin-Lebedev (99,590) quadrature formula
Added inc_jk
Added qchem_hcore
Added xc
Added P-dependent contribution
 A restricted SCF calculation will be
 performed using GDM
 SCF converges when RMS gradient is below 1.0e-10
 User-specified cutoff of 10e-14
 used for neglect of 2-electron integrals.
 A cutoff of 10e-14
 used for neglect of overlap integrals.
 Incremental Fock algorithm is on at the start.
 ---------------------------------------
  Cycle       Energy        RMS Gradient
 ---------------------------------------
    1     -93.4290671896      1.34e-02   Normal BFGS step
    2     -93.4300112888      2.09e-03   Normal BFGS step
    3     -93.4299971830      5.77e-03  Line search: overstep
    4     -93.4300191323      8.47e-04   Normal BFGS step
    5     -93.4300221764      4.03e-04   Normal BFGS step
    6     -93.4300228288      6.94e-05   Normal BFGS step
    7     -93.4300228425      2.93e-05   Normal BFGS step
    8     -93.4300228446      2.83e-06   Normal BFGS step
    9     -93.4300228446      1.62e-06   Normal BFGS step
   10     -93.4300228446      8.20e-08   Normal BFGS step
   11     -93.4300228446      2.15e-08   Normal BFGS step
   12     -93.4300228446      1.74e-09   Normal BFGS step
   13     -93.4300228446      7.47e-10   Normal BFGS step
   14     -93.4300228446      1.45e-09   Normal BFGS step
   15     -93.4300228446      6.70e-11  Convergence criterion met
 ---------------------------------------
 SCF time:   CPU 19.30s  wall 2.00s 
 SCF   energy =   -93.43002284
 Total energy =   -93.43002284
 Integrated density by DFT XC:
   Number of electrons = 14
   Numerical integral  =    13.999999975192
   Relative error      =     0.0000001772 %

 --------------------------------------------------------------

                    Orbital Energies (a.u.)
 --------------------------------------------------------------

 Alpha MOs
 -- Occupied --
-14.3573 -10.2471  -0.9235  -0.6048  -0.3834  -0.3619  -0.3618
 -- Virtual --
  0.0137   0.0151   0.0580   0.1997   0.4599   0.4599   0.5419   0.6682
  0.7377   0.7884   0.7893   0.9751   1.0771   1.0838   1.1021   1.1036
  1.4409   1.7073   1.7092   1.8769   1.8770   2.0532   2.5479   2.5496
  2.7962   3.0342
 --------------------------------------------------------------

          Ground-State Mulliken Net Atomic Charges

     Atom                 Charge (a.u.)
  ----------------------------------------
      1 N                    -0.081946
      2 C                    -0.010635
      3 H                     0.092581
  ----------------------------------------
  Sum of atomic charges =     0.000000

 -----------------------------------------------------------------
                    Cartesian Multipole Moments
 -----------------------------------------------------------------
    Charge (ESU x 10^10)
                -0.0000
    Dipole Moment (Debye)
         X       2.7937      Y       0.0541      Z      -0.0110
       Tot       2.7943
    Quadrupole Moments (Debye-Ang)
        XX      -5.9339     XY       0.1318     YY     -11.4680
        XZ      -0.0267     YZ      -0.0009     ZZ     -11.4722
    Octopole Moments (Debye-Ang^2)
       XXX      -8.5908    XXY       0.3267    XYY      -7.4215
       YYY       0.0146    XXZ      -0.0662    XYZ      -0.0017
       YYZ      -0.0010    XZZ      -7.4296    YZZ       0.0048
       ZZZ      -0.0029
    Hexadecapole Moments (Debye-Ang^3)
      XXXX     -39.4337   XXXY       0.7805   XXYY     -13.5245
      XYYY      -0.0298   YYYY     -10.6962   XXXZ      -0.1581
      XXYZ      -0.0040   XYYZ       0.0019   YYYZ       0.0012
      XXZZ     -13.5432   XYZZ      -0.0101   YYZZ      -3.5635
      XZZZ       0.0062   YZZZ       0.0012   ZZZZ     -10.6846
 -----------------------------------------------------------------
 Eng[1,0] = -9.34300228e+01
 Calculating analytic gradient of the SCF energy
Added xc
 Gradient of SCF Energy
            1           2           3
    1   0.0000812  -0.0011901   0.0011089
    2   0.0020339  -0.0042826   0.0022487
    3  -0.0004120   0.0008675  -0.0004555
 Max gradient component =       4.283E-03
 RMS gradient           =       1.865E-03
 Grad[1,1,0,0] = 3.09432470e-03
 Grad[2,1,0,0] = -2.14304736e-08
 Grad[3,1,0,0] = -3.79391972e-04
 Grad[4,1,0,0] = 1.25007046e-03
 points done 2/20
 CoordNormalMode -2 , 0 , 0
 ----------------------------------------------------------------
             Standard Nuclear Orientation (Angstroms)
    I     Atom           X                Y                Z
 ----------------------------------------------------------------
    1      N      -0.0056097465    -0.0006925881    -0.0034190919
    2      C       1.1523216814     0.0016771524     0.0082795801
    3      H       2.2292880651    -0.0103464573    -0.0510772431
 ----------------------------------------------------------------
 Nuclear Repulsion Energy =          23.79363867 hartrees
 There are        7 alpha and        7 beta electrons

                       Distance Matrix (Angstroms)
             N (  1)   C (  2)
   C (  2)  1.157993
   H (  3)  2.235427  1.078668

 Requested basis set is cc-pVDZ
 There are 15 shells and 33 basis functions
 A cutoff of  1.0D-14 yielded    120 shell pairs
 There are       596 function pairs (       675 Cartesian)
 Smallest overlap matrix eigenvalue = 7.76E-03
 Guess MOs from SCF MO coefficient file

 -----------------------------------------------------------------------
  General SCF calculation program by
  Eric Jon Sundstrom, Paul Horn, Yuezhi Mao, Dmitri Zuev, Alec White,
  David Stuck, Shaama M.S., Shane Yost, Joonho Lee, David Small,
  Daniel Levine, Susi Lehtola, Hugh Burton, Evgeny Epifanovsky,
  Bang C. Huynh
 -----------------------------------------------------------------------
 Exchange:     0.2000 Hartree-Fock + 0.0800 Slater + 0.7200 B88
 Correlation:  0.1900 VWN1RPA + 0.8100 LYP
 Using Euler-Maclaurin-Lebedev (99,590) quadrature formula
Added inc_jk
Added qchem_hcore
Added xc
Added P-dependent contribution
 A restricted SCF calculation will be
 performed using GDM
 SCF converges when RMS gradient is below 1.0e-10
 User-specified cutoff of 10e-14
 used for neglect of 2-electron integrals.
 A cutoff of 10e-14
 used for neglect of overlap integrals.
 Incremental Fock algorithm is on at the start.
 ---------------------------------------
  Cycle       Energy        RMS Gradient
 ---------------------------------------
    1     -93.4295454167      9.20e-03   Normal BFGS step
    2     -93.4300178243      1.08e-03   Normal BFGS step
    3     -93.4300162935      2.90e-03  Line search: overstep
    4     -93.4300212702      7.08e-04   Normal BFGS step
    5     -93.4300220536      5.76e-04   Normal BFGS step
    6     -93.4300228377      3.38e-05   Normal BFGS step
    7     -93.4300228433      1.72e-05   Normal BFGS step
    8     -93.4300228446      1.47e-06   Normal BFGS step
    9     -93.4300228446      9.59e-07   Normal BFGS step
   10     -93.4300228446      3.21e-08   Normal BFGS step
   11     -93.4300228446      9.29e-09   Normal BFGS step
   12     -93.4300228446      1.47e-09   Normal BFGS step
   13     -93.4300228446      2.67e-10   Normal BFGS step
  GDM::WARNING energy changes are now smaller than effective accuracy.
  GDM::        calculation will continue, but THRESH should be increased
  GDM::        or SCF_CONVERGENCE decreased. 
  GDM::        effective_thresh = 2.32e-09
   14     -93.4300228446      1.46e-10   Normal BFGS step
   15     -93.4300228446      3.41e-10   Normal BFGS step
   16     -93.4300228446      3.57e-12  Convergence criterion met
 ---------------------------------------
 SCF time:   CPU 19.97s  wall 2.00s 
 SCF   energy =   -93.43002284
 Total energy =   -93.43002284
 Integrated density by DFT XC:
   Number of electrons = 14
   Numerical integral  =    13.999999975192
   Relative error      =     0.0000001772 %

 --------------------------------------------------------------

                    Orbital Energies (a.u.)
 --------------------------------------------------------------

 Alpha MOs
 -- Occupied --
-14.3573 -10.2471  -0.9235  -0.6048  -0.3834  -0.3619  -0.3618
 -- Virtual --
  0.0137   0.0151   0.0580   0.1997   0.4599   0.4599   0.5419   0.6682
  0.7377   0.7884   0.7893   0.9751   1.0771   1.0838   1.1021   1.1036
  1.4409   1.7073   1.7092   1.8769   1.8770   2.0532   2.5479   2.5496
  2.7962   3.0342
 --------------------------------------------------------------

          Ground-State Mulliken Net Atomic Charges

     Atom                 Charge (a.u.)
  ----------------------------------------
      1 N                    -0.081946
      2 C                    -0.010635
      3 H                     0.092581
  ----------------------------------------
  Sum of atomic charges =     0.000000

 -----------------------------------------------------------------
                    Cartesian Multipole Moments
 -----------------------------------------------------------------
    Charge (ESU x 10^10)
                -0.0000
    Dipole Moment (Debye)
         X       2.7937      Y      -0.0110      Z      -0.0541
       Tot       2.7943
    Quadrupole Moments (Debye-Ang)
        XX      -5.9339     XY      -0.0267     YY     -11.4722
        XZ      -0.1318     YZ       0.0009     ZZ     -11.4680
    Octopole Moments (Debye-Ang^2)
       XXX      -8.5908    XXY      -0.0662    XYY      -7.4296
       YYY      -0.0029    XXZ      -0.3267    XYZ       0.0017
       YYZ      -0.0048    XZZ      -7.4215    YZZ      -0.0010
       ZZZ      -0.0146
    Hexadecapole Moments (Debye-Ang^3)
      XXXX     -39.4337   XXXY      -0.1581   XXYY     -13.5432
      XYYY       0.0062   YYYY     -10.6846   XXXZ      -0.7805
      XXYZ       0.0040   XYYZ       0.0101   YYYZ      -0.0012
      XXZZ     -13.5245   XYZZ       0.0019   YYZZ      -3.5635
      XZZZ       0.0298   YZZZ      -0.0012   ZZZZ     -10.6962
 -----------------------------------------------------------------
 Eng[-2,0] = -9.34300228e+01
 Calculating analytic gradient of the SCF energy
Added xc
 Gradient of SCF Energy
            1           2           3
    1   0.0000812  -0.0011901   0.0011089
    2  -0.0004120   0.0008675  -0.0004555
    3  -0.0020339   0.0042826  -0.0022487
 Max gradient component =       4.283E-03
 RMS gradient           =       1.865E-03
 Grad[1,-2,0,0] = -2.14304877e-08
 Grad[2,-2,0,0] = -3.09432470e-03
 Grad[3,-2,0,0] = -3.79391973e-04
 Grad[4,-2,0,0] = 1.25007047e-03
 points done 3/20
 CoordNormalMode 2 , 0 , 0
 ----------------------------------------------------------------
             Standard Nuclear Orientation (Angstroms)
    I     Atom           X                Y                Z
 ----------------------------------------------------------------
    1      N      -0.0056097465     0.0006925881     0.0034190919
    2      C       1.1523216814    -0.0016771524    -0.0082795801
    3      H       2.2292880651     0.0103464573     0.0510772431
 ----------------------------------------------------------------
 Nuclear Repulsion Energy =          23.79363867 hartrees
 There are        7 alpha and        7 beta electrons

                       Distance Matrix (Angstroms)
             N (  1)   C (  2)
   C (  2)  1.157993
   H (  3)  2.235427  1.078668

 Requested basis set is cc-pVDZ
 There are 15 shells and 33 basis functions
 A cutoff of  1.0D-14 yielded    120 shell pairs
 There are       596 function pairs (       675 Cartesian)
 Smallest overlap matrix eigenvalue = 7.76E-03
 Guess MOs from SCF MO coefficient file

 -----------------------------------------------------------------------
  General SCF calculation program by
  Eric Jon Sundstrom, Paul Horn, Yuezhi Mao, Dmitri Zuev, Alec White,
  David Stuck, Shaama M.S., Shane Yost, Joonho Lee, David Small,
  Daniel Levine, Susi Lehtola, Hugh Burton, Evgeny Epifanovsky,
  Bang C. Huynh
 -----------------------------------------------------------------------
 Exchange:     0.2000 Hartree-Fock + 0.0800 Slater + 0.7200 B88
 Correlation:  0.1900 VWN1RPA + 0.8100 LYP
 Using Euler-Maclaurin-Lebedev (99,590) quadrature formula
Added inc_jk
Added qchem_hcore
Added xc
Added P-dependent contribution
 A restricted SCF calculation will be
 performed using GDM
 SCF converges when RMS gradient is below 1.0e-10
 User-specified cutoff of 10e-14
 used for neglect of 2-electron integrals.
 A cutoff of 10e-14
 used for neglect of overlap integrals.
 Incremental Fock algorithm is on at the start.
 ---------------------------------------
  Cycle       Energy        RMS Gradient
 ---------------------------------------
    1     -93.4290671896      1.34e-02   Normal BFGS step
    2     -93.4300112888      2.09e-03   Normal BFGS step
    3     -93.4299971830      5.77e-03  Line search: overstep
    4     -93.4300191323      8.47e-04   Normal BFGS step
    5     -93.4300221764      4.03e-04   Normal BFGS step
    6     -93.4300228288      6.94e-05   Normal BFGS step
    7     -93.4300228425      2.93e-05   Normal BFGS step
    8     -93.4300228446      2.83e-06   Normal BFGS step
    9     -93.4300228446      1.62e-06   Normal BFGS step
   10     -93.4300228446      8.20e-08   Normal BFGS step
   11     -93.4300228446      2.15e-08   Normal BFGS step
   12     -93.4300228446      1.74e-09   Normal BFGS step
   13     -93.4300228446      7.47e-10   Normal BFGS step
   14     -93.4300228446      1.45e-09   Normal BFGS step
   15     -93.4300228446      6.70e-11  Convergence criterion met
 ---------------------------------------
 SCF time:   CPU 19.07s  wall 2.00s 
 SCF   energy =   -93.43002284
 Total energy =   -93.43002284
 Integrated density by DFT XC:
   Number of electrons = 14
   Numerical integral  =    13.999999975192
   Relative error      =     0.0000001772 %

 --------------------------------------------------------------

                    Orbital Energies (a.u.)
 --------------------------------------------------------------

 Alpha MOs
 -- Occupied --
-14.3573 -10.2471  -0.9235  -0.6048  -0.3834  -0.3619  -0.3618
 -- Virtual --
  0.0137   0.0151   0.0580   0.1997   0.4599   0.4599   0.5419   0.6682
  0.7377   0.7884   0.7893   0.9751   1.0771   1.0838   1.1021   1.1036
  1.4409   1.7073   1.7092   1.8769   1.8770   2.0532   2.5479   2.5496
  2.7962   3.0342
 --------------------------------------------------------------

          Ground-State Mulliken Net Atomic Charges

     Atom                 Charge (a.u.)
  ----------------------------------------
      1 N                    -0.081946
      2 C                    -0.010635
      3 H                     0.092581
  ----------------------------------------
  Sum of atomic charges =     0.000000

 -----------------------------------------------------------------
                    Cartesian Multipole Moments
 -----------------------------------------------------------------
    Charge (ESU x 10^10)
                -0.0000
    Dipole Moment (Debye)
         X       2.7937      Y       0.0110      Z       0.0541
       Tot       2.7943
    Quadrupole Moments (Debye-Ang)
        XX      -5.9339     XY       0.0267     YY     -11.4722
        XZ       0.1318     YZ       0.0009     ZZ     -11.4680
    Octopole Moments (Debye-Ang^2)
       XXX      -8.5908    XXY       0.0662    XYY      -7.4296
       YYY       0.0029    XXZ       0.3267    XYZ       0.0017
       YYZ       0.0048    XZZ      -7.4215    YZZ       0.0010
       ZZZ       0.0146
    Hexadecapole Moments (Debye-Ang^3)
      XXXX     -39.4337   XXXY       0.1581   XXYY     -13.5432
      XYYY      -0.0062   YYYY     -10.6846   XXXZ       0.7805
      XXYZ       0.0040   XYYZ      -0.0101   YYYZ      -0.0012
      XXZZ     -13.5245   XYZZ      -0.0019   YYZZ      -3.5635
      XZZZ      -0.0298   YZZZ      -0.0012   ZZZZ     -10.6962
 -----------------------------------------------------------------
 Eng[2,0] = -9.34300228e+01
 Calculating analytic gradient of the SCF energy
Added xc
 Gradient of SCF Energy
            1           2           3
    1   0.0000812  -0.0011901   0.0011089
    2   0.0004120  -0.0008675   0.0004555
    3   0.0020339  -0.0042826   0.0022487
 Max gradient component =       4.283E-03
 RMS gradient           =       1.865E-03
 Grad[1,2,0,0] = 2.14304734e-08
 Grad[2,2,0,0] = 3.09432470e-03
 Grad[3,2,0,0] = -3.79391972e-04
 Grad[4,2,0,0] = 1.25007046e-03
 points done 4/20
 CoordNormalMode -3 , 0 , 0
 ----------------------------------------------------------------
             Standard Nuclear Orientation (Angstroms)
    I     Atom           X                Y                Z
 ----------------------------------------------------------------
    1      N      -0.0273542021    -0.0000000000    -0.0000000000
    2      C       1.1740802756     0.0000000000     0.0000000000
    3      H       2.2723369946    -0.0000000000    -0.0000000000
 ----------------------------------------------------------------
 Nuclear Repulsion Energy =          23.00084702 hartrees
 There are        7 alpha and        7 beta electrons

                       Distance Matrix (Angstroms)
             N (  1)   C (  2)
   C (  2)  1.201434
   H (  3)  2.299691  1.098257

 Requested basis set is cc-pVDZ
 There are 15 shells and 33 basis functions
 A cutoff of  1.0D-14 yielded    120 shell pairs
 There are       596 function pairs (       675 Cartesian)
 Smallest overlap matrix eigenvalue = 8.24E-03
 Guess MOs from SCF MO coefficient file

 -----------------------------------------------------------------------
  General SCF calculation program by
  Eric Jon Sundstrom, Paul Horn, Yuezhi Mao, Dmitri Zuev, Alec White,
  David Stuck, Shaama M.S., Shane Yost, Joonho Lee, David Small,
  Daniel Levine, Susi Lehtola, Hugh Burton, Evgeny Epifanovsky,
  Bang C. Huynh
 -----------------------------------------------------------------------
 Exchange:     0.2000 Hartree-Fock + 0.0800 Slater + 0.7200 B88
 Correlation:  0.1900 VWN1RPA + 0.8100 LYP
 Using Euler-Maclaurin-Lebedev (99,590) quadrature formula
Added inc_jk
Added qchem_hcore
Added xc
Added P-dependent contribution
 A restricted SCF calculation will be
 performed using GDM
 SCF converges when RMS gradient is below 1.0e-10
 User-specified cutoff of 10e-14
 used for neglect of 2-electron integrals.
 A cutoff of 10e-14
 used for neglect of overlap integrals.
 Incremental Fock algorithm is on at the start.
 ---------------------------------------
  Cycle       Energy        RMS Gradient
 ---------------------------------------
    1     -93.4244635666      1.39e-02   Normal BFGS step
    2     -93.4255217926      1.71e-02   Normal BFGS step
    3     -93.4254660285      2.45e-02  Line search: overstep
    4     -93.4258276162      6.21e-03   Normal BFGS step
    5     -93.4258539524      5.45e-03   Normal BFGS step
    6     -93.4259384721      2.31e-04   Normal BFGS step
    7     -93.4259387157      7.13e-05   Normal BFGS step
    8     -93.4259387384      1.82e-06   Normal BFGS step
    9     -93.4259387384      9.91e-07   Normal BFGS step
   10     -93.4259387384      9.36e-08   Normal BFGS step
   11     -93.4259387384      7.03e-08   Normal BFGS step
   12     -93.4259387384      1.01e-07   Normal BFGS step
   13     -93.4259387384      1.21e-08   Normal BFGS step
   14     -93.4259387384      4.81e-09   Normal BFGS step
   15     -93.4259387384      1.24e-09   Normal BFGS step
   16     -93.4259387384      4.77e-10   Normal BFGS step
   17     -93.4259387384      7.31e-11  Convergence criterion met
 ---------------------------------------
 SCF time:   CPU 20.96s  wall 3.00s 
 SCF   energy =   -93.42593874
 Total energy =   -93.42593874
 Integrated density by DFT XC:
   Number of electrons = 14
   Numerical integral  =    14.000000021551
   Relative error      =     0.0000001539 %

 --------------------------------------------------------------

                    Orbital Energies (a.u.)
 --------------------------------------------------------------

 Alpha MOs
 -- Occupied --
-14.3687 -10.2588  -0.9075  -0.6037  -0.3866  -0.3527  -0.3527
 -- Virtual --
  0.0000   0.0000   0.0482   0.1978   0.4620   0.4620   0.5366   0.6583
  0.7324   0.7853   0.7853   0.9138   1.0640   1.0640   1.1014   1.1014
  1.4351   1.6735   1.6735   1.8604   1.8604   1.9769   2.5019   2.5019
  2.7336   2.9242
 --------------------------------------------------------------

          Ground-State Mulliken Net Atomic Charges

     Atom                 Charge (a.u.)
  ----------------------------------------
      1 N                    -0.099633
      2 C                    -0.007076
      3 H                     0.106709
  ----------------------------------------
  Sum of atomic charges =     0.000000

 -----------------------------------------------------------------
                    Cartesian Multipole Moments
 -----------------------------------------------------------------
    Charge (ESU x 10^10)
                 0.0000
    Dipole Moment (Debye)
         X       2.8191      Y       0.0000      Z       0.0000
       Tot       2.8191
    Quadrupole Moments (Debye-Ang)
        XX      -5.7824     XY      -0.0000     YY     -11.6321
        XZ      -0.0000     YZ      -0.0000     ZZ     -11.6321
    Octopole Moments (Debye-Ang^2)
       XXX      -8.0411    XXY      -0.0000    XYY      -7.6028
       YYY       0.0000    XXZ      -0.0000    XYZ      -0.0000
       YYZ       0.0000    XZZ      -7.6028    YZZ       0.0000
       ZZZ       0.0000
    Hexadecapole Moments (Debye-Ang^3)
      XXXX     -39.7089   XXXY      -0.0000   XXYY     -14.1619
      XYYY      -0.0000   YYYY     -10.9722   XXXZ      -0.0000
      XXYZ      -0.0000   XYYZ      -0.0000   YYYZ      -0.0000
      XXZZ     -14.1619   XYZZ      -0.0000   YYZZ      -3.6574
      XZZZ      -0.0000   YZZZ      -0.0000   ZZZZ     -10.9722
 -----------------------------------------------------------------
 Eng[-3,0] = -9.34259387e+01
 Calculating analytic gradient of the SCF energy
Added xc
 Gradient of SCF Energy
            1           2           3
    1  -0.0916173   0.0775344   0.0140829
    2   0.0000000  -0.0000000   0.0000000
    3   0.0000000  -0.0000000   0.0000000
 Max gradient component =       9.162E-02
 RMS gradient           =       4.028E-02
 Grad[1,-3,0,0] = 2.60291677e-16
 Grad[2,-3,0,0] = 3.95864050e-13
 Grad[3,-3,0,0] = -8.09953317e-02
 Grad[4,-3,0,0] = 1.14755379e-03
 points done 5/20
 CoordNormalMode 3 , 0 , 0
 ----------------------------------------------------------------
             Standard Nuclear Orientation (Angstroms)
    I     Atom           X                Y                Z
 ----------------------------------------------------------------
    1      N       0.0161347090     0.0000000000     0.0000000000
    2      C       1.1305630872    -0.0000000000    -0.0000000000
    3      H       2.1862391356     0.0000000000     0.0000000000
 ----------------------------------------------------------------
 Nuclear Repulsion Energy =          24.65790934 hartrees
 There are        7 alpha and        7 beta electrons

                       Distance Matrix (Angstroms)
             N (  1)   C (  2)
   C (  2)  1.114428
   H (  3)  2.170104  1.055676

 Requested basis set is cc-pVDZ
 There are 15 shells and 33 basis functions
 A cutoff of  1.0D-14 yielded    120 shell pairs
 There are       596 function pairs (       675 Cartesian)
 Smallest overlap matrix eigenvalue = 7.26E-03
 Guess MOs from SCF MO coefficient file

 -----------------------------------------------------------------------
  General SCF calculation program by
  Eric Jon Sundstrom, Paul Horn, Yuezhi Mao, Dmitri Zuev, Alec White,
  David Stuck, Shaama M.S., Shane Yost, Joonho Lee, David Small,
  Daniel Levine, Susi Lehtola, Hugh Burton, Evgeny Epifanovsky,
  Bang C. Huynh
 -----------------------------------------------------------------------
 Exchange:     0.2000 Hartree-Fock + 0.0800 Slater + 0.7200 B88
 Correlation:  0.1900 VWN1RPA + 0.8100 LYP
 Using Euler-Maclaurin-Lebedev (99,590) quadrature formula
Added inc_jk
Added qchem_hcore
Added xc
Added P-dependent contribution
 A restricted SCF calculation will be
 performed using GDM
 SCF converges when RMS gradient is below 1.0e-10
 User-specified cutoff of 10e-14
 used for neglect of 2-electron integrals.
 A cutoff of 10e-14
 used for neglect of overlap integrals.
 Incremental Fock algorithm is on at the start.
 ---------------------------------------
  Cycle       Energy        RMS Gradient
 ---------------------------------------
    1     -93.4200049533      3.06e-02   Normal BFGS step
    2     -93.4236264760      2.40e-02   Normal BFGS step
    3     -93.4243510107      2.70e-02   Normal BFGS step
    4     -93.4247144071      1.03e-02   Normal BFGS step
    5     -93.4250800934      1.80e-03   Normal BFGS step
    6     -93.4250924388      4.95e-04   Normal BFGS step
    7     -93.4250929388      2.01e-05   Normal BFGS step
    8     -93.4250929415      4.02e-06   Normal BFGS step
    9     -93.4250929416      2.82e-07   Normal BFGS step
   10     -93.4250929416      3.21e-08   Normal BFGS step
   11     -93.4250929416      2.29e-08   Normal BFGS step
   12     -93.4250929416      1.74e-08   Normal BFGS step
   13     -93.4250929416      3.71e-10   Normal BFGS step
   14     -93.4250929416      9.27e-11  Convergence criterion met
 ---------------------------------------
 SCF time:   CPU 16.23s  wall 1.00s 
 SCF   energy =   -93.42509294
 Total energy =   -93.42509294
 Integrated density by DFT XC:
   Number of electrons = 14
   Numerical integral  =    14.000000007085
   Relative error      =     0.0000000506 %

 --------------------------------------------------------------

                    Orbital Energies (a.u.)
 --------------------------------------------------------------

 Alpha MOs
 -- Occupied --
-14.3452 -10.2347  -0.9395  -0.6072  -0.3796  -0.3718  -0.3718
 -- Virtual --
  0.0309   0.0309   0.0656   0.2007   0.4576   0.4576   0.5490   0.6755
  0.7453   0.7916   0.7916   1.0638   1.0943   1.0943   1.1007   1.1007
  1.4486   1.7532   1.7532   1.8932   1.8932   2.1368   2.6018   2.6018
  2.8663   3.1763
 --------------------------------------------------------------

          Ground-State Mulliken Net Atomic Charges

     Atom                 Charge (a.u.)
  ----------------------------------------
      1 N                    -0.062811
      2 C                    -0.011798
      3 H                     0.074610
  ----------------------------------------
  Sum of atomic charges =     0.000000

 -----------------------------------------------------------------
                    Cartesian Multipole Moments
 -----------------------------------------------------------------
    Charge (ESU x 10^10)
                -0.0000
    Dipole Moment (Debye)
         X       2.7668      Y       0.0000      Z       0.0000
       Tot       2.7668
    Quadrupole Moments (Debye-Ang)
        XX      -6.0668     XY       0.0000     YY     -11.3003
        XZ       0.0000     YZ       0.0000     ZZ     -11.3003
    Octopole Moments (Debye-Ang^2)
       XXX      -9.0919    XXY       0.0000    XYY      -7.2448
       YYY       0.0000    XXZ       0.0000    XYZ       0.0000
       YYZ       0.0000    XZZ      -7.2448    YZZ       0.0000
       ZZZ       0.0000
    Hexadecapole Moments (Debye-Ang^3)
      XXXX     -39.0400   XXXY       0.0000   XXYY     -12.9215
      XYYY       0.0000   YYYY     -10.3756   XXXZ       0.0000
      XXYZ       0.0000   XYYZ       0.0000   YYYZ       0.0000
      XXZZ     -12.9215   XYZZ       0.0000   YYZZ      -3.4585
      XZZZ       0.0000   YZZZ       0.0000   ZZZZ     -10.3756
 -----------------------------------------------------------------
 Eng[3,0] = -9.34250929e+01
 Calculating analytic gradient of the SCF energy
Added xc
 Gradient of SCF Energy
            1           2           3
    1   0.1215959  -0.1055777  -0.0160182
    2  -0.0000000   0.0000000  -0.0000000
    3  -0.0000000   0.0000000   0.0000000
 Max gradient component =       1.216E-01
 RMS gradient           =       5.394E-02
 Grad[1,3,0,0] = -1.75898562e-16
 Grad[2,3,0,0] = -4.56625385e-16
 Grad[3,3,0,0] = 1.06422728e-01
 Grad[4,3,0,0] = 1.45906863e-03
 points done 6/20
 CoordNormalMode -4 , 0 , 0
 ----------------------------------------------------------------
             Standard Nuclear Orientation (Angstroms)
    I     Atom           X                Y                Z
 ----------------------------------------------------------------
    1      N      -0.0074578576     0.0000000000    -0.0000000000
    2      C       1.1588849209    -0.0000000000     0.0000000000
    3      H       2.1768192508     0.0000000000    -0.0000000000
 ----------------------------------------------------------------
 Nuclear Repulsion Energy =          23.87065930 hartrees
 There are        7 alpha and        7 beta electrons

                       Distance Matrix (Angstroms)
             N (  1)   C (  2)
   C (  2)  1.166343
   H (  3)  2.184277  1.017934

 Requested basis set is cc-pVDZ
 There are 15 shells and 33 basis functions
 A cutoff of  1.0D-14 yielded    120 shell pairs
 There are       596 function pairs (       675 Cartesian)
 Smallest overlap matrix eigenvalue = 7.88E-03
 Guess MOs from SCF MO coefficient file

 -----------------------------------------------------------------------
  General SCF calculation program by
  Eric Jon Sundstrom, Paul Horn, Yuezhi Mao, Dmitri Zuev, Alec White,
  David Stuck, Shaama M.S., Shane Yost, Joonho Lee, David Small,
  Daniel Levine, Susi Lehtola, Hugh Burton, Evgeny Epifanovsky,
  Bang C. Huynh
 -----------------------------------------------------------------------
 Exchange:     0.2000 Hartree-Fock + 0.0800 Slater + 0.7200 B88
 Correlation:  0.1900 VWN1RPA + 0.8100 LYP
 Using Euler-Maclaurin-Lebedev (99,590) quadrature formula
Added inc_jk
Added qchem_hcore
Added xc
Added P-dependent contribution
 A restricted SCF calculation will be
 performed using GDM
 SCF converges when RMS gradient is below 1.0e-10
 User-specified cutoff of 10e-14
 used for neglect of 2-electron integrals.
 A cutoff of 10e-14
 used for neglect of overlap integrals.
 Incremental Fock algorithm is on at the start.
 ---------------------------------------
  Cycle       Energy        RMS Gradient
 ---------------------------------------
    1     -93.4252051131      1.59e-02   Normal BFGS step
    2     -93.4260218200      3.27e-02   Normal BFGS step
    3     -93.4264684337      1.93e-02   Normal BFGS step
    4     -93.4270119295      7.13e-03   Normal BFGS step
    5     -93.4271555155      1.79e-03   Normal BFGS step
    6     -93.4271619929      2.65e-04   Normal BFGS step
    7     -93.4271621051      1.31e-05   Normal BFGS step
    8     -93.4271621065      4.06e-06   Normal BFGS step
    9     -93.4271621065      2.81e-07   Normal BFGS step
   10     -93.4271621065      1.93e-08   Normal BFGS step
   11     -93.4271621065      1.08e-08   Normal BFGS step
   12     -93.4271621065      5.12e-09   Normal BFGS step
   13     -93.4271621065      2.59e-10   Normal BFGS step
   14     -93.4271621065      2.19e-10   Normal BFGS step
   15     -93.4271621065      1.01e-10   Normal BFGS step
   16     -93.4271621065      1.23e-11  Convergence criterion met
 ---------------------------------------
 SCF time:   CPU 15.07s  wall 2.00s 
 SCF   energy =   -93.42716211
 Total energy =   -93.42716211
 Integrated density by DFT XC:
   Number of electrons = 14
   Numerical integral  =    13.999999984846
   Relative error      =     0.0000001082 %

 --------------------------------------------------------------

                    Orbital Energies (a.u.)
 --------------------------------------------------------------

 Alpha MOs
 -- Occupied --
-14.3606 -10.2456  -0.9213  -0.6233  -0.3852  -0.3611  -0.3611
 -- Virtual --
  0.0105   0.0105   0.0722   0.1972   0.4599   0.4599   0.5513   0.6658
  0.7525   0.7869   0.7869   1.0017   1.0853   1.0853   1.0971   1.0971
  1.4334   1.7418   1.7418   1.8717   1.8717   2.1491   2.5745   2.5745
  2.7818   3.1504
 --------------------------------------------------------------

          Ground-State Mulliken Net Atomic Charges

     Atom                 Charge (a.u.)
  ----------------------------------------
      1 N                    -0.090452
      2 C                     0.033525
      3 H                     0.056927
  ----------------------------------------
  Sum of atomic charges =     0.000000

 -----------------------------------------------------------------
                    Cartesian Multipole Moments
 -----------------------------------------------------------------
    Charge (ESU x 10^10)
                -0.0000
    Dipole Moment (Debye)
         X       2.7236      Y      -0.0000      Z       0.0000
       Tot       2.7236
    Quadrupole Moments (Debye-Ang)
        XX      -6.1972     XY      -0.0000     YY     -11.4267
        XZ       0.0000     YZ       0.0000     ZZ     -11.4267
    Octopole Moments (Debye-Ang^2)
       XXX      -9.3985    XXY      -0.0000    XYY      -7.3119
       YYY      -0.0000    XXZ       0.0000    XYZ       0.0000
       YYZ       0.0000    XZZ      -7.3119    YZZ      -0.0000
       ZZZ       0.0000
    Hexadecapole Moments (Debye-Ang^3)
      XXXX     -41.4687   XXXY      -0.0000   XXYY     -13.2360
      XYYY      -0.0000   YYYY     -10.6220   XXXZ       0.0000
      XXYZ       0.0000   XYYZ       0.0000   YYYZ       0.0000
      XXZZ     -13.2360   XYZZ      -0.0000   YYZZ      -3.5407
      XZZZ       0.0000   YZZZ       0.0000   ZZZZ     -10.6220
 -----------------------------------------------------------------
 Eng[-4,0] = -9.34271621e+01
 Calculating analytic gradient of the SCF energy
Added xc
 Gradient of SCF Energy
            1           2           3
    1  -0.0217072   0.0755889  -0.0538817
    2   0.0000000  -0.0000000   0.0000000
    3  -0.0000000   0.0000000  -0.0000000
 Max gradient component =       7.559E-02
 RMS gradient           =       3.178E-02
 Grad[1,-4,0,0] = 8.60387303e-16
 Grad[2,-4,0,0] = 2.75536516e-17
 Grad[3,-4,0,0] = 3.83348080e-03
 Grad[4,-4,0,0] = -6.35671008e-02
 points done 7/20
 CoordNormalMode 4 , 0 , 0
 ----------------------------------------------------------------
             Standard Nuclear Orientation (Angstroms)
    I     Atom           X                Y                Z
 ----------------------------------------------------------------
    1      N      -0.0037616354    -0.0000000000     0.0000000000
    2      C       1.1457584419     0.0000000000    -0.0000000000
    3      H       2.2817568794    -0.0000000000     0.0000000000
 ----------------------------------------------------------------
 Nuclear Repulsion Energy =          23.75023875 hartrees
 There are        7 alpha and        7 beta electrons

                       Distance Matrix (Angstroms)
             N (  1)   C (  2)
   C (  2)  1.149520
   H (  3)  2.285519  1.135998

 Requested basis set is cc-pVDZ
 There are 15 shells and 33 basis functions
 A cutoff of  1.0D-14 yielded    120 shell pairs
 There are       596 function pairs (       675 Cartesian)
 Smallest overlap matrix eigenvalue = 7.59E-03
 Guess MOs from SCF MO coefficient file

 -----------------------------------------------------------------------
  General SCF calculation program by
  Eric Jon Sundstrom, Paul Horn, Yuezhi Mao, Dmitri Zuev, Alec White,
  David Stuck, Shaama M.S., Shane Yost, Joonho Lee, David Small,
  Daniel Levine, Susi Lehtola, Hugh Burton, Evgeny Epifanovsky,
  Bang C. Huynh
 -----------------------------------------------------------------------
 Exchange:     0.2000 Hartree-Fock + 0.0800 Slater + 0.7200 B88
 Correlation:  0.1900 VWN1RPA + 0.8100 LYP
 Using Euler-Maclaurin-Lebedev (99,590) quadrature formula
Added inc_jk
Added qchem_hcore
Added xc
Added P-dependent contribution
 A restricted SCF calculation will be
 performed using GDM
 SCF converges when RMS gradient is below 1.0e-10
 User-specified cutoff of 10e-14
 used for neglect of 2-electron integrals.
 A cutoff of 10e-14
 used for neglect of overlap integrals.
 Incremental Fock algorithm is on at the start.
 ---------------------------------------
  Cycle       Energy        RMS Gradient
 ---------------------------------------
    1     -93.4253923345      2.57e-02   Normal BFGS step
    2     -93.4270810957      2.21e-02   Normal BFGS step
    3     -93.4267504319      2.48e-02  Line search: overstep
    4     -93.4275898183      7.39e-03   Normal BFGS step
    5     -93.4277061817      2.56e-03   Normal BFGS step
    6     -93.4277271979      6.15e-04   Normal BFGS step
    7     -93.4277283097      2.21e-04   Normal BFGS step
    8     -93.4277284935      7.11e-06   Normal BFGS step
    9     -93.4277284938      7.59e-07   Normal BFGS step
   10     -93.4277284938      7.33e-08   Normal BFGS step
   11     -93.4277284938      1.94e-08   Normal BFGS step
   12     -93.4277284938      2.92e-08   Normal BFGS step
   13     -93.4277284938      5.46e-09   Normal BFGS step
   14     -93.4277284938      1.44e-09   Normal BFGS step
   15     -93.4277284938      1.34e-10   Normal BFGS step
   16     -93.4277284938      5.05e-11  Convergence criterion met
 ---------------------------------------
 SCF time:   CPU 8.15s  wall 2.00s 
 SCF   energy =   -93.42772849
 Total energy =   -93.42772849
 Integrated density by DFT XC:
   Number of electrons = 14
   Numerical integral  =    13.999999946381
   Relative error      =     0.0000003830 %

 --------------------------------------------------------------

                    Orbital Energies (a.u.)
 --------------------------------------------------------------

 Alpha MOs
 -- Occupied --
-14.3541 -10.2482  -0.9259  -0.5885  -0.3815  -0.3627  -0.3627
 -- Virtual --
  0.0196   0.0196   0.0402   0.2023   0.4596   0.4596   0.5321   0.6716
  0.7277   0.7898   0.7898   0.9692   1.0794   1.0794   1.0985   1.0985
  1.4490   1.6812   1.6812   1.8802   1.8802   1.9660   2.5321   2.5321
  2.8093   2.9697
 --------------------------------------------------------------

          Ground-State Mulliken Net Atomic Charges

     Atom                 Charge (a.u.)
  ----------------------------------------
      1 N                    -0.073808
      2 C                    -0.045196
      3 H                     0.119004
  ----------------------------------------
  Sum of atomic charges =     0.000000

 -----------------------------------------------------------------
                    Cartesian Multipole Moments
 -----------------------------------------------------------------
    Charge (ESU x 10^10)
                 0.0000
    Dipole Moment (Debye)
         X       2.8650      Y       0.0000      Z      -0.0000
       Tot       2.8650
    Quadrupole Moments (Debye-Ang)
        XX      -5.6519     XY      -0.0000     YY     -11.5110
        XZ      -0.0000     YZ      -0.0000     ZZ     -11.5110
    Octopole Moments (Debye-Ang^2)
       XXX      -7.6926    XXY      -0.0000    XYY      -7.5403
       YYY       0.0000    XXZ      -0.0000    XYZ       0.0000
       YYZ      -0.0000    XZZ      -7.5403    YZZ       0.0000
       ZZZ      -0.0000
    Hexadecapole Moments (Debye-Ang^3)
      XXXX     -37.0717   XXXY      -0.0000   XXYY     -13.8474
      XYYY      -0.0000   YYYY     -10.7380   XXXZ      -0.0000
      XXYZ       0.0000   XYYZ      -0.0000   YYYZ      -0.0000
      XXZZ     -13.8474   XYZZ      -0.0000   YYZZ      -3.5793
      XZZZ      -0.0000   YZZZ      -0.0000   ZZZZ     -10.7380
 -----------------------------------------------------------------
 Eng[4,0] = -9.34277285e+01
 Calculating analytic gradient of the SCF energy
Added xc
 Gradient of SCF Energy
            1           2           3
    1   0.0227561  -0.0612147   0.0384586
    2   0.0000000  -0.0000000   0.0000000
    3  -0.0000000   0.0000000  -0.0000000
 Max gradient component =       6.121E-02
 RMS gradient           =       2.526E-02
 Grad[1,4,0,0] = 1.65820055e-16
 Grad[2,4,0,0] = -1.37268296e-16
 Grad[3,4,0,0] = 3.23499684e-03
 Grad[4,4,0,0] = 4.65261919e-02
 points done 8/20
 CoordNormalMode -2 , -1 , 0
 ----------------------------------------------------------------
             Standard Nuclear Orientation (Angstroms)
    I     Atom           X                Y                Z
 ----------------------------------------------------------------
    1      N      -0.0056097465    -0.0041116800    -0.0027265039
    2      C       1.1523216814     0.0099567325     0.0066024277
    3      H       2.2292880651    -0.0614237004    -0.0407307858
 ----------------------------------------------------------------
 Nuclear Repulsion Energy =          23.78759874 hartrees
 There are        7 alpha and        7 beta electrons

                       Distance Matrix (Angstroms)
             N (  1)   C (  2)
   C (  2)  1.158054
   H (  3)  2.235956  1.080367

 Requested basis set is cc-pVDZ
 There are 15 shells and 33 basis functions
 A cutoff of  1.0D-14 yielded    120 shell pairs
 There are       596 function pairs (       675 Cartesian)
 Smallest overlap matrix eigenvalue = 7.79E-03
 Guess MOs from SCF MO coefficient file

 -----------------------------------------------------------------------
  General SCF calculation program by
  Eric Jon Sundstrom, Paul Horn, Yuezhi Mao, Dmitri Zuev, Alec White,
  David Stuck, Shaama M.S., Shane Yost, Joonho Lee, David Small,
  Daniel Levine, Susi Lehtola, Hugh Burton, Evgeny Epifanovsky,
  Bang C. Huynh
 -----------------------------------------------------------------------
 Exchange:     0.2000 Hartree-Fock + 0.0800 Slater + 0.7200 B88
 Correlation:  0.1900 VWN1RPA + 0.8100 LYP
 Using Euler-Maclaurin-Lebedev (99,590) quadrature formula
Added inc_jk
Added qchem_hcore
Added xc
Added P-dependent contribution
 A restricted SCF calculation will be
 performed using GDM
 SCF converges when RMS gradient is below 1.0e-10
 User-specified cutoff of 10e-14
 used for neglect of 2-electron integrals.
 A cutoff of 10e-14
 used for neglect of overlap integrals.
 Incremental Fock algorithm is on at the start.
 ---------------------------------------
  Cycle       Energy        RMS Gradient
 ---------------------------------------
    1     -93.4289353992      1.20e-02   Normal BFGS step
    2     -93.4296543177      1.62e-02   Normal BFGS step
    3     -93.4294272787      2.07e-02  Line search: overstep
    4     -93.4298270975      3.95e-03   Normal BFGS step
    5     -93.4298633963      7.81e-04   Normal BFGS step
    6     -93.4298663169      3.17e-04   Normal BFGS step
    7     -93.4298666017      6.92e-05   Normal BFGS step
    8     -93.4298666257      6.65e-06   Normal BFGS step
    9     -93.4298666260      2.06e-06   Normal BFGS step
   10     -93.4298666260      4.16e-07   Normal BFGS step
   11     -93.4298666260      5.35e-08   Normal BFGS step
   12     -93.4298666260      2.87e-08   Normal BFGS step
   13     -93.4298666260      4.77e-08   Normal BFGS step
   14     -93.4298666260      5.38e-10   Normal BFGS step
   15     -93.4298666260      1.50e-10   Normal BFGS step
   16     -93.4298666260      2.42e-11  Convergence criterion met
 ---------------------------------------
 SCF time:   CPU 14.84s  wall 2.00s 
 SCF   energy =   -93.42986663
 Total energy =   -93.42986663
 Integrated density by DFT XC:
   Number of electrons = 14
   Numerical integral  =    13.999999976571
   Relative error      =     0.0000001673 %

 --------------------------------------------------------------

                    Orbital Energies (a.u.)
 --------------------------------------------------------------

 Alpha MOs
 -- Occupied --
-14.3574 -10.2471  -0.9235  -0.6042  -0.3835  -0.3618  -0.3617
 -- Virtual --
  0.0123   0.0151   0.0587   0.2001   0.4599   0.4599   0.5414   0.6679
  0.7367   0.7884   0.7902   0.9680   1.0741   1.0849   1.1052   1.1098
  1.4400   1.7035   1.7073   1.8778   1.8779   2.0527   2.5440   2.5474
  2.7959   3.0279
 --------------------------------------------------------------

          Ground-State Mulliken Net Atomic Charges

     Atom                 Charge (a.u.)
  ----------------------------------------
      1 N                    -0.081672
      2 C                    -0.012049
      3 H                     0.093721
  ----------------------------------------
  Sum of atomic charges =     0.000000

 -----------------------------------------------------------------
                    Cartesian Multipole Moments
 -----------------------------------------------------------------
    Charge (ESU x 10^10)
                -0.0000
    Dipole Moment (Debye)
         X       2.7922      Y      -0.0652      Z      -0.0432
       Tot       2.7933
    Quadrupole Moments (Debye-Ang)
        XX      -5.9378     XY      -0.1588     YY     -11.4683
        XZ      -0.1053     YZ       0.0042     ZZ     -11.4719
    Octopole Moments (Debye-Ang^2)
       XXX      -8.6034    XXY      -0.3934    XYY      -7.4222
       YYY      -0.0175    XXZ      -0.2609    XYZ       0.0081
       YYZ      -0.0041    XZZ      -7.4291    YZZ      -0.0059
       ZZZ      -0.0114
    Hexadecapole Moments (Debye-Ang^3)
      XXXX     -39.4736   XXXY      -0.9397   XXYY     -13.5250
      XYYY       0.0358   YYYY     -10.7048   XXXZ      -0.6232
      XXYZ       0.0187   XYYZ       0.0074   YYYZ      -0.0058
      XXZZ     -13.5409   XYZZ       0.0118   YYZZ      -3.5666
      XZZZ       0.0241   YZZZ      -0.0058   ZZZZ     -10.6951
 -----------------------------------------------------------------
 Eng[-2,-1] = -9.34298666e+01
 points done 9/20
 CoordNormalMode 2 , 1 , 0
 ----------------------------------------------------------------
             Standard Nuclear Orientation (Angstroms)
    I     Atom           X                Y                Z
 ----------------------------------------------------------------
    1      N      -0.0056097465     0.0041116800     0.0027265039
    2      C       1.1523216814    -0.0099567325    -0.0066024277
    3      H       2.2292880651     0.0614237004     0.0407307858
 ----------------------------------------------------------------
 Nuclear Repulsion Energy =          23.78759874 hartrees
 There are        7 alpha and        7 beta electrons

                       Distance Matrix (Angstroms)
             N (  1)   C (  2)
   C (  2)  1.158054
   H (  3)  2.235956  1.080367

 Requested basis set is cc-pVDZ
 There are 15 shells and 33 basis functions
 A cutoff of  1.0D-14 yielded    120 shell pairs
 There are       596 function pairs (       675 Cartesian)
 Smallest overlap matrix eigenvalue = 7.79E-03
 Guess MOs from SCF MO coefficient file

 -----------------------------------------------------------------------
  General SCF calculation program by
  Eric Jon Sundstrom, Paul Horn, Yuezhi Mao, Dmitri Zuev, Alec White,
  David Stuck, Shaama M.S., Shane Yost, Joonho Lee, David Small,
  Daniel Levine, Susi Lehtola, Hugh Burton, Evgeny Epifanovsky,
  Bang C. Huynh
 -----------------------------------------------------------------------
 Exchange:     0.2000 Hartree-Fock + 0.0800 Slater + 0.7200 B88
 Correlation:  0.1900 VWN1RPA + 0.8100 LYP
 Using Euler-Maclaurin-Lebedev (99,590) quadrature formula
Added inc_jk
Added qchem_hcore
Added xc
Added P-dependent contribution
 A restricted SCF calculation will be
 performed using GDM
 SCF converges when RMS gradient is below 1.0e-10
 User-specified cutoff of 10e-14
 used for neglect of 2-electron integrals.
 A cutoff of 10e-14
 used for neglect of overlap integrals.
 Incremental Fock algorithm is on at the start.
 ---------------------------------------
  Cycle       Energy        RMS Gradient
 ---------------------------------------
    1     -93.4279618852      1.87e-02   Normal BFGS step
    2     -93.4298375144      4.16e-03   Normal BFGS step
    3     -93.4297679230      1.13e-02  Line search: overstep
    4     -93.4298584772      1.27e-03   Normal BFGS step
    5     -93.4298660331      3.09e-04   Normal BFGS step
    6     -93.4298665892      1.08e-04   Normal BFGS step
    7     -93.4298666237      2.61e-05   Normal BFGS step
    8     -93.4298666258      5.40e-06   Normal BFGS step
    9     -93.4298666260      1.96e-06   Normal BFGS step
   10     -93.4298666260      2.65e-07   Normal BFGS step
   11     -93.4298666260      3.32e-08   Normal BFGS step
   12     -93.4298666260      2.96e-09   Normal BFGS step
   13     -93.4298666260      2.08e-09   Normal BFGS step
   14     -93.4298666260      3.38e-09   Normal BFGS step
   15     -93.4298666260      4.09e-11  Convergence criterion met
 ---------------------------------------
 SCF time:   CPU 18.96s  wall 2.00s 
 SCF   energy =   -93.42986663
 Total energy =   -93.42986663
 Integrated density by DFT XC:
   Number of electrons = 14
   Numerical integral  =    13.999999976571
   Relative error      =     0.0000001673 %

 --------------------------------------------------------------

                    Orbital Energies (a.u.)
 --------------------------------------------------------------

 Alpha MOs
 -- Occupied --
-14.3574 -10.2471  -0.9235  -0.6042  -0.3835  -0.3618  -0.3617
 -- Virtual --
  0.0123   0.0151   0.0587   0.2001   0.4599   0.4599   0.5414   0.6679
  0.7367   0.7884   0.7902   0.9680   1.0741   1.0849   1.1052   1.1098
  1.4400   1.7035   1.7073   1.8778   1.8779   2.0527   2.5440   2.5474
  2.7959   3.0279
 --------------------------------------------------------------

          Ground-State Mulliken Net Atomic Charges

     Atom                 Charge (a.u.)
  ----------------------------------------
      1 N                    -0.081672
      2 C                    -0.012049
      3 H                     0.093721
  ----------------------------------------
  Sum of atomic charges =     0.000000

 -----------------------------------------------------------------
                    Cartesian Multipole Moments
 -----------------------------------------------------------------
    Charge (ESU x 10^10)
                -0.0000
    Dipole Moment (Debye)
         X       2.7922      Y       0.0652      Z       0.0432
       Tot       2.7933
    Quadrupole Moments (Debye-Ang)
        XX      -5.9378     XY       0.1588     YY     -11.4683
        XZ       0.1053     YZ       0.0042     ZZ     -11.4719
    Octopole Moments (Debye-Ang^2)
       XXX      -8.6034    XXY       0.3934    XYY      -7.4222
       YYY       0.0175    XXZ       0.2609    XYZ       0.0081
       YYZ       0.0041    XZZ      -7.4291    YZZ       0.0059
       ZZZ       0.0114
    Hexadecapole Moments (Debye-Ang^3)
      XXXX     -39.4736   XXXY       0.9397   XXYY     -13.5250
      XYYY      -0.0358   YYYY     -10.7048   XXXZ       0.6232
      XXYZ       0.0187   XYYZ      -0.0074   YYYZ      -0.0058
      XXZZ     -13.5409   XYZZ      -0.0118   YYZZ      -3.5666
      XZZZ      -0.0241   YZZZ      -0.0058   ZZZZ     -10.6951
 -----------------------------------------------------------------
 Eng[2,1] = -9.34298666e+01
 points done 10/20
 CoordNormalMode -3 , -1 , 0
 ----------------------------------------------------------------
             Standard Nuclear Orientation (Angstroms)
    I     Atom           X                Y                Z
 ----------------------------------------------------------------
    1      N      -0.0273542021    -0.0034190919     0.0006925881
    2      C       1.1740802756     0.0082795801    -0.0016771524
    3      H       2.2723369946    -0.0510772431     0.0103464573
 ----------------------------------------------------------------
 Nuclear Repulsion Energy =          22.99518858 hartrees
 There are        7 alpha and        7 beta electrons

                       Distance Matrix (Angstroms)
             N (  1)   C (  2)
   C (  2)  1.201494
   H (  3)  2.300205  1.099925

 Requested basis set is cc-pVDZ
 There are 15 shells and 33 basis functions
 A cutoff of  1.0D-14 yielded    120 shell pairs
 There are       596 function pairs (       675 Cartesian)
 Smallest overlap matrix eigenvalue = 8.28E-03
 Guess MOs from SCF MO coefficient file

 -----------------------------------------------------------------------
  General SCF calculation program by
  Eric Jon Sundstrom, Paul Horn, Yuezhi Mao, Dmitri Zuev, Alec White,
  David Stuck, Shaama M.S., Shane Yost, Joonho Lee, David Small,
  Daniel Levine, Susi Lehtola, Hugh Burton, Evgeny Epifanovsky,
  Bang C. Huynh
 -----------------------------------------------------------------------
 Exchange:     0.2000 Hartree-Fock + 0.0800 Slater + 0.7200 B88
 Correlation:  0.1900 VWN1RPA + 0.8100 LYP
 Using Euler-Maclaurin-Lebedev (99,590) quadrature formula
Added inc_jk
Added qchem_hcore
Added xc
Added P-dependent contribution
 A restricted SCF calculation will be
 performed using GDM
 SCF converges when RMS gradient is below 1.0e-10
 User-specified cutoff of 10e-14
 used for neglect of 2-electron integrals.
 A cutoff of 10e-14
 used for neglect of overlap integrals.
 Incremental Fock algorithm is on at the start.
 ---------------------------------------
  Cycle       Energy        RMS Gradient
 ---------------------------------------
    1     -93.4233119777      1.51e-02   Normal BFGS step
    2     -93.4252695274      1.93e-02   Normal BFGS step
    3     -93.4249214838      3.25e-02  Line search: overstep
    4     -93.4256286895      6.13e-03   Normal BFGS step
    5     -93.4256787001      4.98e-03   Normal BFGS step
    6     -93.4257522168      2.55e-04   Normal BFGS step
    7     -93.4257525474      5.86e-05   Normal BFGS step
    8     -93.4257525693      3.41e-06   Normal BFGS step
    9     -93.4257525694      1.38e-06   Normal BFGS step
   10     -93.4257525694      1.61e-07   Normal BFGS step
   11     -93.4257525694      4.81e-08   Normal BFGS step
   12     -93.4257525694      7.79e-09   Normal BFGS step
   13     -93.4257525694      1.02e-08   Normal BFGS step
   14     -93.4257525694      2.13e-09   Normal BFGS step
   15     -93.4257525694      6.34e-10   Normal BFGS step
   16     -93.4257525694      1.80e-10   Normal BFGS step
  GDM::WARNING energy changes are now smaller than effective accuracy.
  GDM::        calculation will continue, but THRESH should be increased
  GDM::        or SCF_CONVERGENCE decreased. 
  GDM::        effective_thresh = 1.69e-09
   17     -93.4257525694      4.86e-11  Convergence criterion met
 ---------------------------------------
 SCF time:   CPU 16.94s  wall 2.00s 
 SCF   energy =   -93.42575257
 Total energy =   -93.42575257
 Integrated density by DFT XC:
   Number of electrons = 14
   Numerical integral  =    14.000000029208
   Relative error      =     0.0000002086 %

 --------------------------------------------------------------

                    Orbital Energies (a.u.)
 --------------------------------------------------------------

 Alpha MOs
 -- Occupied --
-14.3688 -10.2589  -0.9075  -0.6031  -0.3866  -0.3527  -0.3526
 -- Virtual --
 -0.0012   0.0001   0.0489   0.1983   0.4619   0.4620   0.5361   0.6580
  0.7315   0.7853   0.7858   0.9089   1.0622   1.0672   1.1034   1.1036
  1.4342   1.6701   1.6720   1.8611   1.8611   1.9767   2.4977   2.4999
  2.7334   2.9193
 --------------------------------------------------------------

          Ground-State Mulliken Net Atomic Charges

     Atom                 Charge (a.u.)
  ----------------------------------------
      1 N                    -0.099322
      2 C                    -0.008416
      3 H                     0.107738
  ----------------------------------------
  Sum of atomic charges =     0.000000

 -----------------------------------------------------------------
                    Cartesian Multipole Moments
 -----------------------------------------------------------------
    Charge (ESU x 10^10)
                 0.0000
    Dipole Moment (Debye)
         X       2.8176      Y      -0.0570      Z       0.0115
       Tot       2.8182
    Quadrupole Moments (Debye-Ang)
        XX      -5.7862     XY      -0.1350     YY     -11.6299
        XZ       0.0274     YZ      -0.0009     ZZ     -11.6342
    Octopole Moments (Debye-Ang^2)
       XXX      -8.0531    XXY      -0.3443    XYY      -7.5987
       YYY      -0.0160    XXZ       0.0697    XYZ      -0.0017
       YYZ       0.0011    XZZ      -7.6068    YZZ      -0.0053
       ZZZ       0.0032
    Hexadecapole Moments (Debye-Ang^3)
      XXXX     -39.7472   XXXY      -0.8330   XXYY     -14.1508
      XYYY       0.0316   YYYY     -10.9875   XXXZ       0.1687
      XXYZ      -0.0041   XYYZ      -0.0020   YYYZ       0.0012
      XXZZ     -14.1702   XYZZ       0.0107   YYZZ      -3.6606
      XZZZ      -0.0065   YZZZ       0.0012   ZZZZ     -10.9759
 -----------------------------------------------------------------
 Eng[-3,-1] = -9.34257526e+01
 points done 11/20
 CoordNormalMode 3 , 1 , 0
 ----------------------------------------------------------------
             Standard Nuclear Orientation (Angstroms)
    I     Atom           X                Y                Z
 ----------------------------------------------------------------
    1      N       0.0161347090     0.0034190919    -0.0006925881
    2      C       1.1305630872    -0.0082795801     0.0016771524
    3      H       2.1862391356     0.0510772431    -0.0103464573
 ----------------------------------------------------------------
 Nuclear Repulsion Energy =          24.65140013 hartrees
 There are        7 alpha and        7 beta electrons

                       Distance Matrix (Angstroms)
             N (  1)   C (  2)
   C (  2)  1.114492
   H (  3)  2.170649  1.057412

 Requested basis set is cc-pVDZ
 There are 15 shells and 33 basis functions
 A cutoff of  1.0D-14 yielded    120 shell pairs
 There are       596 function pairs (       675 Cartesian)
 Smallest overlap matrix eigenvalue = 7.29E-03
 Guess MOs from SCF MO coefficient file

 -----------------------------------------------------------------------
  General SCF calculation program by
  Eric Jon Sundstrom, Paul Horn, Yuezhi Mao, Dmitri Zuev, Alec White,
  David Stuck, Shaama M.S., Shane Yost, Joonho Lee, David Small,
  Daniel Levine, Susi Lehtola, Hugh Burton, Evgeny Epifanovsky,
  Bang C. Huynh
 -----------------------------------------------------------------------
 Exchange:     0.2000 Hartree-Fock + 0.0800 Slater + 0.7200 B88
 Correlation:  0.1900 VWN1RPA + 0.8100 LYP
 Using Euler-Maclaurin-Lebedev (99,590) quadrature formula
Added inc_jk
Added qchem_hcore
Added xc
Added P-dependent contribution
 A restricted SCF calculation will be
 performed using GDM
 SCF converges when RMS gradient is below 1.0e-10
 User-specified cutoff of 10e-14
 used for neglect of 2-electron integrals.
 A cutoff of 10e-14
 used for neglect of overlap integrals.
 Incremental Fock algorithm is on at the start.
 ---------------------------------------
  Cycle       Energy        RMS Gradient
 ---------------------------------------
    1     -93.4190131922      3.07e-02   Normal BFGS step
    2     -93.4235861818      2.21e-02   Normal BFGS step
    3     -93.4242168036      2.92e-02   Normal BFGS step
    4     -93.4246149304      1.15e-02   Normal BFGS step
    5     -93.4249645595      2.14e-03   Normal BFGS step
    6     -93.4249826234      6.46e-04   Normal BFGS step
    7     -93.4249832930      2.68e-05   Normal BFGS step
    8     -93.4249832974      5.46e-06   Normal BFGS step
    9     -93.4249832976      1.48e-06   Normal BFGS step
   10     -93.4249832976      2.56e-07   Normal BFGS step
   11     -93.4249832976      3.71e-08   Normal BFGS step
   12     -93.4249832976      2.00e-08   Normal BFGS step
   13     -93.4249832976      1.00e-08   Normal BFGS step
   14     -93.4249832976      9.28e-10   Normal BFGS step
   15     -93.4249832976      4.67e-10   Normal BFGS step
   16     -93.4249832976      3.61e-10   Normal BFGS step
   17     -93.4249832976      2.34e-11  Convergence criterion met
 ---------------------------------------
 SCF time:   CPU 20.14s  wall 2.00s 
 SCF   energy =   -93.42498330
 Total energy =   -93.42498330
 Integrated density by DFT XC:
   Number of electrons = 14
   Numerical integral  =    14.000000012970
   Relative error      =     0.0000000926 %

 --------------------------------------------------------------

                    Orbital Energies (a.u.)
 --------------------------------------------------------------

 Alpha MOs
 -- Occupied --
-14.3452 -10.2347  -0.9395  -0.6066  -0.3798  -0.3718  -0.3716
 -- Virtual --
  0.0293   0.0310   0.0665   0.2012   0.4576   0.4577   0.5485   0.6751
  0.7441   0.7916   0.7929   1.0464   1.0870   1.0919   1.1081   1.1205
  1.4477   1.7487   1.7506   1.8946   1.8946   2.1360   2.5982   2.5994
  2.8659   3.1681
 --------------------------------------------------------------

          Ground-State Mulliken Net Atomic Charges

     Atom                 Charge (a.u.)
  ----------------------------------------
      1 N                    -0.062589
      2 C                    -0.013316
      3 H                     0.075905
  ----------------------------------------
  Sum of atomic charges =     0.000000

 -----------------------------------------------------------------
                    Cartesian Multipole Moments
 -----------------------------------------------------------------
    Charge (ESU x 10^10)
                -0.0000
    Dipole Moment (Debye)
         X       2.7653      Y       0.0510      Z      -0.0103
       Tot       2.7658
    Quadrupole Moments (Debye-Ang)
        XX      -6.0709     XY       0.1285     YY     -11.2982
        XZ      -0.0260     YZ      -0.0009     ZZ     -11.3024
    Octopole Moments (Debye-Ang^2)
       XXX      -9.1052    XXY       0.3093    XYY      -7.2410
       YYY       0.0127    XXZ      -0.0627    XYZ      -0.0017
       YYZ      -0.0009    XZZ      -7.2491    YZZ       0.0041
       ZZZ      -0.0025
    Hexadecapole Moments (Debye-Ang^3)
      XXXX     -39.0814   XXXY       0.7294   XXYY     -12.9121
      XYYY      -0.0284   YYYY     -10.3909   XXXZ      -0.1478
      XXYZ      -0.0038   XYYZ       0.0018   YYYZ       0.0012
      XXZZ     -12.9302   XYZZ      -0.0097   YYZZ      -3.4617
      XZZZ       0.0059   YZZZ       0.0012   ZZZZ     -10.3794
 -----------------------------------------------------------------
 Eng[3,1] = -9.34249833e+01
 points done 12/20
 CoordNormalMode -3 , -2 , 0
 ----------------------------------------------------------------
             Standard Nuclear Orientation (Angstroms)
    I     Atom           X                Y                Z
 ----------------------------------------------------------------
    1      N      -0.0273542021    -0.0006925881    -0.0034190919
    2      C       1.1740802756     0.0016771524     0.0082795801
    3      H       2.2723369946    -0.0103464573    -0.0510772431
 ----------------------------------------------------------------
 Nuclear Repulsion Energy =          22.99518858 hartrees
 There are        7 alpha and        7 beta electrons

                       Distance Matrix (Angstroms)
             N (  1)   C (  2)
   C (  2)  1.201494
   H (  3)  2.300205  1.099925

 Requested basis set is cc-pVDZ
 There are 15 shells and 33 basis functions
 A cutoff of  1.0D-14 yielded    120 shell pairs
 There are       596 function pairs (       675 Cartesian)
 Smallest overlap matrix eigenvalue = 8.28E-03
 Guess MOs from SCF MO coefficient file

 -----------------------------------------------------------------------
  General SCF calculation program by
  Eric Jon Sundstrom, Paul Horn, Yuezhi Mao, Dmitri Zuev, Alec White,
  David Stuck, Shaama M.S., Shane Yost, Joonho Lee, David Small,
  Daniel Levine, Susi Lehtola, Hugh Burton, Evgeny Epifanovsky,
  Bang C. Huynh
 -----------------------------------------------------------------------
 Exchange:     0.2000 Hartree-Fock + 0.0800 Slater + 0.7200 B88
 Correlation:  0.1900 VWN1RPA + 0.8100 LYP
 Using Euler-Maclaurin-Lebedev (99,590) quadrature formula
Added inc_jk
Added qchem_hcore
Added xc
Added P-dependent contribution
 A restricted SCF calculation will be
 performed using GDM
 SCF converges when RMS gradient is below 1.0e-10
 User-specified cutoff of 10e-14
 used for neglect of 2-electron integrals.
 A cutoff of 10e-14
 used for neglect of overlap integrals.
 Incremental Fock algorithm is on at the start.
 ---------------------------------------
  Cycle       Energy        RMS Gradient
 ---------------------------------------
    1     -93.4199385611      2.74e-02   Normal BFGS step
    2     -93.4238128197      3.81e-02   Normal BFGS step
    3     -93.4237502640      4.98e-02  Line search: overstep
    4     -93.4252439472      1.33e-02   Normal BFGS step
    5     -93.4253732778      1.17e-02   Normal BFGS step
    6     -93.4257513286      5.12e-04   Normal BFGS step
    7     -93.4257524518      1.66e-04   Normal BFGS step
    8     -93.4257525693      2.89e-06   Normal BFGS step
    9     -93.4257525694      1.14e-06   Normal BFGS step
   10     -93.4257525694      1.60e-07   Normal BFGS step
   11     -93.4257525694      9.51e-08   Normal BFGS step
   12     -93.4257525694      1.25e-07   Normal BFGS step
   13     -93.4257525694      6.44e-08   Normal BFGS step
   14     -93.4257525694      5.82e-09   Normal BFGS step
   15     -93.4257525694      1.41e-09   Normal BFGS step
   16     -93.4257525694      5.21e-10   Normal BFGS step
   17     -93.4257525694      1.72e-10   Normal BFGS step
   18     -93.4257525694      1.17e-11  Convergence criterion met
 ---------------------------------------
 SCF time:   CPU 21.67s  wall 2.00s 
 SCF   energy =   -93.42575257
 Total energy =   -93.42575257
 Integrated density by DFT XC:
   Number of electrons = 14
   Numerical integral  =    14.000000029208
   Relative error      =     0.0000002086 %

 --------------------------------------------------------------

                    Orbital Energies (a.u.)
 --------------------------------------------------------------

 Alpha MOs
 -- Occupied --
-14.3688 -10.2589  -0.9075  -0.6031  -0.3866  -0.3527  -0.3526
 -- Virtual --
 -0.0012   0.0001   0.0489   0.1983   0.4619   0.4620   0.5361   0.6580
  0.7315   0.7853   0.7858   0.9089   1.0622   1.0672   1.1034   1.1036
  1.4342   1.6701   1.6720   1.8611   1.8611   1.9767   2.4977   2.4999
  2.7334   2.9193
 --------------------------------------------------------------

          Ground-State Mulliken Net Atomic Charges

     Atom                 Charge (a.u.)
  ----------------------------------------
      1 N                    -0.099322
      2 C                    -0.008416
      3 H                     0.107738
  ----------------------------------------
  Sum of atomic charges =     0.000000

 -----------------------------------------------------------------
                    Cartesian Multipole Moments
 -----------------------------------------------------------------
    Charge (ESU x 10^10)
                -0.0000
    Dipole Moment (Debye)
         X       2.8176      Y      -0.0115      Z      -0.0570
       Tot       2.8182
    Quadrupole Moments (Debye-Ang)
        XX      -5.7862     XY      -0.0274     YY     -11.6342
        XZ      -0.1350     YZ       0.0009     ZZ     -11.6299
    Octopole Moments (Debye-Ang^2)
       XXX      -8.0531    XXY      -0.0697    XYY      -7.6068
       YYY      -0.0032    XXZ      -0.3443    XYZ       0.0017
       YYZ      -0.0053    XZZ      -7.5987    YZZ      -0.0011
       ZZZ      -0.0160
    Hexadecapole Moments (Debye-Ang^3)
      XXXX     -39.7472   XXXY      -0.1687   XXYY     -14.1702
      XYYY       0.0065   YYYY     -10.9759   XXXZ      -0.8330
      XXYZ       0.0041   XYYZ       0.0107   YYYZ      -0.0012
      XXZZ     -14.1508   XYZZ       0.0020   YYZZ      -3.6606
      XZZZ       0.0316   YZZZ      -0.0012   ZZZZ     -10.9875
 -----------------------------------------------------------------
 Eng[-3,-2] = -9.34257526e+01
 points done 13/20
 CoordNormalMode 3 , 2 , 0
 ----------------------------------------------------------------
             Standard Nuclear Orientation (Angstroms)
    I     Atom           X                Y                Z
 ----------------------------------------------------------------
    1      N       0.0161347090     0.0006925881     0.0034190919
    2      C       1.1305630872    -0.0016771524    -0.0082795801
    3      H       2.1862391356     0.0103464573     0.0510772431
 ----------------------------------------------------------------
 Nuclear Repulsion Energy =          24.65140013 hartrees
 There are        7 alpha and        7 beta electrons

                       Distance Matrix (Angstroms)
             N (  1)   C (  2)
   C (  2)  1.114492
   H (  3)  2.170649  1.057412

 Requested basis set is cc-pVDZ
 There are 15 shells and 33 basis functions
 A cutoff of  1.0D-14 yielded    120 shell pairs
 There are       596 function pairs (       675 Cartesian)
 Smallest overlap matrix eigenvalue = 7.29E-03
 Guess MOs from SCF MO coefficient file

 -----------------------------------------------------------------------
  General SCF calculation program by
  Eric Jon Sundstrom, Paul Horn, Yuezhi Mao, Dmitri Zuev, Alec White,
  David Stuck, Shaama M.S., Shane Yost, Joonho Lee, David Small,
  Daniel Levine, Susi Lehtola, Hugh Burton, Evgeny Epifanovsky,
  Bang C. Huynh
 -----------------------------------------------------------------------
 Exchange:     0.2000 Hartree-Fock + 0.0800 Slater + 0.7200 B88
 Correlation:  0.1900 VWN1RPA + 0.8100 LYP
 Using Euler-Maclaurin-Lebedev (99,590) quadrature formula
Added inc_jk
Added qchem_hcore
Added xc
Added P-dependent contribution
 A restricted SCF calculation will be
 performed using GDM
 SCF converges when RMS gradient is below 1.0e-10
 User-specified cutoff of 10e-14
 used for neglect of 2-electron integrals.
 A cutoff of 10e-14
 used for neglect of overlap integrals.
 Incremental Fock algorithm is on at the start.
 ---------------------------------------
  Cycle       Energy        RMS Gradient
 ---------------------------------------
    1     -93.4190131922      3.07e-02   Normal BFGS step
    2     -93.4235861818      2.21e-02   Normal BFGS step
    3     -93.4242168036      2.92e-02   Normal BFGS step
    4     -93.4246149304      1.15e-02   Normal BFGS step
    5     -93.4249645595      2.14e-03   Normal BFGS step
    6     -93.4249826234      6.46e-04   Normal BFGS step
    7     -93.4249832930      2.68e-05   Normal BFGS step
    8     -93.4249832974      5.46e-06   Normal BFGS step
    9     -93.4249832976      1.48e-06   Normal BFGS step
   10     -93.4249832976      2.56e-07   Normal BFGS step
   11     -93.4249832976      3.71e-08   Normal BFGS step
   12     -93.4249832976      2.00e-08   Normal BFGS step
   13     -93.4249832976      1.00e-08   Normal BFGS step
   14     -93.4249832976      9.28e-10   Normal BFGS step
   15     -93.4249832976      4.67e-10   Normal BFGS step
   16     -93.4249832976      3.61e-10   Normal BFGS step
   17     -93.4249832976      2.34e-11  Convergence criterion met
 ---------------------------------------
 SCF time:   CPU 21.10s  wall 2.00s 
 SCF   energy =   -93.42498330
 Total energy =   -93.42498330
 Integrated density by DFT XC:
   Number of electrons = 14
   Numerical integral  =    14.000000012970
   Relative error      =     0.0000000926 %

 --------------------------------------------------------------

                    Orbital Energies (a.u.)
 --------------------------------------------------------------

 Alpha MOs
 -- Occupied --
-14.3452 -10.2347  -0.9395  -0.6066  -0.3798  -0.3718  -0.3716
 -- Virtual --
  0.0293   0.0310   0.0665   0.2012   0.4576   0.4577   0.5485   0.6751
  0.7441   0.7916   0.7929   1.0464   1.0870   1.0919   1.1081   1.1205
  1.4477   1.7487   1.7506   1.8946   1.8946   2.1360   2.5982   2.5994
  2.8659   3.1681
 --------------------------------------------------------------

          Ground-State Mulliken Net Atomic Charges

     Atom                 Charge (a.u.)
  ----------------------------------------
      1 N                    -0.062589
      2 C                    -0.013316
      3 H                     0.075905
  ----------------------------------------
  Sum of atomic charges =     0.000000

 -----------------------------------------------------------------
                    Cartesian Multipole Moments
 -----------------------------------------------------------------
    Charge (ESU x 10^10)
                -0.0000
    Dipole Moment (Debye)
         X       2.7653      Y       0.0103      Z       0.0510
       Tot       2.7658
    Quadrupole Moments (Debye-Ang)
        XX      -6.0709     XY       0.0260     YY     -11.3024
        XZ       0.1285     YZ       0.0009     ZZ     -11.2982
    Octopole Moments (Debye-Ang^2)
       XXX      -9.1052    XXY       0.0627    XYY      -7.2491
       YYY       0.0025    XXZ       0.3093    XYZ       0.0017
       YYZ       0.0041    XZZ      -7.2410    YZZ       0.0009
       ZZZ       0.0127
    Hexadecapole Moments (Debye-Ang^3)
      XXXX     -39.0814   XXXY       0.1478   XXYY     -12.9302
      XYYY      -0.0059   YYYY     -10.3794   XXXZ       0.7294
      XXYZ       0.0038   XYYZ      -0.0097   YYYZ      -0.0012
      XXZZ     -12.9121   XYZZ      -0.0018   YYZZ      -3.4617
      XZZZ      -0.0284   YZZZ      -0.0012   ZZZZ     -10.3909
 -----------------------------------------------------------------
 Eng[3,2] = -9.34249833e+01
 points done 14/20
 CoordNormalMode -4 , -1 , 0
 ----------------------------------------------------------------
             Standard Nuclear Orientation (Angstroms)
    I     Atom           X                Y                Z
 ----------------------------------------------------------------
    1      N      -0.0074578576    -0.0034190919     0.0006925881
    2      C       1.1588849209     0.0082795801    -0.0016771524
    3      H       2.1768192508    -0.0510772431     0.0103464573
 ----------------------------------------------------------------
 Nuclear Repulsion Energy =          23.86373566 hartrees
 There are        7 alpha and        7 beta electrons

                       Distance Matrix (Angstroms)
             N (  1)   C (  2)
   C (  2)  1.166404
   H (  3)  2.184818  1.019734

 Requested basis set is cc-pVDZ
 There are 15 shells and 33 basis functions
 A cutoff of  1.0D-14 yielded    120 shell pairs
 There are       596 function pairs (       675 Cartesian)
 Smallest overlap matrix eigenvalue = 7.92E-03
 Guess MOs from SCF MO coefficient file

 -----------------------------------------------------------------------
  General SCF calculation program by
  Eric Jon Sundstrom, Paul Horn, Yuezhi Mao, Dmitri Zuev, Alec White,
  David Stuck, Shaama M.S., Shane Yost, Joonho Lee, David Small,
  Daniel Levine, Susi Lehtola, Hugh Burton, Evgeny Epifanovsky,
  Bang C. Huynh
 -----------------------------------------------------------------------
 Exchange:     0.2000 Hartree-Fock + 0.0800 Slater + 0.7200 B88
 Correlation:  0.1900 VWN1RPA + 0.8100 LYP
 Using Euler-Maclaurin-Lebedev (99,590) quadrature formula
Added inc_jk
Added qchem_hcore
Added xc
Added P-dependent contribution
 A restricted SCF calculation will be
 performed using GDM
 SCF converges when RMS gradient is below 1.0e-10
 User-specified cutoff of 10e-14
 used for neglect of 2-electron integrals.
 A cutoff of 10e-14
 used for neglect of overlap integrals.
 Incremental Fock algorithm is on at the start.
 ---------------------------------------
  Cycle       Energy        RMS Gradient
 ---------------------------------------
    1     -93.4246751932      1.64e-02   Normal BFGS step
    2     -93.4259704365      3.46e-02   Normal BFGS step
    3     -93.4262492183      2.98e-02   Normal BFGS step
    4     -93.4270355231      6.82e-03   Normal BFGS step
    5     -93.4271588679      1.99e-03   Normal BFGS step
    6     -93.4271695986      2.34e-04   Normal BFGS step
    7     -93.4271697141      1.64e-05   Normal BFGS step
    8     -93.4271697162      4.86e-06   Normal BFGS step
    9     -93.4271697162      6.32e-07   Normal BFGS step
   10     -93.4271697163      1.90e-07   Normal BFGS step
   11     -93.4271697163      7.21e-08   Normal BFGS step
   12     -93.4271697163      3.44e-08   Normal BFGS step
   13     -93.4271697163      7.05e-09   Normal BFGS step
   14     -93.4271697163      1.38e-09   Normal BFGS step
   15     -93.4271697163      7.71e-10   Normal BFGS step
   16     -93.4271697163      6.28e-10   Normal BFGS step
   17     -93.4271697163      6.64e-11  Convergence criterion met
 ---------------------------------------
 SCF time:   CPU 21.15s  wall 2.00s 
 SCF   energy =   -93.42716972
 Total energy =   -93.42716972
 Integrated density by DFT XC:
   Number of electrons = 14
   Numerical integral  =    13.999999983249
   Relative error      =     0.0000001196 %

 --------------------------------------------------------------

                    Orbital Energies (a.u.)
 --------------------------------------------------------------

 Alpha MOs
 -- Occupied --
-14.3606 -10.2456  -0.9213  -0.6226  -0.3853  -0.3611  -0.3610
 -- Virtual --
  0.0095   0.0105   0.0725   0.1977   0.4599   0.4600   0.5509   0.6655
  0.7508   0.7869   0.7884   0.9904   1.0801   1.0879   1.1023   1.1056
  1.4326   1.7375   1.7394   1.8732   1.8732   2.1480   2.5700   2.5718
  2.7817   3.1418
 --------------------------------------------------------------

          Ground-State Mulliken Net Atomic Charges

     Atom                 Charge (a.u.)
  ----------------------------------------
      1 N                    -0.090138
      2 C                     0.031675
      3 H                     0.058463
  ----------------------------------------
  Sum of atomic charges =     0.000000

 -----------------------------------------------------------------
                    Cartesian Multipole Moments
 -----------------------------------------------------------------
    Charge (ESU x 10^10)
                -0.0000
    Dipole Moment (Debye)
         X       2.7220      Y      -0.0535      Z       0.0108
       Tot       2.7225
    Quadrupole Moments (Debye-Ang)
        XX      -6.2015     XY      -0.1241     YY     -11.4248
        XZ       0.0251     YZ      -0.0009     ZZ     -11.4290
    Octopole Moments (Debye-Ang^2)
       XXX      -9.4120    XXY      -0.3007    XYY      -7.3089
       YYY      -0.0230    XXZ       0.0609    XYZ      -0.0016
       YYZ       0.0016    XZZ      -7.3164    YZZ      -0.0076
       ZZZ       0.0046
    Hexadecapole Moments (Debye-Ang^3)
      XXXX     -41.5103   XXXY      -0.7058   XXYY     -13.2281
      XYYY       0.0119   YYYY     -10.6372   XXXZ       0.1430
      XXYZ      -0.0036   XYYZ      -0.0007   YYYZ       0.0012
      XXZZ     -13.2450   XYZZ       0.0041   YYZZ      -3.5438
      XZZZ      -0.0025   YZZZ       0.0012   ZZZZ     -10.6259
 -----------------------------------------------------------------
 Eng[-4,-1] = -9.34271697e+01
 points done 15/20
 CoordNormalMode 4 , 1 , 0
 ----------------------------------------------------------------
             Standard Nuclear Orientation (Angstroms)
    I     Atom           X                Y                Z
 ----------------------------------------------------------------
    1      N      -0.0037616354     0.0034190919    -0.0006925881
    2      C       1.1457584419    -0.0082795801     0.0016771524
    3      H       2.2817568794     0.0510772431    -0.0103464573
 ----------------------------------------------------------------
 Nuclear Repulsion Energy =          23.74486638 hartrees
 There are        7 alpha and        7 beta electrons

                       Distance Matrix (Angstroms)
             N (  1)   C (  2)
   C (  2)  1.149582
   H (  3)  2.286036  1.137612

 Requested basis set is cc-pVDZ
 There are 15 shells and 33 basis functions
 A cutoff of  1.0D-14 yielded    120 shell pairs
 There are       596 function pairs (       675 Cartesian)
 Smallest overlap matrix eigenvalue = 7.62E-03
 Guess MOs from SCF MO coefficient file

 -----------------------------------------------------------------------
  General SCF calculation program by
  Eric Jon Sundstrom, Paul Horn, Yuezhi Mao, Dmitri Zuev, Alec White,
  David Stuck, Shaama M.S., Shane Yost, Joonho Lee, David Small,
  Daniel Levine, Susi Lehtola, Hugh Burton, Evgeny Epifanovsky,
  Bang C. Huynh
 -----------------------------------------------------------------------
 Exchange:     0.2000 Hartree-Fock + 0.0800 Slater + 0.7200 B88
 Correlation:  0.1900 VWN1RPA + 0.8100 LYP
 Using Euler-Maclaurin-Lebedev (99,590) quadrature formula
Added inc_jk
Added qchem_hcore
Added xc
Added P-dependent contribution
 A restricted SCF calculation will be
 performed using GDM
 SCF converges when RMS gradient is below 1.0e-10
 User-specified cutoff of 10e-14
 used for neglect of 2-electron integrals.
 A cutoff of 10e-14
 used for neglect of overlap integrals.
 Incremental Fock algorithm is on at the start.
 ---------------------------------------
  Cycle       Energy        RMS Gradient
 ---------------------------------------
    1     -93.4241740491      2.48e-02   Normal BFGS step
    2     -93.4269030814      2.50e-02   Normal BFGS step
    3     -93.4261798569      3.67e-02  Line search: overstep
    4     -93.4273574447      6.57e-03   Normal BFGS step
    5     -93.4274613386      2.24e-03   Normal BFGS step
    6     -93.4274762924      6.65e-04   Normal BFGS step
    7     -93.4274776068      1.69e-04   Normal BFGS step
    8     -93.4274777099      9.45e-06   Normal BFGS step
    9     -93.4274777105      9.81e-07   Normal BFGS step
   10     -93.4274777105      2.06e-07   Normal BFGS step
   11     -93.4274777105      6.73e-08   Normal BFGS step
   12     -93.4274777105      1.59e-08   Normal BFGS step
   13     -93.4274777105      2.43e-08   Normal BFGS step
   14     -93.4274777105      1.47e-09   Normal BFGS step
   15     -93.4274777105      9.88e-10   Normal BFGS step
   16     -93.4274777105      1.80e-10   Normal BFGS step
   17     -93.4274777105      8.42e-11  Convergence criterion met
 ---------------------------------------
 SCF time:   CPU 21.12s  wall 2.00s 
 SCF   energy =   -93.42747771
 Total energy =   -93.42747771
 Integrated density by DFT XC:
   Number of electrons = 14
   Numerical integral  =    13.999999957335
   Relative error      =     0.0000003047 %

 --------------------------------------------------------------

                    Orbital Energies (a.u.)
 --------------------------------------------------------------

 Alpha MOs
 -- Occupied --
-14.3542 -10.2482  -0.9259  -0.5880  -0.3815  -0.3627  -0.3626
 -- Virtual --
  0.0171   0.0196   0.0421   0.2027   0.4596   0.4597   0.5316   0.6713
  0.7270   0.7898   0.7905   0.9631   1.0757   1.0810   1.1023   1.1032
  1.4481   1.6776   1.6796   1.8809   1.8809   1.9662   2.5286   2.5303
  2.8088   2.9649
 --------------------------------------------------------------

          Ground-State Mulliken Net Atomic Charges

     Atom                 Charge (a.u.)
  ----------------------------------------
      1 N                    -0.073577
      2 C                    -0.046294
      3 H                     0.119871
  ----------------------------------------
  Sum of atomic charges =     0.000000

 -----------------------------------------------------------------
                    Cartesian Multipole Moments
 -----------------------------------------------------------------
    Charge (ESU x 10^10)
                -0.0000
    Dipole Moment (Debye)
         X       2.8636      Y       0.0548      Z      -0.0111
       Tot       2.8641
    Quadrupole Moments (Debye-Ang)
        XX      -5.6555     XY       0.1394     YY     -11.5087
        XZ      -0.0282     YZ      -0.0009     ZZ     -11.5129
    Octopole Moments (Debye-Ang^2)
       XXX      -7.7045    XXY       0.3532    XYY      -7.5355
       YYY       0.0067    XXZ      -0.0716    XYZ      -0.0018
       YYZ      -0.0005    XZZ      -7.5442    YZZ       0.0022
       ZZZ      -0.0013
    Hexadecapole Moments (Debye-Ang^3)
      XXXX     -37.1101   XXXY       0.8589   XXYY     -13.8348
      XYYY      -0.0475   YYYY     -10.7534   XXXZ      -0.1740
      XXYZ      -0.0043   XYYZ       0.0031   YYYZ       0.0012
      XXZZ     -13.8553   XYZZ      -0.0160   YYZZ      -3.5825
      XZZZ       0.0097   YZZZ       0.0012   ZZZZ     -10.7417
 -----------------------------------------------------------------
 Eng[4,1] = -9.34274777e+01
 points done 16/20
 CoordNormalMode -4 , -2 , 0
 ----------------------------------------------------------------
             Standard Nuclear Orientation (Angstroms)
    I     Atom           X                Y                Z
 ----------------------------------------------------------------
    1      N      -0.0074578576    -0.0006925881    -0.0034190919
    2      C       1.1588849209     0.0016771524     0.0082795801
    3      H       2.1768192508    -0.0103464573    -0.0510772431
 ----------------------------------------------------------------
 Nuclear Repulsion Energy =          23.86373566 hartrees
 There are        7 alpha and        7 beta electrons

                       Distance Matrix (Angstroms)
             N (  1)   C (  2)
   C (  2)  1.166404
   H (  3)  2.184818  1.019734

 Requested basis set is cc-pVDZ
 There are 15 shells and 33 basis functions
 A cutoff of  1.0D-14 yielded    120 shell pairs
 There are       596 function pairs (       675 Cartesian)
 Smallest overlap matrix eigenvalue = 7.92E-03
 Guess MOs from SCF MO coefficient file

 -----------------------------------------------------------------------
  General SCF calculation program by
  Eric Jon Sundstrom, Paul Horn, Yuezhi Mao, Dmitri Zuev, Alec White,
  David Stuck, Shaama M.S., Shane Yost, Joonho Lee, David Small,
  Daniel Levine, Susi Lehtola, Hugh Burton, Evgeny Epifanovsky,
  Bang C. Huynh
 -----------------------------------------------------------------------
 Exchange:     0.2000 Hartree-Fock + 0.0800 Slater + 0.7200 B88
 Correlation:  0.1900 VWN1RPA + 0.8100 LYP
 Using Euler-Maclaurin-Lebedev (99,590) quadrature formula
Added inc_jk
Added qchem_hcore
Added xc
Added P-dependent contribution
 A restricted SCF calculation will be
 performed using GDM
 SCF converges when RMS gradient is below 1.0e-10
 User-specified cutoff of 10e-14
 used for neglect of 2-electron integrals.
 A cutoff of 10e-14
 used for neglect of overlap integrals.
 Incremental Fock algorithm is on at the start.
 ---------------------------------------
  Cycle       Energy        RMS Gradient
 ---------------------------------------
    1     -93.4244731989      2.60e-02   Normal BFGS step
    2     -93.4261687014      3.58e-02   Normal BFGS step
    3     -93.4258468537      3.41e-02  Line search: overstep
    4     -93.4269742779      8.39e-03   Normal BFGS step
    5     -93.4271512848      2.38e-03   Normal BFGS step
    6     -93.4271690260      4.73e-04   Normal BFGS step
    7     -93.4271695511      1.91e-04   Normal BFGS step
    8     -93.4271697160      5.62e-06   Normal BFGS step
    9     -93.4271697162      1.88e-06   Normal BFGS step
   10     -93.4271697163      3.06e-07   Normal BFGS step
   11     -93.4271697163      6.74e-08   Normal BFGS step
   12     -93.4271697163      1.55e-08   Normal BFGS step
   13     -93.4271697163      3.04e-08   Normal BFGS step
   14     -93.4271697163      6.15e-10   Normal BFGS step
   15     -93.4271697163      2.06e-10   Normal BFGS step
   16     -93.4271697163      5.69e-11  Convergence criterion met
 ---------------------------------------
 SCF time:   CPU 20.13s  wall 2.00s 
 SCF   energy =   -93.42716972
 Total energy =   -93.42716972
 Integrated density by DFT XC:
   Number of electrons = 14
   Numerical integral  =    13.999999983249
   Relative error      =     0.0000001196 %

 --------------------------------------------------------------

                    Orbital Energies (a.u.)
 --------------------------------------------------------------

 Alpha MOs
 -- Occupied --
-14.3606 -10.2456  -0.9213  -0.6226  -0.3853  -0.3611  -0.3610
 -- Virtual --
  0.0095   0.0105   0.0725   0.1977   0.4599   0.4600   0.5509   0.6655
  0.7508   0.7869   0.7884   0.9904   1.0801   1.0879   1.1023   1.1056
  1.4326   1.7375   1.7394   1.8732   1.8732   2.1480   2.5700   2.5718
  2.7817   3.1418
 --------------------------------------------------------------

          Ground-State Mulliken Net Atomic Charges

     Atom                 Charge (a.u.)
  ----------------------------------------
      1 N                    -0.090138
      2 C                     0.031675
      3 H                     0.058463
  ----------------------------------------
  Sum of atomic charges =     0.000000

 -----------------------------------------------------------------
                    Cartesian Multipole Moments
 -----------------------------------------------------------------
    Charge (ESU x 10^10)
                -0.0000
    Dipole Moment (Debye)
         X       2.7220      Y      -0.0108      Z      -0.0535
       Tot       2.7225
    Quadrupole Moments (Debye-Ang)
        XX      -6.2015     XY      -0.0251     YY     -11.4290
        XZ      -0.1241     YZ       0.0009     ZZ     -11.4248
    Octopole Moments (Debye-Ang^2)
       XXX      -9.4120    XXY      -0.0609    XYY      -7.3164
       YYY      -0.0046    XXZ      -0.3007    XYZ       0.0016
       YYZ      -0.0076    XZZ      -7.3089    YZZ      -0.0016
       ZZZ      -0.0230
    Hexadecapole Moments (Debye-Ang^3)
      XXXX     -41.5103   XXXY      -0.1430   XXYY     -13.2450
      XYYY       0.0025   YYYY     -10.6259   XXXZ      -0.7058
      XXYZ       0.0036   XYYZ       0.0041   YYYZ      -0.0012
      XXZZ     -13.2281   XYZZ       0.0007   YYZZ      -3.5438
      XZZZ       0.0119   YZZZ      -0.0012   ZZZZ     -10.6372
 -----------------------------------------------------------------
 Eng[-4,-2] = -9.34271697e+01
 points done 17/20
 CoordNormalMode 4 , 2 , 0
 ----------------------------------------------------------------
             Standard Nuclear Orientation (Angstroms)
    I     Atom           X                Y                Z
 ----------------------------------------------------------------
    1      N      -0.0037616354     0.0006925881     0.0034190919
    2      C       1.1457584419    -0.0016771524    -0.0082795801
    3      H       2.2817568794     0.0103464573     0.0510772431
 ----------------------------------------------------------------
 Nuclear Repulsion Energy =          23.74486638 hartrees
 There are        7 alpha and        7 beta electrons

                       Distance Matrix (Angstroms)
             N (  1)   C (  2)
   C (  2)  1.149582
   H (  3)  2.286036  1.137612

 Requested basis set is cc-pVDZ
 There are 15 shells and 33 basis functions
 A cutoff of  1.0D-14 yielded    120 shell pairs
 There are       596 function pairs (       675 Cartesian)
 Smallest overlap matrix eigenvalue = 7.62E-03
 Guess MOs from SCF MO coefficient file

 -----------------------------------------------------------------------
  General SCF calculation program by
  Eric Jon Sundstrom, Paul Horn, Yuezhi Mao, Dmitri Zuev, Alec White,
  David Stuck, Shaama M.S., Shane Yost, Joonho Lee, David Small,
  Daniel Levine, Susi Lehtola, Hugh Burton, Evgeny Epifanovsky,
  Bang C. Huynh
 -----------------------------------------------------------------------
 Exchange:     0.2000 Hartree-Fock + 0.0800 Slater + 0.7200 B88
 Correlation:  0.1900 VWN1RPA + 0.8100 LYP
 Using Euler-Maclaurin-Lebedev (99,590) quadrature formula
Added inc_jk
Added qchem_hcore
Added xc
Added P-dependent contribution
 A restricted SCF calculation will be
 performed using GDM
 SCF converges when RMS gradient is below 1.0e-10
 User-specified cutoff of 10e-14
 used for neglect of 2-electron integrals.
 A cutoff of 10e-14
 used for neglect of overlap integrals.
 Incremental Fock algorithm is on at the start.
 ---------------------------------------
  Cycle       Energy        RMS Gradient
 ---------------------------------------
    1     -93.4241740491      2.48e-02   Normal BFGS step
    2     -93.4269030814      2.50e-02   Normal BFGS step
    3     -93.4261798569      3.67e-02  Line search: overstep
    4     -93.4273574447      6.57e-03   Normal BFGS step
    5     -93.4274613386      2.24e-03   Normal BFGS step
    6     -93.4274762924      6.65e-04   Normal BFGS step
    7     -93.4274776068      1.69e-04   Normal BFGS step
    8     -93.4274777099      9.45e-06   Normal BFGS step
    9     -93.4274777105      9.81e-07   Normal BFGS step
   10     -93.4274777105      2.06e-07   Normal BFGS step
   11     -93.4274777105      6.73e-08   Normal BFGS step
   12     -93.4274777105      1.59e-08   Normal BFGS step
   13     -93.4274777105      2.43e-08   Normal BFGS step
   14     -93.4274777105      1.47e-09   Normal BFGS step
   15     -93.4274777105      9.88e-10   Normal BFGS step
   16     -93.4274777105      1.80e-10   Normal BFGS step
   17     -93.4274777105      8.42e-11  Convergence criterion met
 ---------------------------------------
 SCF time:   CPU 20.92s  wall 2.00s 
 SCF   energy =   -93.42747771
 Total energy =   -93.42747771
 Integrated density by DFT XC:
   Number of electrons = 14
   Numerical integral  =    13.999999957335
   Relative error      =     0.0000003047 %

 --------------------------------------------------------------

                    Orbital Energies (a.u.)
 --------------------------------------------------------------

 Alpha MOs
 -- Occupied --
-14.3542 -10.2482  -0.9259  -0.5880  -0.3815  -0.3627  -0.3626
 -- Virtual --
  0.0171   0.0196   0.0421   0.2027   0.4596   0.4597   0.5316   0.6713
  0.7270   0.7898   0.7905   0.9631   1.0757   1.0810   1.1023   1.1032
  1.4481   1.6776   1.6796   1.8809   1.8809   1.9662   2.5286   2.5303
  2.8088   2.9649
 --------------------------------------------------------------

          Ground-State Mulliken Net Atomic Charges

     Atom                 Charge (a.u.)
  ----------------------------------------
      1 N                    -0.073577
      2 C                    -0.046294
      3 H                     0.119871
  ----------------------------------------
  Sum of atomic charges =     0.000000

 -----------------------------------------------------------------
                    Cartesian Multipole Moments
 -----------------------------------------------------------------
    Charge (ESU x 10^10)
                -0.0000
    Dipole Moment (Debye)
         X       2.8636      Y       0.0111      Z       0.0548
       Tot       2.8641
    Quadrupole Moments (Debye-Ang)
        XX      -5.6555     XY       0.0282     YY     -11.5129
        XZ       0.1394     YZ       0.0009     ZZ     -11.5087
    Octopole Moments (Debye-Ang^2)
       XXX      -7.7045    XXY       0.0716    XYY      -7.5442
       YYY       0.0013    XXZ       0.3532    XYZ       0.0018
       YYZ       0.0022    XZZ      -7.5355    YZZ       0.0005
       ZZZ       0.0067
    Hexadecapole Moments (Debye-Ang^3)
      XXXX     -37.1101   XXXY       0.1740   XXYY     -13.8553
      XYYY      -0.0097   YYYY     -10.7417   XXXZ       0.8589
      XXYZ       0.0043   XYYZ      -0.0160   YYYZ      -0.0012
      XXZZ     -13.8348   XYZZ      -0.0031   YYZZ      -3.5825
      XZZZ      -0.0475   YZZZ      -0.0012   ZZZZ     -10.7534
 -----------------------------------------------------------------
 Eng[4,2] = -9.34274777e+01
 points done 18/20
 CoordNormalMode -4 , -3 , 0
 ----------------------------------------------------------------
             Standard Nuclear Orientation (Angstroms)
    I     Atom           X                Y                Z
 ----------------------------------------------------------------
    1      N      -0.0292023131    -0.0000000000    -0.0000000000
    2      C       1.1806435151     0.0000000000     0.0000000000
    3      H       2.2198681803    -0.0000000000    -0.0000000000
 ----------------------------------------------------------------
 Nuclear Repulsion Energy =          23.07270792 hartrees
 There are        7 alpha and        7 beta electrons

                       Distance Matrix (Angstroms)
             N (  1)   C (  2)
   C (  2)  1.209846
   H (  3)  2.249070  1.039225

 Requested basis set is cc-pVDZ
 There are 15 shells and 33 basis functions
 A cutoff of  1.0D-14 yielded    120 shell pairs
 There are       596 function pairs (       675 Cartesian)
 Smallest overlap matrix eigenvalue = 8.39E-03
 Guess MOs from SCF MO coefficient file

 -----------------------------------------------------------------------
  General SCF calculation program by
  Eric Jon Sundstrom, Paul Horn, Yuezhi Mao, Dmitri Zuev, Alec White,
  David Stuck, Shaama M.S., Shane Yost, Joonho Lee, David Small,
  Daniel Levine, Susi Lehtola, Hugh Burton, Evgeny Epifanovsky,
  Bang C. Huynh
 -----------------------------------------------------------------------
 Exchange:     0.2000 Hartree-Fock + 0.0800 Slater + 0.7200 B88
 Correlation:  0.1900 VWN1RPA + 0.8100 LYP
 Using Euler-Maclaurin-Lebedev (99,590) quadrature formula
Added inc_jk
Added qchem_hcore
Added xc
Added P-dependent contribution
 A restricted SCF calculation will be
 performed using GDM
 SCF converges when RMS gradient is below 1.0e-10
 User-specified cutoff of 10e-14
 used for neglect of 2-electron integrals.
 A cutoff of 10e-14
 used for neglect of overlap integrals.
 Incremental Fock algorithm is on at the start.
 ---------------------------------------
  Cycle       Energy        RMS Gradient
 ---------------------------------------
    1     -93.4197288288      2.14e-02   Normal BFGS step
    2     -93.4210331998      5.48e-02   Normal BFGS step
    3     -93.4216271470      3.97e-02   Normal BFGS step
    4     -93.4231954408      7.64e-03   Normal BFGS step
    5     -93.4233811607      2.79e-03   Normal BFGS step
    6     -93.4234005026      2.39e-04   Normal BFGS step
    7     -93.4234008425      6.07e-05   Normal BFGS step
    8     -93.4234008558      1.01e-05   Normal BFGS step
    9     -93.4234008559      7.26e-07   Normal BFGS step
   10     -93.4234008559      2.45e-07   Normal BFGS step
   11     -93.4234008559      1.43e-07   Normal BFGS step
   12     -93.4234008559      8.88e-08   Normal BFGS step
   13     -93.4234008559      9.70e-09   Normal BFGS step
   14     -93.4234008559      1.84e-09   Normal BFGS step
   15     -93.4234008559      8.53e-10   Normal BFGS step
   16     -93.4234008559      4.44e-10   Normal BFGS step
   17     -93.4234008559      4.99e-11  Convergence criterion met
 ---------------------------------------
 SCF time:   CPU 19.79s  wall 2.00s 
 SCF   energy =   -93.42340086
 Total energy =   -93.42340086
 Integrated density by DFT XC:
   Number of electrons = 14
   Numerical integral  =    14.000000012876
   Relative error      =     0.0000000920 %

 --------------------------------------------------------------

                    Orbital Energies (a.u.)
 --------------------------------------------------------------

 Alpha MOs
 -- Occupied --
-14.3719 -10.2574  -0.9053  -0.6210  -0.3884  -0.3520  -0.3520
 -- Virtual --
 -0.0043  -0.0043   0.0643   0.1948   0.4621   0.4621   0.5420   0.6575
  0.7452   0.7838   0.7838   0.9323   1.0669   1.0669   1.1007   1.1007
  1.4269   1.7028   1.7028   1.8565   1.8565   2.0643   2.5237   2.5237
  2.7199   3.0255
 --------------------------------------------------------------

          Ground-State Mulliken Net Atomic Charges

     Atom                 Charge (a.u.)
  ----------------------------------------
      1 N                    -0.106366
      2 C                     0.031244
      3 H                     0.075122
  ----------------------------------------
  Sum of atomic charges =     0.000000

 -----------------------------------------------------------------
                    Cartesian Multipole Moments
 -----------------------------------------------------------------
    Charge (ESU x 10^10)
                -0.0000
    Dipole Moment (Debye)
         X       2.7469      Y      -0.0000      Z      -0.0000
       Tot       2.7469
    Quadrupole Moments (Debye-Ang)
        XX      -6.0582     XY      -0.0000     YY     -11.5876
        XZ      -0.0000     YZ      -0.0000     ZZ     -11.5876
    Octopole Moments (Debye-Ang^2)
       XXX      -8.9103    XXY      -0.0000    XYY      -7.4869
       YYY      -0.0000    XXZ      -0.0000    XYZ      -0.0000
       YYZ      -0.0000    XZZ      -7.4869    YZZ      -0.0000
       ZZZ      -0.0000
    Hexadecapole Moments (Debye-Ang^3)
      XXXX     -41.9758   XXXY      -0.0000   XXYY     -13.8532
      XYYY      -0.0000   YYYY     -10.9104   XXXZ      -0.0000
      XXYZ      -0.0000   XYYZ      -0.0000   YYYZ      -0.0000
      XXZZ     -13.8532   XYZZ      -0.0000   YYZZ      -3.6368
      XZZZ      -0.0000   YZZZ      -0.0000   ZZZZ     -10.9104
 -----------------------------------------------------------------
 Eng[-4,-3] = -9.34234009e+01
 points done 19/20
 CoordNormalMode 4 , 3 , 0
 ----------------------------------------------------------------
             Standard Nuclear Orientation (Angstroms)
    I     Atom           X                Y                Z
 ----------------------------------------------------------------
    1      N       0.0179828201     0.0000000000     0.0000000000
    2      C       1.1239998477    -0.0000000000    -0.0000000000
    3      H       2.2387079499     0.0000000000     0.0000000000
 ----------------------------------------------------------------
 Nuclear Repulsion Energy =          24.61139574 hartrees
 There are        7 alpha and        7 beta electrons

                       Distance Matrix (Angstroms)
             N (  1)   C (  2)
   C (  2)  1.106017
   H (  3)  2.220725  1.114708

 Requested basis set is cc-pVDZ
 There are 15 shells and 33 basis functions
 A cutoff of  1.0D-14 yielded    120 shell pairs
 There are       596 function pairs (       675 Cartesian)
 Smallest overlap matrix eigenvalue = 7.12E-03
 Guess MOs from SCF MO coefficient file

 -----------------------------------------------------------------------
  General SCF calculation program by
  Eric Jon Sundstrom, Paul Horn, Yuezhi Mao, Dmitri Zuev, Alec White,
  David Stuck, Shaama M.S., Shane Yost, Joonho Lee, David Small,
  Daniel Levine, Susi Lehtola, Hugh Burton, Evgeny Epifanovsky,
  Bang C. Huynh
 -----------------------------------------------------------------------
 Exchange:     0.2000 Hartree-Fock + 0.0800 Slater + 0.7200 B88
 Correlation:  0.1900 VWN1RPA + 0.8100 LYP
 Using Euler-Maclaurin-Lebedev (99,590) quadrature formula
Added inc_jk
Added qchem_hcore
Added xc
Added P-dependent contribution
 A restricted SCF calculation will be
 performed using GDM
 SCF converges when RMS gradient is below 1.0e-10
 User-specified cutoff of 10e-14
 used for neglect of 2-electron integrals.
 A cutoff of 10e-14
 used for neglect of overlap integrals.
 Incremental Fock algorithm is on at the start.
 ---------------------------------------
  Cycle       Energy        RMS Gradient
 ---------------------------------------
    1     -93.4147316254      3.42e-02   Normal BFGS step
    2     -93.4186483247      5.00e-02   Normal BFGS step
    3     -93.4203637392      3.29e-02   Normal BFGS step
    4     -93.4216118248      1.41e-02   Normal BFGS step
    5     -93.4221337280      2.78e-03   Normal BFGS step
    6     -93.4221543274      4.76e-04   Normal BFGS step
    7     -93.4221548663      2.47e-05   Normal BFGS step
    8     -93.4221548715      7.13e-06   Normal BFGS step
    9     -93.4221548716      4.03e-07   Normal BFGS step
   10     -93.4221548716      3.78e-08   Normal BFGS step
   11     -93.4221548716      2.19e-08   Normal BFGS step
   12     -93.4221548716      1.21e-08   Normal BFGS step
   13     -93.4221548716      5.43e-10   Normal BFGS step
   14     -93.4221548716      2.12e-10   Normal BFGS step
   15     -93.4221548716      1.75e-10   Normal BFGS step
   16     -93.4221548716      9.85e-12  Convergence criterion met
 ---------------------------------------
 SCF time:   CPU 7.52s  wall 2.00s 
 SCF   energy =   -93.42215487
 Total energy =   -93.42215487
 Integrated density by DFT XC:
   Number of electrons = 14
   Numerical integral  =    13.999999996320
   Relative error      =     0.0000000263 %

 --------------------------------------------------------------

                    Orbital Energies (a.u.)
 --------------------------------------------------------------

 Alpha MOs
 -- Occupied --
-14.3419 -10.2359  -0.9418  -0.5898  -0.3777  -0.3728  -0.3728
 -- Virtual --
  0.0356   0.0356   0.0494   0.2030   0.4575   0.4575   0.5363   0.6788
  0.7335   0.7932   0.7932   1.0498   1.0950   1.0950   1.0975   1.0975
  1.4560   1.7221   1.7221   1.8978   1.8978   2.0411   2.5815   2.5815
  2.8767   3.1047
 --------------------------------------------------------------

          Ground-State Mulliken Net Atomic Charges

     Atom                 Charge (a.u.)
  ----------------------------------------
      1 N                    -0.052873
      2 C                    -0.051884
      3 H                     0.104757
  ----------------------------------------
  Sum of atomic charges =     0.000000

 -----------------------------------------------------------------
                    Cartesian Multipole Moments
 -----------------------------------------------------------------
    Charge (ESU x 10^10)
                 0.0000
    Dipole Moment (Debye)
         X       2.8359      Y      -0.0000      Z      -0.0000
       Tot       2.8359
    Quadrupole Moments (Debye-Ang)
        XX      -5.7978     XY      -0.0000     YY     -11.3399
        XZ       0.0000     YZ       0.0000     ZZ     -11.3399
    Octopole Moments (Debye-Ang^2)
       XXX      -8.2572    XXY      -0.0000    XYY      -7.3575
       YYY      -0.0000    XXZ      -0.0000    XYZ       0.0000
       YYZ      -0.0000    XZZ      -7.3575    YZZ      -0.0000
       ZZZ      -0.0000
    Hexadecapole Moments (Debye-Ang^3)
      XXXX     -36.9180   XXXY      -0.0000   XXYY     -13.2248
      XYYY      -0.0000   YYYY     -10.4296   XXXZ       0.0000
      XXYZ       0.0000   XYYZ      -0.0000   YYYZ       0.0000
      XXZZ     -13.2248   XYZZ      -0.0000   YYZZ      -3.4765
      XZZZ      -0.0000   YZZZ       0.0000   ZZZZ     -10.4296
 -----------------------------------------------------------------
 Eng[4,3] = -9.34221549e+01
 points done 20/20
 derivatives time:           CPU  514.98 s  wall   51.68 s
 ======================================================================
 ======================================================================
      ANHARMONIC CUBIC & QUARTIC FORCE FIELD (CM**-1)                  
 ______________________________________________________________________
 Eta[1,1,1]=-0.00,
 Eta[1,1,1,1]=1094.12,
 Eta[1,1,2]=-0.00,
 Eta[1,1,1,2]=-0.38,
 Eta[1,1,2,2]=362.95,
 Eta[1,1,3]=-200.63,
 Eta[1,1,1,3]=0.00,
 Eta[1,1,3,3]=-58.05,
 Eta[1,1,4]=1086.82,
 Eta[1,1,1,4]=-0.00,
 Eta[1,1,4,4]=-938.43,
 Eta[2,2,2]=-0.00,
 Eta[2,2,2,2]=1094.12,
 Eta[2,2,1]=-0.00,
 Eta[2,2,2,1]=0.38,
 Eta[2,2,3]=-200.63,
 Eta[2,2,2,3]=0.00,
 Eta[2,2,3,3]=-58.05,
 Eta[2,2,4]=1086.82,
 Eta[2,2,2,4]=-0.00,
 Eta[2,2,4,4]=-938.43,
 Eta[3,3,3]=627.47,
 Eta[3,3,3,3]=151.41,
 Eta[3,3,1]=0.00,
 Eta[3,3,3,1]=-0.00,
 Eta[3,3,2]=0.00,
 Eta[3,3,3,2]=-0.00,
 Eta[3,3,4]=105.61,
 Eta[3,3,3,4]=39.36,
 Eta[3,3,4,4]=59.57,
 Eta[4,4,4]=-1859.67,
 Eta[4,4,4,4]=946.74,
 Eta[4,4,1]=0.00,
 Eta[4,4,4,1]=-0.00,
 Eta[4,4,2]=-0.00,
 Eta[4,4,4,2]=-0.00,
 Eta[4,4,3]=470.02,
 Eta[4,4,4,3]=-203.76,
 ----------------------------------------------------------------
             Standard Nuclear Orientation (Angstroms)
    I     Atom           X                Y                Z
 ----------------------------------------------------------------
    1      N      -0.0056097465     0.0000000000     0.0000000000
    2      C       1.1523216814     0.0000000000     0.0000000000
    3      H       2.2292880651     0.0000000000     0.0000000000
 ----------------------------------------------------------------
 Nuclear Repulsion Energy =          23.79970098 hartrees
 There are        7 alpha and        7 beta electrons

 = Finishing finite difference calculation for ANHAR =
 =====================================================
 =====================================================
 Requested basis set is cc-pVDZ
 There are 15 shells and 33 basis functions

 Mass-Weighted Hessian Matrix:


     0.092118    0.000000    0.000000   -0.100700   -0.000000   -0.000000
     0.000000    0.001022    0.000000   -0.000000   -0.002290   -0.000000
     0.000000    0.000000    0.001022   -0.000000   -0.000000   -0.002290
    -0.100700   -0.000000   -0.000000    0.143806    0.000000    0.000000
    -0.000000   -0.002290   -0.000000    0.000000    0.005133    0.000000
    -0.000000   -0.000000   -0.002290    0.000000    0.000000    0.005133
     0.004106   -0.000000   -0.000000   -0.120860    0.000000    0.000000
     0.000000    0.004094    0.000000   -0.000000   -0.009176   -0.000000
     0.000000    0.000000    0.004094   -0.000000   -0.000000   -0.009176


     0.004106    0.000000    0.000000
    -0.000000    0.004094    0.000000
    -0.000000    0.000000    0.004094
    -0.120860   -0.000000   -0.000000
     0.000000   -0.009176   -0.000000
     0.000000   -0.000000   -0.009176
     0.401738   -0.000000   -0.000000
    -0.000000    0.016404    0.000000
    -0.000000    0.000000    0.016404

 Vectors for Translations and Rotations


     0.720016    0.000000    0.000000    0.000000    0.000000   -0.000000
     0.000000    0.720016    0.000000    0.000000    0.000000   -0.660531
     0.000000    0.000000    0.720016    0.000000    0.660531   -0.000000
     0.666532    0.000000    0.000000    0.000000    0.000000    0.000000
     0.000000    0.666532    0.000000    0.000000    0.000000    0.572903
     0.000000    0.000000    0.666532    0.000000   -0.572903    0.000000
     0.193163    0.000000    0.000000    0.000000    0.000000    0.000000
     0.000000    0.193163    0.000000    0.000000    0.000000    0.485263
     0.000000    0.000000    0.193163    0.000000   -0.485263    0.000000

 The Projection Matrix


     0.481577    0.000000    0.000000   -0.479914    0.000000    0.000000
     0.000000    0.045275    0.000000    0.000000   -0.101493    0.000000
     0.000000    0.000000    0.045275    0.000000    0.000000   -0.101493
    -0.479914    0.000000    0.000000    0.555735    0.000000    0.000000
     0.000000   -0.101493    0.000000    0.000000    0.227517    0.000000
     0.000000    0.000000   -0.101493    0.000000    0.000000    0.227517
    -0.139080    0.000000    0.000000   -0.128749    0.000000    0.000000
     0.000000    0.181451    0.000000    0.000000   -0.406758    0.000000
     0.000000    0.000000    0.181451    0.000000    0.000000   -0.406758


    -0.139080    0.000000    0.000000
     0.000000    0.181451    0.000000
     0.000000    0.000000    0.181451
    -0.128749    0.000000    0.000000
     0.000000   -0.406758    0.000000
     0.000000    0.000000   -0.406758
     0.962688    0.000000    0.000000
     0.000000    0.727208    0.000000
     0.000000    0.000000    0.727208

 Translations and Rotations Projected Out of Hessian

 Projected Mass-Weighted Hessian Matrix:


     0.092118    0.000000    0.000000   -0.100700   -0.000000   -0.000000
     0.000000    0.001021    0.000000   -0.000000   -0.002289   -0.000000
     0.000000    0.000000    0.001021   -0.000000   -0.000000   -0.002289
    -0.100700   -0.000000   -0.000000    0.143806    0.000000    0.000000
    -0.000000   -0.002289   -0.000000    0.000000    0.005132    0.000000
    -0.000000   -0.000000   -0.002289    0.000000    0.000000    0.005132
     0.004106   -0.000000   -0.000000   -0.120860    0.000000    0.000000
     0.000000    0.004093    0.000000   -0.000000   -0.009176   -0.000000
     0.000000    0.000000    0.004093   -0.000000   -0.000000   -0.009176


     0.004106    0.000000    0.000000
    -0.000000    0.004093    0.000000
    -0.000000    0.000000    0.004093
    -0.120860   -0.000000   -0.000000
     0.000000   -0.009176   -0.000000
     0.000000   -0.000000   -0.009176
     0.401738   -0.000000   -0.000000
    -0.000000    0.016404    0.000000
    -0.000000    0.000000    0.016404

 Eigenvectors of Proj. Mass-Weighted Hessian Matrix:


    -0.000722   -0.446044    0.461085    0.271912   -0.181472   -0.000000
    -0.000924   -0.021805   -0.498735    0.838831    0.043289    0.208544
    -0.346333    0.689904    0.505669    0.314982    0.062414   -0.042244
    -0.000668   -0.412911    0.426835    0.251714   -0.167992    0.000000
    -0.001870   -0.189858    0.078973    0.119344    0.846140   -0.467493
     0.779267    0.305923    0.225401    0.141307    0.029397    0.094698
    -0.000194   -0.119663    0.123698    0.072948   -0.048685    0.000000
    -0.000815   -0.100755    0.168616   -0.142549    0.462481    0.835790
     0.522293   -0.001028   -0.000097    0.000446    0.000870   -0.169302


    -0.000000    0.683560    0.119678
     0.042244    0.000000   -0.000000
     0.208544    0.000000    0.000000
     0.000000   -0.633196   -0.393444
    -0.094698   -0.000000    0.000000
    -0.467493   -0.000000   -0.000000
     0.000000   -0.363055    0.911526
     0.169302    0.000000   -0.000000
     0.835790    0.000000    0.000000

 Vibrational Frequencies in atomic units
    -0.0000000000   -0.0000000000   -0.0000000000    0.0000000000    0.0000000000    0.0225580450
     0.0225580450    0.1832182351    0.4544440755
 Vibrational Electric Transition dipole:  1     -0.00000000000000    0.18334105113573   -0.03713846404247
 Vibrational Electric Transition dipole:  2     -0.00000000000000    0.03713846404247    0.18334105113572
 Vibrational Electric Transition dipole:  3     -0.04571817759282   -0.00000000000000    0.00000000000000
 Vibrational Electric Transition dipole:  4      0.25469254303749   -0.00000000000000    0.00000000000000
 **********************************************************************
 **                                                                  **
 **                       VIBRATIONAL ANALYSIS                       **
 **                       --------------------                       **
 **                                                                  **
 **        VIBRATIONAL FREQUENCIES (CM**-1) AND NORMAL MODES         **
 **     FORCE CONSTANTS (mDYN/ANGSTROM) AND REDUCED MASSES (AMU)     **
 **                  INFRARED INTENSITIES (KM/MOL)                   **
 **                                                                  **
 **********************************************************************


 Mode:                 1                      2                      3
 Frequency:       772.07                 772.07                2200.34
 Force Cnst:      0.4722                 0.4722                14.4385
 Red. Mass:       1.3445                 1.3445                 5.0616
 IR Active:          YES                    YES                    YES
 IR Intens:       34.114                 34.114                  2.038
 Raman Active:       YES                    YES                    YES
               X      Y      Z        X      Y      Z        X      Y      Z
 N         -0.000  0.065 -0.013   -0.000  0.013  0.065    0.411  0.000  0.000
 C          0.000 -0.156  0.032    0.000 -0.032 -0.156   -0.411 -0.000 -0.000
 H          0.000  0.965 -0.196    0.000  0.196  0.965   -0.814  0.000  0.000
 TransDip  -0.000  0.183 -0.037   -0.000  0.037  0.183   -0.046 -0.000  0.000

 Mode:                 4
 Frequency:      3465.34
 Force Cnst:      8.4395
 Red. Mass:       1.1928
 IR Active:          YES
 IR Intens:       63.239
 Raman Active:       YES
               X      Y      Z        X      Y      Z        X      Y      Z
 N          0.035 -0.000  0.000
 C         -0.124  0.000 -0.000
 H          0.992 -0.000  0.000
 TransDip   0.255 -0.000  0.000

 ======================================================================
                     VIBRATIONAL ANHARMONIC ANALYSIS                   
                     -------------------------------                   
 WARNING! Low frequency modes less than  300 are treated as rotation
 No anharmonic shift applied, please see IGNORE_LOW_FREQ for more details.
 WARNING! THESE RESULTS ARE CALCULATED WTIHOUT Eta_ijk AND Eta_ijkl
                                                                       
 TOSH[ 1]   745.42    VPT2[ 1]   745.42
 TOSH[ 2]   745.42    VPT2[ 2]   745.42
 TOSH[ 3]  2170.30    VPT2[ 3]  2172.19
 TOSH[ 4]  3267.33    VPT2[ 4]  3313.88

 ======================================================================

 STANDARD THERMODYNAMIC QUANTITIES AT   298.15 K  AND     1.00 ATM

   This Molecule has  0 Imaginary Frequencies
   Zero point vibrational energy:       10.307 kcal/mol

   Atom    1 Element N  Has Mass   14.00307
   Atom    2 Element C  Has Mass   12.00000
   Atom    3 Element H  Has Mass    1.00783
   Molecular Mass:    27.010900 amu
   Principal axes and moments of inertia in amu*Bohr^2:
                             1           2           3
    Eigenvalues --        0.00000    40.96099    40.96099
          X               1.00000     0.00000     0.00000
          Y               0.00000     1.00000     0.00000
          Z               0.00000     0.00000     1.00000
   Rotational Symmetry Number is   1
   The Molecule is a Symmetric Top
   Translational Enthalpy:        0.889 kcal/mol
   Rotational Enthalpy:           0.889 kcal/mol
   Vibrational Enthalpy:         10.416 kcal/mol
   gas constant (RT):             0.592 kcal/mol
   Translational Entropy:        35.816  cal/mol.K
   Rotational Entropy:          -42.776  cal/mol.K
   Vibrational Entropy:           0.463  cal/mol.K

   Total Enthalpy:               12.786 kcal/mol
   Total Entropy:                -6.497  cal/mol.K

 ======================================================================

 STANDARD THERMODYNAMIC QUANTITIES FOR ANHARMONIC VIBRATION -- TOSH

   Zero point vibrational energy:        9.905 kcal/mol

   Vibrational Enthalpy:         10.025 kcal/mol
   Vibrational Entropy:           0.514  cal/mol.K

   Total Enthalpy:               12.395 kcal/mol
   Total Entropy:                -6.446  cal/mol.K

 ======================================================================

 STANDARD THERMODYNAMIC QUANTITIES FOR ANHARMONIC VIBRATION -- VPT2

   Zero point vibrational energy:        9.974 kcal/mol

   Vibrational Enthalpy:         10.094 kcal/mol
   Vibrational Entropy:           0.514  cal/mol.K

   Total Enthalpy:               12.464 kcal/mol
   Total Entropy:                -6.446  cal/mol.K

 ======================================================================

 Total job time:  56.15s(wall), 558.84s(cpu) 
 Mon Feb 23 14:48:14 2026

        *************************************************************
        *                                                           *
        *  Thank you very much for using Q-Chem.  Have a nice day.  *
        *                                                           *
        *************************************************************


