                  Welcome to Q-Chem
     A Quantum Leap Into The Future Of Chemistry


 Q-Chem 6.3 (devel), Q-Chem, Inc., Pleasanton, CA (2025)

 E. Epifanovsky,  A. T. B. Gilbert,  Xintian Feng,  Joonho Lee,  Yuezhi Mao,  
 N. Mardirossian,  P. Pokhilko,  A. White,  M. Wormit,  M. P. Coons,  
 A. L. Dempwolff,  Zhengting Gan,  D. Hait,  P. R. Horn,  L. D. Jacobson,  
 I. Kaliman,  J. Kussmann,  A. W. Lange,  Ka Un Lao,  D. S. Levine,  Jie Liu,  
 S. C. McKenzie,  A. F. Morrison,  K. D. Nanda,  F. Plasser,  D. R. Rehn,  
 M. L. Vidal,  Zhi-Qiang You,  Ying Zhu,  Huseyin Aksu,  B. Alam,  
 B. Albrecht,  A. Aldossary,  E. Alguire,  J. H. Andersen,  
 J. E. Arias-Martinez,  V. Athavale,  F. Ballesteros,  D. Barton,  K. Begam,  
 A. Behn,  N. Bellonzi,  Y. A. Bernard,  E. J. Berquist,  H. Burton,  
 S. Camps,  A. Carreras,  K. Carter-Fenk,  Mathew Chow,  Romit Chakraborty,  
 Chandrima Chakravarty,  Junhan Chen,  A. D. Chien,  K. D. Closser,  
 V. Cofer-Shabica,  L. Cunha,  S. Dasgupta,  Jia Deng,  Joseph Dickinson,  
 M. de Wergifosse,  M. Diedenhofen,  L. B. Dittmer,  Hainam Do,  Wenjie Dou,  
 S. Ehlert,  Po-Tung Fang,  S. Fatehi,  Qingguo Feng,  Jonathan Fetherolf,  
 T. Friedhoff,  Thomas Froitzheim,  Sarai Folkestad,  B. Ganoe,  J. Gayvert,  
 Qinghui Ge,  G. Gidofalvi,  M. Gimferrer,  G. Giudetti,  M. Goldey,  
 Montgomery Gray,  J. Gomes,  C. Gonzalez-Espinoza,  S. Gulania,  A. Gunina,  
 J. A. Gyamfi,  M. W. D. Hanson-Heine,  P. H. P. Harbach,  A. W. Hauser,  
 M. F. Herbst,  M. Hernandez Vera,  M. Hodecker,  Z. C. Holden,  S. Houck,  
 Xunkun Huang,  Kerwin Hui,  B. C. Huynh,  K. Ikeda,  M. Ivanov,  
 Nayanthara K. Jayadev,  Hyunjun Ji,  Zuxin Jin,  Hanjie Jiang,  
 Subrata Jana,  B. Kaduk,  S. Kaehler,  R. Kang,  Richard Kang,  
 K. Khistyaev,  Jaehoon Kim,  Yongbin Kim,  P. Klunzinger,  Z. Koczor-Benda,  
 Joong Hoon Koh,  D. Kosenkov,  Saikiran Kotaru,  L. Koulias,  T. Kowalczyk,  
 C. M. Krauter,  K. Kue,  A. Kunitsa,  T. Kus,  A. Landau,  C. W. Lander,  
 K. V. Lawler,  D. Lefrancois,  S. Lehtola,  Rain Li,  Shaozhi Li,  
 Tao E. Li,  Yi-Pei Li,  Jiashu Liang,  M. Liebenthal,  Hung-Hsuan Lin,  
 You-Sheng Lin,  Fenglai Liu,  Kuan-Yu Liu,  Xiao Liu,  M. Loipersberger,  
 A. Luenser,  C. Malbon,  Aniket Mandal,  Manisha,  A. Manjanath,  
 P. Manohar,  E. Mansoor,  S. F. Manzer,  Shan-Ping Mao,  A. V. Marenich,  
 T. Markovich,  S. Mason,  F. Matz,  S. A. Maurer,  Samuel May,  
 Alexandra McIsaac,  P. F. McLaughlin,  M. F. S. J. Menger,  J.-M. Mewes,  
 S. A. Mewes,  R. E. Moorby,  P. Morgante,  Mohammad Mostafanejad,  
 Madhubani Mukherjee,  J. W. Mullinax,  Quyen Nguyen,  Avik Kumar Ojha,  
 K. J. Oosterbaan,  Eno Paenurk,  Xiaoliang Pan,  G. Paran,  V. Parravicini,  
 R. L. Patterson,  Alexander C. Paul,  Suranjan K. Paul,  F. Pavosevic,  
 Zheng Pei,  P. Pokhilko,  S. Prager,  E. I. Proynov,  E. Ramos,  B. Rana,  
 A. E. Rask,  A. Rettig,  R. M. Richard,  F. Rob,  E. Rossomme,  S. Roy,  
 T. Scheele,  M. Scheurer,  M. Schneider,  P. E. Schneider,  Tim K. Schramm,  
 N. Sergueev,  S. M. Sharada,  Hengyuan Shen,  W. Skomorowski,  D. W. Small,  
 C. J. Stein,  Alistair J. Sterling,  Yingli Su,  Yu-Chuan Su,  
 E. J. Sundstrom,  J. Talbot,  J. A. Tan,  Zhen Tao,  Hung-Hsuan Teh,  
 J. Thirman,  C. Titeca,  N. Tkachenko,  Hung-Yi Tsai,  T. Tsuchimochi,  
 N. M. Tubman,  C. Utku,  S. P. Veccham,  O. Vydrov,  Z. Wang,  Rahel Weiss,  
 J. Wenzel,  Jonathan Wong,  J. Witte,  H. Wu,  Yanze Wu,  A. Yamada,  
 Chou-Hsun Yang,  Kun Yao,  S. Yeganeh,  S. R. Yost,  Qi Yu,  A. Zech,  
 F. Zeller,  Chongxiao Zhao,  T. Zhao,  Igor Ying Zhang,  Xing Zhang,  
 Yu Zhang,  D. Zuev,  A. Aspuru-Guzik,  A. T. Bell,  N. A. Besley,  
 K. B. Bravaya,  B. R. Brooks,  D. Casanova,  Jeng-Da Chai,  Hsing-Ta Chen,  
 S. Coriani,  C. J. Cramer,  A. E. DePrince, III,  R. A. DiStasio Jr.,  
 A. Dreuw,  B. D. Dunietz,  T. R. Furlani,  W. A. Goddard III,  S. Grimme,  
 S. Hammes-Schiffer,  T. Head-Gordon,  W. J. Hehre,  Chao-Ping Hsu,  
 T.-C. Jagau,  Yousung Jung,  A. Klamt,  Jing Kong,  D. S. Lambrecht,  
 Xiangyuan Li,  WanZhen Liang,  N. J. Mayhall,  C. W. McCurdy,  J. B. Neaton,  
 T. Neudecker,  C. Ochsenfeld,  J. A. Parkhill,  R. Peverati,  
 V. A. Rassolov,  Haisheng Ren,  Yihan Shao,  L. V. Slipchenko,  
 R. P. Steele,  J. E. Subotnik,  A. J. W. Thom,  A. Tkatchenko,  
 D. G. Truhlar,  T. Van Voorhis,  Fan Wang,  T. A. Wesolowski,  K. B. Whaley,  
 H. L. Woodcock III,  P. M. Zimmerman,  S. Faraji,  P. M. W. Gill,  
 M. Head-Gordon,  J. M. Herbert,  A. I. Krylov

 Contributors to earlier versions of Q-Chem not listed above: 
 R. D. Adamson,  B. Austin,  R. Baer,  J. Baker,  G. J. O. Beran,  
 K. Brandhorst,  S. T. Brown,  E. F. C. Byrd,  Arup K. Chakraborty,  
 G. K. L. Chan,  Chun-Min Chang,  Yunqing Chen,  C.-L. Cheng,  
 Siu Hung Chien,  D. M. Chipman,  D. L. Crittenden,  H. Dachsel,  
 R. J. Doerksen,  A. D. Dutoi,  R. G. Edgar,  J. Fosso-Tande,  
 L. Fusti-Molnar,  D. Ghosh,  A. Ghysels,  A. Golubeva-Zadorozhnaya,  
 J. Gonthier,  M. S. Gordon,  S. R. Gwaltney,  G. Hawkins,  J. E. Herr,  
 A. Heyden,  S. Hirata,  E. G. Hohenstein,  G. Kedziora,  F. J. Keil,  
 C. Kelley,  Jihan Kim,  R. A. King,  R. Z. Khaliullin,  P. P. Korambath,  
 W. Kurlancheek,  A. Laurent,  A. M. Lee,  M. S. Lee,  S. V. Levchenko,  
 Ching Yeh Lin,  D. Liotard,  E. Livshits,  R. C. Lochan,  I. Lotan,  
 L. A. Martinez-Martinez,  P. E. Maslen,  N. Nair,  D. P. O'Neill,  
 D. Neuhauser,  E. Neuscamman,  C. M. Oana,  R. Olivares-Amaya,  R. Olson,  
 T. M. Perrine,  B. Peters,  P. A. Pieniazek,  A. Prociuk,  Y. M. Rhee,  
 J. Ritchie,  M. A. Rohrdanz,  E. Rosta,  N. J. Russ,  H. F. Schaefer III,  
 M. W. Schmidt,  N. E. Schultz,  S. Sharma,  N. Shenvi,  C. D. Sherrill,  
 A. C. Simmonett,  A. Sodt,  T. Stein,  D. Stuck,  K. S. Thanthiriwatte,  
 V. Vanovschi,  L. Vogt,  Tao Wang,  A. Warshel,  M. A. Watson,  
 C. F. Williams,  Q. Wu,  X. Xu,  Jun Yang,  W. Zhang,  Yan Zhao

   Please cite Q-Chem as follows:
  "Software for the frontiers of quantum chemistry:
   An overview of developments in the Q-Chem 5 package"
   J. Chem. Phys. 155, 084801 (2021)
   https://doi.org/10.1063/5.0055522 (open access)

 Q-Chem 6.3.0 for Intel X86 EM64T Linux

 Parts of Q-Chem use Armadillo 12.8.2 (Cortisol Injector).
 http://arma.sourceforge.net/

 Q-Chem begins on Mon Feb 23 14:47:05 2026  

 Host: della-h14n10
0

 Scratch files written to /scratch/gpfs/SHS/nb2617/nb2617/scratch/qchem459586//
 Executable: /scratch/gpfs/SHS/nb2617/nb2617/project/qchem/exe/qcprog.exe
 Number of threads = 16
 Processing $rem in /scratch/gpfs/SHS/nb2617/nb2617/project/qchem/config/preferences:
 Processing $rem in /home/nb2617/.qchemrc:
 User has disabled the Standard Nuclear Orientation.  Turning symmetry off.

 Checking the input file for inconsistencies... 	...done.

--------------------------------------------------------------
User input:
--------------------------------------------------------------
$molecule
-1 1
F       0.000000000     0.000000000    -1.1455459703
F       0.0000000000     0.0000000000     1.1455459703
H       0.0000000000     0.0000000000     0.0000000000
$end

$rem
jobtype = opt
NO_REORIENT    TRUE

method = B3LYP
basis = cc-pVDZ
! DFT_D D3_BJ
XC_GRID              	= 000099000590
NL_GRID              	= 000099000590
SCF_ALGORITHM GDM
THRESH 14
SCF_CONVERGENCE 10
max_scf_cycles 500
VIBMAN_PRINT = 7
GEOM_OPT_PRINT = 7
GEOM_OPT_DRIVER = OPTIMIZE


MEM_TOTAL 30000

GEOM_OPT_TOL_GRADIENT 1
GEOM_OPT_TOL_DISPLACEMENT 1
GEOM_OPT_TOL_ENERGY 1
$end
--------------------------------------------------------------
 ----------------------------------------------------------------
             Standard Nuclear Orientation (Angstroms)
    I     Atom           X                Y                Z
 ----------------------------------------------------------------
    1      F       0.0000000000     0.0000000000    -1.1455459703
    2      F       0.0000000000     0.0000000000     1.1455459703
    3      H       0.0000000000     0.0000000000     0.0000000000
 ----------------------------------------------------------------
 Nuclear Repulsion Energy =          27.02367922 hartrees
 There are       10 alpha and       10 beta electrons
 Requested basis set is cc-pVDZ
 There are 15 shells and 33 basis functions

 Total QAlloc Memory Limit  30000 MB
 Mega-Array Size       188 MB
 MEM_STATIC part       192 MB

 A cutoff of  1.0D-14 yielded    119 shell pairs
 There are       595 function pairs (       674 Cartesian)
 Smallest overlap matrix eigenvalue = 6.58E-02

 Scale SEOQF with 1.000000e+00/1.000000e+00/1.000000e+00

 Standard Electronic Orientation quadrupole field applied
 Nucleus-field energy     =    -0.0000000253 hartrees
 Guess from superposition of atomic densities
 Warning:  Energy on first SCF cycle will be non-variational
 SAD guess density has 19.000000 electrons

 -----------------------------------------------------------------------
  General SCF calculation program by
  Eric Jon Sundstrom, Paul Horn, Yuezhi Mao, Dmitri Zuev, Alec White,
  David Stuck, Shaama M.S., Shane Yost, Joonho Lee, David Small,
  Daniel Levine, Susi Lehtola, Hugh Burton, Evgeny Epifanovsky,
  Bang C. Huynh
 -----------------------------------------------------------------------
 Exchange:     0.2000 Hartree-Fock + 0.0800 Slater + 0.7200 B88
 Correlation:  0.1900 VWN1RPA + 0.8100 LYP
 Using Euler-Maclaurin-Lebedev (99,590) quadrature formula
Added inc_jk
Added qchem_hcore
Added xc
Added P-dependent contribution
 using 16 threads for integral computing
 -------------------------------------------------------
 OpenMP Integral computing Module                
 Release: version 1.0, May 2013, Q-Chem Inc. Pittsburgh 
 -------------------------------------------------------
 A restricted SCF calculation will be
 performed using Roothaan-Hall, GDM
 SCF converges when RMS gradient is below 1.0e-10
 User-specified cutoff of 10e-14
 used for neglect of 2-electron integrals.
 A cutoff of 10e-14
 used for neglect of overlap integrals.
 Incremental Fock algorithm is on at the start.
 ---------------------------------------
  Cycle       Energy         DIIS error
 ---------------------------------------
    1    -200.1030825519      6.29e-02  Roothaan Step
 ---------------------------------------
  Cycle       Energy        RMS Gradient
 ---------------------------------------
    1    -200.2229367505      1.62e-01   Descent step
    2    -200.2752850144      1.06e-01   Normal BFGS step
    3    -200.3122830946      1.57e-03   Normal BFGS step
    4    -200.3122934072      9.82e-05   Normal BFGS step
    5    -200.3122934642      2.98e-05   Normal BFGS step
    6    -200.3122934675      4.38e-06   Normal BFGS step
    7    -200.3122934676      4.67e-07   Normal BFGS step
    8    -200.3122934676      1.30e-08   Normal BFGS step
    9    -200.3122934676      8.18e-09   Normal BFGS step
   10    -200.3122934676      1.67e-09   Normal BFGS step
   11    -200.3122934676      1.97e-10   Normal BFGS step
   12    -200.3122934676      2.16e-11  Convergence criterion met
 ---------------------------------------
 SCF time:   CPU 10.28s  wall 2.00s 
 SCF   energy =  -200.31229347
 Total energy =  -200.31229347
 Integrated density by DFT XC:
   Number of electrons = 20
   Numerical integral  =    20.000000032961
   Relative error      =     0.0000001648 %

 --------------------------------------------------------------

                    Orbital Energies (a.u.)
 --------------------------------------------------------------

 Alpha MOs
 -- Occupied --
-24.2795 -24.2795  -0.7902  -0.7444  -0.1718  -0.0324  -0.0324  -0.0117
 -0.0117  -0.0097
 -- Virtual --
  0.4498   0.8559   1.3535   1.3535   1.4815   1.5208   1.5208   1.5316
  1.7724   1.7724   1.9651   2.4401   2.6172   3.9375   3.9375   3.9600
  3.9600   3.9600   3.9600   4.1867   4.1867   4.3880   5.1656
 --------------------------------------------------------------

          Ground-State Mulliken Net Atomic Charges

     Atom                 Charge (a.u.)
  ----------------------------------------
      1 F                    -0.639038
      2 F                    -0.639038
      3 H                     0.278077
  ----------------------------------------
  Sum of atomic charges =    -1.000000

 -----------------------------------------------------------------
                    Cartesian Multipole Moments
 -----------------------------------------------------------------
    Charge (ESU x 10^10)
                -4.8032
    Dipole Moment (Debye)
         X      -0.0000      Y      -0.0000      Z       0.0000
       Tot       0.0000
    Quadrupole Moments (Debye-Ang)
        XX     -11.2282     XY       0.0000     YY     -11.2282
        XZ      -0.0000     YZ      -0.0000     ZZ     -19.8348
    Octopole Moments (Debye-Ang^2)
       XXX      -0.0000    XXY      -0.0000    XYY      -0.0000
       YYY      -0.0000    XXZ       0.0000    XYZ       0.0000
       YYZ       0.0000    XZZ      -0.0000    YZZ      -0.0000
       ZZZ       0.0000
    Hexadecapole Moments (Debye-Ang^3)
      XXXX      -6.2854   XXXY       0.0000   XXYY      -2.0951
      XYYY       0.0000   YYYY      -6.2854   XXXZ      -0.0000
      XXYZ      -0.0000   XYYZ      -0.0000   YYYZ      -0.0000
      XXZZ     -16.2189   XYZZ       0.0000   YYZZ     -16.2189
      XZZZ      -0.0000   YZZZ      -0.0000   ZZZZ     -99.5055
 -----------------------------------------------------------------
 Calculating analytic gradient of the SCF energy
Added xc
 Gradient of SCF Energy
            1           2           3
    1   0.0000000   0.0000000  -0.0000000
    2  -0.0000000  -0.0000000   0.0000000
    3   0.0056478  -0.0056478   0.0000000
 Max gradient component =       5.648E-03
 RMS gradient           =       2.662E-03
 Gradient time:  CPU 1.20 s  wall 2.07 s
 Geometry Optimization Parameters
   NAtoms,    NIC,     NZ,  NCons,   NDum,   NFix, NCnnct, MaxDiis
        3       9       0       0       0       0       0       0

 Rotation Matrix is:


     1.000000    0.000000    0.000000
     0.000000    1.000000    0.000000
     0.000000    0.000000    1.000000


** GEOMETRY OPTIMIZATION IN DELOCALIZED INTERNAL COORDINATES **
   Searching for a Minimum

   Optimization Cycle:   1

                       Coordinates (Angstroms)
     ATOM                X               Y               Z
      1  F         0.0000000000    0.0000000000   -1.1455459703
      2  F         0.0000000000    0.0000000000    1.1455459703
      3  H         0.0000000000    0.0000000000    0.0000000000
   Point Group: c1    Number of degrees of freedom:     3


   Energy is   -200.312293468


                       Cartesian Gradient (au)
     ATOM              X           Y           Z
    1  F           0.000000    0.000000    0.005648
    2  F           0.000000    0.000000   -0.005648
    3  H           0.000000    0.000000    0.000000

 Attempting to generate delocalized internal coordinates
 Generating Primitive Internal Coordinates
 Primitive Stretches:
         3    1
         3    2
 There are      2 Stretches
 Primitive Bends:
         1    3    2
 There are      1 Bends
 There are      0 Torsions
 There are      3 Primitive Internals

  ***ERROR*** Angle     1    3    2   is near-linear
              But No atom available to define colinear bend
**WARNING** Problems with Internal Coordinates
  Switching to Cartesian Coordinates

 Vectors for Translations and Rotations


     0.577350    0.000000    0.000000    0.000000    0.707107   -0.000000
     0.000000    0.577350    0.000000    0.000000    0.000000   -0.707107
     0.000000    0.000000    0.577350    0.000000    0.000000   -0.000000
     0.577350    0.000000    0.000000    0.000000   -0.707107    0.000000
     0.000000    0.577350    0.000000    0.000000    0.000000    0.707107
     0.000000    0.000000    0.577350    0.000000    0.000000    0.000000
     0.577350    0.000000    0.000000    0.000000    0.000000    0.000000
     0.000000    0.577350    0.000000    0.000000    0.000000    0.000000
     0.000000    0.000000    0.577350    0.000000    0.000000    0.000000

 The Projection Matrix


     0.166667    0.000000    0.000000    0.166667    0.000000    0.000000
     0.000000    0.166667    0.000000    0.000000    0.166667    0.000000
     0.000000    0.000000    0.666667    0.000000    0.000000   -0.333333
     0.166667    0.000000    0.000000    0.166667    0.000000    0.000000
     0.000000    0.166667    0.000000    0.000000    0.166667    0.000000
     0.000000    0.000000   -0.333333    0.000000    0.000000    0.666667
    -0.333333    0.000000    0.000000   -0.333333    0.000000    0.000000
     0.000000   -0.333333    0.000000    0.000000   -0.333333    0.000000
     0.000000    0.000000   -0.333333    0.000000    0.000000   -0.333333


    -0.333333    0.000000    0.000000
     0.000000   -0.333333    0.000000
     0.000000    0.000000   -0.333333
    -0.333333    0.000000    0.000000
     0.000000   -0.333333    0.000000
     0.000000    0.000000   -0.333333
     0.666667    0.000000    0.000000
     0.000000    0.666667    0.000000
     0.000000    0.000000    0.666667

 Translations and Rotations Projected Out of Hessian

   Hessian Matrix after Projection


     0.166667    0.000000    0.000000    0.166667    0.000000    0.000000
     0.000000    0.166667    0.000000    0.000000    0.166667    0.000000
     0.000000    0.000000    0.666667    0.000000    0.000000   -0.333333
     0.166667    0.000000    0.000000    0.166667    0.000000    0.000000
     0.000000    0.166667    0.000000    0.000000    0.166667    0.000000
     0.000000    0.000000   -0.333333    0.000000    0.000000    0.666667
    -0.333333    0.000000    0.000000   -0.333333    0.000000    0.000000
     0.000000   -0.333333    0.000000    0.000000   -0.333333    0.000000
     0.000000    0.000000   -0.333333    0.000000    0.000000   -0.333333


    -0.333333    0.000000    0.000000
     0.000000   -0.333333    0.000000
     0.000000    0.000000   -0.333333
    -0.333333    0.000000    0.000000
     0.000000   -0.333333    0.000000
     0.000000    0.000000   -0.333333
     0.666667    0.000000    0.000000
     0.000000    0.666667    0.000000
     0.000000    0.000000    0.666667

  3 Hessian modes will be used to form the next step
  Hessian Eigenvalues:
     1.000000    1.000000    1.000000

  Hessian Eigenvectors:


    -0.269101    0.116678   -0.283967
    -0.162401   -0.374556   -0.000000
     0.451255   -0.195656   -0.508024
    -0.269101    0.116678   -0.283967
    -0.162401   -0.374556   -0.000000
    -0.451255    0.195656    0.508024
     0.538203   -0.233356    0.567934
     0.324803    0.749113   -0.000000
     0.000000    0.000000   -0.000000

 Minimum search - taking simple RFO step
 Searching for Lamda that Minimizes Along All modes
 Value Taken    Lamda =  -0.00006379
 Step Taken.  Stepsize is  0.007987


                      Coordinates and Displacements in Atomic Units
   ATOM            Current Value    Gradient  Displacement   New Value
  1  f         X       0.000000     0.000000     0.000000     0.000000
               Y       0.000000     0.000000    -0.000000    -0.000000
               Z      -2.164768     0.005648    -0.005647    -2.170416
  2  f         X       0.000000     0.000000    -0.000000    -0.000000
               Y       0.000000     0.000000    -0.000000    -0.000000
               Z       2.164768    -0.005648     0.005647     2.170416
  3  h         X       0.000000     0.000000     0.000000     0.000000
               Y       0.000000     0.000000     0.000000     0.000000
               Z       0.000000     0.000000    -0.000000    -0.000000

                             Maximum     Tolerance    Cnvgd?
         Gradient           0.005648      0.000001      NO
         Displacement       0.005647      0.000001      NO
         Energy change     *********      0.000000      NO

 ----------------------------------------------------------------
             Standard Nuclear Orientation (Angstroms)
    I     Atom           X                Y                Z
 ----------------------------------------------------------------
    1      F       0.0000000000     0.0000000000    -1.1485344550
    2      F       0.0000000000     0.0000000000     1.1485344550
    3      H       0.0000000000     0.0000000000     0.0000000000
 ----------------------------------------------------------------
 Nuclear Repulsion Energy =          26.95336366 hartrees
 There are       10 alpha and       10 beta electrons
 Applying Cartesian multipole field
    Component          Value
    ---------          -----
     (2,0,0)        1.00000E-10
     (0,2,0)        2.00000E-10
     (0,0,2)       -3.00000E-10
 Nucleus-field energy     =    -0.0000000254 hartrees
 Requested basis set is cc-pVDZ
 There are 15 shells and 33 basis functions
 A cutoff of  1.0D-14 yielded    119 shell pairs
 There are       595 function pairs (       674 Cartesian)
 Smallest overlap matrix eigenvalue = 6.63E-02
 Guess MOs from SCF MO coefficient file

 -----------------------------------------------------------------------
  General SCF calculation program by
  Eric Jon Sundstrom, Paul Horn, Yuezhi Mao, Dmitri Zuev, Alec White,
  David Stuck, Shaama M.S., Shane Yost, Joonho Lee, David Small,
  Daniel Levine, Susi Lehtola, Hugh Burton, Evgeny Epifanovsky,
  Bang C. Huynh
 -----------------------------------------------------------------------
 Exchange:     0.2000 Hartree-Fock + 0.0800 Slater + 0.7200 B88
 Correlation:  0.1900 VWN1RPA + 0.8100 LYP
 Using Euler-Maclaurin-Lebedev (99,590) quadrature formula
Added inc_jk
Added qchem_hcore
Added xc
Added P-dependent contribution
 A restricted SCF calculation will be
 performed using GDM
 SCF converges when RMS gradient is below 1.0e-10
 User-specified cutoff of 10e-14
 used for neglect of 2-electron integrals.
 A cutoff of 10e-14
 used for neglect of overlap integrals.
 Incremental Fock algorithm is on at the start.
 ---------------------------------------
  Cycle       Energy        RMS Gradient
 ---------------------------------------
    1    -200.3123452227      1.07e-03   Normal BFGS step
    2    -200.3123482540      1.46e-04   Normal BFGS step
    3    -200.3123482772      1.33e-04   Normal BFGS step
    4    -200.3123483379      2.19e-05   Normal BFGS step
    5    -200.3123483387      7.51e-06   Normal BFGS step
    6    -200.3123483388      5.69e-08   Normal BFGS step
    7    -200.3123483388      4.78e-09   Normal BFGS step
    8    -200.3123483388      2.66e-10   Normal BFGS step
    9    -200.3123483388      9.72e-11  Convergence criterion met
 ---------------------------------------
 SCF time:   CPU 4.55s  wall 1.00s 
 SCF   energy =  -200.31234834
 Total energy =  -200.31234834
 Integrated density by DFT XC:
   Number of electrons = 20
   Numerical integral  =    20.000000024187
   Relative error      =     0.0000001209 %

 --------------------------------------------------------------

                    Orbital Energies (a.u.)
 --------------------------------------------------------------

 Alpha MOs
 -- Occupied --
-24.2800 -24.2799  -0.7897  -0.7446  -0.1714  -0.0324  -0.0324  -0.0120
 -0.0120  -0.0102
 -- Virtual --
  0.4490   0.8521   1.3529   1.3529   1.4824   1.5200   1.5200   1.5325
  1.7725   1.7725   1.9649   2.4312   2.6159   3.9375   3.9375   3.9598
  3.9598   3.9598   3.9598   4.1827   4.1827   4.3808   5.1594
 --------------------------------------------------------------

          Ground-State Mulliken Net Atomic Charges

     Atom                 Charge (a.u.)
  ----------------------------------------
      1 F                    -0.639734
      2 F                    -0.639734
      3 H                     0.279468
  ----------------------------------------
  Sum of atomic charges =    -1.000000

 -----------------------------------------------------------------
                    Cartesian Multipole Moments
 -----------------------------------------------------------------
    Charge (ESU x 10^10)
                -4.8032
    Dipole Moment (Debye)
         X      -0.0000      Y       0.0000      Z       0.0000
       Tot       0.0000
    Quadrupole Moments (Debye-Ang)
        XX     -11.2312     XY       0.0000     YY     -11.2312
        XZ      -0.0000     YZ       0.0000     ZZ     -19.8723
    Octopole Moments (Debye-Ang^2)
       XXX      -0.0000    XXY       0.0000    XYY      -0.0000
       YYY       0.0000    XXZ       0.0000    XYZ      -0.0000
       YYZ       0.0000    XZZ      -0.0000    YZZ       0.0000
       ZZZ       0.0000
    Hexadecapole Moments (Debye-Ang^3)
      XXXX      -6.2888   XXXY       0.0000   XXYY      -2.0963
      XYYY       0.0000   YYYY      -6.2888   XXXZ      -0.0000
      XXYZ       0.0000   XYYZ      -0.0000   YYYZ       0.0000
      XXZZ     -16.2922   XYZZ       0.0000   YYZZ     -16.2922
      XZZZ      -0.0000   YZZZ       0.0000   ZZZZ    -100.0279
 -----------------------------------------------------------------
 Calculating analytic gradient of the SCF energy
Added xc
 Gradient of SCF Energy
            1           2           3
    1   0.0000000   0.0000000  -0.0000000
    2   0.0000000   0.0000000  -0.0000000
    3   0.0040736  -0.0040736   0.0000000
 Max gradient component =       4.074E-03
 RMS gradient           =       1.920E-03
 Gradient time:  CPU 2.82 s  wall 0.36 s
 Geometry Optimization Parameters
   NAtoms,    NIC,     NZ,  NCons,   NDum,   NFix, NCnnct, MaxDiis
        3       9       0       0       0       0       0       0

 Rotation Matrix is:


     1.000000    0.000000    0.000000
     0.000000    1.000000    0.000000
     0.000000    0.000000    1.000000

 Cartesian Hessian Update
 Hessian updated using BFGS update


** GEOMETRY OPTIMIZATION IN CARTESIAN COORDINATES **
   Searching for a Minimum

   Optimization Cycle:   2

                       Coordinates (Angstroms)
     ATOM                X               Y               Z
      1  F         0.0000000000    0.0000000000   -1.1485344550
      2  F         0.0000000000    0.0000000000    1.1485344550
      3  H         0.0000000000    0.0000000000    0.0000000000
   Point Group: c1    Number of degrees of freedom:     3


   Energy is   -200.312348339


                       Cartesian Gradient (au)
     ATOM              X           Y           Z
    1  F           0.000000    0.000000    0.004074
    2  F           0.000000    0.000000   -0.004074
    3  H           0.000000    0.000000    0.000000

 Vectors for Translations and Rotations


     0.577350    0.000000    0.000000    0.000000    0.707107   -0.000000
     0.000000    0.577350    0.000000    0.000000    0.000000   -0.707107
     0.000000    0.000000    0.577350    0.000000    0.000000   -0.000000
     0.577350    0.000000    0.000000    0.000000   -0.707107    0.000000
     0.000000    0.577350    0.000000    0.000000    0.000000    0.707107
     0.000000    0.000000    0.577350    0.000000    0.000000    0.000000
     0.577350    0.000000    0.000000    0.000000    0.000000    0.000000
     0.000000    0.577350    0.000000    0.000000    0.000000    0.000000
     0.000000    0.000000    0.577350    0.000000    0.000000    0.000000

 The Projection Matrix


     0.166667    0.000000    0.000000    0.166667    0.000000    0.000000
     0.000000    0.166667    0.000000    0.000000    0.166667    0.000000
     0.000000    0.000000    0.666667    0.000000    0.000000   -0.333333
     0.166667    0.000000    0.000000    0.166667    0.000000    0.000000
     0.000000    0.166667    0.000000    0.000000    0.166667    0.000000
     0.000000    0.000000   -0.333333    0.000000    0.000000    0.666667
    -0.333333    0.000000    0.000000   -0.333333    0.000000    0.000000
     0.000000   -0.333333    0.000000    0.000000   -0.333333    0.000000
     0.000000    0.000000   -0.333333    0.000000    0.000000   -0.333333


    -0.333333    0.000000    0.000000
     0.000000   -0.333333    0.000000
     0.000000    0.000000   -0.333333
    -0.333333    0.000000    0.000000
     0.000000   -0.333333    0.000000
     0.000000    0.000000   -0.333333
     0.666667    0.000000    0.000000
     0.000000    0.666667    0.000000
     0.000000    0.000000    0.666667

 Translations and Rotations Projected Out of Hessian

   Hessian Matrix after Projection


     0.166667    0.000000    0.000000    0.166667    0.000000    0.000000
     0.000000    0.166667    0.000000    0.000000    0.166667    0.000000
     0.000000    0.000000    0.306042    0.000000    0.000000    0.027291
     0.166667    0.000000    0.000000    0.166667    0.000000    0.000000
     0.000000    0.166667    0.000000    0.000000    0.166667    0.000000
     0.000000    0.000000    0.027291    0.000000    0.000000    0.306042
    -0.333333    0.000000    0.000000   -0.333333    0.000000    0.000000
     0.000000   -0.333333    0.000000    0.000000   -0.333333    0.000000
     0.000000    0.000000   -0.333333    0.000000    0.000000   -0.333333


    -0.333333    0.000000    0.000000
     0.000000   -0.333333    0.000000
     0.000000    0.000000   -0.333333
    -0.333333    0.000000    0.000000
     0.000000   -0.333333    0.000000
     0.000000    0.000000   -0.333333
     0.666667    0.000000    0.000000
     0.000000    0.666667    0.000000
     0.000000    0.000000    0.666667

  1 Hessian modes will be used to form the next step
  Hessian Eigenvalues:
     0.278750

  Hessian Eigenvectors:


    -0.000000
    -0.000000
     0.707107
    -0.000000
    -0.000000
    -0.707107
    -0.000000
    -0.000000
    -0.000000

 Minimum search - taking simple RFO step
 Searching for Lamda that Minimizes Along All modes
 Value Taken    Lamda =  -0.00011901
 Step Taken.  Stepsize is  0.020658


                      Coordinates and Displacements in Atomic Units
   ATOM            Current Value    Gradient  Displacement   New Value
  1  f         X       0.000000     0.000000     0.000000     0.000000
               Y       0.000000     0.000000     0.000000     0.000000
               Z      -2.170416     0.004074    -0.014607    -2.185023
  2  f         X       0.000000     0.000000     0.000000     0.000000
               Y       0.000000     0.000000     0.000000     0.000000
               Z       2.170416    -0.004074     0.014607     2.185023
  3  h         X       0.000000     0.000000     0.000000     0.000000
               Y       0.000000     0.000000     0.000000     0.000000
               Z       0.000000     0.000000     0.000000     0.000000

                             Maximum     Tolerance    Cnvgd?
         Gradient           0.004074      0.000001      NO
         Displacement       0.014607      0.000001      NO
         Energy change     -0.000055      0.000000      NO

 ----------------------------------------------------------------
             Standard Nuclear Orientation (Angstroms)
    I     Atom           X                Y                Z
 ----------------------------------------------------------------
    1      F       0.0000000000     0.0000000000    -1.1562643620
    2      F       0.0000000000     0.0000000000     1.1562643620
    3      H       0.0000000000     0.0000000000     0.0000000000
 ----------------------------------------------------------------
 Nuclear Repulsion Energy =          26.77317390 hartrees
 There are       10 alpha and       10 beta electrons
 Applying Cartesian multipole field
    Component          Value
    ---------          -----
     (2,0,0)        1.00000E-10
     (0,2,0)        2.00000E-10
     (0,0,2)       -3.00000E-10
 Nucleus-field energy     =    -0.0000000258 hartrees
 Requested basis set is cc-pVDZ
 There are 15 shells and 33 basis functions
 A cutoff of  1.0D-14 yielded    119 shell pairs
 There are       595 function pairs (       674 Cartesian)
 Smallest overlap matrix eigenvalue = 6.75E-02
 Guess MOs from SCF MO coefficient file

 -----------------------------------------------------------------------
  General SCF calculation program by
  Eric Jon Sundstrom, Paul Horn, Yuezhi Mao, Dmitri Zuev, Alec White,
  David Stuck, Shaama M.S., Shane Yost, Joonho Lee, David Small,
  Daniel Levine, Susi Lehtola, Hugh Burton, Evgeny Epifanovsky,
  Bang C. Huynh
 -----------------------------------------------------------------------
 Exchange:     0.2000 Hartree-Fock + 0.0800 Slater + 0.7200 B88
 Correlation:  0.1900 VWN1RPA + 0.8100 LYP
 Using Euler-Maclaurin-Lebedev (99,590) quadrature formula
Added inc_jk
Added qchem_hcore
Added xc
Added P-dependent contribution
 A restricted SCF calculation will be
 performed using GDM
 SCF converges when RMS gradient is below 1.0e-10
 User-specified cutoff of 10e-14
 used for neglect of 2-electron integrals.
 A cutoff of 10e-14
 used for neglect of overlap integrals.
 Incremental Fock algorithm is on at the start.
 ---------------------------------------
  Cycle       Energy        RMS Gradient
 ---------------------------------------
    1    -200.3123889646      2.77e-03   Normal BFGS step
    2    -200.3124088578      3.88e-04   Normal BFGS step
    3    -200.3124089983      3.56e-04   Normal BFGS step
    4    -200.3124094342      5.36e-05   Normal BFGS step
    5    -200.3124094388      1.82e-05   Normal BFGS step
    6    -200.3124094397      1.30e-07   Normal BFGS step
    7    -200.3124094397      1.13e-08   Normal BFGS step
    8    -200.3124094397      5.99e-10   Normal BFGS step
    9    -200.3124094397      2.59e-10   Normal BFGS step
  GDM::WARNING energy changes are now smaller than effective accuracy.
  GDM::        calculation will continue, but THRESH should be increased
  GDM::        or SCF_CONVERGENCE decreased. 
  GDM::        effective_thresh = 1.66e-09
   10    -200.3124094397      2.09e-11  Convergence criterion met
 ---------------------------------------
 SCF time:   CPU 4.70s  wall 1.00s 
 SCF   energy =  -200.31240944
 Total energy =  -200.31240944
 Integrated density by DFT XC:
   Number of electrons = 20
   Numerical integral  =    20.000000001101
   Relative error      =     0.0000000055 %

 --------------------------------------------------------------

                    Orbital Energies (a.u.)
 --------------------------------------------------------------

 Alpha MOs
 -- Occupied --
-24.2811 -24.2811  -0.7887  -0.7453  -0.1705  -0.0324  -0.0324  -0.0128
 -0.0128  -0.0113
 -- Virtual --
  0.4468   0.8425   1.3514   1.3514   1.4848   1.5179   1.5179   1.5346
  1.7724   1.7724   1.9641   2.4088   2.6124   3.9373   3.9373   3.9594
  3.9594   3.9594   3.9594   4.1726   4.1726   4.3625   5.1428
 --------------------------------------------------------------

          Ground-State Mulliken Net Atomic Charges

     Atom                 Charge (a.u.)
  ----------------------------------------
      1 F                    -0.641442
      2 F                    -0.641442
      3 H                     0.282885
  ----------------------------------------
  Sum of atomic charges =    -1.000000

 -----------------------------------------------------------------
                    Cartesian Multipole Moments
 -----------------------------------------------------------------
    Charge (ESU x 10^10)
                -4.8032
    Dipole Moment (Debye)
         X       0.0000      Y       0.0000      Z      -0.0000
       Tot       0.0000
    Quadrupole Moments (Debye-Ang)
        XX     -11.2389     XY      -0.0000     YY     -11.2389
        XZ      -0.0000     YZ       0.0000     ZZ     -19.9696
    Octopole Moments (Debye-Ang^2)
       XXX       0.0000    XXY       0.0000    XYY       0.0000
       YYY       0.0000    XXZ      -0.0000    XYZ       0.0000
       YYZ      -0.0000    XZZ       0.0000    YZZ       0.0000
       ZZZ      -0.0000
    Hexadecapole Moments (Debye-Ang^3)
      XXXX      -6.2977   XXXY      -0.0000   XXYY      -2.0992
      XYYY      -0.0000   YYYY      -6.2977   XXXZ      -0.0000
      XXYZ       0.0000   XYYZ      -0.0000   YYYZ       0.0000
      XXZZ     -16.4827   XYZZ      -0.0000   YYZZ     -16.4827
      XZZZ      -0.0000   YZZZ       0.0000   ZZZZ    -101.3876
 -----------------------------------------------------------------
 Calculating analytic gradient of the SCF energy
Added xc
 Gradient of SCF Energy
            1           2           3
    1  -0.0000000   0.0000000  -0.0000000
    2  -0.0000000  -0.0000000   0.0000000
    3   0.0001427  -0.0001427   0.0000000
 Max gradient component =       1.427E-04
 RMS gradient           =       6.728E-05
 Gradient time:  CPU 0.91 s  wall 0.22 s
 Geometry Optimization Parameters
   NAtoms,    NIC,     NZ,  NCons,   NDum,   NFix, NCnnct, MaxDiis
        3       9       0       0       0       0       0       0

 Rotation Matrix is:


     1.000000    0.000000    0.000000
     0.000000    1.000000    0.000000
     0.000000    0.000000    1.000000

 Cartesian Hessian Update
 Hessian updated using BFGS update


** GEOMETRY OPTIMIZATION IN CARTESIAN COORDINATES **
   Searching for a Minimum

   Optimization Cycle:   3

                       Coordinates (Angstroms)
     ATOM                X               Y               Z
      1  F         0.0000000000    0.0000000000   -1.1562643620
      2  F         0.0000000000    0.0000000000    1.1562643620
      3  H         0.0000000000    0.0000000000    0.0000000000
   Point Group: c1    Number of degrees of freedom:     3


   Energy is   -200.312409440


                       Cartesian Gradient (au)
     ATOM              X           Y           Z
    1  F           0.000000    0.000000    0.000143
    2  F           0.000000    0.000000   -0.000143
    3  H           0.000000    0.000000    0.000000

 Vectors for Translations and Rotations


     0.577350    0.000000    0.000000    0.000000    0.707107   -0.000000
     0.000000    0.577350    0.000000    0.000000    0.000000   -0.707107
     0.000000    0.000000    0.577350    0.000000    0.000000   -0.000000
     0.577350    0.000000    0.000000    0.000000   -0.707107    0.000000
     0.000000    0.577350    0.000000    0.000000    0.000000    0.707107
     0.000000    0.000000    0.577350    0.000000    0.000000    0.000000
     0.577350    0.000000    0.000000    0.000000   -0.000000    0.000000
     0.000000    0.577350    0.000000    0.000000    0.000000    0.000000
     0.000000    0.000000    0.577350    0.000000    0.000000    0.000000

 The Projection Matrix


     0.166667    0.000000    0.000000    0.166667    0.000000    0.000000
     0.000000    0.166667    0.000000    0.000000    0.166667    0.000000
     0.000000    0.000000    0.666667    0.000000    0.000000   -0.333333
     0.166667    0.000000    0.000000    0.166667    0.000000    0.000000
     0.000000    0.166667    0.000000    0.000000    0.166667    0.000000
     0.000000    0.000000   -0.333333    0.000000    0.000000    0.666667
    -0.333333    0.000000    0.000000   -0.333333    0.000000    0.000000
     0.000000   -0.333333    0.000000    0.000000   -0.333333    0.000000
     0.000000    0.000000   -0.333333    0.000000    0.000000   -0.333333


    -0.333333    0.000000    0.000000
     0.000000   -0.333333    0.000000
     0.000000    0.000000   -0.333333
    -0.333333    0.000000    0.000000
     0.000000   -0.333333    0.000000
     0.000000    0.000000   -0.333333
     0.666667    0.000000    0.000000
     0.000000    0.666667    0.000000
     0.000000    0.000000    0.666667

 Translations and Rotations Projected Out of Hessian

   Hessian Matrix after Projection


     0.166667    0.000000    0.000000    0.166667    0.000000    0.000000
     0.000000    0.166667    0.000000    0.000000    0.166667    0.000000
     0.000000    0.000000    0.301216    0.000000    0.000000    0.032118
     0.166667    0.000000    0.000000    0.166667    0.000000    0.000000
     0.000000    0.166667    0.000000    0.000000    0.166667    0.000000
     0.000000    0.000000    0.032118    0.000000    0.000000    0.301216
    -0.333333    0.000000    0.000000   -0.333333    0.000000    0.000000
     0.000000   -0.333333    0.000000    0.000000   -0.333333    0.000000
     0.000000    0.000000   -0.333333    0.000000    0.000000   -0.333333


    -0.333333    0.000000    0.000000
     0.000000   -0.333333    0.000000
     0.000000    0.000000   -0.333333
    -0.333333    0.000000    0.000000
     0.000000   -0.333333    0.000000
     0.000000    0.000000   -0.333333
     0.666667    0.000000    0.000000
     0.000000    0.666667    0.000000
     0.000000    0.000000    0.666667

  1 Hessian modes will be used to form the next step
  Hessian Eigenvalues:
     0.269098

  Hessian Eigenvectors:


     0.000000
     0.000000
    -0.707107
     0.000000
     0.000000
     0.707107
    -0.000000
    -0.000000
    -0.000000

 Minimum search - taking simple RFO step
 Searching for Lamda that Minimizes Along All modes
 Value Taken    Lamda =  -0.00000015
 Step Taken.  Stepsize is  0.000750


                      Coordinates and Displacements in Atomic Units
   ATOM            Current Value    Gradient  Displacement   New Value
  1  f         X       0.000000     0.000000     0.000000     0.000000
               Y       0.000000     0.000000     0.000000     0.000000
               Z      -2.185023     0.000143    -0.000530    -2.185553
  2  f         X       0.000000     0.000000     0.000000     0.000000
               Y       0.000000     0.000000     0.000000     0.000000
               Z       2.185023    -0.000143     0.000530     2.185553
  3  h         X       0.000000     0.000000     0.000000     0.000000
               Y       0.000000     0.000000    -0.000000    -0.000000
               Z       0.000000     0.000000    -0.000000    -0.000000

                             Maximum     Tolerance    Cnvgd?
         Gradient           0.000143      0.000001      NO
         Displacement       0.000530      0.000001      NO
         Energy change     -0.000061      0.000000      NO

 ----------------------------------------------------------------
             Standard Nuclear Orientation (Angstroms)
    I     Atom           X                Y                Z
 ----------------------------------------------------------------
    1      F       0.0000000000     0.0000000000    -1.1565450391
    2      F       0.0000000000     0.0000000000     1.1565450391
    3      H       0.0000000000     0.0000000000     0.0000000000
 ----------------------------------------------------------------
 Nuclear Repulsion Energy =          26.76667643 hartrees
 There are       10 alpha and       10 beta electrons
 Applying Cartesian multipole field
    Component          Value
    ---------          -----
     (2,0,0)        1.00000E-10
     (0,2,0)        2.00000E-10
     (0,0,2)       -3.00000E-10
 Nucleus-field energy     =    -0.0000000258 hartrees
 Requested basis set is cc-pVDZ
 There are 15 shells and 33 basis functions
 A cutoff of  1.0D-14 yielded    119 shell pairs
 There are       595 function pairs (       674 Cartesian)
 Smallest overlap matrix eigenvalue = 6.75E-02
 Guess MOs from SCF MO coefficient file

 -----------------------------------------------------------------------
  General SCF calculation program by
  Eric Jon Sundstrom, Paul Horn, Yuezhi Mao, Dmitri Zuev, Alec White,
  David Stuck, Shaama M.S., Shane Yost, Joonho Lee, David Small,
  Daniel Levine, Susi Lehtola, Hugh Burton, Evgeny Epifanovsky,
  Bang C. Huynh
 -----------------------------------------------------------------------
 Exchange:     0.2000 Hartree-Fock + 0.0800 Slater + 0.7200 B88
 Correlation:  0.1900 VWN1RPA + 0.8100 LYP
 Using Euler-Maclaurin-Lebedev (99,590) quadrature formula
Added inc_jk
Added qchem_hcore
Added xc
Added P-dependent contribution
 A restricted SCF calculation will be
 performed using GDM
 SCF converges when RMS gradient is below 1.0e-10
 User-specified cutoff of 10e-14
 used for neglect of 2-electron integrals.
 A cutoff of 10e-14
 used for neglect of overlap integrals.
 Incremental Fock algorithm is on at the start.
 ---------------------------------------
  Cycle       Energy        RMS Gradient
 ---------------------------------------
    1    -200.3124094909      1.01e-04   Normal BFGS step
    2    -200.3124095166      1.42e-05   Normal BFGS step
    3    -200.3124095168      1.31e-05   Normal BFGS step
    4    -200.3124095174      1.89e-06   Normal BFGS step
    5    -200.3124095174      6.41e-07   Normal BFGS step
    6    -200.3124095174      4.42e-09   Normal BFGS step
    7    -200.3124095174      3.79e-10   Normal BFGS step
    8    -200.3124095174      2.00e-11  Convergence criterion met
 ---------------------------------------
 SCF time:   CPU 3.92s  wall 1.00s 
 SCF   energy =  -200.31240952
 Total energy =  -200.31240952
 Integrated density by DFT XC:
   Number of electrons = 20
   Numerical integral  =    20.000000000296
   Relative error      =     0.0000000015 %

 --------------------------------------------------------------

                    Orbital Energies (a.u.)
 --------------------------------------------------------------

 Alpha MOs
 -- Occupied --
-24.2811 -24.2811  -0.7887  -0.7453  -0.1704  -0.0324  -0.0324  -0.0128
 -0.0128  -0.0114
 -- Virtual --
  0.4467   0.8422   1.3513   1.3513   1.4849   1.5178   1.5178   1.5347
  1.7724   1.7724   1.9640   2.4080   2.6123   3.9373   3.9373   3.9594
  3.9594   3.9594   3.9594   4.1722   4.1722   4.3618   5.1422
 --------------------------------------------------------------

          Ground-State Mulliken Net Atomic Charges

     Atom                 Charge (a.u.)
  ----------------------------------------
      1 F                    -0.641502
      2 F                    -0.641502
      3 H                     0.283004
  ----------------------------------------
  Sum of atomic charges =    -1.000000

 -----------------------------------------------------------------
                    Cartesian Multipole Moments
 -----------------------------------------------------------------
    Charge (ESU x 10^10)
                -4.8032
    Dipole Moment (Debye)
         X      -0.0000      Y       0.0000      Z       0.0000
       Tot       0.0000
    Quadrupole Moments (Debye-Ang)
        XX     -11.2391     XY       0.0000     YY     -11.2391
        XZ      -0.0000     YZ       0.0000     ZZ     -19.9731
    Octopole Moments (Debye-Ang^2)
       XXX      -0.0000    XXY       0.0000    XYY      -0.0000
       YYY       0.0000    XXZ      -0.0000    XYZ      -0.0000
       YYZ       0.0000    XZZ      -0.0000    YZZ       0.0000
       ZZZ       0.0000
    Hexadecapole Moments (Debye-Ang^3)
      XXXX      -6.2980   XXXY       0.0000   XXYY      -2.0993
      XYYY       0.0000   YYYY      -6.2980   XXXZ      -0.0000
      XXYZ       0.0000   XYYZ      -0.0000   YYYZ       0.0000
      XXZZ     -16.4896   XYZZ      -0.0000   YYZZ     -16.4896
      XZZZ      -0.0000   YZZZ      -0.0000   ZZZZ    -101.4372
 -----------------------------------------------------------------
 Calculating analytic gradient of the SCF energy
Added xc
 Gradient of SCF Energy
            1           2           3
    1   0.0000000   0.0000000  -0.0000000
    2   0.0000000   0.0000000  -0.0000000
    3   0.0000037  -0.0000037   0.0000000
 Max gradient component =       3.740E-06
 RMS gradient           =       1.763E-06
 Gradient time:  CPU 0.92 s  wall 0.22 s
 Geometry Optimization Parameters
   NAtoms,    NIC,     NZ,  NCons,   NDum,   NFix, NCnnct, MaxDiis
        3       9       0       0       0       0       0       0

 Rotation Matrix is:


     1.000000    0.000000    0.000000
     0.000000    1.000000    0.000000
     0.000000    0.000000    1.000000

 Cartesian Hessian Update
 Hessian updated using BFGS update


** GEOMETRY OPTIMIZATION IN CARTESIAN COORDINATES **
   Searching for a Minimum

   Optimization Cycle:   4

                       Coordinates (Angstroms)
     ATOM                X               Y               Z
      1  F         0.0000000000    0.0000000000   -1.1565450391
      2  F         0.0000000000    0.0000000000    1.1565450391
      3  H         0.0000000000    0.0000000000    0.0000000000
   Point Group: c1    Number of degrees of freedom:     3


   Energy is   -200.312409517


                       Cartesian Gradient (au)
     ATOM              X           Y           Z
    1  F           0.000000    0.000000    0.000004
    2  F           0.000000    0.000000   -0.000004
    3  H           0.000000    0.000000    0.000000

 Vectors for Translations and Rotations


     0.577350    0.000000    0.000000    0.000000    0.707107   -0.000000
     0.000000    0.577350    0.000000    0.000000    0.000000   -0.707107
     0.000000    0.000000    0.577350    0.000000    0.000000   -0.000000
     0.577350    0.000000    0.000000    0.000000   -0.707107    0.000000
     0.000000    0.577350    0.000000    0.000000    0.000000    0.707107
     0.000000    0.000000    0.577350    0.000000    0.000000    0.000000
     0.577350    0.000000    0.000000    0.000000   -0.000000    0.000000
     0.000000    0.577350    0.000000    0.000000    0.000000    0.000000
     0.000000    0.000000    0.577350    0.000000    0.000000    0.000000

 The Projection Matrix


     0.166667    0.000000    0.000000    0.166667    0.000000    0.000000
     0.000000    0.166667    0.000000    0.000000    0.166667    0.000000
     0.000000    0.000000    0.666667    0.000000    0.000000   -0.333333
     0.166667    0.000000    0.000000    0.166667    0.000000    0.000000
     0.000000    0.166667    0.000000    0.000000    0.166667    0.000000
     0.000000    0.000000   -0.333333    0.000000    0.000000    0.666667
    -0.333333    0.000000    0.000000   -0.333333    0.000000    0.000000
     0.000000   -0.333333    0.000000    0.000000   -0.333333    0.000000
     0.000000    0.000000   -0.333333    0.000000    0.000000   -0.333333


    -0.333333    0.000000    0.000000
     0.000000   -0.333333    0.000000
     0.000000    0.000000   -0.333333
    -0.333333    0.000000    0.000000
     0.000000   -0.333333    0.000000
     0.000000    0.000000   -0.333333
     0.666667    0.000000    0.000000
     0.000000    0.666667    0.000000
     0.000000    0.000000    0.666667

 Translations and Rotations Projected Out of Hessian

   Hessian Matrix after Projection


     0.166667    0.000000    0.000000    0.166667    0.000000    0.000000
     0.000000    0.166667    0.000000    0.000000    0.166667    0.000000
     0.000000    0.000000    0.297690    0.000000    0.000000    0.035643
     0.166667    0.000000    0.000000    0.166667    0.000000    0.000000
     0.000000    0.166667    0.000000    0.000000    0.166667    0.000000
     0.000000    0.000000    0.035643    0.000000    0.000000    0.297690
    -0.333333    0.000000    0.000000   -0.333333    0.000000    0.000000
     0.000000   -0.333333    0.000000    0.000000   -0.333333    0.000000
     0.000000    0.000000   -0.333333    0.000000    0.000000   -0.333333


    -0.333333    0.000000    0.000000
     0.000000   -0.333333    0.000000
     0.000000    0.000000   -0.333333
    -0.333333    0.000000    0.000000
     0.000000   -0.333333    0.000000
     0.000000    0.000000   -0.333333
     0.666667    0.000000    0.000000
     0.000000    0.666667    0.000000
     0.000000    0.000000    0.666667

  1 Hessian modes will be used to form the next step
  Hessian Eigenvalues:
     0.262047

  Hessian Eigenvectors:


     0.000000
     0.000000
     0.707107
     0.000000
     0.000000
    -0.707107
    -0.000000
     0.000000
    -0.000000

 Minimum search - taking simple RFO step
 Searching for Lamda that Minimizes Along All modes
 Value Taken    Lamda =  -0.00000000
 Step Taken.  Stepsize is  0.000020


                      Coordinates and Displacements in Atomic Units
   ATOM            Current Value    Gradient  Displacement   New Value
  1  f         X       0.000000     0.000000    -0.000000    -0.000000
               Y       0.000000     0.000000    -0.000000    -0.000000
               Z      -2.185553     0.000004    -0.000014    -2.185568
  2  f         X       0.000000     0.000000    -0.000000    -0.000000
               Y       0.000000     0.000000    -0.000000    -0.000000
               Z       2.185553    -0.000004     0.000014     2.185568
  3  h         X       0.000000     0.000000     0.000000     0.000000
               Y       0.000000     0.000000    -0.000000    -0.000000
               Z       0.000000     0.000000     0.000000     0.000000

                             Maximum     Tolerance    Cnvgd?
         Gradient           0.000004      0.000001      NO
         Displacement       0.000014      0.000001      NO
         Energy change     -0.000000      0.000000      NO

 ----------------------------------------------------------------
             Standard Nuclear Orientation (Angstroms)
    I     Atom           X                Y                Z
 ----------------------------------------------------------------
    1      F       0.0000000000     0.0000000000    -1.1565525918
    2      F       0.0000000000     0.0000000000     1.1565525918
    3      H       0.0000000000     0.0000000000     0.0000000000
 ----------------------------------------------------------------
 Nuclear Repulsion Energy =          26.76650163 hartrees
 There are       10 alpha and       10 beta electrons
 Applying Cartesian multipole field
    Component          Value
    ---------          -----
     (2,0,0)        1.00000E-10
     (0,2,0)        2.00000E-10
     (0,0,2)       -3.00000E-10
 Nucleus-field energy     =    -0.0000000258 hartrees
 Requested basis set is cc-pVDZ
 There are 15 shells and 33 basis functions
 A cutoff of  1.0D-14 yielded    119 shell pairs
 There are       595 function pairs (       674 Cartesian)
 Smallest overlap matrix eigenvalue = 6.75E-02
 Guess MOs from SCF MO coefficient file

 -----------------------------------------------------------------------
  General SCF calculation program by
  Eric Jon Sundstrom, Paul Horn, Yuezhi Mao, Dmitri Zuev, Alec White,
  David Stuck, Shaama M.S., Shane Yost, Joonho Lee, David Small,
  Daniel Levine, Susi Lehtola, Hugh Burton, Evgeny Epifanovsky,
  Bang C. Huynh
 -----------------------------------------------------------------------
 Exchange:     0.2000 Hartree-Fock + 0.0800 Slater + 0.7200 B88
 Correlation:  0.1900 VWN1RPA + 0.8100 LYP
 Using Euler-Maclaurin-Lebedev (99,590) quadrature formula
Added inc_jk
Added qchem_hcore
Added xc
Added P-dependent contribution
 A restricted SCF calculation will be
 performed using GDM
 SCF converges when RMS gradient is below 1.0e-10
 User-specified cutoff of 10e-14
 used for neglect of 2-electron integrals.
 A cutoff of 10e-14
 used for neglect of overlap integrals.
 Incremental Fock algorithm is on at the start.
 ---------------------------------------
  Cycle       Energy        RMS Gradient
 ---------------------------------------
    1    -200.3124095174      2.71e-06   Normal BFGS step
    2    -200.3124095175      3.83e-07   Normal BFGS step
    3    -200.3124095175      3.54e-07   Normal BFGS step
    4    -200.3124095175      5.08e-08   Normal BFGS step
    5    -200.3124095175      1.72e-08   Normal BFGS step
    6    -200.3124095175      1.19e-10   Normal BFGS step
    7    -200.3124095175      1.02e-11  Convergence criterion met
 ---------------------------------------
 SCF time:   CPU 3.56s  wall 1.00s 
 SCF   energy =  -200.31240952
 Total energy =  -200.31240952
 Integrated density by DFT XC:
   Number of electrons = 20
   Numerical integral  =    20.000000000274
   Relative error      =     0.0000000014 %

 --------------------------------------------------------------

                    Orbital Energies (a.u.)
 --------------------------------------------------------------

 Alpha MOs
 -- Occupied --
-24.2811 -24.2811  -0.7886  -0.7453  -0.1704  -0.0324  -0.0324  -0.0128
 -0.0128  -0.0114
 -- Virtual --
  0.4467   0.8422   1.3513   1.3513   1.4849   1.5178   1.5178   1.5347
  1.7724   1.7724   1.9640   2.4080   2.6123   3.9373   3.9373   3.9594
  3.9594   3.9594   3.9594   4.1722   4.1722   4.3618   5.1422
 --------------------------------------------------------------

          Ground-State Mulliken Net Atomic Charges

     Atom                 Charge (a.u.)
  ----------------------------------------
      1 F                    -0.641504
      2 F                    -0.641504
      3 H                     0.283007
  ----------------------------------------
  Sum of atomic charges =    -1.000000

 -----------------------------------------------------------------
                    Cartesian Multipole Moments
 -----------------------------------------------------------------
    Charge (ESU x 10^10)
                -4.8032
    Dipole Moment (Debye)
         X       0.0000      Y      -0.0000      Z      -0.0000
       Tot       0.0000
    Quadrupole Moments (Debye-Ang)
        XX     -11.2391     XY      -0.0000     YY     -11.2391
        XZ       0.0000     YZ      -0.0000     ZZ     -19.9732
    Octopole Moments (Debye-Ang^2)
       XXX       0.0000    XXY      -0.0000    XYY       0.0000
       YYY      -0.0000    XXZ       0.0000    XYZ       0.0000
       YYZ       0.0000    XZZ       0.0000    YZZ      -0.0000
       ZZZ       0.0000
    Hexadecapole Moments (Debye-Ang^3)
      XXXX      -6.2980   XXXY      -0.0000   XXYY      -2.0993
      XYYY      -0.0000   YYYY      -6.2980   XXXZ       0.0000
      XXYZ      -0.0000   XYYZ       0.0000   YYYZ      -0.0000
      XXZZ     -16.4898   XYZZ      -0.0000   YYZZ     -16.4898
      XZZZ       0.0000   YZZZ      -0.0000   ZZZZ    -101.4385
 -----------------------------------------------------------------
 Calculating analytic gradient of the SCF energy
Added xc
 Gradient of SCF Energy
            1           2           3
    1  -0.0000000  -0.0000000   0.0000000
    2   0.0000000  -0.0000000  -0.0000000
    3   0.0000000  -0.0000000   0.0000000
 Max gradient component =       3.563E-09
 RMS gradient           =       1.680E-09
 Gradient time:  CPU 0.88 s  wall 0.21 s
 Geometry Optimization Parameters
   NAtoms,    NIC,     NZ,  NCons,   NDum,   NFix, NCnnct, MaxDiis
        3       9       0       0       0       0       0       0

 Rotation Matrix is:


     1.000000    0.000000    0.000000
     0.000000    1.000000    0.000000
     0.000000    0.000000    1.000000

 Cartesian Hessian Update
 Hessian updated using BFGS update
**WARNING** Hereditary positive definiteness endangered
 due to small product of step size times gradient change
**WARNING** Small scalar product
 Hessian update skipped this cycle


** GEOMETRY OPTIMIZATION IN CARTESIAN COORDINATES **
   Searching for a Minimum

   Optimization Cycle:   5

                       Coordinates (Angstroms)
     ATOM                X               Y               Z
      1  F         0.0000000000    0.0000000000   -1.1565525918
      2  F         0.0000000000    0.0000000000    1.1565525918
      3  H         0.0000000000    0.0000000000    0.0000000000
   Point Group: c1    Number of degrees of freedom:     3


   Energy is   -200.312409517


                       Cartesian Gradient (au)
     ATOM              X           Y           Z
    1  F           0.000000    0.000000    0.000000
    2  F           0.000000    0.000000    0.000000
    3  H           0.000000    0.000000    0.000000

 Vectors for Translations and Rotations


     0.577350    0.000000    0.000000    0.000000    0.707107   -0.000000
     0.000000    0.577350    0.000000    0.000000    0.000000   -0.707107
     0.000000    0.000000    0.577350    0.000000    0.000000   -0.000000
     0.577350    0.000000    0.000000    0.000000   -0.707107    0.000000
     0.000000    0.577350    0.000000    0.000000    0.000000    0.707107
     0.000000    0.000000    0.577350    0.000000    0.000000    0.000000
     0.577350    0.000000    0.000000    0.000000   -0.000000    0.000000
     0.000000    0.577350    0.000000    0.000000    0.000000    0.000000
     0.000000    0.000000    0.577350    0.000000    0.000000    0.000000

 The Projection Matrix


     0.166667    0.000000    0.000000    0.166667    0.000000    0.000000
     0.000000    0.166667    0.000000    0.000000    0.166667    0.000000
     0.000000    0.000000    0.666667    0.000000    0.000000   -0.333333
     0.166667    0.000000    0.000000    0.166667    0.000000    0.000000
     0.000000    0.166667    0.000000    0.000000    0.166667    0.000000
     0.000000    0.000000   -0.333333    0.000000    0.000000    0.666667
    -0.333333    0.000000    0.000000   -0.333333    0.000000    0.000000
     0.000000   -0.333333    0.000000    0.000000   -0.333333    0.000000
     0.000000    0.000000   -0.333333    0.000000    0.000000   -0.333333


    -0.333333    0.000000    0.000000
     0.000000   -0.333333    0.000000
     0.000000    0.000000   -0.333333
    -0.333333    0.000000    0.000000
     0.000000   -0.333333    0.000000
     0.000000    0.000000   -0.333333
     0.666667    0.000000    0.000000
     0.000000    0.666667    0.000000
     0.000000    0.000000    0.666667

 Translations and Rotations Projected Out of Hessian

   Hessian Matrix after Projection


     0.166667    0.000000    0.000000    0.166667    0.000000    0.000000
     0.000000    0.166667    0.000000    0.000000    0.166667    0.000000
     0.000000    0.000000    0.297690    0.000000    0.000000    0.035643
     0.166667    0.000000    0.000000    0.166667    0.000000    0.000000
     0.000000    0.166667    0.000000    0.000000    0.166667    0.000000
     0.000000    0.000000    0.035643    0.000000    0.000000    0.297690
    -0.333333    0.000000    0.000000   -0.333333    0.000000    0.000000
     0.000000   -0.333333    0.000000    0.000000   -0.333333    0.000000
     0.000000    0.000000   -0.333333    0.000000    0.000000   -0.333333


    -0.333333    0.000000    0.000000
     0.000000   -0.333333    0.000000
     0.000000    0.000000   -0.333333
    -0.333333    0.000000    0.000000
     0.000000   -0.333333    0.000000
     0.000000    0.000000   -0.333333
     0.666667    0.000000    0.000000
     0.000000    0.666667    0.000000
     0.000000    0.000000    0.666667

  0 Hessian modes will be used to form the next step
  Hessian Eigenvalues:


  Hessian Eigenvectors:

 Minimum search - taking simple RFO step
 Searching for Lamda that Minimizes Along All modes
 Value Taken    Lamda =   0.00000000
 Step Taken.  Stepsize is  0.000000


                      Coordinates and Displacements in Atomic Units
   ATOM            Current Value    Gradient  Displacement   New Value
  1  f         X       0.000000     0.000000     0.000000     0.000000
               Y       0.000000     0.000000     0.000000     0.000000
               Z      -2.185568     0.000000     0.000000    -2.185568
  2  f         X       0.000000     0.000000     0.000000     0.000000
               Y       0.000000     0.000000     0.000000     0.000000
               Z       2.185568     0.000000     0.000000     2.185568
  3  h         X       0.000000     0.000000     0.000000     0.000000
               Y       0.000000     0.000000     0.000000     0.000000
               Z       0.000000     0.000000     0.000000     0.000000

                             Maximum     Tolerance    Cnvgd?
         Gradient           0.000000      0.000001     YES
         Displacement       0.000000      0.000001     YES
         Energy change     -0.000000      0.000000     YES


                       Distance Matrix (Angstroms)
             F (  1)   F (  2)
   F (  2)  2.313105
   H (  3)  1.156553  1.156553

 Final energy is   -200.31240951746801     


 ******************************
 **  OPTIMIZATION CONVERGED  **
 ******************************

                       Coordinates (Angstroms)
     ATOM                X               Y               Z
      1  F         0.0000000000    0.0000000000   -1.1565525918
      2  F         0.0000000000    0.0000000000    1.1565525918
      3  H         0.0000000000    0.0000000000    0.0000000000

Z-matrix Print:
$molecule
-1 1
F 
H  1 1.156553
F  2 1.156553 1 180.000000
$end


 --------------------------------------------------------------

                    Orbital Energies (a.u.)
 --------------------------------------------------------------

 Alpha MOs
 -- Occupied --
-24.2811 -24.2811  -0.7886  -0.7453  -0.1704  -0.0324  -0.0324  -0.0128
 -0.0128  -0.0114
 -- Virtual --
  0.4467   0.8422   1.3513   1.3513   1.4849   1.5178   1.5178   1.5347
  1.7724   1.7724   1.9640   2.4080   2.6123   3.9373   3.9373   3.9594
  3.9594   3.9594   3.9594   4.1722   4.1722   4.3618   5.1422
 --------------------------------------------------------------

          Ground-State Mulliken Net Atomic Charges

     Atom                 Charge (a.u.)
  ----------------------------------------
      1 F                    -0.641504
      2 F                    -0.641504
      3 H                     0.283007
  ----------------------------------------
  Sum of atomic charges =    -1.000000

 -----------------------------------------------------------------
                    Cartesian Multipole Moments
 -----------------------------------------------------------------
    Charge (ESU x 10^10)
                -4.8032
    Dipole Moment (Debye)
         X       0.0000      Y      -0.0000      Z      -0.0000
       Tot       0.0000
    Quadrupole Moments (Debye-Ang)
        XX     -11.2391     XY      -0.0000     YY     -11.2391
        XZ       0.0000     YZ      -0.0000     ZZ     -19.9732
    Octopole Moments (Debye-Ang^2)
       XXX       0.0000    XXY      -0.0000    XYY       0.0000
       YYY      -0.0000    XXZ       0.0000    XYZ       0.0000
       YYZ       0.0000    XZZ       0.0000    YZZ      -0.0000
       ZZZ       0.0000
    Hexadecapole Moments (Debye-Ang^3)
      XXXX      -6.2980   XXXY      -0.0000   XXYY      -2.0993
      XYYY      -0.0000   YYYY      -6.2980   XXXZ       0.0000
      XXYZ      -0.0000   XYYZ       0.0000   YYYZ      -0.0000
      XXZZ     -16.4898   XYZZ      -0.0000   YYZZ     -16.4898
      XZZZ       0.0000   YZZZ      -0.0000   ZZZZ    -101.4385
 -----------------------------------------------------------------
 Total job time:  9.40s(wall), 42.48s(cpu) 
 Mon Feb 23 14:47:14 2026

        *************************************************************
        *                                                           *
        *  Thank you very much for using Q-Chem.  Have a nice day.  *
        *                                                           *
        *************************************************************


 
User input: 2 of 2 
 
                  Welcome to Q-Chem
     A Quantum Leap Into The Future Of Chemistry


 Q-Chem 6.3 (devel), Q-Chem, Inc., Pleasanton, CA (2025)

 E. Epifanovsky,  A. T. B. Gilbert,  Xintian Feng,  Joonho Lee,  Yuezhi Mao,  
 N. Mardirossian,  P. Pokhilko,  A. White,  M. Wormit,  M. P. Coons,  
 A. L. Dempwolff,  Zhengting Gan,  D. Hait,  P. R. Horn,  L. D. Jacobson,  
 I. Kaliman,  J. Kussmann,  A. W. Lange,  Ka Un Lao,  D. S. Levine,  Jie Liu,  
 S. C. McKenzie,  A. F. Morrison,  K. D. Nanda,  F. Plasser,  D. R. Rehn,  
 M. L. Vidal,  Zhi-Qiang You,  Ying Zhu,  Huseyin Aksu,  B. Alam,  
 B. Albrecht,  A. Aldossary,  E. Alguire,  J. H. Andersen,  
 J. E. Arias-Martinez,  V. Athavale,  F. Ballesteros,  D. Barton,  K. Begam,  
 A. Behn,  N. Bellonzi,  Y. A. Bernard,  E. J. Berquist,  H. Burton,  
 S. Camps,  A. Carreras,  K. Carter-Fenk,  Mathew Chow,  Romit Chakraborty,  
 Chandrima Chakravarty,  Junhan Chen,  A. D. Chien,  K. D. Closser,  
 V. Cofer-Shabica,  L. Cunha,  S. Dasgupta,  Jia Deng,  Joseph Dickinson,  
 M. de Wergifosse,  M. Diedenhofen,  L. B. Dittmer,  Hainam Do,  Wenjie Dou,  
 S. Ehlert,  Po-Tung Fang,  S. Fatehi,  Qingguo Feng,  Jonathan Fetherolf,  
 T. Friedhoff,  Thomas Froitzheim,  Sarai Folkestad,  B. Ganoe,  J. Gayvert,  
 Qinghui Ge,  G. Gidofalvi,  M. Gimferrer,  G. Giudetti,  M. Goldey,  
 Montgomery Gray,  J. Gomes,  C. Gonzalez-Espinoza,  S. Gulania,  A. Gunina,  
 J. A. Gyamfi,  M. W. D. Hanson-Heine,  P. H. P. Harbach,  A. W. Hauser,  
 M. F. Herbst,  M. Hernandez Vera,  M. Hodecker,  Z. C. Holden,  S. Houck,  
 Xunkun Huang,  Kerwin Hui,  B. C. Huynh,  K. Ikeda,  M. Ivanov,  
 Nayanthara K. Jayadev,  Hyunjun Ji,  Zuxin Jin,  Hanjie Jiang,  
 Subrata Jana,  B. Kaduk,  S. Kaehler,  R. Kang,  Richard Kang,  
 K. Khistyaev,  Jaehoon Kim,  Yongbin Kim,  P. Klunzinger,  Z. Koczor-Benda,  
 Joong Hoon Koh,  D. Kosenkov,  Saikiran Kotaru,  L. Koulias,  T. Kowalczyk,  
 C. M. Krauter,  K. Kue,  A. Kunitsa,  T. Kus,  A. Landau,  C. W. Lander,  
 K. V. Lawler,  D. Lefrancois,  S. Lehtola,  Rain Li,  Shaozhi Li,  
 Tao E. Li,  Yi-Pei Li,  Jiashu Liang,  M. Liebenthal,  Hung-Hsuan Lin,  
 You-Sheng Lin,  Fenglai Liu,  Kuan-Yu Liu,  Xiao Liu,  M. Loipersberger,  
 A. Luenser,  C. Malbon,  Aniket Mandal,  Manisha,  A. Manjanath,  
 P. Manohar,  E. Mansoor,  S. F. Manzer,  Shan-Ping Mao,  A. V. Marenich,  
 T. Markovich,  S. Mason,  F. Matz,  S. A. Maurer,  Samuel May,  
 Alexandra McIsaac,  P. F. McLaughlin,  M. F. S. J. Menger,  J.-M. Mewes,  
 S. A. Mewes,  R. E. Moorby,  P. Morgante,  Mohammad Mostafanejad,  
 Madhubani Mukherjee,  J. W. Mullinax,  Quyen Nguyen,  Avik Kumar Ojha,  
 K. J. Oosterbaan,  Eno Paenurk,  Xiaoliang Pan,  G. Paran,  V. Parravicini,  
 R. L. Patterson,  Alexander C. Paul,  Suranjan K. Paul,  F. Pavosevic,  
 Zheng Pei,  P. Pokhilko,  S. Prager,  E. I. Proynov,  E. Ramos,  B. Rana,  
 A. E. Rask,  A. Rettig,  R. M. Richard,  F. Rob,  E. Rossomme,  S. Roy,  
 T. Scheele,  M. Scheurer,  M. Schneider,  P. E. Schneider,  Tim K. Schramm,  
 N. Sergueev,  S. M. Sharada,  Hengyuan Shen,  W. Skomorowski,  D. W. Small,  
 C. J. Stein,  Alistair J. Sterling,  Yingli Su,  Yu-Chuan Su,  
 E. J. Sundstrom,  J. Talbot,  J. A. Tan,  Zhen Tao,  Hung-Hsuan Teh,  
 J. Thirman,  C. Titeca,  N. Tkachenko,  Hung-Yi Tsai,  T. Tsuchimochi,  
 N. M. Tubman,  C. Utku,  S. P. Veccham,  O. Vydrov,  Z. Wang,  Rahel Weiss,  
 J. Wenzel,  Jonathan Wong,  J. Witte,  H. Wu,  Yanze Wu,  A. Yamada,  
 Chou-Hsun Yang,  Kun Yao,  S. Yeganeh,  S. R. Yost,  Qi Yu,  A. Zech,  
 F. Zeller,  Chongxiao Zhao,  T. Zhao,  Igor Ying Zhang,  Xing Zhang,  
 Yu Zhang,  D. Zuev,  A. Aspuru-Guzik,  A. T. Bell,  N. A. Besley,  
 K. B. Bravaya,  B. R. Brooks,  D. Casanova,  Jeng-Da Chai,  Hsing-Ta Chen,  
 S. Coriani,  C. J. Cramer,  A. E. DePrince, III,  R. A. DiStasio Jr.,  
 A. Dreuw,  B. D. Dunietz,  T. R. Furlani,  W. A. Goddard III,  S. Grimme,  
 S. Hammes-Schiffer,  T. Head-Gordon,  W. J. Hehre,  Chao-Ping Hsu,  
 T.-C. Jagau,  Yousung Jung,  A. Klamt,  Jing Kong,  D. S. Lambrecht,  
 Xiangyuan Li,  WanZhen Liang,  N. J. Mayhall,  C. W. McCurdy,  J. B. Neaton,  
 T. Neudecker,  C. Ochsenfeld,  J. A. Parkhill,  R. Peverati,  
 V. A. Rassolov,  Haisheng Ren,  Yihan Shao,  L. V. Slipchenko,  
 R. P. Steele,  J. E. Subotnik,  A. J. W. Thom,  A. Tkatchenko,  
 D. G. Truhlar,  T. Van Voorhis,  Fan Wang,  T. A. Wesolowski,  K. B. Whaley,  
 H. L. Woodcock III,  P. M. Zimmerman,  S. Faraji,  P. M. W. Gill,  
 M. Head-Gordon,  J. M. Herbert,  A. I. Krylov

 Contributors to earlier versions of Q-Chem not listed above: 
 R. D. Adamson,  B. Austin,  R. Baer,  J. Baker,  G. J. O. Beran,  
 K. Brandhorst,  S. T. Brown,  E. F. C. Byrd,  Arup K. Chakraborty,  
 G. K. L. Chan,  Chun-Min Chang,  Yunqing Chen,  C.-L. Cheng,  
 Siu Hung Chien,  D. M. Chipman,  D. L. Crittenden,  H. Dachsel,  
 R. J. Doerksen,  A. D. Dutoi,  R. G. Edgar,  J. Fosso-Tande,  
 L. Fusti-Molnar,  D. Ghosh,  A. Ghysels,  A. Golubeva-Zadorozhnaya,  
 J. Gonthier,  M. S. Gordon,  S. R. Gwaltney,  G. Hawkins,  J. E. Herr,  
 A. Heyden,  S. Hirata,  E. G. Hohenstein,  G. Kedziora,  F. J. Keil,  
 C. Kelley,  Jihan Kim,  R. A. King,  R. Z. Khaliullin,  P. P. Korambath,  
 W. Kurlancheek,  A. Laurent,  A. M. Lee,  M. S. Lee,  S. V. Levchenko,  
 Ching Yeh Lin,  D. Liotard,  E. Livshits,  R. C. Lochan,  I. Lotan,  
 L. A. Martinez-Martinez,  P. E. Maslen,  N. Nair,  D. P. O'Neill,  
 D. Neuhauser,  E. Neuscamman,  C. M. Oana,  R. Olivares-Amaya,  R. Olson,  
 T. M. Perrine,  B. Peters,  P. A. Pieniazek,  A. Prociuk,  Y. M. Rhee,  
 J. Ritchie,  M. A. Rohrdanz,  E. Rosta,  N. J. Russ,  H. F. Schaefer III,  
 M. W. Schmidt,  N. E. Schultz,  S. Sharma,  N. Shenvi,  C. D. Sherrill,  
 A. C. Simmonett,  A. Sodt,  T. Stein,  D. Stuck,  K. S. Thanthiriwatte,  
 V. Vanovschi,  L. Vogt,  Tao Wang,  A. Warshel,  M. A. Watson,  
 C. F. Williams,  Q. Wu,  X. Xu,  Jun Yang,  W. Zhang,  Yan Zhao

   Please cite Q-Chem as follows:
  "Software for the frontiers of quantum chemistry:
   An overview of developments in the Q-Chem 5 package"
   J. Chem. Phys. 155, 084801 (2021)
   https://doi.org/10.1063/5.0055522 (open access)

 Q-Chem 6.3.0 for Intel X86 EM64T Linux

 Parts of Q-Chem use Armadillo 12.8.2 (Cortisol Injector).
 http://arma.sourceforge.net/

 Q-Chem begins on Mon Feb 23 14:47:15 2026  

 Host: della-h14n10
0

 Scratch files written to /scratch/gpfs/SHS/nb2617/nb2617/scratch/qchem459586//
 Executable: /scratch/gpfs/SHS/nb2617/nb2617/project/qchem/exe/qcprog.exe
 Number of threads = 16
 Processing $rem in /scratch/gpfs/SHS/nb2617/nb2617/project/qchem/config/preferences:
 Processing $rem in /home/nb2617/.qchemrc:
 User has disabled the Standard Nuclear Orientation.  Turning symmetry off.

 Checking the input file for inconsistencies... 	...done.

--------------------------------------------------------------
User input:
--------------------------------------------------------------
$molecule
    READ
$end
$rem
    JOBTYPE         FREQ

    method = B3LYP
    basis = cc-pVDZ
    ! DFT_D D3_BJ
    NO_REORIENT    TRUE


    SCF_ALGORITHM GDM
    THRESH 14
    SCF_CONVERGENCE 10
    max_scf_cycles 500
    VIBMAN_PRINT = 7
    GEOM_OPT_PRINT = 7
    GEOM_OPT_DRIVER = OPTIMIZE

    XC_GRID              	= 000099000590
    NL_GRID              	= 000099000590

    MEM_TOTAL 30000

    ANHAR           TRUE
    FDIFF_STEPSIZE_QFF 5291
    VIBMAN_PRINT    6
    IGNORE_LOW_FREQ 300
$end
--------------------------------------------------------------
 ----------------------------------------------------------------
             Standard Nuclear Orientation (Angstroms)
    I     Atom           X                Y                Z
 ----------------------------------------------------------------
    1      F       0.0000000000     0.0000000000    -1.1565525918
    2      F       0.0000000000     0.0000000000     1.1565525918
    3      H       0.0000000000     0.0000000000     0.0000000000
 ----------------------------------------------------------------
 Nuclear Repulsion Energy =          26.76650163 hartrees
 There are       10 alpha and       10 beta electrons
 Requested basis set is cc-pVDZ
 There are 15 shells and 33 basis functions

 Total QAlloc Memory Limit  30000 MB
 Mega-Array Size       188 MB
 MEM_STATIC part       192 MB


                       Distance Matrix (Angstroms)
             F (  1)   F (  2)
   F (  2)  2.313105
   H (  3)  1.156553  1.156553

 A cutoff of  1.0D-14 yielded    119 shell pairs
 There are       595 function pairs (       674 Cartesian)
 Smallest overlap matrix eigenvalue = 6.75E-02
 Guess from superposition of atomic densities
 Warning:  Energy on first SCF cycle will be non-variational
 SAD guess density has 19.000000 electrons

 -----------------------------------------------------------------------
  General SCF calculation program by
  Eric Jon Sundstrom, Paul Horn, Yuezhi Mao, Dmitri Zuev, Alec White,
  David Stuck, Shaama M.S., Shane Yost, Joonho Lee, David Small,
  Daniel Levine, Susi Lehtola, Hugh Burton, Evgeny Epifanovsky,
  Bang C. Huynh
 -----------------------------------------------------------------------
 Exchange:     0.2000 Hartree-Fock + 0.0800 Slater + 0.7200 B88
 Correlation:  0.1900 VWN1RPA + 0.8100 LYP
 Using Euler-Maclaurin-Lebedev (99,590) quadrature formula
Added inc_jk
Added qchem_hcore
Added xc
Added P-dependent contribution
 using 16 threads for integral computing
 -------------------------------------------------------
 OpenMP Integral computing Module                
 Release: version 1.0, May 2013, Q-Chem Inc. Pittsburgh 
 -------------------------------------------------------
 A restricted SCF calculation will be
 performed using Roothaan-Hall, GDM
 SCF converges when RMS gradient is below 1.0e-10
 User-specified cutoff of 10e-14
 used for neglect of 2-electron integrals.
 A cutoff of 10e-14
 used for neglect of overlap integrals.
 Incremental Fock algorithm is on at the start.
 ---------------------------------------
  Cycle       Energy         DIIS error
 ---------------------------------------
    1    -200.0920087274      6.15e-02  Roothaan Step
 ---------------------------------------
  Cycle       Energy        RMS Gradient
 ---------------------------------------
    1    -200.2229026194      1.40e-01   Descent step
    2    -200.2751677784      9.28e-02   Normal BFGS step
    3    -200.3123985973      1.55e-03   Normal BFGS step
    4    -200.3124094590      1.05e-04   Normal BFGS step
    5    -200.3124095167      2.46e-05   Normal BFGS step
    6    -200.3124095194      4.75e-06   Normal BFGS step
    7    -200.3124095194      5.25e-07   Normal BFGS step
    8    -200.3124095194      1.74e-08   Normal BFGS step
    9    -200.3124095194      1.23e-08   Normal BFGS step
   10    -200.3124095194      1.49e-09   Normal BFGS step
   11    -200.3124095194      5.23e-10   Normal BFGS step
   12    -200.3124095194      1.57e-11  Convergence criterion met
 ---------------------------------------
 SCF time:   CPU 6.62s  wall 1.00s 
 SCF   energy =  -200.31240952
 Total energy =  -200.31240952
 Integrated density by DFT XC:
   Number of electrons = 20
   Numerical integral  =    20.000000000274
   Relative error      =     0.0000000014 %

 --------------------------------------------------------------

                    Orbital Energies (a.u.)
 --------------------------------------------------------------

 Alpha MOs
 -- Occupied --
-24.2811 -24.2811  -0.7886  -0.7453  -0.1704  -0.0324  -0.0324  -0.0128
 -0.0128  -0.0114
 -- Virtual --
  0.4467   0.8422   1.3513   1.3513   1.4849   1.5178   1.5178   1.5347
  1.7724   1.7724   1.9640   2.4080   2.6123   3.9373   3.9373   3.9594
  3.9594   3.9594   3.9594   4.1722   4.1722   4.3618   5.1422
 --------------------------------------------------------------

          Ground-State Mulliken Net Atomic Charges

     Atom                 Charge (a.u.)
  ----------------------------------------
      1 F                    -0.641504
      2 F                    -0.641504
      3 H                     0.283007
  ----------------------------------------
  Sum of atomic charges =    -1.000000

 -----------------------------------------------------------------
                    Cartesian Multipole Moments
 -----------------------------------------------------------------
    Charge (ESU x 10^10)
                -4.8032
    Dipole Moment (Debye)
         X      -0.0000      Y      -0.0000      Z       0.0000
       Tot       0.0000
    Quadrupole Moments (Debye-Ang)
        XX     -11.2391     XY       0.0000     YY     -11.2391
        XZ      -0.0000     YZ       0.0000     ZZ     -19.9732
    Octopole Moments (Debye-Ang^2)
       XXX      -0.0000    XXY      -0.0000    XYY      -0.0000
       YYY      -0.0000    XXZ       0.0000    XYZ       0.0000
       YYZ       0.0000    XZZ      -0.0000    YZZ       0.0000
       ZZZ       0.0000
    Hexadecapole Moments (Debye-Ang^3)
      XXXX      -6.2980   XXXY       0.0000   XXYY      -2.0993
      XYYY       0.0000   YYYY      -6.2980   XXXZ      -0.0000
      XXYZ       0.0000   XYYZ      -0.0000   YYYZ       0.0000
      XXZZ     -16.4898   XYZZ       0.0000   YYZZ     -16.4898
      XZZZ      -0.0000   YZZZ       0.0000   ZZZZ    -101.4385
 -----------------------------------------------------------------
 Calculating MO derivatives via CPSCF
Added inc_jk
Added qchem_hcore
Added xc
Added inc_jk
Added qchem_hcore
Added xc
    1     0    12    0.0572152  
    2     0    12    0.0061518  
    3     0    12    0.0005641  
    4     6     6    0.0000635  
    5    10     2    0.0000040  
    6    12     0    0.0000001  Converged
Added jk
Added xc
 Polarizability Matrix (a.u.)
            1           2           3
    1  -2.9805357  -0.0000000  -0.0000000
    2  -0.0000000  -2.9805357  -0.0000000
    3  -0.0000000  -0.0000000  -9.4582242
 Calculating analytic Hessian of the SCF energy
Added xc
 Hessian of the SCF Energy
            1           2           3           4           5           6
    1   0.0159803  -0.0000000  -0.0000000   0.0159761   0.0000000  -0.0000000
    2  -0.0000000   0.0159803   0.0000000  -0.0000000   0.0159761  -0.0000000
    3  -0.0000000   0.0000000   0.1534982  -0.0000000   0.0000000  -0.1082928
    4   0.0159761  -0.0000000  -0.0000000   0.0159803   0.0000000  -0.0000000
    5   0.0000000   0.0159761   0.0000000   0.0000000   0.0159803   0.0000000
    6  -0.0000000  -0.0000000  -0.1082928  -0.0000000   0.0000000   0.1534982
    7  -0.0319564   0.0000000   0.0000000  -0.0319564  -0.0000000   0.0000000
    8   0.0000000  -0.0319564  -0.0000000  -0.0000000  -0.0319564  -0.0000000
    9   0.0000000  -0.0000000  -0.0452054   0.0000000  -0.0000000  -0.0452054
            7           8           9
    1  -0.0319564   0.0000000   0.0000000
    2   0.0000000  -0.0319564  -0.0000000
    3   0.0000000  -0.0000000  -0.0452054
    4  -0.0319564  -0.0000000   0.0000000
    5  -0.0000000  -0.0319564  -0.0000000
    6   0.0000000  -0.0000000  -0.0452054
    7   0.0639127   0.0000000  -0.0000000
    8   0.0000000   0.0639127   0.0000000
    9  -0.0000000   0.0000000   0.0904107

 Direct stationary perturbation theory relativistic correction:

 rels  =       0.096482213638
 relv  =      -0.372997733479
 rel2e =       0.106874185544
 E_rel =      -0.169641334297


 Mass-Weighted Hessian Matrix:


     0.000841   -0.000000   -0.000000    0.000841    0.000000   -0.000000
    -0.000000    0.000841    0.000000   -0.000000    0.000841   -0.000000
    -0.000000    0.000000    0.008080   -0.000000    0.000000   -0.005700
     0.000841   -0.000000   -0.000000    0.000841    0.000000   -0.000000
     0.000000    0.000841    0.000000    0.000000    0.000841    0.000000
    -0.000000   -0.000000   -0.005700   -0.000000    0.000000    0.008080
    -0.007303    0.000000    0.000000   -0.007303   -0.000000    0.000000
     0.000000   -0.007303   -0.000000   -0.000000   -0.007303   -0.000000
     0.000000   -0.000000   -0.010331    0.000000   -0.000000   -0.010331


    -0.007303    0.000000    0.000000
     0.000000   -0.007303   -0.000000
     0.000000   -0.000000   -0.010331
    -0.007303   -0.000000    0.000000
    -0.000000   -0.007303   -0.000000
     0.000000   -0.000000   -0.010331
     0.063416    0.000000   -0.000000
     0.000000    0.063416    0.000000
    -0.000000    0.000000    0.089708

 Vectors for Translations and Rotations


     0.697912    0.000000    0.000000    0.000000    0.707107   -0.000000
     0.000000    0.697912    0.000000    0.000000    0.000000   -0.707107
     0.000000    0.000000    0.697912    0.000000    0.000000   -0.000000
     0.697912    0.000000    0.000000    0.000000   -0.707107    0.000000
     0.000000    0.697912    0.000000    0.000000    0.000000    0.707107
     0.000000    0.000000    0.697912    0.000000    0.000000    0.000000
     0.160744    0.000000    0.000000    0.000000   -0.000000    0.000000
     0.000000    0.160744    0.000000    0.000000    0.000000    0.000000
     0.000000    0.000000    0.160744    0.000000    0.000000    0.000000

 The Projection Matrix


     0.012919    0.000000    0.000000    0.012919    0.000000    0.000000
     0.000000    0.012919    0.000000    0.000000    0.012919    0.000000
     0.000000    0.000000    0.512919    0.000000    0.000000   -0.487081
     0.012919    0.000000    0.000000    0.012919    0.000000    0.000000
     0.000000    0.012919    0.000000    0.000000    0.012919    0.000000
     0.000000    0.000000   -0.487081    0.000000    0.000000    0.512919
    -0.112185    0.000000    0.000000   -0.112185    0.000000    0.000000
     0.000000   -0.112185    0.000000    0.000000   -0.112185    0.000000
     0.000000    0.000000   -0.112185    0.000000    0.000000   -0.112185


    -0.112185    0.000000    0.000000
     0.000000   -0.112185    0.000000
     0.000000    0.000000   -0.112185
    -0.112185    0.000000    0.000000
     0.000000   -0.112185    0.000000
     0.000000    0.000000   -0.112185
     0.974161    0.000000    0.000000
     0.000000    0.974161    0.000000
     0.000000    0.000000    0.974161

 Translations and Rotations Projected Out of Hessian

 Projected Mass-Weighted Hessian Matrix:


     0.000841    0.000000   -0.000000    0.000841    0.000000   -0.000000
     0.000000    0.000841    0.000000    0.000000    0.000841    0.000000
    -0.000000    0.000000    0.008080   -0.000000    0.000000   -0.005700
     0.000841    0.000000   -0.000000    0.000841    0.000000   -0.000000
     0.000000    0.000841    0.000000    0.000000    0.000841    0.000000
    -0.000000    0.000000   -0.005700   -0.000000    0.000000    0.008080
    -0.007303   -0.000000    0.000000   -0.007303   -0.000000    0.000000
    -0.000000   -0.007303   -0.000000   -0.000000   -0.007303   -0.000000
     0.000000   -0.000000   -0.010331    0.000000   -0.000000   -0.010331


    -0.007303   -0.000000    0.000000
    -0.000000   -0.007303   -0.000000
     0.000000   -0.000000   -0.010331
    -0.007303   -0.000000    0.000000
    -0.000000   -0.007303   -0.000000
     0.000000   -0.000000   -0.010331
     0.063416    0.000000   -0.000000
     0.000000    0.063416    0.000000
    -0.000000    0.000000    0.089708

 Eigenvectors of Proj. Mass-Weighted Hessian Matrix:


     0.333811   -0.325708    0.877174   -0.008327   -0.007890   -0.000000
     0.718746    0.674900   -0.024159   -0.119476   -0.011695   -0.000000
     0.013148   -0.001770    0.000622    0.000664    0.697785    0.707107
     0.168233   -0.008990   -0.072856    0.976408   -0.004056   -0.000000
     0.564049   -0.660945   -0.461483   -0.137753   -0.011763   -0.000000
     0.013148   -0.001770    0.000622    0.000664    0.697785   -0.707107
     0.057816   -0.038544    0.092626    0.111485   -0.001376    0.000000
     0.147728    0.001607   -0.055927   -0.029623   -0.002701    0.000000
     0.003028   -0.000408    0.000143    0.000153    0.160715   -0.000000


     0.001730   -0.113650    0.000000
    -0.113650   -0.001730   -0.000000
     0.000000   -0.000000   -0.113663
     0.001730   -0.113650    0.000000
    -0.113650   -0.001730   -0.000000
     0.000000   -0.000000   -0.113663
    -0.015021    0.986882   -0.000000
     0.986882    0.015021    0.000000
    -0.000000    0.000000    0.986996

 Vibrational Frequencies in atomic units
    -0.0000000000    0.0000000000    0.0000000000    0.0000000000    0.0000000000    0.0137796348
     0.0650982400    0.0650982400    0.0920877245
 Vibrational Electric Transition dipole:  1      0.00000000000000    0.00000000000000   -0.00000000000004
 Vibrational Electric Transition dipole:  2     -0.00525887081499    0.34550299823198   -0.00000000000020
 Vibrational Electric Transition dipole:  3      0.34550299823198    0.00525887081499    0.00000000000028
 Vibrational Electric Transition dipole:  4     -0.00000000000006    0.00000000000004    1.61004662754060
 **********************************************************************
 **                                                                  **
 **                       VIBRATIONAL ANALYSIS                       **
 **                       --------------------                       **
 **                                                                  **
 **        VIBRATIONAL FREQUENCIES (CM**-1) AND NORMAL MODES         **
 **     FORCE CONSTANTS (mDYN/ANGSTROM) AND REDUCED MASSES (AMU)     **
 **                  INFRARED INTENSITIES (KM/MOL)                   **
 **                                                                  **
 **********************************************************************


 Mode:                 1                      2                      3
 Frequency:       603.43                1311.57                1311.57
 Force Cnst:      4.0758                 1.0471                 1.0471
 Red. Mass:      18.9984                 1.0331                 1.0331
 IR Active:          YES                    YES                    YES
 IR Intens:        0.000                116.401                116.401
 Raman Active:       YES                    YES                    YES
               X      Y      Z        X      Y      Z        X      Y      Z
 F         -0.000 -0.000  0.707    0.000 -0.027  0.000   -0.027 -0.000 -0.000
 F         -0.000 -0.000 -0.707    0.000 -0.027  0.000   -0.027 -0.000 -0.000
 H          0.000  0.000 -0.000   -0.015  0.999 -0.000    0.999  0.015  0.000
 TransDip   0.000  0.000 -0.000   -0.005  0.346 -0.000    0.346  0.005  0.000

 Mode:                 4
 Frequency:      1559.94
 Force Cnst:      1.4812
 Red. Mass:       1.0331
 IR Active:          YES
 IR Intens:     2527.133
 Raman Active:       YES
               X      Y      Z        X      Y      Z        X      Y      Z
 F          0.000 -0.000 -0.027
 F          0.000 -0.000 -0.027
 H         -0.000  0.000  0.999
 TransDip  -0.000  0.000  1.610
 SYM_IGNORE is turned on for a linear molecule
   We detect a D*h symmetry

 STANDARD THERMODYNAMIC QUANTITIES AT   298.15 K  AND     1.00 ATM

   This Molecule has  0 Imaginary Frequencies
   Zero point vibrational energy:        6.843 kcal/mol

   Atom    1 Element F  Has Mass   18.99840
   Atom    2 Element F  Has Mass   18.99840
   Atom    3 Element H  Has Mass    1.00783
   Molecular Mass:    39.004630 amu
   Principal axes and moments of inertia in amu*Bohr^2:
                             1           2           3
    Eigenvalues --        0.00000   181.49954   181.49954
          X               0.00000     0.00000     1.00000
          Y               0.00000     1.00000     0.00000
          Z               1.00000     0.00000     0.00000
   Rotational Symmetry Number is   2
   The Molecule is a Symmetric Top
   Translational Enthalpy:        0.889 kcal/mol
   Rotational Enthalpy:           0.592 kcal/mol
   Vibrational Enthalpy:          6.958 kcal/mol
   gas constant (RT):             0.592 kcal/mol
   Translational Entropy:        36.912  cal/mol.K
   Rotational Entropy:           13.402  cal/mol.K
   Vibrational Entropy:           0.505  cal/mol.K

   Total Enthalpy:                9.031 kcal/mol
   Total Entropy:                50.819  cal/mol.K

   Quasi-RRHO corrections using alpha = 4, and omega = 100 cm^-1
   QRRHO-Vib. Enthalpy:           6.957 kcal/mol
   QRRHO-Vib. Entropy:            0.505  cal/mol.K
   QRRHO-Total Enthalpy:          9.031 kcal/mol
   QRRHO-Total Entropy:          50.819  cal/mol.K
 ANHAR part of the calculation will be done on the head node (MPI+OMP NYI).
 =====================================================
 =====================================================
 = Starting finite difference calculation for ANHAR  =
 Finite diff step size:  9.99854e-02 a.u.

 Low frequencies less than 300 will be treated as rotation
 Anharmonic Force Field will start with mode 1

 Eng[0,0,0,0] =  -200.31240951941629

 You need 0.0000217 GB memory
 Calculating analytic gradient of the SCF energy
Added xc
 Gradient of SCF Energy
            1           2           3
    1   0.0000000   0.0000000  -0.0000000
    2   0.0000000   0.0000000  -0.0000000
    3   0.0000000  -0.0000000  -0.0000000
 Max gradient component =       4.249E-09
 RMS gradient           =       2.003E-09
 Grad[1,0,0,0] = 6.00941945e-09
 Grad[2,0,0,0] = -1.71032048e-16
 Grad[3,0,0,0] = -5.34212504e-16
 Grad[4,0,0,0] = -2.89702689e-15
 CoordNormalMode -1 , 0 , 0
 ----------------------------------------------------------------
             Standard Nuclear Orientation (Angstroms)
    I     Atom           X                Y                Z
 ----------------------------------------------------------------
    1      F       0.0000000000     0.0000000000    -1.1939656116
    2      F       0.0000000000     0.0000000000     1.1939656116
    3      H      -0.0000000000    -0.0000000000     0.0000000000
 ----------------------------------------------------------------
 Nuclear Repulsion Energy =          25.92777090 hartrees
 There are       10 alpha and       10 beta electrons

                       Distance Matrix (Angstroms)
             F (  1)   F (  2)
   F (  2)  2.387931
   H (  3)  1.193966  1.193966

 Requested basis set is cc-pVDZ
 There are 15 shells and 33 basis functions
 A cutoff of  1.0D-14 yielded    119 shell pairs
 There are       595 function pairs (       674 Cartesian)
 Smallest overlap matrix eigenvalue = 7.34E-02
 Guess MOs from SCF MO coefficient file

 -----------------------------------------------------------------------
  General SCF calculation program by
  Eric Jon Sundstrom, Paul Horn, Yuezhi Mao, Dmitri Zuev, Alec White,
  David Stuck, Shaama M.S., Shane Yost, Joonho Lee, David Small,
  Daniel Levine, Susi Lehtola, Hugh Burton, Evgeny Epifanovsky,
  Bang C. Huynh
 -----------------------------------------------------------------------
 Exchange:     0.2000 Hartree-Fock + 0.0800 Slater + 0.7200 B88
 Correlation:  0.1900 VWN1RPA + 0.8100 LYP
 Using Euler-Maclaurin-Lebedev (99,590) quadrature formula
Added inc_jk
Added qchem_hcore
Added xc
Added P-dependent contribution
 A restricted SCF calculation will be
 performed using GDM
 SCF converges when RMS gradient is below 1.0e-10
 User-specified cutoff of 10e-14
 used for neglect of 2-electron integrals.
 A cutoff of 10e-14
 used for neglect of overlap integrals.
 Incremental Fock algorithm is on at the start.
 ---------------------------------------
  Cycle       Energy        RMS Gradient
 ---------------------------------------
    1    -200.3107566797      1.32e-02   Normal BFGS step
    2    -200.3111872192      1.96e-03   Normal BFGS step
    3    -200.3111892005      1.91e-03   Normal BFGS step
    4    -200.3112028559      1.99e-04   Normal BFGS step
    5    -200.3112029276      6.57e-05   Normal BFGS step
    6    -200.3112029412      4.21e-07   Normal BFGS step
    7    -200.3112029412      4.20e-08   Normal BFGS step
    8    -200.3112029412      1.14e-09   Normal BFGS step
    9    -200.3112029412      8.56e-10   Normal BFGS step
   10    -200.3112029412      8.04e-11  Convergence criterion met
 ---------------------------------------
 SCF time:   CPU 12.88s  wall 1.00s 
 SCF   energy =  -200.31120294
 Total energy =  -200.31120294
 Integrated density by DFT XC:
   Number of electrons = 20
   Numerical integral  =    19.999999970465
   Relative error      =     0.0000001477 %

 --------------------------------------------------------------

                    Orbital Energies (a.u.)
 --------------------------------------------------------------

 Alpha MOs
 -- Occupied --
-24.2864 -24.2863  -0.7842  -0.7483  -0.1660  -0.0328  -0.0328  -0.0165
 -0.0164  -0.0164
 -- Virtual --
  0.4343   0.8016   1.3446   1.3446   1.4959   1.5079   1.5079   1.5445
  1.7716   1.7716   1.9538   2.3157   2.5911   3.9365   3.9365   3.9574
  3.9574   3.9574   3.9574   4.1274   4.1274   4.2807   5.0563
 --------------------------------------------------------------

          Ground-State Mulliken Net Atomic Charges

     Atom                 Charge (a.u.)
  ----------------------------------------
      1 F                    -0.648012
      2 F                    -0.648012
      3 H                     0.296025
  ----------------------------------------
  Sum of atomic charges =    -1.000000

 -----------------------------------------------------------------
                    Cartesian Multipole Moments
 -----------------------------------------------------------------
    Charge (ESU x 10^10)
                -4.8032
    Dipole Moment (Debye)
         X       0.0000      Y      -0.0000      Z       0.0000
       Tot       0.0000
    Quadrupole Moments (Debye-Ang)
        XX     -11.2767     XY      -0.0000     YY     -11.2767
        XZ      -0.0000     YZ       0.0000     ZZ     -20.4509
    Octopole Moments (Debye-Ang^2)
       XXX       0.0000    XXY       0.0000    XYY       0.0000
       YYY       0.0000    XXZ       0.0000    XYZ       0.0000
       YYZ       0.0000    XZZ       0.0000    YZZ      -0.0000
       ZZZ       0.0000
    Hexadecapole Moments (Debye-Ang^3)
      XXXX      -6.3441   XXXY      -0.0000   XXYY      -2.1147
      XYYY      -0.0000   YYYY      -6.3441   XXXZ      -0.0000
      XXYZ       0.0000   XYYZ      -0.0000   YYYZ       0.0000
      XXZZ     -17.4312   XYZZ      -0.0000   YYZZ     -17.4312
      XZZZ      -0.0000   YZZZ       0.0000   ZZZZ    -108.1903
 -----------------------------------------------------------------
 Eng[-1,0] = -2.00311203e+02
 Calculating analytic gradient of the SCF energy
Added xc
 Gradient of SCF Energy
            1           2           3
    1  -0.0000000   0.0000000  -0.0000000
    2   0.0000000   0.0000000  -0.0000000
    3  -0.0163841   0.0163841  -0.0000000
 Max gradient component =       1.638E-02
 RMS gradient           =       7.724E-03
 Grad[1,-1,0,0] = -2.31705725e-02
 Grad[2,-1,0,0] = -8.55557368e-16
 Grad[3,-1,0,0] = 5.07224739e-18
 Grad[4,-1,0,0] = -1.42551221e-15
 points done 1/20
 CoordNormalMode 1 , 0 , 0
 ----------------------------------------------------------------
             Standard Nuclear Orientation (Angstroms)
    I     Atom           X                Y                Z
 ----------------------------------------------------------------
    1      F      -0.0000000000    -0.0000000000    -1.1191395720
    2      F      -0.0000000000    -0.0000000000     1.1191395720
    3      H       0.0000000000     0.0000000000    -0.0000000000
 ----------------------------------------------------------------
 Nuclear Repulsion Energy =          27.66131018 hartrees
 There are       10 alpha and       10 beta electrons

                       Distance Matrix (Angstroms)
             F (  1)   F (  2)
   F (  2)  2.238279
   H (  3)  1.119140  1.119140

 Requested basis set is cc-pVDZ
 There are 15 shells and 33 basis functions
 A cutoff of  1.0D-14 yielded    119 shell pairs
 There are       595 function pairs (       674 Cartesian)
 Smallest overlap matrix eigenvalue = 6.18E-02
 Guess MOs from SCF MO coefficient file

 -----------------------------------------------------------------------
  General SCF calculation program by
  Eric Jon Sundstrom, Paul Horn, Yuezhi Mao, Dmitri Zuev, Alec White,
  David Stuck, Shaama M.S., Shane Yost, Joonho Lee, David Small,
  Daniel Levine, Susi Lehtola, Hugh Burton, Evgeny Epifanovsky,
  Bang C. Huynh
 -----------------------------------------------------------------------
 Exchange:     0.2000 Hartree-Fock + 0.0800 Slater + 0.7200 B88
 Correlation:  0.1900 VWN1RPA + 0.8100 LYP
 Using Euler-Maclaurin-Lebedev (99,590) quadrature formula
Added inc_jk
Added qchem_hcore
Added xc
Added P-dependent contribution
 A restricted SCF calculation will be
 performed using GDM
 SCF converges when RMS gradient is below 1.0e-10
 User-specified cutoff of 10e-14
 used for neglect of 2-electron integrals.
 A cutoff of 10e-14
 used for neglect of overlap integrals.
 Incremental Fock algorithm is on at the start.
 ---------------------------------------
  Cycle       Energy        RMS Gradient
 ---------------------------------------
    1    -200.3091529040      2.70e-02   Normal BFGS step
    2    -200.3109350726      3.48e-03   Normal BFGS step
    3    -200.3109512182      3.14e-03   Normal BFGS step
    4    -200.3109859292      5.61e-04   Normal BFGS step
    5    -200.3109864140      1.96e-04   Normal BFGS step
    6    -200.3109865144      1.39e-06   Normal BFGS step
    7    -200.3109865144      9.80e-08   Normal BFGS step
    8    -200.3109865144      4.66e-09   Normal BFGS step
    9    -200.3109865144      1.31e-09   Normal BFGS step
   10    -200.3109865144      2.38e-10   Normal BFGS step
   11    -200.3109865144      3.10e-11  Convergence criterion met
 ---------------------------------------
 SCF time:   CPU 7.72s  wall 1.00s 
 SCF   energy =  -200.31098651
 Total energy =  -200.31098651
 Integrated density by DFT XC:
   Number of electrons = 20
   Numerical integral  =    20.000000060147
   Relative error      =     0.0000003007 %

 --------------------------------------------------------------

                    Orbital Energies (a.u.)
 --------------------------------------------------------------

 Alpha MOs
 -- Occupied --
-24.2755 -24.2755  -0.7943  -0.7419  -0.1752  -0.0323  -0.0323  -0.0089
 -0.0089  -0.0056
 -- Virtual --
  0.4563   0.8922   1.3589   1.3589   1.4734   1.5241   1.5283   1.5283
  1.7722   1.7722   1.9658   2.5250   2.6261   3.9380   3.9380   3.9614
  3.9614   3.9614   3.9614   4.2243   4.2243   4.4553   5.2176
 --------------------------------------------------------------

          Ground-State Mulliken Net Atomic Charges

     Atom                 Charge (a.u.)
  ----------------------------------------
      1 F                    -0.632011
      2 F                    -0.632011
      3 H                     0.264022
  ----------------------------------------
  Sum of atomic charges =    -1.000000

 -----------------------------------------------------------------
                    Cartesian Multipole Moments
 -----------------------------------------------------------------
    Charge (ESU x 10^10)
                -4.8032
    Dipole Moment (Debye)
         X       0.0000      Y       0.0000      Z      -0.0000
       Tot       0.0000
    Quadrupole Moments (Debye-Ang)
        XX     -11.2023     XY       0.0000     YY     -11.2023
        XZ       0.0000     YZ       0.0000     ZZ     -19.5067
    Octopole Moments (Debye-Ang^2)
       XXX       0.0000    XXY       0.0000    XYY       0.0000
       YYY       0.0000    XXZ      -0.0000    XYZ       0.0000
       YYZ      -0.0000    XZZ       0.0000    YZZ       0.0000
       ZZZ      -0.0000
    Hexadecapole Moments (Debye-Ang^3)
      XXXX      -6.2568   XXXY       0.0000   XXYY      -2.0856
      XYYY       0.0000   YYYY      -6.2568   XXXZ       0.0000
      XXYZ       0.0000   XYYZ       0.0000   YYYZ       0.0000
      XXZZ     -15.5800   XYZZ       0.0000   YYZZ     -15.5800
      XZZZ       0.0000   YZZZ       0.0000   ZZZZ     -94.9665
 -----------------------------------------------------------------
 Eng[1,0] = -2.00310987e+02
 Calculating analytic gradient of the SCF energy
Added xc
 Gradient of SCF Energy
            1           2           3
    1  -0.0000000  -0.0000000   0.0000000
    2   0.0000000   0.0000000  -0.0000000
    3   0.0209851  -0.0209851  -0.0000000
 Max gradient component =       2.099E-02
 RMS gradient           =       9.892E-03
 Grad[1,1,0,0] = 2.96774677e-02
 Grad[2,1,0,0] = -1.25003554e-15
 Grad[3,1,0,0] = 1.88708591e-15
 Grad[4,1,0,0] = -2.74565242e-14
 points done 2/20
 CoordNormalMode -2 , 0 , 0
 ----------------------------------------------------------------
             Standard Nuclear Orientation (Angstroms)
    I     Atom           X                Y                Z
 ----------------------------------------------------------------
    1      F      -0.0000213434     0.0014022401    -1.1565525918
    2      F      -0.0000213434     0.0014022401     1.1565525918
    3      H       0.0008046793    -0.0528666920     0.0000000000
 ----------------------------------------------------------------
 Nuclear Repulsion Energy =          26.75744777 hartrees
 There are       10 alpha and       10 beta electrons

                       Distance Matrix (Angstroms)
             F (  1)   F (  2)
   F (  2)  2.313105
   H (  3)  1.157825  1.157825

 Requested basis set is cc-pVDZ
 There are 15 shells and 33 basis functions
 A cutoff of  1.0D-14 yielded    119 shell pairs
 There are       595 function pairs (       674 Cartesian)
 Smallest overlap matrix eigenvalue = 6.77E-02
 Guess MOs from SCF MO coefficient file

 -----------------------------------------------------------------------
  General SCF calculation program by
  Eric Jon Sundstrom, Paul Horn, Yuezhi Mao, Dmitri Zuev, Alec White,
  David Stuck, Shaama M.S., Shane Yost, Joonho Lee, David Small,
  Daniel Levine, Susi Lehtola, Hugh Burton, Evgeny Epifanovsky,
  Bang C. Huynh
 -----------------------------------------------------------------------
 Exchange:     0.2000 Hartree-Fock + 0.0800 Slater + 0.7200 B88
 Correlation:  0.1900 VWN1RPA + 0.8100 LYP
 Using Euler-Maclaurin-Lebedev (99,590) quadrature formula
Added inc_jk
Added qchem_hcore
Added xc
Added P-dependent contribution
 A restricted SCF calculation will be
 performed using GDM
 SCF converges when RMS gradient is below 1.0e-10
 User-specified cutoff of 10e-14
 used for neglect of 2-electron integrals.
 A cutoff of 10e-14
 used for neglect of overlap integrals.
 Incremental Fock algorithm is on at the start.
 ---------------------------------------
  Cycle       Energy        RMS Gradient
 ---------------------------------------
    1    -200.3111500889      1.40e-02   Normal BFGS step
    2    -200.3120525122      2.10e-03   Normal BFGS step
    3    -200.3120574524      2.09e-03   Normal BFGS step
    4    -200.3120727167      3.05e-04   Normal BFGS step
    5    -200.3120728704      1.07e-04   Normal BFGS step
    6    -200.3120729021      8.15e-07   Normal BFGS step
    7    -200.3120729021      1.58e-07   Normal BFGS step
    8    -200.3120729021      1.21e-08   Normal BFGS step
    9    -200.3120729021      5.70e-09   Normal BFGS step
   10    -200.3120729021      1.70e-09   Normal BFGS step
   11    -200.3120729021      2.75e-10   Normal BFGS step
   12    -200.3120729021      2.43e-11  Convergence criterion met
 ---------------------------------------
 SCF time:   CPU 7.86s  wall 2.00s 
 SCF   energy =  -200.31207290
 Total energy =  -200.31207290
 Integrated density by DFT XC:
   Number of electrons = 20
   Numerical integral  =    19.999999994240
   Relative error      =     0.0000000288 %

 --------------------------------------------------------------

                    Orbital Energies (a.u.)
 --------------------------------------------------------------

 Alpha MOs
 -- Occupied --
-24.2811 -24.2811  -0.7884  -0.7452  -0.1702  -0.0324  -0.0323  -0.0139
 -0.0127  -0.0100
 -- Virtual --
  0.4458   0.8404   1.3511   1.3517   1.4846   1.5179   1.5191   1.5348
  1.7723   1.7736   1.9660   2.4025   2.6090   3.9374   3.9376   3.9595
  3.9595   3.9595   3.9595   4.1679   4.1706   4.3632   5.1360
 --------------------------------------------------------------

          Ground-State Mulliken Net Atomic Charges

     Atom                 Charge (a.u.)
  ----------------------------------------
      1 F                    -0.641668
      2 F                    -0.641668
      3 H                     0.283336
  ----------------------------------------
  Sum of atomic charges =    -1.000000

 -----------------------------------------------------------------
                    Cartesian Multipole Moments
 -----------------------------------------------------------------
    Charge (ESU x 10^10)
                -4.8032
    Dipole Moment (Debye)
         X       0.0014      Y      -0.0892      Z       0.0000
       Tot       0.0892
    Quadrupole Moments (Debye-Ang)
        XX     -11.2408     XY      -0.0001     YY     -11.2344
        XZ       0.0000     YZ       0.0000     ZZ     -19.9736
    Octopole Moments (Debye-Ang^2)
       XXX      -0.0008    XXY       0.0180    XYY      -0.0003
       YYY       0.0536    XXZ      -0.0000    XYZ       0.0000
       YYZ      -0.0000    XZZ      -0.0011    YZZ       0.0726
       ZZZ       0.0000
    Hexadecapole Moments (Debye-Ang^3)
      XXXX      -6.3003   XXXY       0.0001   XXYY      -2.1014
      XYYY       0.0001   YYYY      -6.3080   XXXZ       0.0000
      XXYZ       0.0000   XYYZ       0.0000   YYYZ       0.0000
      XXZZ     -16.4909   XYZZ      -0.0000   YYZZ     -16.4904
      XZZZ       0.0000   YZZZ       0.0000   ZZZZ    -101.4487
 -----------------------------------------------------------------
 Eng[-2,0] = -2.00312073e+02
 Calculating analytic gradient of the SCF energy
Added xc
 Gradient of SCF Energy
            1           2           3
    1  -0.0000500  -0.0000500   0.0001000
    2   0.0032860   0.0032860  -0.0065719
    3  -0.0002570   0.0002570  -0.0000000
 Max gradient component =       6.572E-03
 RMS gradient           =       2.686E-03
 Grad[1,-2,0,0] = -3.63479247e-04
 Grad[2,-2,0,0] = -6.74226028e-03
 Grad[3,-2,0,0] = 2.08788335e-09
 Grad[4,-2,0,0] = -2.67931199e-15
 points done 3/20
 CoordNormalMode 2 , 0 , 0
 ----------------------------------------------------------------
             Standard Nuclear Orientation (Angstroms)
    I     Atom           X                Y                Z
 ----------------------------------------------------------------
    1      F       0.0000213434    -0.0014022401    -1.1565525918
    2      F       0.0000213434    -0.0014022401     1.1565525918
    3      H      -0.0008046793     0.0528666920    -0.0000000000
 ----------------------------------------------------------------
 Nuclear Repulsion Energy =          26.75744777 hartrees
 There are       10 alpha and       10 beta electrons

                       Distance Matrix (Angstroms)
             F (  1)   F (  2)
   F (  2)  2.313105
   H (  3)  1.157825  1.157825

 Requested basis set is cc-pVDZ
 There are 15 shells and 33 basis functions
 A cutoff of  1.0D-14 yielded    119 shell pairs
 There are       595 function pairs (       674 Cartesian)
 Smallest overlap matrix eigenvalue = 6.77E-02
 Guess MOs from SCF MO coefficient file

 -----------------------------------------------------------------------
  General SCF calculation program by
  Eric Jon Sundstrom, Paul Horn, Yuezhi Mao, Dmitri Zuev, Alec White,
  David Stuck, Shaama M.S., Shane Yost, Joonho Lee, David Small,
  Daniel Levine, Susi Lehtola, Hugh Burton, Evgeny Epifanovsky,
  Bang C. Huynh
 -----------------------------------------------------------------------
 Exchange:     0.2000 Hartree-Fock + 0.0800 Slater + 0.7200 B88
 Correlation:  0.1900 VWN1RPA + 0.8100 LYP
 Using Euler-Maclaurin-Lebedev (99,590) quadrature formula
Added inc_jk
Added qchem_hcore
Added xc
Added P-dependent contribution
 A restricted SCF calculation will be
 performed using GDM
 SCF converges when RMS gradient is below 1.0e-10
 User-specified cutoff of 10e-14
 used for neglect of 2-electron integrals.
 A cutoff of 10e-14
 used for neglect of overlap integrals.
 Incremental Fock algorithm is on at the start.
 ---------------------------------------
  Cycle       Energy        RMS Gradient
 ---------------------------------------
    1    -200.3105742920      2.49e-02   Normal BFGS step
    2    -200.3120546628      2.53e-03   Normal BFGS step
    3    -200.3120697360      9.54e-04   Normal BFGS step
    4    -200.3120720287      4.11e-04   Normal BFGS step
    5    -200.3120728940      3.23e-05   Normal BFGS step
    6    -200.3120729018      9.31e-06   Normal BFGS step
    7    -200.3120729021      7.58e-07   Normal BFGS step
    8    -200.3120729021      1.31e-07   Normal BFGS step
    9    -200.3120729021      1.76e-08   Normal BFGS step
   10    -200.3120729021      3.13e-09   Normal BFGS step
   11    -200.3120729021      2.66e-10   Normal BFGS step
  GDM::WARNING energy changes are now smaller than effective accuracy.
  GDM::        calculation will continue, but THRESH should be increased
  GDM::        or SCF_CONVERGENCE decreased. 
  GDM::        effective_thresh = 4.60e-10
   12    -200.3120729021      2.64e-10   Normal BFGS step
   13    -200.3120729021      1.31e-12  Convergence criterion met
 ---------------------------------------
 SCF time:   CPU 5.79s  wall 1.00s 
 SCF   energy =  -200.31207290
 Total energy =  -200.31207290
 Integrated density by DFT XC:
   Number of electrons = 20
   Numerical integral  =    19.999999994240
   Relative error      =     0.0000000288 %

 --------------------------------------------------------------

                    Orbital Energies (a.u.)
 --------------------------------------------------------------

 Alpha MOs
 -- Occupied --
-24.2811 -24.2811  -0.7884  -0.7452  -0.1702  -0.0324  -0.0323  -0.0139
 -0.0127  -0.0100
 -- Virtual --
  0.4458   0.8404   1.3511   1.3517   1.4846   1.5179   1.5191   1.5348
  1.7723   1.7736   1.9660   2.4025   2.6090   3.9374   3.9376   3.9595
  3.9595   3.9595   3.9595   4.1679   4.1706   4.3632   5.1360
 --------------------------------------------------------------

          Ground-State Mulliken Net Atomic Charges

     Atom                 Charge (a.u.)
  ----------------------------------------
      1 F                    -0.641668
      2 F                    -0.641668
      3 H                     0.283336
  ----------------------------------------
  Sum of atomic charges =    -1.000000

 -----------------------------------------------------------------
                    Cartesian Multipole Moments
 -----------------------------------------------------------------
    Charge (ESU x 10^10)
                -4.8032
    Dipole Moment (Debye)
         X      -0.0014      Y       0.0892      Z      -0.0000
       Tot       0.0892
    Quadrupole Moments (Debye-Ang)
        XX     -11.2408     XY      -0.0001     YY     -11.2344
        XZ       0.0000     YZ       0.0000     ZZ     -19.9736
    Octopole Moments (Debye-Ang^2)
       XXX       0.0008    XXY      -0.0180    XYY       0.0003
       YYY      -0.0536    XXZ      -0.0000    XYZ      -0.0000
       YYZ      -0.0000    XZZ       0.0011    YZZ      -0.0726
       ZZZ      -0.0000
    Hexadecapole Moments (Debye-Ang^3)
      XXXX      -6.3003   XXXY       0.0001   XXYY      -2.1014
      XYYY       0.0001   YYYY      -6.3080   XXXZ       0.0000
      XXYZ       0.0000   XYYZ       0.0000   YYYZ       0.0000
      XXZZ     -16.4909   XYZZ      -0.0000   YYZZ     -16.4904
      XZZZ       0.0000   YZZZ       0.0000   ZZZZ    -101.4487
 -----------------------------------------------------------------
 Eng[2,0] = -2.00312073e+02
 Calculating analytic gradient of the SCF energy
Added xc
 Gradient of SCF Energy
            1           2           3
    1   0.0000500   0.0000500  -0.0001000
    2  -0.0032860  -0.0032860   0.0065719
    3  -0.0002570   0.0002570  -0.0000000
 Max gradient component =       6.572E-03
 RMS gradient           =       2.686E-03
 Grad[1,2,0,0] = -3.63479249e-04
 Grad[2,2,0,0] = 6.74226028e-03
 Grad[3,2,0,0] = -2.08788524e-09
 Grad[4,2,0,0] = -5.86076649e-16
 points done 4/20
 CoordNormalMode -3 , 0 , 0
 ----------------------------------------------------------------
             Standard Nuclear Orientation (Angstroms)
    I     Atom           X                Y                Z
 ----------------------------------------------------------------
    1      F       0.0014022401     0.0000213434    -1.1565525918
    2      F       0.0014022401     0.0000213434     1.1565525918
    3      H      -0.0528666920    -0.0008046793    -0.0000000000
 ----------------------------------------------------------------
 Nuclear Repulsion Energy =          26.75744777 hartrees
 There are       10 alpha and       10 beta electrons

                       Distance Matrix (Angstroms)
             F (  1)   F (  2)
   F (  2)  2.313105
   H (  3)  1.157825  1.157825

 Requested basis set is cc-pVDZ
 There are 15 shells and 33 basis functions
 A cutoff of  1.0D-14 yielded    119 shell pairs
 There are       595 function pairs (       674 Cartesian)
 Smallest overlap matrix eigenvalue = 6.77E-02
 Guess MOs from SCF MO coefficient file

 -----------------------------------------------------------------------
  General SCF calculation program by
  Eric Jon Sundstrom, Paul Horn, Yuezhi Mao, Dmitri Zuev, Alec White,
  David Stuck, Shaama M.S., Shane Yost, Joonho Lee, David Small,
  Daniel Levine, Susi Lehtola, Hugh Burton, Evgeny Epifanovsky,
  Bang C. Huynh
 -----------------------------------------------------------------------
 Exchange:     0.2000 Hartree-Fock + 0.0800 Slater + 0.7200 B88
 Correlation:  0.1900 VWN1RPA + 0.8100 LYP
 Using Euler-Maclaurin-Lebedev (99,590) quadrature formula
Added inc_jk
Added qchem_hcore
Added xc
Added P-dependent contribution
 A restricted SCF calculation will be
 performed using GDM
 SCF converges when RMS gradient is below 1.0e-10
 User-specified cutoff of 10e-14
 used for neglect of 2-electron integrals.
 A cutoff of 10e-14
 used for neglect of overlap integrals.
 Incremental Fock algorithm is on at the start.
 ---------------------------------------
  Cycle       Energy        RMS Gradient
 ---------------------------------------
    1    -200.3113244161      1.75e-02   Normal BFGS step
    2    -200.3120641469      1.33e-03   Normal BFGS step
    3    -200.3120720830      4.80e-04   Normal BFGS step
    4    -200.3120724711      3.14e-04   Normal BFGS step
    5    -200.3120729005      1.20e-05   Normal BFGS step
    6    -200.3120729020      3.83e-06   Normal BFGS step
    7    -200.3120729021      2.46e-07   Normal BFGS step
    8    -200.3120729021      6.76e-08   Normal BFGS step
    9    -200.3120729021      3.85e-09   Normal BFGS step
   10    -200.3120729021      5.01e-10   Normal BFGS step
  GDM::WARNING energy changes are now smaller than effective accuracy.
  GDM::        calculation will continue, but THRESH should be increased
  GDM::        or SCF_CONVERGENCE decreased. 
  GDM::        effective_thresh = 3.47e-09
   11    -200.3120729021      1.11e-10   Normal BFGS step
   12    -200.3120729021      9.21e-11  Convergence criterion met
 ---------------------------------------
 SCF time:   CPU 12.91s  wall 1.00s 
 SCF   energy =  -200.31207290
 Total energy =  -200.31207290
 Integrated density by DFT XC:
   Number of electrons = 20
   Numerical integral  =    19.999999994240
   Relative error      =     0.0000000288 %

 --------------------------------------------------------------

                    Orbital Energies (a.u.)
 --------------------------------------------------------------

 Alpha MOs
 -- Occupied --
-24.2811 -24.2811  -0.7884  -0.7452  -0.1702  -0.0324  -0.0323  -0.0139
 -0.0127  -0.0100
 -- Virtual --
  0.4458   0.8404   1.3511   1.3517   1.4846   1.5179   1.5191   1.5348
  1.7723   1.7736   1.9660   2.4025   2.6090   3.9374   3.9376   3.9595
  3.9595   3.9595   3.9595   4.1679   4.1706   4.3632   5.1360
 --------------------------------------------------------------

          Ground-State Mulliken Net Atomic Charges

     Atom                 Charge (a.u.)
  ----------------------------------------
      1 F                    -0.641668
      2 F                    -0.641668
      3 H                     0.283336
  ----------------------------------------
  Sum of atomic charges =    -1.000000

 -----------------------------------------------------------------
                    Cartesian Multipole Moments
 -----------------------------------------------------------------
    Charge (ESU x 10^10)
                -4.8032
    Dipole Moment (Debye)
         X      -0.0892      Y      -0.0014      Z      -0.0000
       Tot       0.0892
    Quadrupole Moments (Debye-Ang)
        XX     -11.2344     XY       0.0001     YY     -11.2408
        XZ      -0.0000     YZ       0.0000     ZZ     -19.9736
    Octopole Moments (Debye-Ang^2)
       XXX       0.0536    XXY       0.0003    XYY       0.0180
       YYY       0.0008    XXZ      -0.0000    XYZ       0.0000
       YYZ       0.0000    XZZ       0.0726    YZZ       0.0011
       ZZZ      -0.0000
    Hexadecapole Moments (Debye-Ang^3)
      XXXX      -6.3080   XXXY      -0.0001   XXYY      -2.1014
      XYYY      -0.0001   YYYY      -6.3003   XXXZ      -0.0000
      XXYZ       0.0000   XYYZ      -0.0000   YYYZ       0.0000
      XXZZ     -16.4904   XYZZ       0.0000   YYZZ     -16.4909
      XZZZ      -0.0000   YZZZ       0.0000   ZZZZ    -101.4487
 -----------------------------------------------------------------
 Eng[-3,0] = -2.00312073e+02
 Calculating analytic gradient of the SCF energy
Added xc
 Gradient of SCF Energy
            1           2           3
    1   0.0032860   0.0032860  -0.0065719
    2   0.0000500   0.0000500  -0.0001000
    3  -0.0002570   0.0002570  -0.0000000
 Max gradient component =       6.572E-03
 RMS gradient           =       2.686E-03
 Grad[1,-3,0,0] = -3.63479249e-04
 Grad[2,-3,0,0] = -2.08765163e-09
 Grad[3,-3,0,0] = -6.74226028e-03
 Grad[4,-3,0,0] = -7.81144959e-16
 points done 5/20
 CoordNormalMode 3 , 0 , 0
 ----------------------------------------------------------------
             Standard Nuclear Orientation (Angstroms)
    I     Atom           X                Y                Z
 ----------------------------------------------------------------
    1      F      -0.0014022401    -0.0000213434    -1.1565525918
    2      F      -0.0014022401    -0.0000213434     1.1565525918
    3      H       0.0528666920     0.0008046793     0.0000000000
 ----------------------------------------------------------------
 Nuclear Repulsion Energy =          26.75744777 hartrees
 There are       10 alpha and       10 beta electrons

                       Distance Matrix (Angstroms)
             F (  1)   F (  2)
   F (  2)  2.313105
   H (  3)  1.157825  1.157825

 Requested basis set is cc-pVDZ
 There are 15 shells and 33 basis functions
 A cutoff of  1.0D-14 yielded    119 shell pairs
 There are       595 function pairs (       674 Cartesian)
 Smallest overlap matrix eigenvalue = 6.77E-02
 Guess MOs from SCF MO coefficient file

 -----------------------------------------------------------------------
  General SCF calculation program by
  Eric Jon Sundstrom, Paul Horn, Yuezhi Mao, Dmitri Zuev, Alec White,
  David Stuck, Shaama M.S., Shane Yost, Joonho Lee, David Small,
  Daniel Levine, Susi Lehtola, Hugh Burton, Evgeny Epifanovsky,
  Bang C. Huynh
 -----------------------------------------------------------------------
 Exchange:     0.2000 Hartree-Fock + 0.0800 Slater + 0.7200 B88
 Correlation:  0.1900 VWN1RPA + 0.8100 LYP
 Using Euler-Maclaurin-Lebedev (99,590) quadrature formula
Added inc_jk
Added qchem_hcore
Added xc
Added P-dependent contribution
 A restricted SCF calculation will be
 performed using GDM
 SCF converges when RMS gradient is below 1.0e-10
 User-specified cutoff of 10e-14
 used for neglect of 2-electron integrals.
 A cutoff of 10e-14
 used for neglect of overlap integrals.
 Incremental Fock algorithm is on at the start.
 ---------------------------------------
  Cycle       Energy        RMS Gradient
 ---------------------------------------
    1    -200.3105742920      2.49e-02   Normal BFGS step
    2    -200.3120546628      2.53e-03   Normal BFGS step
    3    -200.3120697360      9.54e-04   Normal BFGS step
    4    -200.3120720287      4.11e-04   Normal BFGS step
    5    -200.3120728940      3.23e-05   Normal BFGS step
    6    -200.3120729018      9.31e-06   Normal BFGS step
    7    -200.3120729021      7.58e-07   Normal BFGS step
    8    -200.3120729021      1.31e-07   Normal BFGS step
    9    -200.3120729021      1.76e-08   Normal BFGS step
   10    -200.3120729021      3.13e-09   Normal BFGS step
   11    -200.3120729021      2.66e-10   Normal BFGS step
  GDM::WARNING energy changes are now smaller than effective accuracy.
  GDM::        calculation will continue, but THRESH should be increased
  GDM::        or SCF_CONVERGENCE decreased. 
  GDM::        effective_thresh = 3.21e-09
   12    -200.3120729021      2.64e-10   Normal BFGS step
   13    -200.3120729021      1.31e-12  Convergence criterion met
 ---------------------------------------
 SCF time:   CPU 5.70s  wall 1.00s 
 SCF   energy =  -200.31207290
 Total energy =  -200.31207290
 Integrated density by DFT XC:
   Number of electrons = 20
   Numerical integral  =    19.999999994240
   Relative error      =     0.0000000288 %

 --------------------------------------------------------------

                    Orbital Energies (a.u.)
 --------------------------------------------------------------

 Alpha MOs
 -- Occupied --
-24.2811 -24.2811  -0.7884  -0.7452  -0.1702  -0.0324  -0.0323  -0.0139
 -0.0127  -0.0100
 -- Virtual --
  0.4458   0.8404   1.3511   1.3517   1.4846   1.5179   1.5191   1.5348
  1.7723   1.7736   1.9660   2.4025   2.6090   3.9374   3.9376   3.9595
  3.9595   3.9595   3.9595   4.1679   4.1706   4.3632   5.1360
 --------------------------------------------------------------

          Ground-State Mulliken Net Atomic Charges

     Atom                 Charge (a.u.)
  ----------------------------------------
      1 F                    -0.641668
      2 F                    -0.641668
      3 H                     0.283336
  ----------------------------------------
  Sum of atomic charges =    -1.000000

 -----------------------------------------------------------------
                    Cartesian Multipole Moments
 -----------------------------------------------------------------
    Charge (ESU x 10^10)
                -4.8032
    Dipole Moment (Debye)
         X       0.0892      Y       0.0014      Z       0.0000
       Tot       0.0892
    Quadrupole Moments (Debye-Ang)
        XX     -11.2344     XY       0.0001     YY     -11.2408
        XZ       0.0000     YZ       0.0000     ZZ     -19.9736
    Octopole Moments (Debye-Ang^2)
       XXX      -0.0536    XXY      -0.0003    XYY      -0.0180
       YYY      -0.0008    XXZ       0.0000    XYZ       0.0000
       YYZ       0.0000    XZZ      -0.0726    YZZ      -0.0011
       ZZZ       0.0000
    Hexadecapole Moments (Debye-Ang^3)
      XXXX      -6.3080   XXXY      -0.0001   XXYY      -2.1014
      XYYY      -0.0001   YYYY      -6.3003   XXXZ      -0.0000
      XXYZ       0.0000   XYYZ      -0.0000   YYYZ       0.0000
      XXZZ     -16.4904   XYZZ       0.0000   YYZZ     -16.4909
      XZZZ      -0.0000   YZZZ       0.0000   ZZZZ    -101.4487
 -----------------------------------------------------------------
 Eng[3,0] = -2.00312073e+02
 Calculating analytic gradient of the SCF energy
Added xc
 Gradient of SCF Energy
            1           2           3
    1  -0.0032860  -0.0032860   0.0065719
    2  -0.0000500  -0.0000500   0.0001000
    3  -0.0002570   0.0002570  -0.0000000
 Max gradient component =       6.572E-03
 RMS gradient           =       2.686E-03
 Grad[1,3,0,0] = -3.63479249e-04
 Grad[2,3,0,0] = 2.08788141e-09
 Grad[3,3,0,0] = 6.74226028e-03
 Grad[4,3,0,0] = -3.38224851e-15
 points done 6/20
 CoordNormalMode -4 , 0 , 0
 ----------------------------------------------------------------
             Standard Nuclear Orientation (Angstroms)
    I     Atom           X                Y                Z
 ----------------------------------------------------------------
    1      F      -0.0000000000     0.0000000000    -1.1551501892
    2      F      -0.0000000000     0.0000000000     1.1579549943
    3      H       0.0000000000    -0.0000000000    -0.0528728156
 ----------------------------------------------------------------
 Nuclear Repulsion Energy =          26.78467930 hartrees
 There are       10 alpha and       10 beta electrons

                       Distance Matrix (Angstroms)
             F (  1)   F (  2)
   F (  2)  2.313105
   H (  3)  1.102277  1.210828

 Requested basis set is cc-pVDZ
 There are 15 shells and 33 basis functions
 A cutoff of  1.0D-14 yielded    119 shell pairs
 There are       595 function pairs (       674 Cartesian)
 Smallest overlap matrix eigenvalue = 6.56E-02
 Guess MOs from SCF MO coefficient file

 -----------------------------------------------------------------------
  General SCF calculation program by
  Eric Jon Sundstrom, Paul Horn, Yuezhi Mao, Dmitri Zuev, Alec White,
  David Stuck, Shaama M.S., Shane Yost, Joonho Lee, David Small,
  Daniel Levine, Susi Lehtola, Hugh Burton, Evgeny Epifanovsky,
  Bang C. Huynh
 -----------------------------------------------------------------------
 Exchange:     0.2000 Hartree-Fock + 0.0800 Slater + 0.7200 B88
 Correlation:  0.1900 VWN1RPA + 0.8100 LYP
 Using Euler-Maclaurin-Lebedev (99,590) quadrature formula
Added inc_jk
Added qchem_hcore
Added xc
Added P-dependent contribution
 A restricted SCF calculation will be
 performed using GDM
 SCF converges when RMS gradient is below 1.0e-10
 User-specified cutoff of 10e-14
 used for neglect of 2-electron integrals.
 A cutoff of 10e-14
 used for neglect of overlap integrals.
 Incremental Fock algorithm is on at the start.
 ---------------------------------------
  Cycle       Energy        RMS Gradient
 ---------------------------------------
    1    -200.3101315360      2.00e-02   Normal BFGS step
    2    -200.3118036488      6.95e-03   Normal BFGS step
    3    -200.3117854682      9.21e-03  Line search: overstep
    4    -200.3119124340      6.64e-04   Normal BFGS step
    5    -200.3119183538      1.89e-04   Normal BFGS step
    6    -200.3119185934      2.19e-05   Normal BFGS step
    7    -200.3119185962      3.42e-06   Normal BFGS step
    8    -200.3119185962      2.72e-06   Normal BFGS step
    9    -200.3119185963      8.40e-07   Normal BFGS step
   10    -200.3119185963      1.96e-07   Normal BFGS step
   11    -200.3119185963      1.01e-08   Normal BFGS step
   12    -200.3119185963      1.38e-09   Normal BFGS step
   13    -200.3119185963      1.16e-09   Normal BFGS step
   14    -200.3119185963      3.93e-10   Normal BFGS step
   15    -200.3119185963      3.40e-11  Convergence criterion met
 ---------------------------------------
 SCF time:   CPU 7.67s  wall 1.00s 
 SCF   energy =  -200.31191860
 Total energy =  -200.31191860
 Integrated density by DFT XC:
   Number of electrons = 20
   Numerical integral  =    20.000000007331
   Relative error      =     0.0000000367 %

 --------------------------------------------------------------

                    Orbital Energies (a.u.)
 --------------------------------------------------------------

 Alpha MOs
 -- Occupied --
-24.2975 -24.2649  -0.7978  -0.7375  -0.1744  -0.0415  -0.0415  -0.0086
 -0.0042  -0.0042
 -- Virtual --
  0.4466   0.8460   1.3523   1.3523   1.4729   1.5171   1.5171   1.5461
  1.7715   1.7715   1.9645   2.4035   2.6235   3.9404   3.9404   3.9428
  3.9428   3.9755   3.9755   4.1745   4.1745   4.3640   5.1373
 --------------------------------------------------------------

          Ground-State Mulliken Net Atomic Charges

     Atom                 Charge (a.u.)
  ----------------------------------------
      1 F                    -0.595155
      2 F                    -0.682189
      3 H                     0.277344
  ----------------------------------------
  Sum of atomic charges =    -1.000000

 -----------------------------------------------------------------
                    Cartesian Multipole Moments
 -----------------------------------------------------------------
    Charge (ESU x 10^10)
                -4.8032
    Dipole Moment (Debye)
         X      -0.0000      Y      -0.0000      Z      -0.4146
       Tot       0.4146
    Quadrupole Moments (Debye-Ang)
        XX     -11.2386     XY       0.0000     YY     -11.2386
        XZ       0.0000     YZ       0.0000     ZZ     -19.9657
    Octopole Moments (Debye-Ang^2)
       XXX      -0.0000    XXY      -0.0000    XYY      -0.0000
       YYY      -0.0000    XXZ      -0.0912    XYZ       0.0000
       YYZ      -0.0912    XZZ      -0.0000    YZZ      -0.0000
       ZZZ      -0.7583
    Hexadecapole Moments (Debye-Ang^3)
      XXXX      -6.3017   XXXY       0.0000   XXYY      -2.1006
      XYYY       0.0000   YYYY      -6.3017   XXXZ      -0.0000
      XXYZ      -0.0000   XYYZ      -0.0000   YYYZ      -0.0000
      XXZZ     -16.4899   XYZZ       0.0000   YYZZ     -16.4899
      XZZZ       0.0000   YZZZ      -0.0000   ZZZZ    -101.4370
 -----------------------------------------------------------------
 Eng[-4,0] = -2.00311919e+02
 Calculating analytic gradient of the SCF energy
Added xc
 Gradient of SCF Energy
            1           2           3
    1   0.0000000   0.0000000  -0.0000000
    2   0.0000000   0.0000000  -0.0000000
    3   0.0069441   0.0029278  -0.0098719
 Max gradient component =       9.872E-03
 RMS gradient           =       4.140E-03
 Grad[1,-4,0,0] = 2.83995948e-03
 Grad[2,-4,0,0] = -2.50272775e-16
 Grad[3,-4,0,0] = -1.99461019e-13
 Grad[4,-4,0,0] = -1.01266264e-02
 points done 7/20
 CoordNormalMode 4 , 0 , 0
 ----------------------------------------------------------------
             Standard Nuclear Orientation (Angstroms)
    I     Atom           X                Y                Z
 ----------------------------------------------------------------
    1      F       0.0000000000    -0.0000000000    -1.1579549943
    2      F       0.0000000000    -0.0000000000     1.1551501892
    3      H      -0.0000000000     0.0000000000     0.0528728156
 ----------------------------------------------------------------
 Nuclear Repulsion Energy =          26.78467930 hartrees
 There are       10 alpha and       10 beta electrons

                       Distance Matrix (Angstroms)
             F (  1)   F (  2)
   F (  2)  2.313105
   H (  3)  1.210828  1.102277

 Requested basis set is cc-pVDZ
 There are 15 shells and 33 basis functions
 A cutoff of  1.0D-14 yielded    119 shell pairs
 There are       595 function pairs (       674 Cartesian)
 Smallest overlap matrix eigenvalue = 6.56E-02
 Guess MOs from SCF MO coefficient file

 -----------------------------------------------------------------------
  General SCF calculation program by
  Eric Jon Sundstrom, Paul Horn, Yuezhi Mao, Dmitri Zuev, Alec White,
  David Stuck, Shaama M.S., Shane Yost, Joonho Lee, David Small,
  Daniel Levine, Susi Lehtola, Hugh Burton, Evgeny Epifanovsky,
  Bang C. Huynh
 -----------------------------------------------------------------------
 Exchange:     0.2000 Hartree-Fock + 0.0800 Slater + 0.7200 B88
 Correlation:  0.1900 VWN1RPA + 0.8100 LYP
 Using Euler-Maclaurin-Lebedev (99,590) quadrature formula
Added inc_jk
Added qchem_hcore
Added xc
Added P-dependent contribution
 A restricted SCF calculation will be
 performed using GDM
 SCF converges when RMS gradient is below 1.0e-10
 User-specified cutoff of 10e-14
 used for neglect of 2-electron integrals.
 A cutoff of 10e-14
 used for neglect of overlap integrals.
 Incremental Fock algorithm is on at the start.
 ---------------------------------------
  Cycle       Energy        RMS Gradient
 ---------------------------------------
    1    -200.3062413439      4.08e-02   Normal BFGS step
    2    -200.3114831135      1.37e-02   Normal BFGS step
    3    -200.3114658381      1.79e-02  Line search: overstep
    4    -200.3118923389      1.70e-03   Normal BFGS step
    5    -200.3119176991      3.73e-04   Normal BFGS step
    6    -200.3119185638      8.37e-05   Normal BFGS step
    7    -200.3119185782      6.04e-05   Normal BFGS step
    8    -200.3119185960      6.29e-06   Normal BFGS step
    9    -200.3119185963      1.21e-06   Normal BFGS step
   10    -200.3119185963      1.61e-07   Normal BFGS step
   11    -200.3119185963      3.54e-08   Normal BFGS step
   12    -200.3119185963      9.19e-10   Normal BFGS step
   13    -200.3119185963      1.52e-09   Normal BFGS step
   14    -200.3119185963      5.84e-11  Convergence criterion met
 ---------------------------------------
 SCF time:   CPU 6.12s  wall 1.00s 
 SCF   energy =  -200.31191860
 Total energy =  -200.31191860
 Integrated density by DFT XC:
   Number of electrons = 20
   Numerical integral  =    20.000000007331
   Relative error      =     0.0000000367 %

 --------------------------------------------------------------

                    Orbital Energies (a.u.)
 --------------------------------------------------------------

 Alpha MOs
 -- Occupied --
-24.2975 -24.2649  -0.7978  -0.7375  -0.1744  -0.0415  -0.0415  -0.0086
 -0.0042  -0.0042
 -- Virtual --
  0.4466   0.8460   1.3523   1.3523   1.4729   1.5171   1.5171   1.5461
  1.7715   1.7715   1.9645   2.4035   2.6235   3.9404   3.9404   3.9428
  3.9428   3.9755   3.9755   4.1745   4.1745   4.3640   5.1373
 --------------------------------------------------------------

          Ground-State Mulliken Net Atomic Charges

     Atom                 Charge (a.u.)
  ----------------------------------------
      1 F                    -0.682189
      2 F                    -0.595155
      3 H                     0.277344
  ----------------------------------------
  Sum of atomic charges =    -1.000000

 -----------------------------------------------------------------
                    Cartesian Multipole Moments
 -----------------------------------------------------------------
    Charge (ESU x 10^10)
                -4.8032
    Dipole Moment (Debye)
         X      -0.0000      Y       0.0000      Z       0.4146
       Tot       0.4146
    Quadrupole Moments (Debye-Ang)
        XX     -11.2386     XY      -0.0000     YY     -11.2386
        XZ      -0.0000     YZ      -0.0000     ZZ     -19.9657
    Octopole Moments (Debye-Ang^2)
       XXX       0.0000    XXY      -0.0000    XYY       0.0000
       YYY      -0.0000    XXZ       0.0912    XYZ       0.0000
       YYZ       0.0912    XZZ       0.0000    YZZ      -0.0000
       ZZZ       0.7583
    Hexadecapole Moments (Debye-Ang^3)
      XXXX      -6.3017   XXXY      -0.0000   XXYY      -2.1006
      XYYY      -0.0000   YYYY      -6.3017   XXXZ      -0.0000
      XXYZ      -0.0000   XYYZ      -0.0000   YYYZ      -0.0000
      XXZZ     -16.4899   XYZZ      -0.0000   YYZZ     -16.4899
      XZZZ      -0.0000   YZZZ      -0.0000   ZZZZ    -101.4370
 -----------------------------------------------------------------
 Eng[4,0] = -2.00311919e+02
 Calculating analytic gradient of the SCF energy
Added xc
 Gradient of SCF Energy
            1           2           3
    1   0.0000000  -0.0000000  -0.0000000
    2  -0.0000000  -0.0000000   0.0000000
    3  -0.0029278  -0.0069441   0.0098719
 Max gradient component =       9.872E-03
 RMS gradient           =       4.140E-03
 Grad[1,4,0,0] = 2.83995948e-03
 Grad[2,4,0,0] = 3.65508731e-16
 Grad[3,4,0,0] = 1.46868191e-15
 Grad[4,4,0,0] = 1.01266264e-02
 points done 8/20
 CoordNormalMode -2 , -1 , 0
 ----------------------------------------------------------------
             Standard Nuclear Orientation (Angstroms)
    I     Atom           X                Y                Z
 ----------------------------------------------------------------
    1      F      -0.0000213434     0.0014022401    -1.1939656116
    2      F      -0.0000213434     0.0014022401     1.1939656116
    3      H       0.0008046793    -0.0528666920     0.0000000000
 ----------------------------------------------------------------
 Nuclear Repulsion Energy =          25.91954092 hartrees
 There are       10 alpha and       10 beta electrons

                       Distance Matrix (Angstroms)
             F (  1)   F (  2)
   F (  2)  2.387931
   H (  3)  1.195199  1.195199

 Requested basis set is cc-pVDZ
 There are 15 shells and 33 basis functions
 A cutoff of  1.0D-14 yielded    119 shell pairs
 There are       595 function pairs (       674 Cartesian)
 Smallest overlap matrix eigenvalue = 7.36E-02
 Guess MOs from SCF MO coefficient file

 -----------------------------------------------------------------------
  General SCF calculation program by
  Eric Jon Sundstrom, Paul Horn, Yuezhi Mao, Dmitri Zuev, Alec White,
  David Stuck, Shaama M.S., Shane Yost, Joonho Lee, David Small,
  Daniel Levine, Susi Lehtola, Hugh Burton, Evgeny Epifanovsky,
  Bang C. Huynh
 -----------------------------------------------------------------------
 Exchange:     0.2000 Hartree-Fock + 0.0800 Slater + 0.7200 B88
 Correlation:  0.1900 VWN1RPA + 0.8100 LYP
 Using Euler-Maclaurin-Lebedev (99,590) quadrature formula
Added inc_jk
Added qchem_hcore
Added xc
Added P-dependent contribution
 A restricted SCF calculation will be
 performed using GDM
 SCF converges when RMS gradient is below 1.0e-10
 User-specified cutoff of 10e-14
 used for neglect of 2-electron integrals.
 A cutoff of 10e-14
 used for neglect of overlap integrals.
 Incremental Fock algorithm is on at the start.
 ---------------------------------------
  Cycle       Energy        RMS Gradient
 ---------------------------------------
    1    -200.3084924600      1.68e-02   Normal BFGS step
    2    -200.3106997253      5.77e-03   Normal BFGS step
    3    -200.3106724507      7.82e-03  Line search: overstep
    4    -200.3108298547      6.91e-04   Normal BFGS step
    5    -200.3108364527      3.72e-04   Normal BFGS step
    6    -200.3108370124      2.24e-04   Normal BFGS step
    7    -200.3108372408      7.50e-05   Normal BFGS step
    8    -200.3108372598      8.40e-06   Normal BFGS step
    9    -200.3108372605      7.82e-07   Normal BFGS step
   10    -200.3108372605      1.71e-07   Normal BFGS step
   11    -200.3108372605      2.16e-08   Normal BFGS step
   12    -200.3108372605      3.31e-09   Normal BFGS step
   13    -200.3108372605      2.63e-09   Normal BFGS step
   14    -200.3108372605      2.65e-10   Normal BFGS step
   15    -200.3108372605      8.47e-11  Convergence criterion met
 ---------------------------------------
 SCF time:   CPU 6.80s  wall 1.00s 
 SCF   energy =  -200.31083726
 Total energy =  -200.31083726
 Integrated density by DFT XC:
   Number of electrons = 20
   Numerical integral  =    19.999999990616
   Relative error      =     0.0000000469 %

 --------------------------------------------------------------

                    Orbital Energies (a.u.)
 --------------------------------------------------------------

 Alpha MOs
 -- Occupied --
-24.2864 -24.2863  -0.7840  -0.7482  -0.1657  -0.0328  -0.0327  -0.0179
 -0.0163  -0.0147
 -- Virtual --
  0.4334   0.8003   1.3444   1.3449   1.4947   1.5080   1.5102   1.5446
  1.7714   1.7724   1.9550   2.3118   2.5881   3.9366   3.9367   3.9575
  3.9575   3.9575   3.9575   4.1237   4.1262   4.2824   5.0502
 --------------------------------------------------------------

          Ground-State Mulliken Net Atomic Charges

     Atom                 Charge (a.u.)
  ----------------------------------------
      1 F                    -0.648090
      2 F                    -0.648090
      3 H                     0.296181
  ----------------------------------------
  Sum of atomic charges =    -1.000000

 -----------------------------------------------------------------
                    Cartesian Multipole Moments
 -----------------------------------------------------------------
    Charge (ESU x 10^10)
                -4.8032
    Dipole Moment (Debye)
         X       0.0014      Y      -0.0893      Z       0.0000
       Tot       0.0893
    Quadrupole Moments (Debye-Ang)
        XX     -11.2783     XY      -0.0001     YY     -11.2719
        XZ      -0.0000     YZ       0.0000     ZZ     -20.4509
    Octopole Moments (Debye-Ang^2)
       XXX      -0.0009    XXY       0.0188    XYY      -0.0003
       YYY       0.0560    XXZ       0.0000    XYZ      -0.0000
       YYZ       0.0000    XZZ      -0.0011    YZZ       0.0734
       ZZZ       0.0000
    Hexadecapole Moments (Debye-Ang^3)
      XXXX      -6.3464   XXXY       0.0001   XXYY      -2.1168
      XYYY       0.0001   YYYY      -6.3544   XXXZ      -0.0000
      XXYZ       0.0000   XYYZ      -0.0000   YYYZ       0.0000
      XXZZ     -17.4322   XYZZ      -0.0000   YYZZ     -17.4319
      XZZZ      -0.0000   YZZZ       0.0000   ZZZZ    -108.1992
 -----------------------------------------------------------------
 Eng[-2,-1] = -2.00310837e+02
 points done 9/20
 CoordNormalMode 2 , 1 , 0
 ----------------------------------------------------------------
             Standard Nuclear Orientation (Angstroms)
    I     Atom           X                Y                Z
 ----------------------------------------------------------------
    1      F       0.0000213434    -0.0014022401    -1.1191395720
    2      F       0.0000213434    -0.0014022401     1.1191395720
    3      H      -0.0008046793     0.0528666920    -0.0000000000
 ----------------------------------------------------------------
 Nuclear Repulsion Energy =          27.65131873 hartrees
 There are       10 alpha and       10 beta electrons

                       Distance Matrix (Angstroms)
             F (  1)   F (  2)
   F (  2)  2.238279
   H (  3)  1.120455  1.120455

 Requested basis set is cc-pVDZ
 There are 15 shells and 33 basis functions
 A cutoff of  1.0D-14 yielded    119 shell pairs
 There are       595 function pairs (       674 Cartesian)
 Smallest overlap matrix eigenvalue = 6.20E-02
 Guess MOs from SCF MO coefficient file

 -----------------------------------------------------------------------
  General SCF calculation program by
  Eric Jon Sundstrom, Paul Horn, Yuezhi Mao, Dmitri Zuev, Alec White,
  David Stuck, Shaama M.S., Shane Yost, Joonho Lee, David Small,
  Daniel Levine, Susi Lehtola, Hugh Burton, Evgeny Epifanovsky,
  Bang C. Huynh
 -----------------------------------------------------------------------
 Exchange:     0.2000 Hartree-Fock + 0.0800 Slater + 0.7200 B88
 Correlation:  0.1900 VWN1RPA + 0.8100 LYP
 Using Euler-Maclaurin-Lebedev (99,590) quadrature formula
Added inc_jk
Added qchem_hcore
Added xc
Added P-dependent contribution
 A restricted SCF calculation will be
 performed using GDM
 SCF converges when RMS gradient is below 1.0e-10
 User-specified cutoff of 10e-14
 used for neglect of 2-electron integrals.
 A cutoff of 10e-14
 used for neglect of overlap integrals.
 Incremental Fock algorithm is on at the start.
 ---------------------------------------
  Cycle       Energy        RMS Gradient
 ---------------------------------------
    1    -200.3073997382      2.62e-02   Normal BFGS step
    2    -200.3106378490      2.88e-03   Normal BFGS step
    3    -200.3106674797      2.77e-03   Normal BFGS step
    4    -200.3106935984      8.03e-04   Normal BFGS step
    5    -200.3106946516      2.87e-04   Normal BFGS step
    6    -200.3106948674      5.81e-06   Normal BFGS step
    7    -200.3106948675      4.49e-07   Normal BFGS step
    8    -200.3106948675      7.90e-08   Normal BFGS step
    9    -200.3106948675      8.29e-09   Normal BFGS step
   10    -200.3106948675      8.38e-10   Normal BFGS step
   11    -200.3106948675      1.97e-10   Normal BFGS step
  GDM::WARNING energy changes are now smaller than effective accuracy.
  GDM::        calculation will continue, but THRESH should be increased
  GDM::        or SCF_CONVERGENCE decreased. 
  GDM::        effective_thresh = 8.24e-10
   12    -200.3106948675      3.77e-11  Convergence criterion met
 ---------------------------------------
 SCF time:   CPU 5.30s  wall 1.00s 
 SCF   energy =  -200.31069487
 Total energy =  -200.31069487
 Integrated density by DFT XC:
   Number of electrons = 20
   Numerical integral  =    20.000000047554
   Relative error      =     0.0000002378 %

 --------------------------------------------------------------

                    Orbital Energies (a.u.)
 --------------------------------------------------------------

 Alpha MOs
 -- Occupied --
-24.2755 -24.2755  -0.7940  -0.7418  -0.1750  -0.0323  -0.0322  -0.0098
 -0.0088  -0.0044
 -- Virtual --
  0.4554   0.8898   1.3586   1.3594   1.4734   1.5243   1.5284   1.5293
  1.7720   1.7738   1.9684   2.5178   2.6225   3.9382   3.9384   3.9615
  3.9615   3.9615   3.9615   4.2194   4.2223   4.4563   5.2113
 --------------------------------------------------------------

          Ground-State Mulliken Net Atomic Charges

     Atom                 Charge (a.u.)
  ----------------------------------------
      1 F                    -0.632281
      2 F                    -0.632281
      3 H                     0.264562
  ----------------------------------------
  Sum of atomic charges =    -1.000000

 -----------------------------------------------------------------
                    Cartesian Multipole Moments
 -----------------------------------------------------------------
    Charge (ESU x 10^10)
                -4.8032
    Dipole Moment (Debye)
         X      -0.0014      Y       0.0889      Z       0.0000
       Tot       0.0889
    Quadrupole Moments (Debye-Ang)
        XX     -11.2040     XY      -0.0001     YY     -11.1976
        XZ       0.0000     YZ      -0.0000     ZZ     -19.5074
    Octopole Moments (Debye-Ang^2)
       XXX       0.0008    XXY      -0.0174    XYY       0.0003
       YYY      -0.0518    XXZ      -0.0000    XYZ      -0.0000
       YYZ      -0.0000    XZZ       0.0011    YZZ      -0.0720
       ZZZ      -0.0000
    Hexadecapole Moments (Debye-Ang^3)
      XXXX      -6.2591   XXXY       0.0001   XXYY      -2.0876
      XYYY       0.0001   YYYY      -6.2666   XXXZ       0.0000
      XXYZ      -0.0000   XYYZ       0.0000   YYYZ      -0.0000
      XXZZ     -15.5811   XYZZ      -0.0000   YYZZ     -15.5806
      XZZZ       0.0000   YZZZ      -0.0000   ZZZZ     -94.9780
 -----------------------------------------------------------------
 Eng[2,1] = -2.00310695e+02
 points done 10/20
 CoordNormalMode -3 , -1 , 0
 ----------------------------------------------------------------
             Standard Nuclear Orientation (Angstroms)
    I     Atom           X                Y                Z
 ----------------------------------------------------------------
    1      F       0.0014022401     0.0000213434    -1.1939656116
    2      F       0.0014022401     0.0000213434     1.1939656116
    3      H      -0.0528666920    -0.0008046793    -0.0000000000
 ----------------------------------------------------------------
 Nuclear Repulsion Energy =          25.91954092 hartrees
 There are       10 alpha and       10 beta electrons

                       Distance Matrix (Angstroms)
             F (  1)   F (  2)
   F (  2)  2.387931
   H (  3)  1.195199  1.195199

 Requested basis set is cc-pVDZ
 There are 15 shells and 33 basis functions
 A cutoff of  1.0D-14 yielded    119 shell pairs
 There are       595 function pairs (       674 Cartesian)
 Smallest overlap matrix eigenvalue = 7.36E-02
 Guess MOs from SCF MO coefficient file

 -----------------------------------------------------------------------
  General SCF calculation program by
  Eric Jon Sundstrom, Paul Horn, Yuezhi Mao, Dmitri Zuev, Alec White,
  David Stuck, Shaama M.S., Shane Yost, Joonho Lee, David Small,
  Daniel Levine, Susi Lehtola, Hugh Burton, Evgeny Epifanovsky,
  Bang C. Huynh
 -----------------------------------------------------------------------
 Exchange:     0.2000 Hartree-Fock + 0.0800 Slater + 0.7200 B88
 Correlation:  0.1900 VWN1RPA + 0.8100 LYP
 Using Euler-Maclaurin-Lebedev (99,590) quadrature formula
Added inc_jk
Added qchem_hcore
Added xc
Added P-dependent contribution
 A restricted SCF calculation will be
 performed using GDM
 SCF converges when RMS gradient is below 1.0e-10
 User-specified cutoff of 10e-14
 used for neglect of 2-electron integrals.
 A cutoff of 10e-14
 used for neglect of overlap integrals.
 Incremental Fock algorithm is on at the start.
 ---------------------------------------
  Cycle       Energy        RMS Gradient
 ---------------------------------------
    1    -200.3081281247      2.68e-02   Normal BFGS step
    2    -200.3107629162      4.33e-03   Normal BFGS step
    3    -200.3107719106      4.29e-03   Normal BFGS step
    4    -200.3108368262      4.48e-04   Normal BFGS step
    5    -200.3108371897      1.54e-04   Normal BFGS step
    6    -200.3108372605      1.21e-06   Normal BFGS step
    7    -200.3108372605      1.82e-07   Normal BFGS step
    8    -200.3108372605      1.83e-08   Normal BFGS step
    9    -200.3108372605      7.52e-09   Normal BFGS step
   10    -200.3108372605      3.85e-09   Normal BFGS step
   11    -200.3108372605      4.81e-10   Normal BFGS step
   12    -200.3108372605      8.18e-11  Convergence criterion met
 ---------------------------------------
 SCF time:   CPU 5.27s  wall 1.00s 
 SCF   energy =  -200.31083726
 Total energy =  -200.31083726
 Integrated density by DFT XC:
   Number of electrons = 20
   Numerical integral  =    19.999999990616
   Relative error      =     0.0000000469 %

 --------------------------------------------------------------

                    Orbital Energies (a.u.)
 --------------------------------------------------------------

 Alpha MOs
 -- Occupied --
-24.2864 -24.2863  -0.7840  -0.7482  -0.1657  -0.0328  -0.0327  -0.0179
 -0.0163  -0.0147
 -- Virtual --
  0.4334   0.8003   1.3444   1.3449   1.4947   1.5080   1.5102   1.5446
  1.7714   1.7724   1.9550   2.3118   2.5881   3.9366   3.9367   3.9575
  3.9575   3.9575   3.9575   4.1237   4.1262   4.2824   5.0502
 --------------------------------------------------------------

          Ground-State Mulliken Net Atomic Charges

     Atom                 Charge (a.u.)
  ----------------------------------------
      1 F                    -0.648090
      2 F                    -0.648090
      3 H                     0.296181
  ----------------------------------------
  Sum of atomic charges =    -1.000000

 -----------------------------------------------------------------
                    Cartesian Multipole Moments
 -----------------------------------------------------------------
    Charge (ESU x 10^10)
                -4.8032
    Dipole Moment (Debye)
         X      -0.0893      Y      -0.0014      Z       0.0000
       Tot       0.0893
    Quadrupole Moments (Debye-Ang)
        XX     -11.2719     XY       0.0001     YY     -11.2783
        XZ       0.0000     YZ       0.0000     ZZ     -20.4509
    Octopole Moments (Debye-Ang^2)
       XXX       0.0560    XXY       0.0003    XYY       0.0188
       YYY       0.0009    XXZ      -0.0000    XYZ       0.0000
       YYZ      -0.0000    XZZ       0.0734    YZZ       0.0011
       ZZZ       0.0000
    Hexadecapole Moments (Debye-Ang^3)
      XXXX      -6.3544   XXXY      -0.0001   XXYY      -2.1168
      XYYY      -0.0001   YYYY      -6.3464   XXXZ       0.0000
      XXYZ       0.0000   XYYZ       0.0000   YYYZ       0.0000
      XXZZ     -17.4319   XYZZ       0.0000   YYZZ     -17.4322
      XZZZ       0.0000   YZZZ       0.0000   ZZZZ    -108.1992
 -----------------------------------------------------------------
 Eng[-3,-1] = -2.00310837e+02
 points done 11/20
 CoordNormalMode 3 , 1 , 0
 ----------------------------------------------------------------
             Standard Nuclear Orientation (Angstroms)
    I     Atom           X                Y                Z
 ----------------------------------------------------------------
    1      F      -0.0014022401    -0.0000213434    -1.1191395720
    2      F      -0.0014022401    -0.0000213434     1.1191395720
    3      H       0.0528666920     0.0008046793     0.0000000000
 ----------------------------------------------------------------
 Nuclear Repulsion Energy =          27.65131873 hartrees
 There are       10 alpha and       10 beta electrons

                       Distance Matrix (Angstroms)
             F (  1)   F (  2)
   F (  2)  2.238279
   H (  3)  1.120455  1.120455

 Requested basis set is cc-pVDZ
 There are 15 shells and 33 basis functions
 A cutoff of  1.0D-14 yielded    119 shell pairs
 There are       595 function pairs (       674 Cartesian)
 Smallest overlap matrix eigenvalue = 6.20E-02
 Guess MOs from SCF MO coefficient file

 -----------------------------------------------------------------------
  General SCF calculation program by
  Eric Jon Sundstrom, Paul Horn, Yuezhi Mao, Dmitri Zuev, Alec White,
  David Stuck, Shaama M.S., Shane Yost, Joonho Lee, David Small,
  Daniel Levine, Susi Lehtola, Hugh Burton, Evgeny Epifanovsky,
  Bang C. Huynh
 -----------------------------------------------------------------------
 Exchange:     0.2000 Hartree-Fock + 0.0800 Slater + 0.7200 B88
 Correlation:  0.1900 VWN1RPA + 0.8100 LYP
 Using Euler-Maclaurin-Lebedev (99,590) quadrature formula
Added inc_jk
Added qchem_hcore
Added xc
Added P-dependent contribution
 A restricted SCF calculation will be
 performed using GDM
 SCF converges when RMS gradient is below 1.0e-10
 User-specified cutoff of 10e-14
 used for neglect of 2-electron integrals.
 A cutoff of 10e-14
 used for neglect of overlap integrals.
 Incremental Fock algorithm is on at the start.
 ---------------------------------------
  Cycle       Energy        RMS Gradient
 ---------------------------------------
    1    -200.3073997382      2.62e-02   Normal BFGS step
    2    -200.3106378490      2.88e-03   Normal BFGS step
    3    -200.3106674797      2.77e-03   Normal BFGS step
    4    -200.3106935984      8.03e-04   Normal BFGS step
    5    -200.3106946516      2.87e-04   Normal BFGS step
    6    -200.3106948674      5.81e-06   Normal BFGS step
    7    -200.3106948675      4.49e-07   Normal BFGS step
    8    -200.3106948675      7.90e-08   Normal BFGS step
    9    -200.3106948675      8.29e-09   Normal BFGS step
   10    -200.3106948675      8.38e-10   Normal BFGS step
   11    -200.3106948675      1.97e-10   Normal BFGS step
   12    -200.3106948675      3.77e-11  Convergence criterion met
 ---------------------------------------
 SCF time:   CPU 5.34s  wall 1.00s 
 SCF   energy =  -200.31069487
 Total energy =  -200.31069487
 Integrated density by DFT XC:
   Number of electrons = 20
   Numerical integral  =    20.000000047554
   Relative error      =     0.0000002378 %

 --------------------------------------------------------------

                    Orbital Energies (a.u.)
 --------------------------------------------------------------

 Alpha MOs
 -- Occupied --
-24.2755 -24.2755  -0.7940  -0.7418  -0.1750  -0.0323  -0.0322  -0.0098
 -0.0088  -0.0044
 -- Virtual --
  0.4554   0.8898   1.3586   1.3594   1.4734   1.5243   1.5284   1.5293
  1.7720   1.7738   1.9684   2.5178   2.6225   3.9382   3.9384   3.9615
  3.9615   3.9615   3.9615   4.2194   4.2223   4.4563   5.2113
 --------------------------------------------------------------

          Ground-State Mulliken Net Atomic Charges

     Atom                 Charge (a.u.)
  ----------------------------------------
      1 F                    -0.632281
      2 F                    -0.632281
      3 H                     0.264562
  ----------------------------------------
  Sum of atomic charges =    -1.000000

 -----------------------------------------------------------------
                    Cartesian Multipole Moments
 -----------------------------------------------------------------
    Charge (ESU x 10^10)
                -4.8032
    Dipole Moment (Debye)
         X       0.0889      Y       0.0014      Z       0.0000
       Tot       0.0889
    Quadrupole Moments (Debye-Ang)
        XX     -11.1976     XY       0.0001     YY     -11.2040
        XZ      -0.0000     YZ       0.0000     ZZ     -19.5074
    Octopole Moments (Debye-Ang^2)
       XXX      -0.0518    XXY      -0.0003    XYY      -0.0174
       YYY      -0.0008    XXZ      -0.0000    XYZ       0.0000
       YYZ      -0.0000    XZZ      -0.0720    YZZ      -0.0011
       ZZZ      -0.0000
    Hexadecapole Moments (Debye-Ang^3)
      XXXX      -6.2666   XXXY      -0.0001   XXYY      -2.0876
      XYYY      -0.0001   YYYY      -6.2591   XXXZ      -0.0000
      XXYZ       0.0000   XYYZ      -0.0000   YYYZ       0.0000
      XXZZ     -15.5806   XYZZ       0.0000   YYZZ     -15.5811
      XZZZ      -0.0000   YZZZ       0.0000   ZZZZ     -94.9780
 -----------------------------------------------------------------
 Eng[3,1] = -2.00310695e+02
 points done 12/20
 CoordNormalMode -3 , -2 , 0
 ----------------------------------------------------------------
             Standard Nuclear Orientation (Angstroms)
    I     Atom           X                Y                Z
 ----------------------------------------------------------------
    1      F       0.0013808968     0.0014235835    -1.1565525918
    2      F       0.0013808968     0.0014235835     1.1565525918
    3      H      -0.0520620127    -0.0536713713    -0.0000000000
 ----------------------------------------------------------------
 Nuclear Repulsion Energy =          26.74842370 hartrees
 There are       10 alpha and       10 beta electrons

                       Distance Matrix (Angstroms)
             F (  1)   F (  2)
   F (  2)  2.313105
   H (  3)  1.159097  1.159097

 Requested basis set is cc-pVDZ
 There are 15 shells and 33 basis functions
 A cutoff of  1.0D-14 yielded    119 shell pairs
 There are       595 function pairs (       674 Cartesian)
 Smallest overlap matrix eigenvalue = 6.79E-02
 Guess MOs from SCF MO coefficient file

 -----------------------------------------------------------------------
  General SCF calculation program by
  Eric Jon Sundstrom, Paul Horn, Yuezhi Mao, Dmitri Zuev, Alec White,
  David Stuck, Shaama M.S., Shane Yost, Joonho Lee, David Small,
  Daniel Levine, Susi Lehtola, Hugh Burton, Evgeny Epifanovsky,
  Bang C. Huynh
 -----------------------------------------------------------------------
 Exchange:     0.2000 Hartree-Fock + 0.0800 Slater + 0.7200 B88
 Correlation:  0.1900 VWN1RPA + 0.8100 LYP
 Using Euler-Maclaurin-Lebedev (99,590) quadrature formula
Added inc_jk
Added qchem_hcore
Added xc
Added P-dependent contribution
 A restricted SCF calculation will be
 performed using GDM
 SCF converges when RMS gradient is below 1.0e-10
 User-specified cutoff of 10e-14
 used for neglect of 2-electron integrals.
 A cutoff of 10e-14
 used for neglect of overlap integrals.
 Incremental Fock algorithm is on at the start.
 ---------------------------------------
  Cycle       Energy        RMS Gradient
 ---------------------------------------
    1    -200.3092160703      2.84e-02   Normal BFGS step
    2    -200.3116889911      2.79e-03   Normal BFGS step
    3    -200.3117007085      3.14e-03   Normal BFGS step
    4    -200.3117351240      3.01e-04   Normal BFGS step
    5    -200.3117353394      9.89e-05   Normal BFGS step
    6    -200.3117353702      2.27e-06   Normal BFGS step
    7    -200.3117353702      5.74e-07   Normal BFGS step
    8    -200.3117353702      3.97e-08   Normal BFGS step
    9    -200.3117353702      8.58e-09   Normal BFGS step
   10    -200.3117353702      3.00e-10   Normal BFGS step
  GDM::WARNING energy changes are now smaller than effective accuracy.
  GDM::        calculation will continue, but THRESH should be increased
  GDM::        or SCF_CONVERGENCE decreased. 
  GDM::        effective_thresh = 1.55e-09
   11    -200.3117353702      2.76e-10   Normal BFGS step
   12    -200.3117353702      2.78e-11  Convergence criterion met
 ---------------------------------------
 SCF time:   CPU 5.31s  wall 1.00s 
 SCF   energy =  -200.31173537
 Total energy =  -200.31173537
 Integrated density by DFT XC:
   Number of electrons = 20
   Numerical integral  =    19.999999981586
   Relative error      =     0.0000000921 %

 --------------------------------------------------------------

                    Orbital Energies (a.u.)
 --------------------------------------------------------------

 Alpha MOs
 -- Occupied --
-24.2811 -24.2811  -0.7881  -0.7451  -0.1700  -0.0323  -0.0322  -0.0145
 -0.0126  -0.0091
 -- Virtual --
  0.4449   0.8386   1.3509   1.3521   1.4845   1.5179   1.5203   1.5350
  1.7721   1.7748   1.9680   2.3970   2.6057   3.9376   3.9379   3.9596
  3.9596   3.9596   3.9596   4.1638   4.1690   4.3645   5.1298
 --------------------------------------------------------------

          Ground-State Mulliken Net Atomic Charges

     Atom                 Charge (a.u.)
  ----------------------------------------
      1 F                    -0.641828
      2 F                    -0.641828
      3 H                     0.283657
  ----------------------------------------
  Sum of atomic charges =    -1.000000

 -----------------------------------------------------------------
                    Cartesian Multipole Moments
 -----------------------------------------------------------------
    Charge (ESU x 10^10)
                -4.8032
    Dipole Moment (Debye)
         X      -0.0878      Y      -0.0905      Z       0.0000
       Tot       0.1261
    Quadrupole Moments (Debye-Ang)
        XX     -11.2362     XY       0.0064     YY     -11.2359
        XZ       0.0000     YZ       0.0000     ZZ     -19.9739
    Octopole Moments (Debye-Ang^2)
       XXX       0.0530    XXY       0.0180    XYY       0.0174
       YYY       0.0546    XXZ      -0.0000    XYZ       0.0000
       YYZ      -0.0000    XZZ       0.0715    YZZ       0.0737
       ZZZ      -0.0000
    Hexadecapole Moments (Debye-Ang^3)
      XXXX      -6.3101   XXXY      -0.0039   XXYY      -2.1034
      XYYY      -0.0039   YYYY      -6.3106   XXXZ       0.0000
      XXYZ       0.0000   XYYZ       0.0000   YYYZ       0.0000
      XXZZ     -16.4915   XYZZ       0.0004   YYZZ     -16.4915
      XZZZ       0.0000   YZZZ       0.0000   ZZZZ    -101.4588
 -----------------------------------------------------------------
 Eng[-3,-2] = -2.00311735e+02
 points done 13/20
 CoordNormalMode 3 , 2 , 0
 ----------------------------------------------------------------
             Standard Nuclear Orientation (Angstroms)
    I     Atom           X                Y                Z
 ----------------------------------------------------------------
    1      F      -0.0013808968    -0.0014235835    -1.1565525918
    2      F      -0.0013808968    -0.0014235835     1.1565525918
    3      H       0.0520620127     0.0536713713     0.0000000000
 ----------------------------------------------------------------
 Nuclear Repulsion Energy =          26.74842370 hartrees
 There are       10 alpha and       10 beta electrons

                       Distance Matrix (Angstroms)
             F (  1)   F (  2)
   F (  2)  2.313105
   H (  3)  1.159097  1.159097

 Requested basis set is cc-pVDZ
 There are 15 shells and 33 basis functions
 A cutoff of  1.0D-14 yielded    119 shell pairs
 There are       595 function pairs (       674 Cartesian)
 Smallest overlap matrix eigenvalue = 6.79E-02
 Guess MOs from SCF MO coefficient file

 -----------------------------------------------------------------------
  General SCF calculation program by
  Eric Jon Sundstrom, Paul Horn, Yuezhi Mao, Dmitri Zuev, Alec White,
  David Stuck, Shaama M.S., Shane Yost, Joonho Lee, David Small,
  Daniel Levine, Susi Lehtola, Hugh Burton, Evgeny Epifanovsky,
  Bang C. Huynh
 -----------------------------------------------------------------------
 Exchange:     0.2000 Hartree-Fock + 0.0800 Slater + 0.7200 B88
 Correlation:  0.1900 VWN1RPA + 0.8100 LYP
 Using Euler-Maclaurin-Lebedev (99,590) quadrature formula
Added inc_jk
Added qchem_hcore
Added xc
Added P-dependent contribution
 A restricted SCF calculation will be
 performed using GDM
 SCF converges when RMS gradient is below 1.0e-10
 User-specified cutoff of 10e-14
 used for neglect of 2-electron integrals.
 A cutoff of 10e-14
 used for neglect of overlap integrals.
 Incremental Fock algorithm is on at the start.
 ---------------------------------------
  Cycle       Energy        RMS Gradient
 ---------------------------------------
    1    -200.3087393538      3.51e-02   Normal BFGS step
    2    -200.3116958746      3.53e-03   Normal BFGS step
    3    -200.3117231367      1.88e-03   Normal BFGS step
    4    -200.3117341324      4.52e-04   Normal BFGS step
    5    -200.3117353345      6.84e-05   Normal BFGS step
    6    -200.3117353695      1.65e-05   Normal BFGS step
    7    -200.3117353702      1.94e-06   Normal BFGS step
    8    -200.3117353702      2.02e-07   Normal BFGS step
    9    -200.3117353702      3.20e-08   Normal BFGS step
   10    -200.3117353702      5.69e-09   Normal BFGS step
   11    -200.3117353702      9.41e-10   Normal BFGS step
   12    -200.3117353702      5.96e-10   Normal BFGS step
   13    -200.3117353702      1.76e-11  Convergence criterion met
 ---------------------------------------
 SCF time:   CPU 5.81s  wall 1.00s 
 SCF   energy =  -200.31173537
 Total energy =  -200.31173537
 Integrated density by DFT XC:
   Number of electrons = 20
   Numerical integral  =    19.999999981586
   Relative error      =     0.0000000921 %

 --------------------------------------------------------------

                    Orbital Energies (a.u.)
 --------------------------------------------------------------

 Alpha MOs
 -- Occupied --
-24.2811 -24.2811  -0.7881  -0.7451  -0.1700  -0.0323  -0.0322  -0.0145
 -0.0126  -0.0091
 -- Virtual --
  0.4449   0.8386   1.3509   1.3521   1.4845   1.5179   1.5203   1.5350
  1.7721   1.7748   1.9680   2.3970   2.6057   3.9376   3.9379   3.9596
  3.9596   3.9596   3.9596   4.1638   4.1690   4.3645   5.1298
 --------------------------------------------------------------

          Ground-State Mulliken Net Atomic Charges

     Atom                 Charge (a.u.)
  ----------------------------------------
      1 F                    -0.641828
      2 F                    -0.641828
      3 H                     0.283657
  ----------------------------------------
  Sum of atomic charges =    -1.000000

 -----------------------------------------------------------------
                    Cartesian Multipole Moments
 -----------------------------------------------------------------
    Charge (ESU x 10^10)
                -4.8032
    Dipole Moment (Debye)
         X       0.0878      Y       0.0905      Z      -0.0000
       Tot       0.1261
    Quadrupole Moments (Debye-Ang)
        XX     -11.2362     XY       0.0064     YY     -11.2359
        XZ       0.0000     YZ       0.0000     ZZ     -19.9739
    Octopole Moments (Debye-Ang^2)
       XXX      -0.0530    XXY      -0.0180    XYY      -0.0174
       YYY      -0.0546    XXZ       0.0000    XYZ       0.0000
       YYZ       0.0000    XZZ      -0.0715    YZZ      -0.0737
       ZZZ       0.0000
    Hexadecapole Moments (Debye-Ang^3)
      XXXX      -6.3101   XXXY      -0.0039   XXYY      -2.1034
      XYYY      -0.0039   YYYY      -6.3106   XXXZ       0.0000
      XXYZ       0.0000   XYYZ       0.0000   YYYZ       0.0000
      XXZZ     -16.4915   XYZZ       0.0004   YYZZ     -16.4915
      XZZZ       0.0000   YZZZ       0.0000   ZZZZ    -101.4588
 -----------------------------------------------------------------
 Eng[3,2] = -2.00311735e+02
 points done 14/20
 CoordNormalMode -4 , -1 , 0
 ----------------------------------------------------------------
             Standard Nuclear Orientation (Angstroms)
    I     Atom           X                Y                Z
 ----------------------------------------------------------------
    1      F      -0.0000000000     0.0000000000    -1.1925632090
    2      F      -0.0000000000     0.0000000000     1.1953680141
    3      H       0.0000000000    -0.0000000000    -0.0528728156
 ----------------------------------------------------------------
 Nuclear Repulsion Energy =          25.94429051 hartrees
 There are       10 alpha and       10 beta electrons

                       Distance Matrix (Angstroms)
             F (  1)   F (  2)
   F (  2)  2.387931
   H (  3)  1.139690  1.248241

 Requested basis set is cc-pVDZ
 There are 15 shells and 33 basis functions
 A cutoff of  1.0D-14 yielded    119 shell pairs
 There are       595 function pairs (       674 Cartesian)
 Smallest overlap matrix eigenvalue = 7.15E-02
 Guess MOs from SCF MO coefficient file

 -----------------------------------------------------------------------
  General SCF calculation program by
  Eric Jon Sundstrom, Paul Horn, Yuezhi Mao, Dmitri Zuev, Alec White,
  David Stuck, Shaama M.S., Shane Yost, Joonho Lee, David Small,
  Daniel Levine, Susi Lehtola, Hugh Burton, Evgeny Epifanovsky,
  Bang C. Huynh
 -----------------------------------------------------------------------
 Exchange:     0.2000 Hartree-Fock + 0.0800 Slater + 0.7200 B88
 Correlation:  0.1900 VWN1RPA + 0.8100 LYP
 Using Euler-Maclaurin-Lebedev (99,590) quadrature formula
Added inc_jk
Added qchem_hcore
Added xc
Added P-dependent contribution
 A restricted SCF calculation will be
 performed using GDM
 SCF converges when RMS gradient is below 1.0e-10
 User-specified cutoff of 10e-14
 used for neglect of 2-electron integrals.
 A cutoff of 10e-14
 used for neglect of overlap integrals.
 Incremental Fock algorithm is on at the start.
 ---------------------------------------
  Cycle       Energy        RMS Gradient
 ---------------------------------------
    1    -200.3086056699      1.98e-02   Normal BFGS step
    2    -200.3108308168      6.74e-03   Normal BFGS step
    3    -200.3107921426      9.38e-03  Line search: overstep
    4    -200.3109565072      7.30e-04   Normal BFGS step
    5    -200.3109621518      3.06e-04   Normal BFGS step
    6    -200.3109624491      2.13e-04   Normal BFGS step
    7    -200.3109626167      3.61e-05   Normal BFGS step
    8    -200.3109626259      7.19e-06   Normal BFGS step
    9    -200.3109626262      5.93e-07   Normal BFGS step
   10    -200.3109626263      1.33e-07   Normal BFGS step
   11    -200.3109626263      2.14e-08   Normal BFGS step
   12    -200.3109626263      2.08e-09   Normal BFGS step
   13    -200.3109626263      2.54e-09   Normal BFGS step
   14    -200.3109626263      2.69e-10   Normal BFGS step
  GDM::WARNING energy changes are now smaller than effective accuracy.
  GDM::        calculation will continue, but THRESH should be increased
  GDM::        or SCF_CONVERGENCE decreased. 
  GDM::        effective_thresh = 5.93e-09
   15    -200.3109626263      1.07e-10   Normal BFGS step
  GDM::WARNING energy changes are now smaller than effective accuracy.
  GDM::        calculation will continue, but THRESH should be increased
  GDM::        or SCF_CONVERGENCE decreased. 
  GDM::        effective_thresh = 5.93e-09
   16    -200.3109626263      3.97e-11  Convergence criterion met
 ---------------------------------------
 SCF time:   CPU 7.59s  wall 1.00s 
 SCF   energy =  -200.31096263
 Total energy =  -200.31096263
 Integrated density by DFT XC:
   Number of electrons = 20
   Numerical integral  =    20.000000010394
   Relative error      =     0.0000000520 %

 --------------------------------------------------------------

                    Orbital Energies (a.u.)
 --------------------------------------------------------------

 Alpha MOs
 -- Occupied --
-24.3023 -24.2705  -0.7936  -0.7401  -0.1698  -0.0422  -0.0422  -0.0137
 -0.0074  -0.0074
 -- Virtual --
  0.4344   0.8049   1.3455   1.3455   1.4839   1.5076   1.5076   1.5553
  1.7703   1.7703   1.9540   2.3143   2.5996   3.9395   3.9395   3.9414
  3.9414   3.9730   3.9730   4.1295   4.1295   4.2823   5.0526
 --------------------------------------------------------------

          Ground-State Mulliken Net Atomic Charges

     Atom                 Charge (a.u.)
  ----------------------------------------
      1 F                    -0.606327
      2 F                    -0.684774
      3 H                     0.291101
  ----------------------------------------
  Sum of atomic charges =    -1.000000

 -----------------------------------------------------------------
                    Cartesian Multipole Moments
 -----------------------------------------------------------------
    Charge (ESU x 10^10)
                -4.8032
    Dipole Moment (Debye)
         X      -0.0000      Y      -0.0000      Z      -0.4089
       Tot       0.4089
    Quadrupole Moments (Debye-Ang)
        XX     -11.2761     XY      -0.0000     YY     -11.2761
        XZ       0.0000     YZ       0.0000     ZZ     -20.4443
    Octopole Moments (Debye-Ang^2)
       XXX      -0.0000    XXY      -0.0000    XYY      -0.0000
       YYY      -0.0000    XXZ      -0.0885    XYZ      -0.0000
       YYZ      -0.0885    XZZ      -0.0000    YZZ      -0.0000
       ZZZ      -0.7680
    Hexadecapole Moments (Debye-Ang^3)
      XXXX      -6.3474   XXXY       0.0000   XXYY      -2.1158
      XYYY       0.0000   YYYY      -6.3474   XXXZ       0.0000
      XXYZ       0.0000   XYYZ       0.0000   YYYZ       0.0000
      XXZZ     -17.4314   XYZZ      -0.0000   YYZZ     -17.4314
      XZZZ       0.0000   YZZZ       0.0000   ZZZZ    -108.1918
 -----------------------------------------------------------------
 Eng[-4,-1] = -2.00310963e+02
 points done 15/20
 CoordNormalMode 4 , 1 , 0
 ----------------------------------------------------------------
             Standard Nuclear Orientation (Angstroms)
    I     Atom           X                Y                Z
 ----------------------------------------------------------------
    1      F       0.0000000000    -0.0000000000    -1.1205419745
    2      F       0.0000000000    -0.0000000000     1.1177371694
    3      H      -0.0000000000     0.0000000000     0.0528728156
 ----------------------------------------------------------------
 Nuclear Repulsion Energy =          27.68137553 hartrees
 There are       10 alpha and       10 beta electrons

                       Distance Matrix (Angstroms)
             F (  1)   F (  2)
   F (  2)  2.238279
   H (  3)  1.173415  1.064864

 Requested basis set is cc-pVDZ
 There are 15 shells and 33 basis functions
 A cutoff of  1.0D-14 yielded    119 shell pairs
 There are       595 function pairs (       674 Cartesian)
 Smallest overlap matrix eigenvalue = 6.00E-02
 Guess MOs from SCF MO coefficient file

 -----------------------------------------------------------------------
  General SCF calculation program by
  Eric Jon Sundstrom, Paul Horn, Yuezhi Mao, Dmitri Zuev, Alec White,
  David Stuck, Shaama M.S., Shane Yost, Joonho Lee, David Small,
  Daniel Levine, Susi Lehtola, Hugh Burton, Evgeny Epifanovsky,
  Bang C. Huynh
 -----------------------------------------------------------------------
 Exchange:     0.2000 Hartree-Fock + 0.0800 Slater + 0.7200 B88
 Correlation:  0.1900 VWN1RPA + 0.8100 LYP
 Using Euler-Maclaurin-Lebedev (99,590) quadrature formula
Added inc_jk
Added qchem_hcore
Added xc
Added P-dependent contribution
 A restricted SCF calculation will be
 performed using GDM
 SCF converges when RMS gradient is below 1.0e-10
 User-specified cutoff of 10e-14
 used for neglect of 2-electron integrals.
 A cutoff of 10e-14
 used for neglect of overlap integrals.
 Incremental Fock algorithm is on at the start.
 ---------------------------------------
  Cycle       Energy        RMS Gradient
 ---------------------------------------
    1    -200.3028748541      3.85e-02   Normal BFGS step
    2    -200.3097042374      1.37e-02   Normal BFGS step
    3    -200.3096995321      1.73e-02  Line search: overstep
    4    -200.3101425558      1.62e-03   Normal BFGS step
    5    -200.3101702817      4.26e-04   Normal BFGS step
    6    -200.3101724245      2.21e-04   Normal BFGS step
    7    -200.3101725389      1.83e-04   Normal BFGS step
    8    -200.3101726386      1.13e-05   Normal BFGS step
    9    -200.3101726391      1.83e-06   Normal BFGS step
   10    -200.3101726392      1.98e-07   Normal BFGS step
   11    -200.3101726392      2.94e-08   Normal BFGS step
   12    -200.3101726392      2.01e-09   Normal BFGS step
   13    -200.3101726392      2.95e-09   Normal BFGS step
   14    -200.3101726392      5.53e-11  Convergence criterion met
 ---------------------------------------
 SCF time:   CPU 6.18s  wall 1.00s 
 SCF   energy =  -200.31017264
 Total energy =  -200.31017264
 Integrated density by DFT XC:
   Number of electrons = 20
   Numerical integral  =    20.000000005758
   Relative error      =     0.0000000288 %

 --------------------------------------------------------------

                    Orbital Energies (a.u.)
 --------------------------------------------------------------

 Alpha MOs
 -- Occupied --
-24.2923 -24.2588  -0.8032  -0.7346  -0.1793  -0.0410  -0.0410  -0.0028
 -0.0007  -0.0007
 -- Virtual --
  0.4560   0.8966   1.3598   1.3598   1.4618   1.5273   1.5273   1.5357
  1.7717   1.7717   1.9668   2.5119   2.6452   3.9411   3.9411   3.9442
  3.9442   3.9781   3.9781   4.2269   4.2269   4.4582   5.2120
 --------------------------------------------------------------

          Ground-State Mulliken Net Atomic Charges

     Atom                 Charge (a.u.)
  ----------------------------------------
      1 F                    -0.677116
      2 F                    -0.580519
      3 H                     0.257636
  ----------------------------------------
  Sum of atomic charges =    -1.000000

 -----------------------------------------------------------------
                    Cartesian Multipole Moments
 -----------------------------------------------------------------
    Charge (ESU x 10^10)
                -4.8032
    Dipole Moment (Debye)
         X      -0.0000      Y       0.0000      Z       0.4200
       Tot       0.4200
    Quadrupole Moments (Debye-Ang)
        XX     -11.2018     XY      -0.0000     YY     -11.2018
        XZ      -0.0000     YZ       0.0000     ZZ     -19.4984
    Octopole Moments (Debye-Ang^2)
       XXX       0.0000    XXY      -0.0000    XYY       0.0000
       YYY      -0.0000    XXZ       0.0937    XYZ      -0.0000
       YYZ       0.0937    XZZ      -0.0000    YZZ      -0.0000
       ZZZ       0.7485
    Hexadecapole Moments (Debye-Ang^3)
      XXXX      -6.2609   XXXY      -0.0000   XXYY      -2.0870
      XYYY      -0.0000   YYYY      -6.2609   XXXZ      -0.0000
      XXYZ       0.0000   XYYZ      -0.0000   YYYZ       0.0000
      XXZZ     -15.5799   XYZZ      -0.0000   YYZZ     -15.5799
      XZZZ       0.0000   YZZZ       0.0000   ZZZZ     -94.9625
 -----------------------------------------------------------------
 Eng[4,1] = -2.00310173e+02
 points done 16/20
 CoordNormalMode -4 , -2 , 0
 ----------------------------------------------------------------
             Standard Nuclear Orientation (Angstroms)
    I     Atom           X                Y                Z
 ----------------------------------------------------------------
    1      F      -0.0000213434     0.0014022401    -1.1551501892
    2      F      -0.0000213434     0.0014022401     1.1579549943
    3      H       0.0008046793    -0.0528666920    -0.0528728156
 ----------------------------------------------------------------
 Nuclear Repulsion Energy =          26.77550544 hartrees
 There are       10 alpha and       10 beta electrons

                       Distance Matrix (Angstroms)
             F (  1)   F (  2)
   F (  2)  2.313105
   H (  3)  1.103613  1.212044

 Requested basis set is cc-pVDZ
 There are 15 shells and 33 basis functions
 A cutoff of  1.0D-14 yielded    119 shell pairs
 There are       595 function pairs (       674 Cartesian)
 Smallest overlap matrix eigenvalue = 6.58E-02
 Guess MOs from SCF MO coefficient file

 -----------------------------------------------------------------------
  General SCF calculation program by
  Eric Jon Sundstrom, Paul Horn, Yuezhi Mao, Dmitri Zuev, Alec White,
  David Stuck, Shaama M.S., Shane Yost, Joonho Lee, David Small,
  Daniel Levine, Susi Lehtola, Hugh Burton, Evgeny Epifanovsky,
  Bang C. Huynh
 -----------------------------------------------------------------------
 Exchange:     0.2000 Hartree-Fock + 0.0800 Slater + 0.7200 B88
 Correlation:  0.1900 VWN1RPA + 0.8100 LYP
 Using Euler-Maclaurin-Lebedev (99,590) quadrature formula
Added inc_jk
Added qchem_hcore
Added xc
Added P-dependent contribution
 A restricted SCF calculation will be
 performed using GDM
 SCF converges when RMS gradient is below 1.0e-10
 User-specified cutoff of 10e-14
 used for neglect of 2-electron integrals.
 A cutoff of 10e-14
 used for neglect of overlap integrals.
 Incremental Fock algorithm is on at the start.
 ---------------------------------------
  Cycle       Energy        RMS Gradient
 ---------------------------------------
    1    -200.3044339573      3.46e-02   Normal BFGS step
    2    -200.3111051598      1.07e-02   Normal BFGS step
    3    -200.3110611517      1.42e-02  Line search: overstep
    4    -200.3115662485      1.56e-03   Normal BFGS step
    5    -200.3115919115      3.83e-04   Normal BFGS step
    6    -200.3115928848      2.87e-04   Normal BFGS step
    7    -200.3115931426      8.52e-05   Normal BFGS step
    8    -200.3115931894      1.22e-05   Normal BFGS step
    9    -200.3115931906      1.57e-06   Normal BFGS step
   10    -200.3115931906      2.11e-07   Normal BFGS step
   11    -200.3115931906      6.72e-08   Normal BFGS step
   12    -200.3115931906      3.34e-09   Normal BFGS step
   13    -200.3115931906      3.07e-09   Normal BFGS step
   14    -200.3115931906      5.53e-10   Normal BFGS step
   15    -200.3115931906      1.58e-10   Normal BFGS step
   16    -200.3115931906      4.01e-11  Convergence criterion met
 ---------------------------------------
 SCF time:   CPU 6.99s  wall 2.00s 
 SCF   energy =  -200.31159319
 Total energy =  -200.31159319
 Integrated density by DFT XC:
   Number of electrons = 20
   Numerical integral  =    20.000000010613
   Relative error      =     0.0000000531 %

 --------------------------------------------------------------

                    Orbital Energies (a.u.)
 --------------------------------------------------------------

 Alpha MOs
 -- Occupied --
-24.2975 -24.2649  -0.7975  -0.7374  -0.1741  -0.0414  -0.0413  -0.0089
 -0.0041  -0.0036
 -- Virtual --
  0.4457   0.8442   1.3520   1.3526   1.4730   1.5172   1.5176   1.5467
  1.7713   1.7726   1.9665   2.3984   2.6198   3.9405   3.9406   3.9430
  3.9430   3.9756   3.9756   4.1701   4.1729   4.3655   5.1312
 --------------------------------------------------------------

          Ground-State Mulliken Net Atomic Charges

     Atom                 Charge (a.u.)
  ----------------------------------------
      1 F                    -0.595507
      2 F                    -0.682204
      3 H                     0.277711
  ----------------------------------------
  Sum of atomic charges =    -1.000000

 -----------------------------------------------------------------
                    Cartesian Multipole Moments
 -----------------------------------------------------------------
    Charge (ESU x 10^10)
                -4.8032
    Dipole Moment (Debye)
         X       0.0014      Y      -0.0892      Z      -0.4140
       Tot       0.4235
    Quadrupole Moments (Debye-Ang)
        XX     -11.2403     XY      -0.0001     YY     -11.2339
        XZ      -0.0000     YZ       0.0032     ZZ     -19.9661
    Octopole Moments (Debye-Ang^2)
       XXX      -0.0008    XXY       0.0180    XYY      -0.0003
       YYY       0.0538    XXZ      -0.0909    XYZ       0.0000
       YYZ      -0.0915    XZZ      -0.0011    YZZ       0.0726
       ZZZ      -0.7562
    Hexadecapole Moments (Debye-Ang^3)
      XXXX      -6.3040   XXXY       0.0001   XXYY      -2.1026
      XYYY       0.0001   YYYY      -6.3118   XXXZ       0.0000
      XXYZ      -0.0011   XYYZ       0.0000   YYYZ      -0.0032
      XXZZ     -16.4910   XYZZ      -0.0000   YYZZ     -16.4905
      XZZZ       0.0003   YZZZ      -0.0176   ZZZZ    -101.4475
 -----------------------------------------------------------------
 Eng[-4,-2] = -2.00311593e+02
 points done 17/20
 CoordNormalMode 4 , 2 , 0
 ----------------------------------------------------------------
             Standard Nuclear Orientation (Angstroms)
    I     Atom           X                Y                Z
 ----------------------------------------------------------------
    1      F       0.0000213434    -0.0014022401    -1.1579549943
    2      F       0.0000213434    -0.0014022401     1.1551501892
    3      H      -0.0008046793     0.0528666920     0.0528728156
 ----------------------------------------------------------------
 Nuclear Repulsion Energy =          26.77550544 hartrees
 There are       10 alpha and       10 beta electrons

                       Distance Matrix (Angstroms)
             F (  1)   F (  2)
   F (  2)  2.313105
   H (  3)  1.212044  1.103613

 Requested basis set is cc-pVDZ
 There are 15 shells and 33 basis functions
 A cutoff of  1.0D-14 yielded    119 shell pairs
 There are       595 function pairs (       674 Cartesian)
 Smallest overlap matrix eigenvalue = 6.58E-02
 Guess MOs from SCF MO coefficient file

 -----------------------------------------------------------------------
  General SCF calculation program by
  Eric Jon Sundstrom, Paul Horn, Yuezhi Mao, Dmitri Zuev, Alec White,
  David Stuck, Shaama M.S., Shane Yost, Joonho Lee, David Small,
  Daniel Levine, Susi Lehtola, Hugh Burton, Evgeny Epifanovsky,
  Bang C. Huynh
 -----------------------------------------------------------------------
 Exchange:     0.2000 Hartree-Fock + 0.0800 Slater + 0.7200 B88
 Correlation:  0.1900 VWN1RPA + 0.8100 LYP
 Using Euler-Maclaurin-Lebedev (99,590) quadrature formula
Added inc_jk
Added qchem_hcore
Added xc
Added P-dependent contribution
 A restricted SCF calculation will be
 performed using GDM
 SCF converges when RMS gradient is below 1.0e-10
 User-specified cutoff of 10e-14
 used for neglect of 2-electron integrals.
 A cutoff of 10e-14
 used for neglect of overlap integrals.
 Incremental Fock algorithm is on at the start.
 ---------------------------------------
  Cycle       Energy        RMS Gradient
 ---------------------------------------
    1    -200.3044365551      3.03e-02   Normal BFGS step
    2    -200.3111380001      1.08e-02   Normal BFGS step
    3    -200.3110659552      1.43e-02  Line search: overstep
    4    -200.3115690716      1.30e-03   Normal BFGS step
    5    -200.3115921745      3.43e-04   Normal BFGS step
    6    -200.3115930847      1.67e-04   Normal BFGS step
    7    -200.3115931456      8.37e-05   Normal BFGS step
    8    -200.3115931903      7.81e-06   Normal BFGS step
    9    -200.3115931906      1.72e-06   Normal BFGS step
   10    -200.3115931906      1.87e-07   Normal BFGS step
   11    -200.3115931906      2.85e-08   Normal BFGS step
   12    -200.3115931906      1.58e-09   Normal BFGS step
   13    -200.3115931906      2.08e-09   Normal BFGS step
   14    -200.3115931906      9.32e-11  Convergence criterion met
 ---------------------------------------
 SCF time:   CPU 6.12s  wall 1.00s 
 SCF   energy =  -200.31159319
 Total energy =  -200.31159319
 Integrated density by DFT XC:
   Number of electrons = 20
   Numerical integral  =    20.000000010613
   Relative error      =     0.0000000531 %

 --------------------------------------------------------------

                    Orbital Energies (a.u.)
 --------------------------------------------------------------

 Alpha MOs
 -- Occupied --
-24.2975 -24.2649  -0.7975  -0.7374  -0.1741  -0.0414  -0.0413  -0.0089
 -0.0041  -0.0036
 -- Virtual --
  0.4457   0.8442   1.3520   1.3526   1.4730   1.5172   1.5176   1.5467
  1.7713   1.7726   1.9665   2.3984   2.6198   3.9405   3.9406   3.9430
  3.9430   3.9756   3.9756   4.1701   4.1729   4.3655   5.1312
 --------------------------------------------------------------

          Ground-State Mulliken Net Atomic Charges

     Atom                 Charge (a.u.)
  ----------------------------------------
      1 F                    -0.682204
      2 F                    -0.595507
      3 H                     0.277711
  ----------------------------------------
  Sum of atomic charges =    -1.000000

 -----------------------------------------------------------------
                    Cartesian Multipole Moments
 -----------------------------------------------------------------
    Charge (ESU x 10^10)
                -4.8032
    Dipole Moment (Debye)
         X      -0.0014      Y       0.0892      Z       0.4140
       Tot       0.4235
    Quadrupole Moments (Debye-Ang)
        XX     -11.2403     XY      -0.0001     YY     -11.2339
        XZ      -0.0000     YZ       0.0032     ZZ     -19.9661
    Octopole Moments (Debye-Ang^2)
       XXX       0.0008    XXY      -0.0180    XYY       0.0003
       YYY      -0.0538    XXZ       0.0909    XYZ      -0.0000
       YYZ       0.0915    XZZ       0.0011    YZZ      -0.0726
       ZZZ       0.7562
    Hexadecapole Moments (Debye-Ang^3)
      XXXX      -6.3040   XXXY       0.0001   XXYY      -2.1026
      XYYY       0.0001   YYYY      -6.3118   XXXZ       0.0000
      XXYZ      -0.0011   XYYZ       0.0000   YYYZ      -0.0032
      XXZZ     -16.4910   XYZZ      -0.0000   YYZZ     -16.4905
      XZZZ       0.0003   YZZZ      -0.0176   ZZZZ    -101.4475
 -----------------------------------------------------------------
 Eng[4,2] = -2.00311593e+02
 points done 18/20
 CoordNormalMode -4 , -3 , 0
 ----------------------------------------------------------------
             Standard Nuclear Orientation (Angstroms)
    I     Atom           X                Y                Z
 ----------------------------------------------------------------
    1      F       0.0014022401     0.0000213434    -1.1551501892
    2      F       0.0014022401     0.0000213434     1.1579549943
    3      H      -0.0528666920    -0.0008046793    -0.0528728156
 ----------------------------------------------------------------
 Nuclear Repulsion Energy =          26.77550544 hartrees
 There are       10 alpha and       10 beta electrons

                       Distance Matrix (Angstroms)
             F (  1)   F (  2)
   F (  2)  2.313105
   H (  3)  1.103613  1.212044

 Requested basis set is cc-pVDZ
 There are 15 shells and 33 basis functions
 A cutoff of  1.0D-14 yielded    119 shell pairs
 There are       595 function pairs (       674 Cartesian)
 Smallest overlap matrix eigenvalue = 6.58E-02
 Guess MOs from SCF MO coefficient file

 -----------------------------------------------------------------------
  General SCF calculation program by
  Eric Jon Sundstrom, Paul Horn, Yuezhi Mao, Dmitri Zuev, Alec White,
  David Stuck, Shaama M.S., Shane Yost, Joonho Lee, David Small,
  Daniel Levine, Susi Lehtola, Hugh Burton, Evgeny Epifanovsky,
  Bang C. Huynh
 -----------------------------------------------------------------------
 Exchange:     0.2000 Hartree-Fock + 0.0800 Slater + 0.7200 B88
 Correlation:  0.1900 VWN1RPA + 0.8100 LYP
 Using Euler-Maclaurin-Lebedev (99,590) quadrature formula
Added inc_jk
Added qchem_hcore
Added xc
Added P-dependent contribution
 A restricted SCF calculation will be
 performed using GDM
 SCF converges when RMS gradient is below 1.0e-10
 User-specified cutoff of 10e-14
 used for neglect of 2-electron integrals.
 A cutoff of 10e-14
 used for neglect of overlap integrals.
 Incremental Fock algorithm is on at the start.
 ---------------------------------------
  Cycle       Energy        RMS Gradient
 ---------------------------------------
    1    -200.3051930780      3.38e-02   Normal BFGS step
    2    -200.3111488968      1.05e-02   Normal BFGS step
    3    -200.3111012768      1.38e-02  Line search: overstep
    4    -200.3115683183      1.37e-03   Normal BFGS step
    5    -200.3115922543      3.44e-04   Normal BFGS step
    6    -200.3115931269      1.26e-04   Normal BFGS step
    7    -200.3115931568      7.71e-05   Normal BFGS step
    8    -200.3115931904      6.54e-06   Normal BFGS step
    9    -200.3115931906      1.38e-06   Normal BFGS step
   10    -200.3115931906      1.63e-07   Normal BFGS step
   11    -200.3115931906      2.67e-08   Normal BFGS step
   12    -200.3115931906      1.09e-09   Normal BFGS step
   13    -200.3115931906      1.52e-09   Normal BFGS step
   14    -200.3115931906      5.81e-11  Convergence criterion met
 ---------------------------------------
 SCF time:   CPU 6.41s  wall 1.00s 
 SCF   energy =  -200.31159319
 Total energy =  -200.31159319
 Integrated density by DFT XC:
   Number of electrons = 20
   Numerical integral  =    20.000000010613
   Relative error      =     0.0000000531 %

 --------------------------------------------------------------

                    Orbital Energies (a.u.)
 --------------------------------------------------------------

 Alpha MOs
 -- Occupied --
-24.2975 -24.2649  -0.7975  -0.7374  -0.1741  -0.0414  -0.0413  -0.0089
 -0.0041  -0.0036
 -- Virtual --
  0.4457   0.8442   1.3520   1.3526   1.4730   1.5172   1.5176   1.5467
  1.7713   1.7726   1.9665   2.3984   2.6198   3.9405   3.9406   3.9430
  3.9430   3.9756   3.9756   4.1701   4.1729   4.3655   5.1312
 --------------------------------------------------------------

          Ground-State Mulliken Net Atomic Charges

     Atom                 Charge (a.u.)
  ----------------------------------------
      1 F                    -0.595507
      2 F                    -0.682204
      3 H                     0.277711
  ----------------------------------------
  Sum of atomic charges =    -1.000000

 -----------------------------------------------------------------
                    Cartesian Multipole Moments
 -----------------------------------------------------------------
    Charge (ESU x 10^10)
                -4.8032
    Dipole Moment (Debye)
         X      -0.0892      Y      -0.0014      Z      -0.4140
       Tot       0.4235
    Quadrupole Moments (Debye-Ang)
        XX     -11.2339     XY       0.0001     YY     -11.2403
        XZ       0.0032     YZ       0.0000     ZZ     -19.9661
    Octopole Moments (Debye-Ang^2)
       XXX       0.0538    XXY       0.0003    XYY       0.0180
       YYY       0.0008    XXZ      -0.0915    XYZ      -0.0000
       YYZ      -0.0909    XZZ       0.0726    YZZ       0.0011
       ZZZ      -0.7562
    Hexadecapole Moments (Debye-Ang^3)
      XXXX      -6.3118   XXXY      -0.0001   XXYY      -2.1026
      XYYY      -0.0001   YYYY      -6.3040   XXXZ      -0.0032
      XXYZ      -0.0000   XYYZ      -0.0011   YYYZ      -0.0000
      XXZZ     -16.4905   XYZZ       0.0000   YYZZ     -16.4910
      XZZZ      -0.0176   YZZZ      -0.0003   ZZZZ    -101.4475
 -----------------------------------------------------------------
 Eng[-4,-3] = -2.00311593e+02
 points done 19/20
 CoordNormalMode 4 , 3 , 0
 ----------------------------------------------------------------
             Standard Nuclear Orientation (Angstroms)
    I     Atom           X                Y                Z
 ----------------------------------------------------------------
    1      F      -0.0014022401    -0.0000213434    -1.1579549943
    2      F      -0.0014022401    -0.0000213434     1.1551501892
    3      H       0.0528666920     0.0008046793     0.0528728156
 ----------------------------------------------------------------
 Nuclear Repulsion Energy =          26.77550544 hartrees
 There are       10 alpha and       10 beta electrons

                       Distance Matrix (Angstroms)
             F (  1)   F (  2)
   F (  2)  2.313105
   H (  3)  1.212044  1.103613

 Requested basis set is cc-pVDZ
 There are 15 shells and 33 basis functions
 A cutoff of  1.0D-14 yielded    119 shell pairs
 There are       595 function pairs (       674 Cartesian)
 Smallest overlap matrix eigenvalue = 6.58E-02
 Guess MOs from SCF MO coefficient file

 -----------------------------------------------------------------------
  General SCF calculation program by
  Eric Jon Sundstrom, Paul Horn, Yuezhi Mao, Dmitri Zuev, Alec White,
  David Stuck, Shaama M.S., Shane Yost, Joonho Lee, David Small,
  Daniel Levine, Susi Lehtola, Hugh Burton, Evgeny Epifanovsky,
  Bang C. Huynh
 -----------------------------------------------------------------------
 Exchange:     0.2000 Hartree-Fock + 0.0800 Slater + 0.7200 B88
 Correlation:  0.1900 VWN1RPA + 0.8100 LYP
 Using Euler-Maclaurin-Lebedev (99,590) quadrature formula
Added inc_jk
Added qchem_hcore
Added xc
Added P-dependent contribution
 A restricted SCF calculation will be
 performed using GDM
 SCF converges when RMS gradient is below 1.0e-10
 User-specified cutoff of 10e-14
 used for neglect of 2-electron integrals.
 A cutoff of 10e-14
 used for neglect of overlap integrals.
 Incremental Fock algorithm is on at the start.
 ---------------------------------------
  Cycle       Energy        RMS Gradient
 ---------------------------------------
    1    -200.3044365551      3.03e-02   Normal BFGS step
    2    -200.3111380001      1.08e-02   Normal BFGS step
    3    -200.3110659552      1.43e-02  Line search: overstep
    4    -200.3115690716      1.30e-03   Normal BFGS step
    5    -200.3115921745      3.43e-04   Normal BFGS step
    6    -200.3115930847      1.67e-04   Normal BFGS step
    7    -200.3115931456      8.37e-05   Normal BFGS step
    8    -200.3115931903      7.81e-06   Normal BFGS step
    9    -200.3115931906      1.72e-06   Normal BFGS step
   10    -200.3115931906      1.87e-07   Normal BFGS step
   11    -200.3115931906      2.85e-08   Normal BFGS step
   12    -200.3115931906      1.58e-09   Normal BFGS step
   13    -200.3115931906      2.08e-09   Normal BFGS step
   14    -200.3115931906      9.32e-11  Convergence criterion met
 ---------------------------------------
 SCF time:   CPU 6.25s  wall 1.00s 
 SCF   energy =  -200.31159319
 Total energy =  -200.31159319
 Integrated density by DFT XC:
   Number of electrons = 20
   Numerical integral  =    20.000000010613
   Relative error      =     0.0000000531 %

 --------------------------------------------------------------

                    Orbital Energies (a.u.)
 --------------------------------------------------------------

 Alpha MOs
 -- Occupied --
-24.2975 -24.2649  -0.7975  -0.7374  -0.1741  -0.0414  -0.0413  -0.0089
 -0.0041  -0.0036
 -- Virtual --
  0.4457   0.8442   1.3520   1.3526   1.4730   1.5172   1.5176   1.5467
  1.7713   1.7726   1.9665   2.3984   2.6198   3.9405   3.9406   3.9430
  3.9430   3.9756   3.9756   4.1701   4.1729   4.3655   5.1312
 --------------------------------------------------------------

          Ground-State Mulliken Net Atomic Charges

     Atom                 Charge (a.u.)
  ----------------------------------------
      1 F                    -0.682204
      2 F                    -0.595507
      3 H                     0.277711
  ----------------------------------------
  Sum of atomic charges =    -1.000000

 -----------------------------------------------------------------
                    Cartesian Multipole Moments
 -----------------------------------------------------------------
    Charge (ESU x 10^10)
                -4.8032
    Dipole Moment (Debye)
         X       0.0892      Y       0.0014      Z       0.4140
       Tot       0.4235
    Quadrupole Moments (Debye-Ang)
        XX     -11.2339     XY       0.0001     YY     -11.2403
        XZ       0.0032     YZ       0.0000     ZZ     -19.9661
    Octopole Moments (Debye-Ang^2)
       XXX      -0.0538    XXY      -0.0003    XYY      -0.0180
       YYY      -0.0008    XXZ       0.0915    XYZ       0.0000
       YYZ       0.0909    XZZ      -0.0726    YZZ      -0.0011
       ZZZ       0.7562
    Hexadecapole Moments (Debye-Ang^3)
      XXXX      -6.3118   XXXY      -0.0001   XXYY      -2.1026
      XYYY      -0.0001   YYYY      -6.3040   XXXZ      -0.0032
      XXYZ      -0.0000   XYYZ      -0.0011   YYYZ      -0.0000
      XXZZ     -16.4905   XYZZ       0.0000   YYZZ     -16.4910
      XZZZ      -0.0176   YZZZ      -0.0003   ZZZZ    -101.4475
 -----------------------------------------------------------------
 Eng[4,3] = -2.00311593e+02
 points done 20/20
 derivatives time:           CPU  167.70 s  wall   25.40 s
 ======================================================================
 ======================================================================
      ANHARMONIC CUBIC & QUARTIC FORCE FIELD (CM**-1)                  
 ______________________________________________________________________
 Eta[1,1,1]=153.75,
 Eta[1,1,1,1]=36.12,
 Eta[1,1,2]=-0.00,
 Eta[1,1,1,2]=-0.00,
 Eta[1,1,2,2]=-65.23,
 Eta[1,1,3]=0.00,
 Eta[1,1,1,3]=0.00,
 Eta[1,1,3,3]=-65.23,
 Eta[1,1,4]=-0.00,
 Eta[1,1,1,4]=-0.00,
 Eta[1,1,4,4]=249.42,
 Eta[2,2,2]=0.00,
 Eta[2,2,2,2]=185.65,
 Eta[2,2,1]=-145.33,
 Eta[2,2,2,1]=-0.00,
 Eta[2,2,3]=-0.00,
 Eta[2,2,2,3]=-0.02,
 Eta[2,2,3,3]=63.38,
 Eta[2,2,4]=0.00,
 Eta[2,2,2,4]=0.00,
 Eta[2,2,4,4]=-652.58,
 Eta[3,3,3]=0.00,
 Eta[3,3,3,3]=185.65,
 Eta[3,3,1]=-145.33,
 Eta[3,3,3,1]=0.00,
 Eta[3,3,2]=0.00,
 Eta[3,3,3,2]=0.02,
 Eta[3,3,4]=0.00,
 Eta[3,3,3,4]=-0.00,
 Eta[3,3,4,4]=-652.58,
 Eta[4,4,4]=0.00,
 Eta[4,4,4,4]=4516.98,
 Eta[4,4,1]=954.70,
 Eta[4,4,4,1]=0.00,
 Eta[4,4,2]=0.00,
 Eta[4,4,4,2]=0.00,
 Eta[4,4,3]=-0.00,
 Eta[4,4,4,3]=0.00,
 ----------------------------------------------------------------
             Standard Nuclear Orientation (Angstroms)
    I     Atom           X                Y                Z
 ----------------------------------------------------------------
    1      F       0.0000000000     0.0000000000    -1.1565525918
    2      F       0.0000000000     0.0000000000     1.1565525918
    3      H       0.0000000000     0.0000000000     0.0000000000
 ----------------------------------------------------------------
 Nuclear Repulsion Energy =          26.76650163 hartrees
 There are       10 alpha and       10 beta electrons

 = Finishing finite difference calculation for ANHAR =
 =====================================================
 =====================================================
 Requested basis set is cc-pVDZ
 There are 15 shells and 33 basis functions

 Mass-Weighted Hessian Matrix:


     0.000841   -0.000000   -0.000000    0.000841    0.000000   -0.000000
    -0.000000    0.000841    0.000000   -0.000000    0.000841   -0.000000
    -0.000000    0.000000    0.008080   -0.000000    0.000000   -0.005700
     0.000841   -0.000000   -0.000000    0.000841    0.000000   -0.000000
     0.000000    0.000841    0.000000    0.000000    0.000841    0.000000
    -0.000000   -0.000000   -0.005700   -0.000000    0.000000    0.008080
    -0.007303    0.000000    0.000000   -0.007303   -0.000000    0.000000
     0.000000   -0.007303   -0.000000   -0.000000   -0.007303   -0.000000
     0.000000   -0.000000   -0.010331    0.000000   -0.000000   -0.010331


    -0.007303    0.000000    0.000000
     0.000000   -0.007303   -0.000000
     0.000000   -0.000000   -0.010331
    -0.007303   -0.000000    0.000000
    -0.000000   -0.007303   -0.000000
     0.000000   -0.000000   -0.010331
     0.063416    0.000000   -0.000000
     0.000000    0.063416    0.000000
    -0.000000    0.000000    0.089708

 Vectors for Translations and Rotations


     0.697912    0.000000    0.000000    0.000000    0.707107   -0.000000
     0.000000    0.697912    0.000000    0.000000    0.000000   -0.707107
     0.000000    0.000000    0.697912    0.000000    0.000000   -0.000000
     0.697912    0.000000    0.000000    0.000000   -0.707107    0.000000
     0.000000    0.697912    0.000000    0.000000    0.000000    0.707107
     0.000000    0.000000    0.697912    0.000000    0.000000    0.000000
     0.160744    0.000000    0.000000    0.000000   -0.000000    0.000000
     0.000000    0.160744    0.000000    0.000000    0.000000    0.000000
     0.000000    0.000000    0.160744    0.000000    0.000000    0.000000

 The Projection Matrix


     0.012919    0.000000    0.000000    0.012919    0.000000    0.000000
     0.000000    0.012919    0.000000    0.000000    0.012919    0.000000
     0.000000    0.000000    0.512919    0.000000    0.000000   -0.487081
     0.012919    0.000000    0.000000    0.012919    0.000000    0.000000
     0.000000    0.012919    0.000000    0.000000    0.012919    0.000000
     0.000000    0.000000   -0.487081    0.000000    0.000000    0.512919
    -0.112185    0.000000    0.000000   -0.112185    0.000000    0.000000
     0.000000   -0.112185    0.000000    0.000000   -0.112185    0.000000
     0.000000    0.000000   -0.112185    0.000000    0.000000   -0.112185


    -0.112185    0.000000    0.000000
     0.000000   -0.112185    0.000000
     0.000000    0.000000   -0.112185
    -0.112185    0.000000    0.000000
     0.000000   -0.112185    0.000000
     0.000000    0.000000   -0.112185
     0.974161    0.000000    0.000000
     0.000000    0.974161    0.000000
     0.000000    0.000000    0.974161

 Translations and Rotations Projected Out of Hessian

 Projected Mass-Weighted Hessian Matrix:


     0.000841    0.000000   -0.000000    0.000841    0.000000   -0.000000
     0.000000    0.000841    0.000000    0.000000    0.000841    0.000000
    -0.000000    0.000000    0.008080   -0.000000    0.000000   -0.005700
     0.000841    0.000000   -0.000000    0.000841    0.000000   -0.000000
     0.000000    0.000841    0.000000    0.000000    0.000841    0.000000
    -0.000000    0.000000   -0.005700   -0.000000    0.000000    0.008080
    -0.007303   -0.000000    0.000000   -0.007303   -0.000000    0.000000
    -0.000000   -0.007303   -0.000000   -0.000000   -0.007303   -0.000000
     0.000000   -0.000000   -0.010331    0.000000   -0.000000   -0.010331


    -0.007303   -0.000000    0.000000
    -0.000000   -0.007303   -0.000000
     0.000000   -0.000000   -0.010331
    -0.007303   -0.000000    0.000000
    -0.000000   -0.007303   -0.000000
     0.000000   -0.000000   -0.010331
     0.063416    0.000000   -0.000000
     0.000000    0.063416    0.000000
    -0.000000    0.000000    0.089708

 Eigenvectors of Proj. Mass-Weighted Hessian Matrix:


     0.333811   -0.325708    0.877174   -0.008327   -0.007890   -0.000000
     0.718746    0.674900   -0.024159   -0.119476   -0.011695   -0.000000
     0.013148   -0.001770    0.000622    0.000664    0.697785    0.707107
     0.168233   -0.008990   -0.072856    0.976408   -0.004056   -0.000000
     0.564049   -0.660945   -0.461483   -0.137753   -0.011763   -0.000000
     0.013148   -0.001770    0.000622    0.000664    0.697785   -0.707107
     0.057816   -0.038544    0.092626    0.111485   -0.001376    0.000000
     0.147728    0.001607   -0.055927   -0.029623   -0.002701    0.000000
     0.003028   -0.000408    0.000143    0.000153    0.160715   -0.000000


     0.001730   -0.113650    0.000000
    -0.113650   -0.001730   -0.000000
     0.000000   -0.000000   -0.113663
     0.001730   -0.113650    0.000000
    -0.113650   -0.001730   -0.000000
     0.000000   -0.000000   -0.113663
    -0.015021    0.986882   -0.000000
     0.986882    0.015021    0.000000
    -0.000000    0.000000    0.986996

 Vibrational Frequencies in atomic units
    -0.0000000000    0.0000000000    0.0000000000    0.0000000000    0.0000000000    0.0137796348
     0.0650982400    0.0650982400    0.0920877245
 Vibrational Electric Transition dipole:  1      0.00000000000000    0.00000000000000   -0.00000000000004
 Vibrational Electric Transition dipole:  2     -0.00525887081499    0.34550299823198   -0.00000000000020
 Vibrational Electric Transition dipole:  3      0.34550299823198    0.00525887081499    0.00000000000028
 Vibrational Electric Transition dipole:  4     -0.00000000000006    0.00000000000004    1.61004662754060
 **********************************************************************
 **                                                                  **
 **                       VIBRATIONAL ANALYSIS                       **
 **                       --------------------                       **
 **                                                                  **
 **        VIBRATIONAL FREQUENCIES (CM**-1) AND NORMAL MODES         **
 **     FORCE CONSTANTS (mDYN/ANGSTROM) AND REDUCED MASSES (AMU)     **
 **                  INFRARED INTENSITIES (KM/MOL)                   **
 **                                                                  **
 **********************************************************************


 Mode:                 1                      2                      3
 Frequency:       603.43                1311.57                1311.57
 Force Cnst:      4.0758                 1.0471                 1.0471
 Red. Mass:      18.9984                 1.0331                 1.0331
 IR Active:          YES                    YES                    YES
 IR Intens:        0.000                116.401                116.401
 Raman Active:       YES                    YES                    YES
               X      Y      Z        X      Y      Z        X      Y      Z
 F         -0.000 -0.000  0.707    0.000 -0.027  0.000   -0.027 -0.000 -0.000
 F         -0.000 -0.000 -0.707    0.000 -0.027  0.000   -0.027 -0.000 -0.000
 H          0.000  0.000 -0.000   -0.015  0.999 -0.000    0.999  0.015  0.000
 TransDip   0.000  0.000 -0.000   -0.005  0.346 -0.000    0.346  0.005  0.000

 Mode:                 4
 Frequency:      1559.94
 Force Cnst:      1.4812
 Red. Mass:       1.0331
 IR Active:          YES
 IR Intens:     2527.133
 Raman Active:       YES
               X      Y      Z        X      Y      Z        X      Y      Z
 F          0.000 -0.000 -0.027
 F          0.000 -0.000 -0.027
 H         -0.000  0.000  0.999
 TransDip  -0.000  0.000  1.610

 ======================================================================
                     VIBRATIONAL ANHARMONIC ANALYSIS                   
                     -------------------------------                   
 WARNING! Low frequency modes less than  300 are treated as rotation
 No anharmonic shift applied, please see IGNORE_LOW_FREQ for more details.
 WARNING! THESE RESULTS ARE CALCULATED WTIHOUT Eta_ijk AND Eta_ijkl
                                                                       
 TOSH[ 1]   593.50    VPT2[ 1]   553.44
 TOSH[ 2]  1272.40    VPT2[ 2]  1272.40
 TOSH[ 3]  1272.40    VPT2[ 3]  1272.40
 TOSH[ 4]  1611.46    VPT2[ 4]  1611.46

 ======================================================================

 STANDARD THERMODYNAMIC QUANTITIES AT   298.15 K  AND     1.00 ATM

   This Molecule has  0 Imaginary Frequencies
   Zero point vibrational energy:        6.843 kcal/mol

   Atom    1 Element F  Has Mass   18.99840
   Atom    2 Element F  Has Mass   18.99840
   Atom    3 Element H  Has Mass    1.00783
   Molecular Mass:    39.004630 amu
   Principal axes and moments of inertia in amu*Bohr^2:
                             1           2           3
    Eigenvalues --        0.00000   181.49954   181.49954
          X               0.00000     0.00000     1.00000
          Y               0.00000     1.00000     0.00000
          Z               1.00000     0.00000     0.00000
   Rotational Symmetry Number is   1
   The Molecule is a Symmetric Top
   Translational Enthalpy:        0.889 kcal/mol
   Rotational Enthalpy:           0.889 kcal/mol
   Vibrational Enthalpy:          6.958 kcal/mol
   gas constant (RT):             0.592 kcal/mol
   Translational Entropy:        36.911  cal/mol.K
   Rotational Entropy:          -42.776  cal/mol.K
   Vibrational Entropy:           0.505  cal/mol.K

   Total Enthalpy:                9.328 kcal/mol
   Total Entropy:                -5.360  cal/mol.K

 ======================================================================

 STANDARD THERMODYNAMIC QUANTITIES FOR ANHARMONIC VIBRATION -- TOSH

   Zero point vibrational energy:        6.790 kcal/mol

   Vibrational Enthalpy:          6.910 kcal/mol
   Vibrational Entropy:           0.530  cal/mol.K

   Total Enthalpy:                9.280 kcal/mol
   Total Entropy:                -5.335  cal/mol.K

 ======================================================================

 STANDARD THERMODYNAMIC QUANTITIES FOR ANHARMONIC VIBRATION -- VPT2

   Zero point vibrational energy:        6.733 kcal/mol

   Vibrational Enthalpy:          6.868 kcal/mol
   Vibrational Entropy:           0.606  cal/mol.K

   Total Enthalpy:                9.238 kcal/mol
   Total Entropy:                -5.259  cal/mol.K

 ======================================================================

 Total job time:  30.28s(wall), 207.87s(cpu) 
 Mon Feb 23 14:47:45 2026

        *************************************************************
        *                                                           *
        *  Thank you very much for using Q-Chem.  Have a nice day.  *
        *                                                           *
        *************************************************************


