                  Welcome to Q-Chem
     A Quantum Leap Into The Future Of Chemistry


 Q-Chem 6.3 (devel), Q-Chem, Inc., Pleasanton, CA (2025)

 E. Epifanovsky,  A. T. B. Gilbert,  Xintian Feng,  Joonho Lee,  Yuezhi Mao,  
 N. Mardirossian,  P. Pokhilko,  A. White,  M. Wormit,  M. P. Coons,  
 A. L. Dempwolff,  Zhengting Gan,  D. Hait,  P. R. Horn,  L. D. Jacobson,  
 I. Kaliman,  J. Kussmann,  A. W. Lange,  Ka Un Lao,  D. S. Levine,  Jie Liu,  
 S. C. McKenzie,  A. F. Morrison,  K. D. Nanda,  F. Plasser,  D. R. Rehn,  
 M. L. Vidal,  Zhi-Qiang You,  Ying Zhu,  Huseyin Aksu,  B. Alam,  
 B. Albrecht,  A. Aldossary,  E. Alguire,  J. H. Andersen,  
 J. E. Arias-Martinez,  V. Athavale,  F. Ballesteros,  D. Barton,  K. Begam,  
 A. Behn,  N. Bellonzi,  Y. A. Bernard,  E. J. Berquist,  H. Burton,  
 S. Camps,  A. Carreras,  K. Carter-Fenk,  Mathew Chow,  Romit Chakraborty,  
 Chandrima Chakravarty,  Junhan Chen,  A. D. Chien,  K. D. Closser,  
 V. Cofer-Shabica,  L. Cunha,  S. Dasgupta,  Jia Deng,  Joseph Dickinson,  
 M. de Wergifosse,  M. Diedenhofen,  L. B. Dittmer,  Hainam Do,  Wenjie Dou,  
 S. Ehlert,  Po-Tung Fang,  S. Fatehi,  Qingguo Feng,  Jonathan Fetherolf,  
 T. Friedhoff,  Thomas Froitzheim,  Sarai Folkestad,  B. Ganoe,  J. Gayvert,  
 Qinghui Ge,  G. Gidofalvi,  M. Gimferrer,  G. Giudetti,  M. Goldey,  
 Montgomery Gray,  J. Gomes,  C. Gonzalez-Espinoza,  S. Gulania,  A. Gunina,  
 J. A. Gyamfi,  M. W. D. Hanson-Heine,  P. H. P. Harbach,  A. W. Hauser,  
 M. F. Herbst,  M. Hernandez Vera,  M. Hodecker,  Z. C. Holden,  S. Houck,  
 Xunkun Huang,  Kerwin Hui,  B. C. Huynh,  K. Ikeda,  M. Ivanov,  
 Nayanthara K. Jayadev,  Hyunjun Ji,  Zuxin Jin,  Hanjie Jiang,  
 Subrata Jana,  B. Kaduk,  S. Kaehler,  R. Kang,  Richard Kang,  
 K. Khistyaev,  Jaehoon Kim,  Yongbin Kim,  P. Klunzinger,  Z. Koczor-Benda,  
 Joong Hoon Koh,  D. Kosenkov,  Saikiran Kotaru,  L. Koulias,  T. Kowalczyk,  
 C. M. Krauter,  K. Kue,  A. Kunitsa,  T. Kus,  A. Landau,  C. W. Lander,  
 K. V. Lawler,  D. Lefrancois,  S. Lehtola,  Rain Li,  Shaozhi Li,  
 Tao E. Li,  Yi-Pei Li,  Jiashu Liang,  M. Liebenthal,  Hung-Hsuan Lin,  
 You-Sheng Lin,  Fenglai Liu,  Kuan-Yu Liu,  Xiao Liu,  M. Loipersberger,  
 A. Luenser,  C. Malbon,  Aniket Mandal,  Manisha,  A. Manjanath,  
 P. Manohar,  E. Mansoor,  S. F. Manzer,  Shan-Ping Mao,  A. V. Marenich,  
 T. Markovich,  S. Mason,  F. Matz,  S. A. Maurer,  Samuel May,  
 Alexandra McIsaac,  P. F. McLaughlin,  M. F. S. J. Menger,  J.-M. Mewes,  
 S. A. Mewes,  R. E. Moorby,  P. Morgante,  Mohammad Mostafanejad,  
 Madhubani Mukherjee,  J. W. Mullinax,  Quyen Nguyen,  Avik Kumar Ojha,  
 K. J. Oosterbaan,  Eno Paenurk,  Xiaoliang Pan,  G. Paran,  V. Parravicini,  
 R. L. Patterson,  Alexander C. Paul,  Suranjan K. Paul,  F. Pavosevic,  
 Zheng Pei,  P. Pokhilko,  S. Prager,  E. I. Proynov,  E. Ramos,  B. Rana,  
 A. E. Rask,  A. Rettig,  R. M. Richard,  F. Rob,  E. Rossomme,  S. Roy,  
 T. Scheele,  M. Scheurer,  M. Schneider,  P. E. Schneider,  Tim K. Schramm,  
 N. Sergueev,  S. M. Sharada,  Hengyuan Shen,  W. Skomorowski,  D. W. Small,  
 C. J. Stein,  Alistair J. Sterling,  Yingli Su,  Yu-Chuan Su,  
 E. J. Sundstrom,  J. Talbot,  J. A. Tan,  Zhen Tao,  Hung-Hsuan Teh,  
 J. Thirman,  C. Titeca,  N. Tkachenko,  Hung-Yi Tsai,  T. Tsuchimochi,  
 N. M. Tubman,  C. Utku,  S. P. Veccham,  O. Vydrov,  Z. Wang,  Rahel Weiss,  
 J. Wenzel,  Jonathan Wong,  J. Witte,  H. Wu,  Yanze Wu,  A. Yamada,  
 Chou-Hsun Yang,  Kun Yao,  S. Yeganeh,  S. R. Yost,  Qi Yu,  A. Zech,  
 F. Zeller,  Chongxiao Zhao,  T. Zhao,  Igor Ying Zhang,  Xing Zhang,  
 Yu Zhang,  D. Zuev,  A. Aspuru-Guzik,  A. T. Bell,  N. A. Besley,  
 K. B. Bravaya,  B. R. Brooks,  D. Casanova,  Jeng-Da Chai,  Hsing-Ta Chen,  
 S. Coriani,  C. J. Cramer,  A. E. DePrince, III,  R. A. DiStasio Jr.,  
 A. Dreuw,  B. D. Dunietz,  T. R. Furlani,  W. A. Goddard III,  S. Grimme,  
 S. Hammes-Schiffer,  T. Head-Gordon,  W. J. Hehre,  Chao-Ping Hsu,  
 T.-C. Jagau,  Yousung Jung,  A. Klamt,  Jing Kong,  D. S. Lambrecht,  
 Xiangyuan Li,  WanZhen Liang,  N. J. Mayhall,  C. W. McCurdy,  J. B. Neaton,  
 T. Neudecker,  C. Ochsenfeld,  J. A. Parkhill,  R. Peverati,  
 V. A. Rassolov,  Haisheng Ren,  Yihan Shao,  L. V. Slipchenko,  
 R. P. Steele,  J. E. Subotnik,  A. J. W. Thom,  A. Tkatchenko,  
 D. G. Truhlar,  T. Van Voorhis,  Fan Wang,  T. A. Wesolowski,  K. B. Whaley,  
 H. L. Woodcock III,  P. M. Zimmerman,  S. Faraji,  P. M. W. Gill,  
 M. Head-Gordon,  J. M. Herbert,  A. I. Krylov

 Contributors to earlier versions of Q-Chem not listed above: 
 R. D. Adamson,  B. Austin,  R. Baer,  J. Baker,  G. J. O. Beran,  
 K. Brandhorst,  S. T. Brown,  E. F. C. Byrd,  Arup K. Chakraborty,  
 G. K. L. Chan,  Chun-Min Chang,  Yunqing Chen,  C.-L. Cheng,  
 Siu Hung Chien,  D. M. Chipman,  D. L. Crittenden,  H. Dachsel,  
 R. J. Doerksen,  A. D. Dutoi,  R. G. Edgar,  J. Fosso-Tande,  
 L. Fusti-Molnar,  D. Ghosh,  A. Ghysels,  A. Golubeva-Zadorozhnaya,  
 J. Gonthier,  M. S. Gordon,  S. R. Gwaltney,  G. Hawkins,  J. E. Herr,  
 A. Heyden,  S. Hirata,  E. G. Hohenstein,  G. Kedziora,  F. J. Keil,  
 C. Kelley,  Jihan Kim,  R. A. King,  R. Z. Khaliullin,  P. P. Korambath,  
 W. Kurlancheek,  A. Laurent,  A. M. Lee,  M. S. Lee,  S. V. Levchenko,  
 Ching Yeh Lin,  D. Liotard,  E. Livshits,  R. C. Lochan,  I. Lotan,  
 L. A. Martinez-Martinez,  P. E. Maslen,  N. Nair,  D. P. O'Neill,  
 D. Neuhauser,  E. Neuscamman,  C. M. Oana,  R. Olivares-Amaya,  R. Olson,  
 T. M. Perrine,  B. Peters,  P. A. Pieniazek,  A. Prociuk,  Y. M. Rhee,  
 J. Ritchie,  M. A. Rohrdanz,  E. Rosta,  N. J. Russ,  H. F. Schaefer III,  
 M. W. Schmidt,  N. E. Schultz,  S. Sharma,  N. Shenvi,  C. D. Sherrill,  
 A. C. Simmonett,  A. Sodt,  T. Stein,  D. Stuck,  K. S. Thanthiriwatte,  
 V. Vanovschi,  L. Vogt,  Tao Wang,  A. Warshel,  M. A. Watson,  
 C. F. Williams,  Q. Wu,  X. Xu,  Jun Yang,  W. Zhang,  Yan Zhao

   Please cite Q-Chem as follows:
  "Software for the frontiers of quantum chemistry:
   An overview of developments in the Q-Chem 5 package"
   J. Chem. Phys. 155, 084801 (2021)
   https://doi.org/10.1063/5.0055522 (open access)

 Q-Chem 6.3.0 for Intel X86 EM64T Linux

 Parts of Q-Chem use Armadillo 12.8.2 (Cortisol Injector).
 http://arma.sourceforge.net/

 Q-Chem begins on Mon Feb 23 14:47:04 2026  

 Host: della-h16n10
0

 Scratch files written to /scratch/gpfs/SHS/nb2617/nb2617/scratch/qchem359496//
 Executable: /scratch/gpfs/SHS/nb2617/nb2617/project/qchem/exe/qcprog.exe
 Number of threads = 16
 Processing $rem in /scratch/gpfs/SHS/nb2617/nb2617/project/qchem/config/preferences:
 Processing $rem in /home/nb2617/.qchemrc:
 User has disabled the Standard Nuclear Orientation.  Turning symmetry off.

 Checking the input file for inconsistencies... 	...done.

--------------------------------------------------------------
User input:
--------------------------------------------------------------
$molecule
0 1
C       1.1557436108     0.000000000     0.000000000
N      -0.0205058927     0.0000000000     0.0000000000
H      -1.0129510675     0.0000000000     0.0000000000
$end

$rem
jobtype = opt
NO_REORIENT    TRUE

method = B3LYP
basis = cc-pVDZ
! DFT_D D3_BJ
XC_GRID              	= 000099000590
NL_GRID              	= 000099000590
SCF_ALGORITHM GDM
THRESH 14
SCF_CONVERGENCE 10
max_scf_cycles 500
VIBMAN_PRINT = 7
GEOM_OPT_PRINT = 7
GEOM_OPT_DRIVER = OPTIMIZE


MEM_TOTAL 30000

GEOM_OPT_TOL_GRADIENT 1
GEOM_OPT_TOL_DISPLACEMENT 1
GEOM_OPT_TOL_ENERGY 1
$end
--------------------------------------------------------------
 ----------------------------------------------------------------
             Standard Nuclear Orientation (Angstroms)
    I     Atom           X                Y                Z
 ----------------------------------------------------------------
    1      C       1.1557436108     0.0000000000     0.0000000000
    2      N      -0.0205058927     0.0000000000     0.0000000000
    3      H      -1.0129510675     0.0000000000     0.0000000000
 ----------------------------------------------------------------
 Nuclear Repulsion Energy =          24.09165911 hartrees
 There are        7 alpha and        7 beta electrons
 Requested basis set is cc-pVDZ
 There are 15 shells and 33 basis functions

 Total QAlloc Memory Limit  30000 MB
 Mega-Array Size       188 MB
 MEM_STATIC part       192 MB

 A cutoff of  1.0D-14 yielded    120 shell pairs
 There are       596 function pairs (       675 Cartesian)
 Smallest overlap matrix eigenvalue = 8.60E-03

 Scale SEOQF with 1.000000e+00/1.000000e+00/1.000000e+00

 Standard Electronic Orientation quadrupole field applied
 Nucleus-field energy     =     0.0000000032 hartrees
 Guess from superposition of atomic densities
 Warning:  Energy on first SCF cycle will be non-variational
 SAD guess density has 14.000000 electrons

 -----------------------------------------------------------------------
  General SCF calculation program by
  Eric Jon Sundstrom, Paul Horn, Yuezhi Mao, Dmitri Zuev, Alec White,
  David Stuck, Shaama M.S., Shane Yost, Joonho Lee, David Small,
  Daniel Levine, Susi Lehtola, Hugh Burton, Evgeny Epifanovsky,
  Bang C. Huynh
 -----------------------------------------------------------------------
 Exchange:     0.2000 Hartree-Fock + 0.0800 Slater + 0.7200 B88
 Correlation:  0.1900 VWN1RPA + 0.8100 LYP
 Using Euler-Maclaurin-Lebedev (99,590) quadrature formula
Added inc_jk
Added qchem_hcore
Added xc
Added P-dependent contribution
 using 16 threads for integral computing
 -------------------------------------------------------
 OpenMP Integral computing Module                
 Release: version 1.0, May 2013, Q-Chem Inc. Pittsburgh 
 -------------------------------------------------------
 A restricted SCF calculation will be
 performed using Roothaan-Hall, GDM
 SCF converges when RMS gradient is below 1.0e-10
 User-specified cutoff of 10e-14
 used for neglect of 2-electron integrals.
 A cutoff of 10e-14
 used for neglect of overlap integrals.
 Incremental Fock algorithm is on at the start.
 ---------------------------------------
  Cycle       Energy         DIIS error
 ---------------------------------------
    1     -93.6050164869      1.29e-01  Roothaan Step
 ---------------------------------------
  Cycle       Energy        RMS Gradient
 ---------------------------------------
    1     -93.3813334064      7.51e-02   Normal BFGS step
    2     -93.3855755467      8.14e-02   Normal BFGS step
    3     -93.4042678595      4.49e-02   Normal BFGS step
    4     -93.4011585923      6.11e-02  Line search: overstep
    5     -93.4058645838      1.38e-02   Normal BFGS step
    6     -93.4060862063      4.04e-04   Normal BFGS step
    7     -93.4060866843      1.40e-05   Normal BFGS step
    8     -93.4060866854      1.75e-06   Normal BFGS step
    9     -93.4060866854      2.24e-07   Normal BFGS step
   10     -93.4060866854      7.95e-08   Normal BFGS step
   11     -93.4060866854      9.09e-08   Normal BFGS step
   12     -93.4060866854      2.60e-09   Normal BFGS step
   13     -93.4060866854      1.27e-09   Normal BFGS step
   14     -93.4060866854      7.43e-10   Normal BFGS step
   15     -93.4060866854      1.82e-10   Normal BFGS step
   16     -93.4060866854      1.75e-11  Convergence criterion met
 ---------------------------------------
 SCF time:   CPU 7.25s  wall 2.00s 
 SCF   energy =   -93.40608669
 Total energy =   -93.40608669
 Integrated density by DFT XC:
   Number of electrons = 14
   Numerical integral  =    13.999999999714
   Relative error      =     0.0000000020 %

 --------------------------------------------------------------

                    Orbital Energies (a.u.)
 --------------------------------------------------------------

 Alpha MOs
 -- Occupied --
-14.3726 -10.2398  -0.9476  -0.6684  -0.3749  -0.3749  -0.3163
 -- Virtual --
  0.0203   0.0203   0.0484   0.3020   0.3916   0.4942   0.4942   0.6016
  0.7408   0.7408   0.8274   1.1259   1.1259   1.1347   1.1347   1.1772
  1.3321   1.5976   1.5976   1.8279   1.8279   1.9732   2.2244   2.5313
  2.5313   3.5083
 --------------------------------------------------------------

          Ground-State Mulliken Net Atomic Charges

     Atom                 Charge (a.u.)
  ----------------------------------------
      1 C                    -0.091497
      2 N                    -0.026072
      3 H                     0.117569
  ----------------------------------------
  Sum of atomic charges =     0.000000

 -----------------------------------------------------------------
                    Cartesian Multipole Moments
 -----------------------------------------------------------------
    Charge (ESU x 10^10)
                 0.0000
    Dipole Moment (Debye)
         X      -3.0132      Y       0.0000      Z      -0.0000
       Tot       3.0132
    Quadrupole Moments (Debye-Ang)
        XX     -12.7822     XY      -0.0000     YY     -11.5592
        XZ       0.0000     YZ      -0.0000     ZZ     -11.5592
    Octopole Moments (Debye-Ang^2)
       XXX     -27.6889    XXY      -0.0000    XYY      -6.1742
       YYY       0.0000    XXZ       0.0000    XYZ      -0.0000
       YYZ       0.0000    XZZ      -6.1742    YZZ       0.0000
       ZZZ       0.0000
    Hexadecapole Moments (Debye-Ang^3)
      XXXX     -74.8432   XXXY      -0.0000   XXYY     -12.2965
      XYYY      -0.0000   YYYY     -10.6019   XXXZ       0.0000
      XXYZ      -0.0000   XYYZ       0.0000   YYYZ      -0.0000
      XXZZ     -12.2965   XYZZ      -0.0000   YYZZ      -3.5340
      XZZZ       0.0000   YZZZ      -0.0000   ZZZZ     -10.6019
 -----------------------------------------------------------------
 Calculating analytic gradient of the SCF energy
Added xc
 Gradient of SCF Energy
            1           2           3
    1  -0.0032731  -0.0083702   0.0116433
    2   0.0000000  -0.0000000  -0.0000000
    3   0.0000000  -0.0000000   0.0000000
 Max gradient component =       1.164E-02
 RMS gradient           =       4.903E-03
 Gradient time:  CPU 0.98 s  wall 2.07 s
 Geometry Optimization Parameters
   NAtoms,    NIC,     NZ,  NCons,   NDum,   NFix, NCnnct, MaxDiis
        3       9       0       0       0       0       0       0

 Rotation Matrix is:


     1.000000    0.000000    0.000000
     0.000000    1.000000    0.000000
     0.000000    0.000000    1.000000


** GEOMETRY OPTIMIZATION IN DELOCALIZED INTERNAL COORDINATES **
   Searching for a Minimum

   Optimization Cycle:   1

                       Coordinates (Angstroms)
     ATOM                X               Y               Z
      1  C         1.1557436108    0.0000000000    0.0000000000
      2  N        -0.0205058927    0.0000000000    0.0000000000
      3  H        -1.0129510675    0.0000000000    0.0000000000
   Point Group: c1    Number of degrees of freedom:     3


   Energy is    -93.406086685


                       Cartesian Gradient (au)
     ATOM              X           Y           Z
    1  C          -0.003273    0.000000    0.000000
    2  N          -0.008370    0.000000    0.000000
    3  H           0.011643    0.000000    0.000000

 Attempting to generate delocalized internal coordinates
 Generating Primitive Internal Coordinates
 Primitive Stretches:
         2    1
         3    2
 There are      2 Stretches
 Primitive Bends:
         3    2    1
 There are      1 Bends
 There are      0 Torsions
 There are      3 Primitive Internals

  ***ERROR*** Angle     3    2    1   is near-linear
              But No atom available to define colinear bend
**WARNING** Problems with Internal Coordinates
  Switching to Cartesian Coordinates

 Vectors for Translations and Rotations


     0.577350    0.000000    0.000000    0.000000    0.000000    0.000000
     0.000000    0.577350    0.000000    0.000000    0.000000    0.726214
     0.000000    0.000000    0.577350    0.000000   -0.726214    0.000000
     0.577350    0.000000    0.000000    0.000000    0.000000   -0.000000
     0.000000    0.577350    0.000000    0.000000    0.000000   -0.039905
     0.000000    0.000000    0.577350    0.000000    0.039905   -0.000000
     0.577350    0.000000    0.000000    0.000000    0.000000   -0.000000
     0.000000    0.577350    0.000000    0.000000    0.000000   -0.686309
     0.000000    0.000000    0.577350    0.000000    0.686309   -0.000000

 The Projection Matrix


     0.666667    0.000000    0.000000   -0.333333    0.000000    0.000000
     0.000000    0.139279    0.000000    0.000000   -0.304353    0.000000
     0.000000    0.000000    0.139279    0.000000    0.000000   -0.304353
    -0.333333    0.000000    0.000000    0.666667    0.000000    0.000000
     0.000000   -0.304353    0.000000    0.000000    0.665074    0.000000
     0.000000    0.000000   -0.304353    0.000000    0.000000    0.665074
    -0.333333    0.000000    0.000000   -0.333333    0.000000    0.000000
     0.000000    0.165074    0.000000    0.000000   -0.360721    0.000000
     0.000000    0.000000    0.165074    0.000000    0.000000   -0.360721


    -0.333333    0.000000    0.000000
     0.000000    0.165074    0.000000
     0.000000    0.000000    0.165074
    -0.333333    0.000000    0.000000
     0.000000   -0.360721    0.000000
     0.000000    0.000000   -0.360721
     0.666667    0.000000    0.000000
     0.000000    0.195647    0.000000
     0.000000    0.000000    0.195647

 Translations and Rotations Projected Out of Hessian

   Hessian Matrix after Projection


     0.666667    0.000000    0.000000   -0.333333    0.000000    0.000000
     0.000000    0.139279    0.000000    0.000000   -0.304353    0.000000
     0.000000    0.000000    0.139279    0.000000    0.000000   -0.304353
    -0.333333    0.000000    0.000000    0.666667    0.000000    0.000000
     0.000000   -0.304353    0.000000    0.000000    0.665074    0.000000
     0.000000    0.000000   -0.304353    0.000000    0.000000    0.665074
    -0.333333    0.000000    0.000000   -0.333333    0.000000    0.000000
     0.000000    0.165074    0.000000    0.000000   -0.360721    0.000000
     0.000000    0.000000    0.165074    0.000000    0.000000   -0.360721


    -0.333333    0.000000    0.000000
     0.000000    0.165074    0.000000
     0.000000    0.000000    0.165074
    -0.333333    0.000000    0.000000
     0.000000   -0.360721    0.000000
     0.000000    0.000000   -0.360721
     0.666667    0.000000    0.000000
     0.000000    0.195647    0.000000
     0.000000    0.000000    0.195647

  3 Hessian modes will be used to form the next step
  Hessian Eigenvalues:
     1.000000    1.000000    1.000000

  Hessian Eigenvectors:


     0.213450   -0.707107   -0.348003
    -0.318128    0.000000   -0.195126
    -0.000000   -0.000000    0.000000
     0.213450    0.707107   -0.348003
     0.695174   -0.000000    0.426389
    -0.000000   -0.000000    0.000000
    -0.426899   -0.000000    0.696006
    -0.377046   -0.000000   -0.231263
    -0.000000   -0.000000   -0.000000

 Minimum search - taking simple RFO step
 Searching for Lamda that Minimizes Along All modes
 Value Taken    Lamda =  -0.00021629
 Step Taken.  Stepsize is  0.014705


                      Coordinates and Displacements in Atomic Units
   ATOM            Current Value    Gradient  Displacement   New Value
  1  c         X       2.184039    -0.003273     0.003272     2.187311
               Y       0.000000     0.000000    -0.000000    -0.000000
               Z       0.000000     0.000000    -0.000000    -0.000000
  2  n         X      -0.038751    -0.008370     0.008368    -0.030382
               Y       0.000000     0.000000    -0.000000    -0.000000
               Z       0.000000     0.000000    -0.000000    -0.000000
  3  h         X      -1.914200     0.011643    -0.011641    -1.925841
               Y       0.000000     0.000000    -0.000000    -0.000000
               Z       0.000000     0.000000    -0.000000    -0.000000

                             Maximum     Tolerance    Cnvgd?
         Gradient           0.011643      0.000001      NO
         Displacement       0.011641      0.000001      NO
         Energy change     *********      0.000000      NO

 ----------------------------------------------------------------
             Standard Nuclear Orientation (Angstroms)
    I     Atom           X                Y                Z
 ----------------------------------------------------------------
    1      C       1.1574753051     0.0000000000     0.0000000000
    2      N      -0.0160775243     0.0000000000     0.0000000000
    3      H      -1.0191111302     0.0000000000     0.0000000000
 ----------------------------------------------------------------
 Nuclear Repulsion Energy =          24.09036841 hartrees
 There are        7 alpha and        7 beta electrons
 Applying Cartesian multipole field
    Component          Value
    ---------          -----
     (2,0,0)        1.00000E-10
     (0,2,0)        2.00000E-10
     (0,0,2)       -3.00000E-10
 Nucleus-field energy     =     0.0000000032 hartrees
 Requested basis set is cc-pVDZ
 There are 15 shells and 33 basis functions
 A cutoff of  1.0D-14 yielded    120 shell pairs
 There are       596 function pairs (       675 Cartesian)
 Smallest overlap matrix eigenvalue = 8.57E-03
 Guess MOs from SCF MO coefficient file

 -----------------------------------------------------------------------
  General SCF calculation program by
  Eric Jon Sundstrom, Paul Horn, Yuezhi Mao, Dmitri Zuev, Alec White,
  David Stuck, Shaama M.S., Shane Yost, Joonho Lee, David Small,
  Daniel Levine, Susi Lehtola, Hugh Burton, Evgeny Epifanovsky,
  Bang C. Huynh
 -----------------------------------------------------------------------
 Exchange:     0.2000 Hartree-Fock + 0.0800 Slater + 0.7200 B88
 Correlation:  0.1900 VWN1RPA + 0.8100 LYP
 Using Euler-Maclaurin-Lebedev (99,590) quadrature formula
Added inc_jk
Added qchem_hcore
Added xc
Added P-dependent contribution
 A restricted SCF calculation will be
 performed using GDM
 SCF converges when RMS gradient is below 1.0e-10
 User-specified cutoff of 10e-14
 used for neglect of 2-electron integrals.
 A cutoff of 10e-14
 used for neglect of overlap integrals.
 Incremental Fock algorithm is on at the start.
 ---------------------------------------
  Cycle       Energy        RMS Gradient
 ---------------------------------------
    1     -93.4061515279      3.09e-03   Normal BFGS step
    2     -93.4061732851      2.61e-03   Normal BFGS step
    3     -93.4061734275      2.55e-03   Normal BFGS step
    4     -93.4061804104      3.76e-04   Normal BFGS step
    5     -93.4061808276      1.98e-04   Normal BFGS step
    6     -93.4061809755      2.13e-05   Normal BFGS step
    7     -93.4061809770      4.62e-06   Normal BFGS step
    8     -93.4061809771      2.64e-07   Normal BFGS step
    9     -93.4061809771      2.52e-08   Normal BFGS step
   10     -93.4061809771      2.68e-09   Normal BFGS step
   11     -93.4061809771      3.00e-09   Normal BFGS step
   12     -93.4061809771      3.85e-10   Normal BFGS step
   13     -93.4061809771      1.71e-10   Normal BFGS step
  GDM::WARNING energy changes are now smaller than effective accuracy.
  GDM::        calculation will continue, but THRESH should be increased
  GDM::        or SCF_CONVERGENCE decreased. 
  GDM::        effective_thresh = 4.85e-09
   14     -93.4061809771      3.54e-11  Convergence criterion met
 ---------------------------------------
 SCF time:   CPU 5.87s  wall 1.00s 
 SCF   energy =   -93.40618098
 Total energy =   -93.40618098
 Integrated density by DFT XC:
   Number of electrons = 14
   Numerical integral  =    13.999999986419
   Relative error      =     0.0000000970 %

 --------------------------------------------------------------

                    Orbital Energies (a.u.)
 --------------------------------------------------------------

 Alpha MOs
 -- Occupied --
-14.3728 -10.2385  -0.9475  -0.6654  -0.3751  -0.3751  -0.3155
 -- Virtual --
  0.0217   0.0217   0.0453   0.3012   0.3898   0.4943   0.4943   0.6016
  0.7404   0.7404   0.8275   1.1275   1.1275   1.1349   1.1349   1.1767
  1.3291   1.5939   1.5939   1.8293   1.8293   1.9769   2.2068   2.5266
  2.5266   3.4999
 --------------------------------------------------------------

          Ground-State Mulliken Net Atomic Charges

     Atom                 Charge (a.u.)
  ----------------------------------------
      1 C                    -0.093494
      2 N                    -0.030866
      3 H                     0.124360
  ----------------------------------------
  Sum of atomic charges =     0.000000

 -----------------------------------------------------------------
                    Cartesian Multipole Moments
 -----------------------------------------------------------------
    Charge (ESU x 10^10)
                -0.0000
    Dipole Moment (Debye)
         X      -3.0427      Y       0.0000      Z      -0.0000
       Tot       3.0427
    Quadrupole Moments (Debye-Ang)
        XX     -12.7791     XY       0.0000     YY     -11.5640
        XZ      -0.0000     YZ       0.0000     ZZ     -11.5640
    Octopole Moments (Debye-Ang^2)
       XXX     -27.8503    XXY       0.0000    XYY      -6.1996
       YYY       0.0000    XXZ      -0.0000    XYZ       0.0000
       YYZ      -0.0000    XZZ      -6.1996    YZZ       0.0000
       ZZZ      -0.0000
    Hexadecapole Moments (Debye-Ang^3)
      XXXX     -75.0680   XXXY       0.0000   XXYY     -12.3361
      XYYY       0.0000   YYYY     -10.6052   XXXZ      -0.0000
      XXYZ       0.0000   XYYZ      -0.0000   YYYZ       0.0000
      XXZZ     -12.3361   XYZZ       0.0000   YYZZ      -3.5351
      XZZZ      -0.0000   YZZZ       0.0000   ZZZZ     -10.6052
 -----------------------------------------------------------------
 Calculating analytic gradient of the SCF energy
Added xc
 Gradient of SCF Energy
            1           2           3
    1  -0.0095646   0.0084003   0.0011643
    2  -0.0000000   0.0000000  -0.0000000
    3  -0.0000000   0.0000000  -0.0000000
 Max gradient component =       9.565E-03
 RMS gradient           =       4.261E-03
 Gradient time:  CPU 0.82 s  wall 0.19 s
 Geometry Optimization Parameters
   NAtoms,    NIC,     NZ,  NCons,   NDum,   NFix, NCnnct, MaxDiis
        3       9       0       0       0       0       0       0

 Rotation Matrix is:


     1.000000    0.000000    0.000000
     0.000000    1.000000    0.000000
     0.000000    0.000000    1.000000

 Cartesian Hessian Update
 Hessian updated using BFGS update


** GEOMETRY OPTIMIZATION IN CARTESIAN COORDINATES **
   Searching for a Minimum

   Optimization Cycle:   2

                       Coordinates (Angstroms)
     ATOM                X               Y               Z
      1  C         1.1574753051    0.0000000000    0.0000000000
      2  N        -0.0160775243    0.0000000000    0.0000000000
      3  H        -1.0191111302    0.0000000000    0.0000000000
   Point Group: c1    Number of degrees of freedom:     3


   Energy is    -93.406180977


                       Cartesian Gradient (au)
     ATOM              X           Y           Z
    1  C          -0.009565    0.000000    0.000000
    2  N           0.008400    0.000000    0.000000
    3  H           0.001164    0.000000    0.000000

 Vectors for Translations and Rotations


     0.577350    0.000000    0.000000    0.000000    0.000000    0.000000
     0.000000    0.577350    0.000000    0.000000    0.000000    0.724831
     0.000000    0.000000    0.577350    0.000000   -0.724831    0.000000
     0.577350    0.000000    0.000000    0.000000    0.000000   -0.000000
     0.000000    0.577350    0.000000    0.000000    0.000000   -0.036893
     0.000000    0.000000    0.577350    0.000000    0.036893   -0.000000
     0.577350    0.000000    0.000000    0.000000    0.000000   -0.000000
     0.000000    0.577350    0.000000    0.000000    0.000000   -0.687938
     0.000000    0.000000    0.577350    0.000000    0.687938   -0.000000

 The Projection Matrix


     0.666667    0.000000    0.000000   -0.333333    0.000000    0.000000
     0.000000    0.141286    0.000000    0.000000   -0.306592    0.000000
     0.000000    0.000000    0.141286    0.000000    0.000000   -0.306592
    -0.333333    0.000000    0.000000    0.666667    0.000000    0.000000
     0.000000   -0.306592    0.000000    0.000000    0.665306    0.000000
     0.000000    0.000000   -0.306592    0.000000    0.000000    0.665306
    -0.333333    0.000000    0.000000   -0.333333    0.000000    0.000000
     0.000000    0.165306    0.000000    0.000000   -0.358714    0.000000
     0.000000    0.000000    0.165306    0.000000    0.000000   -0.358714


    -0.333333    0.000000    0.000000
     0.000000    0.165306    0.000000
     0.000000    0.000000    0.165306
    -0.333333    0.000000    0.000000
     0.000000   -0.358714    0.000000
     0.000000    0.000000   -0.358714
     0.666667    0.000000    0.000000
     0.000000    0.193408    0.000000
     0.000000    0.000000    0.193408

 Translations and Rotations Projected Out of Hessian

   Hessian Matrix after Projection


     0.780886    0.000000    0.000000   -0.896436    0.000000    0.000000
     0.000000    0.141286    0.000000    0.000000   -0.306592    0.000000
     0.000000    0.000000    0.141286    0.000000    0.000000   -0.306592
    -0.896436    0.000000    0.000000    1.506270    0.000000    0.000000
     0.000000   -0.306592    0.000000    0.000000    0.665306    0.000000
     0.000000    0.000000   -0.306592    0.000000    0.000000    0.665306
     0.115551    0.000000    0.000000   -0.609834    0.000000    0.000000
     0.000000    0.165306    0.000000    0.000000   -0.358714    0.000000
     0.000000    0.000000    0.165306    0.000000    0.000000   -0.358714


     0.115551    0.000000    0.000000
     0.000000    0.165306    0.000000
     0.000000    0.000000    0.165306
    -0.609834    0.000000    0.000000
     0.000000   -0.358714    0.000000
     0.000000    0.000000   -0.358714
     0.494283    0.000000    0.000000
     0.000000    0.193408    0.000000
     0.000000    0.000000    0.193408

  2 Hessian modes will be used to form the next step
  Hessian Eigenvalues:
     0.487270    2.294169

  Hessian Eigenvectors:


    -0.643645   -0.502382
    -0.000000   -0.000000
    -0.000000   -0.000000
    -0.113253    0.808604
     0.000000    0.000000
    -0.000000   -0.000000
     0.756898   -0.306222
    -0.000000    0.000000
     0.000000    0.000000

 Minimum search - taking simple RFO step
 Searching for Lamda that Minimizes Along All modes
 Value Taken    Lamda =  -0.00013107
 Step Taken.  Stepsize is  0.013414


                      Coordinates and Displacements in Atomic Units
   ATOM            Current Value    Gradient  Displacement   New Value
  1  c         X       2.187311    -0.009565     0.010499     2.197810
               Y       0.000000     0.000000     0.000000     0.000000
               Z       0.000000     0.000000     0.000000     0.000000
  2  n         X      -0.030382     0.008400    -0.002548    -0.032930
               Y       0.000000     0.000000    -0.000000    -0.000000
               Z       0.000000     0.000000     0.000000     0.000000
  3  h         X      -1.925841     0.001164    -0.007951    -1.933792
               Y       0.000000     0.000000     0.000000     0.000000
               Z       0.000000     0.000000    -0.000000    -0.000000

                             Maximum     Tolerance    Cnvgd?
         Gradient           0.009565      0.000001      NO
         Displacement       0.010499      0.000001      NO
         Energy change     -0.000094      0.000000      NO

 ----------------------------------------------------------------
             Standard Nuclear Orientation (Angstroms)
    I     Atom           X                Y                Z
 ----------------------------------------------------------------
    1      C       1.1630308787     0.0000000000     0.0000000000
    2      N      -0.0174256803     0.0000000000     0.0000000000
    3      H      -1.0233185478     0.0000000000     0.0000000000
 ----------------------------------------------------------------
 Nuclear Repulsion Energy =          23.96259739 hartrees
 There are        7 alpha and        7 beta electrons
 Applying Cartesian multipole field
    Component          Value
    ---------          -----
     (2,0,0)        1.00000E-10
     (0,2,0)        2.00000E-10
     (0,0,2)       -3.00000E-10
 Nucleus-field energy     =     0.0000000033 hartrees
 Requested basis set is cc-pVDZ
 There are 15 shells and 33 basis functions
 A cutoff of  1.0D-14 yielded    120 shell pairs
 There are       596 function pairs (       675 Cartesian)
 Smallest overlap matrix eigenvalue = 8.72E-03
 Guess MOs from SCF MO coefficient file

 -----------------------------------------------------------------------
  General SCF calculation program by
  Eric Jon Sundstrom, Paul Horn, Yuezhi Mao, Dmitri Zuev, Alec White,
  David Stuck, Shaama M.S., Shane Yost, Joonho Lee, David Small,
  Daniel Levine, Susi Lehtola, Hugh Burton, Evgeny Epifanovsky,
  Bang C. Huynh
 -----------------------------------------------------------------------
 Exchange:     0.2000 Hartree-Fock + 0.0800 Slater + 0.7200 B88
 Correlation:  0.1900 VWN1RPA + 0.8100 LYP
 Using Euler-Maclaurin-Lebedev (99,590) quadrature formula
Added inc_jk
Added qchem_hcore
Added xc
Added P-dependent contribution
 A restricted SCF calculation will be
 performed using GDM
 SCF converges when RMS gradient is below 1.0e-10
 User-specified cutoff of 10e-14
 used for neglect of 2-electron integrals.
 A cutoff of 10e-14
 used for neglect of overlap integrals.
 Incremental Fock algorithm is on at the start.
 ---------------------------------------
  Cycle       Energy        RMS Gradient
 ---------------------------------------
    1     -93.4061793904      2.27e-03   Normal BFGS step
    2     -93.4062007865      1.38e-03   Normal BFGS step
    3     -93.4062055295      1.46e-03   Normal BFGS step
    4     -93.4062056954      1.16e-03   Normal BFGS step
    5     -93.4062077180      1.24e-04   Normal BFGS step
    6     -93.4062077647      2.43e-05   Normal BFGS step
    7     -93.4062077673      1.07e-06   Normal BFGS step
    8     -93.4062077673      1.46e-07   Normal BFGS step
    9     -93.4062077673      1.09e-08   Normal BFGS step
   10     -93.4062077673      1.62e-09   Normal BFGS step
   11     -93.4062077673      2.68e-09   Normal BFGS step
   12     -93.4062077673      1.40e-09   Normal BFGS step
   13     -93.4062077673      6.69e-11  Convergence criterion met
 ---------------------------------------
 SCF time:   CPU 5.48s  wall 1.00s 
 SCF   energy =   -93.40620777
 Total energy =   -93.40620777
 Integrated density by DFT XC:
   Number of electrons = 14
   Numerical integral  =    13.999999995073
   Relative error      =     0.0000000352 %

 --------------------------------------------------------------

                    Orbital Energies (a.u.)
 --------------------------------------------------------------

 Alpha MOs
 -- Occupied --
-14.3736 -10.2408  -0.9448  -0.6638  -0.3734  -0.3734  -0.3168
 -- Virtual --
  0.0193   0.0193   0.0446   0.3020   0.3859   0.4947   0.4947   0.6011
  0.7403   0.7403   0.8214   1.1249   1.1249   1.1354   1.1354   1.1710
  1.3295   1.5890   1.5890   1.8274   1.8274   1.9659   2.1972   2.5205
  2.5205   3.4840
 --------------------------------------------------------------

          Ground-State Mulliken Net Atomic Charges

     Atom                 Charge (a.u.)
  ----------------------------------------
      1 C                    -0.088598
      2 N                    -0.038251
      3 H                     0.126849
  ----------------------------------------
  Sum of atomic charges =     0.000000

 -----------------------------------------------------------------
                    Cartesian Multipole Moments
 -----------------------------------------------------------------
    Charge (ESU x 10^10)
                -0.0000
    Dipole Moment (Debye)
         X      -3.0242      Y       0.0000      Z      -0.0000
       Tot       3.0242
    Quadrupole Moments (Debye-Ang)
        XX     -12.7484     XY      -0.0000     YY     -11.5874
        XZ      -0.0000     YZ       0.0000     ZZ     -11.5874
    Octopole Moments (Debye-Ang^2)
       XXX     -27.9191    XXY       0.0000    XYY      -6.2199
       YYY       0.0000    XXZ       0.0000    XYZ       0.0000
       YYZ      -0.0000    XZZ      -6.2199    YZZ       0.0000
       ZZZ      -0.0000
    Hexadecapole Moments (Debye-Ang^3)
      XXXX     -75.5221   XXXY      -0.0000   XXYY     -12.4191
      XYYY      -0.0000   YYYY     -10.6449   XXXZ       0.0000
      XXYZ       0.0000   XYYZ       0.0000   YYYZ       0.0000
      XXZZ     -12.4191   XYZZ      -0.0000   YYZZ      -3.5483
      XZZZ       0.0000   YZZZ       0.0000   ZZZZ     -10.6449
 -----------------------------------------------------------------
 Calculating analytic gradient of the SCF energy
Added xc
 Gradient of SCF Energy
            1           2           3
    1   0.0052947  -0.0040121  -0.0012826
    2  -0.0000000  -0.0000000   0.0000000
    3  -0.0000000   0.0000000   0.0000000
 Max gradient component =       5.295E-03
 RMS gradient           =       2.255E-03
 Gradient time:  CPU 0.82 s  wall 0.19 s
 Geometry Optimization Parameters
   NAtoms,    NIC,     NZ,  NCons,   NDum,   NFix, NCnnct, MaxDiis
        3       9       0       0       0       0       0       0

 Rotation Matrix is:


     1.000000    0.000000    0.000000
     0.000000    1.000000    0.000000
     0.000000    0.000000    1.000000

 Cartesian Hessian Update
 Hessian updated using BFGS update


** GEOMETRY OPTIMIZATION IN CARTESIAN COORDINATES **
   Searching for a Minimum

   Optimization Cycle:   3

                       Coordinates (Angstroms)
     ATOM                X               Y               Z
      1  C         1.1630308787    0.0000000000    0.0000000000
      2  N        -0.0174256803    0.0000000000    0.0000000000
      3  H        -1.0233185478    0.0000000000    0.0000000000
   Point Group: c1    Number of degrees of freedom:     3


   Energy is    -93.406207767


                       Cartesian Gradient (au)
     ATOM              X           Y           Z
    1  C           0.005295    0.000000    0.000000
    2  N          -0.004012    0.000000    0.000000
    3  H          -0.001283    0.000000    0.000000

 Vectors for Translations and Rotations


     0.577350    0.000000    0.000000    0.000000    0.000000    0.000000
     0.000000    0.577350    0.000000    0.000000    0.000000    0.725156
     0.000000    0.000000    0.577350    0.000000   -0.725156    0.000000
     0.577350    0.000000    0.000000    0.000000    0.000000   -0.000000
     0.000000    0.577350    0.000000    0.000000    0.000000   -0.037598
     0.000000    0.000000    0.577350    0.000000    0.037598   -0.000000
     0.577350    0.000000    0.000000    0.000000    0.000000   -0.000000
     0.000000    0.577350    0.000000    0.000000    0.000000   -0.687558
     0.000000    0.000000    0.577350    0.000000    0.687558   -0.000000

 The Projection Matrix


     0.666667    0.000000    0.000000   -0.333333    0.000000    0.000000
     0.000000    0.140816    0.000000    0.000000   -0.306069    0.000000
     0.000000    0.000000    0.140816    0.000000    0.000000   -0.306069
    -0.333333    0.000000    0.000000    0.666667    0.000000    0.000000
     0.000000   -0.306069    0.000000    0.000000    0.665253    0.000000
     0.000000    0.000000   -0.306069    0.000000    0.000000    0.665253
    -0.333333    0.000000    0.000000   -0.333333    0.000000    0.000000
     0.000000    0.165253    0.000000    0.000000   -0.359184    0.000000
     0.000000    0.000000    0.165253    0.000000    0.000000   -0.359184


    -0.333333    0.000000    0.000000
     0.000000    0.165253    0.000000
     0.000000    0.000000    0.165253
    -0.333333    0.000000    0.000000
     0.000000   -0.359184    0.000000
     0.000000    0.000000   -0.359184
     0.666667    0.000000    0.000000
     0.000000    0.193931    0.000000
     0.000000    0.000000    0.193931

 Translations and Rotations Projected Out of Hessian

   Hessian Matrix after Projection


     1.149275    0.000000    0.000000   -1.174133    0.000000    0.000000
     0.000000    0.140816    0.000000    0.000000   -0.306069    0.000000
     0.000000    0.000000    0.140816    0.000000    0.000000   -0.306069
    -1.174133    0.000000    0.000000    1.711861    0.000000    0.000000
     0.000000   -0.306069    0.000000    0.000000    0.665253    0.000000
     0.000000    0.000000   -0.306069    0.000000    0.000000    0.665253
     0.024858    0.000000    0.000000   -0.537729    0.000000    0.000000
     0.000000    0.165253    0.000000    0.000000   -0.359184    0.000000
     0.000000    0.000000    0.165253    0.000000    0.000000   -0.359184


     0.024858    0.000000    0.000000
     0.000000    0.165253    0.000000
     0.000000    0.000000    0.165253
    -0.537729    0.000000    0.000000
     0.000000   -0.359184    0.000000
     0.000000    0.000000   -0.359184
     0.512870    0.000000    0.000000
     0.000000    0.193931    0.000000
     0.000000    0.000000    0.193931

  2 Hessian modes will be used to form the next step
  Hessian Eigenvalues:
     0.647991    2.726016

  Hessian Eigenvectors:


    -0.567003   -0.587515
     0.000000   -0.000000
    -0.000000    0.000000
    -0.225302    0.784797
    -0.000000    0.000000
    -0.000000    0.000000
     0.792305   -0.197281
    -0.000000    0.000000
    -0.000000    0.000000

 Minimum search - taking simple RFO step
 Searching for Lamda that Minimizes Along All modes
 Value Taken    Lamda =  -0.00002820
 Step Taken.  Stepsize is  0.005287


                      Coordinates and Displacements in Atomic Units
   ATOM            Current Value    Gradient  Displacement   New Value
  1  c         X       2.197810     0.005295    -0.004020     2.193790
               Y       0.000000     0.000000     0.000000     0.000000
               Z       0.000000     0.000000     0.000000     0.000000
  2  n         X      -0.032930    -0.004012     0.000646    -0.032283
               Y       0.000000     0.000000    -0.000000    -0.000000
               Z       0.000000     0.000000    -0.000000    -0.000000
  3  h         X      -1.933792    -0.001283     0.003373    -1.930419
               Y       0.000000     0.000000    -0.000000    -0.000000
               Z       0.000000     0.000000    -0.000000    -0.000000

                             Maximum     Tolerance    Cnvgd?
         Gradient           0.005295      0.000001      NO
         Displacement       0.004020      0.000001      NO
         Energy change     -0.000027      0.000000      NO

 ----------------------------------------------------------------
             Standard Nuclear Orientation (Angstroms)
    I     Atom           X                Y                Z
 ----------------------------------------------------------------
    1      C       1.1609038487     0.0000000000     0.0000000000
    2      N      -0.0170836303     0.0000000000     0.0000000000
    3      H      -1.0215335679     0.0000000000     0.0000000000
 ----------------------------------------------------------------
 Nuclear Repulsion Energy =          24.00995403 hartrees
 There are        7 alpha and        7 beta electrons
 Applying Cartesian multipole field
    Component          Value
    ---------          -----
     (2,0,0)        1.00000E-10
     (0,2,0)        2.00000E-10
     (0,0,2)       -3.00000E-10
 Nucleus-field energy     =     0.0000000033 hartrees
 Requested basis set is cc-pVDZ
 There are 15 shells and 33 basis functions
 A cutoff of  1.0D-14 yielded    120 shell pairs
 There are       596 function pairs (       675 Cartesian)
 Smallest overlap matrix eigenvalue = 8.66E-03
 Guess MOs from SCF MO coefficient file

 -----------------------------------------------------------------------
  General SCF calculation program by
  Eric Jon Sundstrom, Paul Horn, Yuezhi Mao, Dmitri Zuev, Alec White,
  David Stuck, Shaama M.S., Shane Yost, Joonho Lee, David Small,
  Daniel Levine, Susi Lehtola, Hugh Burton, Evgeny Epifanovsky,
  Bang C. Huynh
 -----------------------------------------------------------------------
 Exchange:     0.2000 Hartree-Fock + 0.0800 Slater + 0.7200 B88
 Correlation:  0.1900 VWN1RPA + 0.8100 LYP
 Using Euler-Maclaurin-Lebedev (99,590) quadrature formula
Added inc_jk
Added qchem_hcore
Added xc
Added P-dependent contribution
 A restricted SCF calculation will be
 performed using GDM
 SCF converges when RMS gradient is below 1.0e-10
 User-specified cutoff of 10e-14
 used for neglect of 2-electron integrals.
 A cutoff of 10e-14
 used for neglect of overlap integrals.
 Incremental Fock algorithm is on at the start.
 ---------------------------------------
  Cycle       Energy        RMS Gradient
 ---------------------------------------
    1     -93.4062181924      8.07e-04   Normal BFGS step
    2     -93.4062211303      5.25e-04   Normal BFGS step
    3     -93.4062216636      6.44e-04   Normal BFGS step
    4     -93.4062218463      3.49e-04   Normal BFGS step
    5     -93.4062220826      6.00e-05   Normal BFGS step
    6     -93.4062220940      1.26e-05   Normal BFGS step
    7     -93.4062220945      7.90e-07   Normal BFGS step
    8     -93.4062220945      1.00e-07   Normal BFGS step
    9     -93.4062220945      1.14e-08   Normal BFGS step
   10     -93.4062220945      1.11e-09   Normal BFGS step
   11     -93.4062220945      8.60e-10   Normal BFGS step
   12     -93.4062220945      7.56e-10   Normal BFGS step
   13     -93.4062220945      1.63e-11  Convergence criterion met
 ---------------------------------------
 SCF time:   CPU 5.50s  wall 1.00s 
 SCF   energy =   -93.40622209
 Total energy =   -93.40622209
 Integrated density by DFT XC:
   Number of electrons = 14
   Numerical integral  =    13.999999992799
   Relative error      =     0.0000000514 %

 --------------------------------------------------------------

                    Orbital Energies (a.u.)
 --------------------------------------------------------------

 Alpha MOs
 -- Occupied --
-14.3733 -10.2400  -0.9458  -0.6645  -0.3740  -0.3740  -0.3163
 -- Virtual --
  0.0202   0.0202   0.0449   0.3017   0.3874   0.4945   0.4945   0.6013
  0.7403   0.7403   0.8236   1.1258   1.1258   1.1352   1.1352   1.1731
  1.3294   1.5909   1.5909   1.8280   1.8280   1.9699   2.2013   2.5229
  2.5229   3.4902
 --------------------------------------------------------------

          Ground-State Mulliken Net Atomic Charges

     Atom                 Charge (a.u.)
  ----------------------------------------
      1 C                    -0.090338
      2 N                    -0.035349
      3 H                     0.125687
  ----------------------------------------
  Sum of atomic charges =     0.000000

 -----------------------------------------------------------------
                    Cartesian Multipole Moments
 -----------------------------------------------------------------
    Charge (ESU x 10^10)
                -0.0000
    Dipole Moment (Debye)
         X      -3.0300      Y      -0.0000      Z      -0.0000
       Tot       3.0300
    Quadrupole Moments (Debye-Ang)
        XX     -12.7600     XY       0.0000     YY     -11.5786
        XZ      -0.0000     YZ       0.0000     ZZ     -11.5786
    Octopole Moments (Debye-Ang^2)
       XXX     -27.8879    XXY       0.0000    XYY      -6.2115
       YYY      -0.0000    XXZ      -0.0000    XYZ       0.0000
       YYZ      -0.0000    XZZ      -6.2115    YZZ      -0.0000
       ZZZ      -0.0000
    Hexadecapole Moments (Debye-Ang^3)
      XXXX     -75.3455   XXXY       0.0000   XXYY     -12.3868
      XYYY       0.0000   YYYY     -10.6301   XXXZ      -0.0000
      XXYZ       0.0000   XYYZ      -0.0000   YYYZ       0.0000
      XXZZ     -12.3868   XYZZ       0.0000   YYZZ      -3.5434
      XZZZ      -0.0000   YZZZ       0.0000   ZZZZ     -10.6301
 -----------------------------------------------------------------
 Calculating analytic gradient of the SCF energy
Added xc
 Gradient of SCF Energy
            1           2           3
    1   0.0000710  -0.0000525  -0.0000185
    2  -0.0000000   0.0000000  -0.0000000
    3   0.0000000   0.0000000  -0.0000000
 Max gradient component =       7.102E-05
 RMS gradient           =       3.008E-05
 Gradient time:  CPU 0.82 s  wall 0.19 s
 Geometry Optimization Parameters
   NAtoms,    NIC,     NZ,  NCons,   NDum,   NFix, NCnnct, MaxDiis
        3       9       0       0       0       0       0       0

 Rotation Matrix is:


     1.000000    0.000000    0.000000
     0.000000    1.000000    0.000000
     0.000000    0.000000    1.000000

 Cartesian Hessian Update
 Hessian updated using BFGS update


** GEOMETRY OPTIMIZATION IN CARTESIAN COORDINATES **
   Searching for a Minimum

   Optimization Cycle:   4

                       Coordinates (Angstroms)
     ATOM                X               Y               Z
      1  C         1.1609038487    0.0000000000    0.0000000000
      2  N        -0.0170836303    0.0000000000    0.0000000000
      3  H        -1.0215335679    0.0000000000    0.0000000000
   Point Group: c1    Number of degrees of freedom:     3


   Energy is    -93.406222095


                       Cartesian Gradient (au)
     ATOM              X           Y           Z
    1  C           0.000071    0.000000    0.000000
    2  N          -0.000053    0.000000    0.000000
    3  H          -0.000019    0.000000    0.000000

 Vectors for Translations and Rotations


     0.577350    0.000000    0.000000    0.000000    0.000000    0.000000
     0.000000    0.577350    0.000000    0.000000    0.000000    0.725085
     0.000000    0.000000    0.577350    0.000000   -0.725085    0.000000
     0.577350    0.000000    0.000000    0.000000    0.000000   -0.000000
     0.000000    0.577350    0.000000    0.000000    0.000000   -0.037445
     0.000000    0.000000    0.577350    0.000000    0.037445   -0.000000
     0.577350    0.000000    0.000000    0.000000    0.000000   -0.000000
     0.000000    0.577350    0.000000    0.000000    0.000000   -0.687641
     0.000000    0.000000    0.577350    0.000000    0.687641   -0.000000

 The Projection Matrix


     0.666667    0.000000    0.000000   -0.333333    0.000000    0.000000
     0.000000    0.140918    0.000000    0.000000   -0.306183    0.000000
     0.000000    0.000000    0.140918    0.000000    0.000000   -0.306183
    -0.333333    0.000000    0.000000    0.666667    0.000000    0.000000
     0.000000   -0.306183    0.000000    0.000000    0.665265    0.000000
     0.000000    0.000000   -0.306183    0.000000    0.000000    0.665265
    -0.333333    0.000000    0.000000   -0.333333    0.000000    0.000000
     0.000000    0.165265    0.000000    0.000000   -0.359082    0.000000
     0.000000    0.000000    0.165265    0.000000    0.000000   -0.359082


    -0.333333    0.000000    0.000000
     0.000000    0.165265    0.000000
     0.000000    0.000000    0.165265
    -0.333333    0.000000    0.000000
     0.000000   -0.359082    0.000000
     0.000000    0.000000   -0.359082
     0.666667    0.000000    0.000000
     0.000000    0.193817    0.000000
     0.000000    0.000000    0.193817

 Translations and Rotations Projected Out of Hessian

   Hessian Matrix after Projection


     1.136081    0.000000    0.000000   -1.164370    0.000000    0.000000
     0.000000    0.140918    0.000000    0.000000   -0.306183    0.000000
     0.000000    0.000000    0.140918    0.000000    0.000000   -0.306183
    -1.164370    0.000000    0.000000    1.704641    0.000000    0.000000
     0.000000   -0.306183    0.000000    0.000000    0.665265    0.000000
     0.000000    0.000000   -0.306183    0.000000    0.000000    0.665265
     0.028288    0.000000    0.000000   -0.540271    0.000000    0.000000
     0.000000    0.165265    0.000000    0.000000   -0.359082    0.000000
     0.000000    0.000000    0.165265    0.000000    0.000000   -0.359082


     0.028288    0.000000    0.000000
     0.000000    0.165265    0.000000
     0.000000    0.000000    0.165265
    -0.540271    0.000000    0.000000
     0.000000   -0.359082    0.000000
     0.000000    0.000000   -0.359082
     0.511983    0.000000    0.000000
     0.000000    0.193817    0.000000
     0.000000    0.000000    0.193817

  2 Hessian modes will be used to form the next step
  Hessian Eigenvalues:
     0.643107    2.709598

  Hessian Eigenvectors:


    -0.569539   -0.585057
    -0.000000   -0.000000
    -0.000000    0.000000
    -0.221905    0.785764
     0.000000   -0.000000
    -0.000000    0.000000
     0.791444   -0.200707
     0.000000   -0.000000
     0.000000   -0.000000

 Minimum search - taking simple RFO step
 Searching for Lamda that Minimizes Along All modes
 Value Taken    Lamda =  -0.00000001
 Step Taken.  Stepsize is  0.000074


                      Coordinates and Displacements in Atomic Units
   ATOM            Current Value    Gradient  Displacement   New Value
  1  c         X       2.193790     0.000071    -0.000056     2.193735
               Y       0.000000     0.000000    -0.000000    -0.000000
               Z       0.000000     0.000000    -0.000000    -0.000000
  2  n         X      -0.032283    -0.000053     0.000008    -0.032275
               Y       0.000000     0.000000     0.000000     0.000000
               Z       0.000000     0.000000    -0.000000    -0.000000
  3  h         X      -1.930419    -0.000019     0.000048    -1.930371
               Y       0.000000     0.000000     0.000000     0.000000
               Z       0.000000     0.000000     0.000000     0.000000

                             Maximum     Tolerance    Cnvgd?
         Gradient           0.000071      0.000001      NO
         Displacement       0.000056      0.000001      NO
         Energy change     -0.000014      0.000000      NO

 ----------------------------------------------------------------
             Standard Nuclear Orientation (Angstroms)
    I     Atom           X                Y                Z
 ----------------------------------------------------------------
    1      C       1.1608744451     0.0000000000     0.0000000000
    2      N      -0.0170794282     0.0000000000     0.0000000000
    3      H      -1.0215083663     0.0000000000     0.0000000000
 ----------------------------------------------------------------
 Nuclear Repulsion Energy =          24.01060580 hartrees
 There are        7 alpha and        7 beta electrons
 Applying Cartesian multipole field
    Component          Value
    ---------          -----
     (2,0,0)        1.00000E-10
     (0,2,0)        2.00000E-10
     (0,0,2)       -3.00000E-10
 Nucleus-field energy     =     0.0000000033 hartrees
 Requested basis set is cc-pVDZ
 There are 15 shells and 33 basis functions
 A cutoff of  1.0D-14 yielded    120 shell pairs
 There are       596 function pairs (       675 Cartesian)
 Smallest overlap matrix eigenvalue = 8.66E-03
 Guess MOs from SCF MO coefficient file

 -----------------------------------------------------------------------
  General SCF calculation program by
  Eric Jon Sundstrom, Paul Horn, Yuezhi Mao, Dmitri Zuev, Alec White,
  David Stuck, Shaama M.S., Shane Yost, Joonho Lee, David Small,
  Daniel Levine, Susi Lehtola, Hugh Burton, Evgeny Epifanovsky,
  Bang C. Huynh
 -----------------------------------------------------------------------
 Exchange:     0.2000 Hartree-Fock + 0.0800 Slater + 0.7200 B88
 Correlation:  0.1900 VWN1RPA + 0.8100 LYP
 Using Euler-Maclaurin-Lebedev (99,590) quadrature formula
Added inc_jk
Added qchem_hcore
Added xc
Added P-dependent contribution
 A restricted SCF calculation will be
 performed using GDM
 SCF converges when RMS gradient is below 1.0e-10
 User-specified cutoff of 10e-14
 used for neglect of 2-electron integrals.
 A cutoff of 10e-14
 used for neglect of overlap integrals.
 Incremental Fock algorithm is on at the start.
 ---------------------------------------
  Cycle       Energy        RMS Gradient
 ---------------------------------------
    1     -93.4062220964      1.10e-05   Normal BFGS step
    2     -93.4062220969      7.25e-06   Normal BFGS step
    3     -93.4062220970      9.12e-06   Normal BFGS step
    4     -93.4062220971      4.59e-06   Normal BFGS step
    5     -93.4062220971      8.67e-07   Normal BFGS step
    6     -93.4062220971      1.79e-07   Normal BFGS step
    7     -93.4062220971      1.22e-08   Normal BFGS step
    8     -93.4062220971      1.50e-09   Normal BFGS step
    9     -93.4062220971      1.83e-10   Normal BFGS step
   10     -93.4062220971      1.68e-11  Convergence criterion met
 ---------------------------------------
 SCF time:   CPU 4.36s  wall 0.00s 
 SCF   energy =   -93.40622210
 Total energy =   -93.40622210
 Integrated density by DFT XC:
   Number of electrons = 14
   Numerical integral  =    13.999999992766
   Relative error      =     0.0000000517 %

 --------------------------------------------------------------

                    Orbital Energies (a.u.)
 --------------------------------------------------------------

 Alpha MOs
 -- Occupied --
-14.3733 -10.2400  -0.9459  -0.6645  -0.3740  -0.3740  -0.3163
 -- Virtual --
  0.0202   0.0202   0.0450   0.3017   0.3875   0.4945   0.4945   0.6013
  0.7403   0.7403   0.8237   1.1259   1.1259   1.1352   1.1352   1.1732
  1.3294   1.5910   1.5910   1.8280   1.8280   1.9699   2.2014   2.5230
  2.5230   3.4902
 --------------------------------------------------------------

          Ground-State Mulliken Net Atomic Charges

     Atom                 Charge (a.u.)
  ----------------------------------------
      1 C                    -0.090362
      2 N                    -0.035308
      3 H                     0.125670
  ----------------------------------------
  Sum of atomic charges =     0.000000

 -----------------------------------------------------------------
                    Cartesian Multipole Moments
 -----------------------------------------------------------------
    Charge (ESU x 10^10)
                -0.0000
    Dipole Moment (Debye)
         X      -3.0301      Y      -0.0000      Z      -0.0000
       Tot       3.0301
    Quadrupole Moments (Debye-Ang)
        XX     -12.7602     XY       0.0000     YY     -11.5785
        XZ       0.0000     YZ       0.0000     ZZ     -11.5785
    Octopole Moments (Debye-Ang^2)
       XXX     -27.8874    XXY       0.0000    XYY      -6.2113
       YYY      -0.0000    XXZ      -0.0000    XYZ      -0.0000
       YYZ      -0.0000    XZZ      -6.2113    YZZ      -0.0000
       ZZZ      -0.0000
    Hexadecapole Moments (Debye-Ang^3)
      XXXX     -75.3430   XXXY       0.0000   XXYY     -12.3863
      XYYY       0.0000   YYYY     -10.6299   XXXZ      -0.0000
      XXYZ      -0.0000   XYYZ       0.0000   YYYZ      -0.0000
      XXZZ     -12.3863   XYZZ       0.0000   YYZZ      -3.5433
      XZZZ       0.0000   YZZZ      -0.0000   ZZZZ     -10.6299
 -----------------------------------------------------------------
 Calculating analytic gradient of the SCF energy
Added xc
 Gradient of SCF Energy
            1           2           3
    1  -0.0000006   0.0000006   0.0000000
    2  -0.0000000   0.0000000  -0.0000000
    3   0.0000000  -0.0000000   0.0000000
 Max gradient component =       6.052E-07
 RMS gradient           =       2.751E-07
 Gradient time:  CPU 0.83 s  wall 0.19 s
 Geometry Optimization Parameters
   NAtoms,    NIC,     NZ,  NCons,   NDum,   NFix, NCnnct, MaxDiis
        3       9       0       0       0       0       0       0

 Rotation Matrix is:


     1.000000    0.000000    0.000000
     0.000000    1.000000    0.000000
     0.000000    0.000000    1.000000

 Cartesian Hessian Update
 Hessian updated using BFGS update
**WARNING** Hereditary positive definiteness endangered
 due to small product of step size times gradient change
**WARNING** Small scalar product
 Hessian update skipped this cycle


** GEOMETRY OPTIMIZATION IN CARTESIAN COORDINATES **
   Searching for a Minimum

   Optimization Cycle:   5

                       Coordinates (Angstroms)
     ATOM                X               Y               Z
      1  C         1.1608744451    0.0000000000    0.0000000000
      2  N        -0.0170794282    0.0000000000    0.0000000000
      3  H        -1.0215083663    0.0000000000    0.0000000000
   Point Group: c1    Number of degrees of freedom:     3


   Energy is    -93.406222097


                       Cartesian Gradient (au)
     ATOM              X           Y           Z
    1  C          -0.000001    0.000000    0.000000
    2  N           0.000001    0.000000    0.000000
    3  H           0.000000    0.000000    0.000000

 Vectors for Translations and Rotations


     0.577350    0.000000    0.000000    0.000000    0.000000    0.000000
     0.000000    0.577350    0.000000    0.000000    0.000000    0.725084
     0.000000    0.000000    0.577350    0.000000   -0.725084    0.000000
     0.577350    0.000000    0.000000    0.000000    0.000000   -0.000000
     0.000000    0.577350    0.000000    0.000000    0.000000   -0.037443
     0.000000    0.000000    0.577350    0.000000    0.037443   -0.000000
     0.577350    0.000000    0.000000    0.000000    0.000000   -0.000000
     0.000000    0.577350    0.000000    0.000000    0.000000   -0.687642
     0.000000    0.000000    0.577350    0.000000    0.687642   -0.000000

 The Projection Matrix


     0.666667    0.000000    0.000000   -0.333333    0.000000    0.000000
     0.000000    0.140919    0.000000    0.000000   -0.306184    0.000000
     0.000000    0.000000    0.140919    0.000000    0.000000   -0.306184
    -0.333333    0.000000    0.000000    0.666667    0.000000    0.000000
     0.000000   -0.306184    0.000000    0.000000    0.665265    0.000000
     0.000000    0.000000   -0.306184    0.000000    0.000000    0.665265
    -0.333333    0.000000    0.000000   -0.333333    0.000000    0.000000
     0.000000    0.165265    0.000000    0.000000   -0.359081    0.000000
     0.000000    0.000000    0.165265    0.000000    0.000000   -0.359081


    -0.333333    0.000000    0.000000
     0.000000    0.165265    0.000000
     0.000000    0.000000    0.165265
    -0.333333    0.000000    0.000000
     0.000000   -0.359081    0.000000
     0.000000    0.000000   -0.359081
     0.666667    0.000000    0.000000
     0.000000    0.193816    0.000000
     0.000000    0.000000    0.193816

 Translations and Rotations Projected Out of Hessian

   Hessian Matrix after Projection


     1.136081    0.000000    0.000000   -1.164370    0.000000    0.000000
     0.000000    0.140919    0.000000    0.000000   -0.306184    0.000000
     0.000000    0.000000    0.140919    0.000000    0.000000   -0.306184
    -1.164370    0.000000    0.000000    1.704641    0.000000    0.000000
     0.000000   -0.306184    0.000000    0.000000    0.665265    0.000000
     0.000000    0.000000   -0.306184    0.000000    0.000000    0.665265
     0.028288    0.000000    0.000000   -0.540271    0.000000    0.000000
     0.000000    0.165265    0.000000    0.000000   -0.359081    0.000000
     0.000000    0.000000    0.165265    0.000000    0.000000   -0.359081


     0.028288    0.000000    0.000000
     0.000000    0.165265    0.000000
     0.000000    0.000000    0.165265
    -0.540271    0.000000    0.000000
     0.000000   -0.359081    0.000000
     0.000000    0.000000   -0.359081
     0.511983    0.000000    0.000000
     0.000000    0.193816    0.000000
     0.000000    0.000000    0.193816

  2 Hessian modes will be used to form the next step
  Hessian Eigenvalues:
     0.643107    2.709598

  Hessian Eigenvectors:


    -0.569539   -0.585057
     0.000000   -0.000000
    -0.000000   -0.000000
    -0.221905    0.785764
     0.000000    0.000000
    -0.000000   -0.000000
     0.791444   -0.200707
     0.000000    0.000000
     0.000000   -0.000000

 Minimum search - taking simple RFO step
 Searching for Lamda that Minimizes Along All modes
 Value Taken    Lamda =  -0.00000000
 Step Taken.  Stepsize is  0.000000


                      Coordinates and Displacements in Atomic Units
   ATOM            Current Value    Gradient  Displacement   New Value
  1  c         X       2.193735    -0.000001     0.000000     2.193735
               Y       0.000000     0.000000    -0.000000    -0.000000
               Z       0.000000     0.000000     0.000000     0.000000
  2  n         X      -0.032275     0.000001    -0.000000    -0.032276
               Y       0.000000     0.000000    -0.000000    -0.000000
               Z       0.000000     0.000000     0.000000     0.000000
  3  h         X      -1.930371     0.000000    -0.000000    -1.930371
               Y       0.000000     0.000000    -0.000000    -0.000000
               Z       0.000000     0.000000    -0.000000    -0.000000

                             Maximum     Tolerance    Cnvgd?
         Gradient           0.000001      0.000001     YES
         Displacement       0.000000      0.000001     YES
         Energy change     -0.000000      0.000000     YES


                       Distance Matrix (Angstroms)
             C (  1)   N (  2)
   N (  2)  1.177954
   H (  3)  2.182383  1.004429

 Final energy is   -93.406222097111225     


 ******************************
 **  OPTIMIZATION CONVERGED  **
 ******************************

                       Coordinates (Angstroms)
     ATOM                X               Y               Z
      1  C         1.1608744451    0.0000000000    0.0000000000
      2  N        -0.0170794282    0.0000000000    0.0000000000
      3  H        -1.0215083663    0.0000000000    0.0000000000

Z-matrix Print:
$molecule
0 1
N 
H  1 1.004429
C  1 1.177954 2 179.999999
$end


 --------------------------------------------------------------

                    Orbital Energies (a.u.)
 --------------------------------------------------------------

 Alpha MOs
 -- Occupied --
-14.3733 -10.2400  -0.9459  -0.6645  -0.3740  -0.3740  -0.3163
 -- Virtual --
  0.0202   0.0202   0.0450   0.3017   0.3875   0.4945   0.4945   0.6013
  0.7403   0.7403   0.8237   1.1259   1.1259   1.1352   1.1352   1.1732
  1.3294   1.5910   1.5910   1.8280   1.8280   1.9699   2.2014   2.5230
  2.5230   3.4902
 --------------------------------------------------------------

          Ground-State Mulliken Net Atomic Charges

     Atom                 Charge (a.u.)
  ----------------------------------------
      1 C                    -0.090362
      2 N                    -0.035308
      3 H                     0.125670
  ----------------------------------------
  Sum of atomic charges =     0.000000

 -----------------------------------------------------------------
                    Cartesian Multipole Moments
 -----------------------------------------------------------------
    Charge (ESU x 10^10)
                -0.0000
    Dipole Moment (Debye)
         X      -3.0301      Y      -0.0000      Z      -0.0000
       Tot       3.0301
    Quadrupole Moments (Debye-Ang)
        XX     -12.7602     XY       0.0000     YY     -11.5785
        XZ       0.0000     YZ       0.0000     ZZ     -11.5785
    Octopole Moments (Debye-Ang^2)
       XXX     -27.8874    XXY       0.0000    XYY      -6.2113
       YYY      -0.0000    XXZ      -0.0000    XYZ      -0.0000
       YYZ      -0.0000    XZZ      -6.2113    YZZ      -0.0000
       ZZZ      -0.0000
    Hexadecapole Moments (Debye-Ang^3)
      XXXX     -75.3430   XXXY       0.0000   XXYY     -12.3863
      XYYY       0.0000   YYYY     -10.6299   XXXZ      -0.0000
      XXYZ      -0.0000   XYYZ       0.0000   YYYZ      -0.0000
      XXZZ     -12.3863   XYZZ       0.0000   YYZZ      -3.5433
      XZZZ       0.0000   YZZZ      -0.0000   ZZZZ     -10.6299
 -----------------------------------------------------------------
 Total job time:  10.03s(wall), 37.89s(cpu) 
 Mon Feb 23 14:47:14 2026

        *************************************************************
        *                                                           *
        *  Thank you very much for using Q-Chem.  Have a nice day.  *
        *                                                           *
        *************************************************************


 
User input: 2 of 2 
 
                  Welcome to Q-Chem
     A Quantum Leap Into The Future Of Chemistry


 Q-Chem 6.3 (devel), Q-Chem, Inc., Pleasanton, CA (2025)

 E. Epifanovsky,  A. T. B. Gilbert,  Xintian Feng,  Joonho Lee,  Yuezhi Mao,  
 N. Mardirossian,  P. Pokhilko,  A. White,  M. Wormit,  M. P. Coons,  
 A. L. Dempwolff,  Zhengting Gan,  D. Hait,  P. R. Horn,  L. D. Jacobson,  
 I. Kaliman,  J. Kussmann,  A. W. Lange,  Ka Un Lao,  D. S. Levine,  Jie Liu,  
 S. C. McKenzie,  A. F. Morrison,  K. D. Nanda,  F. Plasser,  D. R. Rehn,  
 M. L. Vidal,  Zhi-Qiang You,  Ying Zhu,  Huseyin Aksu,  B. Alam,  
 B. Albrecht,  A. Aldossary,  E. Alguire,  J. H. Andersen,  
 J. E. Arias-Martinez,  V. Athavale,  F. Ballesteros,  D. Barton,  K. Begam,  
 A. Behn,  N. Bellonzi,  Y. A. Bernard,  E. J. Berquist,  H. Burton,  
 S. Camps,  A. Carreras,  K. Carter-Fenk,  Mathew Chow,  Romit Chakraborty,  
 Chandrima Chakravarty,  Junhan Chen,  A. D. Chien,  K. D. Closser,  
 V. Cofer-Shabica,  L. Cunha,  S. Dasgupta,  Jia Deng,  Joseph Dickinson,  
 M. de Wergifosse,  M. Diedenhofen,  L. B. Dittmer,  Hainam Do,  Wenjie Dou,  
 S. Ehlert,  Po-Tung Fang,  S. Fatehi,  Qingguo Feng,  Jonathan Fetherolf,  
 T. Friedhoff,  Thomas Froitzheim,  Sarai Folkestad,  B. Ganoe,  J. Gayvert,  
 Qinghui Ge,  G. Gidofalvi,  M. Gimferrer,  G. Giudetti,  M. Goldey,  
 Montgomery Gray,  J. Gomes,  C. Gonzalez-Espinoza,  S. Gulania,  A. Gunina,  
 J. A. Gyamfi,  M. W. D. Hanson-Heine,  P. H. P. Harbach,  A. W. Hauser,  
 M. F. Herbst,  M. Hernandez Vera,  M. Hodecker,  Z. C. Holden,  S. Houck,  
 Xunkun Huang,  Kerwin Hui,  B. C. Huynh,  K. Ikeda,  M. Ivanov,  
 Nayanthara K. Jayadev,  Hyunjun Ji,  Zuxin Jin,  Hanjie Jiang,  
 Subrata Jana,  B. Kaduk,  S. Kaehler,  R. Kang,  Richard Kang,  
 K. Khistyaev,  Jaehoon Kim,  Yongbin Kim,  P. Klunzinger,  Z. Koczor-Benda,  
 Joong Hoon Koh,  D. Kosenkov,  Saikiran Kotaru,  L. Koulias,  T. Kowalczyk,  
 C. M. Krauter,  K. Kue,  A. Kunitsa,  T. Kus,  A. Landau,  C. W. Lander,  
 K. V. Lawler,  D. Lefrancois,  S. Lehtola,  Rain Li,  Shaozhi Li,  
 Tao E. Li,  Yi-Pei Li,  Jiashu Liang,  M. Liebenthal,  Hung-Hsuan Lin,  
 You-Sheng Lin,  Fenglai Liu,  Kuan-Yu Liu,  Xiao Liu,  M. Loipersberger,  
 A. Luenser,  C. Malbon,  Aniket Mandal,  Manisha,  A. Manjanath,  
 P. Manohar,  E. Mansoor,  S. F. Manzer,  Shan-Ping Mao,  A. V. Marenich,  
 T. Markovich,  S. Mason,  F. Matz,  S. A. Maurer,  Samuel May,  
 Alexandra McIsaac,  P. F. McLaughlin,  M. F. S. J. Menger,  J.-M. Mewes,  
 S. A. Mewes,  R. E. Moorby,  P. Morgante,  Mohammad Mostafanejad,  
 Madhubani Mukherjee,  J. W. Mullinax,  Quyen Nguyen,  Avik Kumar Ojha,  
 K. J. Oosterbaan,  Eno Paenurk,  Xiaoliang Pan,  G. Paran,  V. Parravicini,  
 R. L. Patterson,  Alexander C. Paul,  Suranjan K. Paul,  F. Pavosevic,  
 Zheng Pei,  P. Pokhilko,  S. Prager,  E. I. Proynov,  E. Ramos,  B. Rana,  
 A. E. Rask,  A. Rettig,  R. M. Richard,  F. Rob,  E. Rossomme,  S. Roy,  
 T. Scheele,  M. Scheurer,  M. Schneider,  P. E. Schneider,  Tim K. Schramm,  
 N. Sergueev,  S. M. Sharada,  Hengyuan Shen,  W. Skomorowski,  D. W. Small,  
 C. J. Stein,  Alistair J. Sterling,  Yingli Su,  Yu-Chuan Su,  
 E. J. Sundstrom,  J. Talbot,  J. A. Tan,  Zhen Tao,  Hung-Hsuan Teh,  
 J. Thirman,  C. Titeca,  N. Tkachenko,  Hung-Yi Tsai,  T. Tsuchimochi,  
 N. M. Tubman,  C. Utku,  S. P. Veccham,  O. Vydrov,  Z. Wang,  Rahel Weiss,  
 J. Wenzel,  Jonathan Wong,  J. Witte,  H. Wu,  Yanze Wu,  A. Yamada,  
 Chou-Hsun Yang,  Kun Yao,  S. Yeganeh,  S. R. Yost,  Qi Yu,  A. Zech,  
 F. Zeller,  Chongxiao Zhao,  T. Zhao,  Igor Ying Zhang,  Xing Zhang,  
 Yu Zhang,  D. Zuev,  A. Aspuru-Guzik,  A. T. Bell,  N. A. Besley,  
 K. B. Bravaya,  B. R. Brooks,  D. Casanova,  Jeng-Da Chai,  Hsing-Ta Chen,  
 S. Coriani,  C. J. Cramer,  A. E. DePrince, III,  R. A. DiStasio Jr.,  
 A. Dreuw,  B. D. Dunietz,  T. R. Furlani,  W. A. Goddard III,  S. Grimme,  
 S. Hammes-Schiffer,  T. Head-Gordon,  W. J. Hehre,  Chao-Ping Hsu,  
 T.-C. Jagau,  Yousung Jung,  A. Klamt,  Jing Kong,  D. S. Lambrecht,  
 Xiangyuan Li,  WanZhen Liang,  N. J. Mayhall,  C. W. McCurdy,  J. B. Neaton,  
 T. Neudecker,  C. Ochsenfeld,  J. A. Parkhill,  R. Peverati,  
 V. A. Rassolov,  Haisheng Ren,  Yihan Shao,  L. V. Slipchenko,  
 R. P. Steele,  J. E. Subotnik,  A. J. W. Thom,  A. Tkatchenko,  
 D. G. Truhlar,  T. Van Voorhis,  Fan Wang,  T. A. Wesolowski,  K. B. Whaley,  
 H. L. Woodcock III,  P. M. Zimmerman,  S. Faraji,  P. M. W. Gill,  
 M. Head-Gordon,  J. M. Herbert,  A. I. Krylov

 Contributors to earlier versions of Q-Chem not listed above: 
 R. D. Adamson,  B. Austin,  R. Baer,  J. Baker,  G. J. O. Beran,  
 K. Brandhorst,  S. T. Brown,  E. F. C. Byrd,  Arup K. Chakraborty,  
 G. K. L. Chan,  Chun-Min Chang,  Yunqing Chen,  C.-L. Cheng,  
 Siu Hung Chien,  D. M. Chipman,  D. L. Crittenden,  H. Dachsel,  
 R. J. Doerksen,  A. D. Dutoi,  R. G. Edgar,  J. Fosso-Tande,  
 L. Fusti-Molnar,  D. Ghosh,  A. Ghysels,  A. Golubeva-Zadorozhnaya,  
 J. Gonthier,  M. S. Gordon,  S. R. Gwaltney,  G. Hawkins,  J. E. Herr,  
 A. Heyden,  S. Hirata,  E. G. Hohenstein,  G. Kedziora,  F. J. Keil,  
 C. Kelley,  Jihan Kim,  R. A. King,  R. Z. Khaliullin,  P. P. Korambath,  
 W. Kurlancheek,  A. Laurent,  A. M. Lee,  M. S. Lee,  S. V. Levchenko,  
 Ching Yeh Lin,  D. Liotard,  E. Livshits,  R. C. Lochan,  I. Lotan,  
 L. A. Martinez-Martinez,  P. E. Maslen,  N. Nair,  D. P. O'Neill,  
 D. Neuhauser,  E. Neuscamman,  C. M. Oana,  R. Olivares-Amaya,  R. Olson,  
 T. M. Perrine,  B. Peters,  P. A. Pieniazek,  A. Prociuk,  Y. M. Rhee,  
 J. Ritchie,  M. A. Rohrdanz,  E. Rosta,  N. J. Russ,  H. F. Schaefer III,  
 M. W. Schmidt,  N. E. Schultz,  S. Sharma,  N. Shenvi,  C. D. Sherrill,  
 A. C. Simmonett,  A. Sodt,  T. Stein,  D. Stuck,  K. S. Thanthiriwatte,  
 V. Vanovschi,  L. Vogt,  Tao Wang,  A. Warshel,  M. A. Watson,  
 C. F. Williams,  Q. Wu,  X. Xu,  Jun Yang,  W. Zhang,  Yan Zhao

   Please cite Q-Chem as follows:
  "Software for the frontiers of quantum chemistry:
   An overview of developments in the Q-Chem 5 package"
   J. Chem. Phys. 155, 084801 (2021)
   https://doi.org/10.1063/5.0055522 (open access)

 Q-Chem 6.3.0 for Intel X86 EM64T Linux

 Parts of Q-Chem use Armadillo 12.8.2 (Cortisol Injector).
 http://arma.sourceforge.net/

 Q-Chem begins on Mon Feb 23 14:47:15 2026  

 Host: della-h16n10
0

 Scratch files written to /scratch/gpfs/SHS/nb2617/nb2617/scratch/qchem359496//
 Executable: /scratch/gpfs/SHS/nb2617/nb2617/project/qchem/exe/qcprog.exe
 Number of threads = 16
 Processing $rem in /scratch/gpfs/SHS/nb2617/nb2617/project/qchem/config/preferences:
 Processing $rem in /home/nb2617/.qchemrc:
 User has disabled the Standard Nuclear Orientation.  Turning symmetry off.

 Checking the input file for inconsistencies... 	...done.

--------------------------------------------------------------
User input:
--------------------------------------------------------------
$molecule
    READ
$end
$rem
    JOBTYPE         FREQ

    method = B3LYP
    basis = cc-pVDZ
    ! DFT_D D3_BJ
    NO_REORIENT    TRUE


    SCF_ALGORITHM GDM
    THRESH 14
    SCF_CONVERGENCE 10
    max_scf_cycles 500
    VIBMAN_PRINT = 7
    GEOM_OPT_PRINT = 7
    GEOM_OPT_DRIVER = OPTIMIZE

    XC_GRID              	= 000099000590
    NL_GRID              	= 000099000590

    MEM_TOTAL 30000

    ANHAR           TRUE
    FDIFF_STEPSIZE_QFF 5291
    VIBMAN_PRINT    6
    IGNORE_LOW_FREQ 300
$end
--------------------------------------------------------------
 ----------------------------------------------------------------
             Standard Nuclear Orientation (Angstroms)
    I     Atom           X                Y                Z
 ----------------------------------------------------------------
    1      C       1.1608744451     0.0000000000     0.0000000000
    2      N      -0.0170794282     0.0000000000     0.0000000000
    3      H      -1.0215083663     0.0000000000     0.0000000000
 ----------------------------------------------------------------
 Nuclear Repulsion Energy =          24.01060580 hartrees
 There are        7 alpha and        7 beta electrons
 Requested basis set is cc-pVDZ
 There are 15 shells and 33 basis functions

 Total QAlloc Memory Limit  30000 MB
 Mega-Array Size       188 MB
 MEM_STATIC part       192 MB


                       Distance Matrix (Angstroms)
             C (  1)   N (  2)
   N (  2)  1.177954
   H (  3)  2.182383  1.004429

 A cutoff of  1.0D-14 yielded    120 shell pairs
 There are       596 function pairs (       675 Cartesian)
 Smallest overlap matrix eigenvalue = 8.66E-03
 Guess from superposition of atomic densities
 Warning:  Energy on first SCF cycle will be non-variational
 SAD guess density has 14.000000 electrons

 -----------------------------------------------------------------------
  General SCF calculation program by
  Eric Jon Sundstrom, Paul Horn, Yuezhi Mao, Dmitri Zuev, Alec White,
  David Stuck, Shaama M.S., Shane Yost, Joonho Lee, David Small,
  Daniel Levine, Susi Lehtola, Hugh Burton, Evgeny Epifanovsky,
  Bang C. Huynh
 -----------------------------------------------------------------------
 Exchange:     0.2000 Hartree-Fock + 0.0800 Slater + 0.7200 B88
 Correlation:  0.1900 VWN1RPA + 0.8100 LYP
 Using Euler-Maclaurin-Lebedev (99,590) quadrature formula
Added inc_jk
Added qchem_hcore
Added xc
Added P-dependent contribution
 using 16 threads for integral computing
 -------------------------------------------------------
 OpenMP Integral computing Module                
 Release: version 1.0, May 2013, Q-Chem Inc. Pittsburgh 
 -------------------------------------------------------
 A restricted SCF calculation will be
 performed using Roothaan-Hall, GDM
 SCF converges when RMS gradient is below 1.0e-10
 User-specified cutoff of 10e-14
 used for neglect of 2-electron integrals.
 A cutoff of 10e-14
 used for neglect of overlap integrals.
 Incremental Fock algorithm is on at the start.
 ---------------------------------------
  Cycle       Energy         DIIS error
 ---------------------------------------
    1     -93.5965778374      1.28e-01  Roothaan Step
 ---------------------------------------
  Cycle       Energy        RMS Gradient
 ---------------------------------------
    1     -93.3814898733      7.65e-02   Normal BFGS step
    2     -93.3861828431      8.24e-02   Normal BFGS step
    3     -93.4046968286      4.14e-02   Normal BFGS step
    4     -93.4016227019      6.18e-02  Line search: overstep
    5     -93.4060325619      9.39e-03   Normal BFGS step
    6     -93.4062217980      2.26e-04   Normal BFGS step
    7     -93.4062220960      1.36e-05   Normal BFGS step
    8     -93.4062220970      1.91e-06   Normal BFGS step
    9     -93.4062220970      1.71e-07   Normal BFGS step
   10     -93.4062220970      6.09e-08   Normal BFGS step
   11     -93.4062220970      6.38e-08   Normal BFGS step
   12     -93.4062220970      7.13e-09   Normal BFGS step
   13     -93.4062220970      1.11e-09   Normal BFGS step
   14     -93.4062220970      1.57e-10   Normal BFGS step
   15     -93.4062220970      1.58e-10   Normal BFGS step
   16     -93.4062220970      6.99e-12  Convergence criterion met
 ---------------------------------------
 SCF time:   CPU 7.12s  wall 1.00s 
 SCF   energy =   -93.40622210
 Total energy =   -93.40622210
 Integrated density by DFT XC:
   Number of electrons = 14
   Numerical integral  =    13.999999992766
   Relative error      =     0.0000000517 %

 --------------------------------------------------------------

                    Orbital Energies (a.u.)
 --------------------------------------------------------------

 Alpha MOs
 -- Occupied --
-14.3733 -10.2400  -0.9459  -0.6645  -0.3740  -0.3740  -0.3163
 -- Virtual --
  0.0202   0.0202   0.0450   0.3017   0.3875   0.4945   0.4945   0.6013
  0.7403   0.7403   0.8237   1.1259   1.1259   1.1352   1.1352   1.1732
  1.3294   1.5910   1.5910   1.8280   1.8280   1.9699   2.2014   2.5230
  2.5230   3.4902
 --------------------------------------------------------------

          Ground-State Mulliken Net Atomic Charges

     Atom                 Charge (a.u.)
  ----------------------------------------
      1 C                    -0.090362
      2 N                    -0.035308
      3 H                     0.125670
  ----------------------------------------
  Sum of atomic charges =     0.000000

 -----------------------------------------------------------------
                    Cartesian Multipole Moments
 -----------------------------------------------------------------
    Charge (ESU x 10^10)
                 0.0000
    Dipole Moment (Debye)
         X      -3.0301      Y      -0.0000      Z       0.0000
       Tot       3.0301
    Quadrupole Moments (Debye-Ang)
        XX     -12.7602     XY      -0.0000     YY     -11.5785
        XZ       0.0000     YZ       0.0000     ZZ     -11.5785
    Octopole Moments (Debye-Ang^2)
       XXX     -27.8874    XXY       0.0000    XYY      -6.2113
       YYY      -0.0000    XXZ       0.0000    XYZ      -0.0000
       YYZ       0.0000    XZZ      -6.2113    YZZ      -0.0000
       ZZZ       0.0000
    Hexadecapole Moments (Debye-Ang^3)
      XXXX     -75.3430   XXXY       0.0000   XXYY     -12.3863
      XYYY       0.0000   YYYY     -10.6299   XXXZ       0.0000
      XXYZ      -0.0000   XYYZ       0.0000   YYYZ       0.0000
      XXZZ     -12.3863   XYZZ       0.0000   YYZZ      -3.5433
      XZZZ       0.0000   YZZZ       0.0000   ZZZZ     -10.6299
 -----------------------------------------------------------------
 Calculating MO derivatives via CPSCF
Added inc_jk
Added qchem_hcore
Added xc
Added inc_jk
Added qchem_hcore
Added xc
    1     0    12    0.1019453  
    2     0    12    0.0120496  
    3     0    12    0.0008121  
    4     2    10    0.0000492  
    5    11     1    0.0000019  
    6    12     0    0.0000001  Converged
Added jk
Added xc
 Polarizability Matrix (a.u.)
            1           2           3
    1 -20.6046154   0.0000000   0.0000000
    2   0.0000000  -9.6343469  -0.0000000
    3   0.0000000  -0.0000000  -9.6343469
 Calculating analytic Hessian of the SCF energy
Added xc
 Hessian of the SCF Energy
            1           2           3           4           5           6
    1   1.1394999  -0.0000000  -0.0000000  -1.1578132   0.0000000   0.0000000
    2  -0.0000000   0.0046351   0.0000000   0.0000000  -0.0100812  -0.0000000
    3  -0.0000000   0.0000000   0.0046351   0.0000000  -0.0000000  -0.0100812
    4  -1.1578132   0.0000000   0.0000000   1.6733352  -0.0000000  -0.0000000
    5   0.0000000  -0.0100812  -0.0000000  -0.0000000   0.0219011   0.0000000
    6   0.0000000  -0.0000000  -0.0100812  -0.0000000   0.0000000   0.0219011
    7   0.0183133   0.0000000  -0.0000000  -0.5155220  -0.0000000  -0.0000000
    8  -0.0000000   0.0054460   0.0000000  -0.0000000  -0.0118200  -0.0000000
    9  -0.0000000   0.0000000   0.0054460  -0.0000000  -0.0000000  -0.0118200
            7           8           9
    1   0.0183133  -0.0000000  -0.0000000
    2   0.0000000   0.0054460   0.0000000
    3  -0.0000000   0.0000000   0.0054460
    4  -0.5155220  -0.0000000  -0.0000000
    5  -0.0000000  -0.0118200  -0.0000000
    6  -0.0000000  -0.0000000  -0.0118200
    7   0.4972088   0.0000000   0.0000000
    8   0.0000000   0.0063739   0.0000000
    9   0.0000000   0.0000000   0.0063739

 Direct stationary perturbation theory relativistic correction:

 rels  =       0.025840533769
 relv  =      -0.102665631243
 rel2e =       0.034150471613
 E_rel =      -0.042674625861


 Mass-Weighted Hessian Matrix:


     0.094958   -0.000000   -0.000000   -0.089317    0.000000    0.000000
    -0.000000    0.000386    0.000000    0.000000   -0.000778   -0.000000
    -0.000000    0.000000    0.000386    0.000000   -0.000000   -0.000778
    -0.089317    0.000000    0.000000    0.119498   -0.000000   -0.000000
     0.000000   -0.000778   -0.000000   -0.000000    0.001564    0.000000
     0.000000   -0.000000   -0.000778   -0.000000    0.000000    0.001564
     0.005266    0.000000   -0.000000   -0.137228   -0.000000   -0.000000
    -0.000000    0.001566    0.000000   -0.000000   -0.003146   -0.000000
    -0.000000    0.000000    0.001566   -0.000000   -0.000000   -0.003146


     0.005266   -0.000000   -0.000000
     0.000000    0.001566    0.000000
    -0.000000    0.000000    0.001566
    -0.137228   -0.000000   -0.000000
    -0.000000   -0.003146   -0.000000
    -0.000000   -0.000000   -0.003146
     0.493346    0.000000    0.000000
     0.000000    0.006324    0.000000
     0.000000    0.000000    0.006324

 Vectors for Translations and Rotations


     0.666532    0.000000    0.000000    0.000000    0.000000    0.000000
     0.000000    0.666532    0.000000    0.000000    0.000000    0.713480
     0.000000    0.000000    0.666532    0.000000   -0.713480    0.000000
     0.720016    0.000000    0.000000    0.000000    0.000000   -0.000000
     0.000000    0.720016    0.000000    0.000000    0.000000   -0.541039
     0.000000    0.000000    0.720016    0.000000    0.541039   -0.000000
     0.193163    0.000000    0.000000    0.000000    0.000000   -0.000000
     0.000000    0.193163    0.000000    0.000000    0.000000   -0.445223
     0.000000    0.000000    0.193163    0.000000    0.445223   -0.000000

 The Projection Matrix


     0.555735    0.000000    0.000000   -0.479914    0.000000    0.000000
     0.000000    0.046682    0.000000    0.000000   -0.093894    0.000000
     0.000000    0.000000    0.046682    0.000000    0.000000   -0.093894
    -0.479914    0.000000    0.000000    0.481577    0.000000    0.000000
     0.000000   -0.093894    0.000000    0.000000    0.188854    0.000000
     0.000000    0.000000   -0.093894    0.000000    0.000000    0.188854
    -0.128749    0.000000    0.000000   -0.139080    0.000000    0.000000
     0.000000    0.188908    0.000000    0.000000   -0.379963    0.000000
     0.000000    0.000000    0.188908    0.000000    0.000000   -0.379963


    -0.128749    0.000000    0.000000
     0.000000    0.188908    0.000000
     0.000000    0.000000    0.188908
    -0.139080    0.000000    0.000000
     0.000000   -0.379963    0.000000
     0.000000    0.000000   -0.379963
     0.962688    0.000000    0.000000
     0.000000    0.764464    0.000000
     0.000000    0.000000    0.764464

 Translations and Rotations Projected Out of Hessian

 Projected Mass-Weighted Hessian Matrix:


     0.094958   -0.000000   -0.000000   -0.089317    0.000000    0.000000
    -0.000000    0.000386    0.000000   -0.000000   -0.000777   -0.000000
    -0.000000    0.000000    0.000386    0.000000   -0.000000   -0.000777
    -0.089317   -0.000000    0.000000    0.119498    0.000000   -0.000000
     0.000000   -0.000777   -0.000000    0.000000    0.001563    0.000000
     0.000000   -0.000000   -0.000777   -0.000000    0.000000    0.001563
     0.005266    0.000000    0.000000   -0.137228   -0.000000   -0.000000
    -0.000000    0.001564    0.000000   -0.000000   -0.003145   -0.000000
    -0.000000    0.000000    0.001564    0.000000   -0.000000   -0.003145


     0.005266   -0.000000   -0.000000
     0.000000    0.001564    0.000000
     0.000000    0.000000    0.001564
    -0.137228   -0.000000    0.000000
    -0.000000   -0.003145   -0.000000
    -0.000000   -0.000000   -0.003145
     0.493346    0.000000    0.000000
     0.000000    0.006327    0.000000
     0.000000    0.000000    0.006327

 Eigenvectors of Proj. Mass-Weighted Hessian Matrix:


     0.543444    0.020339    0.005613    0.385342    0.000312    0.000000
     0.137886    0.934212   -0.049805   -0.243044    0.001496   -0.043081
    -0.381975    0.166182   -0.580896    0.538701   -0.390075    0.211721
     0.587051    0.021971    0.006063    0.416263    0.000337   -0.000000
    -0.311856    0.290475    0.676437    0.414628   -0.005604    0.086651
    -0.193163    0.082736   -0.284555    0.271560    0.782479   -0.425847
     0.157492    0.005894    0.001627    0.111673    0.000090    0.000000
    -0.189076   -0.086480    0.348519    0.266143   -0.003155   -0.174337
    -0.001618    0.000057    0.002114    0.001854    0.485309    0.856779


     0.000000    0.741601    0.075912
     0.211721   -0.000000    0.000000
     0.043081   -0.000000    0.000000
    -0.000000   -0.614036   -0.323322
    -0.425847    0.000000   -0.000000
    -0.086651    0.000000   -0.000000
    -0.000000   -0.270162    0.943239
     0.856779   -0.000000    0.000000
     0.174337   -0.000000    0.000000

 Vibrational Frequencies in atomic units
    -0.0000000000   -0.0000000000    0.0000000000    0.0000000000    0.0000000000    0.0082769224
     0.0082769224    0.1669935864    0.5408083287
 Vibrational Electric Transition dipole:  1      0.00000000000000   -0.07292996877385    0.35841388298444
 Vibrational Electric Transition dipole:  2      0.00000000000000    0.35841388298444    0.07292996877385
 Vibrational Electric Transition dipole:  3      0.23184952779291   -0.00000000000000   -0.00000000000000
 Vibrational Electric Transition dipole:  4      0.48309599757003    0.00000000000000    0.00000000000000
 **********************************************************************
 **                                                                  **
 **                       VIBRATIONAL ANALYSIS                       **
 **                       --------------------                       **
 **                                                                  **
 **        VIBRATIONAL FREQUENCIES (CM**-1) AND NORMAL MODES         **
 **     FORCE CONSTANTS (mDYN/ANGSTROM) AND REDUCED MASSES (AMU)     **
 **                  INFRARED INTENSITIES (KM/MOL)                   **
 **                                                                  **
 **********************************************************************


 Mode:                 1                      2                      3
 Frequency:       467.67                 467.67                2100.66
 Force Cnst:      0.1661                 0.1661                17.9087
 Red. Mass:       1.2888                 1.2888                 6.8881
 IR Active:          YES                    YES                    YES
 IR Intens:      130.419                130.419                 52.404
 Raman Active:       YES                    YES                    YES
               X      Y      Z        X      Y      Z        X      Y      Z
 C          0.000 -0.014  0.069    0.000  0.069  0.014    0.562 -0.000 -0.000
 N         -0.000  0.026 -0.129   -0.000 -0.129 -0.026   -0.431  0.000  0.000
 H          0.000 -0.197  0.969   -0.000  0.969  0.197   -0.706 -0.000 -0.000
 TransDip   0.000 -0.073  0.358    0.000  0.358  0.073    0.232 -0.000 -0.000

 Mode:                 4
 Frequency:      3780.31
 Force Cnst:      9.4527
 Red. Mass:       1.1227
 IR Active:          YES
 IR Intens:      227.519
 Raman Active:       YES
               X      Y      Z        X      Y      Z        X      Y      Z
 C          0.023  0.000  0.000
 N         -0.092 -0.000 -0.000
 H          0.996  0.000  0.000
 TransDip   0.483  0.000  0.000
 SYM_IGNORE is turned on for a linear molecule
   We detect a C*v symmetry

 STANDARD THERMODYNAMIC QUANTITIES AT   298.15 K  AND     1.00 ATM

   This Molecule has  0 Imaginary Frequencies
   Zero point vibrational energy:        9.744 kcal/mol

   Atom    1 Element C  Has Mass   12.00000
   Atom    2 Element N  Has Mass   14.00307
   Atom    3 Element H  Has Mass    1.00783
   Molecular Mass:    27.010900 amu
   Principal axes and moments of inertia in amu*Bohr^2:
                             1           2           3
    Eigenvalues --        0.00000    40.32390    40.32390
          X               1.00000     0.00000     0.00000
          Y               0.00000     1.00000     0.00000
          Z               0.00000     0.00000     1.00000
   Rotational Symmetry Number is   1
   The Molecule is a Symmetric Top
   Translational Enthalpy:        0.889 kcal/mol
   Rotational Enthalpy:           0.592 kcal/mol
   Vibrational Enthalpy:         10.057 kcal/mol
   gas constant (RT):             0.592 kcal/mol
   Translational Entropy:        35.816  cal/mol.K
   Rotational Entropy:           11.790  cal/mol.K
   Vibrational Entropy:           1.489  cal/mol.K

   Total Enthalpy:               12.131 kcal/mol
   Total Entropy:                49.096  cal/mol.K

   Quasi-RRHO corrections using alpha = 4, and omega = 100 cm^-1
   QRRHO-Vib. Enthalpy:          10.055 kcal/mol
   QRRHO-Vib. Entropy:            1.491  cal/mol.K
   QRRHO-Total Enthalpy:         12.129 kcal/mol
   QRRHO-Total Entropy:          49.098  cal/mol.K
 ANHAR part of the calculation will be done on the head node (MPI+OMP NYI).
 =====================================================
 =====================================================
 = Starting finite difference calculation for ANHAR  =
 Finite diff step size:  9.99854e-02 a.u.

 Low frequencies less than 300 will be treated as rotation
 Anharmonic Force Field will start with mode 1

 Eng[0,0,0,0] =   -93.40622209702308

 You need 0.0000217 GB memory
 Calculating analytic gradient of the SCF energy
Added xc
 Gradient of SCF Energy
            1           2           3
    1  -0.0000006   0.0000006   0.0000000
    2   0.0000000  -0.0000000  -0.0000000
    3   0.0000000   0.0000000  -0.0000000
 Max gradient component =       6.054E-07
 RMS gradient           =       2.752E-07
 Grad[1,0,0,0] = -2.22774770e-17
 Grad[2,0,0,0] = -5.91734864e-17
 Grad[3,0,0,0] = -6.13544288e-07
 Grad[4,0,0,0] = -1.94720342e-08
 CoordNormalMode -1 , 0 , 0
 ----------------------------------------------------------------
             Standard Nuclear Orientation (Angstroms)
    I     Atom           X                Y                Z
 ----------------------------------------------------------------
    1      C       1.1608744451     0.0007470125    -0.0036711885
    2      N      -0.0170794282    -0.0013909054     0.0068355961
    3      H      -1.0215083663     0.0104311196    -0.0512636733
 ----------------------------------------------------------------
 Nuclear Repulsion Energy =          24.00305585 hartrees
 There are        7 alpha and        7 beta electrons

                       Distance Matrix (Angstroms)
             C (  1)   N (  2)
   N (  2)  1.178003
   H (  3)  2.182923  1.006177

 Requested basis set is cc-pVDZ
 There are 15 shells and 33 basis functions
 A cutoff of  1.0D-14 yielded    120 shell pairs
 There are       596 function pairs (       675 Cartesian)
 Smallest overlap matrix eigenvalue = 8.68E-03
 Guess MOs from SCF MO coefficient file

 -----------------------------------------------------------------------
  General SCF calculation program by
  Eric Jon Sundstrom, Paul Horn, Yuezhi Mao, Dmitri Zuev, Alec White,
  David Stuck, Shaama M.S., Shane Yost, Joonho Lee, David Small,
  Daniel Levine, Susi Lehtola, Hugh Burton, Evgeny Epifanovsky,
  Bang C. Huynh
 -----------------------------------------------------------------------
 Exchange:     0.2000 Hartree-Fock + 0.0800 Slater + 0.7200 B88
 Correlation:  0.1900 VWN1RPA + 0.8100 LYP
 Using Euler-Maclaurin-Lebedev (99,590) quadrature formula
Added inc_jk
Added qchem_hcore
Added xc
Added P-dependent contribution
 A restricted SCF calculation will be
 performed using GDM
 SCF converges when RMS gradient is below 1.0e-10
 User-specified cutoff of 10e-14
 used for neglect of 2-electron integrals.
 A cutoff of 10e-14
 used for neglect of overlap integrals.
 Incremental Fock algorithm is on at the start.
 ---------------------------------------
  Cycle       Energy        RMS Gradient
 ---------------------------------------
    1     -93.4057940297      1.08e-02   Normal BFGS step
    2     -93.4061626792      8.69e-04   Normal BFGS step
    3     -93.4061660828      2.19e-04   Normal BFGS step
    4     -93.4061662578      2.88e-04   Normal BFGS step
    5     -93.4061662623      2.33e-04   Normal BFGS step
    6     -93.4061663374      3.49e-05   Normal BFGS step
    7     -93.4061663401      1.04e-05   Normal BFGS step
    8     -93.4061663407      1.69e-06   Normal BFGS step
    9     -93.4061663407      1.38e-06   Normal BFGS step
   10     -93.4061663407      6.07e-08   Normal BFGS step
   11     -93.4061663407      1.38e-08   Normal BFGS step
   12     -93.4061663407      6.64e-10   Normal BFGS step
   13     -93.4061663407      6.95e-10   Normal BFGS step
   14     -93.4061663407      1.02e-10   Normal BFGS step
   15     -93.4061663407      3.48e-11  Convergence criterion met
 ---------------------------------------
 SCF time:   CPU 6.29s  wall 1.00s 
 SCF   energy =   -93.40616634
 Total energy =   -93.40616634
 Integrated density by DFT XC:
   Number of electrons = 14
   Numerical integral  =    14.000000004628
   Relative error      =     0.0000000331 %

 --------------------------------------------------------------

                    Orbital Energies (a.u.)
 --------------------------------------------------------------

 Alpha MOs
 -- Occupied --
-14.3734 -10.2400  -0.9458  -0.6637  -0.3741  -0.3740  -0.3163
 -- Virtual --
  0.0190   0.0202   0.0454   0.3018   0.3878   0.4945   0.4945   0.6013
  0.7398   0.7403   0.8233   1.1141   1.1251   1.1355   1.1361   1.1820
  1.3301   1.5880   1.5889   1.8308   1.8309   1.9695   2.1970   2.5209
  2.5241   3.4838
 --------------------------------------------------------------

          Ground-State Mulliken Net Atomic Charges

     Atom                 Charge (a.u.)
  ----------------------------------------
      1 C                    -0.090432
      2 N                    -0.036530
      3 H                     0.126962
  ----------------------------------------
  Sum of atomic charges =     0.000000

 -----------------------------------------------------------------
                    Cartesian Multipole Moments
 -----------------------------------------------------------------
    Charge (ESU x 10^10)
                 0.0000
    Dipole Moment (Debye)
         X      -3.0284      Y       0.0210      Z      -0.1034
       Tot       3.0302
    Quadrupole Moments (Debye-Ang)
        XX     -12.7609     XY      -0.0205     YY     -11.5809
        XZ       0.1009     YZ      -0.0013     ZZ     -11.5749
    Octopole Moments (Debye-Ang^2)
       XXX     -27.8836    XXY       0.0197    XYY      -6.2108
       YYY       0.0014    XXZ      -0.0967    XYZ       0.0007
       YYZ      -0.0024    XZZ      -6.2139    YZZ       0.0005
       ZZZ      -0.0073
    Hexadecapole Moments (Debye-Ang^3)
      XXXX     -75.3459   XXXY      -0.0282   XXYY     -12.3888
      XYYY       0.0016   YYYY     -10.6342   XXXZ       0.1387
      XXYZ      -0.0014   XYYZ      -0.0026   YYYZ       0.0008
      XXZZ     -12.3820   XYZZ       0.0005   YYZZ      -3.5460
      XZZZ      -0.0074   YZZZ       0.0008   ZZZZ     -10.6419
 -----------------------------------------------------------------
 Eng[-1,0] = -9.34061663e+01
 Calculating analytic gradient of the SCF energy
Added xc
 Gradient of SCF Energy
            1           2           3
    1  -0.0001729   0.0016931  -0.0015202
    2   0.0001394  -0.0003209   0.0001815
    3  -0.0006852   0.0015787  -0.0008935
 Max gradient component =       1.693E-03
 RMS gradient           =       1.007E-03
 Grad[1,-1,0,0] = -1.16337775e-03
 Grad[2,-1,0,0] = -3.05197677e-07
 Grad[3,-1,0,0] = 2.47389691e-04
 Grad[4,-1,0,0] = -1.67244462e-03
 points done 1/20
 CoordNormalMode 1 , 0 , 0
 ----------------------------------------------------------------
             Standard Nuclear Orientation (Angstroms)
    I     Atom           X                Y                Z
 ----------------------------------------------------------------
    1      C       1.1608744451    -0.0007470125     0.0036711885
    2      N      -0.0170794282     0.0013909054    -0.0068355961
    3      H      -1.0215083663    -0.0104311196     0.0512636733
 ----------------------------------------------------------------
 Nuclear Repulsion Energy =          24.00305585 hartrees
 There are        7 alpha and        7 beta electrons

                       Distance Matrix (Angstroms)
             C (  1)   N (  2)
   N (  2)  1.178003
   H (  3)  2.182923  1.006177

 Requested basis set is cc-pVDZ
 There are 15 shells and 33 basis functions
 A cutoff of  1.0D-14 yielded    120 shell pairs
 There are       596 function pairs (       675 Cartesian)
 Smallest overlap matrix eigenvalue = 8.68E-03
 Guess MOs from SCF MO coefficient file

 -----------------------------------------------------------------------
  General SCF calculation program by
  Eric Jon Sundstrom, Paul Horn, Yuezhi Mao, Dmitri Zuev, Alec White,
  David Stuck, Shaama M.S., Shane Yost, Joonho Lee, David Small,
  Daniel Levine, Susi Lehtola, Hugh Burton, Evgeny Epifanovsky,
  Bang C. Huynh
 -----------------------------------------------------------------------
 Exchange:     0.2000 Hartree-Fock + 0.0800 Slater + 0.7200 B88
 Correlation:  0.1900 VWN1RPA + 0.8100 LYP
 Using Euler-Maclaurin-Lebedev (99,590) quadrature formula
Added inc_jk
Added qchem_hcore
Added xc
Added P-dependent contribution
 A restricted SCF calculation will be
 performed using GDM
 SCF converges when RMS gradient is below 1.0e-10
 User-specified cutoff of 10e-14
 used for neglect of 2-electron integrals.
 A cutoff of 10e-14
 used for neglect of overlap integrals.
 Incremental Fock algorithm is on at the start.
 ---------------------------------------
  Cycle       Energy        RMS Gradient
 ---------------------------------------
    1     -93.4046804922      2.16e-02   Normal BFGS step
    2     -93.4061484224      2.00e-03   Normal BFGS step
    3     -93.4061464596      4.67e-03  Line search: overstep
    4     -93.4061621113      1.28e-03   Normal BFGS step
    5     -93.4061633432      1.06e-03   Normal BFGS step
    6     -93.4061663057      7.68e-05   Normal BFGS step
    7     -93.4061663281      4.71e-05   Normal BFGS step
    8     -93.4061663406      4.88e-06   Normal BFGS step
    9     -93.4061663407      3.71e-06   Normal BFGS step
   10     -93.4061663407      1.14e-07   Normal BFGS step
   11     -93.4061663407      2.39e-08   Normal BFGS step
   12     -93.4061663407      1.84e-09   Normal BFGS step
   13     -93.4061663407      1.66e-09   Normal BFGS step
   14     -93.4061663407      1.39e-09   Normal BFGS step
   15     -93.4061663407      3.24e-11  Convergence criterion met
 ---------------------------------------
 SCF time:   CPU 6.25s  wall 1.00s 
 SCF   energy =   -93.40616634
 Total energy =   -93.40616634
 Integrated density by DFT XC:
   Number of electrons = 14
   Numerical integral  =    14.000000004628
   Relative error      =     0.0000000331 %

 --------------------------------------------------------------

                    Orbital Energies (a.u.)
 --------------------------------------------------------------

 Alpha MOs
 -- Occupied --
-14.3734 -10.2400  -0.9458  -0.6637  -0.3741  -0.3740  -0.3163
 -- Virtual --
  0.0190   0.0202   0.0454   0.3018   0.3878   0.4945   0.4945   0.6013
  0.7398   0.7403   0.8233   1.1141   1.1251   1.1355   1.1361   1.1820
  1.3301   1.5880   1.5889   1.8308   1.8309   1.9695   2.1970   2.5209
  2.5241   3.4838
 --------------------------------------------------------------

          Ground-State Mulliken Net Atomic Charges

     Atom                 Charge (a.u.)
  ----------------------------------------
      1 C                    -0.090432
      2 N                    -0.036530
      3 H                     0.126962
  ----------------------------------------
  Sum of atomic charges =     0.000000

 -----------------------------------------------------------------
                    Cartesian Multipole Moments
 -----------------------------------------------------------------
    Charge (ESU x 10^10)
                -0.0000
    Dipole Moment (Debye)
         X      -3.0284      Y      -0.0210      Z       0.1034
       Tot       3.0302
    Quadrupole Moments (Debye-Ang)
        XX     -12.7609     XY       0.0205     YY     -11.5809
        XZ      -0.1009     YZ      -0.0013     ZZ     -11.5749
    Octopole Moments (Debye-Ang^2)
       XXX     -27.8836    XXY      -0.0197    XYY      -6.2108
       YYY      -0.0014    XXZ       0.0967    XYZ       0.0007
       YYZ       0.0024    XZZ      -6.2139    YZZ      -0.0005
       ZZZ       0.0073
    Hexadecapole Moments (Debye-Ang^3)
      XXXX     -75.3459   XXXY       0.0282   XXYY     -12.3888
      XYYY      -0.0016   YYYY     -10.6342   XXXZ      -0.1387
      XXYZ      -0.0014   XYYZ       0.0026   YYYZ       0.0008
      XXZZ     -12.3820   XYZZ      -0.0005   YYZZ      -3.5460
      XZZZ       0.0074   YZZZ       0.0008   ZZZZ     -10.6419
 -----------------------------------------------------------------
 Eng[1,0] = -9.34061663e+01
 Calculating analytic gradient of the SCF energy
Added xc
 Gradient of SCF Energy
            1           2           3
    1  -0.0001729   0.0016931  -0.0015202
    2  -0.0001394   0.0003209  -0.0001815
    3   0.0006852  -0.0015787   0.0008935
 Max gradient component =       1.693E-03
 RMS gradient           =       1.007E-03
 Grad[1,1,0,0] = 1.16337775e-03
 Grad[2,1,0,0] = 3.05197677e-07
 Grad[3,1,0,0] = 2.47389699e-04
 Grad[4,1,0,0] = -1.67244462e-03
 points done 2/20
 CoordNormalMode -2 , 0 , 0
 ----------------------------------------------------------------
             Standard Nuclear Orientation (Angstroms)
    I     Atom           X                Y                Z
 ----------------------------------------------------------------
    1      C       1.1608744451    -0.0036711885    -0.0007470125
    2      N      -0.0170794282     0.0068355961     0.0013909054
    3      H      -1.0215083663    -0.0512636733    -0.0104311196
 ----------------------------------------------------------------
 Nuclear Repulsion Energy =          24.00305585 hartrees
 There are        7 alpha and        7 beta electrons

                       Distance Matrix (Angstroms)
             C (  1)   N (  2)
   N (  2)  1.178003
   H (  3)  2.182923  1.006177

 Requested basis set is cc-pVDZ
 There are 15 shells and 33 basis functions
 A cutoff of  1.0D-14 yielded    120 shell pairs
 There are       596 function pairs (       675 Cartesian)
 Smallest overlap matrix eigenvalue = 8.68E-03
 Guess MOs from SCF MO coefficient file

 -----------------------------------------------------------------------
  General SCF calculation program by
  Eric Jon Sundstrom, Paul Horn, Yuezhi Mao, Dmitri Zuev, Alec White,
  David Stuck, Shaama M.S., Shane Yost, Joonho Lee, David Small,
  Daniel Levine, Susi Lehtola, Hugh Burton, Evgeny Epifanovsky,
  Bang C. Huynh
 -----------------------------------------------------------------------
 Exchange:     0.2000 Hartree-Fock + 0.0800 Slater + 0.7200 B88
 Correlation:  0.1900 VWN1RPA + 0.8100 LYP
 Using Euler-Maclaurin-Lebedev (99,590) quadrature formula
Added inc_jk
Added qchem_hcore
Added xc
Added P-dependent contribution
 A restricted SCF calculation will be
 performed using GDM
 SCF converges when RMS gradient is below 1.0e-10
 User-specified cutoff of 10e-14
 used for neglect of 2-electron integrals.
 A cutoff of 10e-14
 used for neglect of overlap integrals.
 Incremental Fock algorithm is on at the start.
 ---------------------------------------
  Cycle       Energy        RMS Gradient
 ---------------------------------------
    1     -93.4054244634      1.46e-02   Normal BFGS step
    2     -93.4061582332      1.04e-03   Normal BFGS step
    3     -93.4061611149      2.36e-03   Normal BFGS step
    4     -93.4061642098      1.09e-03   Normal BFGS step
    5     -93.4061661237      1.36e-04   Normal BFGS step
    6     -93.4061663272      6.95e-05   Normal BFGS step
    7     -93.4061663393      1.33e-05   Normal BFGS step
    8     -93.4061663406      4.25e-06   Normal BFGS step
    9     -93.4061663407      1.44e-06   Normal BFGS step
   10     -93.4061663407      2.59e-07   Normal BFGS step
   11     -93.4061663407      6.12e-08   Normal BFGS step
   12     -93.4061663407      4.60e-09   Normal BFGS step
   13     -93.4061663407      1.48e-09   Normal BFGS step
   14     -93.4061663407      5.08e-10   Normal BFGS step
   15     -93.4061663407      7.46e-11  Convergence criterion met
 ---------------------------------------
 SCF time:   CPU 6.24s  wall 2.00s 
 SCF   energy =   -93.40616634
 Total energy =   -93.40616634
 Integrated density by DFT XC:
   Number of electrons = 14
   Numerical integral  =    14.000000004628
   Relative error      =     0.0000000331 %

 --------------------------------------------------------------

                    Orbital Energies (a.u.)
 --------------------------------------------------------------

 Alpha MOs
 -- Occupied --
-14.3734 -10.2400  -0.9458  -0.6637  -0.3741  -0.3740  -0.3163
 -- Virtual --
  0.0190   0.0202   0.0454   0.3018   0.3878   0.4945   0.4945   0.6013
  0.7398   0.7403   0.8233   1.1141   1.1251   1.1355   1.1361   1.1820
  1.3301   1.5880   1.5889   1.8308   1.8309   1.9695   2.1970   2.5209
  2.5241   3.4838
 --------------------------------------------------------------

          Ground-State Mulliken Net Atomic Charges

     Atom                 Charge (a.u.)
  ----------------------------------------
      1 C                    -0.090432
      2 N                    -0.036530
      3 H                     0.126962
  ----------------------------------------
  Sum of atomic charges =     0.000000

 -----------------------------------------------------------------
                    Cartesian Multipole Moments
 -----------------------------------------------------------------
    Charge (ESU x 10^10)
                -0.0000
    Dipole Moment (Debye)
         X      -3.0284      Y      -0.1034      Z      -0.0210
       Tot       3.0302
    Quadrupole Moments (Debye-Ang)
        XX     -12.7609     XY       0.1009     YY     -11.5749
        XZ       0.0205     YZ       0.0013     ZZ     -11.5809
    Octopole Moments (Debye-Ang^2)
       XXX     -27.8836    XXY      -0.0967    XYY      -6.2139
       YYY      -0.0073    XXZ      -0.0197    XYZ      -0.0007
       YYZ      -0.0005    XZZ      -6.2108    YZZ      -0.0024
       ZZZ      -0.0014
    Hexadecapole Moments (Debye-Ang^3)
      XXXX     -75.3459   XXXY       0.1387   XXYY     -12.3820
      XYYY      -0.0074   YYYY     -10.6419   XXXZ       0.0282
      XXYZ       0.0014   XYYZ      -0.0005   YYYZ      -0.0008
      XXZZ     -12.3888   XYZZ      -0.0026   YYZZ      -3.5460
      XZZZ      -0.0016   YZZZ      -0.0008   ZZZZ     -10.6342
 -----------------------------------------------------------------
 Eng[-2,0] = -9.34061663e+01
 Calculating analytic gradient of the SCF energy
Added xc
 Gradient of SCF Energy
            1           2           3
    1  -0.0001729   0.0016931  -0.0015202
    2  -0.0006852   0.0015787  -0.0008935
    3  -0.0001394   0.0003209  -0.0001815
 Max gradient component =       1.693E-03
 RMS gradient           =       1.007E-03
 Grad[1,-2,0,0] = 3.05198820e-07
 Grad[2,-2,0,0] = -1.16337775e-03
 Grad[3,-2,0,0] = 2.47389692e-04
 Grad[4,-2,0,0] = -1.67244463e-03
 points done 3/20
 CoordNormalMode 2 , 0 , 0
 ----------------------------------------------------------------
             Standard Nuclear Orientation (Angstroms)
    I     Atom           X                Y                Z
 ----------------------------------------------------------------
    1      C       1.1608744451     0.0036711885     0.0007470125
    2      N      -0.0170794282    -0.0068355961    -0.0013909054
    3      H      -1.0215083663     0.0512636733     0.0104311196
 ----------------------------------------------------------------
 Nuclear Repulsion Energy =          24.00305585 hartrees
 There are        7 alpha and        7 beta electrons

                       Distance Matrix (Angstroms)
             C (  1)   N (  2)
   N (  2)  1.178003
   H (  3)  2.182923  1.006177

 Requested basis set is cc-pVDZ
 There are 15 shells and 33 basis functions
 A cutoff of  1.0D-14 yielded    120 shell pairs
 There are       596 function pairs (       675 Cartesian)
 Smallest overlap matrix eigenvalue = 8.68E-03
 Guess MOs from SCF MO coefficient file

 -----------------------------------------------------------------------
  General SCF calculation program by
  Eric Jon Sundstrom, Paul Horn, Yuezhi Mao, Dmitri Zuev, Alec White,
  David Stuck, Shaama M.S., Shane Yost, Joonho Lee, David Small,
  Daniel Levine, Susi Lehtola, Hugh Burton, Evgeny Epifanovsky,
  Bang C. Huynh
 -----------------------------------------------------------------------
 Exchange:     0.2000 Hartree-Fock + 0.0800 Slater + 0.7200 B88
 Correlation:  0.1900 VWN1RPA + 0.8100 LYP
 Using Euler-Maclaurin-Lebedev (99,590) quadrature formula
Added inc_jk
Added qchem_hcore
Added xc
Added P-dependent contribution
 A restricted SCF calculation will be
 performed using GDM
 SCF converges when RMS gradient is below 1.0e-10
 User-specified cutoff of 10e-14
 used for neglect of 2-electron integrals.
 A cutoff of 10e-14
 used for neglect of overlap integrals.
 Incremental Fock algorithm is on at the start.
 ---------------------------------------
  Cycle       Energy        RMS Gradient
 ---------------------------------------
    1     -93.4046804922      2.16e-02   Normal BFGS step
    2     -93.4061484224      2.00e-03   Normal BFGS step
    3     -93.4061464596      4.67e-03  Line search: overstep
    4     -93.4061621113      1.28e-03   Normal BFGS step
    5     -93.4061633432      1.06e-03   Normal BFGS step
    6     -93.4061663057      7.68e-05   Normal BFGS step
    7     -93.4061663281      4.71e-05   Normal BFGS step
    8     -93.4061663406      4.88e-06   Normal BFGS step
    9     -93.4061663407      3.71e-06   Normal BFGS step
   10     -93.4061663407      1.14e-07   Normal BFGS step
   11     -93.4061663407      2.39e-08   Normal BFGS step
   12     -93.4061663407      1.84e-09   Normal BFGS step
   13     -93.4061663407      1.66e-09   Normal BFGS step
   14     -93.4061663407      1.39e-09   Normal BFGS step
   15     -93.4061663407      3.24e-11  Convergence criterion met
 ---------------------------------------
 SCF time:   CPU 6.26s  wall 1.00s 
 SCF   energy =   -93.40616634
 Total energy =   -93.40616634
 Integrated density by DFT XC:
   Number of electrons = 14
   Numerical integral  =    14.000000004628
   Relative error      =     0.0000000331 %

 --------------------------------------------------------------

                    Orbital Energies (a.u.)
 --------------------------------------------------------------

 Alpha MOs
 -- Occupied --
-14.3734 -10.2400  -0.9458  -0.6637  -0.3741  -0.3740  -0.3163
 -- Virtual --
  0.0190   0.0202   0.0454   0.3018   0.3878   0.4945   0.4945   0.6013
  0.7398   0.7403   0.8233   1.1141   1.1251   1.1355   1.1361   1.1820
  1.3301   1.5880   1.5889   1.8308   1.8309   1.9695   2.1970   2.5209
  2.5241   3.4838
 --------------------------------------------------------------

          Ground-State Mulliken Net Atomic Charges

     Atom                 Charge (a.u.)
  ----------------------------------------
      1 C                    -0.090432
      2 N                    -0.036530
      3 H                     0.126962
  ----------------------------------------
  Sum of atomic charges =     0.000000

 -----------------------------------------------------------------
                    Cartesian Multipole Moments
 -----------------------------------------------------------------
    Charge (ESU x 10^10)
                -0.0000
    Dipole Moment (Debye)
         X      -3.0284      Y       0.1034      Z       0.0210
       Tot       3.0302
    Quadrupole Moments (Debye-Ang)
        XX     -12.7609     XY      -0.1009     YY     -11.5749
        XZ      -0.0205     YZ       0.0013     ZZ     -11.5809
    Octopole Moments (Debye-Ang^2)
       XXX     -27.8836    XXY       0.0967    XYY      -6.2139
       YYY       0.0073    XXZ       0.0197    XYZ      -0.0007
       YYZ       0.0005    XZZ      -6.2108    YZZ       0.0024
       ZZZ       0.0014
    Hexadecapole Moments (Debye-Ang^3)
      XXXX     -75.3459   XXXY      -0.1387   XXYY     -12.3820
      XYYY       0.0074   YYYY     -10.6419   XXXZ      -0.0282
      XXYZ       0.0014   XYYZ       0.0005   YYYZ      -0.0008
      XXZZ     -12.3888   XYZZ       0.0026   YYZZ      -3.5460
      XZZZ       0.0016   YZZZ      -0.0008   ZZZZ     -10.6342
 -----------------------------------------------------------------
 Eng[2,0] = -9.34061663e+01
 Calculating analytic gradient of the SCF energy
Added xc
 Gradient of SCF Energy
            1           2           3
    1  -0.0001729   0.0016931  -0.0015202
    2   0.0006852  -0.0015787   0.0008935
    3   0.0001394  -0.0003209   0.0001815
 Max gradient component =       1.693E-03
 RMS gradient           =       1.007E-03
 Grad[1,2,0,0] = -3.05197679e-07
 Grad[2,2,0,0] = 1.16337775e-03
 Grad[3,2,0,0] = 2.47389699e-04
 Grad[4,2,0,0] = -1.67244462e-03
 points done 4/20
 CoordNormalMode -3 , 0 , 0
 ----------------------------------------------------------------
             Standard Nuclear Orientation (Angstroms)
    I     Atom           X                Y                Z
 ----------------------------------------------------------------
    1      C       1.1311462569     0.0000000000     0.0000000000
    2      N       0.0057067145    -0.0000000000    -0.0000000000
    3      H      -0.9841386644     0.0000000000     0.0000000000
 ----------------------------------------------------------------
 Nuclear Repulsion Energy =          24.99148475 hartrees
 There are        7 alpha and        7 beta electrons

                       Distance Matrix (Angstroms)
             C (  1)   N (  2)
   N (  2)  1.125440
   H (  3)  2.115285  0.989845

 Requested basis set is cc-pVDZ
 There are 15 shells and 33 basis functions
 A cutoff of  1.0D-14 yielded    120 shell pairs
 There are       596 function pairs (       675 Cartesian)
 Smallest overlap matrix eigenvalue = 7.56E-03
 Guess MOs from SCF MO coefficient file

 -----------------------------------------------------------------------
  General SCF calculation program by
  Eric Jon Sundstrom, Paul Horn, Yuezhi Mao, Dmitri Zuev, Alec White,
  David Stuck, Shaama M.S., Shane Yost, Joonho Lee, David Small,
  Daniel Levine, Susi Lehtola, Hugh Burton, Evgeny Epifanovsky,
  Bang C. Huynh
 -----------------------------------------------------------------------
 Exchange:     0.2000 Hartree-Fock + 0.0800 Slater + 0.7200 B88
 Correlation:  0.1900 VWN1RPA + 0.8100 LYP
 Using Euler-Maclaurin-Lebedev (99,590) quadrature formula
Added inc_jk
Added qchem_hcore
Added xc
Added P-dependent contribution
 A restricted SCF calculation will be
 performed using GDM
 SCF converges when RMS gradient is below 1.0e-10
 User-specified cutoff of 10e-14
 used for neglect of 2-electron integrals.
 A cutoff of 10e-14
 used for neglect of overlap integrals.
 Incremental Fock algorithm is on at the start.
 ---------------------------------------
  Cycle       Energy        RMS Gradient
 ---------------------------------------
    1     -93.3977595586      1.89e-02   Normal BFGS step
    2     -93.3993488612      1.05e-02   Normal BFGS step
    3     -93.3996917750      8.51e-03   Normal BFGS step
    4     -93.3996957260      8.15e-03   Normal BFGS step
    5     -93.3997838127      8.81e-04   Normal BFGS step
    6     -93.3997862182      1.71e-04   Normal BFGS step
    7     -93.3997863708      6.89e-06   Normal BFGS step
    8     -93.3997863711      3.34e-06   Normal BFGS step
    9     -93.3997863711      7.60e-07   Normal BFGS step
   10     -93.3997863711      1.16e-07   Normal BFGS step
   11     -93.3997863711      1.07e-08   Normal BFGS step
   12     -93.3997863711      1.31e-08   Normal BFGS step
   13     -93.3997863711      4.48e-09   Normal BFGS step
   14     -93.3997863711      5.10e-10   Normal BFGS step
   15     -93.3997863711      1.78e-10   Normal BFGS step
   16     -93.3997863711      1.10e-10   Normal BFGS step
   17     -93.3997863711      5.53e-12  Convergence criterion met
 ---------------------------------------
 SCF time:   CPU 7.00s  wall 1.00s 
 SCF   energy =   -93.39978637
 Total energy =   -93.39978637
 Integrated density by DFT XC:
   Number of electrons = 14
   Numerical integral  =    13.999999983095
   Relative error      =     0.0000001208 %

 --------------------------------------------------------------

                    Orbital Energies (a.u.)
 --------------------------------------------------------------

 Alpha MOs
 -- Occupied --
-14.3670 -10.2221  -0.9658  -0.6742  -0.3876  -0.3876  -0.3061
 -- Virtual --
  0.0395   0.0395   0.0484   0.2954   0.4152   0.4911   0.4911   0.6043
  0.7420   0.7420   0.8675   1.1321   1.1321   1.1467   1.1467   1.2205
  1.3280   1.6268   1.6268   1.8444   1.8444   2.0562   2.2682   2.5663
  2.5663   3.6116
 --------------------------------------------------------------

          Ground-State Mulliken Net Atomic Charges

     Atom                 Charge (a.u.)
  ----------------------------------------
      1 C                    -0.129446
      2 N                     0.018673
      3 H                     0.110773
  ----------------------------------------
  Sum of atomic charges =     0.000000

 -----------------------------------------------------------------
                    Cartesian Multipole Moments
 -----------------------------------------------------------------
    Charge (ESU x 10^10)
                -0.0000
    Dipole Moment (Debye)
         X      -3.1818      Y       0.0000      Z       0.0000
       Tot       3.1818
    Quadrupole Moments (Debye-Ang)
        XX     -13.0297     XY       0.0000     YY     -11.4039
        XZ       0.0000     YZ       0.0000     ZZ     -11.4039
    Octopole Moments (Debye-Ang^2)
       XXX     -27.8316    XXY       0.0000    XYY      -6.1929
       YYY       0.0000    XXZ       0.0000    XYZ       0.0000
       YYZ       0.0000    XZZ      -6.1929    YZZ       0.0000
       ZZZ       0.0000
    Hexadecapole Moments (Debye-Ang^3)
      XXXX     -73.2112   XXXY       0.0000   XXYY     -11.9312
      XYYY       0.0000   YYYY     -10.3319   XXXZ       0.0000
      XXYZ       0.0000   XYYZ       0.0000   YYYZ       0.0000
      XXZZ     -11.9312   XYZZ       0.0000   YYZZ      -3.4440
      XZZZ       0.0000   YZZZ       0.0000   ZZZZ     -10.3319
 -----------------------------------------------------------------
 Eng[-3,0] = -9.33997864e+01
 Calculating analytic gradient of the SCF energy
Added xc
 Gradient of SCF Energy
            1           2           3
    1  -0.1336639   0.1211751   0.0124888
    2  -0.0000000   0.0000000  -0.0000000
    3  -0.0000000   0.0000000  -0.0000000
 Max gradient component =       1.337E-01
 RMS gradient           =       6.028E-02
 Grad[1,-3,0,0] = 4.48706691e-16
 Grad[2,-3,0,0] = -4.43400776e-13
 Grad[3,-3,0,0] = -1.36106575e-01
 Grad[4,-3,0,0] = -1.76394043e-03
 points done 5/20
 CoordNormalMode 3 , 0 , 0
 ----------------------------------------------------------------
             Standard Nuclear Orientation (Angstroms)
    I     Atom           X                Y                Z
 ----------------------------------------------------------------
    1      C       1.1906026334    -0.0000000000    -0.0000000000
    2      N      -0.0398655710     0.0000000000     0.0000000000
    3      H      -1.0588780682    -0.0000000000    -0.0000000000
 ----------------------------------------------------------------
 Nuclear Repulsion Energy =          23.10918276 hartrees
 There are        7 alpha and        7 beta electrons

                       Distance Matrix (Angstroms)
             C (  1)   N (  2)
   N (  2)  1.230468
   H (  3)  2.249481  1.019012

 Requested basis set is cc-pVDZ
 There are 15 shells and 33 basis functions
 A cutoff of  1.0D-14 yielded    120 shell pairs
 There are       596 function pairs (       675 Cartesian)
 Smallest overlap matrix eigenvalue = 9.86E-03
 Guess MOs from SCF MO coefficient file

 -----------------------------------------------------------------------
  General SCF calculation program by
  Eric Jon Sundstrom, Paul Horn, Yuezhi Mao, Dmitri Zuev, Alec White,
  David Stuck, Shaama M.S., Shane Yost, Joonho Lee, David Small,
  Daniel Levine, Susi Lehtola, Hugh Burton, Evgeny Epifanovsky,
  Bang C. Huynh
 -----------------------------------------------------------------------
 Exchange:     0.2000 Hartree-Fock + 0.0800 Slater + 0.7200 B88
 Correlation:  0.1900 VWN1RPA + 0.8100 LYP
 Using Euler-Maclaurin-Lebedev (99,590) quadrature formula
Added inc_jk
Added qchem_hcore
Added xc
Added P-dependent contribution
 A restricted SCF calculation will be
 performed using GDM
 SCF converges when RMS gradient is below 1.0e-10
 User-specified cutoff of 10e-14
 used for neglect of 2-electron integrals.
 A cutoff of 10e-14
 used for neglect of overlap integrals.
 Incremental Fock algorithm is on at the start.
 ---------------------------------------
  Cycle       Energy        RMS Gradient
 ---------------------------------------
    1     -93.3947831253      3.32e-02   Normal BFGS step
    2     -93.3995834614      2.04e-02   Normal BFGS step
    3     -93.4006591852      2.05e-02   Normal BFGS step
    4     -93.4004717260      2.24e-02  Line search: overstep
    5     -93.4009790599      5.43e-03   Normal BFGS step
    6     -93.4010589610      1.62e-03   Normal BFGS step
    7     -93.4010675396      5.43e-05   Normal BFGS step
    8     -93.4010675521      7.88e-06   Normal BFGS step
    9     -93.4010675525      4.75e-07   Normal BFGS step
   10     -93.4010675525      1.02e-07   Normal BFGS step
   11     -93.4010675525      7.39e-09   Normal BFGS step
   12     -93.4010675525      2.24e-08   Normal BFGS step
   13     -93.4010675525      7.76e-10   Normal BFGS step
   14     -93.4010675525      2.09e-10   Normal BFGS step
   15     -93.4010675525      4.40e-11  Convergence criterion met
 ---------------------------------------
 SCF time:   CPU 6.24s  wall 1.00s 
 SCF   energy =   -93.40106755
 Total energy =   -93.40106755
 Integrated density by DFT XC:
   Number of electrons = 14
   Numerical integral  =    13.999999939302
   Relative error      =     0.0000004336 %

 --------------------------------------------------------------

                    Orbital Energies (a.u.)
 --------------------------------------------------------------

 Alpha MOs
 -- Occupied --
-14.3789 -10.2573  -0.9261  -0.6545  -0.3615  -0.3615  -0.3262
 -- Virtual --
  0.0022   0.0022   0.0410   0.3067   0.3612   0.4967   0.4967   0.5966
  0.7400   0.7400   0.7777   1.1067   1.1067   1.1375   1.1380   1.1380
  1.3348   1.5589   1.5589   1.8144   1.8144   1.8909   2.1471   2.4808
  2.4808   3.3852
 --------------------------------------------------------------

          Ground-State Mulliken Net Atomic Charges

     Atom                 Charge (a.u.)
  ----------------------------------------
      1 C                    -0.055004
      2 N                    -0.084167
      3 H                     0.139171
  ----------------------------------------
  Sum of atomic charges =     0.000000

 -----------------------------------------------------------------
                    Cartesian Multipole Moments
 -----------------------------------------------------------------
    Charge (ESU x 10^10)
                -0.0000
    Dipole Moment (Debye)
         X      -2.8732      Y       0.0000      Z       0.0000
       Tot       2.8732
    Quadrupole Moments (Debye-Ang)
        XX     -12.4591     XY       0.0000     YY     -11.7433
        XZ      -0.0000     YZ       0.0000     ZZ     -11.7433
    Octopole Moments (Debye-Ang^2)
       XXX     -27.8688    XXY      -0.0000    XYY      -6.2271
       YYY       0.0000    XXZ      -0.0000    XYZ       0.0000
       YYZ       0.0000    XZZ      -6.2271    YZZ       0.0000
       ZZZ       0.0000
    Hexadecapole Moments (Debye-Ang^3)
      XXXX     -77.3615   XXXY      -0.0000   XXYY     -12.8545
      XYYY       0.0000   YYYY     -10.9128   XXXZ      -0.0000
      XXYZ       0.0000   XYYZ      -0.0000   YYYZ       0.0000
      XXZZ     -12.8545   XYZZ       0.0000   YYZZ      -3.6376
      XZZZ      -0.0000   YZZZ       0.0000   ZZZZ     -10.9128
 -----------------------------------------------------------------
 Eng[3,0] = -9.34010676e+01
 Calculating analytic gradient of the SCF energy
Added xc
 Gradient of SCF Energy
            1           2           3
    1   0.0951534  -0.0838460  -0.0113074
    2  -0.0000000   0.0000000  -0.0000000
    3  -0.0000000   0.0000000  -0.0000000
 Max gradient component =       9.515E-02
 RMS gradient           =       4.244E-02
 Grad[1,3,0,0] = -3.83192690e-16
 Grad[2,3,0,0] = 7.78390028e-17
 Grad[3,3,0,0] = 9.75584828e-02
 Grad[4,3,0,0] = -1.37149483e-03
 points done 6/20
 CoordNormalMode -4 , 0 , 0
 ----------------------------------------------------------------
             Standard Nuclear Orientation (Angstroms)
    I     Atom           X                Y                Z
 ----------------------------------------------------------------
    1      C       1.1596459207    -0.0000000000    -0.0000000000
    2      N      -0.0122356179     0.0000000000     0.0000000000
    3      H      -1.0741818542    -0.0000000000    -0.0000000000
 ----------------------------------------------------------------
 Nuclear Repulsion Energy =          23.87512283 hartrees
 There are        7 alpha and        7 beta electrons

                       Distance Matrix (Angstroms)
             C (  1)   N (  2)
   N (  2)  1.171882
   H (  3)  2.233828  1.061946

 Requested basis set is cc-pVDZ
 There are 15 shells and 33 basis functions
 A cutoff of  1.0D-14 yielded    120 shell pairs
 There are       596 function pairs (       675 Cartesian)
 Smallest overlap matrix eigenvalue = 8.65E-03
 Guess MOs from SCF MO coefficient file

 -----------------------------------------------------------------------
  General SCF calculation program by
  Eric Jon Sundstrom, Paul Horn, Yuezhi Mao, Dmitri Zuev, Alec White,
  David Stuck, Shaama M.S., Shane Yost, Joonho Lee, David Small,
  Daniel Levine, Susi Lehtola, Hugh Burton, Evgeny Epifanovsky,
  Bang C. Huynh
 -----------------------------------------------------------------------
 Exchange:     0.2000 Hartree-Fock + 0.0800 Slater + 0.7200 B88
 Correlation:  0.1900 VWN1RPA + 0.8100 LYP
 Using Euler-Maclaurin-Lebedev (99,590) quadrature formula
Added inc_jk
Added qchem_hcore
Added xc
Added P-dependent contribution
 A restricted SCF calculation will be
 performed using GDM
 SCF converges when RMS gradient is below 1.0e-10
 User-specified cutoff of 10e-14
 used for neglect of 2-electron integrals.
 A cutoff of 10e-14
 used for neglect of overlap integrals.
 Incremental Fock algorithm is on at the start.
 ---------------------------------------
  Cycle       Energy        RMS Gradient
 ---------------------------------------
    1     -93.4014976701      1.91e-02   Normal BFGS step
    2     -93.4029934922      1.06e-02   Normal BFGS step
    3     -93.4034804751      5.50e-03   Normal BFGS step
    4     -93.4034434658      8.04e-03  Line search: overstep
    5     -93.4035106824      1.85e-03   Normal BFGS step
    6     -93.4035187048      6.41e-04   Normal BFGS step
    7     -93.4035200291      3.52e-05   Normal BFGS step
    8     -93.4035200354      6.88e-06   Normal BFGS step
    9     -93.4035200357      1.89e-07   Normal BFGS step
   10     -93.4035200357      1.78e-08   Normal BFGS step
   11     -93.4035200357      1.49e-09   Normal BFGS step
   12     -93.4035200357      2.20e-09   Normal BFGS step
   13     -93.4035200357      5.08e-10   Normal BFGS step
   14     -93.4035200357      3.47e-10   Normal BFGS step
  GDM::WARNING energy changes are now smaller than effective accuracy.
  GDM::        calculation will continue, but THRESH should be increased
  GDM::        or SCF_CONVERGENCE decreased. 
  GDM::        effective_thresh = 2.70e-09
   15     -93.4035200357      6.94e-12  Convergence criterion met
 ---------------------------------------
 SCF time:   CPU 6.22s  wall 1.00s 
 SCF   energy =   -93.40352004
 Total energy =   -93.40352004
 Integrated density by DFT XC:
   Number of electrons = 14
   Numerical integral  =    13.999999999604
   Relative error      =     0.0000000028 %

 --------------------------------------------------------------

                    Orbital Energies (a.u.)
 --------------------------------------------------------------

 Alpha MOs
 -- Occupied --
-14.3751 -10.2361  -0.9430  -0.6476  -0.3731  -0.3731  -0.3138
 -- Virtual --
  0.0246   0.0246   0.0267   0.2984   0.3760   0.4955   0.4955   0.6005
  0.7382   0.7382   0.8193   1.1322   1.1322   1.1367   1.1367   1.1601
  1.3194   1.5673   1.5673   1.8328   1.8328   1.9718   2.1142   2.4941
  2.4941   3.4363
 --------------------------------------------------------------

          Ground-State Mulliken Net Atomic Charges

     Atom                 Charge (a.u.)
  ----------------------------------------
      1 C                    -0.095254
      2 N                    -0.065529
      3 H                     0.160784
  ----------------------------------------
  Sum of atomic charges =     0.000000

 -----------------------------------------------------------------
                    Cartesian Multipole Moments
 -----------------------------------------------------------------
    Charge (ESU x 10^10)
                -0.0000
    Dipole Moment (Debye)
         X      -3.1586      Y      -0.0000      Z      -0.0000
       Tot       3.1586
    Quadrupole Moments (Debye-Ang)
        XX     -12.5992     XY      -0.0000     YY     -11.6281
        XZ       0.0000     YZ       0.0000     ZZ     -11.6281
    Octopole Moments (Debye-Ang^2)
       XXX     -28.1810    XXY      -0.0000    XYY      -6.1735
       YYY      -0.0000    XXZ       0.0000    XYZ       0.0000
       YYZ      -0.0000    XZZ      -6.1735    YZZ      -0.0000
       ZZZ      -0.0000
    Hexadecapole Moments (Debye-Ang^3)
      XXXX     -75.1513   XXXY      -0.0000   XXYY     -12.4837
      XYYY      -0.0000   YYYY     -10.6914   XXXZ       0.0000
      XXYZ       0.0000   XYYZ       0.0000   YYYZ       0.0000
      XXZZ     -12.4837   XYZZ      -0.0000   YYZZ      -3.5638
      XZZZ       0.0000   YZZZ       0.0000   ZZZZ     -10.6914
 -----------------------------------------------------------------
 Eng[-4,0] = -9.34035200e+01
 Calculating analytic gradient of the SCF energy
Added xc
 Gradient of SCF Energy
            1           2           3
    1  -0.0152786   0.0605651  -0.0452865
    2  -0.0000000   0.0000000  -0.0000000
    3  -0.0000000   0.0000000   0.0000000
 Max gradient component =       6.057E-02
 RMS gradient           =       2.572E-02
 Grad[1,-4,0,0] = 6.39207775e-17
 Grad[2,-4,0,0] = -1.58773599e-16
 Grad[3,-4,0,0] = -2.68204709e-03
 Grad[4,-4,0,0] = -5.09834169e-02
 points done 7/20
 CoordNormalMode 4 , 0 , 0
 ----------------------------------------------------------------
             Standard Nuclear Orientation (Angstroms)
    I     Atom           X                Y                Z
 ----------------------------------------------------------------
    1      C       1.1621029696     0.0000000000     0.0000000000
    2      N      -0.0219232385    -0.0000000000    -0.0000000000
    3      H      -0.9688348784     0.0000000000     0.0000000000
 ----------------------------------------------------------------
 Nuclear Repulsion Energy =          24.17297516 hartrees
 There are        7 alpha and        7 beta electrons

                       Distance Matrix (Angstroms)
             C (  1)   N (  2)
   N (  2)  1.184026
   H (  3)  2.130938  0.946912

 Requested basis set is cc-pVDZ
 There are 15 shells and 33 basis functions
 A cutoff of  1.0D-14 yielded    120 shell pairs
 There are       596 function pairs (       675 Cartesian)
 Smallest overlap matrix eigenvalue = 8.69E-03
 Guess MOs from SCF MO coefficient file

 -----------------------------------------------------------------------
  General SCF calculation program by
  Eric Jon Sundstrom, Paul Horn, Yuezhi Mao, Dmitri Zuev, Alec White,
  David Stuck, Shaama M.S., Shane Yost, Joonho Lee, David Small,
  Daniel Levine, Susi Lehtola, Hugh Burton, Evgeny Epifanovsky,
  Bang C. Huynh
 -----------------------------------------------------------------------
 Exchange:     0.2000 Hartree-Fock + 0.0800 Slater + 0.7200 B88
 Correlation:  0.1900 VWN1RPA + 0.8100 LYP
 Using Euler-Maclaurin-Lebedev (99,590) quadrature formula
Added inc_jk
Added qchem_hcore
Added xc
Added P-dependent contribution
 A restricted SCF calculation will be
 performed using GDM
 SCF converges when RMS gradient is below 1.0e-10
 User-specified cutoff of 10e-14
 used for neglect of 2-electron integrals.
 A cutoff of 10e-14
 used for neglect of overlap integrals.
 Incremental Fock algorithm is on at the start.
 ---------------------------------------
  Cycle       Energy        RMS Gradient
 ---------------------------------------
    1     -93.3997371465      3.22e-02   Normal BFGS step
    2     -93.4017363197      3.32e-02   Normal BFGS step
    3     -93.4017546171      2.09e-02   Normal BFGS step
    4     -93.4027654245      3.42e-03   Normal BFGS step
    5     -93.4027877763      1.11e-03   Normal BFGS step
    6     -93.4027936727      2.32e-04   Normal BFGS step
    7     -93.4027938450      5.22e-05   Normal BFGS step
    8     -93.4027938585      1.76e-06   Normal BFGS step
    9     -93.4027938586      2.34e-07   Normal BFGS step
   10     -93.4027938586      2.77e-08   Normal BFGS step
   11     -93.4027938586      1.51e-08   Normal BFGS step
   12     -93.4027938586      1.05e-08   Normal BFGS step
   13     -93.4027938586      6.39e-10   Normal BFGS step
   14     -93.4027938586      1.28e-10   Normal BFGS step
  GDM::WARNING energy changes are now smaller than effective accuracy.
  GDM::        calculation will continue, but THRESH should be increased
  GDM::        or SCF_CONVERGENCE decreased. 
  GDM::        effective_thresh = 6.50e-10
   15     -93.4027938586      1.49e-11  Convergence criterion met
 ---------------------------------------
 SCF time:   CPU 6.22s  wall 1.00s 
 SCF   energy =   -93.40279386
 Total energy =   -93.40279386
 Integrated density by DFT XC:
   Number of electrons = 14
   Numerical integral  =    13.999999994518
   Relative error      =     0.0000000392 %

 --------------------------------------------------------------

                    Orbital Energies (a.u.)
 --------------------------------------------------------------

 Alpha MOs
 -- Occupied --
-14.3709 -10.2439  -0.9497  -0.6820  -0.3750  -0.3750  -0.3190
 -- Virtual --
  0.0157   0.0157   0.0607   0.3052   0.4016   0.4935   0.4935   0.6021
  0.7422   0.7422   0.8316   1.1210   1.1210   1.1336   1.1336   1.1795
  1.3476   1.6160   1.6160   1.8233   1.8233   1.9616   2.3099   2.5548
  2.5548   3.5593
 --------------------------------------------------------------

          Ground-State Mulliken Net Atomic Charges

     Atom                 Charge (a.u.)
  ----------------------------------------
      1 C                    -0.085646
      2 N                    -0.000847
      3 H                     0.086492
  ----------------------------------------
  Sum of atomic charges =     0.000000

 -----------------------------------------------------------------
                    Cartesian Multipole Moments
 -----------------------------------------------------------------
    Charge (ESU x 10^10)
                -0.0000
    Dipole Moment (Debye)
         X      -2.8991      Y       0.0000      Z      -0.0000
       Tot       2.8991
    Quadrupole Moments (Debye-Ang)
        XX     -12.9007     XY       0.0000     YY     -11.5263
        XZ      -0.0000     YZ       0.0000     ZZ     -11.5263
    Octopole Moments (Debye-Ang^2)
       XXX     -27.6197    XXY      -0.0000    XYY      -6.2459
       YYY       0.0000    XXZ      -0.0000    XYZ       0.0000
       YYZ      -0.0000    XZZ      -6.2459    YZZ       0.0000
       ZZZ      -0.0000
    Hexadecapole Moments (Debye-Ang^3)
      XXXX     -75.4693   XXXY      -0.0000   XXYY     -12.2950
      XYYY       0.0000   YYYY     -10.5679   XXXZ      -0.0000
      XXYZ       0.0000   XYYZ      -0.0000   YYYZ       0.0000
      XXZZ     -12.2950   XYZZ       0.0000   YYZZ      -3.5226
      XZZZ      -0.0000   YZZZ       0.0000   ZZZZ     -10.5679
 -----------------------------------------------------------------
 Eng[4,0] = -9.34027939e+01
 Calculating analytic gradient of the SCF energy
Added xc
 Gradient of SCF Energy
            1           2           3
    1   0.0148739  -0.0803215   0.0654476
    2   0.0000000  -0.0000000   0.0000000
    3  -0.0000000   0.0000000   0.0000000
 Max gradient component =       8.032E-02
 RMS gradient           =       3.489E-02
 Grad[1,4,0,0] = -5.02872341e-17
 Grad[2,4,0,0] = 1.06847813e-16
 Grad[3,4,0,0] = -3.27662810e-03
 Grad[4,4,0,0] = 7.28536810e-02
 points done 8/20
 CoordNormalMode -2 , -1 , 0
 ----------------------------------------------------------------
             Standard Nuclear Orientation (Angstroms)
    I     Atom           X                Y                Z
 ----------------------------------------------------------------
    1      C       1.1608744451    -0.0029241760    -0.0044182011
    2      N      -0.0170794282     0.0054446907     0.0082265015
    3      H      -1.0215083663    -0.0408325536    -0.0616947929
 ----------------------------------------------------------------
 Nuclear Repulsion Energy =          23.99553956 hartrees
 There are        7 alpha and        7 beta electrons

                       Distance Matrix (Angstroms)
             C (  1)   N (  2)
   N (  2)  1.178051
   H (  3)  2.183463  1.007923

 Requested basis set is cc-pVDZ
 There are 15 shells and 33 basis functions
 A cutoff of  1.0D-14 yielded    120 shell pairs
 There are       596 function pairs (       675 Cartesian)
 Smallest overlap matrix eigenvalue = 8.69E-03
 Guess MOs from SCF MO coefficient file

 -----------------------------------------------------------------------
  General SCF calculation program by
  Eric Jon Sundstrom, Paul Horn, Yuezhi Mao, Dmitri Zuev, Alec White,
  David Stuck, Shaama M.S., Shane Yost, Joonho Lee, David Small,
  Daniel Levine, Susi Lehtola, Hugh Burton, Evgeny Epifanovsky,
  Bang C. Huynh
 -----------------------------------------------------------------------
 Exchange:     0.2000 Hartree-Fock + 0.0800 Slater + 0.7200 B88
 Correlation:  0.1900 VWN1RPA + 0.8100 LYP
 Using Euler-Maclaurin-Lebedev (99,590) quadrature formula
Added inc_jk
Added qchem_hcore
Added xc
Added P-dependent contribution
 A restricted SCF calculation will be
 performed using GDM
 SCF converges when RMS gradient is below 1.0e-10
 User-specified cutoff of 10e-14
 used for neglect of 2-electron integrals.
 A cutoff of 10e-14
 used for neglect of overlap integrals.
 Incremental Fock algorithm is on at the start.
 ---------------------------------------
  Cycle       Energy        RMS Gradient
 ---------------------------------------
    1     -93.4043722172      1.75e-02   Normal BFGS step
    2     -93.4059026022      1.40e-02   Normal BFGS step
    3     -93.4056498571      2.10e-02  Line search: overstep
    4     -93.4060710357      3.62e-03   Normal BFGS step
    5     -93.4061012280      1.07e-03   Normal BFGS step
    6     -93.4061053957      3.18e-04   Normal BFGS step
    7     -93.4061058286      8.02e-05   Normal BFGS step
    8     -93.4061058592      8.80e-06   Normal BFGS step
    9     -93.4061058596      4.59e-06   Normal BFGS step
   10     -93.4061058597      8.11e-07   Normal BFGS step
   11     -93.4061058597      7.96e-08   Normal BFGS step
   12     -93.4061058597      8.03e-09   Normal BFGS step
   13     -93.4061058597      2.88e-09   Normal BFGS step
   14     -93.4061058597      3.92e-09   Normal BFGS step
   15     -93.4061058597      3.64e-10   Normal BFGS step
   16     -93.4061058597      2.58e-10   Normal BFGS step
   17     -93.4061058597      1.48e-11  Convergence criterion met
 ---------------------------------------
 SCF time:   CPU 6.98s  wall 1.00s 
 SCF   energy =   -93.40610586
 Total energy =   -93.40610586
 Integrated density by DFT XC:
   Number of electrons = 14
   Numerical integral  =    14.000000012650
   Relative error      =     0.0000000904 %

 --------------------------------------------------------------

                    Orbital Energies (a.u.)
 --------------------------------------------------------------

 Alpha MOs
 -- Occupied --
-14.3734 -10.2400  -0.9457  -0.6630  -0.3742  -0.3739  -0.3163
 -- Virtual --
  0.0179   0.0202   0.0457   0.3019   0.3882   0.4945   0.4945   0.6013
  0.7393   0.7403   0.8229   1.1052   1.1245   1.1356   1.1369   1.1884
  1.3308   1.5852   1.5869   1.8336   1.8336   1.9690   2.1926   2.5189
  2.5253   3.4775
 --------------------------------------------------------------

          Ground-State Mulliken Net Atomic Charges

     Atom                 Charge (a.u.)
  ----------------------------------------
      1 C                    -0.090501
      2 N                    -0.037742
      3 H                     0.128243
  ----------------------------------------
  Sum of atomic charges =     0.000000

 -----------------------------------------------------------------
                    Cartesian Multipole Moments
 -----------------------------------------------------------------
    Charge (ESU x 10^10)
                -0.0000
    Dipole Moment (Debye)
         X      -3.0266      Y      -0.0823      Z      -0.1244
       Tot       3.0303
    Quadrupole Moments (Debye-Ang)
        XX     -12.7616     XY       0.0805     YY     -11.5798
        XZ       0.1216     YZ       0.0060     ZZ     -11.5747
    Octopole Moments (Debye-Ang^2)
       XXX     -27.8798    XXY      -0.0770    XYY      -6.2120
       YYY      -0.0055    XXZ      -0.1163    XYZ      -0.0032
       YYZ      -0.0029    XZZ      -6.2147    YZZ      -0.0021
       ZZZ      -0.0086
    Hexadecapole Moments (Debye-Ang^3)
      XXXX     -75.3489   XXXY       0.1107   XXYY     -12.3874
      XYYY      -0.0060   YYYY     -10.6430   XXXZ       0.1673
      XXYZ       0.0068   XYYZ      -0.0028   YYYZ      -0.0038
      XXZZ     -12.3816   XYZZ      -0.0017   YYZZ      -3.5488
      XZZZ      -0.0087   YZZZ      -0.0038   ZZZZ     -10.6495
 -----------------------------------------------------------------
 Eng[-2,-1] = -9.34061059e+01
 points done 9/20
 CoordNormalMode 2 , 1 , 0
 ----------------------------------------------------------------
             Standard Nuclear Orientation (Angstroms)
    I     Atom           X                Y                Z
 ----------------------------------------------------------------
    1      C       1.1608744451     0.0029241760     0.0044182011
    2      N      -0.0170794282    -0.0054446907    -0.0082265015
    3      H      -1.0215083663     0.0408325536     0.0616947929
 ----------------------------------------------------------------
 Nuclear Repulsion Energy =          23.99553956 hartrees
 There are        7 alpha and        7 beta electrons

                       Distance Matrix (Angstroms)
             C (  1)   N (  2)
   N (  2)  1.178051
   H (  3)  2.183463  1.007923

 Requested basis set is cc-pVDZ
 There are 15 shells and 33 basis functions
 A cutoff of  1.0D-14 yielded    120 shell pairs
 There are       596 function pairs (       675 Cartesian)
 Smallest overlap matrix eigenvalue = 8.69E-03
 Guess MOs from SCF MO coefficient file

 -----------------------------------------------------------------------
  General SCF calculation program by
  Eric Jon Sundstrom, Paul Horn, Yuezhi Mao, Dmitri Zuev, Alec White,
  David Stuck, Shaama M.S., Shane Yost, Joonho Lee, David Small,
  Daniel Levine, Susi Lehtola, Hugh Burton, Evgeny Epifanovsky,
  Bang C. Huynh
 -----------------------------------------------------------------------
 Exchange:     0.2000 Hartree-Fock + 0.0800 Slater + 0.7200 B88
 Correlation:  0.1900 VWN1RPA + 0.8100 LYP
 Using Euler-Maclaurin-Lebedev (99,590) quadrature formula
Added inc_jk
Added qchem_hcore
Added xc
Added P-dependent contribution
 A restricted SCF calculation will be
 performed using GDM
 SCF converges when RMS gradient is below 1.0e-10
 User-specified cutoff of 10e-14
 used for neglect of 2-electron integrals.
 A cutoff of 10e-14
 used for neglect of overlap integrals.
 Incremental Fock algorithm is on at the start.
 ---------------------------------------
  Cycle       Energy        RMS Gradient
 ---------------------------------------
    1     -93.4031399740      3.05e-02   Normal BFGS step
    2     -93.4060632980      3.98e-03   Normal BFGS step
    3     -93.4060304872      9.11e-03  Line search: overstep
    4     -93.4060955642      1.32e-03   Normal BFGS step
    5     -93.4061019315      9.28e-04   Normal BFGS step
    6     -93.4061057579      1.38e-04   Normal BFGS step
    7     -93.4061058308      7.07e-05   Normal BFGS step
    8     -93.4061058595      7.76e-06   Normal BFGS step
    9     -93.4061058596      5.40e-06   Normal BFGS step
   10     -93.4061058597      1.89e-07   Normal BFGS step
   11     -93.4061058597      3.96e-08   Normal BFGS step
   12     -93.4061058597      5.09e-09   Normal BFGS step
   13     -93.4061058597      6.85e-09   Normal BFGS step
   14     -93.4061058597      1.96e-10   Normal BFGS step
  GDM::WARNING energy changes are now smaller than effective accuracy.
  GDM::        calculation will continue, but THRESH should be increased
  GDM::        or SCF_CONVERGENCE decreased. 
  GDM::        effective_thresh = 2.98e-09
   15     -93.4061058597      1.06e-10   Normal BFGS step
   16     -93.4061058597      2.06e-11  Convergence criterion met
 ---------------------------------------
 SCF time:   CPU 6.63s  wall 1.00s 
 SCF   energy =   -93.40610586
 Total energy =   -93.40610586
 Integrated density by DFT XC:
   Number of electrons = 14
   Numerical integral  =    14.000000012650
   Relative error      =     0.0000000904 %

 --------------------------------------------------------------

                    Orbital Energies (a.u.)
 --------------------------------------------------------------

 Alpha MOs
 -- Occupied --
-14.3734 -10.2400  -0.9457  -0.6630  -0.3742  -0.3739  -0.3163
 -- Virtual --
  0.0179   0.0202   0.0457   0.3019   0.3882   0.4945   0.4945   0.6013
  0.7393   0.7403   0.8229   1.1052   1.1245   1.1356   1.1369   1.1884
  1.3308   1.5852   1.5869   1.8336   1.8336   1.9690   2.1926   2.5189
  2.5253   3.4775
 --------------------------------------------------------------

          Ground-State Mulliken Net Atomic Charges

     Atom                 Charge (a.u.)
  ----------------------------------------
      1 C                    -0.090501
      2 N                    -0.037742
      3 H                     0.128243
  ----------------------------------------
  Sum of atomic charges =     0.000000

 -----------------------------------------------------------------
                    Cartesian Multipole Moments
 -----------------------------------------------------------------
    Charge (ESU x 10^10)
                -0.0000
    Dipole Moment (Debye)
         X      -3.0266      Y       0.0823      Z       0.1244
       Tot       3.0303
    Quadrupole Moments (Debye-Ang)
        XX     -12.7616     XY      -0.0805     YY     -11.5798
        XZ      -0.1216     YZ       0.0060     ZZ     -11.5747
    Octopole Moments (Debye-Ang^2)
       XXX     -27.8798    XXY       0.0770    XYY      -6.2120
       YYY       0.0055    XXZ       0.1163    XYZ      -0.0032
       YYZ       0.0029    XZZ      -6.2147    YZZ       0.0021
       ZZZ       0.0086
    Hexadecapole Moments (Debye-Ang^3)
      XXXX     -75.3489   XXXY      -0.1107   XXYY     -12.3874
      XYYY       0.0060   YYYY     -10.6430   XXXZ      -0.1673
      XXYZ       0.0068   XYYZ       0.0028   YYYZ      -0.0038
      XXZZ     -12.3816   XYZZ       0.0017   YYZZ      -3.5488
      XZZZ       0.0087   YZZZ      -0.0038   ZZZZ     -10.6495
 -----------------------------------------------------------------
 Eng[2,1] = -9.34061059e+01
 points done 10/20
 CoordNormalMode -3 , -1 , 0
 ----------------------------------------------------------------
             Standard Nuclear Orientation (Angstroms)
    I     Atom           X                Y                Z
 ----------------------------------------------------------------
    1      C       1.1311462569     0.0007470125    -0.0036711885
    2      N       0.0057067145    -0.0013909054     0.0068355961
    3      H      -0.9841386644     0.0104311196    -0.0512636733
 ----------------------------------------------------------------
 Nuclear Repulsion Energy =          24.98349794 hartrees
 There are        7 alpha and        7 beta electrons

                       Distance Matrix (Angstroms)
             C (  1)   N (  2)
   N (  2)  1.125491
   H (  3)  2.115842  0.991619

 Requested basis set is cc-pVDZ
 There are 15 shells and 33 basis functions
 A cutoff of  1.0D-14 yielded    120 shell pairs
 There are       596 function pairs (       675 Cartesian)
 Smallest overlap matrix eigenvalue = 7.58E-03
 Guess MOs from SCF MO coefficient file

 -----------------------------------------------------------------------
  General SCF calculation program by
  Eric Jon Sundstrom, Paul Horn, Yuezhi Mao, Dmitri Zuev, Alec White,
  David Stuck, Shaama M.S., Shane Yost, Joonho Lee, David Small,
  Daniel Levine, Susi Lehtola, Hugh Burton, Evgeny Epifanovsky,
  Bang C. Huynh
 -----------------------------------------------------------------------
 Exchange:     0.2000 Hartree-Fock + 0.0800 Slater + 0.7200 B88
 Correlation:  0.1900 VWN1RPA + 0.8100 LYP
 Using Euler-Maclaurin-Lebedev (99,590) quadrature formula
Added inc_jk
Added qchem_hcore
Added xc
Added P-dependent contribution
 A restricted SCF calculation will be
 performed using GDM
 SCF converges when RMS gradient is below 1.0e-10
 User-specified cutoff of 10e-14
 used for neglect of 2-electron integrals.
 A cutoff of 10e-14
 used for neglect of overlap integrals.
 Incremental Fock algorithm is on at the start.
 ---------------------------------------
  Cycle       Energy        RMS Gradient
 ---------------------------------------
    1     -93.3962982559      2.26e-02   Normal BFGS step
    2     -93.3993081140      1.07e-02   Normal BFGS step
    3     -93.3995355205      1.26e-02   Normal BFGS step
    4     -93.3996752975      7.33e-03   Normal BFGS step
    5     -93.3997425556      1.96e-03   Normal BFGS step
    6     -93.3997586637      3.29e-04   Normal BFGS step
    7     -93.3997589301      4.35e-05   Normal BFGS step
    8     -93.3997589336      3.91e-06   Normal BFGS step
    9     -93.3997589337      2.07e-06   Normal BFGS step
   10     -93.3997589337      1.69e-07   Normal BFGS step
   11     -93.3997589337      3.42e-08   Normal BFGS step
   12     -93.3997589337      6.62e-09   Normal BFGS step
   13     -93.3997589337      4.05e-09   Normal BFGS step
   14     -93.3997589337      1.15e-10   Normal BFGS step
   15     -93.3997589337      9.75e-11  Convergence criterion met
 ---------------------------------------
 SCF time:   CPU 6.26s  wall 1.00s 
 SCF   energy =   -93.39975893
 Total energy =   -93.39975893
 Integrated density by DFT XC:
   Number of electrons = 14
   Numerical integral  =    13.999999994856
   Relative error      =     0.0000000367 %

 --------------------------------------------------------------

                    Orbital Energies (a.u.)
 --------------------------------------------------------------

 Alpha MOs
 -- Occupied --
-14.3670 -10.2221  -0.9657  -0.6734  -0.3876  -0.3875  -0.3061
 -- Virtual --
  0.0371   0.0395   0.0499   0.2956   0.4155   0.4911   0.4911   0.6043
  0.7415   0.7420   0.8674   1.1303   1.1312   1.1395   1.1478   1.2260
  1.3296   1.6234   1.6240   1.8476   1.8476   2.0554   2.2634   2.5641
  2.5679   3.6044
 --------------------------------------------------------------

          Ground-State Mulliken Net Atomic Charges

     Atom                 Charge (a.u.)
  ----------------------------------------
      1 C                    -0.129502
      2 N                     0.017324
      3 H                     0.112179
  ----------------------------------------
  Sum of atomic charges =     0.000000

 -----------------------------------------------------------------
                    Cartesian Multipole Moments
 -----------------------------------------------------------------
    Charge (ESU x 10^10)
                -0.0000
    Dipole Moment (Debye)
         X      -3.1801      Y       0.0201      Z      -0.0986
       Tot       3.1817
    Quadrupole Moments (Debye-Ang)
        XX     -13.0301     XY      -0.0210     YY     -11.4064
        XZ       0.1033     YZ      -0.0012     ZZ     -11.4006
    Octopole Moments (Debye-Ang^2)
       XXX     -27.8277    XXY       0.0158    XYY      -6.1923
       YYY       0.0006    XXZ      -0.0777    XYZ       0.0007
       YYZ      -0.0009    XZZ      -6.1956    YZZ       0.0002
       ZZZ      -0.0031
    Hexadecapole Moments (Debye-Ang^3)
      XXXX     -73.2125   XXXY      -0.0299   XXYY     -11.9335
      XYYY       0.0004   YYYY     -10.3363   XXXZ       0.1471
      XXYZ      -0.0013   XYYZ      -0.0006   YYYZ       0.0009
      XXZZ     -11.9275   XYZZ       0.0001   YYZZ      -3.4468
      XZZZ      -0.0016   YZZZ       0.0008   ZZZZ     -10.3443
 -----------------------------------------------------------------
 Eng[-3,-1] = -9.33997589e+01
 points done 11/20
 CoordNormalMode 3 , 1 , 0
 ----------------------------------------------------------------
             Standard Nuclear Orientation (Angstroms)
    I     Atom           X                Y                Z
 ----------------------------------------------------------------
    1      C       1.1906026334    -0.0007470125     0.0036711885
    2      N      -0.0398655710     0.0013909054    -0.0068355961
    3      H      -1.0588780682    -0.0104311196     0.0512636733
 ----------------------------------------------------------------
 Nuclear Repulsion Energy =          23.10203069 hartrees
 There are        7 alpha and        7 beta electrons

                       Distance Matrix (Angstroms)
             C (  1)   N (  2)
   N (  2)  1.230515
   H (  3)  2.250005  1.020736

 Requested basis set is cc-pVDZ
 There are 15 shells and 33 basis functions
 A cutoff of  1.0D-14 yielded    120 shell pairs
 There are       596 function pairs (       675 Cartesian)
 Smallest overlap matrix eigenvalue = 9.87E-03
 Guess MOs from SCF MO coefficient file

 -----------------------------------------------------------------------
  General SCF calculation program by
  Eric Jon Sundstrom, Paul Horn, Yuezhi Mao, Dmitri Zuev, Alec White,
  David Stuck, Shaama M.S., Shane Yost, Joonho Lee, David Small,
  Daniel Levine, Susi Lehtola, Hugh Burton, Evgeny Epifanovsky,
  Bang C. Huynh
 -----------------------------------------------------------------------
 Exchange:     0.2000 Hartree-Fock + 0.0800 Slater + 0.7200 B88
 Correlation:  0.1900 VWN1RPA + 0.8100 LYP
 Using Euler-Maclaurin-Lebedev (99,590) quadrature formula
Added inc_jk
Added qchem_hcore
Added xc
Added P-dependent contribution
 A restricted SCF calculation will be
 performed using GDM
 SCF converges when RMS gradient is below 1.0e-10
 User-specified cutoff of 10e-14
 used for neglect of 2-electron integrals.
 A cutoff of 10e-14
 used for neglect of overlap integrals.
 Incremental Fock algorithm is on at the start.
 ---------------------------------------
  Cycle       Energy        RMS Gradient
 ---------------------------------------
    1     -93.3930964044      3.37e-02   Normal BFGS step
    2     -93.3994796304      2.04e-02   Normal BFGS step
    3     -93.4005990156      1.91e-02   Normal BFGS step
    4     -93.4004308044      2.31e-02  Line search: overstep
    5     -93.4008947551      5.46e-03   Normal BFGS step
    6     -93.4009763558      2.01e-03   Normal BFGS step
    7     -93.4009899357      4.75e-05   Normal BFGS step
    8     -93.4009899495      1.25e-05   Normal BFGS step
    9     -93.4009899506      4.28e-06   Normal BFGS step
   10     -93.4009899507      1.44e-06   Normal BFGS step
   11     -93.4009899507      6.83e-08   Normal BFGS step
   12     -93.4009899507      4.30e-08   Normal BFGS step
   13     -93.4009899507      5.45e-08   Normal BFGS step
   14     -93.4009899507      4.15e-09   Normal BFGS step
   15     -93.4009899507      1.73e-09   Normal BFGS step
   16     -93.4009899507      2.12e-10   Normal BFGS step
   17     -93.4009899507      1.17e-10   Normal BFGS step
   18     -93.4009899507      9.72e-12  Convergence criterion met
 ---------------------------------------
 SCF time:   CPU 7.36s  wall 1.00s 
 SCF   energy =   -93.40098995
 Total energy =   -93.40098995
 Integrated density by DFT XC:
   Number of electrons = 14
   Numerical integral  =    13.999999952215
   Relative error      =     0.0000003413 %

 --------------------------------------------------------------

                    Orbital Energies (a.u.)
 --------------------------------------------------------------

 Alpha MOs
 -- Occupied --
-14.3789 -10.2573  -0.9260  -0.6538  -0.3616  -0.3614  -0.3261
 -- Virtual --
  0.0014   0.0022   0.0411   0.3067   0.3617   0.4967   0.4967   0.5965
  0.7394   0.7400   0.7771   1.0934   1.1067   1.1380   1.1382   1.1489
  1.3349   1.5564   1.5575   1.8168   1.8168   1.8907   2.1430   2.4789
  2.4817   3.3795
 --------------------------------------------------------------

          Ground-State Mulliken Net Atomic Charges

     Atom                 Charge (a.u.)
  ----------------------------------------
      1 C                    -0.055085
      2 N                    -0.085271
      3 H                     0.140356
  ----------------------------------------
  Sum of atomic charges =     0.000000

 -----------------------------------------------------------------
                    Cartesian Multipole Moments
 -----------------------------------------------------------------
    Charge (ESU x 10^10)
                -0.0000
    Dipole Moment (Debye)
         X      -2.8715      Y      -0.0218      Z       0.1073
       Tot       2.8736
    Quadrupole Moments (Debye-Ang)
        XX     -12.4602     XY       0.0201     YY     -11.7456
        XZ      -0.0986     YZ      -0.0013     ZZ     -11.7395
    Octopole Moments (Debye-Ang^2)
       XXX     -27.8652    XXY      -0.0236    XYY      -6.2266
       YYY      -0.0020    XXZ       0.1159    XYZ       0.0006
       YYZ       0.0033    XZZ      -6.2296    YZZ      -0.0007
       ZZZ       0.0103
    Hexadecapole Moments (Debye-Ang^3)
      XXXX     -77.3665   XXXY       0.0263   XXYY     -12.8572
      XYYY      -0.0027   YYYY     -10.9171   XXXZ      -0.1293
      XXYZ      -0.0016   XYYZ       0.0044   YYYZ       0.0008
      XXZZ     -12.8496   XYZZ      -0.0008   YYZZ      -3.6403
      XZZZ       0.0129   YZZZ       0.0008   ZZZZ     -10.9245
 -----------------------------------------------------------------
 Eng[3,1] = -9.34009900e+01
 points done 12/20
 CoordNormalMode -3 , -2 , 0
 ----------------------------------------------------------------
             Standard Nuclear Orientation (Angstroms)
    I     Atom           X                Y                Z
 ----------------------------------------------------------------
    1      C       1.1311462569    -0.0036711885    -0.0007470125
    2      N       0.0057067145     0.0068355961     0.0013909054
    3      H      -0.9841386644    -0.0512636733    -0.0104311196
 ----------------------------------------------------------------
 Nuclear Repulsion Energy =          24.98349794 hartrees
 There are        7 alpha and        7 beta electrons

                       Distance Matrix (Angstroms)
             C (  1)   N (  2)
   N (  2)  1.125491
   H (  3)  2.115842  0.991619

 Requested basis set is cc-pVDZ
 There are 15 shells and 33 basis functions
 A cutoff of  1.0D-14 yielded    120 shell pairs
 There are       596 function pairs (       675 Cartesian)
 Smallest overlap matrix eigenvalue = 7.58E-03
 Guess MOs from SCF MO coefficient file

 -----------------------------------------------------------------------
  General SCF calculation program by
  Eric Jon Sundstrom, Paul Horn, Yuezhi Mao, Dmitri Zuev, Alec White,
  David Stuck, Shaama M.S., Shane Yost, Joonho Lee, David Small,
  Daniel Levine, Susi Lehtola, Hugh Burton, Evgeny Epifanovsky,
  Bang C. Huynh
 -----------------------------------------------------------------------
 Exchange:     0.2000 Hartree-Fock + 0.0800 Slater + 0.7200 B88
 Correlation:  0.1900 VWN1RPA + 0.8100 LYP
 Using Euler-Maclaurin-Lebedev (99,590) quadrature formula
Added inc_jk
Added qchem_hcore
Added xc
Added P-dependent contribution
 A restricted SCF calculation will be
 performed using GDM
 SCF converges when RMS gradient is below 1.0e-10
 User-specified cutoff of 10e-14
 used for neglect of 2-electron integrals.
 A cutoff of 10e-14
 used for neglect of overlap integrals.
 Incremental Fock algorithm is on at the start.
 ---------------------------------------
  Cycle       Energy        RMS Gradient
 ---------------------------------------
    1     -93.3928873864      2.60e-02   Normal BFGS step
    2     -93.3981229441      2.02e-02   Normal BFGS step
    3     -93.3994063786      1.68e-02   Normal BFGS step
    4     -93.3994078928      1.57e-02   Normal BFGS step
    5     -93.3997515417      1.49e-03   Normal BFGS step
    6     -93.3997585022      2.82e-04   Normal BFGS step
    7     -93.3997589331      1.10e-05   Normal BFGS step
    8     -93.3997589337      3.72e-06   Normal BFGS step
    9     -93.3997589337      1.04e-06   Normal BFGS step
   10     -93.3997589337      1.40e-07   Normal BFGS step
   11     -93.3997589337      1.61e-08   Normal BFGS step
   12     -93.3997589337      1.85e-08   Normal BFGS step
   13     -93.3997589337      8.01e-09   Normal BFGS step
   14     -93.3997589337      6.66e-10   Normal BFGS step
   15     -93.3997589337      2.70e-10   Normal BFGS step
   16     -93.3997589337      1.52e-10   Normal BFGS step
   17     -93.3997589337      1.13e-11  Convergence criterion met
 ---------------------------------------
 SCF time:   CPU 6.99s  wall 1.00s 
 SCF   energy =   -93.39975893
 Total energy =   -93.39975893
 Integrated density by DFT XC:
   Number of electrons = 14
   Numerical integral  =    13.999999994856
   Relative error      =     0.0000000367 %

 --------------------------------------------------------------

                    Orbital Energies (a.u.)
 --------------------------------------------------------------

 Alpha MOs
 -- Occupied --
-14.3670 -10.2221  -0.9657  -0.6734  -0.3876  -0.3875  -0.3061
 -- Virtual --
  0.0371   0.0395   0.0499   0.2956   0.4155   0.4911   0.4911   0.6043
  0.7415   0.7420   0.8674   1.1303   1.1312   1.1395   1.1478   1.2260
  1.3296   1.6234   1.6240   1.8476   1.8476   2.0554   2.2634   2.5641
  2.5679   3.6044
 --------------------------------------------------------------

          Ground-State Mulliken Net Atomic Charges

     Atom                 Charge (a.u.)
  ----------------------------------------
      1 C                    -0.129502
      2 N                     0.017324
      3 H                     0.112179
  ----------------------------------------
  Sum of atomic charges =     0.000000

 -----------------------------------------------------------------
                    Cartesian Multipole Moments
 -----------------------------------------------------------------
    Charge (ESU x 10^10)
                 0.0000
    Dipole Moment (Debye)
         X      -3.1801      Y      -0.0986      Z      -0.0201
       Tot       3.1817
    Quadrupole Moments (Debye-Ang)
        XX     -13.0301     XY       0.1033     YY     -11.4006
        XZ       0.0210     YZ       0.0012     ZZ     -11.4064
    Octopole Moments (Debye-Ang^2)
       XXX     -27.8277    XXY      -0.0777    XYY      -6.1956
       YYY      -0.0031    XXZ      -0.0158    XYZ      -0.0007
       YYZ      -0.0002    XZZ      -6.1923    YZZ      -0.0009
       ZZZ      -0.0006
    Hexadecapole Moments (Debye-Ang^3)
      XXXX     -73.2125   XXXY       0.1471   XXYY     -11.9275
      XYYY      -0.0016   YYYY     -10.3443   XXXZ       0.0299
      XXYZ       0.0013   XYYZ      -0.0001   YYYZ      -0.0008
      XXZZ     -11.9335   XYZZ      -0.0006   YYZZ      -3.4468
      XZZZ      -0.0004   YZZZ      -0.0009   ZZZZ     -10.3363
 -----------------------------------------------------------------
 Eng[-3,-2] = -9.33997589e+01
 points done 13/20
 CoordNormalMode 3 , 2 , 0
 ----------------------------------------------------------------
             Standard Nuclear Orientation (Angstroms)
    I     Atom           X                Y                Z
 ----------------------------------------------------------------
    1      C       1.1906026334     0.0036711885     0.0007470125
    2      N      -0.0398655710    -0.0068355961    -0.0013909054
    3      H      -1.0588780682     0.0512636733     0.0104311196
 ----------------------------------------------------------------
 Nuclear Repulsion Energy =          23.10203069 hartrees
 There are        7 alpha and        7 beta electrons

                       Distance Matrix (Angstroms)
             C (  1)   N (  2)
   N (  2)  1.230515
   H (  3)  2.250005  1.020736

 Requested basis set is cc-pVDZ
 There are 15 shells and 33 basis functions
 A cutoff of  1.0D-14 yielded    120 shell pairs
 There are       596 function pairs (       675 Cartesian)
 Smallest overlap matrix eigenvalue = 9.87E-03
 Guess MOs from SCF MO coefficient file

 -----------------------------------------------------------------------
  General SCF calculation program by
  Eric Jon Sundstrom, Paul Horn, Yuezhi Mao, Dmitri Zuev, Alec White,
  David Stuck, Shaama M.S., Shane Yost, Joonho Lee, David Small,
  Daniel Levine, Susi Lehtola, Hugh Burton, Evgeny Epifanovsky,
  Bang C. Huynh
 -----------------------------------------------------------------------
 Exchange:     0.2000 Hartree-Fock + 0.0800 Slater + 0.7200 B88
 Correlation:  0.1900 VWN1RPA + 0.8100 LYP
 Using Euler-Maclaurin-Lebedev (99,590) quadrature formula
Added inc_jk
Added qchem_hcore
Added xc
Added P-dependent contribution
 A restricted SCF calculation will be
 performed using GDM
 SCF converges when RMS gradient is below 1.0e-10
 User-specified cutoff of 10e-14
 used for neglect of 2-electron integrals.
 A cutoff of 10e-14
 used for neglect of overlap integrals.
 Incremental Fock algorithm is on at the start.
 ---------------------------------------
  Cycle       Energy        RMS Gradient
 ---------------------------------------
    1     -93.3930964044      3.37e-02   Normal BFGS step
    2     -93.3994796304      2.04e-02   Normal BFGS step
    3     -93.4005990156      1.91e-02   Normal BFGS step
    4     -93.4004308044      2.31e-02  Line search: overstep
    5     -93.4008947551      5.46e-03   Normal BFGS step
    6     -93.4009763558      2.01e-03   Normal BFGS step
    7     -93.4009899357      4.75e-05   Normal BFGS step
    8     -93.4009899495      1.25e-05   Normal BFGS step
    9     -93.4009899506      4.28e-06   Normal BFGS step
   10     -93.4009899507      1.44e-06   Normal BFGS step
   11     -93.4009899507      6.83e-08   Normal BFGS step
   12     -93.4009899507      4.30e-08   Normal BFGS step
   13     -93.4009899507      5.45e-08   Normal BFGS step
   14     -93.4009899507      4.15e-09   Normal BFGS step
   15     -93.4009899507      1.73e-09   Normal BFGS step
   16     -93.4009899507      2.12e-10   Normal BFGS step
   17     -93.4009899507      1.17e-10   Normal BFGS step
  GDM::WARNING energy changes are now smaller than effective accuracy.
  GDM::        calculation will continue, but THRESH should be increased
  GDM::        or SCF_CONVERGENCE decreased. 
  GDM::        effective_thresh = 5.40e-09
   18     -93.4009899507      9.72e-12  Convergence criterion met
 ---------------------------------------
 SCF time:   CPU 7.37s  wall 1.00s 
 SCF   energy =   -93.40098995
 Total energy =   -93.40098995
 Integrated density by DFT XC:
   Number of electrons = 14
   Numerical integral  =    13.999999952215
   Relative error      =     0.0000003413 %

 --------------------------------------------------------------

                    Orbital Energies (a.u.)
 --------------------------------------------------------------

 Alpha MOs
 -- Occupied --
-14.3789 -10.2573  -0.9260  -0.6538  -0.3616  -0.3614  -0.3261
 -- Virtual --
  0.0014   0.0022   0.0411   0.3067   0.3617   0.4967   0.4967   0.5965
  0.7394   0.7400   0.7771   1.0934   1.1067   1.1380   1.1382   1.1489
  1.3349   1.5564   1.5575   1.8168   1.8168   1.8907   2.1430   2.4789
  2.4817   3.3795
 --------------------------------------------------------------

          Ground-State Mulliken Net Atomic Charges

     Atom                 Charge (a.u.)
  ----------------------------------------
      1 C                    -0.055085
      2 N                    -0.085271
      3 H                     0.140356
  ----------------------------------------
  Sum of atomic charges =     0.000000

 -----------------------------------------------------------------
                    Cartesian Multipole Moments
 -----------------------------------------------------------------
    Charge (ESU x 10^10)
                -0.0000
    Dipole Moment (Debye)
         X      -2.8715      Y       0.1073      Z       0.0218
       Tot       2.8736
    Quadrupole Moments (Debye-Ang)
        XX     -12.4602     XY      -0.0986     YY     -11.7395
        XZ      -0.0201     YZ       0.0013     ZZ     -11.7456
    Octopole Moments (Debye-Ang^2)
       XXX     -27.8652    XXY       0.1159    XYY      -6.2296
       YYY       0.0103    XXZ       0.0236    XYZ      -0.0006
       YYZ       0.0007    XZZ      -6.2266    YZZ       0.0033
       ZZZ       0.0020
    Hexadecapole Moments (Debye-Ang^3)
      XXXX     -77.3665   XXXY      -0.1293   XXYY     -12.8496
      XYYY       0.0129   YYYY     -10.9245   XXXZ      -0.0263
      XXYZ       0.0016   XYYZ       0.0008   YYYZ      -0.0008
      XXZZ     -12.8572   XYZZ       0.0044   YYZZ      -3.6403
      XZZZ       0.0027   YZZZ      -0.0008   ZZZZ     -10.9171
 -----------------------------------------------------------------
 Eng[3,2] = -9.34009900e+01
 points done 14/20
 CoordNormalMode -4 , -1 , 0
 ----------------------------------------------------------------
             Standard Nuclear Orientation (Angstroms)
    I     Atom           X                Y                Z
 ----------------------------------------------------------------
    1      C       1.1596459207     0.0007470125    -0.0036711885
    2      N      -0.0122356179    -0.0013909054     0.0068355961
    3      H      -1.0741818542     0.0104311196    -0.0512636733
 ----------------------------------------------------------------
 Nuclear Repulsion Energy =          23.86856937 hartrees
 There are        7 alpha and        7 beta electrons

                       Distance Matrix (Angstroms)
             C (  1)   N (  2)
   N (  2)  1.171931
   H (  3)  2.234356  1.063600

 Requested basis set is cc-pVDZ
 There are 15 shells and 33 basis functions
 A cutoff of  1.0D-14 yielded    120 shell pairs
 There are       596 function pairs (       675 Cartesian)
 Smallest overlap matrix eigenvalue = 8.67E-03
 Guess MOs from SCF MO coefficient file

 -----------------------------------------------------------------------
  General SCF calculation program by
  Eric Jon Sundstrom, Paul Horn, Yuezhi Mao, Dmitri Zuev, Alec White,
  David Stuck, Shaama M.S., Shane Yost, Joonho Lee, David Small,
  Daniel Levine, Susi Lehtola, Hugh Burton, Evgeny Epifanovsky,
  Bang C. Huynh
 -----------------------------------------------------------------------
 Exchange:     0.2000 Hartree-Fock + 0.0800 Slater + 0.7200 B88
 Correlation:  0.1900 VWN1RPA + 0.8100 LYP
 Using Euler-Maclaurin-Lebedev (99,590) quadrature formula
Added inc_jk
Added qchem_hcore
Added xc
Added P-dependent contribution
 A restricted SCF calculation will be
 performed using GDM
 SCF converges when RMS gradient is below 1.0e-10
 User-specified cutoff of 10e-14
 used for neglect of 2-electron integrals.
 A cutoff of 10e-14
 used for neglect of overlap integrals.
 Incremental Fock algorithm is on at the start.
 ---------------------------------------
  Cycle       Energy        RMS Gradient
 ---------------------------------------
    1     -93.4006472510      1.67e-02   Normal BFGS step
    2     -93.4028207148      1.01e-02   Normal BFGS step
    3     -93.4032802021      5.51e-03   Normal BFGS step
    4     -93.4032792877      7.15e-03   Normal BFGS step
    5     -93.4033272228      1.15e-03   Normal BFGS step
    6     -93.4033329824      4.36e-04   Normal BFGS step
    7     -93.4033335041      4.23e-05   Normal BFGS step
    8     -93.4033335079      4.80e-06   Normal BFGS step
    9     -93.4033335081      1.82e-06   Normal BFGS step
   10     -93.4033335081      2.60e-07   Normal BFGS step
   11     -93.4033335081      3.34e-08   Normal BFGS step
   12     -93.4033335081      2.72e-08   Normal BFGS step
   13     -93.4033335081      1.55e-08   Normal BFGS step
   14     -93.4033335081      3.99e-10   Normal BFGS step
   15     -93.4033335081      2.96e-10   Normal BFGS step
  GDM::WARNING energy changes are now smaller than effective accuracy.
  GDM::        calculation will continue, but THRESH should be increased
  GDM::        or SCF_CONVERGENCE decreased. 
  GDM::        effective_thresh = 2.71e-09
   16     -93.4033335081      7.70e-11  Convergence criterion met
 ---------------------------------------
 SCF time:   CPU 6.61s  wall 1.00s 
 SCF   energy =   -93.40333351
 Total energy =   -93.40333351
 Integrated density by DFT XC:
   Number of electrons = 14
   Numerical integral  =    14.000000008328
   Relative error      =     0.0000000595 %

 --------------------------------------------------------------

                    Orbital Energies (a.u.)
 --------------------------------------------------------------

 Alpha MOs
 -- Occupied --
-14.3751 -10.2361  -0.9429  -0.6469  -0.3732  -0.3731  -0.3138
 -- Virtual --
  0.0202   0.0247   0.0305   0.2986   0.3763   0.4954   0.4954   0.6005
  0.7376   0.7382   0.8190   1.1177   1.1309   1.1370   1.1382   1.1725
  1.3197   1.5650   1.5657   1.8349   1.8349   1.9710   2.1112   2.4924
  2.4952   3.4308
 --------------------------------------------------------------

          Ground-State Mulliken Net Atomic Charges

     Atom                 Charge (a.u.)
  ----------------------------------------
      1 C                    -0.095304
      2 N                    -0.066527
      3 H                     0.161832
  ----------------------------------------
  Sum of atomic charges =     0.000000

 -----------------------------------------------------------------
                    Cartesian Multipole Moments
 -----------------------------------------------------------------
    Charge (ESU x 10^10)
                -0.0000
    Dipole Moment (Debye)
         X      -3.1569      Y       0.0211      Z      -0.1036
       Tot       3.1586
    Quadrupole Moments (Debye-Ang)
        XX     -12.5998     XY      -0.0220     YY     -11.6302
        XZ       0.1079     YZ      -0.0013     ZZ     -11.6243
    Octopole Moments (Debye-Ang^2)
       XXX     -28.1769    XXY       0.0222    XYY      -6.1730
       YYY      -0.0000    XXZ      -0.1089    XYZ       0.0008
       YYZ       0.0000    XZZ      -6.1768    YZZ       0.0001
       ZZZ      -0.0002
    Hexadecapole Moments (Debye-Ang^3)
      XXXX     -75.1545   XXXY      -0.0321   XXYY     -12.4861
      XYYY       0.0031   YYYY     -10.6956   XXXZ       0.1578
      XXYZ      -0.0016   XYYZ      -0.0051   YYYZ       0.0009
      XXZZ     -12.4787   XYZZ       0.0010   YYZZ      -3.5666
      XZZZ      -0.0151   YZZZ       0.0009   ZZZZ     -10.7038
 -----------------------------------------------------------------
 Eng[-4,-1] = -9.34033335e+01
 points done 15/20
 CoordNormalMode 4 , 1 , 0
 ----------------------------------------------------------------
             Standard Nuclear Orientation (Angstroms)
    I     Atom           X                Y                Z
 ----------------------------------------------------------------
    1      C       1.1621029696    -0.0007470125     0.0036711885
    2      N      -0.0219232385     0.0013909054    -0.0068355961
    3      H      -0.9688348784    -0.0104311196     0.0512636733
 ----------------------------------------------------------------
 Nuclear Repulsion Energy =          24.16417284 hartrees
 There are        7 alpha and        7 beta electrons

                       Distance Matrix (Angstroms)
             C (  1)   N (  2)
   N (  2)  1.184075
   H (  3)  2.131491  0.948766

 Requested basis set is cc-pVDZ
 There are 15 shells and 33 basis functions
 A cutoff of  1.0D-14 yielded    120 shell pairs
 There are       596 function pairs (       675 Cartesian)
 Smallest overlap matrix eigenvalue = 8.70E-03
 Guess MOs from SCF MO coefficient file

 -----------------------------------------------------------------------
  General SCF calculation program by
  Eric Jon Sundstrom, Paul Horn, Yuezhi Mao, Dmitri Zuev, Alec White,
  David Stuck, Shaama M.S., Shane Yost, Joonho Lee, David Small,
  Daniel Levine, Susi Lehtola, Hugh Burton, Evgeny Epifanovsky,
  Bang C. Huynh
 -----------------------------------------------------------------------
 Exchange:     0.2000 Hartree-Fock + 0.0800 Slater + 0.7200 B88
 Correlation:  0.1900 VWN1RPA + 0.8100 LYP
 Using Euler-Maclaurin-Lebedev (99,590) quadrature formula
Added inc_jk
Added qchem_hcore
Added xc
Added P-dependent contribution
 A restricted SCF calculation will be
 performed using GDM
 SCF converges when RMS gradient is below 1.0e-10
 User-specified cutoff of 10e-14
 used for neglect of 2-electron integrals.
 A cutoff of 10e-14
 used for neglect of overlap integrals.
 Incremental Fock algorithm is on at the start.
 ---------------------------------------
  Cycle       Energy        RMS Gradient
 ---------------------------------------
    1     -93.3984696685      3.27e-02   Normal BFGS step
    2     -93.4017670750      3.58e-02   Normal BFGS step
    3     -93.4013956324      3.53e-02  Line search: overstep
    4     -93.4027420960      9.64e-03   Normal BFGS step
    5     -93.4029274957      3.11e-03   Normal BFGS step
    6     -93.4029519883      6.22e-04   Normal BFGS step
    7     -93.4029536107      2.20e-04   Normal BFGS step
    8     -93.4029538387      1.08e-05   Normal BFGS step
    9     -93.4029538394      1.41e-06   Normal BFGS step
   10     -93.4029538394      4.91e-07   Normal BFGS step
   11     -93.4029538394      1.86e-07   Normal BFGS step
   12     -93.4029538394      2.56e-08   Normal BFGS step
   13     -93.4029538394      3.88e-08   Normal BFGS step
   14     -93.4029538394      3.10e-09   Normal BFGS step
   15     -93.4029538394      1.58e-09   Normal BFGS step
   16     -93.4029538394      2.66e-10   Normal BFGS step
  GDM::WARNING energy changes are now smaller than effective accuracy.
  GDM::        calculation will continue, but THRESH should be increased
  GDM::        or SCF_CONVERGENCE decreased. 
  GDM::        effective_thresh = 3.79e-09
   17     -93.4029538394      1.17e-10   Normal BFGS step
   18     -93.4029538394      3.05e-12  Convergence criterion met
 ---------------------------------------
 SCF time:   CPU 7.36s  wall 1.00s 
 SCF   energy =   -93.40295384
 Total energy =   -93.40295384
 Integrated density by DFT XC:
   Number of electrons = 14
   Numerical integral  =    14.000000005671
   Relative error      =     0.0000000405 %

 --------------------------------------------------------------

                    Orbital Energies (a.u.)
 --------------------------------------------------------------

 Alpha MOs
 -- Occupied --
-14.3710 -10.2440  -0.9496  -0.6811  -0.3751  -0.3749  -0.3189
 -- Virtual --
  0.0150   0.0157   0.0607   0.3053   0.4021   0.4935   0.4935   0.6021
  0.7417   0.7423   0.8311   1.1103   1.1205   1.1339   1.1343   1.1866
  1.3487   1.6122   1.6132   1.8270   1.8270   1.9612   2.3039   2.5524
  2.5565   3.5516
 --------------------------------------------------------------

          Ground-State Mulliken Net Atomic Charges

     Atom                 Charge (a.u.)
  ----------------------------------------
      1 C                    -0.085744
      2 N                    -0.002324
      3 H                     0.088068
  ----------------------------------------
  Sum of atomic charges =     0.000000

 -----------------------------------------------------------------
                    Cartesian Multipole Moments
 -----------------------------------------------------------------
    Charge (ESU x 10^10)
                 0.0000
    Dipole Moment (Debye)
         X      -2.8973      Y      -0.0210      Z       0.1033
       Tot       2.8992
    Quadrupole Moments (Debye-Ang)
        XX     -12.9015     XY       0.0191     YY     -11.5289
        XZ      -0.0938     YZ      -0.0013     ZZ     -11.5229
    Octopole Moments (Debye-Ang^2)
       XXX     -27.6161    XXY      -0.0174    XYY      -6.2453
       YYY      -0.0030    XXZ       0.0856    XYZ       0.0005
       YYZ       0.0049    XZZ      -6.2477    YZZ      -0.0011
       ZZZ       0.0150
    Hexadecapole Moments (Debye-Ang^3)
      XXXX     -75.4720   XXXY       0.0246   XXYY     -12.2976
      XYYY      -0.0001   YYYY     -10.5725   XXXZ      -0.1208
      XXYZ      -0.0013   XYYZ       0.0001   YYYZ       0.0008
      XXZZ     -12.2914   XYZZ       0.0000   YYZZ      -3.5254
      XZZZ       0.0000   YZZZ       0.0007   ZZZZ     -10.5796
 -----------------------------------------------------------------
 Eng[4,1] = -9.34029538e+01
 points done 16/20
 CoordNormalMode -4 , -2 , 0
 ----------------------------------------------------------------
             Standard Nuclear Orientation (Angstroms)
    I     Atom           X                Y                Z
 ----------------------------------------------------------------
    1      C       1.1596459207    -0.0036711885    -0.0007470125
    2      N      -0.0122356179     0.0068355961     0.0013909054
    3      H      -1.0741818542    -0.0512636733    -0.0104311196
 ----------------------------------------------------------------
 Nuclear Repulsion Energy =          23.86856937 hartrees
 There are        7 alpha and        7 beta electrons

                       Distance Matrix (Angstroms)
             C (  1)   N (  2)
   N (  2)  1.171931
   H (  3)  2.234356  1.063600

 Requested basis set is cc-pVDZ
 There are 15 shells and 33 basis functions
 A cutoff of  1.0D-14 yielded    120 shell pairs
 There are       596 function pairs (       675 Cartesian)
 Smallest overlap matrix eigenvalue = 8.67E-03
 Guess MOs from SCF MO coefficient file

 -----------------------------------------------------------------------
  General SCF calculation program by
  Eric Jon Sundstrom, Paul Horn, Yuezhi Mao, Dmitri Zuev, Alec White,
  David Stuck, Shaama M.S., Shane Yost, Joonho Lee, David Small,
  Daniel Levine, Susi Lehtola, Hugh Burton, Evgeny Epifanovsky,
  Bang C. Huynh
 -----------------------------------------------------------------------
 Exchange:     0.2000 Hartree-Fock + 0.0800 Slater + 0.7200 B88
 Correlation:  0.1900 VWN1RPA + 0.8100 LYP
 Using Euler-Maclaurin-Lebedev (99,590) quadrature formula
Added inc_jk
Added qchem_hcore
Added xc
Added P-dependent contribution
 A restricted SCF calculation will be
 performed using GDM
 SCF converges when RMS gradient is below 1.0e-10
 User-specified cutoff of 10e-14
 used for neglect of 2-electron integrals.
 A cutoff of 10e-14
 used for neglect of overlap integrals.
 Incremental Fock algorithm is on at the start.
 ---------------------------------------
  Cycle       Energy        RMS Gradient
 ---------------------------------------
    1     -93.3993465705      3.13e-02   Normal BFGS step
    2     -93.4027218267      2.38e-02   Normal BFGS step
    3     -93.4022844128      3.12e-02  Line search: overstep
    4     -93.4032214632      6.77e-03   Normal BFGS step
    5     -93.4033106362      2.35e-03   Normal BFGS step
    6     -93.4033317149      5.32e-04   Normal BFGS step
    7     -93.4033333607      1.57e-04   Normal BFGS step
    8     -93.4033335071      1.10e-05   Normal BFGS step
    9     -93.4033335080      4.01e-06   Normal BFGS step
   10     -93.4033335081      9.55e-07   Normal BFGS step
   11     -93.4033335081      1.36e-07   Normal BFGS step
   12     -93.4033335081      1.45e-08   Normal BFGS step
   13     -93.4033335081      2.85e-09   Normal BFGS step
   14     -93.4033335081      5.14e-09   Normal BFGS step
   15     -93.4033335081      1.14e-09   Normal BFGS step
   16     -93.4033335081      6.16e-10   Normal BFGS step
   17     -93.4033335081      7.07e-11  Convergence criterion met
 ---------------------------------------
 SCF time:   CPU 6.98s  wall 1.00s 
 SCF   energy =   -93.40333351
 Total energy =   -93.40333351
 Integrated density by DFT XC:
   Number of electrons = 14
   Numerical integral  =    14.000000008328
   Relative error      =     0.0000000595 %

 --------------------------------------------------------------

                    Orbital Energies (a.u.)
 --------------------------------------------------------------

 Alpha MOs
 -- Occupied --
-14.3751 -10.2361  -0.9429  -0.6469  -0.3732  -0.3731  -0.3138
 -- Virtual --
  0.0202   0.0247   0.0305   0.2986   0.3763   0.4954   0.4954   0.6005
  0.7376   0.7382   0.8190   1.1177   1.1309   1.1370   1.1382   1.1725
  1.3197   1.5650   1.5657   1.8349   1.8349   1.9710   2.1112   2.4924
  2.4952   3.4308
 --------------------------------------------------------------

          Ground-State Mulliken Net Atomic Charges

     Atom                 Charge (a.u.)
  ----------------------------------------
      1 C                    -0.095304
      2 N                    -0.066527
      3 H                     0.161832
  ----------------------------------------
  Sum of atomic charges =     0.000000

 -----------------------------------------------------------------
                    Cartesian Multipole Moments
 -----------------------------------------------------------------
    Charge (ESU x 10^10)
                -0.0000
    Dipole Moment (Debye)
         X      -3.1569      Y      -0.1036      Z      -0.0211
       Tot       3.1586
    Quadrupole Moments (Debye-Ang)
        XX     -12.5998     XY       0.1079     YY     -11.6243
        XZ       0.0220     YZ       0.0013     ZZ     -11.6302
    Octopole Moments (Debye-Ang^2)
       XXX     -28.1769    XXY      -0.1089    XYY      -6.1768
       YYY      -0.0002    XXZ      -0.0222    XYZ      -0.0008
       YYZ      -0.0001    XZZ      -6.1730    YZZ       0.0000
       ZZZ       0.0000
    Hexadecapole Moments (Debye-Ang^3)
      XXXX     -75.1545   XXXY       0.1578   XXYY     -12.4787
      XYYY      -0.0151   YYYY     -10.7038   XXXZ       0.0321
      XXYZ       0.0016   XYYZ      -0.0010   YYYZ      -0.0009
      XXZZ     -12.4861   XYZZ      -0.0051   YYZZ      -3.5666
      XZZZ      -0.0031   YZZZ      -0.0009   ZZZZ     -10.6956
 -----------------------------------------------------------------
 Eng[-4,-2] = -9.34033335e+01
 points done 17/20
 CoordNormalMode 4 , 2 , 0
 ----------------------------------------------------------------
             Standard Nuclear Orientation (Angstroms)
    I     Atom           X                Y                Z
 ----------------------------------------------------------------
    1      C       1.1621029696     0.0036711885     0.0007470125
    2      N      -0.0219232385    -0.0068355961    -0.0013909054
    3      H      -0.9688348784     0.0512636733     0.0104311196
 ----------------------------------------------------------------
 Nuclear Repulsion Energy =          24.16417284 hartrees
 There are        7 alpha and        7 beta electrons

                       Distance Matrix (Angstroms)
             C (  1)   N (  2)
   N (  2)  1.184075
   H (  3)  2.131491  0.948766

 Requested basis set is cc-pVDZ
 There are 15 shells and 33 basis functions
 A cutoff of  1.0D-14 yielded    120 shell pairs
 There are       596 function pairs (       675 Cartesian)
 Smallest overlap matrix eigenvalue = 8.70E-03
 Guess MOs from SCF MO coefficient file

 -----------------------------------------------------------------------
  General SCF calculation program by
  Eric Jon Sundstrom, Paul Horn, Yuezhi Mao, Dmitri Zuev, Alec White,
  David Stuck, Shaama M.S., Shane Yost, Joonho Lee, David Small,
  Daniel Levine, Susi Lehtola, Hugh Burton, Evgeny Epifanovsky,
  Bang C. Huynh
 -----------------------------------------------------------------------
 Exchange:     0.2000 Hartree-Fock + 0.0800 Slater + 0.7200 B88
 Correlation:  0.1900 VWN1RPA + 0.8100 LYP
 Using Euler-Maclaurin-Lebedev (99,590) quadrature formula
Added inc_jk
Added qchem_hcore
Added xc
Added P-dependent contribution
 A restricted SCF calculation will be
 performed using GDM
 SCF converges when RMS gradient is below 1.0e-10
 User-specified cutoff of 10e-14
 used for neglect of 2-electron integrals.
 A cutoff of 10e-14
 used for neglect of overlap integrals.
 Incremental Fock algorithm is on at the start.
 ---------------------------------------
  Cycle       Energy        RMS Gradient
 ---------------------------------------
    1     -93.3984696685      3.27e-02   Normal BFGS step
    2     -93.4017670750      3.58e-02   Normal BFGS step
    3     -93.4013956324      3.53e-02  Line search: overstep
    4     -93.4027420960      9.64e-03   Normal BFGS step
    5     -93.4029274957      3.11e-03   Normal BFGS step
    6     -93.4029519883      6.22e-04   Normal BFGS step
    7     -93.4029536107      2.20e-04   Normal BFGS step
    8     -93.4029538387      1.08e-05   Normal BFGS step
    9     -93.4029538394      1.41e-06   Normal BFGS step
   10     -93.4029538394      4.91e-07   Normal BFGS step
   11     -93.4029538394      1.86e-07   Normal BFGS step
   12     -93.4029538394      2.56e-08   Normal BFGS step
   13     -93.4029538394      3.88e-08   Normal BFGS step
   14     -93.4029538394      3.10e-09   Normal BFGS step
   15     -93.4029538394      1.58e-09   Normal BFGS step
   16     -93.4029538394      2.66e-10   Normal BFGS step
   17     -93.4029538394      1.17e-10   Normal BFGS step
  GDM::WARNING energy changes are now smaller than effective accuracy.
  GDM::        calculation will continue, but THRESH should be increased
  GDM::        or SCF_CONVERGENCE decreased. 
  GDM::        effective_thresh = 3.61e-09
   18     -93.4029538394      3.05e-12  Convergence criterion met
 ---------------------------------------
 SCF time:   CPU 7.34s  wall 1.00s 
 SCF   energy =   -93.40295384
 Total energy =   -93.40295384
 Integrated density by DFT XC:
   Number of electrons = 14
   Numerical integral  =    14.000000005671
   Relative error      =     0.0000000405 %

 --------------------------------------------------------------

                    Orbital Energies (a.u.)
 --------------------------------------------------------------

 Alpha MOs
 -- Occupied --
-14.3710 -10.2440  -0.9496  -0.6811  -0.3751  -0.3749  -0.3189
 -- Virtual --
  0.0150   0.0157   0.0607   0.3053   0.4021   0.4935   0.4935   0.6021
  0.7417   0.7423   0.8311   1.1103   1.1205   1.1339   1.1343   1.1866
  1.3487   1.6122   1.6132   1.8270   1.8270   1.9612   2.3039   2.5524
  2.5565   3.5516
 --------------------------------------------------------------

          Ground-State Mulliken Net Atomic Charges

     Atom                 Charge (a.u.)
  ----------------------------------------
      1 C                    -0.085744
      2 N                    -0.002324
      3 H                     0.088068
  ----------------------------------------
  Sum of atomic charges =     0.000000

 -----------------------------------------------------------------
                    Cartesian Multipole Moments
 -----------------------------------------------------------------
    Charge (ESU x 10^10)
                -0.0000
    Dipole Moment (Debye)
         X      -2.8973      Y       0.1033      Z       0.0210
       Tot       2.8992
    Quadrupole Moments (Debye-Ang)
        XX     -12.9015     XY      -0.0938     YY     -11.5229
        XZ      -0.0191     YZ       0.0013     ZZ     -11.5289
    Octopole Moments (Debye-Ang^2)
       XXX     -27.6161    XXY       0.0856    XYY      -6.2477
       YYY       0.0150    XXZ       0.0174    XYZ      -0.0005
       YYZ       0.0011    XZZ      -6.2453    YZZ       0.0049
       ZZZ       0.0030
    Hexadecapole Moments (Debye-Ang^3)
      XXXX     -75.4720   XXXY      -0.1208   XXYY     -12.2914
      XYYY       0.0000   YYYY     -10.5796   XXXZ      -0.0246
      XXYZ       0.0013   XYYZ      -0.0000   YYYZ      -0.0007
      XXZZ     -12.2976   XYZZ       0.0001   YYZZ      -3.5254
      XZZZ       0.0001   YZZZ      -0.0008   ZZZZ     -10.5725
 -----------------------------------------------------------------
 Eng[4,2] = -9.34029538e+01
 points done 18/20
 CoordNormalMode -4 , -3 , 0
 ----------------------------------------------------------------
             Standard Nuclear Orientation (Angstroms)
    I     Atom           X                Y                Z
 ----------------------------------------------------------------
    1      C       1.1299177324     0.0000000000     0.0000000000
    2      N       0.0105505248    -0.0000000000    -0.0000000000
    3      H      -1.0368121523     0.0000000000     0.0000000000
 ----------------------------------------------------------------
 Nuclear Repulsion Energy =          24.85746602 hartrees
 There are        7 alpha and        7 beta electrons

                       Distance Matrix (Angstroms)
             C (  1)   N (  2)
   N (  2)  1.119367
   H (  3)  2.166730  1.047363

 Requested basis set is cc-pVDZ
 There are 15 shells and 33 basis functions
 A cutoff of  1.0D-14 yielded    120 shell pairs
 There are       596 function pairs (       675 Cartesian)
 Smallest overlap matrix eigenvalue = 7.57E-03
 Guess MOs from SCF MO coefficient file

 -----------------------------------------------------------------------
  General SCF calculation program by
  Eric Jon Sundstrom, Paul Horn, Yuezhi Mao, Dmitri Zuev, Alec White,
  David Stuck, Shaama M.S., Shane Yost, Joonho Lee, David Small,
  Daniel Levine, Susi Lehtola, Hugh Burton, Evgeny Epifanovsky,
  Bang C. Huynh
 -----------------------------------------------------------------------
 Exchange:     0.2000 Hartree-Fock + 0.0800 Slater + 0.7200 B88
 Correlation:  0.1900 VWN1RPA + 0.8100 LYP
 Using Euler-Maclaurin-Lebedev (99,590) quadrature formula
Added inc_jk
Added qchem_hcore
Added xc
Added P-dependent contribution
 A restricted SCF calculation will be
 performed using GDM
 SCF converges when RMS gradient is below 1.0e-10
 User-specified cutoff of 10e-14
 used for neglect of 2-electron integrals.
 A cutoff of 10e-14
 used for neglect of overlap integrals.
 Incremental Fock algorithm is on at the start.
 ---------------------------------------
  Cycle       Energy        RMS Gradient
 ---------------------------------------
    1     -93.3917572912      2.88e-02   Normal BFGS step
    2     -93.3955195704      1.76e-02   Normal BFGS step
    3     -93.3963452083      1.55e-02   Normal BFGS step
    4     -93.3963975377      9.99e-03   Normal BFGS step
    5     -93.3966170405      1.82e-03   Normal BFGS step
    6     -93.3966254354      5.55e-04   Normal BFGS step
    7     -93.3966261636      2.28e-05   Normal BFGS step
    8     -93.3966261669      4.04e-06   Normal BFGS step
    9     -93.3966261670      1.53e-06   Normal BFGS step
   10     -93.3966261670      4.41e-07   Normal BFGS step
   11     -93.3966261670      2.01e-08   Normal BFGS step
   12     -93.3966261670      1.56e-08   Normal BFGS step
   13     -93.3966261670      6.39e-09   Normal BFGS step
   14     -93.3966261670      4.84e-10   Normal BFGS step
   15     -93.3966261670      2.22e-10   Normal BFGS step
   16     -93.3966261670      1.16e-10   Normal BFGS step
   17     -93.3966261670      1.26e-11  Convergence criterion met
 ---------------------------------------
 SCF time:   CPU 7.02s  wall 2.00s 
 SCF   energy =   -93.39662617
 Total energy =   -93.39662617
 Integrated density by DFT XC:
   Number of electrons = 14
   Numerical integral  =    13.999999987178
   Relative error      =     0.0000000916 %

 --------------------------------------------------------------

                    Orbital Energies (a.u.)
 --------------------------------------------------------------

 Alpha MOs
 -- Occupied --
-14.3687 -10.2182  -0.9632  -0.6563  -0.3867  -0.3867  -0.3035
 -- Virtual --
  0.0308   0.0442   0.0442   0.2916   0.3999   0.4918   0.4918   0.6026
  0.7401   0.7401   0.8681   1.1337   1.1337   1.1529   1.1529   1.2075
  1.3155   1.6018   1.6018   1.8495   1.8495   2.0466   2.1900   2.5375
  2.5375   3.5545
 --------------------------------------------------------------

          Ground-State Mulliken Net Atomic Charges

     Atom                 Charge (a.u.)
  ----------------------------------------
      1 C                    -0.133795
      2 N                    -0.013748
      3 H                     0.147543
  ----------------------------------------
  Sum of atomic charges =     0.000000

 -----------------------------------------------------------------
                    Cartesian Multipole Moments
 -----------------------------------------------------------------
    Charge (ESU x 10^10)
                 0.0000
    Dipole Moment (Debye)
         X      -3.3124      Y       0.0000      Z       0.0000
       Tot       3.3124
    Quadrupole Moments (Debye-Ang)
        XX     -12.8750     XY       0.0000     YY     -11.4525
        XZ       0.0000     YZ       0.0000     ZZ     -11.4525
    Octopole Moments (Debye-Ang^2)
       XXX     -28.1094    XXY       0.0000    XYY      -6.1563
       YYY       0.0000    XXZ       0.0000    XYZ       0.0000
       YYZ       0.0000    XZZ      -6.1563    YZZ       0.0000
       ZZZ       0.0000
    Hexadecapole Moments (Debye-Ang^3)
      XXXX     -73.0512   XXXY       0.0000   XXYY     -12.0231
      XYYY       0.0000   YYYY     -10.3904   XXXZ       0.0000
      XXYZ       0.0000   XYYZ       0.0000   YYYZ       0.0000
      XXZZ     -12.0231   XYZZ       0.0000   YYZZ      -3.4635
      XZZZ       0.0000   YZZZ       0.0000   ZZZZ     -10.3904
 -----------------------------------------------------------------
 Eng[-4,-3] = -9.33966262e+01
 points done 19/20
 CoordNormalMode 4 , 3 , 0
 ----------------------------------------------------------------
             Standard Nuclear Orientation (Angstroms)
    I     Atom           X                Y                Z
 ----------------------------------------------------------------
    1      C       1.1918311578    -0.0000000000    -0.0000000000
    2      N      -0.0447093813     0.0000000000     0.0000000000
    3      H      -1.0062045803    -0.0000000000    -0.0000000000
 ----------------------------------------------------------------
 Nuclear Repulsion Energy =          23.27097310 hartrees
 There are        7 alpha and        7 beta electrons

                       Distance Matrix (Angstroms)
             C (  1)   N (  2)
   N (  2)  1.236541
   H (  3)  2.198036  0.961495

 Requested basis set is cc-pVDZ
 There are 15 shells and 33 basis functions
 A cutoff of  1.0D-14 yielded    120 shell pairs
 There are       596 function pairs (       675 Cartesian)
 Smallest overlap matrix eigenvalue = 9.90E-03
 Guess MOs from SCF MO coefficient file

 -----------------------------------------------------------------------
  General SCF calculation program by
  Eric Jon Sundstrom, Paul Horn, Yuezhi Mao, Dmitri Zuev, Alec White,
  David Stuck, Shaama M.S., Shane Yost, Joonho Lee, David Small,
  Daniel Levine, Susi Lehtola, Hugh Burton, Evgeny Epifanovsky,
  Bang C. Huynh
 -----------------------------------------------------------------------
 Exchange:     0.2000 Hartree-Fock + 0.0800 Slater + 0.7200 B88
 Correlation:  0.1900 VWN1RPA + 0.8100 LYP
 Using Euler-Maclaurin-Lebedev (99,590) quadrature formula
Added inc_jk
Added qchem_hcore
Added xc
Added P-dependent contribution
 A restricted SCF calculation will be
 performed using GDM
 SCF converges when RMS gradient is below 1.0e-10
 User-specified cutoff of 10e-14
 used for neglect of 2-electron integrals.
 A cutoff of 10e-14
 used for neglect of overlap integrals.
 Incremental Fock algorithm is on at the start.
 ---------------------------------------
  Cycle       Energy        RMS Gradient
 ---------------------------------------
    1     -93.3895529382      3.68e-02   Normal BFGS step
    2     -93.3959035361      2.44e-02   Normal BFGS step
    3     -93.3975331485      2.54e-02   Normal BFGS step
    4     -93.3971903331      2.36e-02  Line search: overstep
    5     -93.3979803645      6.34e-03   Normal BFGS step
    6     -93.3980822936      1.60e-03   Normal BFGS step
    7     -93.3980891074      9.34e-05   Normal BFGS step
    8     -93.3980891514      2.82e-05   Normal BFGS step
    9     -93.3980891542      6.46e-07   Normal BFGS step
   10     -93.3980891542      6.71e-08   Normal BFGS step
   11     -93.3980891542      6.58e-09   Normal BFGS step
   12     -93.3980891542      1.48e-08   Normal BFGS step
   13     -93.3980891542      9.72e-10   Normal BFGS step
   14     -93.3980891542      3.74e-10   Normal BFGS step
   15     -93.3980891542      6.66e-11  Convergence criterion met
 ---------------------------------------
 SCF time:   CPU 6.24s  wall 1.00s 
 SCF   energy =   -93.39808915
 Total energy =   -93.39808915
 Integrated density by DFT XC:
   Number of electrons = 14
   Numerical integral  =    13.999999948980
   Relative error      =     0.0000003644 %

 --------------------------------------------------------------

                    Orbital Energies (a.u.)
 --------------------------------------------------------------

 Alpha MOs
 -- Occupied --
-14.3764 -10.2612  -0.9304  -0.6710  -0.3625  -0.3625  -0.3288
 -- Virtual --
 -0.0021  -0.0021   0.0576   0.3084   0.3723   0.4955   0.4955   0.5962
  0.7421   0.7421   0.7919   1.1020   1.1020   1.1365   1.1365   1.1439
  1.3503   1.5822   1.5822   1.8100   1.8100   1.8823   2.2523   2.5128
  2.5128   3.4497
 --------------------------------------------------------------

          Ground-State Mulliken Net Atomic Charges

     Atom                 Charge (a.u.)
  ----------------------------------------
      1 C                    -0.049916
      2 N                    -0.051669
      3 H                     0.101585
  ----------------------------------------
  Sum of atomic charges =     0.000000

 -----------------------------------------------------------------
                    Cartesian Multipole Moments
 -----------------------------------------------------------------
    Charge (ESU x 10^10)
                 0.0000
    Dipole Moment (Debye)
         X      -2.7435      Y      -0.0000      Z      -0.0000
       Tot       2.7435
    Quadrupole Moments (Debye-Ang)
        XX     -12.6056     XY      -0.0000     YY     -11.6902
        XZ       0.0000     YZ      -0.0000     ZZ     -11.6902
    Octopole Moments (Debye-Ang^2)
       XXX     -27.5830    XXY      -0.0000    XYY      -6.2628
       YYY      -0.0000    XXZ      -0.0000    XYZ       0.0000
       YYZ      -0.0000    XZZ      -6.2628    YZZ      -0.0000
       ZZZ      -0.0000
    Hexadecapole Moments (Debye-Ang^3)
      XXXX     -77.5158   XXXY      -0.0000   XXYY     -12.7576
      XYYY      -0.0000   YYYY     -10.8478   XXXZ       0.0000
      XXYZ       0.0000   XYYZ       0.0000   YYYZ      -0.0000
      XXZZ     -12.7576   XYZZ      -0.0000   YYZZ      -3.6159
      XZZZ       0.0000   YZZZ      -0.0000   ZZZZ     -10.8478
 -----------------------------------------------------------------
 Eng[4,3] = -9.33980892e+01
 points done 20/20
 derivatives time:           CPU  150.82 s  wall   25.19 s
 ======================================================================
 ======================================================================
      ANHARMONIC CUBIC & QUARTIC FORCE FIELD (CM**-1)                  
 ______________________________________________________________________
 Eta[1,1,1]=-0.00,
 Eta[1,1,1,1]=5087.27,
 Eta[1,1,2]=0.00,
 Eta[1,1,1,2]=16.04,
 Eta[1,1,2,2]=1666.51,
 Eta[1,1,3]=198.41,
 Eta[1,1,1,3]=0.00,
 Eta[1,1,3,3]=-48.75,
 Eta[1,1,4]=-2470.59,
 Eta[1,1,1,4]=0.00,
 Eta[1,1,4,4]=-2115.33,
 Eta[2,2,2]=0.00,
 Eta[2,2,2,2]=5087.27,
 Eta[2,2,1]=0.00,
 Eta[2,2,2,1]=-16.04,
 Eta[2,2,3]=198.41,
 Eta[2,2,2,3]=0.00,
 Eta[2,2,3,3]=-48.75,
 Eta[2,2,4]=-2470.59,
 Eta[2,2,2,4]=0.00,
 Eta[2,2,4,4]=-2115.33,
 Eta[3,3,3]=-642.32,
 Eta[3,3,3,3]=166.11,
 Eta[3,3,1]=0.00,
 Eta[3,3,3,1]=-0.00,
 Eta[3,3,2]=-0.00,
 Eta[3,3,3,2]=0.00,
 Eta[3,3,4]=-96.47,
 Eta[3,3,3,4]=33.05,
 Eta[3,3,4,4]=29.26,
 Eta[4,4,4]=2294.21,
 Eta[4,4,4,4]=1285.15,
 Eta[4,4,1]=0.00,
 Eta[4,4,4,1]=-0.00,
 Eta[4,4,2]=0.00,
 Eta[4,4,4,2]=0.00,
 Eta[4,4,3]=-338.45,
 Eta[4,4,4,3]=-170.71,
 ----------------------------------------------------------------
             Standard Nuclear Orientation (Angstroms)
    I     Atom           X                Y                Z
 ----------------------------------------------------------------
    1      C       1.1608744451     0.0000000000     0.0000000000
    2      N      -0.0170794282     0.0000000000     0.0000000000
    3      H      -1.0215083663     0.0000000000     0.0000000000
 ----------------------------------------------------------------
 Nuclear Repulsion Energy =          24.01060580 hartrees
 There are        7 alpha and        7 beta electrons

 = Finishing finite difference calculation for ANHAR =
 =====================================================
 =====================================================
 Requested basis set is cc-pVDZ
 There are 15 shells and 33 basis functions

 Mass-Weighted Hessian Matrix:


     0.094958   -0.000000   -0.000000   -0.089317    0.000000    0.000000
    -0.000000    0.000386    0.000000    0.000000   -0.000778   -0.000000
    -0.000000    0.000000    0.000386    0.000000   -0.000000   -0.000778
    -0.089317    0.000000    0.000000    0.119498   -0.000000   -0.000000
     0.000000   -0.000778   -0.000000   -0.000000    0.001564    0.000000
     0.000000   -0.000000   -0.000778   -0.000000    0.000000    0.001564
     0.005266    0.000000   -0.000000   -0.137228   -0.000000   -0.000000
    -0.000000    0.001566    0.000000   -0.000000   -0.003146   -0.000000
    -0.000000    0.000000    0.001566   -0.000000   -0.000000   -0.003146


     0.005266   -0.000000   -0.000000
     0.000000    0.001566    0.000000
    -0.000000    0.000000    0.001566
    -0.137228   -0.000000   -0.000000
    -0.000000   -0.003146   -0.000000
    -0.000000   -0.000000   -0.003146
     0.493346    0.000000    0.000000
     0.000000    0.006324    0.000000
     0.000000    0.000000    0.006324

 Vectors for Translations and Rotations


     0.666532    0.000000    0.000000    0.000000    0.000000    0.000000
     0.000000    0.666532    0.000000    0.000000    0.000000    0.713480
     0.000000    0.000000    0.666532    0.000000   -0.713480    0.000000
     0.720016    0.000000    0.000000    0.000000    0.000000   -0.000000
     0.000000    0.720016    0.000000    0.000000    0.000000   -0.541039
     0.000000    0.000000    0.720016    0.000000    0.541039   -0.000000
     0.193163    0.000000    0.000000    0.000000    0.000000   -0.000000
     0.000000    0.193163    0.000000    0.000000    0.000000   -0.445223
     0.000000    0.000000    0.193163    0.000000    0.445223   -0.000000

 The Projection Matrix


     0.555735    0.000000    0.000000   -0.479914    0.000000    0.000000
     0.000000    0.046682    0.000000    0.000000   -0.093894    0.000000
     0.000000    0.000000    0.046682    0.000000    0.000000   -0.093894
    -0.479914    0.000000    0.000000    0.481577    0.000000    0.000000
     0.000000   -0.093894    0.000000    0.000000    0.188854    0.000000
     0.000000    0.000000   -0.093894    0.000000    0.000000    0.188854
    -0.128749    0.000000    0.000000   -0.139080    0.000000    0.000000
     0.000000    0.188908    0.000000    0.000000   -0.379963    0.000000
     0.000000    0.000000    0.188908    0.000000    0.000000   -0.379963


    -0.128749    0.000000    0.000000
     0.000000    0.188908    0.000000
     0.000000    0.000000    0.188908
    -0.139080    0.000000    0.000000
     0.000000   -0.379963    0.000000
     0.000000    0.000000   -0.379963
     0.962688    0.000000    0.000000
     0.000000    0.764464    0.000000
     0.000000    0.000000    0.764464

 Translations and Rotations Projected Out of Hessian

 Projected Mass-Weighted Hessian Matrix:


     0.094958   -0.000000   -0.000000   -0.089317    0.000000    0.000000
    -0.000000    0.000386    0.000000   -0.000000   -0.000777   -0.000000
    -0.000000    0.000000    0.000386    0.000000   -0.000000   -0.000777
    -0.089317   -0.000000    0.000000    0.119498    0.000000   -0.000000
     0.000000   -0.000777   -0.000000    0.000000    0.001563    0.000000
     0.000000   -0.000000   -0.000777   -0.000000    0.000000    0.001563
     0.005266    0.000000    0.000000   -0.137228   -0.000000   -0.000000
    -0.000000    0.001564    0.000000   -0.000000   -0.003145   -0.000000
    -0.000000    0.000000    0.001564    0.000000   -0.000000   -0.003145


     0.005266   -0.000000   -0.000000
     0.000000    0.001564    0.000000
     0.000000    0.000000    0.001564
    -0.137228   -0.000000    0.000000
    -0.000000   -0.003145   -0.000000
    -0.000000   -0.000000   -0.003145
     0.493346    0.000000    0.000000
     0.000000    0.006327    0.000000
     0.000000    0.000000    0.006327

 Eigenvectors of Proj. Mass-Weighted Hessian Matrix:


     0.543444    0.020339    0.005613    0.385342    0.000312    0.000000
     0.137886    0.934212   -0.049805   -0.243044    0.001496   -0.043081
    -0.381975    0.166182   -0.580896    0.538701   -0.390075    0.211721
     0.587051    0.021971    0.006063    0.416263    0.000337   -0.000000
    -0.311856    0.290475    0.676437    0.414628   -0.005604    0.086651
    -0.193163    0.082736   -0.284555    0.271560    0.782479   -0.425847
     0.157492    0.005894    0.001627    0.111673    0.000090    0.000000
    -0.189076   -0.086480    0.348519    0.266143   -0.003155   -0.174337
    -0.001618    0.000057    0.002114    0.001854    0.485309    0.856779


     0.000000    0.741601    0.075912
     0.211721   -0.000000    0.000000
     0.043081   -0.000000    0.000000
    -0.000000   -0.614036   -0.323322
    -0.425847    0.000000   -0.000000
    -0.086651    0.000000   -0.000000
    -0.000000   -0.270162    0.943239
     0.856779   -0.000000    0.000000
     0.174337   -0.000000    0.000000

 Vibrational Frequencies in atomic units
    -0.0000000000   -0.0000000000    0.0000000000    0.0000000000    0.0000000000    0.0082769224
     0.0082769224    0.1669935864    0.5408083287
 Vibrational Electric Transition dipole:  1      0.00000000000000   -0.07292996877385    0.35841388298444
 Vibrational Electric Transition dipole:  2      0.00000000000000    0.35841388298444    0.07292996877385
 Vibrational Electric Transition dipole:  3      0.23184952779291   -0.00000000000000   -0.00000000000000
 Vibrational Electric Transition dipole:  4      0.48309599757003    0.00000000000000    0.00000000000000
 **********************************************************************
 **                                                                  **
 **                       VIBRATIONAL ANALYSIS                       **
 **                       --------------------                       **
 **                                                                  **
 **        VIBRATIONAL FREQUENCIES (CM**-1) AND NORMAL MODES         **
 **     FORCE CONSTANTS (mDYN/ANGSTROM) AND REDUCED MASSES (AMU)     **
 **                  INFRARED INTENSITIES (KM/MOL)                   **
 **                                                                  **
 **********************************************************************


 Mode:                 1                      2                      3
 Frequency:       467.67                 467.67                2100.66
 Force Cnst:      0.1661                 0.1661                17.9087
 Red. Mass:       1.2888                 1.2888                 6.8881
 IR Active:          YES                    YES                    YES
 IR Intens:      130.419                130.419                 52.404
 Raman Active:       YES                    YES                    YES
               X      Y      Z        X      Y      Z        X      Y      Z
 C          0.000 -0.014  0.069    0.000  0.069  0.014    0.562 -0.000 -0.000
 N         -0.000  0.026 -0.129   -0.000 -0.129 -0.026   -0.431  0.000  0.000
 H          0.000 -0.197  0.969   -0.000  0.969  0.197   -0.706 -0.000 -0.000
 TransDip   0.000 -0.073  0.358    0.000  0.358  0.073    0.232 -0.000 -0.000

 Mode:                 4
 Frequency:      3780.31
 Force Cnst:      9.4527
 Red. Mass:       1.1227
 IR Active:          YES
 IR Intens:      227.519
 Raman Active:       YES
               X      Y      Z        X      Y      Z        X      Y      Z
 C          0.023  0.000  0.000
 N         -0.092 -0.000 -0.000
 H          0.996  0.000  0.000
 TransDip   0.483  0.000  0.000

 ======================================================================
                     VIBRATIONAL ANHARMONIC ANALYSIS                   
                     -------------------------------                   
 WARNING! Low frequency modes less than  300 are treated as rotation
 No anharmonic shift applied, please see IGNORE_LOW_FREQ for more details.
 WARNING! THESE RESULTS ARE CALCULATED WTIHOUT Eta_ijk AND Eta_ijkl
                                                                       
 TOSH[ 1]   456.57    VPT2[ 1]   456.57
 TOSH[ 2]   456.57    VPT2[ 2]   456.57
 TOSH[ 3]  2065.00    VPT2[ 3]  2065.55
 TOSH[ 4]  3487.81    VPT2[ 4]  3592.75

 ======================================================================

 STANDARD THERMODYNAMIC QUANTITIES AT   298.15 K  AND     1.00 ATM

   This Molecule has  0 Imaginary Frequencies
   Zero point vibrational energy:        9.744 kcal/mol

   Atom    1 Element C  Has Mass   12.00000
   Atom    2 Element N  Has Mass   14.00307
   Atom    3 Element H  Has Mass    1.00783
   Molecular Mass:    27.010900 amu
   Principal axes and moments of inertia in amu*Bohr^2:
                             1           2           3
    Eigenvalues --        0.00000    40.32390    40.32390
          X               1.00000     0.00000     0.00000
          Y               0.00000     1.00000     0.00000
          Z               0.00000     0.00000     1.00000
   Rotational Symmetry Number is   1
   The Molecule is a Symmetric Top
   Translational Enthalpy:        0.889 kcal/mol
   Rotational Enthalpy:           0.889 kcal/mol
   Vibrational Enthalpy:         10.057 kcal/mol
   gas constant (RT):             0.592 kcal/mol
   Translational Entropy:        35.816  cal/mol.K
   Rotational Entropy:          -42.776  cal/mol.K
   Vibrational Entropy:           1.489  cal/mol.K

   Total Enthalpy:               12.427 kcal/mol
   Total Entropy:                -5.471  cal/mol.K

 ======================================================================

 STANDARD THERMODYNAMIC QUANTITIES FOR ANHARMONIC VIBRATION -- TOSH

   Zero point vibrational energy:        9.244 kcal/mol

   Vibrational Enthalpy:          9.568 kcal/mol
   Vibrational Entropy:           1.553  cal/mol.K

   Total Enthalpy:               11.938 kcal/mol
   Total Entropy:                -5.406  cal/mol.K

 ======================================================================

 STANDARD THERMODYNAMIC QUANTITIES FOR ANHARMONIC VIBRATION -- VPT2

   Zero point vibrational energy:        9.394 kcal/mol

   Vibrational Enthalpy:          9.719 kcal/mol
   Vibrational Entropy:           1.553  cal/mol.K

   Total Enthalpy:               12.089 kcal/mol
   Total Entropy:                -5.406  cal/mol.K

 ======================================================================

 Total job time:  29.72s(wall), 182.28s(cpu) 
 Mon Feb 23 14:47:45 2026

        *************************************************************
        *                                                           *
        *  Thank you very much for using Q-Chem.  Have a nice day.  *
        *                                                           *
        *************************************************************


