7.286996606126e-08
5.549685511141e-08
4.861374236498e-08
3.282303850938e-08
2.342954985579e-08
5.966739990981e-09
3.601371645345e-09
1.235014224221e-08
2.129064569090e-08
3.107896873189e-08
2.120173689946e-07
1.822283479669e-07
1.524897470517e-07
1.230047246281e-07
9.325583505415e-08
6.293868182183e-08
3.204559106962e-08
7.100311449904e-10
3.075803078900e-08
6.251025297388e-08
4.046481194564e-07
3.467653186817e-07
2.876425924114e-07
2.277713520016e-07
1.677079239926e-07
1.074935198631e-07
4.667219855037e-08
1.515218173154e-08
7.805010682205e-08
1.416974555468e-07
6.148048328214e-07
5.197259724810e-07
4.241243800607e-07
3.276180109424e-07
2.299079255863e-07
1.309189769927e-07
3.093839495705e-08
6.967434273975e-08
1.706837906568e-07
2.719907001847e-07
8.368784278900e-07
6.964440331103e-07
5.553295636673e-07
4.136188067605e-07
2.714534730330e-07
1.290635509577e-07
1.334586841040e-08
1.556629172228e-07
2.979367081934e-07
4.402582476359e-07
1.046762804435e-06
8.620018547845e-07
6.775731549169e-07
4.940304165757e-07
3.117858682344e-07
1.309101094193e-07
4.889784577244e-08
2.280382886966e-07
4.067235295224e-07
5.848930868524e-07
1.202018665936e-06
9.854279028332e-07
7.708632097092e-07
5.582935500570e-07
3.474777372503e-07
1.381313836646e-07
6.982043032622e-08
2.761503878901e-07
4.805491471416e-07
6.828252594460e-07
1.298230245084e-06
1.061851378381e-06
8.267110729321e-07
5.926164590164e-07
3.597252771215e-07
1.286011297452e-07
1.001550344881e-07
3.261745860073e-07
5.495567734215e-07
7.708337648182e-07
1.369195672396e-06
1.116575560900e-06
8.652102110318e-07
6.155097480587e-07
3.679240307974e-07
1.226949279953e-07
1.202286057378e-07
3.610696808209e-07
5.998745109537e-07
8.363764436581e-07
1.401716872351e-06
1.143005022186e-06
8.879030701792e-07
6.359919666465e-07
3.866678071063e-07
1.394874402649e-07
1.055402094607e-07
3.479491397229e-07
5.871590929019e-07
8.226985528381e-07
1.365465834624e-06
1.116018552239e-06
8.703910339136e-07
6.284448090810e-07
3.901259901795e-07
1.553300990054e-07
7.624470299561e-08
3.051211479033e-07
5.318788112163e-07
7.568883120257e-07
1.332649389951e-06
1.094598246709e-06
8.589453273089e-07
6.257040467972e-07
3.945294224650e-07
1.648402303545e-07
6.402325425370e-08
2.924997488662e-07
5.208934226175e-07
7.494473379666e-07
1.387887493820e-06
1.141965867646e-06
8.943470675149e-07
6.446896918533e-07
3.930398406737e-07
1.396651896357e-07
1.151587980530e-07
3.715147727235e-07
6.298309358499e-07
8.907609299058e-07
1.571832001446e-06
1.286013514346e-06
9.967649816645e-07
7.043502137094e-07
4.088715286343e-07
1.101514612856e-07
1.921472971844e-07
4.982410928278e-07
8.079682061179e-07
1.120889976391e-06
1.821424916670e-06
1.481030665218e-06
1.137971196385e-06
7.918733899714e-07
4.423994823810e-07
8.955078101280e-08
2.661903977241e-07
6.242481163099e-07
9.841417636380e-07
1.345783857687e-06
2.042797234481e-06
1.651202921948e-06
1.257510234609e-06
8.623458711554e-07
4.665694746109e-07
7.093194653862e-08
3.242786306146e-07
7.192214184215e-07
1.114234862598e-06
1.509460332727e-06
2.166627950828e-06
1.745613644744e-06
1.325914638528e-06
9.079642495635e-07
4.918293825540e-07
7.741863328192e-08
3.351898953952e-07
7.456308708242e-07
1.153182552116e-06
1.557187488288e-06
2.150570480808e-06
1.730653082177e-06
1.314021062626e-06
8.999866167869e-07
4.882385269411e-07
7.892668918430e-08
3.273881361565e-07
7.300972697522e-07
1.128800761308e-06
1.523361390809e-06
2.083137871978e-06
1.676544115981e-06
1.274269720852e-06
8.764308745413e-07
4.830602620132e-07
9.385922794536e-08
2.917331585195e-07
6.743279072907e-07
1.054323718108e-06
1.431551709175e-06
2.012423067299e-06
1.625594450161e-06
1.243815347607e-06
8.673379170432e-07
4.959700277141e-07
1.292244178330e-07
2.333545126021e-07
5.921003776166e-07
9.471928592575e-07
1.298883489653e-06
1.904669659325e-06
1.544407439269e-06
1.186380757190e-06
8.305617029691e-07
4.773410182679e-07
1.273198790841e-07
2.191163162024e-07
5.621420768875e-07
9.026207976603e-07
1.241775521521e-06
1.869805203114e-06
1.517174041510e-06
1.163908223134e-06
8.101285402518e-07
4.557664396998e-07
1.003679699352e-07
2.567302317402e-07
6.161657211123e-07
9.780601999410e-07
1.342047823982e-06
2.012836262111e-06
1.631311022265e-06
1.247418140338e-06
8.598128715676e-07
4.670959583564e-07
6.855469791844e-08
3.355687567819e-07
7.444022571690e-07
1.157118447281e-06
1.573613019445e-06
2.289352266871e-06
1.845831206992e-06
1.395506899371e-06
9.383578571942e-07
4.751740334541e-07
6.844118161098e-09
4.663373829317e-07
9.451940741201e-07
1.431158693777e-06
1.925461162955e-06
2.693500448459e-06
2.161822862945e-06
1.623912737614e-06
1.080958668354e-06
5.329706027624e-07
2.108498620146e-08
5.825828566230e-07
1.151997480520e-06
1.728504230414e-06
2.310274851425e-06
3.074220842336e-06
2.460004338900e-06
1.842829192356e-06
1.221655736572e-06
5.959005875411e-07
3.365386191945e-08
6.649797796854e-07
1.295555591696e-06
1.923590104980e-06
2.548643237787e-06
3.182004149949e-06
2.532608561978e-06
1.884684024844e-06
1.239582161361e-06
5.993675813443e-07
3.420865368753e-08
6.607127147618e-07
1.281010668208e-06
1.896413948543e-06
2.507700912702e-06
3.063259612190e-06
2.438107742364e-06
1.820748536829e-06
1.211541018620e-06
6.092136572988e-07
1.160810825240e-08
5.832714577991e-07
1.176377679712e-06
1.767346134329e-06
2.355323772463e-06
3.000744641213e-06
2.397718276370e-06
1.795825426143e-06
1.193373066144e-06
5.897073265260e-07
1.468561094953e-08
6.185680376802e-07
1.221163188347e-06
1.822913134220e-06
2.425352931823e-06
3.114462799658e-06
2.484833260041e-06
1.852427828908e-06
1.219291959842e-06
5.877062108084e-07
4.102588491151e-08
6.669679351035e-07
1.291063369990e-06
1.913980952395e-06
2.535296232509e-06
3.122442194581e-06
2.488738971351e-06
1.861639532308e-06
1.240824758497e-06
6.247830697248e-07
1.209571109939e-08
5.973830070616e-07
1.202173791626e-06
1.799908318389e-06
2.388744803739e-06
2.909342867952e-06
2.319281406926e-06
1.733582337238e-06
1.150045648046e-06
5.681739594365e-07
1.105604496843e-08
5.863519163540e-07
1.157629469617e-06
1.726606001284e-06
2.296272100466e-06
2.932987797521e-06
2.339690581721e-06
1.742857762110e-06
1.144177190326e-06
5.446012778521e-07
5.703321903638e-08
6.636310558861e-07
1.278496313262e-06
1.903493000555e-06
2.538154205922e-06
3.326807473059e-06
2.660460552306e-06
1.989548707115e-06
1.312715312451e-06
6.275180339799e-07
6.784176775909e-08
7.729993853900e-07
1.485464622419e-06
2.201953350323e-06
2.920248277860e-06
3.663277311716e-06
2.916746609571e-06
2.164857221487e-06
1.407416903021e-06
6.465784849752e-07
1.141370944424e-07
8.716090746930e-07
1.624603214623e-06
2.373948007062e-06
3.121261272554e-06
3.695203361076e-06
2.929308436705e-06
2.170021105030e-06
1.420868272817e-06
6.836922921138e-07
4.199984005027e-08
7.582946750517e-07
1.467006313760e-06
2.168142430037e-06
2.859620792606e-06
3.332041728754e-06
2.650110900504e-06
1.983841457331e-06
1.331799012405e-06
6.921784461156e-07
6.431383781091e-08
5.507328637577e-07
1.150861351107e-06
1.734591819513e-06
2.302322968717e-06
2.743105994796e-06
2.186681058447e-06
1.638976470986e-06
1.100032420709e-06
5.717030262531e-07
5.623985543934e-08
4.454307713786e-07
9.345189369014e-07
1.413805534867e-06
1.886178495170e-06
2.366591331793e-06
1.893977525924e-06
1.427604104265e-06
9.677682442089e-07
5.133328500051e-07
6.181852540976e-08
3.893411530953e-07
8.414460808126e-07
1.293883428843e-06
1.744701989992e-06
2.329520953026e-06
1.875059695067e-06
1.422015031949e-06
9.670607141743e-07
5.071423174741e-07
4.092555627722e-08
4.309114842727e-07
9.065761901184e-07
1.384527990922e-06
1.864675482466e-06
2.539222407449e-06
2.038866966814e-06
1.532124201731e-06
1.019450280637e-06
5.022877758165e-07
1.801652160793e-08
5.414384531832e-07
1.069611755611e-06
1.605078182365e-06
2.149836291210e-06
2.895750640164e-06
2.320687201518e-06
1.740089942359e-06
1.155953327725e-06
5.686219424206e-07
2.335445969948e-08
6.221329726941e-07
1.229308224993e-06
1.845060239702e-06
2.468313311965e-06
3.258015681240e-06
2.609029820633e-06
1.953379523911e-06
1.289501994961e-06
6.162603654047e-07
6.617096914852e-08
7.562923087789e-07
1.452249364320e-06
2.152995875804e-06
2.858969253339e-06
3.627164915088e-06
2.889692041208e-06
2.142376388292e-06
1.385835844303e-06
6.217946975084e-07
1.481708977735e-07
9.233777973350e-07
1.704293026705e-06
2.491609166100e-06
3.285418074483e-06
3.988472542460e-06
3.167658462644e-06
2.345454674924e-06
1.522711215785e-06
6.990122187744e-07
1.265559603780e-07
9.542252996653e-07
1.782809647466e-06
2.609848650081e-06
3.432681012328e-06
4.002062667041e-06
3.173215418428e-06
2.350409317842e-06
1.533549038868e-06
7.237409249683e-07
7.672849733353e-08
8.654258749630e-07
1.640985544782e-06
2.403939674878e-06
3.156020454753e-06
3.598242642511e-06
2.849072643585e-06
2.109979277520e-06
1.383143626299e-06
6.701862957925e-07
2.900083018176e-08
7.163030204538e-07
1.394339506078e-06
2.064969237381e-06
2.728596655288e-06
3.229236483548e-06
2.569341290837e-06
1.916400321988e-06
1.267415598249e-06
6.185141501192e-07
3.333815357109e-08
6.891496013850e-07
1.347846136923e-06
2.007576256347e-06
2.667458204542e-06
3.337816963267e-06
2.660139386990e-06
1.974655845061e-06
1.278841864405e-06
5.719120395042e-07
1.454556581848e-07
8.725024827072e-07
1.609356843346e-06
2.357394009778e-06
3.118430527138e-06
3.925242083369e-06
3.121280997220e-06
2.305713280748e-06
1.480860419178e-06
6.478606451310e-07
1.940217657648e-07
1.047062653470e-06
1.913891537697e-06
2.796077239964e-06
3.693458324960e-06
4.594841129801e-06
3.652073587546e-06
2.699035576370e-06
1.736130627705e-06
7.630307550244e-07
2.206454041698e-07
1.214702706420e-06
2.218218867256e-06
3.230097320284e-06
4.249704034009e-06
5.108100197049e-06
4.047057075240e-06
2.976148664402e-06
1.895349555525e-06
8.059075753408e-07
2.899037667703e-07
1.389599447066e-06
2.491159818874e-06
3.593544988689e-06
4.696550831795e-06
5.355302789667e-06
4.224766257721e-06
3.094650651292e-06
1.966222555438e-06
8.407343443650e-07
2.808905037455e-07
1.398153813170e-06
2.510698209335e-06
3.617871982442e-06
4.718616423816e-06
5.226773396316e-06
4.118845254197e-06
3.020784561159e-06
1.932438237873e-06
8.530769264325e-07
2.179726834584e-07
1.280983383367e-06
2.335652652619e-06
3.381558713045e-06
4.418521314165e-06
4.932186868700e-06
3.890515472449e-06
2.855762943454e-06
1.827555820455e-06
8.061947482929e-07
2.077526914945e-07
1.214011490447e-06
2.213002574081e-06
3.205829898434e-06
4.193667393793e-06
4.742075589093e-06
3.744533614736e-06
2.752655689164e-06
1.767404398834e-06
7.890992037574e-07
1.827102096286e-07
1.148762919456e-06
2.109448871579e-06
3.064318946144e-06
4.012242584395e-06
4.522212464053e-06
3.573862557005e-06
2.632920256929e-06
1.697701975445e-06
7.667771342312e-07
1.602057864147e-07
1.082441428935e-06
1.998506888867e-06
2.907554403464e-06
3.809820327660e-06
4.330557828780e-06
3.422005249831e-06
2.515572361972e-06
1.610586878087e-06
7.068936724863e-07
1.959540441021e-07
1.099292717299e-06
2.005141709560e-06
2.915417326221e-06
3.830945956906e-06
4.519678384440e-06
3.581240264339e-06
2.641665844294e-06
1.701407200017e-06
7.592341262352e-07
1.870779442470e-07
1.139672008321e-06
2.099559537783e-06
3.066458816647e-06
4.039261398248e-06
4.836030598199e-06
3.836734435936e-06
2.832869142821e-06
1.824906576076e-06
8.143773584379e-07
1.963229010471e-07
1.204794500609e-06
2.209901822425e-06
3.212309991341e-06
4.214257273816e-06
4.896462826309e-06
3.872248669268e-06
2.845270785201e-06
1.817580994157e-06
7.917257107692e-07
2.305750967935e-07
1.248924434094e-06
2.263835767735e-06
3.275901406141e-06
4.285181717023e-06
4.841032136937e-06
3.822420239885e-06
2.806674274325e-06
1.791951547148e-06
7.758765150356e-07
2.432763039906e-07
1.265637138204e-06
2.289574524639e-06
3.312601165817e-06
4.332562980380e-06
4.885535702215e-06
3.855877764636e-06
2.827013702245e-06
1.796971673684e-06
7.646987114640e-07
2.697569811971e-07
1.305822422637e-06
2.342961238355e-06
3.381251644896e-06
4.421130029186e-06
5.033106106112e-06
3.972061335844e-06
2.909843544785e-06
1.847472901773e-06
7.855274475332e-07
2.763127326944e-07
1.339343725704e-06
2.405397253824e-06
3.476057031548e-06
4.552143877845e-06
5.261413775770e-06
4.157643331837e-06
3.050615418942e-06
1.941011248618e-06
8.287550485875e-07
2.868727619898e-07
1.406907131241e-06
2.532139546929e-06
3.662902258839e-06
4.798873703749e-06
5.552450659252e-06
4.388774186737e-06
3.221127087727e-06
2.049305692253e-06
8.729762157600e-07
3.078950499003e-07
1.492804472036e-06
2.680702607449e-06
3.870409557294e-06
5.061047431809e-06
5.748681303430e-06
4.537040297237e-06
3.323899363750e-06
2.109030276642e-06
8.928410579756e-07
3.236955308239e-07
1.539638219583e-06
2.754453589660e-06
3.968424493905e-06
5.182405004689e-06
5.838336733177e-06
4.603068589404e-06
3.366843031927e-06
2.130520044830e-06
8.949812126957e-07
3.394007990210e-07
1.573014174028e-06
2.806835709634e-06
4.042006366944e-06
5.279489698751e-06
5.970787640308e-06
4.707901723577e-06
3.441590479270e-06
2.171762162106e-06
8.984268902168e-07
3.781976829487e-07
1.657686652834e-06
2.939567821159e-06
4.223575899687e-06
5.509793084002e-06
6.180310492709e-06
4.868021790116e-06
3.552242105798e-06
2.232778058442e-06
9.094725328396e-07
4.179192387710e-07
1.749632872361e-06
3.085615901455e-06
4.425135443853e-06
5.766634330939e-06
6.402015628737e-06
5.040895246111e-06
3.682237320390e-06
2.325346883936e-06
9.686092425909e-07
3.893821372003e-07
1.748858949213e-06
3.108479063485e-06
4.465923439056e-06
5.819080058700e-06
6.405670262666e-06
5.041682186402e-06
3.681834527924e-06
2.326040771550e-06
9.758923624759e-07
3.658025207187e-07
1.696254344097e-06
3.014277012880e-06
4.321002904817e-06
5.619095304610e-06
6.094102445786e-06
4.788588626070e-06
3.490209280699e-06
2.202150938047e-06
9.269113547816e-07
3.352943167556e-07
1.586817347743e-06
2.831333347331e-06
4.071690966612e-06
5.308473191690e-06
5.853275922618e-06
4.611627275608e-06
3.376895506335e-06
2.146180747786e-06
9.144666819338e-07
3.233492407162e-07
1.570167285081e-06
2.825936178397e-06
4.088744674391e-06
5.357059535527e-06
6.192918931447e-06
4.891126195616e-06
3.574947697871e-06
2.240927074126e-06
8.882389010978e-07
4.814696126232e-07
1.865880847163e-06
3.264098666023e-06
4.677565243583e-06
6.109300386470e-06
7.061960502597e-06
5.566272193391e-06
4.052448559833e-06
2.524958063077e-06
9.876640092443e-07
5.578428954323e-07
2.112272909471e-06
3.677125619106e-06
5.252701839709e-06
6.837056332643e-06
7.585481398564e-06
5.968533798750e-06
4.353192821327e-06
2.740297077253e-06
1.129808026690e-06
4.777651838594e-07
2.080252897940e-06
3.674257072817e-06
5.256519898467e-06
6.825502339325e-06
7.291380995866e-06
5.721281240767e-06
4.160310027146e-06
2.608496743051e-06
1.067825905920e-06
4.589563786794e-07
1.969767140508e-06
3.464294536570e-06
4.943700503190e-06
6.409598483970e-06
6.760472103906e-06
5.299973963702e-06
3.853337830151e-06
2.420391695068e-06
9.992756417887e-07
4.129316266699e-07
1.818875261961e-06
3.219419397738e-06
4.613176656676e-06
5.997214429954e-06
6.426845857277e-06
5.050676236351e-06
3.686124614433e-06
2.330130826067e-06
9.798378073356e-07
3.661271534838e-07
1.707445562715e-06
3.043016647553e-06
4.372195007818e-06
5.695511674730e-06
6.243644577353e-06
4.912849078664e-06
3.586566720060e-06
2.267171510084e-06
9.577080959389e-07
3.396251599952e-07
1.624878279927e-06
2.900276342643e-06
4.169145370270e-06
5.434054003217e-06
5.982680534089e-06
4.712252120953e-06
3.450332712873e-06
2.199651191859e-06
9.614909686206e-07
2.645531367307e-07
1.479546369865e-06
2.684188700641e-06
3.878044140038e-06
5.059866452939e-06
5.515302916592e-06
4.346585683379e-06
3.188094240159e-06
2.036729767951e-06
8.899723979994e-07
2.529236553528e-07
1.390819249991e-06
2.521653357235e-06
3.644237949629e-06
4.759412661315e-06
5.288813554216e-06
4.167026986579e-06
3.042333901249e-06
1.912985567287e-06
7.786937885612e-07
3.604996550166e-07
1.505631530563e-06
2.659275025962e-06
3.824827672361e-06
5.005160801375e-06
5.817773512717e-06
4.593732114699e-06
3.356405102295e-06
2.106540705427e-06
8.430475304522e-07
4.366872303763e-07
1.735162527439e-06
3.053154557620e-06
4.389053231080e-06
5.739784512571e-06
6.597232072636e-06
5.207191065892e-06
3.804997845691e-06
2.389129178937e-06
9.595032679499e-07
4.813977056983e-07
1.929013251356e-06
3.378678911758e-06
4.827537850360e-06
6.275364171415e-06
6.839254524493e-06
5.372097348300e-06
3.905228822987e-06
2.442352922571e-06
9.877990692075e-07
4.556743533612e-07
1.888239864911e-06
3.312252033538e-06
4.730119655960e-06
6.141968469819e-06
6.558329232575e-06
5.152408789399e-06
3.763198890283e-06
2.390938448116e-06
1.032493685216e-06
3.167441491314e-07
1.660179520968e-06
2.998146499067e-06
4.328300178713e-06
5.647640762163e-06
6.178815226576e-06
4.868205053299e-06
3.564012729385e-06
2.262541045184e-06
9.623395840208e-07
3.353259216965e-07
1.628027121114e-06
2.914536253229e-06
4.196448742277e-06
5.477875845372e-06
6.149695536806e-06
4.844341674470e-06
3.532576897669e-06
2.217569431195e-06
9.029255352289e-07
4.097451551388e-07
1.721809724131e-06
3.036900807274e-06
4.358871422028e-06
5.689908334716e-06
6.430305120375e-06
5.069520966572e-06
3.703232039243e-06
2.331879613848e-06
9.545643138154e-07
4.298144631321e-07
1.821248929446e-06
3.217937035060e-06
4.616870057816e-06
6.015326505349e-06
6.624877414652e-06
5.212988241965e-06
3.798253430887e-06
2.377934208653e-06
9.509692517895e-07
4.813792884306e-07
1.916050337059e-06
3.349584289936e-06
4.779372034136e-06
6.204155909018e-06
6.640503556810e-06
5.210709275616e-06
3.786331205902e-06
2.367713534568e-06
9.546679393679e-07
4.541117846202e-07
1.860890165517e-06
3.268118973665e-06
4.677140282183e-06
6.087438521263e-06
6.665409102879e-06
5.244257465620e-06
3.828360775060e-06
2.417512234842e-06
1.009840332244e-06
3.970932880293e-07
1.805157978652e-06
3.215190645278e-06
4.627574355709e-06
6.043175289960e-06
6.812157607783e-06
5.368495408220e-06
3.915622471595e-06
2.454116270201e-06
9.868034567262e-07
4.824011057281e-07
1.950649789251e-06
3.417822256324e-06
4.886406486548e-06
6.359867541050e-06
7.035075327622e-06
5.532494640192e-06
4.026716567296e-06
2.521089925267e-06
1.017107422285e-06
4.863570666203e-07
1.991766282572e-06
3.500432740111e-06
5.010744587253e-06
6.518269799471e-06
7.051652119117e-06
5.546283148306e-06
4.050041070514e-06
2.558603341640e-06
1.067426921963e-06
4.252157737028e-07
1.917263318774e-06
3.404497533666e-06
4.883496444563e-06
6.354140907661e-06
6.905243651545e-06
5.424832352219e-06
3.942562955217e-06
2.459478821493e-06
9.793128015190e-07
4.944020020048e-07
1.961241935078e-06
3.424648525652e-06
4.890160425930e-06
6.362196643295e-06
7.021356680070e-06
5.521697971744e-06
4.021290180845e-06
2.522422562379e-06
1.024075857003e-06
4.771446810992e-07
1.984504820030e-06
3.498840499105e-06
5.018131446377e-06
6.539282139784e-06
7.219840824746e-06
5.681893810561e-06
4.138879774018e-06
2.587361166206e-06
1.026472091326e-06
5.412487666945e-07
2.111378591962e-06
3.680242627979e-06
5.246718842500e-06
6.812471099238e-06
7.362317546722e-06
5.776497232546e-06
4.188392836113e-06
2.600404855002e-06
1.014478925754e-06
5.693360662917e-07
2.152820513857e-06
3.737858605746e-06
5.324450569333e-06
6.909975695635e-06
7.378412590242e-06
5.792228648716e-06
4.216183754124e-06
2.648250813309e-06
1.084738300960e-06
4.774701665156e-07
2.039374294327e-06
3.599940328058e-06
5.157539476386e-06
6.711585285757e-06
7.320584870740e-06
5.754144353887e-06
4.186284513708e-06
2.616975393721e-06
1.047500347795e-06
5.208361244513e-07
2.088419478241e-06
3.657910724542e-06
5.233660033355e-06
6.819929637913e-06
7.644126355899e-06
6.015705992013e-06
4.375309913485e-06
2.724537580434e-06
1.063984711891e-06
6.069067808312e-07
2.289355450102e-06
3.984147213032e-06
5.691069645763e-06
7.409026522964e-06
8.217331242122e-06
6.463424711001e-06
4.700761508047e-06
2.929333959401e-06
1.149532238287e-06
6.372375764840e-07
2.428524680909e-06
4.221478036470e-06
6.013429583618e-06
7.802552545400e-06
8.346385357072e-06
6.547266536927e-06
4.753016185077e-06
2.964563464047e-06
1.183320989639e-06
5.892472358937e-07
2.352132753458e-06
4.105102391350e-06
5.848740272540e-06
7.584216916712e-06
8.048977235831e-06
6.309324533049e-06
4.574705428695e-06
2.844052801265e-06
1.115820964515e-06
6.120544639998e-07
2.341862852973e-06
4.075653237123e-06
5.814944529448e-06
7.560863821254e-06
8.301402601774e-06
6.519961175400e-06
4.724991526928e-06
2.912714421655e-06
1.079922355984e-06
7.752396982141e-07
2.652970920280e-06
4.552574978334e-06
6.473569840182e-06
8.416541049883e-06
9.374283990837e-06
7.361659811522e-06
5.323153743575e-06
3.259747415996e-06
1.173380326236e-06
9.343078772872e-07
3.063002907311e-06
5.213680765337e-06
7.387409425519e-06
9.583728001417e-06
1.047416628808e-05
8.217311062708e-06
5.949833109753e-06
3.674409754240e-06
1.390959425862e-06
9.024657288137e-07
3.207581642073e-06
5.524021901238e-06
7.848889026718e-06
1.017783449697e-05
1.090675942805e-05
8.551689518299e-06
6.197778077421e-06
3.844270679565e-06
1.491612522386e-06
8.578812753512e-07
3.200806986570e-06
5.534520255424e-06
7.858684341500e-06
1.017520526148e-05
1.074651692079e-05
8.411992496349e-06
6.081944718517e-06
3.759863659525e-06
1.449959597721e-06
8.448311064058e-07
3.123906992641e-06
5.388758040681e-06
7.641465629149e-06
9.883426230317e-06
1.030767862176e-05
8.062972312928e-06
5.829212113895e-06
3.605348695146e-06
1.389691817621e-06
8.190917810680e-07
3.021056272701e-06
5.214869418069e-06
7.398717116303e-06
9.571513373885e-06
9.989332681926e-06
7.813135766810e-06
5.642605344747e-06
3.475374683148e-06
1.310113134423e-06
8.534559583495e-07
3.015213906110e-06
5.175138028335e-06
7.333387941344e-06
9.489859564837e-06
9.990255932735e-06
7.819556856248e-06
5.655415748151e-06
3.499274782826e-06
1.351258447357e-06
7.897967293502e-07
2.925625835815e-06
5.057294856670e-06
7.184358253198e-06
9.304737261573e-06
9.782469874153e-06
7.663856251838e-06
5.558982081766e-06
3.467993565209e-06
1.390429929415e-06
6.738263778061e-07
2.723943737237e-06
4.758472016420e-06
6.776343639103e-06
8.778005508248e-06
9.190821174343e-06
7.196099943485e-06
5.209383857618e-06
3.230042693758e-06
1.259839280010e-06
6.981807132433e-07
2.641917660640e-06
4.571989677515e-06
6.492183274531e-06
8.407981624714e-06
8.912096518543e-06
6.976916893109e-06
5.040346650276e-06
3.104437439561e-06
1.170030088815e-06
7.648075666111e-07
2.704262669795e-06
4.652249344872e-06
6.609905426558e-06
8.574609580592e-06
9.204802267959e-06
7.222168903809e-06
5.240894665803e-06
3.256401043927e-06
1.262083628717e-06
7.467552904927e-07
2.770002424768e-06
4.802671242032e-06
6.837759087830e-06
8.870093267888e-06
9.467417157794e-06
7.421838461141e-06
5.373982730816e-06
3.323497708152e-06
1.274119028949e-06
7.680890803385e-07
2.798455170705e-06
4.816490559278e-06
6.826003811966e-06
8.832097705636e-06
9.289685294789e-06
7.271473577930e-06
5.264961146167e-06
3.278672409124e-06
1.318076897405e-06
6.165149670778e-07
2.528614231778e-06
4.422167137363e-06
6.298490518475e-06
8.155300349699e-06
8.410742339038e-06
6.588814301267e-06
4.792353706762e-06
3.017703363639e-06
1.260987914975e-06
4.790912271346e-07
2.200158405685e-06
3.897816156950e-06
5.568643132392e-06
7.212852835892e-06
7.437335057148e-06
5.819518037242e-06
4.211809709886e-06
2.610956300941e-06
1.016222256567e-06
5.723723006668e-07
2.156085145089e-06
3.738197790426e-06
5.323153459358e-06
6.914745483755e-06
7.536044222434e-06
5.916379393511e-06
4.288939351227e-06
2.652683974702e-06
1.004244040814e-06
6.613341270167e-07
2.348724933654e-06
4.060638900683e-06
5.797292544685e-06
7.557284106952e-06
8.540692419956e-06
6.723459705427e-06
4.883761164365e-06
3.020542692411e-06
1.133737839609e-06
7.752636861369e-07
2.704128917230e-06
4.650788014260e-06
6.614399751470e-06
8.595460428751e-06
9.472246119913e-06
7.437833460244e-06
5.386343218561e-06
3.320777523186e-06
1.244588816007e-06
8.395447821385e-07
2.930560071945e-06
5.028760824644e-06
7.134919258078e-06
9.249273716705e-06
9.926027814799e-06
7.780457849549e-06
5.630373664189e-06
3.476266954294e-06
1.317619137353e-06
8.464519964946e-07
3.016214293439e-06
5.190765079988e-06
7.368077660885e-06
9.546086005230e-06
1.013594390997e-05
7.939366980736e-06
5.740667347709e-06
3.537812119703e-06
1.329891858859e-06
8.823794246382e-07
3.097034664279e-06
5.312014366154e-06
7.526109527589e-06
9.739210383941e-06
1.025597146054e-05
8.025903071029e-06
5.798623135433e-06
3.576429946861e-06
1.361107081266e-06
8.471949399791e-07
3.050323186926e-06
5.250945946500e-06
7.450981740931e-06
9.650255663018e-06
1.019720821205e-05
7.988945583293e-06
5.789373631160e-06
3.599025319545e-06
1.416824716216e-06
7.583566912217e-07
2.926579782070e-06
5.086349972316e-06
7.235872942601e-06
9.374657111039e-06
9.872640191588e-06
7.730523009286e-06
5.590479361217e-06
3.451482314176e-06
1.315679014624e-06
8.126677926157e-07
2.929418201347e-06
5.032630724600e-06
7.123200191472e-06
9.203603838159e-06
9.524103802505e-06
7.442452215400e-06
5.370285407480e-06
3.309075225388e-06
1.258422912542e-06
7.845991376598e-07
2.824259695444e-06
4.863922470122e-06
6.904109795869e-06
8.942313513671e-06
9.422052585251e-06
7.382003957446e-06
5.350725928110e-06
3.325003376631e-06
1.300061853726e-06
7.283163654392e-07
2.762404790246e-06
4.802714158814e-06
6.849306828371e-06
8.903168861707e-06
9.739986069235e-06
7.647795428056e-06
5.541019447719e-06
3.419849520014e-06
1.286830013214e-06
8.544204774807e-07
3.000884419180e-06
5.151565574124e-06
7.307708017379e-06
9.472028636992e-06
1.017778697587e-05
7.973977062647e-06
5.758691941082e-06
3.534404356742e-06
1.304467616592e-06
9.279124242312e-07
3.160172013850e-06
5.390504782099e-06
7.617369931268e-06
9.838851156019e-06
1.015843065488e-05
7.938498981730e-06
5.730773182222e-06
3.535424298207e-06
1.350775903575e-06
8.259225410256e-07
2.997011335992e-06
5.163020603050e-06
7.322093097173e-06
9.470749148477e-06
9.811308984808e-06
7.676796371925e-06
5.557403483181e-06
3.450587655607e-06
1.353307141017e-06
7.365018177552e-07
2.819641906626e-06
4.896151097000e-06
6.966594753521e-06
9.032557272803e-06
9.606751973479e-06
7.528799528700e-06
5.451345145957e-06
3.376281597411e-06
1.306345950525e-06
7.564710813313e-07
2.812097534388e-06
4.862440732722e-06
6.910237118518e-06
8.957666238985e-06
9.538033566514e-06
7.475467668883e-06
5.413391363618e-06
3.351893269610e-06
1.290834973133e-06
7.697370278947e-07
2.828814217537e-06
4.884701070296e-06
6.935992587387e-06
8.982779490907e-06
9.480546339091e-06
7.421068971780e-06
5.357955615182e-06
3.290056781680e-06
1.218104102918e-06
8.563744131607e-07
2.932534528099e-06
5.010967413455e-06
7.093066869857e-06
9.179435608075e-06
9.688034822375e-06
7.584725778997e-06
5.485408109962e-06
3.391538598407e-06
1.301501924900e-06
7.884556794124e-07
2.881566388169e-06
4.978091055818e-06
7.074469465351e-06
9.164766197500e-06
9.608077448320e-06
7.529041511134e-06
5.463781349135e-06
3.410636850276e-06
1.369375013383e-06
6.575053248525e-07
2.665611077646e-06
4.651215817830e-06
6.613760092478e-06
8.556489035527e-06
8.851965105805e-06
6.921836359197e-06
5.001724957765e-06
3.094756493738e-06
1.205624187151e-06
6.625724040532e-07
2.510285128210e-06
4.341315218426e-06
6.160726684357e-06
7.972236971909e-06
8.320856977662e-06
6.511982633128e-06
4.710711039024e-06
2.915350080457e-06
1.121929074088e-06
6.743144922439e-07
2.476800659679e-06
4.285905959023e-06
6.099217557676e-06
7.913005845239e-06
8.438325380666e-06
6.619034365940e-06
4.801568707080e-06
2.983473109452e-06
1.162937223853e-06
6.603249289583e-07
2.485074901415e-06
4.309345058573e-06
6.131451527835e-06
7.950471513141e-06
8.436880705176e-06
6.614546805395e-06
4.797165843229e-06
2.986859612975e-06
1.186360805150e-06
6.017872351549e-07
2.376177917540e-06
4.137019629979e-06
5.886068890959e-06
7.625810326317e-06
8.009351915916e-06
6.273642441101e-06
4.544333592094e-06
2.822428427862e-06
1.108766241487e-06
5.965966920485e-07
2.294653256740e-06
3.986934871136e-06
5.674816065948e-06
7.359026312770e-06
7.808573514012e-06
6.122020124621e-06
4.437293910087e-06
2.752266254902e-06
1.064411151219e-06
6.281807714004e-07
2.326142009679e-06
4.028723026295e-06
5.734428555115e-06
7.442052265105e-06
7.984489514001e-06
6.263318880428e-06
4.538148004940e-06
2.807652379033e-06
1.070976793471e-06
6.723550427523e-07
2.422687998660e-06
4.180482505944e-06
5.946209114427e-06
7.719942345830e-06
8.356696923784e-06
6.558820246028e-06
4.755396446399e-06
2.946730148778e-06
1.132177033014e-06
6.895842261656e-07
2.520152236229e-06
4.360877994714e-06
6.212612447598e-06
8.075744347025e-06
8.844153740029e-06
6.947609676899e-06
5.041023996455e-06
3.126143099053e-06
1.205077751365e-06
7.203766472230e-07
2.649385692166e-06
4.582496728744e-06
6.521213435917e-06
8.467186489725e-06
9.172505372135e-06
7.198534035524e-06
5.217356260800e-06
3.230175764202e-06
1.238061429376e-06
7.579280918435e-07
2.756354945177e-06
4.755305553772e-06
6.752687795597e-06
8.747296817546e-06
9.237552262675e-06
7.233059136524e-06
5.225273412179e-06
3.211321086383e-06
1.190035447962e-06
8.378428901779e-07
2.870440539482e-06
4.906018546080e-06
6.943847495222e-06
8.984112469079e-06
9.458453803290e-06
7.400424919979e-06
5.341033215700e-06
3.281278509348e-06
1.221172283294e-06
8.408378562308e-07
2.907176906319e-06
4.979690118034e-06
7.058314224651e-06
9.140675558683e-06
9.656913164235e-06
7.565174030333e-06
5.478599291564e-06
3.397215834866e-06
1.320218700585e-06
7.527939374086e-07
2.821188559210e-06
4.883585745574e-06
6.938874150819e-06
8.987036437702e-06
9.444337251807e-06
7.395210786854e-06
5.350432729756e-06
3.310784506994e-06
1.277752289752e-06
7.475348979824e-07
2.765306078345e-06
4.777176968673e-06
6.785477864923e-06
8.792176288352e-06
9.313333407590e-06
7.296162834791e-06
5.278909384288e-06
3.260694768414e-06
1.240077324383e-06
7.842554055060e-07
2.812904767779e-06
4.845514865792e-06
6.881330023134e-06
8.919978995436e-06
9.511333075807e-06
7.452818692855e-06
5.388592114741e-06
3.318378844597e-06
1.242907671894e-06
8.367704822376e-07
2.920026247466e-06
5.007264689993e-06
7.099423669388e-06
9.197042402320e-06
9.783212533421e-06
7.664539168672e-06
5.544580062633e-06
3.424309795719e-06
1.302881628362e-06
8.220376344070e-07
2.953282717044e-06
5.092955746022e-06
7.241941204938e-06
9.400304918472e-06
1.017294016492e-05
7.980494444837e-06
5.775525153240e-06
3.556169474450e-06
1.321589422787e-06
9.277550248044e-07
3.190761617589e-06
5.466800701015e-06
7.756715035612e-06
1.006293456385e-05
1.093941000363e-05
8.575525896504e-06
6.188122313233e-06
3.777919459935e-06
1.347017757780e-06
1.102085889215e-06
3.567083069811e-06
6.046199246157e-06
8.537973030798e-06
1.104112044459e-05
1.165903819356e-05
9.118220361870e-06
6.568168771537e-06
4.008563223579e-06
1.438796346065e-06
1.141453822129e-06
3.731933873041e-06
6.331701342788e-06
8.939264205310e-06
1.155287259280e-05
1.209425437310e-05
9.453784912239e-06
6.810236584442e-06
4.162784819073e-06
1.509405365141e-06
1.152754578015e-06
3.826710155863e-06
6.514798315038e-06
9.217983119925e-06
1.193583807435e-05
1.273498287446e-05
9.971393012620e-06
7.196512001428e-06
4.410227461449e-06
1.611919003608e-06
1.198788311285e-06
4.021485210615e-06
6.855083938717e-06
9.698134022074e-06
1.254948574569e-05
1.327665052031e-05
1.038926637875e-05
7.496838918541e-06
4.602320018421e-06
1.709959406071e-06
1.175517240881e-06
4.050131281019e-06
6.911536274856e-06
9.759255306108e-06
1.259383134311e-05
1.289271017413e-05
1.006429010886e-05
7.251954116327e-06
4.458688010800e-06
1.687072312961e-06
1.061800901425e-06
3.788553613049e-06
6.494835929516e-06
9.182275732655e-06
1.185164535400e-05
1.208561531030e-05
9.435635945465e-06
6.802873485867e-06
4.184456372514e-06
1.576178817686e-06
1.026263305448e-06
3.625945794283e-06
6.223965328900e-06
8.819922811654e-06
1.141328925769e-05
1.198151682047e-05
9.373464081364e-06
6.761215217921e-06
4.141495026033e-06
1.512631001788e-06
1.125134360791e-06
3.770609282583e-06
6.423244599318e-06
9.084106864066e-06
1.175575880552e-05
1.248887713245e-05
9.771069358067e-06
7.038585067676e-06
4.293852839510e-06
1.539919765037e-06
1.221119475758e-06
3.988813830347e-06
6.763948874777e-06
9.547472529903e-06
1.233957851809e-05
1.294224040294e-05
1.011709338172e-05
7.285634865184e-06
4.447512253591e-06
1.602006705070e-06
1.251194191809e-06
4.111210159863e-06
6.975851476909e-06
9.842175245467e-06
1.270733866932e-05
1.313171458150e-05
1.025623515716e-05
7.386449908608e-06
4.522796245965e-06
1.665398656314e-06
1.185834094031e-06
4.030909337871e-06
6.869183891922e-06
9.698760663923e-06
1.251647961453e-05
1.278084124579e-05
9.979989044950e-06
7.199573531125e-06
4.439331917183e-06
1.698195376321e-06
1.024425898777e-06
3.727884291038e-06
6.410701246296e-06
9.071932367988e-06
1.171243849285e-05
1.196184524588e-05
9.337828430489e-06
6.726071717367e-06
4.126778492264e-06
1.541920653381e-06
1.026896313761e-06
3.580746522402e-06
6.124246624495e-06
8.664153085647e-06
1.120643548802e-05
1.178686613912e-05
9.220439835644e-06
6.653119442035e-06
4.086718774943e-06
1.519839997854e-06
1.051928222751e-06
3.633459982666e-06
6.227430617400e-06
8.832973890094e-06
1.144706436662e-05
1.220040786620e-05
9.558989290781e-06
6.908537557138e-06
4.245663490110e-06
1.569601295159e-06
1.116191128858e-06
3.805162293702e-06
6.490721091268e-06
9.169311908863e-06
1.184154365319e-05
1.224771580155e-05
9.563749870267e-06
6.880434398226e-06
4.200970295187e-06
1.529594669591e-06
1.130852467668e-06
3.780230372286e-06
6.420141858143e-06
9.051683719008e-06
1.167367463495e-05
1.187222790122e-05
9.265486880849e-06
6.677660564947e-06
4.107313770874e-06
1.550529702854e-06
9.967567393687e-07
3.536771487234e-06
6.069217533877e-06
8.592579490596e-06
1.110607041710e-05
1.149656867483e-05
8.984594501271e-06
6.476469991412e-06
3.971282808379e-06
1.469849394198e-06
1.026439576890e-06
3.517348204696e-06
6.004610838772e-06
8.491417077039e-06
1.098075608752e-05
1.152000999127e-05
9.009137386329e-06
6.494995091089e-06
3.977295534696e-06
1.454275775359e-06
1.076695980373e-06
3.617546951773e-06
6.168419247388e-06
8.727719148283e-06
1.129336311578e-05
1.191049204863e-05
9.318922252533e-06
6.719554164647e-06
4.110949930691e-06
1.493155934895e-06
1.132445333951e-06
3.764279256302e-06
6.401830034974e-06
9.046074183061e-06
1.169861212702e-05
1.232325377032e-05
9.638830022141e-06
6.950154102014e-06
4.260937259914e-06
1.573767519858e-06
1.110731034260e-06
3.793279233832e-06
6.474689996594e-06
9.154650513210e-06
1.183176715358e-05
1.228873526316e-05
9.606106857518e-06
6.927543665824e-06
4.251230166119e-06
1.575667397447e-06
1.099251846881e-06
3.772303500682e-06
6.441911523325e-06
9.107236166983e-06
1.176898376798e-05
1.223318469101e-05
9.558811257193e-06
6.882762079385e-06
4.204187064261e-06
1.522362197193e-06
1.163882643596e-06
3.856273792735e-06
6.556599942087e-06
9.265971584682e-06
1.198438053507e-05
1.261971812028e-05
9.871260544969e-06
7.116530866824e-06
4.356000033567e-06
1.590279566699e-06
1.179531693651e-06
3.951796713864e-06
6.724864135776e-06
9.497747441856e-06
1.227018879035e-05
1.274325535405e-05
9.958027590073e-06
7.177489919741e-06
4.405595404933e-06
1.646264649935e-06
1.097834001484e-06
3.825756834885e-06
6.537510842008e-06
9.232811237325e-06
1.190999461187e-05
1.206028878187e-05
9.413061263785e-06
6.790110603561e-06
4.190254117020e-06
1.611367792975e-06
9.480223184255e-07
3.487292417503e-06
6.003945600241e-06
8.495255258367e-06
1.096033008707e-05
1.106151023578e-05
8.628516297904e-06
6.211224786057e-06
3.807227244579e-06
1.416700740720e-06
9.585105544829e-07
3.317026369132e-06
5.659445889705e-06
7.988366178324e-06
1.030698950899e-05
1.053717829791e-05
8.223621478010e-06
5.919735656335e-06
3.626466480000e-06
1.342755865608e-06
9.345926628157e-07
3.209724980024e-06
5.485792428317e-06
7.763636062919e-06
1.004193330800e-05
1.049965692346e-05
8.214317915645e-06
5.931513669566e-06
3.649153882179e-06
1.364587888020e-06
9.244313901036e-07
3.219364316465e-06
5.521192633751e-06
7.830872334580e-06
1.014969086555e-05
1.086545961471e-05
8.513219029282e-06
6.149492946861e-06
3.774648007493e-06
1.389126509821e-06
1.006857928587e-06
3.413301669752e-06
5.830202780999e-06
8.257344518370e-06
1.069447142754e-05
1.138064857287e-05
8.911390864341e-06
6.430932216972e-06
3.939221244309e-06
1.437664650439e-06
1.070867767794e-06
3.582831027416e-06
6.095450601151e-06
8.607812333139e-06
1.112087159072e-05
1.157078764891e-05
9.040234544955e-06
6.507686578061e-06
3.975760193953e-06
1.447075533179e-06
1.077272031580e-06
3.598458192755e-06
6.119010890870e-06
8.641065392112e-06
1.116485776720e-05
1.160383828847e-05
9.070199951111e-06
6.540457661686e-06
4.013372290501e-06
1.485557049818e-06
1.046789463999e-06
3.585671549899e-06
6.130369854418e-06
8.677973937665e-06
1.122527942243e-05
1.174095967826e-05
9.183535667034e-06
6.625002697547e-06
4.063520464115e-06
1.499325946952e-06
1.064923878857e-06
3.625190686307e-06
6.177946033858e-06
8.721472283924e-06
1.125607224139e-05
1.154171332018e-05
9.009724465159e-06
6.487505174846e-06
3.978900110724e-06
1.488329701260e-06
9.809145353756e-07
3.427692888636e-06
5.852951687757e-06
8.258478317202e-06
1.064534774287e-05
1.071474224545e-05
8.356485579952e-06
6.021071499163e-06
3.708979477324e-06
1.418717602064e-06
8.527532031621e-07
3.108548185082e-06
5.350407434435e-06
7.578076633763e-06
9.789993043796e-06
1.000872958912e-05
7.820185146556e-06
5.645198086768e-06
3.479479460111e-06
1.319069326655e-06
8.380304166167e-07
2.991610585923e-06
5.140218377164e-06
7.282779449724e-06
9.419792490917e-06
9.821305013702e-06
7.680486021400e-06
5.541393704789e-06
3.405883660434e-06
1.276943919493e-06
8.431589435531e-07
2.954427429813e-06
5.059131126472e-06
7.160457414557e-06
9.260293438729e-06
9.658464591666e-06
7.556720959201e-06
5.463219906687e-06
3.379581016816e-06
1.305097100612e-06
7.623381748090e-07
2.824318244166e-06
4.880646883976e-06
6.929515734555e-06
8.969248199264e-06
9.346434751478e-06
7.312870991427e-06
5.280801985919e-06
3.247063204981e-06
1.211571714066e-06
8.228167871493e-07
2.852298393918e-06
4.874843568814e-06
6.891707698742e-06
8.906424341149e-06
9.273319335534e-06
7.246987820508e-06
5.220745038059e-06
3.198227886969e-06
1.181659854410e-06
8.297975568894e-07
2.839358046458e-06
4.850008622270e-06
6.861723420570e-06
8.870727583599e-06
9.170628572974e-06
7.174285372002e-06
5.190468357341e-06
3.215326159989e-06
1.243773112947e-06
7.268945978467e-07
2.695351724924e-06
4.657208251047e-06
6.608403907649e-06
8.548061316560e-06
8.867636552168e-06
6.932171402241e-06
4.997213750357e-06
3.063517624469e-06
1.134853221174e-06
7.849705525587e-07
2.695514012885e-06
4.600685713285e-06
6.506807096684e-06
8.418745096606e-06
8.882336260285e-06
6.953184538361e-06
5.026754706705e-06
3.105946632331e-06
1.189235149468e-06
7.281481657628e-07
2.650839917351e-06
4.579979417940e-06
6.512543279769e-06
8.443599597285e-06
8.933215497109e-06
7.001306983057e-06
5.067592894648e-06
3.126387298380e-06
1.175063857772e-06
7.843378284633e-07
2.746766938344e-06
4.707927189429e-06
6.667609511624e-06
8.630264687781e-06
9.159678313608e-06
7.163879160998e-06
5.152679420917e-06
3.128967080102e-06
1.096282517210e-06
9.447678053220e-07
2.997978697294e-06
5.070066777080e-06
7.167230648975e-06
9.291845913140e-06
1.010174713656e-05
7.921004510081e-06
5.723278945879e-06
3.508717441036e-06
1.273783539091e-06
9.863471177596e-07
3.274714117651e-06
5.590597709215e-06
7.930088600006e-06
1.028842501682e-05
1.113227045835e-05
8.729813828268e-06
6.308769684438e-06
3.867283851378e-06
1.406297258200e-06
1.069849247415e-06
3.554808699846e-06
6.042917902960e-06
8.531419950941e-06
1.102109371232e-05
1.147881278030e-05
8.965444862952e-06
6.444646260206e-06
3.918711513506e-06
1.391670423345e-06
1.132781392243e-06
3.652961481748e-06
6.169589767069e-06
8.684764679856e-06
1.120020692724e-05
1.149616650764e-05
8.969158102445e-06
6.444702080444e-06
3.922859946215e-06
1.401284123403e-06
1.124242714923e-06
3.657853369532e-06
6.201496319136e-06
8.753819656704e-06
1.131105256036e-05
1.176003837600e-05
9.192434788474e-06
6.625921855630e-06
4.057503588228e-06
1.483650407863e-06
1.097672395645e-06
3.686180150453e-06
6.279994238412e-06
8.877133097940e-06
1.147652704958e-05
1.198819848014e-05
9.373392970247e-06
6.758964673281e-06
4.148564642037e-06
1.546286057419e-06
1.045271631028e-06
3.626240641097e-06
6.199413689956e-06
8.768359975875e-06
1.133532373387e-05
1.179752490543e-05
9.226300562659e-06
6.663619103620e-06
4.111959924558e-06
1.572301073338e-06
9.552787787470e-07
3.470366095826e-06
5.971826681161e-06
8.458600404992e-06
1.093125797524e-05
1.127381483457e-05
8.806665846350e-06
6.340206937239e-06
3.872266631788e-06
1.404740032740e-06
1.057467613919e-06
3.509350847253e-06
5.948779289611e-06
8.377663789361e-06
1.080070057924e-05
1.104429753696e-05
8.610313500412e-06
6.175180487844e-06
3.739672365555e-06
1.302852297158e-06
1.139150413110e-06
3.591594747832e-06
6.058120732177e-06
8.538103486444e-06
1.102626930560e-05
1.142619584016e-05
8.929386410728e-06
6.435433590468e-06
3.938027816730e-06
1.428621885680e-06
1.098973655189e-06
3.645522497209e-06
6.206593695879e-06
8.775761159541e-06
1.134871098429e-05
1.189072082752e-05
9.296182724938e-06
6.692771478356e-06
4.081651297838e-06
1.468389257298e-06
1.139524556493e-06
3.736773351193e-06
6.323461263946e-06
8.904940386856e-06
1.148850225263e-05
1.187386061474e-05
9.266744314118e-06
6.660773749445e-06
4.063970493462e-06
1.481227343447e-06
1.088352007628e-06
3.650538815236e-06
6.212136668182e-06
8.776803099408e-06
1.134340277531e-05
1.178562757786e-05
9.215207683155e-06
6.647919917668e-06
4.076191089553e-06
1.489755391049e-06
1.119625608226e-06
3.754527369892e-06
6.411888307412e-06
9.086211321119e-06
1.177442942435e-05
1.261674947273e-05
9.877847901407e-06
7.109011164630e-06
4.306816947519e-06
1.473488453030e-06
1.384956135553e-06
4.263098617230e-06
7.159944686919e-06
1.007952528198e-05
1.302759716282e-05
1.384615137567e-05
1.082620076431e-05
7.790082747761e-06
4.750465222969e-06
1.716709618904e-06
1.308161245106e-06
4.326171222147e-06
7.340008835399e-06
1.034852226667e-05
1.334504634087e-05
1.349230882397e-05
1.053301070897e-05
7.606770964230e-06
4.711899066479e-06
1.845773169862e-06
9.906110562952e-07
3.790553989802e-06
6.543776407852e-06
9.241588600162e-06
1.188165185795e-05
1.145762706756e-05
8.902277784273e-06
6.383483082573e-06
3.899953128439e-06
1.456547977341e-06
9.396796372130e-07
3.284609420007e-06
5.579925982602e-06
7.831758239263e-06
1.004651630865e-05
9.618509182019e-06
7.465383077943e-06
5.352726816454e-06
3.281317276560e-06
1.246256658760e-06
7.617068149557e-07
2.751628528586e-06
4.727312727937e-06
6.685487221603e-06
8.618417723483e-06
8.528456817203e-06
6.652045840383e-06
4.803156059552e-06
2.972302922899e-06
1.151177173142e-06
6.639414777965e-07
2.472304402090e-06
4.271977502412e-06
6.063675755286e-06
7.852088401705e-06
8.314773310758e-06
6.505427222692e-06
4.687172634021e-06
2.863851364054e-06
1.040019924403e-06
7.833993436179e-07
2.611420939047e-06
4.453631390788e-06
6.319959027223e-06
8.216423339036e-06
9.165823541935e-06
7.202933034023e-06
5.217091256782e-06
3.209346743915e-06
1.177351407478e-06
8.825148825053e-07
2.972022400627e-06
5.089355227028e-06
7.229965660827e-06
9.389401611770e-06
1.024219949386e-05
8.036811607326e-06
5.808544187857e-06
3.555130945188e-06
1.278223010104e-06
1.016795692976e-06
3.323055182136e-06
5.635633328893e-06
7.953518263548e-06
1.027903613249e-05
1.079103384427e-05
8.433391030849e-06
6.067366030038e-06
3.698676778185e-06
1.332706460744e-06
1.028310578022e-06
3.386393700566e-06
5.746357658154e-06
8.112881403122e-06
1.048802118930e-05
1.099969978213e-05
8.602327056906e-06
6.201990061072e-06
3.797173178555e-06
1.383634753438e-06
1.043094528086e-06
3.484721560199e-06
5.938535707628e-06
8.398693978506e-06
1.085958950853e-05
1.132654324465e-05
8.853387441832e-06
6.370558708113e-06
3.871565411373e-06
1.354660923880e-06
1.175715567570e-06
3.710952057645e-06
6.242522829325e-06
8.765795371346e-06
1.128099165726e-05
1.135395029905e-05
8.838190410643e-06
6.330794917631e-06
3.839731505195e-06
1.373830343709e-06
1.061644866240e-06
3.466995906365e-06
5.846525141351e-06
8.203996799239e-06
1.053832005482e-05
1.024001932137e-05
7.967551141519e-06
5.744922702888e-06
3.574515403670e-06
1.451785692552e-06
6.312043865364e-07
2.680328179849e-06
4.695562438428e-06
6.671211679077e-06
8.599788202446e-06
8.337673705228e-06
6.500314611912e-06
4.704770447006e-06
2.942522826288e-06
1.208132232478e-06
4.993635798201e-07
2.178359920890e-06
3.828617252566e-06
5.454264396576e-06
7.063625105275e-06
7.396019100270e-06
5.786410952169e-06
4.177906191671e-06
2.574559289314e-06
9.806383900468e-07
6.036525519448e-07
2.184025959195e-06
3.770636624267e-06
5.374115971790e-06
7.001791573202e-06
7.922653196601e-06
6.235030753032e-06
4.523947154667e-06
2.790079804527e-06
1.032420527736e-06
7.502717380703e-07
2.557534855896e-06
4.386654666177e-06
6.233911051368e-06
8.097019019715e-06
8.856112742706e-06
6.947515714728e-06
5.012110477765e-06
3.046117967642e-06
1.049772833994e-06
9.725004019856e-07
3.013990010459e-06
5.068544794540e-06
7.132453220038e-06
9.204824436893e-06
9.561747958742e-06
7.463304598332e-06
5.356422320801e-06
3.242669663450e-06
1.122820492583e-06
1.004409682537e-06
3.142223533814e-06
5.294098968989e-06
7.461500274530e-06
9.642548036481e-06
1.010389786416e-05
7.901510741704e-06
5.697422523099e-06
3.489873847684e-06
1.273974362448e-06
9.554215694152e-07
3.200600588116e-06
5.459557485210e-06
7.727540264568e-06
1.000029874376e-05
1.053301741649e-05
8.239130579568e-06
5.932706301337e-06
3.610818509969e-06
1.275366059872e-06
1.067270204658e-06
3.409630551232e-06
5.747439558945e-06
8.081720125119e-06
1.041724846118e-05
1.069940998377e-05
8.342753858415e-06
5.988113628064e-06
3.644939397418e-06
1.319993771176e-06
9.868280699266e-07
3.282451586983e-06
5.576038802246e-06
7.872749222315e-06
1.017003592096e-05
1.047777021768e-05
8.196180544928e-06
5.937346315932e-06
3.697597833252e-06
1.467691674861e-06
7.612358103870e-07
2.992235465626e-06
5.221476897077e-06
7.442220692155e-06
9.650889978730e-06
1.019294853677e-05
7.982295471720e-06
5.761145473571e-06
3.525674401317e-06
1.280582978325e-06
9.640907023822e-07
3.199514480912e-06
5.424148639577e-06
7.644867764611e-06
9.872779799025e-06
1.035591668597e-05
8.087639685073e-06
5.809956064695e-06
3.532568314313e-06
1.262052990114e-06
1.001532950795e-06
3.262968562012e-06
5.527065638944e-06
7.793978909376e-06
1.005837128787e-05
1.026324662234e-05
8.015968944619e-06
5.781221716461e-06
3.551357451670e-06
1.317972419201e-06
9.228618296220e-07
3.167988495534e-06
5.409211496499e-06
7.638313093139e-06
9.851926677129e-06
9.989812440381e-06
7.786625701556e-06
5.581383049957e-06
3.370731860741e-06
1.155503355221e-06
1.061714385742e-06
3.280105943304e-06
5.502202952812e-06
7.732821813988e-06
9.975821910757e-06
1.035356621060e-05
8.083107388757e-06
5.811635162445e-06
3.544415960732e-06
1.282255141177e-06
9.787602266442e-07
3.244740980790e-06
5.520304569018e-06
7.805829284280e-06
1.009718107525e-05
1.055193337152e-05
8.259892240403e-06
5.976904049021e-06
3.702763990532e-06
1.436154207113e-06
8.229081345235e-07
3.071847629599e-06
5.306293644480e-06
7.522395605974e-06
9.719209174364e-06
9.933944454588e-06
7.758365597965e-06
5.590781142928e-06
3.430744868638e-06
1.281840923184e-06
8.502346986461e-07
2.961120344480e-06
5.050519519045e-06
7.122716226604e-06
9.184270140850e-06
9.349868378195e-06
7.291080748928e-06
5.238637982075e-06
3.196169529929e-06
1.165122966995e-06
8.570244176553e-07
2.875685936488e-06
4.895918550574e-06
6.919234351699e-06
8.942687770741e-06
9.250250457171e-06
7.234282065838e-06
5.225930010511e-06
3.219825032375e-06
1.209375511735e-06
8.091116683318e-07
2.834202859958e-06
4.860582862420e-06
6.882955972287e-06
8.899653153094e-06
9.256327189178e-06
7.232718758132e-06
5.202005240790e-06
3.164771214870e-06
1.125752589815e-06
9.098041573452e-07
2.940196054624e-06
4.968981670572e-06
7.003157236340e-06
9.048725246430e-06
9.505508842267e-06
7.431284871018e-06
5.353314861622e-06
3.274674497789e-06
1.193561729451e-06
8.954922350313e-07
2.997604099164e-06
5.113647489452e-06
7.239510125601e-06
9.369077019983e-06
9.829527357397e-06
7.690088295931e-06
5.540476877286e-06
3.372593198492e-06
1.182832420454e-06
1.025822200518e-06
3.245806510677e-06
5.469960512983e-06
7.695925660300e-06
9.926885866207e-06
1.027940754739e-05
8.016411754852e-06
5.740929111653e-06
3.458580408733e-06
1.174629346679e-06
1.110486834932e-06
3.402400182040e-06
5.709812626264e-06
8.039060105602e-06
1.038977973167e-05
1.092759282528e-05
8.551038092719e-06
6.178021067171e-06
3.809464772075e-06
1.440224593807e-06
9.369106237500e-07
3.326395585646e-06
5.727334666972e-06
8.134912434343e-06
1.054419556112e-05
1.117564210062e-05
8.755225849200e-06
6.327046037313e-06
3.888735818691e-06
1.443013047719e-06
1.002847852760e-06
3.440389150455e-06
5.864354648111e-06
8.275222171505e-06
1.067845306579e-05
1.097854789123e-05
8.564243955789e-06
6.145815461878e-06
3.727204045845e-06
1.313532834502e-06
1.092045522455e-06
3.490032327136e-06
5.883779920168e-06
8.277212543817e-06
1.067259211140e-05
1.093347134429e-05
8.529192598417e-06
6.126475341262e-06
3.724150360540e-06
1.318201100275e-06
1.096869198136e-06
3.525710781105e-06
5.970293727842e-06
8.429592639914e-06
1.090100312240e-05
1.146719159806e-05
8.967322457920e-06
6.454248307364e-06
3.923959695840e-06
1.373382986003e-06
1.198016491344e-06
3.788073627220e-06
6.393375770131e-06
9.011127076519e-06
1.164053395541e-05
1.218000568315e-05
9.513725444776e-06
6.831631537807e-06
4.134589801197e-06
1.425051550541e-06
1.294039066124e-06
4.020559288165e-06
6.753558238870e-06
9.492813546785e-06
1.223793469762e-05
1.255569458181e-05
9.792513026241e-06
7.027507479052e-06
4.260868479378e-06
1.491526347763e-06
1.282244738832e-06
4.061885931606e-06
6.847884094441e-06
9.639875486300e-06
1.243719265176e-05
1.283047777179e-05
1.001259386157e-05
7.189453413048e-06
4.360434104456e-06
1.524580682144e-06
1.319901684838e-06
4.175855337962e-06
7.046724817883e-06
9.935402488281e-06
1.284289959358e-05
1.353123155923e-05
1.058082699501e-05
7.619488826549e-06
4.648718629596e-06
1.667513913617e-06
1.326818846792e-06
4.337040422797e-06
7.364560190126e-06
1.040909785388e-05
1.346974528360e-05
1.426882886335e-05
1.116463619155e-05
8.044048058764e-06
4.908564108064e-06
1.762547356066e-06
1.387608449477e-06
4.535857442534e-06
7.679387692860e-06
1.081980036588e-05
1.396206806703e-05
1.443415300173e-05
1.126360086801e-05
8.085849231065e-06
4.906273375127e-06
1.730845838210e-06
1.436170578017e-06
4.592782261170e-06
7.737944315522e-06
1.086958104679e-05
1.398393447971e-05
1.390246217170e-05
1.082163606725e-05
7.761994083921e-06
4.717545664334e-06
1.681512003415e-06
1.349895455860e-06
4.375052526484e-06
7.387620826194e-06
1.037997969888e-05
1.334737220304e-05
1.318373375625e-05
1.025043212621e-05
7.330904907121e-06
4.420684433626e-06
1.518101100828e-06
1.377157104798e-06
4.266994096724e-06
7.156629465044e-06
1.005407489174e-05
1.296701890396e-05
1.347399677343e-05
1.051182687206e-05
7.535258703228e-06
4.547845946945e-06
1.548742602608e-06
1.468503171509e-06
4.513675946782e-06
7.595649094583e-06
1.071876545211e-05
1.388207886066e-05
1.497263940564e-05
1.172597006871e-05
8.443922354218e-06
5.121569301991e-06
1.753650280989e-06
1.661646592765e-06
5.120710056872e-06
8.615913657195e-06
1.213948337409e-05
1.568726531787e-05
1.653597269069e-05
1.291890953325e-05
9.270626037505e-06
5.593190223863e-06
1.893450246371e-06
1.819962335503e-06
5.540751601529e-06
9.267483562780e-06
1.300267928173e-05
1.674890592085e-05
1.712706909984e-05
1.335237891453e-05
9.587003205525e-06
5.841145139129e-06
2.119649764154e-06
1.579115007644e-06
5.260567434107e-06
8.929129137414e-06
1.258475515442e-05
1.622285208214e-05
1.637968085788e-05
1.277622766338e-05
9.199103431001e-06
5.644807743010e-06
2.111191520271e-06
1.399304210281e-06
4.879738867203e-06
8.322478151968e-06
1.172419973727e-05
1.508876948719e-05
1.500621988271e-05
1.167285643078e-05
8.351550377483e-06
5.043979797392e-06
1.756635583661e-06
1.504307988398e-06
4.737343658689e-06
7.946326377350e-06
1.113711402922e-05
1.431298443322e-05
1.417509372459e-05
1.102509253315e-05
7.900409059403e-06
4.798669124284e-06
1.711121683456e-06
1.373030158902e-06
4.460408547402e-06
7.549183862920e-06
1.062997711188e-05
1.369139363305e-05
1.367890496340e-05
1.065636581643e-05
7.650621057564e-06
4.653524229070e-06
1.662420118009e-06
1.318118677318e-06
4.279611118818e-06
7.215625714707e-06
1.012613842022e-05
1.301699029455e-05
1.293071824193e-05
1.005338856430e-05
7.193037333764e-06
4.360857815300e-06
1.566939658915e-06
1.185618373256e-06
3.902604191808e-06
6.595045988433e-06
9.272575027808e-06
1.193813636746e-05
1.194401767179e-05
9.309812469382e-06
6.704308077587e-06
4.125004522848e-06
1.562819704759e-06
9.932559805748e-07
3.550690678367e-06
6.110632853051e-06
8.669559804275e-06
1.122419376998e-05
1.178378414579e-05
9.216942373769e-06
6.631588234995e-06
4.016126240458e-06
1.364239039958e-06
1.323916592355e-06
4.044508784773e-06
6.794662908760e-06
9.576016736901e-06
1.239503200168e-05
1.343454675862e-05
1.050772493727e-05
7.529146387242e-06
4.503645982368e-06
1.437605817500e-06
1.665358581704e-06
4.806834795090e-06
7.992510063559e-06
1.122835050182e-05
1.451605243119e-05
1.555941304332e-05
1.217314246560e-05
8.760427249399e-06
5.328929432835e-06
1.881071682419e-06
1.584611823091e-06
5.069751352949e-06
8.572721242217e-06
1.208789467455e-05
1.560794822808e-05
1.613641398990e-05
1.260310654061e-05
9.069144084606e-06
5.532534601116e-06
1.995713432734e-06
1.532903752377e-06
5.041346184953e-06
8.518928154899e-06
1.196090391886e-05
1.536939396374e-05
1.512055087005e-05
1.174834591211e-05
8.398111447150e-06
5.074547232198e-06
1.784135349681e-06
1.468809728067e-06
4.683852125709e-06
7.862681911774e-06
1.100513827623e-05
1.410654033407e-05
1.340780562487e-05
1.040252180928e-05
7.456393916527e-06
4.563717084238e-06
1.713893652777e-06
1.102611520309e-06
3.888901630944e-06
6.640639412581e-06
9.349741560527e-06
1.201044585741e-05
1.154176982254e-05
8.962468143636e-06
6.417620113552e-06
3.903986566911e-06
1.423924345545e-06
1.017931992919e-06
3.420432847179e-06
5.789677288703e-06
8.137983741108e-06
1.047776754604e-05
1.058896617678e-05
8.250690029854e-06
5.928472830874e-06
3.631355980360e-06
1.360975829812e-06
8.896000167624e-07
3.131367407150e-06
5.371981956159e-06
7.610921272772e-06
9.840369330050e-06
1.008688417414e-05
7.891710197327e-06
5.714946098578e-06
3.547745620835e-06
1.383361393437e-06
7.775710173519e-07
2.926702791228e-06
5.053218956164e-06
7.150827570968e-06
9.221591369624e-06
9.280006793233e-06
7.230373682887e-06
5.187096746795e-06
3.154637568059e-06
1.141050802289e-06
8.486466640534e-07
2.817362656060e-06
4.775725756190e-06
6.737075295860e-06
8.711008604223e-06
9.219833486895e-06
7.212231992071e-06
5.196169524879e-06
3.170677757680e-06
1.129004715494e-06
9.385846055920e-07
3.040102455998e-06
5.178846095077e-06
7.354124477388e-06
9.565152026880e-06
1.071499247018e-05
8.411275985054e-06
6.050228193999e-06
3.624094063071e-06
1.131415956479e-06
1.422596710654e-06
4.029295041619e-06
6.681216689230e-06
9.375196157180e-06
1.211234416587e-05
1.297450239690e-05
1.013527452187e-05
7.250390865465e-06
4.324138558331e-06
1.361179499781e-06
1.635117030219e-06
4.662760829888e-06
7.719430755060e-06
1.080050338942e-05
1.389816452502e-05
1.408596159536e-05
1.097421386476e-05
7.871614229771e-06
4.780154370110e-06
1.698132621186e-06
1.377500041144e-06
4.448558570402e-06
7.513676337112e-06
1.056832093127e-05
1.360604005640e-05
1.356765807259e-05
1.057099711943e-05
7.603871267747e-06
4.666472023018e-06
1.758580367550e-06
1.119247258430e-06
3.965710902776e-06
6.779600596474e-06
9.561225681409e-06
1.231278281466e-05
1.224901700425e-05
9.539868699449e-06
6.855939318484e-06
4.201566582651e-06
1.583097571256e-06
9.941559255822e-07
3.528734225711e-06
6.023934020050e-06
8.485953060244e-06
1.092066986530e-05
1.080369253259e-05
8.412037004746e-06
6.050434080862e-06
3.721459336248e-06
1.424516426596e-06
8.439602652288e-07
3.087964955739e-06
5.309198684245e-06
7.506068754992e-06
9.675314572632e-06
9.617704165521e-06
7.496878083657e-06
5.396359597398e-06
3.308485190701e-06
1.228216376603e-06
8.447896675534e-07
2.906981819706e-06
4.954308735705e-06
6.985604159127e-06
9.003905859117e-06
9.125213239258e-06
7.110074022876e-06
5.096916936509e-06
3.088306186783e-06
1.087667953925e-06
9.037768222697e-07
2.888740596063e-06
4.872455122040e-06
6.859556265226e-06
8.851208519900e-06
9.121937466716e-06
7.123703824163e-06
5.130635656769e-06
3.141639240312e-06
1.152536128757e-06
8.410873419962e-07
2.840935621862e-06
4.844996226439e-06
6.849431940736e-06
8.851882910221e-06
9.197534836858e-06
7.183332854765e-06
5.157189264082e-06
3.114621620171e-06
1.055402776728e-06
1.017195245367e-06
3.099370758264e-06
5.189854334731e-06
7.291146516764e-06
9.408148343937e-06
9.854090762929e-06
7.689151061641e-06
5.504839975856e-06
3.304389963432e-06
1.089492172923e-06
1.141446375641e-06
3.392514088318e-06
5.667750258453e-06
7.968039540174e-06
1.028980989304e-05
1.076724248605e-05
8.416601133376e-06
6.062869658763e-06
3.706225129463e-06
1.343943665688e-06
1.026726806685e-06
3.405639972698e-06
5.788532462248e-06
8.168162082711e-06
1.053710462884e-05
1.067394555321e-05
8.331067419931e-06
6.005658860886e-06
3.698009436448e-06
1.410973482052e-06
8.498305419380e-07
3.077719725297e-06
5.267749372706e-06
7.418658469760e-06
9.532554088310e-06
9.220898164131e-06
7.166343721110e-06
5.147760646196e-06
3.171728621965e-06
1.245367002412e-06
6.273990038608e-07
2.447974566167e-06
4.222371273954e-06
5.958072847534e-06
7.660290123113e-06
7.399615697068e-06
5.757670862749e-06
4.153552936259e-06
2.587473090898e-06
1.055602353972e-06
4.485798967835e-07
1.931396013788e-06
3.396495685593e-06
4.844597015108e-06
6.275570513026e-06
6.500681649868e-06
5.086810745070e-06
3.673605590393e-06
2.252288595628e-06
8.172797834050e-07
6.322516128421e-07
2.093635771416e-06
3.563837537968e-06
5.042623456575e-06
6.533838813993e-06
7.093002352576e-06
5.549016862005e-06
3.974045569066e-06
2.366832234202e-06
7.285792662515e-07
9.388690500600e-07
2.634483621478e-06
4.358303158369e-06
6.110602157605e-06
7.890912399944e-06
8.400010472087e-06
6.561674069872e-06
4.699183648427e-06
2.811288197790e-06
8.950468668445e-07
1.052991535744e-06
3.035285601527e-06
5.052149049334e-06
7.101580536073e-06
9.180130916775e-06
9.786052885374e-06
7.652358306132e-06
5.496717960796e-06
3.317613789022e-06
1.111414235311e-06
1.126985978317e-06
3.403075595543e-06
5.721602917674e-06
8.085486911114e-06
1.049550559173e-05
1.163442595953e-05
9.128644364864e-06
6.582313858416e-06
3.997190958671e-06
1.374161001877e-06
1.286708823045e-06
3.986329488725e-06
6.726471951879e-06
9.509860888102e-06
1.233971221382e-05
1.361068052574e-05
1.067241549890e-05
7.685739603858e-06
4.655452244151e-06
1.588386908224e-06
1.508236209702e-06
4.628450255950e-06
7.768474006298e-06
1.092657561230e-05
1.410239099187e-05
1.468207926791e-05
1.146150509612e-05
8.225286705965e-06
4.975291631126e-06
1.713979997930e-06
1.555435119371e-06
4.828949101920e-06
8.101873731903e-06
1.136945525104e-05
1.462766141458e-05
1.463560920456e-05
1.139172610465e-05
8.161062851286e-06
4.943185217599e-06
1.737894535836e-06
1.454578978155e-06
4.633615787952e-06
7.798386093327e-06
1.094803855040e-05
1.408167764794e-05
1.401604930606e-05
1.090636482104e-05
7.815069693606e-06
4.742435237404e-06
1.688540407940e-06
1.346279759673e-06
4.361206265457e-06
7.354824447248e-06
1.032563960734e-05
1.327271047558e-05
1.308319502868e-05
1.017178584561e-05
7.280468082627e-06
4.407290191466e-06
1.551077843942e-06
1.288444707370e-06
4.110851421046e-06
6.915427263721e-06
9.701406042950e-06
1.246790913001e-05
1.228542083709e-05
9.551641483085e-06
6.838624642569e-06
4.144262334194e-06
1.464494403081e-06
1.206044260016e-06
3.872547722494e-06
6.538564491620e-06
9.205026572090e-06
1.187043352502e-05
1.211722110384e-05
9.454611586079e-06
6.800523237871e-06
4.155439228271e-06
1.518768101505e-06
1.110648327085e-06
3.734401673228e-06
6.354485833526e-06
8.973174601579e-06
1.159240417792e-05
1.202136735401e-05
9.394936284934e-06
6.774676364785e-06
4.167847293957e-06
1.582078141382e-06
9.765524850991e-07
3.505009999571e-06
6.003398254961e-06
8.473930051878e-06
1.091928982078e-05
1.090669417181e-05
8.501699767294e-06
6.122087427229e-06
3.770863543195e-06
1.451687410281e-06
8.315508921442e-07
3.075128176988e-06
5.275960461404e-06
7.432366714966e-06
9.544988586185e-06
9.131218064340e-06
7.087470123679e-06
5.070675626939e-06
3.073652806052e-06
1.091249657748e-06
8.787663432486e-07
2.835795385181e-06
4.777667697908e-06
6.702389782731e-06
8.609631208856e-06
8.439841508334e-06
6.554038861850e-06
4.673954492773e-06
2.793648093302e-06
9.073768865164e-07
9.901883686325e-07
2.903711845192e-06
4.836838911615e-06
6.791444207010e-06
8.766987662057e-06
9.197723898069e-06
7.185373419816e-06
5.163503828953e-06
3.134323947052e-06
1.097414894957e-06
9.497043720330e-07
3.009915133134e-06
5.084961514967e-06
7.174658776421e-06
9.277445201405e-06
9.773843657968e-06
7.644075481039e-06
5.504851060323e-06
3.357681748639e-06
1.205969169860e-06
9.449246931581e-07
3.089115068633e-06
5.222344611866e-06
7.343619301992e-06
9.455082135901e-06
9.516416298538e-06
7.409615079723e-06
5.306911987191e-06
3.209903866264e-06
1.119583828313e-06
9.655231565375e-07
3.049522319998e-06
5.136884055901e-06
7.229582024593e-06
9.325238124802e-06
9.540237044803e-06
7.448960104739e-06
5.366995935674e-06
3.289719472832e-06
1.208156277244e-06
8.871665500010e-07
3.002384573847e-06
5.139073209648e-06
7.296084675090e-06
9.472813133016e-06
1.034516805021e-05
8.113356670947e-06
5.851699029336e-06
3.561125765827e-06
1.247573663932e-06
1.080919048491e-06
3.419286940698e-06
5.769373274234e-06
8.139968088017e-06
1.054271012890e-05
1.147783262923e-05
8.986000182176e-06
6.459610631282e-06
3.909229235433e-06
1.343776546037e-06
1.232593888290e-06
3.820101483143e-06
6.419815917980e-06
9.030401997734e-06
1.164733339465e-05
1.194966245066e-05
9.324552024736e-06
6.697091293972e-06
4.060421758822e-06
1.408656544299e-06
1.258306838281e-06
3.932895481285e-06
6.602320752336e-06
9.254033841444e-06
1.188113259332e-05
1.158364420917e-05
8.989456318886e-06
6.404327109522e-06
3.822967642009e-06
1.244385771315e-06
1.329504016212e-06
3.896481018728e-06
6.455930190441e-06
9.008306562919e-06
1.155328891400e-05
1.129179111103e-05
8.765270422373e-06
6.260064822072e-06
3.778577649882e-06
1.317890905739e-06
1.129696840962e-06
3.573914511890e-06
6.022651291460e-06
8.479336258915e-06
1.094239826216e-05
1.127239005427e-05
8.803979255845e-06
6.343078609916e-06
3.890971129294e-06
1.446849864806e-06
9.913376288750e-07
3.426282944474e-06
5.861242584615e-06
8.300234071612e-06
1.074801832601e-05
1.144145960552e-05
8.953933445355e-06
6.445929557231e-06
3.917360061223e-06
1.370263987610e-06
1.192165427710e-06
3.766919746795e-06
6.352345110372e-06
8.948847437296e-06
1.155858740276e-05
1.211462836181e-05
9.460749708978e-06
6.786172946249e-06
4.090658080713e-06
1.374990574732e-06
1.359791951927e-06
4.112736974093e-06
6.882740592573e-06
9.667748543052e-06
1.246397499699e-05
1.279499866769e-05
9.984608084324e-06
7.181325031524e-06
4.389612399791e-06
1.611872448848e-06
1.151024434876e-06
3.898555803517e-06
6.629767938193e-06
9.343157501007e-06
1.203726338872e-05
1.206529731235e-05
9.404044362782e-06
6.765715284018e-06
4.154135751833e-06
1.575532451170e-06
9.626706969357e-07
3.454258546753e-06
5.896477034639e-06
8.291040273889e-06
1.064321065769e-05
1.023354070639e-05
7.941094224861e-06
5.676307921476e-06
3.438192209160e-06
1.226654262609e-06
9.581420385985e-07
3.115505194273e-06
5.243225302820e-06
7.337144609210e-06
9.392202684921e-06
8.746035064178e-06
6.769753952085e-06
4.829713986965e-06
2.916711082435e-06
1.021558318826e-06
8.611254429525e-07
2.730954463459e-06
4.582710062095e-06
6.409398565665e-06
8.205416463625e-06
7.680373414587e-06
5.946117369149e-06
4.244594322245e-06
2.575750613687e-06
9.396524092153e-07
6.653072546214e-07
2.243847177397e-06
3.803657762091e-06
5.352711298201e-06
6.895739090851e-06
6.949279338642e-06
5.421207163181e-06
3.913076000117e-06
2.429131257031e-06
9.674521379566e-07
4.798373538506e-07
1.923590900788e-06
3.373670949713e-06
4.836270647957e-06
6.313992628293e-06
7.152112402764e-06
5.635310401431e-06
4.096949510313e-06
2.533476333610e-06
9.433141485715e-07
6.719762382090e-07
2.308815112428e-06
3.964389918565e-06
5.639639596211e-06
7.340066360939e-06
8.284369471312e-06
6.505325700346e-06
4.683125723659e-06
2.820994552621e-06
9.263631568501e-07
9.927049404723e-07
2.930550579094e-06
4.885067369287e-06
6.856543109279e-06
8.845227171150e-06
9.215005206897e-06
7.193370151981e-06
5.163171408640e-06
3.126904516648e-06
1.085118526589e-06
9.625587154005e-07
3.015518018401e-06
5.070648512628e-06
7.122318493202e-06
9.164079415314e-06
9.100347483582e-06
7.084998514983e-06
5.085137843253e-06
3.098508273069e-06
1.123845663642e-06
8.375863558285e-07
2.782191074857e-06
4.705563299012e-06
6.604303166569e-06
8.477057690470e-06
8.170875844371e-06
6.342731467157e-06
4.538000098364e-06
2.757037748324e-06
1.001088435260e-06
7.283928766810e-07
2.430310189538e-06
4.103938692879e-06
5.748499233960e-06
7.362679923517e-06
6.899575453190e-06
5.346069713141e-06
3.827321222616e-06
2.342332550143e-06
8.883961299944e-07
5.382155450206e-07
1.941130449268e-06
3.322888915136e-06
4.684379405262e-06
6.025217260230e-06
5.872909696336e-06
4.570652095026e-06
3.291271241324e-06
2.033673297319e-06
7.954883471939e-07
4.267891995369e-07
1.637421348732e-06
2.840936929260e-06
4.041478746331e-06
5.242215308954e-06
5.606598449504e-06
4.395995006234e-06
3.183393289419e-06
1.969553409253e-06
7.549957672381e-07
4.604173113876e-07
1.677412058143e-06
2.897251704326e-06
4.121426911752e-06
5.351503602924e-06
5.806216620385e-06
4.555560849440e-06
3.295964290828e-06
2.027959851603e-06
7.531291430496e-07
5.263188427307e-07
1.808376566714e-06
3.092152269346e-06
4.378495304991e-06
5.669836809830e-06
6.050081879039e-06
4.733879620744e-06
3.404280562336e-06
2.060457916286e-06
7.022654813227e-07
6.707175543852e-07
2.059805467525e-06
3.467425642611e-06
4.896738630578e-06
6.351093475132e-06
7.020253121937e-06
5.499697181222e-06
3.943444767174e-06
2.346912310713e-06
7.051322654661e-07
9.862922638604e-07
2.730339360824e-06
4.528024419415e-06
6.378824764397e-06
8.281593693482e-06
9.335296851987e-06
7.322295687118e-06
5.255703570128e-06
3.133746190542e-06
9.555079714119e-07
1.278540594285e-06
3.566506507013e-06
5.905611772050e-06
8.292759730466e-06
1.072468398888e-05
1.156710743544e-05
9.049122638771e-06
6.499542109850e-06
3.924492091301e-06
1.330519182829e-06
1.275939780498e-06
3.889046695349e-06
6.503519102807e-06
9.114785370912e-06
1.171868819938e-05
1.165314733953e-05
9.066538666502e-06
6.498302639102e-06
3.952151246267e-06
1.431888051684e-06
1.058656664554e-06
3.515855553360e-06
5.936513559845e-06
8.317808124048e-06
1.065713092885e-05
1.003081638373e-05
7.774635946589e-06
5.565788114836e-06
3.402987658774e-06
1.282357686705e-06
8.020388122532e-07
2.856733544832e-06
4.886868623544e-06
6.894862394802e-06
8.880322866389e-06
8.800376178897e-06
6.857939808924e-06
4.940107260154e-06
3.043589799745e-06
1.163818240002e-06
7.035839644232e-07
2.562116549143e-06
4.414865315994e-06
6.265678280215e-06
8.120023721858e-06
8.685733462244e-06
6.800196729273e-06
4.897710027763e-06
2.981225236454e-06
1.057414749539e-06
8.665018640386e-07
2.786023571844e-06
4.701427599230e-06
6.616997666242e-06
8.538296128791e-06
8.861879337019e-06
6.916311065197e-06
4.964343702341e-06
3.010146315319e-06
1.057001497884e-06
8.931676802604e-07
2.838638806679e-06
4.776235414283e-06
6.700518667913e-06
8.605022571828e-06
8.336207542925e-06
6.477130170879e-06
4.640553015633e-06
2.820603924647e-06
1.012148857171e-06
7.863189921409e-07
2.571752816038e-06
4.338100836776e-06
6.079174568185e-06
7.791120083311e-06
7.372914069492e-06
5.712967549698e-06
4.077343135123e-06
2.463121575147e-06
8.677683354108e-07
7.114681466192e-07
2.278142972045e-06
3.836183509520e-06
5.388739282353e-06
6.936955116998e-06
6.967671652092e-06
5.428844588096e-06
3.901598631728e-06
2.386864139226e-06
8.826849011712e-07
6.155272558317e-07
2.113915002155e-06
3.618862422172e-06
5.135992637406e-06
6.669687593330e-06
7.329746438245e-06
5.751184630753e-06
4.152445342243e-06
2.535327837450e-06
9.020375273394e-07
7.461082986993e-07
2.409794376490e-06
4.092042047432e-06
5.797673338748e-06
7.531958431173e-06
8.395900010782e-06
6.587369682620e-06
4.740674683035e-06
2.854810247754e-06
9.294390110881e-07
1.034861554672e-06
3.036007456103e-06
5.070310294286e-06
7.133037797757e-06
9.219746345934e-06
9.774755881153e-06
7.640782257567e-06
5.485184999543e-06
3.306902101485e-06
1.106426168462e-06
1.113460484703e-06
3.347994152136e-06
5.591713545527e-06
7.839516626973e-06
1.008724825624e-05
1.013539406358e-05
7.892839960277e-06
5.662663113526e-06
3.449976986758e-06
1.259446548829e-06
9.057512784238e-07
3.044452739687e-06
5.157260261512e-06
7.245583162785e-06
9.310766586168e-06
9.104948503591e-06
7.077077384565e-06
5.070308816357e-06
3.083596311626e-06
1.115188467793e-06
8.370811315217e-07
2.775609743821e-06
4.702962826286e-06
6.621907630233e-06
8.535652000319e-06
8.708012273928e-06
6.785317793856e-06
4.854728388182e-06
2.911297599439e-06
9.503059459348e-07
1.032327872963e-06
3.039564489882e-06
5.072923897842e-06
7.132271719001e-06
9.216155319791e-06
9.771548775461e-06
7.637647343017e-06
5.484473206252e-06
3.312483215723e-06
1.122086871419e-06
1.085534336198e-06
3.307804490760e-06
5.540752738398e-06
7.779704105815e-06
1.002002869654e-05
1.014730491988e-05
7.909444377674e-06
5.681670870672e-06
3.468213549240e-06
1.273733175822e-06
8.973893841357e-07
3.041966863293e-06
5.158509793546e-06
7.247023688706e-06
9.307939023984e-06
9.017630873132e-06
7.007501324097e-06
5.028712848798e-06
3.082894977524e-06
1.169817153368e-06
7.131711186048e-07
2.570771073351e-06
4.408471681927e-06
6.231164832116e-06
8.042508909512e-06
8.207545647565e-06
6.405531962628e-06
4.607757716713e-06
2.811236640810e-06
1.012880204598e-06
7.899373599685e-07
2.599209835807e-06
4.416677825247e-06
6.244710391456e-06
8.086813579666e-06
8.686993851370e-06
6.796758043492e-06
4.879880918907e-06
2.935371071544e-06
9.645236787037e-07
1.029925158491e-06
3.045100243071e-06
5.079086463411e-06
7.131177596875e-06
9.201478519572e-06
9.625802022128e-06
7.511700061968e-06
5.378690104862e-06
3.226492935937e-06
1.054624362951e-06
1.136983996730e-06
3.347345227667e-06
5.573905639267e-06
7.812908393134e-06
1.006038399964e-05
1.024705795771e-05
7.982493059444e-06
5.712540598779e-06
3.435619760239e-06
1.150465323008e-06
1.143084773503e-06
3.444195840530e-06
5.751425362632e-06
8.063323889473e-06
1.037843816221e-05
1.050132328828e-05
8.178571874851e-06
5.859079408310e-06
3.544908679487e-06
1.236838215846e-06
1.065991398264e-06
3.365572979419e-06
5.663939475653e-06
7.962089625835e-06
1.025952093414e-05
1.042839727461e-05
8.130223591252e-06
5.837333901582e-06
3.550270548658e-06
1.269201902687e-06
1.005848332625e-06
3.275157553162e-06
5.539931294152e-06
7.802751611052e-06
1.006742076015e-05
1.039804817538e-05
8.111911711239e-06
5.815949975840e-06
3.510530120820e-06
1.196120422264e-06
1.127814641677e-06
3.463150051175e-06
5.812188021537e-06
8.176193603049e-06
1.055463491184e-05
1.099565758977e-05
8.586142200784e-06
6.163535886117e-06
3.723835050096e-06
1.262095565835e-06
1.224908714903e-06
3.736790290532e-06
6.269661298575e-06
8.818399749089e-06
1.137945082519e-05
1.180602976092e-05
9.213144494424e-06
6.605724649944e-06
3.985611783719e-06
1.357845746952e-06
1.271797316349e-06
3.900392243850e-06
6.530089535772e-06
9.167254233944e-06
1.181882021228e-05
1.223355286584e-05
9.542850762045e-06
6.844474626178e-06
4.146143282924e-06
1.451922855722e-06
1.239301639089e-06
3.932024355890e-06
6.630536006469e-06
9.336032974261e-06
1.204660759413e-05
1.240431703309e-05
9.680707137250e-06
6.948808334073e-06
4.201250362712e-06
1.432104454580e-06
1.359525640510e-06
4.168829548234e-06
6.987823269355e-06
9.809881817091e-06
1.263315493816e-05
1.285225596348e-05
1.000556864028e-05
7.142157357976e-06
4.259976549292e-06
1.360536771244e-06
1.553007791699e-06
4.478285802634e-06
7.414634353609e-06
1.036248659148e-05
1.332141948751e-05
1.342447393426e-05
1.044355599333e-05
7.461694224276e-06
4.480716825128e-06
1.499704524122e-06
1.484092763349e-06
4.473257320114e-06
7.468384978893e-06
1.046734962529e-05
1.346596360463e-05
1.351275233219e-05
1.051998225421e-05
7.539160890246e-06
4.571584724999e-06
1.617336010895e-06
1.324223944721e-06
4.254341831711e-06
7.174397865128e-06
1.008520990808e-05
1.298635072544e-05
1.305213146452e-05
1.017044780838e-05
7.308982333143e-06
4.471780243875e-06
1.661493342908e-06
1.121082050304e-06
3.876668017710e-06
6.607039438222e-06
9.314436454133e-06
1.200105390353e-05
1.204429156587e-05
9.385943542384e-06
6.744765130406e-06
4.121511494759e-06
1.518000658507e-06
1.063221134245e-06
3.619548806455e-06
6.149075318262e-06
8.651232008106e-06
1.112728347152e-05
1.098558414014e-05
8.543304033992e-06
6.115179473909e-06
3.697805027514e-06
1.289965325668e-06
1.107038031023e-06
3.490235371828e-06
5.856530549408e-06
8.204248956645e-06
1.053354583291e-05
1.030844055094e-05
8.006005373318e-06
5.722334833536e-06
3.460815037215e-06
1.224758761964e-06
9.848133117885e-07
3.170165030042e-06
5.335688229025e-06
7.485008950425e-06
9.618204558137e-06
9.430045224690e-06
7.336724422657e-06
5.275239232105e-06
3.246750566177e-06
1.248529770237e-06
7.231672043417e-07
2.669451873771e-06
4.586934096551e-06
6.469544985066e-06
8.312789702813e-06
7.961680069002e-06
6.180945604228e-06
4.420000493610e-06
2.670364210644e-06
9.301299996878e-07
7.959289405335e-07
2.500383402548e-06
4.178684207545e-06
5.832353338064e-06
7.467887883195e-06
7.179062890827e-06
5.556926794270e-06
3.944812078771e-06
2.346451026369e-06
7.621707709404e-07
8.143505851876e-07
2.394699492925e-06
3.990380093910e-06
5.606706622530e-06
7.240214813464e-06
7.558752997738e-06
5.912541951147e-06
4.270087060831e-06
2.626023103858e-06
9.704627359497e-07
7.050863359837e-07
2.403531027539e-06
4.122352720515e-06
5.857948281118e-06
7.610426166593e-06
8.394998246786e-06
6.582270145827e-06
4.732638274163e-06
2.846775601029e-06
9.318768547928e-07
1.002787655580e-06
2.951776878035e-06
4.916884790873e-06
6.905879786245e-06
8.927502733513e-06
9.632410410632e-06
7.531965138696e-06
5.404110936524e-06
3.256149852859e-06
1.091489252758e-06
1.091031776923e-06
3.294289001587e-06
5.518892521650e-06
7.760666051126e-06
1.001140998369e-05
1.028084386689e-05
8.027745991512e-06
5.781675952221e-06
3.541081923686e-06
1.304740010255e-06
9.253546977561e-07
3.143422418361e-06
5.341622909327e-06
7.512933905218e-06
9.653336633164e-06
9.358589977637e-06
7.273222138338e-06
5.219412344104e-06
3.199832065093e-06
1.219363809923e-06
7.163878308347e-07
2.603258963063e-06
4.439982319582e-06
6.228452718915e-06
7.972419382440e-06
7.389241716282e-06
5.717255646687e-06
4.084601357590e-06
2.493660417713e-06
9.469865176470e-07
5.542964913730e-07
2.011380843214e-06
3.427113540511e-06
4.804496256838e-06
6.145387828838e-06
5.627620623727e-06
4.351664529167e-06
3.108996622814e-06
1.894542606351e-06
7.013310323600e-07
4.768289727508e-07
1.642569202431e-06
2.793851763272e-06
3.925495036583e-06
5.032814101469e-06
4.734349602131e-06
3.666723330298e-06
2.611710442579e-06
1.561269755257e-06
5.101109650241e-07
5.437800609798e-07
1.601136602858e-06
2.663843815753e-06
3.735946961569e-06
4.821999311844e-06
5.123950757024e-06
4.001852346391e-06
2.870761079521e-06
1.734905708872e-06
5.933868578722e-07
5.613682674266e-07
1.741210496675e-06
2.957035519557e-06
4.214040018269e-06
5.510619075721e-06
6.491541626019e-06
5.125512075210e-06
3.730527282642e-06
2.303445853613e-06
8.411820431320e-07
6.556987273143e-07
2.182391995120e-06
3.733328924227e-06
5.307242986419e-06
6.909941760114e-06
7.897632940512e-06
6.199936365192e-06
4.450713561255e-06
2.657538402673e-06
8.341575039594e-07
1.006916249935e-06
2.860778863578e-06
4.731540741432e-06
6.627943264448e-06
8.556563670936e-06
9.118212119574e-06
7.124870876396e-06
5.112010512676e-06
3.081195529830e-06
1.027348844218e-06
1.057371264324e-06
3.176891937073e-06
5.326422524377e-06
7.493474754483e-06
9.664014044120e-06
9.863248465081e-06
7.691488008277e-06
5.510682683507e-06
3.309150883979e-06
1.081580819573e-06
1.167960022030e-06
3.429139837863e-06
5.691668206964e-06
7.950677058943e-06
1.020743724212e-05
1.014541572886e-05
7.878793212512e-06
5.616681903575e-06
3.368903492174e-06
1.143969655004e-06
1.055801476468e-06
3.235185715766e-06
5.402454860359e-06
7.563480039607e-06
9.717477610138e-06
9.570117754265e-06
7.447855523424e-06
5.358087889817e-06
3.303366497676e-06
1.281790332541e-06
7.096570584508e-07
2.671681158972e-06
4.601792909398e-06
6.496410605905e-06
8.353915063708e-06
8.082564647793e-06
6.281976823175e-06
4.505214917572e-06
2.749838699856e-06
1.017781869450e-06
6.861415045023e-07
2.357126504648e-06
3.992870858838e-06
5.594106369244e-06
7.163212330852e-06
6.716872292145e-06
5.201075396144e-06
3.715757145528e-06
2.260585119984e-06
8.328375429301e-07
5.724499487769e-07
1.960758197583e-06
3.335627923207e-06
4.697197084624e-06
6.042464349321e-06
5.911243704304e-06
4.602864237313e-06
3.317435869121e-06
2.051963576832e-06
8.021445978557e-07
4.363545826891e-07
1.667051662935e-06
2.893408407090e-06
4.119850814277e-06
5.352318169116e-06
5.884149686608e-06
4.613920680185e-06
3.322242037029e-06
2.009889897181e-06
6.800531764384e-07
6.641129743912e-07
2.022284718350e-06
3.398267210741e-06
4.799401096989e-06
6.234286843210e-06
7.077162820224e-06
5.549367699587e-06
3.974014987307e-06
2.350500267312e-06
6.782094601476e-07
1.043782276611e-06
2.815788207045e-06
4.636208075226e-06
6.500979623070e-06
8.404747063651e-06
9.068402050616e-06
7.090212193361e-06
5.075825697531e-06
3.020078622740e-06
9.184617510982e-07
1.230054408552e-06
3.421889005040e-06
5.649850891132e-06
7.905737959391e-06
1.018272195097e-05
1.049030771583e-05
8.176160577023e-06
5.852098183823e-06
3.522629697272e-06
1.193062416860e-06
1.132085458266e-06
3.450341296229e-06
5.761312479535e-06
8.065162489856e-06
1.036026429801e-05
1.020296491561e-05
7.936048405099e-06
5.699734913378e-06
3.501435116959e-06
1.345423243038e-06
7.671200137338e-07
2.836547423613e-06
4.862830962793e-06
6.844686595286e-06
8.779775782841e-06
8.220334393627e-06
6.378147986652e-06
4.584840155530e-06
2.839180126557e-06
1.140459573890e-06
5.109916401125e-07
2.114370033723e-06
3.669664693007e-06
5.178990136301e-06
6.646731833371e-06
6.262447584504e-06
4.855131749082e-06
3.471982608971e-06
2.109590525379e-06
7.658108529540e-07
5.612839686364e-07
1.874412703273e-06
3.177604867233e-06
4.475910714064e-06
5.774510100309e-06
5.971449411390e-06
4.656559326577e-06
3.331905816140e-06
1.996018454520e-06
6.470363587141e-07
7.174586471592e-07
2.100109838921e-06
3.502603931338e-06
4.924725317323e-06
6.363969930590e-06
6.722601312958e-06
5.257313034690e-06
3.785160743064e-06
2.306395003870e-06
8.200587444662e-07
6.742313871655e-07
2.174793905851e-06
3.677567576688e-06
5.177526986699e-06
6.670716913959e-06
6.708519151744e-06
5.227437270605e-06
3.752594466278e-06
2.284652850904e-06
8.272027685052e-07
6.143123414404e-07
2.035202498973e-06
3.434096299770e-06
4.813781515622e-06
6.179878312196e-06
6.058628457595e-06
4.701502746229e-06
3.348527798153e-06
2.000548590786e-06
6.575962743227e-07
6.823200351391e-07
2.022497142207e-06
3.365498741914e-06
4.711305280125e-06
6.057204871013e-06
6.042218501534e-06
4.700841145677e-06
3.362562154052e-06
2.021914156103e-06
6.723177534695e-07
6.912009098414e-07
2.070158757306e-06
3.462805125309e-06
4.865440928370e-06
6.273870098994e-06
6.437938225190e-06
5.025369205214e-06
3.619447170422e-06
2.224550712526e-06
8.436135203738e-07
5.232723765403e-07
1.879119395198e-06
3.228765990571e-06
4.576601099870e-06
5.924518632128e-06
6.216189376573e-06
4.869249664807e-06
3.530561286880e-06
2.203434007697e-06
8.908540962693e-07
4.040917929160e-07
1.677910177023e-06
2.928036678895e-06
4.154704356552e-06
5.362313402202e-06
5.423570996754e-06
4.225533814406e-06
3.024346654001e-06
1.819984390750e-06
6.176671263347e-07
5.750128480031e-07
1.751834133756e-06
2.910207399509e-06
4.050822724366e-06
5.175322371542e-06
4.819323351057e-06
3.724038094788e-06
2.647722055826e-06
1.589800376678e-06
5.462345598062e-07
4.891088565273e-07
1.521184913145e-06
2.550696535764e-06
3.573185153982e-06
4.581252085245e-06
4.325228019297e-06
3.355655337600e-06
2.405297891528e-06
1.467344191042e-06
5.347505407372e-07
3.971271667069e-07
1.330275779310e-06
2.265561192871e-06
3.204822348835e-06
4.151945120157e-06
4.517274248883e-06
3.533043297921e-06
2.528381060074e-06
1.502652651197e-06
4.561376840684e-07
6.117121529314e-07
1.703238979189e-06
2.822391593327e-06
3.973492709974e-06
5.160025239093e-06
5.881175184186e-06
4.613653970864e-06
3.309211479063e-06
1.968854746792e-06
5.936642537563e-07
8.152794066518e-07
2.256853179006e-06
3.729962884336e-06
5.233428566953e-06
6.765693115085e-06
7.289431039226e-06
5.701211478026e-06
4.093057668797e-06
2.468102252351e-06
8.281812711175e-07
8.263191375590e-07
2.495865146557e-06
4.180540315701e-06
5.879107050077e-06
7.588892628974e-06
7.898200124146e-06
6.168655033889e-06
4.434666948328e-06
2.695871046399e-06
9.514536714050e-07
7.989586379153e-07
2.554887487349e-06
4.315648595821e-06
6.081202513997e-06
7.852551505039e-06
8.187193714093e-06
6.392855368631e-06
4.590549679051e-06
2.782456590467e-06
9.715486726236e-07
8.396172006542e-07
2.649720215686e-06
4.458659532247e-06
6.266853176840e-06
8.074485208454e-06
8.218532570936e-06
6.405834710677e-06
4.595331120072e-06
2.787945732052e-06
9.854318250291e-07
8.091113841147e-07
2.591678537556e-06
4.358634498658e-06
6.108332911481e-06
7.841905983241e-06
7.673775144212e-06
5.955346807696e-06
4.243503724410e-06
2.538057515267e-06
8.402103048866e-07
8.491578569192e-07
2.530796962219e-06
4.206994844935e-06
5.880230673938e-06
7.551704072739e-06
7.496187208744e-06
5.823885430800e-06
4.152558176429e-06
2.477249495314e-06
7.906402856861e-07
9.142635235548e-07
2.640850425450e-06
4.387560466057e-06
6.149066280159e-06
7.919588654204e-06
8.089294681213e-06
6.301089570115e-06
4.502708009113e-06
2.690813118988e-06
8.642821853755e-07
9.755035534909e-07
2.826303841630e-06
4.686880231475e-06
6.557454582889e-06
8.438409736300e-06
8.588276386945e-06
6.690357054140e-06
4.796922382866e-06
2.915650782143e-06
1.050786693213e-06
7.984066314748e-07
2.636627471020e-06
4.469767702631e-06
6.301866790182e-06
8.133753794937e-06
8.357265642189e-06
6.526947629482e-06
4.703431613962e-06
2.887672451379e-06
1.080119091057e-06
7.184847845565e-07
2.507312899525e-06
4.286519697416e-06
6.058548819965e-06
7.828560399048e-06
8.170649891781e-06
6.378149294051e-06
4.568531664972e-06
2.739575734267e-06
8.916090337152e-07
9.734802119965e-07
2.853458511254e-06
4.746539389089e-06
6.651820285697e-06
8.569631177124e-06
8.842797342368e-06
6.887825236390e-06
4.911703115340e-06
2.910793966748e-06
8.828226896185e-07
1.172769827917e-06
3.255182946305e-06
5.363135130665e-06
7.495553177250e-06
9.651291009050e-06
9.969327322779e-06
7.768169609790e-06
5.553869698360e-06
3.330510651267e-06
1.099655662529e-06
1.140575477621e-06
3.394310056137e-06
5.665165701885e-06
7.953488079693e-06
1.025555553724e-05
1.055882529499e-05
8.240512272550e-06
5.922123591517e-06
3.602794492963e-06
1.281354286675e-06
1.040417544118e-06
3.356385661846e-06
5.657939709636e-06
7.938163719245e-06
1.019555293169e-05
9.979898322854e-06
7.746495271022e-06
5.519513763375e-06
3.300205946744e-06
1.095767743209e-06
1.084579650978e-06
3.234493533455e-06
5.353279391329e-06
7.444516086252e-06
9.511955795460e-06
8.899477677460e-06
6.879847887831e-06
4.894602966488e-06
2.946093559331e-06
1.029980580824e-06
8.635041126581e-07
2.744774405983e-06
4.619264927896e-06
6.484914081284e-06
8.334011170064e-06
8.101862135845e-06
6.301587859525e-06
4.525697647750e-06
2.766261957277e-06
1.015295197249e-06
7.318171810766e-07
2.476037934684e-06
4.217287994379e-06
5.957470762041e-06
7.701600736709e-06
8.099894557745e-06
6.328658855637e-06
4.544951764274e-06
2.754641059255e-06
9.647638421484e-07
8.206459938265e-07
2.602918470984e-06
4.387966669128e-06
6.183218090428e-06
7.994139195944e-06
8.480121721277e-06
6.630609334479e-06
4.765922255956e-06
2.887600430768e-06
9.974460795092e-07
9.012122177410e-07
2.802771234656e-06
4.700390263679e-06
6.588641213057e-06
8.466073381896e-06
8.384595844291e-06
6.511254014185e-06
4.634274432647e-06
2.751982663085e-06
8.668631039654e-07
1.016199121295e-06
2.892618454098e-06
4.759575858770e-06
6.615504901220e-06
8.458043623705e-06
7.987350102212e-06
6.181122216731e-06
4.403527213981e-06
2.654636034549e-06
9.287877560382e-07
7.833903623577e-07
2.490574786407e-06
4.196521047106e-06
5.898660447201e-06
7.590399206947e-06
7.508464875627e-06
5.847023260230e-06
4.201911281143e-06
2.568230968336e-06
9.425083362657e-07
6.753015782124e-07
2.282819764332e-06
3.878816244196e-06
5.466600896398e-06
7.054696993691e-06
7.361550785845e-06
5.737830520047e-06
4.093016684692e-06
2.431977634387e-06
7.628017897332e-07
9.081139182854e-07
2.579422300641e-06
4.254676071014e-06
5.938924118709e-06
7.634820462954e-06
7.742294599211e-06
6.025359766682e-06
4.306196785819e-06
2.584331980415e-06
8.552763119951e-07
8.864724350133e-07
2.643109496603e-06
4.410819428813e-06
6.180607726947e-06
7.942054821797e-06
7.792021051500e-06
6.058883172955e-06
4.340809255154e-06
2.633928261275e-06
9.362514106215e-07
7.513044693042e-07
2.426465187000e-06
4.088454431894e-06
5.739566120155e-06
7.384337891381e-06
7.417819745115e-06
5.772668316695e-06
4.133780294069e-06
2.507550789232e-06
8.989596267384e-07
6.914458481333e-07
2.268223397550e-06
3.838712814286e-06
5.409859397787e-06
6.985681011429e-06
7.269849106706e-06
5.677874298726e-06
4.080178484855e-06
2.475087740095e-06
8.608390658082e-07
7.623914370924e-07
2.391281554992e-06
4.020386143111e-06
5.644781481351e-06
7.262925521445e-06
7.293198393654e-06
5.670302527960e-06
4.038330871481e-06
2.393943930201e-06
7.378355348919e-07
9.262351454709e-07
2.593790441097e-06
4.261720562226e-06
5.928724021942e-06
7.594462147154e-06
7.403306881315e-06
5.737675678574e-06
4.077262929059e-06
2.421738770408e-06
7.674443054384e-07
8.922040706238e-07
2.564749991052e-06
4.255970679878e-06
5.967768800019e-06
7.697983278376e-06
8.025644660847e-06
6.265931745020e-06
4.498748751303e-06
2.723012187289e-06
9.352713163935e-07
8.686822070558e-07
2.692515352010e-06
4.539066196685e-06
6.410817547930e-06
8.310587759297e-06
9.098782470573e-06
7.126845162020e-06
5.119619913785e-06
3.079422356222e-06
1.011808649309e-06
1.076159151125e-06
3.178585814112e-06
5.293356707625e-06
7.423100441883e-06
9.573977195032e-06
1.006663023873e-05
7.848075313177e-06
5.595066170372e-06
3.309039527721e-06
9.922843560162e-07
1.354064011139e-06
3.730356866072e-06
6.137229661363e-06
8.573634943332e-06
1.103609832853e-05
1.135049546974e-05
8.840782356856e-06
6.309673779015e-06
3.749241272999e-06
1.148765477410e-06
1.500663984189e-06
4.201970398299e-06
6.951226964702e-06
9.740260622948e-06
1.256145611706e-05
1.312063852765e-05
1.023393610922e-05
7.315617949644e-06
4.366112477783e-06
1.390294642079e-06
1.604471549399e-06
4.612589862063e-06
7.633908126081e-06
1.067371391628e-05
1.373849232778e-05
1.412002092138e-05
1.100070483062e-05
7.876090023728e-06
4.762398930325e-06
1.670820438449e-06
1.396236484652e-06
4.443226373496e-06
7.475859035821e-06
1.049508244932e-05
1.349537552642e-05
1.329089525370e-05
1.034450889392e-05
7.431075459863e-06
4.543462694073e-06
1.673724398188e-06
1.180509855203e-06
4.013069030862e-06
6.812111848831e-06
9.567209019679e-06
1.227594384545e-05
1.178388123435e-05
9.132429568126e-06
6.494684953395e-06
3.866482018111e-06
1.251930598301e-06
1.341180166037e-06
3.907953669113e-06
6.450204125485e-06
8.975126661426e-06
1.148973092313e-05
1.109331691396e-05
8.595117776622e-06
6.121800595338e-06
3.680814529616e-06
1.272198232982e-06
1.111593348924e-06
3.481011788153e-06
5.842931386724e-06
8.196549060813e-06
1.053408709595e-05
1.030324301610e-05
8.016828246582e-06
5.764472177816e-06
3.542692070369e-06
1.347714714939e-06
8.209847806029e-07
2.959957612347e-06
5.064586559911e-06
7.133223164146e-06
9.169515124086e-06
8.973165336101e-06
6.969150433633e-06
4.976345792329e-06
2.995775219006e-06
1.032845659665e-06
9.062854928743e-07
2.818446887431e-06
4.704978039172e-06
6.570729510713e-06
8.421324423580e-06
8.166080533556e-06
6.328134361411e-06
4.496866836234e-06
2.669290097401e-06
8.406653364545e-07
9.941386451828e-07
2.838453610821e-06
4.691732726769e-06
6.549552267643e-06
8.405637288433e-06
8.263244069440e-06
6.416466760584e-06
4.574851971029e-06
2.732690290941e-06
8.840262353260e-07
9.750940535014e-07
2.846309598681e-06
4.729846807550e-06
6.625920605074e-06
8.535247900454e-06
8.794942630175e-06
6.854896923869e-06
4.907643130991e-06
2.959796120194e-06
1.017317401875e-06
9.176782782561e-07
2.848346980500e-06
4.782117741797e-06
6.727026743647e-06
8.687992760770e-06
9.124733878707e-06
7.132121481845e-06
5.135048581906e-06
3.138132001368e-06
1.143265990322e-06
8.488964908793e-07
2.836181636212e-06
4.813312614260e-06
6.773048937703e-06
8.709783401173e-06
8.532299546005e-06
6.631737903717e-06
4.740457370644e-06
2.852144746157e-06
9.673167937763e-07
9.058505270332e-07
2.755164700829e-06
4.570234295898e-06
6.346834254600e-06
8.087131675438e-06
7.315034224575e-06
5.629818645048e-06
3.975322272254e-06
2.355996400638e-06
7.741788294879e-07
7.737653504591e-07
2.297391404227e-06
3.807535222222e-06
5.310189351349e-06
6.802798850458e-06
6.476234943875e-06
5.028222460624e-06
3.615025093495e-06
2.232428414572e-06
8.696178497303e-07
4.848188268625e-07
1.837289175910e-06
3.187924789927e-06
4.533999799605e-06
5.875252441001e-06
6.221677892881e-06
4.865607309057e-06
3.492731991628e-06
2.102529606418e-06
7.024796104815e-07
6.960648875065e-07
2.084855339035e-06
3.463914765689e-06
4.841687712087e-06
6.230068777313e-06
6.462484577696e-06
5.028539362684e-06
3.578126950288e-06
2.116985058365e-06
6.473446774180e-07
8.333266237059e-07
2.329085248221e-06
3.840757813123e-06
5.363066293285e-06
6.886406254125e-06
6.781592674088e-06
5.269251118989e-06
3.759524133784e-06
2.240415483357e-06
7.008910074546e-07
8.637388191346e-07
2.450749150285e-06
4.053338898302e-06
5.665874766692e-06
7.287280595847e-06
7.438386717240e-06
5.783794733816e-06
4.113602415146e-06
2.431247423829e-06
7.410532703034e-07
9.563982530381e-07
2.666925070116e-06
4.401556793709e-06
6.171716620429e-06
7.983937678091e-06
8.716010029275e-06
6.823967055425e-06
4.906606875466e-06
2.969140496134e-06
1.011604354062e-06
9.695798439679e-07
2.978007671572e-06
5.014647456392e-06
7.077683449097e-06
9.164888410851e-06
9.856441295142e-06
7.712956232808e-06
5.537018466839e-06
3.326092326006e-06
1.082955805032e-06
1.183838321595e-06
3.462583265446e-06
5.742606617787e-06
8.017721540909e-06
1.028700120287e-05
1.012416470303e-05
7.854850821332e-06
5.587079556335e-06
3.324610077016e-06
1.073012867892e-06
1.162685805411e-06
3.379294298611e-06
5.575192972174e-06
7.748258383344e-06
9.894084087136e-06
9.128180295193e-06
7.054566708575e-06
5.029748820107e-06
3.055331717405e-06
1.127587552219e-06
7.606361691614e-07
2.616254562327e-06
4.442769011348e-06
6.238964544991e-06
8.000543289199e-06
7.524806903803e-06
5.837114997576e-06
4.186723572275e-06
2.568721299667e-06
9.789584964892e-07
5.840213361807e-07
2.119320640759e-06
3.626427087511e-06
5.108224570449e-06
6.572290942586e-06
6.558792222222e-06
5.095928031551e-06
3.628727199612e-06
2.160973281207e-06
7.006711939539e-07
7.449111194546e-07
2.173478151235e-06
3.588813001443e-06
4.997872679269e-06
6.406131262793e-06
6.288990334724e-06
4.879784853529e-06
3.479568704279e-06
2.090210614369e-06
7.086007371981e-07
6.709906301694e-07
2.052211300452e-06
3.432388325564e-06
4.802120486147e-06
6.149283478862e-06
5.716806469991e-06
4.427700275755e-06
3.163740529999e-06
1.914643860346e-06
6.729115398230e-07
5.624586378872e-07
1.786698135220e-06
2.993684688590e-06
4.180714199720e-06
5.350423464279e-06
5.093600179862e-06
3.938494273825e-06
2.792993711864e-06
1.663745365477e-06
5.581638333751e-07
5.210151812207e-07
1.578849889938e-06
2.626623199831e-06
3.676405867736e-06
4.735321283533e-06
4.888233320344e-06
3.815240290805e-06
2.748963879640e-06
1.694019715615e-06
6.497083973045e-07
3.879949304064e-07
1.422592049494e-06
2.454229047544e-06
3.480035843495e-06
4.497193970110e-06
4.602601848092e-06
3.591718780172e-06
2.574583618298e-06
1.544081840166e-06
4.982439349988e-07
5.586705924543e-07
1.618711621632e-06
2.674517418200e-06
3.723088866536e-06
4.766779625243e-06
4.656272494685e-06
3.599465912885e-06
2.531096185976e-06
1.449505703022e-06
3.542454010130e-07
7.556543550891e-07
1.882193203073e-06
3.027420234503e-06
4.191491086658e-06
5.371398117404e-06
5.362170384160e-06
4.162844447819e-06
2.964118834825e-06
1.766579998730e-06
5.672668521584e-07
6.384678954419e-07
1.854355446085e-06
3.081367140112e-06
4.317166940382e-06
5.556991141020e-06
5.611721064724e-06
4.374979255317e-06
3.151102532684e-06
1.944896268924e-06
7.605366363350e-07
3.988447474512e-07
1.531913426334e-06
2.639576223373e-06
3.724788371073e-06
4.791376454705e-06
4.699066039393e-06
3.655289901872e-06
2.627432820645e-06
1.619180409307e-06
6.351102683766e-07
3.208901944163e-07
1.246757108220e-06
2.142906851077e-06
3.012039655914e-06
3.858803324874e-06
3.645633853466e-06
2.818230484536e-06
1.994976571495e-06
1.171265751054e-06
3.446108394201e-07
4.848791377299e-07
1.314841483691e-06
2.141638276498e-06
2.961708617022e-06
3.772891659537e-06
3.478272049051e-06
2.675680377706e-06
1.876161149994e-06
1.075585487342e-06
2.703989139263e-07
5.417095962912e-07
1.361254817311e-06
2.186762856127e-06
3.014702087967e-06
3.839819783025e-06
3.535224095685e-06
2.727375317590e-06
1.939484093327e-06
1.173834505153e-06
4.299982379052e-07
2.946923132185e-07
1.003682143619e-06
1.699739073047e-06
2.383948867646e-06
3.055249578665e-06
2.881221348616e-06
2.236358454866e-06
1.613298252323e-06
1.014579311232e-06
4.418672006068e-07
1.040446022671e-07
6.235362093321e-07
1.118482487072e-06
1.592552564489e-06
2.050833643352e-06
2.016307803387e-06
1.565905847656e-06
1.117961915043e-06
6.719884595441e-07
2.293918441865e-07
2.079483465423e-07
6.390484941221e-07
1.064741582013e-06
1.487767747221e-06
1.911812432809e-06
1.974080078071e-06
1.531602606519e-06
1.078868820059e-06
6.134521299828e-07
1.326900473941e-07
3.663100756057e-07
8.858551723279e-07
1.426729625109e-06
1.987720224861e-06
2.566098942225e-06
2.790375731365e-06
2.180319938816e-06
1.558146777825e-06
9.222429753208e-07
2.704369421735e-07
3.988507160102e-07
1.085804285594e-06
1.789452824141e-06
2.508500074327e-06
3.242141701776e-06
3.515784044339e-06
2.747644543888e-06
1.966812135379e-06
1.176588853014e-06
3.816700200332e-07
4.131140940444e-07
1.204460716053e-06
1.991590409034e-06
2.776087683287e-06
3.560848938378e-06
3.559211620541e-06
2.759916355899e-06
1.955711752544e-06
1.146869067270e-06
3.337604539411e-07
4.832524496123e-07
1.303211661252e-06
2.124188085872e-06
2.943256845356e-06
3.757474189570e-06
3.545885647327e-06
2.735989085068e-06
1.927823802816e-06
1.116036060012e-06
2.954398041766e-07
5.374697025218e-07
1.383753499340e-06
2.242254140583e-06
3.110329373612e-06
3.984622139797e-06
3.933649679766e-06
3.052495003431e-06
2.178290287702e-06
1.315352847087e-06
4.663929189519e-07
3.684176022034e-07
1.191171975279e-06
2.005030637520e-06
2.812124080265e-06
3.611894612732e-06
3.509250461775e-06
2.732377311077e-06
1.979804892471e-06
1.257447479475e-06
5.697983169739e-07
7.986523087311e-08
6.887489689689e-07
1.254467974832e-06
1.775886801170e-06
2.254206890484e-06
1.720420527818e-06
1.308887078721e-06
9.236192113349e-07
5.605483011095e-07
2.192704187109e-07
9.768854170034e-08
3.871879812323e-07
6.482404728558e-07
8.835680773700e-07
1.099201142551e-06
7.496074658775e-07
5.478836442308e-07
3.474732466202e-07
1.446536543881e-07
6.523799811475e-08
2.891951567108e-07
5.359678425521e-07
8.138512725964e-07
1.127856307903e-06
1.478243859765e-06
1.988315375456e-06
1.572467454025e-06
1.129473275796e-06
6.563817578353e-07
1.470029928896e-07
4.051495352542e-07
1.003494844554e-06
1.647307897201e-06
2.332888641376e-06
3.056605862639e-06
3.807168468484e-06
3.003792016898e-06
2.159724260764e-06
1.275740260098e-06
3.571358320187e-07
5.872539645679e-07
1.548560419451e-06
2.521672058720e-06
3.507038513817e-06
4.509150983267e-06
4.721260381757e-06
3.670961291391e-06
2.602640506666e-06
1.524079664250e-06
4.428422357705e-07
6.369135689965e-07
1.715020800930e-06
2.793174814997e-06
3.871706212522e-06
4.947597631144e-06
4.681948780672e-06
3.622692702265e-06
2.578073463155e-06
1.544947338061e-06
5.177878392715e-07
5.073918032394e-07
1.529810276679e-06
2.543439507008e-06
3.539755255133e-06
4.511834220011e-06
4.019394907573e-06
3.092539145655e-06
2.183803985645e-06
1.288494672735e-06
4.046355002174e-07
4.675256377595e-07
1.327549284724e-06
2.176755174332e-06
3.018255483767e-06
3.855184786516e-06
3.663269922072e-06
2.831681229054e-06
2.010960940879e-06
1.204346517625e-06
4.108613325116e-07
3.757411946026e-07
1.165256662716e-06
1.967726916519e-06
2.790415692289e-06
3.636727001322e-06
4.216549257308e-06
3.318086498894e-06
2.396772231350e-06
1.452957633319e-06
4.877478545495e-07
4.964931008544e-07
1.496983770721e-06
2.512348203254e-06
3.544633216279e-06
4.599511896686e-06
5.188301429371e-06
4.061433571678e-06
2.895624163557e-06
1.693423143934e-06
4.611482040673e-07
7.934993391245e-07
2.063445776912e-06
3.342963054820e-06
4.627103123767e-06
5.911074026699e-06
5.631764679492e-06
4.353236931820e-06
3.082288401401e-06
1.815949588035e-06
5.498001769411e-07
7.191562190201e-07
1.990128794205e-06
3.257712194227e-06
4.513537191997e-06
5.749122294674e-06
5.168724953819e-06
3.980578298979e-06
2.821595671776e-06
1.691095462775e-06
5.884177767257e-07
4.873807029071e-07
1.538903177334e-06
2.571194954726e-06
3.591054735352e-06
4.604976538758e-06
4.532301772997e-06
3.516240667523e-06
2.507233318738e-06
1.509873470695e-06
5.264515152703e-07
4.445565764399e-07
1.407851300428e-06
2.369371316036e-06
3.334106338571e-06
4.305505399316e-06
4.551596816782e-06
3.551117629286e-06
2.532884366246e-06
1.491467173764e-06
4.230580543663e-07
6.725934440510e-07
1.791816430341e-06
2.928666049229e-06
4.077892924670e-06
5.237362586286e-06
5.331949921583e-06
4.138280019106e-06
2.924456964593e-06
1.688425982138e-06
4.306670007281e-07
8.467918064525e-07
2.141916581877e-06
3.453345698290e-06
4.779923870046e-06
6.119179317920e-06
6.028271968717e-06
4.674608533151e-06
3.327084186822e-06
1.990818589093e-06
6.671826326965e-07
6.460396093644e-07
1.952773004632e-06
3.256230172610e-06
4.557000806926e-06
5.852664912709e-06
5.743991494001e-06
4.466742382192e-06
3.206638155007e-06
1.965712783658e-06
7.450975658685e-07
4.543552449832e-07
1.632069597690e-06
2.788371034512e-06
3.925206669919e-06
5.046342039350e-06
4.967260338162e-06
3.858432990000e-06
2.752947295903e-06
1.650555645938e-06
5.532347699955e-07
5.359244710235e-07
1.614187851828e-06
2.680275542843e-06
3.734800486654e-06
4.779994810633e-06
4.592822165250e-06
3.551584654815e-06
2.509913372251e-06
1.465839034154e-06
4.188810862615e-07
6.298988637354e-07
1.678188823462e-06
2.722891110807e-06
3.760806805531e-06
4.789043885012e-06
4.376962067454e-06
3.369963621935e-06
2.377975647505e-06
1.401333065587e-06
4.394011625664e-07
5.092695118947e-07
1.446154840323e-06
2.371819732616e-06
3.284895683464e-06
4.182068778391e-06
3.732872642104e-06
2.874801452890e-06
2.042330777385e-06
1.234610124357e-06
4.490239575716e-07
3.173366280862e-07
1.066378047199e-06
1.798860523650e-06
2.515152118576e-06
3.216372249426e-06
3.006285169249e-06
2.321992610632e-06
1.645879081025e-06
9.778707408259e-07
3.194106170668e-07
3.281152771706e-07
9.652168841967e-07
1.595178275693e-06
2.223160947779e-06
2.854099818705e-06
2.902819005612e-06
2.254557216474e-06
1.602495729003e-06
9.478500260229e-07
2.898447633015e-07
3.741188265849e-07
1.046801401117e-06
1.729319308197e-06
2.420671307846e-06
3.119059329038e-06
3.249960229823e-06
2.530147980906e-06
1.795810646854e-06
1.041893199272e-06
2.660105451469e-07
5.303876378093e-07
1.343357723727e-06
2.169495076032e-06
3.008417650108e-06
3.863121150971e-06
4.030344371131e-06
3.127869035779e-06
2.202893256253e-06
1.258255565517e-06
2.964799818983e-07
6.828640835010e-07
1.683450534529e-06
2.709870841500e-06
3.764035113818e-06
4.842820203521e-06
5.039913219207e-06
3.930635443794e-06
2.818295399720e-06
1.703903194539e-06
5.851819651070e-07
5.399087967817e-07
1.670186804859e-06
2.800664219649e-06
3.924839290903e-06
5.038073084052e-06
4.892749359442e-06
3.797415274676e-06
2.711891625040e-06
1.639402967157e-06
5.877546982447e-07
4.333003289503e-07
1.416080579020e-06
2.358121264479e-06
3.262097266088e-06
4.133145125707e-06
3.465562144811e-06
2.647389294452e-06
1.859469648480e-06
1.103500551380e-06
3.787526452470e-07
3.181361876159e-07
9.911879033098e-07
1.642201766572e-06
2.269671767863e-06
2.869992727028e-06
2.285521929934e-06
1.739118545174e-06
1.215985832914e-06
7.081148964971e-07
2.081235948026e-07
2.885330445679e-07
7.833706376914e-07
1.276484624668e-06
1.768485844877e-06
2.261238705614e-06
2.220796716301e-06
1.716995370771e-06
1.212041070175e-06
7.097231105035e-07
2.133234602297e-07
2.763940756267e-07
7.619841539963e-07
1.247884824807e-06
1.738247192407e-06
2.235093631953e-06
2.317866517387e-06
1.804477960832e-06
1.288052089876e-06
7.691383530073e-07
2.478927854099e-07
2.747273128989e-07
7.963779466991e-07
1.313812674653e-06
1.824487412705e-06
2.328030461740e-06
2.189226734117e-06
1.684515325451e-06
1.175681916266e-06
6.591820351787e-07
1.331364387624e-07
4.030816853628e-07
9.495880135546e-07
1.506353385139e-06
2.073180155548e-06
2.649303155522e-06
2.635097985149e-06
2.037952981482e-06
1.434413093193e-06
8.235584800786e-07
2.030846530943e-07
4.300605382923e-07
1.078842956304e-06
1.745600798131e-06
2.431820234960e-06
3.138054012197e-06
3.417848461140e-06
2.668681759133e-06
1.904678867959e-06
1.129384770593e-06
3.459805952843e-07
4.439393705979e-07
1.240894619059e-06
2.047064924682e-06
2.865125054541e-06
3.696949590903e-06
3.939652344798e-06
3.074803260006e-06
2.197269509452e-06
1.307755098878e-06
4.069244141647e-07
5.040475343776e-07
1.422939931217e-06
2.346894973471e-06
3.273628976785e-06
4.202687591714e-06
4.217479727231e-06
3.271543448591e-06
2.314377013590e-06
1.344491465716e-06
3.628181275417e-07
6.277905413299e-07
1.624189565064e-06
2.624010846830e-06
3.625993201695e-06
4.629386751276e-06
4.425002032349e-06
3.416983929583e-06
2.410052502455e-06
1.403450141879e-06
3.951228677579e-07
6.171973154778e-07
1.634388866023e-06
2.654773993527e-06
3.674288336697e-06
4.687984528573e-06
4.368235522634e-06
3.370747890585e-06
2.384592391991e-06
1.409021592735e-06
4.437980010152e-07
5.106412004352e-07
1.454092341646e-06
2.387460199316e-06
3.312800117783e-06
4.232008677718e-06
4.005460255030e-06
3.097291369158e-06
2.205153236901e-06
1.335367471711e-06
4.918182980873e-07
3.255037199779e-07
1.119802504945e-06
1.895173340927e-06
2.654130810242e-06
3.396648310172e-06
3.144008928757e-06
2.434485338654e-06
1.745277245391e-06
1.075484192370e-06
4.246584239809e-07
2.057984715975e-07
8.121808150463e-07
1.389984220168e-06
1.936236117217e-06
2.451432408179e-06
1.964394812148e-06
1.492114392931e-06
1.035128548210e-06
5.901337658543e-07
1.565083493915e-07
2.647624910423e-07
6.726422725478e-07
1.067132302524e-06
1.449504679840e-06
1.821763532917e-06
1.476746490425e-06
1.113869416258e-06
7.547596396762e-07
3.966986241721e-07
3.632050038505e-08
3.304226652290e-07
7.078554631335e-07
1.100218241845e-06
1.511136872523e-06
1.943137533544e-06
2.160776602977e-06
1.681175717749e-06
1.181503080261e-06
6.628552000620e-07
1.246481815542e-07
4.358571459306e-07
1.022857190947e-06
1.640196728658e-06
2.289598000971e-06
2.970007017211e-06
3.423240116263e-06
2.685417769044e-06
1.923085449107e-06
1.135131299179e-06
3.200021296834e-07
5.218782916927e-07
1.386959979754e-06
2.269265110044e-06
3.163119345118e-06
4.065679547693e-06
4.162010952768e-06
3.232778624351e-06
2.288625069014e-06
1.331061355359e-06
3.656881517600e-07
6.001518499943e-07
1.560535508816e-06
2.513270089821e-06
3.459410606865e-06
4.400918214742e-06
4.046939864111e-06
3.113860941539e-06
2.193077705215e-06
1.287910606607e-06
3.982092948718e-07
4.795594463758e-07
1.349902674974e-06
2.215348047230e-06
3.074658252444e-06
3.923800932171e-06
3.605328629419e-06
2.782515480249e-06
1.973209123207e-06
1.172704514829e-06
3.761591642615e-07
4.196041913929e-07
1.216168072915e-06
2.014767289893e-06
2.817897495788e-06
3.629530226590e-06
3.805723906680e-06
2.962523808492e-06
2.105002067765e-06
1.236042407982e-06
3.587156243157e-07
5.257972475192e-07
1.419039449502e-06
2.324476213289e-06
3.245652123951e-06
4.184792317119e-06
4.454607449134e-06
3.473711160495e-06
2.474358893778e-06
1.456634038277e-06
4.215436320010e-07
6.277452939685e-07
1.685724726030e-06
2.745836013673e-06
3.802644584994e-06
4.853692303186e-06
4.582055737501e-06
3.533098265507e-06
2.483013247456e-06
1.430237716704e-06
3.749190682356e-07
6.820695261922e-07
1.740164634612e-06
2.799432479605e-06
3.859819457830e-06
4.920320122892e-06
4.626347902104e-06
3.567562885110e-06
2.513753145195e-06
1.462411603370e-06
4.077126050106e-07
6.578847546734e-07
1.741591404425e-06
2.848650979104e-06
3.982024850302e-06
5.143211240011e-06
5.592061881998e-06
4.365873110146e-06
3.107440932126e-06
1.815807593175e-06
4.911287874165e-07
8.659079639983e-07
2.255181982491e-06
3.678095083615e-06
5.137600282978e-06
6.637093861173e-06
7.259278959282e-06
5.670342773101e-06
4.041190095450e-06
2.375519727593e-06
6.772971232749e-07
1.049857985436e-06
2.802497363064e-06
4.576848994020e-06
6.368328456574e-06
8.171855597539e-06
8.143869536070e-06
6.325059700885e-06
4.505175240865e-06
2.685748825115e-06
8.684044701113e-07
9.444608508602e-07
2.749459156348e-06
4.542662907170e-06
6.320284228423e-06
8.078890857632e-06
7.571543960694e-06
5.854926087068e-06
4.166193946276e-06
2.508195564133e-06
8.830958790895e-07
7.080541877258e-07
2.265359626108e-06
3.789647223584e-06
5.281847904826e-06
6.742523055436e-06
6.141668279724e-06
4.739161624912e-06
3.368716249952e-06
2.030911844031e-06
7.267773867170e-07
5.422535878097e-07
1.774644715624e-06
2.969636227590e-06
4.127932470510e-06
5.252078040030e-06
4.616491594334e-06
3.543533409811e-06
2.494361353911e-06
1.467877893901e-06
4.642636213248e-07
5.162054890206e-07
1.474176372085e-06
2.411662819668e-06
3.331489324410e-06
4.236551433223e-06
3.825112003142e-06
2.936517432772e-06
2.055704214854e-06
1.178352192710e-06
2.984485831803e-07
5.906398428124e-07
1.494252444445e-06
2.414927337213e-06
3.352162991632e-06
4.303840057673e-06
4.408145912294e-06
3.422178849632e-06
2.416632412405e-06
1.384775089264e-06
3.205289544894e-07
7.794307066433e-07
1.915150392051e-06
3.084709362611e-06
4.286263560971e-06
5.519531327991e-06
5.901420990995e-06
4.595638586125e-06
3.257362436671e-06
1.890310898034e-06
4.993280526833e-07
9.120553841058e-07
2.343823609863e-06
3.799632054324e-06
5.284676319661e-06
6.802325572153e-06
7.167441765432e-06
5.585915062056e-06
3.986001161138e-06
2.374114501436e-06
7.528385026490e-07
8.793999768386e-07
2.526376022161e-06
4.191325842839e-06
5.875305134850e-06
7.577518715607e-06
7.925347063065e-06
6.181437868236e-06
4.416555839271e-06
2.627280878187e-06
8.118288974401e-07
1.028496853905e-06
2.889703864639e-06
4.767292125507e-06
6.658705842710e-06
8.564771405872e-06
8.782466807133e-06
6.828884068000e-06
4.849556546560e-06
2.844129653568e-06
8.145989340846e-07
1.235829813595e-06
3.303961648271e-06
5.387088719999e-06
7.482774492473e-06
9.588415139206e-06
9.454716177970e-06
7.330986306897e-06
5.205164086419e-06
3.078910935983e-06
9.536071843286e-07
1.169220922748e-06
3.287645483852e-06
5.399678741469e-06
7.503677181830e-06
9.598510587239e-06
9.187941259370e-06
7.109426007901e-06
5.045778323165e-06
3.000360038641e-06
9.759784234120e-07
1.026286213346e-06
3.007320685811e-06
4.969065173555e-06
6.912986123098e-06
8.839000713579e-06
8.342921830717e-06
6.451694844145e-06
4.580636641549e-06
2.726927050389e-06
8.865421818882e-07
9.434514822715e-07
2.763014492757e-06
4.568979193209e-06
6.356677204167e-06
8.122739927785e-06
7.595659212711e-06
5.865502828328e-06
4.149862661507e-06
2.445055088174e-06
7.493728162444e-07
9.371988198836e-07
2.614369861931e-06
4.282751660867e-06
5.943662415575e-06
7.597953128879e-06
7.244118535255e-06
5.603087458894e-06
3.977043775194e-06
2.368692605614e-06
7.775516337460e-07
8.001987339412e-07
2.370183381117e-06
3.937694771139e-06
5.506028173841e-06
7.076195288391e-06
7.090134261034e-06
5.513070561847e-06
3.937317217151e-06
2.364548834066e-06
7.968533850544e-07
7.639540626769e-07
2.317599182788e-06
3.866442796152e-06
5.415556017851e-06
6.971206403250e-06
7.156158744692e-06
5.569899315105e-06
3.970670832132e-06
2.361442227539e-06
7.451644137291e-07
8.764782251092e-07
2.503274913579e-06
4.135547044370e-06
5.773472537385e-06
7.417348115268e-06
7.463689030374e-06
5.796849109174e-06
4.113721047361e-06
2.409340595477e-06
6.815930646553e-07
1.067283335487e-06
2.831374388279e-06
4.603796298852e-06
6.379971125625e-06
8.159498634086e-06
7.939157796955e-06
6.135982005162e-06
4.316971171647e-06
2.480030332208e-06
6.246889370232e-07
1.249064951026e-06
3.141221498026e-06
5.051124105648e-06
6.976174120155e-06
8.911156498925e-06
8.557627666050e-06
6.616116365876e-06
4.679454093548e-06
2.745291112660e-06
8.078180258053e-07
1.139213907209e-06
3.099766729520e-06
5.074293255802e-06
7.060322502639e-06
9.054242354978e-06
8.955010059708e-06
6.950025749575e-06
4.948095636337e-06
2.953700743547e-06
9.709822279547e-07
9.983201039176e-07
2.956300534152e-06
4.908692517347e-06
6.862743703095e-06
8.823886560094e-06
8.928195825320e-06
6.947015776859e-06
4.965281220848e-06
2.987748814576e-06
1.017494241751e-06
9.436703862775e-07
2.893670966841e-06
4.829103772863e-06
6.745852942913e-06
8.641162082768e-06
8.253131909441e-06
6.390113014731e-06
4.539424537597e-06
2.698365278775e-06
8.687562740306e-07
9.432044407731e-07
2.729482218911e-06
4.483422344492e-06
6.201451697052e-06
7.882250713465e-06
6.917763244019e-06
5.312955238423e-06
3.756211697237e-06
2.252861349916e-06
8.048730819610e-07
5.905709485887e-07
1.939627509273e-06
3.248217353757e-06
4.518680157162e-06
5.748704381858e-06
4.928405473947e-06
3.790084917910e-06
2.703622214995e-06
1.667231174451e-06
6.779442855986e-07
2.658368885022e-07
1.163552099115e-06
2.014067717937e-06
2.818765153734e-06
3.583872910440e-06
3.057332207845e-06
2.335119120289e-06
1.622677416435e-06
9.183065685647e-07
2.261163558614e-07
4.473004082683e-07
1.097077472423e-06
1.722658566905e-06
2.327639037958e-06
2.917218125731e-06
2.303424935235e-06
1.730768019570e-06
1.166934850971e-06
6.103363716647e-07
5.701940608560e-08
4.984286761101e-07
1.060188878910e-06
1.628123300179e-06
2.196486320827e-06
2.755615639671e-06
2.126882407083e-06
1.605754164302e-06
1.106638762849e-06
6.220183763617e-07
1.421190063411e-07
3.405995698813e-07
8.287443051813e-07
1.320085402767e-06
1.810093692711e-06
2.295006368058e-06
2.038762431766e-06
1.559293934861e-06
1.083314941752e-06
6.111224024608e-07
1.446937289984e-07
3.141871616208e-07
7.670930699533e-07
1.220590831963e-06
1.685139636720e-06
2.171272626583e-06
2.476449594724e-06
1.931367762609e-06
1.368783784983e-06
7.990919925760e-07
2.293707552781e-07
3.401148660487e-07
9.157178055830e-07
1.506614694335e-06
2.120261569871e-06
2.759685003184e-06
3.241522449571e-06
2.548753229803e-06
1.831738927649e-06
1.087015050416e-06
3.107828092652e-07
4.974268676960e-07
1.332908595941e-06
2.187211123328e-06
3.052897682210e-06
3.928166790956e-06
4.105057996640e-06
3.183703483955e-06
2.224138711426e-06
1.219943953856e-06
1.716861675050e-07
9.151993936030e-07
2.034926637862e-06
3.185101036252e-06
4.367294138774e-06
5.584578218532e-06
5.713424116038e-06
4.422250071912e-06
3.101798938587e-06
1.755236553436e-06
3.814271849478e-07
1.024930838867e-06
2.470221204476e-06
3.957501633067e-06
5.483998506861e-06
7.042046775041e-06
7.205967108348e-06
5.603489114492e-06
3.985658281636e-06
2.351059208650e-06
6.990777592364e-07
9.672107808001e-07
2.640965760747e-06
4.314372972658e-06
5.982139100524e-06
7.643229480436e-06
7.287040546089e-06
5.628422627524e-06
3.974589162681e-06
2.331180667170e-06
7.053538979562e-07
8.977434617918e-07
2.477249381627e-06
4.035739152641e-06
5.576148794262e-06
7.098317098553e-06
6.415527991521e-06
4.940867256664e-06
3.500039156279e-06
2.092900842854e-06
7.140809543671e-07
6.441743494179e-07
1.987957830352e-06
3.318946710351e-06
4.634566437289e-06
5.930990823799e-06
5.561903037687e-06
4.301905221382e-06
3.055744741687e-06
1.818728094349e-06
5.891143359804e-07
6.315244718280e-07
1.840177162649e-06
3.035685267605e-06
4.220731398163e-06
5.401337659805e-06
5.256166559775e-06
4.064781478519e-06
2.869588627163e-06
1.675935152434e-06
4.897148642158e-07
6.861215524623e-07
1.853217611369e-06
3.016671996647e-06
4.181951851479e-06
5.351892639283e-06
5.228028157944e-06
4.050436359648e-06
2.877251745304e-06
1.710397384613e-06
5.492057653100e-07
6.083406560720e-07
1.763426610069e-06
2.915271295478e-06
4.061670153988e-06
5.201051862969e-06
5.022056257076e-06
3.884640534579e-06
2.741461457845e-06
1.586881012372e-06
4.191133484710e-07
7.589044912493e-07
1.941153641383e-06
3.121698284758e-06
4.297651344132e-06
5.470493078974e-06
5.116207773881e-06
3.930581044642e-06
2.733383496434e-06
1.522208947335e-06
2.959492348964e-07
9.464383197155e-07
2.206405895322e-06
3.484970875434e-06
4.781106042628e-06
6.090397164371e-06
5.761164402429e-06
4.444524051905e-06
3.136129976156e-06
1.837792922288e-06
5.471869712892e-07
7.400331583085e-07
2.027299274232e-06
3.314835794299e-06
4.599166970820e-06
5.874359032987e-06
5.478468779074e-06
4.236205199959e-06
3.020347378424e-06
1.835963075791e-06
6.888928396620e-07
4.145851448811e-07
1.469042956614e-06
2.471535196946e-06
3.422292536470e-06
4.324023450408e-06
3.396844192594e-06
2.580897046300e-06
1.810248249967e-06
1.088153680939e-06
4.183568194094e-07
1.967291609617e-07
7.570083653263e-07
1.264303534754e-06
1.721190585613e-06
2.129831159436e-06
1.144676218701e-06
8.242499234257e-07
5.475152420331e-07
3.105897121713e-07
1.078348077499e-07
6.715356448694e-08
2.202529003625e-07
3.557761942830e-07
4.763683705278e-07
5.836608352183e-07
2.958755658256e-07
2.054025003417e-07
1.222871901518e-07
4.445047352419e-08
2.909274599006e-08
9.823088475969e-08
1.624105152587e-07
2.218134795839e-07
2.783055492728e-07
3.354744535500e-07
2.441104811624e-07
1.686749442342e-07
8.342118462679e-08
1.014456074699e-08
1.083903384824e-07
2.068469484584e-07
3.015509832949e-07
3.897350211446e-07
4.698027282757e-07
5.410706194198e-07
4.185926627542e-08
1.736611920933e-08
7.029217385934e-08
1.197307142320e-07
1.686967721071e-07
2.191694079556e-07
2.710377202675e-07
3.219647055630e-07
3.683049953906e-07
4.068016323799e-07
1.223681920237e-07
1.480959781475e-07
1.680401169324e-07
1.853917410699e-07
2.030066070802e-07
2.233066993540e-07
2.484868559804e-07
2.807853434206e-07
3.218336814825e-07
3.717459549080e-07
1.569210326124e-07
9.314982207798e-08
3.060182507397e-08
2.906364215960e-08
8.780074267634e-08
1.506862759015e-07
2.234884846075e-07
3.098332967966e-07
4.095775238966e-07
5.193309675633e-07
5.363383479562e-07
4.143853402638e-07
2.909703766818e-07
1.656505332903e-07
3.845588025797e-08
8.921989547162e-08
2.153566924790e-07
3.395423391339e-07
4.648829303733e-07
5.978126864647e-07
7.496455509681e-07
5.787595114271e-07
3.905562380169e-07
1.918151042446e-07
8.703977982805e-09
2.045607629952e-07
3.944171567127e-07
5.816852421958e-07
7.717291055087e-07
9.686812063592e-07
8.949803600444e-07
6.783924391129e-07
4.553469352686e-07
2.250521902170e-07
1.424507445336e-08
2.628206630106e-07
5.171706334295e-07
7.697231581005e-07
1.011110214222e-06
1.233915327248e-06
5.998998062751e-07
4.127399506615e-07
2.400268499514e-07
7.821097369742e-08
7.311177796510e-08
2.112823835887e-07
3.326710498186e-07
4.347060098553e-07
5.163623768567e-07
5.770586994913e-07
2.111964363394e-07
2.287675897605e-07
2.164481998079e-07
1.725015295051e-07
9.867596872937e-08
1.395505933033e-10
1.182910409625e-07
2.518743826840e-07
3.997991484539e-07
5.625989842883e-07
1.006862362374e-06
8.239380235864e-07
6.341346079353e-07
4.425427846400e-07
2.519400936762e-07
6.188270162966e-08
1.297220251217e-07
3.238820340812e-07
5.183923690311e-07
7.081827675393e-07
8.812921237222e-07
7.212266837087e-07
5.742389816987e-07
4.378208586786e-07
3.103314725195e-07
1.933497628670e-07
9.151119684248e-08
9.709367532196e-09
5.037492201154e-08
9.212891427524e-08
1.601476924407e-07
1.387826955579e-07
1.175233137474e-07
9.766279163159e-08
8.384847660636e-08
8.062329470704e-08
8.954077657108e-08
1.087410623768e-07
1.348738578599e-07
1.658935957494e-07
1.853950379882e-07
1.356599454994e-07
7.595906481583e-08
7.183018624346e-09
6.687730547128e-08
1.416696591150e-07
2.149308215849e-07
2.885532808250e-07
3.682606006805e-07
4.609777874975e-07
5.572146619670e-07
4.218409799250e-07
2.682655804165e-07
9.960803026843e-08
8.165420695150e-08
2.748309384515e-07
4.808298967873e-07
7.012486662461e-07
9.374957699038e-07
1.190543287066e-06
1.263605099666e-06
9.702110901344e-07
6.576557325388e-07
3.256205332036e-07
2.522108388803e-08
3.930204570679e-07
7.749525252621e-07
1.167700816040e-06
1.567909293954e-06
1.972638870029e-06
1.711011805128e-06
1.297551762036e-06
8.819415029393e-07
4.629580416804e-07
3.984484919783e-08
3.861522372972e-07
8.109208806673e-07
1.227946370363e-06
1.630020108223e-06
2.011721562667e-06
1.241347433734e-06
8.987166211227e-07
5.752578999818e-07
2.695957164178e-07
1.743609345795e-08
2.831483243426e-07
5.247704280009e-07
7.410895932480e-07
9.327380325885e-07
1.100739154936e-06
2.178449562962e-07
9.534971923131e-08
4.111427642783e-09
5.318537432686e-08
7.790021072651e-08
7.610589136675e-08
5.646643330692e-08
2.650568831086e-08
1.047197883963e-08
5.592733032245e-08
4.365517725091e-07
3.700956767716e-07
2.895671968872e-07
2.001065695367e-07
1.087161649593e-07
2.136238208550e-08
5.871299890714e-08
1.302673808823e-07
1.919038368214e-07
2.400856828899e-07
8.825736586004e-09
5.899266852794e-09
2.559221456977e-08
8.503059234499e-08
1.685131678641e-07
2.717859501900e-07
3.933277525903e-07
5.357078407542e-07
7.045802590255e-07
9.057270631274e-07
1.247683542260e-06
9.712572364151e-07
6.654493631686e-07
3.358578624102e-07
1.301867769143e-08
3.785333433370e-07
7.591656299155e-07
1.153184996383e-06
1.557645930461e-06
1.968574224520e-06
1.776638612228e-06
1.357805672342e-06
9.405870855517e-07
5.255738528831e-07
1.139790697380e-07
2.913510002145e-07
6.858821279820e-07
1.064239597781e-06
1.421672322977e-06
1.755138157478e-06
1.042559119924e-06
7.533869279541e-07
4.871980650023e-07
2.429449068586e-07
2.050757075267e-08
1.795529556148e-07
3.562296342352e-07
5.089436285743e-07
6.379049750649e-07
7.444947414115e-07
5.706863248633e-08
1.798866833269e-08
7.999591389307e-08
1.322540015281e-07
1.774615157046e-07
2.175739268750e-07
2.538382091188e-07
2.871918240999e-07
3.185498940184e-07
3.491006168588e-07
4.245043783158e-08
8.244057880802e-08
1.278637569158e-07
1.812978212001e-07
2.452945295772e-07
3.221282440791e-07
4.134645337217e-07
5.199683528190e-07
6.409107982108e-07
7.738752856312e-07
5.188193767935e-07
3.689727350320e-07
2.205396185673e-07
7.657200740141e-08
6.211115533006e-08
1.967753746612e-07
3.295526767033e-07
4.615707780431e-07
5.913784093536e-07
7.145465019676e-07
2.990092298205e-07
2.033451096395e-07
1.328901362285e-07
9.088336128116e-08
7.900297305241e-08
9.877004458758e-08
1.523611103948e-07
2.425475145174e-07
3.713682303896e-07
5.388146746554e-07
1.267528148219e-06
1.037139327309e-06
7.757165008115e-07
4.820934691452e-07
1.518204157946e-07
2.205760551988e-07
6.384430548678e-07
1.100715678604e-06
1.601889948688e-06
2.134534156539e-06
2.855860429918e-06
2.281759236666e-06
1.682231527411e-06
1.054207245943e-06
3.963909307458e-07
2.890207611017e-07
9.972793577617e-07
1.723746549942e-06
2.466387059030e-06
3.226382091270e-06
3.757799390769e-06
2.964803968553e-06
2.152537263100e-06
1.325556695519e-06
4.881371751253e-07
3.589332777665e-07
1.219726584623e-06
2.101495226725e-06
3.010902617007e-06
3.950558721044e-06
4.718180946384e-06
3.737578026630e-06
2.740681338764e-06
1.729276675633e-06
7.007893714217e-07
3.496895146782e-07
1.426318078757e-06
2.530498079523e-06
3.661150628886e-06
4.816741636660e-06
5.768547055141e-06
4.569656084641e-06
3.340454611589e-06
2.080543026750e-06
7.937667305669e-07
5.125164079800e-07
1.830350470300e-06
3.154589023779e-06
4.484784767556e-06
5.824224672324e-06
6.299271376520e-06
4.943206988628e-06
3.574825427677e-06
2.199253287927e-06
8.220356448874e-07
5.530889666261e-07
1.924332650560e-06
3.290472591289e-06
4.648819924569e-06
5.994396701681e-06
5.893957450098e-06
4.602553531186e-06
3.336657300679e-06
2.094909518746e-06
8.748678510528e-07
3.240871251364e-07
1.498919573351e-06
2.643408038239e-06
3.750462155949e-06
4.814988471935e-06
4.324878091211e-06
3.357461196174e-06
2.432578867229e-06
1.551497462060e-06
7.181661771938e-07
6.219283932296e-08
7.855016974645e-07
1.450345507692e-06
2.057742563011e-06
2.609262253372e-06
1.821514274525e-06
1.390714089666e-06
1.021429284265e-06
7.157074719544e-07
4.722737685370e-07
2.865252781703e-07
1.525306743133e-07
6.577039357580e-08
2.496346951375e-08
3.163540895912e-08
4.943466933582e-07
3.844083380500e-07
2.297593368894e-07
3.793724090428e-08
1.826748530220e-07
4.252004828231e-07
6.854409662083e-07
9.607924766897e-07
1.248359353667e-06
1.543474695609e-06
1.140928532095e-06
8.455823490294e-07
5.593287824013e-07
2.828554102052e-07
1.433284069208e-08
2.481203296156e-07
5.040334940531e-07
7.497488354602e-07
9.796904123505e-07
1.189008912661e-06
5.140729513187e-07
3.422253485041e-07
1.841503944888e-07
3.360048594914e-08
1.140221570495e-07
2.609864395708e-07
4.083653948328e-07
5.579349817708e-07
7.136323461054e-07
8.814359375720e-07
8.129734396789e-07
5.995382821311e-07
3.613921535361e-07
9.911684628605e-08
1.865318495220e-07
4.968709390596e-07
8.363138022105e-07
1.211440007864e-06
1.628435541079e-06
2.090400130328e-06
2.480238947555e-06
1.930810356043e-06
1.347512807115e-06
7.337692409237e-07
8.983852239908e-08
5.861268164153e-07
1.295579465932e-06
2.037103911334e-06
2.805858002830e-06
3.595279849833e-06
3.671893068713e-06
2.847690439012e-06
2.007339048760e-06
1.147287377989e-06
2.661793132575e-07
6.327874189083e-07
1.542314635117e-06
2.454201990076e-06
3.363521614119e-06
4.270916178939e-06
3.952932956963e-06
3.026016543117e-06
2.085247785999e-06
1.131483600147e-06
1.685405663920e-07
8.005779363884e-07
1.777260990821e-06
2.767731302811e-06
3.780137490139e-06
4.819828802738e-06
4.801066154414e-06
3.708783140155e-06
2.603619691399e-06
1.489214184858e-06
3.623791258178e-07
7.857367450015e-07
1.964849843716e-06
3.180534974945e-06
4.431834611296e-06
5.713126483897e-06
6.057892107947e-06
4.725408302875e-06
3.368717784724e-06
1.984304958569e-06
5.715488669011e-07
8.647362506053e-07
2.315776384876e-06
3.773405012453e-06
5.234745970029e-06
6.703822066356e-06
6.685341361390e-06
5.171673706172e-06
3.632768709849e-06
2.073721475426e-06
5.033958814238e-07
1.070055134278e-06
2.642743197612e-06
4.215161027332e-06
5.789498686681e-06
7.366295847078e-06
6.849781584606e-06
5.270778103750e-06
3.696307715018e-06
2.123597994341e-06
5.464550554279e-07
1.041195218932e-06
2.641499463607e-06
4.251000916611e-06
5.862257239642e-06
7.467744921996e-06
6.916527695466e-06
5.324434880549e-06
3.736886583283e-06
2.149821682451e-06
5.613761686618e-07
1.027971165968e-06
2.617320831177e-06
4.207035090076e-06
5.798922529721e-06
7.394453518828e-06
7.006316707248e-06
5.406364266491e-06
3.816209186880e-06
2.241775064249e-06
6.847623694739e-07
8.580283861193e-07
2.392418878117e-06
3.923198221401e-06
5.451238564547e-06
6.973089455187e-06
6.636588523179e-06
5.138881419953e-06
3.661205312255e-06
2.205006637723e-06
7.719601740064e-07
6.344667440317e-07
2.009610966525e-06
3.349702694777e-06
4.654314182062e-06
5.927048050580e-06
5.311416714449e-06
4.082372583980e-06
2.875918596601e-06
1.697964648883e-06
5.576167723120e-07
5.365765218812e-07
1.579901322657e-06
2.572430219061e-06
3.517487527915e-06
4.419215315465e-06
3.352935436851e-06
2.525392119423e-06
1.734094269068e-06
9.757059160620e-07
2.456602032908e-07
4.601165528584e-07
1.143257406966e-06
1.801864982554e-06
2.431656355384e-06
3.028692106000e-06
2.066813465262e-06
1.526855555767e-06
1.006827233141e-06
4.959149464412e-07
1.567417484694e-08
5.346988700694e-07
1.064655805294e-06
1.606838225143e-06
2.161915062970e-06
2.730678772878e-06
2.546850851104e-06
1.942198537108e-06
1.322813432125e-06
6.892267379044e-07
4.100871819901e-08
6.243701591302e-07
1.311878293109e-06
2.027949790318e-06
2.778439863960e-06
3.566629800389e-06
3.888964727139e-06
3.023960459814e-06
2.131377527803e-06
1.216697967266e-06
2.837349484253e-07
6.657286348855e-07
1.631151747006e-06
2.612099308408e-06
3.607486235069e-06
4.615737623226e-06
4.586615830249e-06
3.549877874320e-06
2.500981736375e-06
1.439151674276e-06
3.651213660305e-07
7.177586098805e-07
1.803857003324e-06
2.886697018312e-06
3.961031666222e-06
5.024213351135e-06
4.464049368380e-06
3.417196126065e-06
2.379026113886e-06
1.349822582597e-06
3.310232727927e-07
6.761358690710e-07
1.671702875683e-06
2.657318646015e-06
3.635038012817e-06
4.605586923390e-06
4.065131463449e-06
3.112988224530e-06
2.178861564062e-06
1.265980813514e-06
3.743576257875e-07
4.989518629372e-07
1.358492113468e-06
2.208487217104e-06
3.051665146359e-06
3.889386334777e-06
3.626924808486e-06
2.793003488932e-06
1.960294582659e-06
1.127349491981e-06
2.942801984318e-07
5.369727205107e-07
1.363528724596e-06
2.183454114402e-06
2.997511558078e-06
3.809627003193e-06
3.556862850473e-06
2.725623062361e-06
1.878561306512e-06
1.013227745261e-06
1.295762217524e-07
7.710020213381e-07
1.686539292223e-06
2.614990194161e-06
3.554255329163e-06
4.502230012804e-06
4.114283399304e-06
3.147583811369e-06
2.172092479213e-06
1.184035852475e-06
1.788368990674e-07
8.473393791064e-07
1.895995524137e-06
2.965685212075e-06
4.052618294281e-06
5.151930508873e-06
4.834500259676e-06
3.717569427408e-06
2.597941545446e-06
1.476391105371e-06
3.527450189722e-07
7.739993748146e-07
1.905888836973e-06
3.045724668027e-06
4.196286795377e-06
5.359181272979e-06
5.237103266609e-06
4.048331049944e-06
2.856631226678e-06
1.667457013355e-06
4.845629177908e-07
6.911407126609e-07
1.861470025233e-06
3.029724894077e-06
4.198999647542e-06
5.370942176341e-06
5.230432350345e-06
4.047128754792e-06
2.863092959160e-06
1.678877026734e-06
4.948519745085e-07
6.879302532070e-07
1.867151411261e-06
3.039365935820e-06
4.201262129300e-06
5.351204322324e-06
4.930456498187e-06
3.791745484705e-06
2.655867376689e-06
1.519852219189e-06
3.837089366243e-07
7.495816021219e-07
1.875662519524e-06
2.990996904373e-06
4.094457551673e-06
5.187228737213e-06
4.593102289618e-06
3.511522891131e-06
2.439358979700e-06
1.379627860842e-06
3.349916823936e-07
6.941165224816e-07
1.710234073471e-06
2.717561187637e-06
3.719634207755e-06
4.717072840776e-06
4.210567624341e-06
3.229024059692e-06
2.264884471970e-06
1.320510534697e-06
3.953965119763e-07
5.126201472194e-07
1.405395948950e-06
2.283133881065e-06
3.144549509670e-06
3.988552862211e-06
3.476975848571e-06
2.658396851984e-06
1.847708858804e-06
1.040526456109e-06
2.354677803851e-07
5.651071433022e-07
1.356350708193e-06
2.133497730483e-06
2.894437841405e-06
3.640947056738e-06
3.016647667664e-06
2.276937323131e-06
1.532962926376e-06
7.796506906743e-07
1.365077650917e-08
7.671519597352e-07
1.564050933212e-06
2.377423470534e-06
3.206306757875e-06
4.048134258028e-06
3.631907077306e-06
2.770970525034e-06
1.907680257318e-06
1.042243184202e-06
1.721134594845e-07
7.071408845150e-07
1.600249561307e-06
2.510378919851e-06
3.437734221734e-06
4.378933340377e-06
4.177187747700e-06
3.225443322208e-06
2.284648360273e-06
1.363192723147e-06
4.671551891988e-07
4.003096591987e-07
1.238658740021e-06
2.049077522770e-06
2.833063490471e-06
3.591350377974e-06
3.015505797066e-06
2.307144995939e-06
1.629417340610e-06
9.852172979663e-07
3.777001893468e-07
1.898089294627e-07
7.138565365494e-07
1.191708065562e-06
1.622396439416e-06
2.007807950122e-06
1.112094366817e-06
7.970659225975e-07
5.084149279355e-07
2.410016008980e-07
7.284938874363e-09
2.361462065892e-07
4.446572461347e-07
6.333046371765e-07
8.049636335272e-07
9.643044904806e-07
4.116596983295e-07
2.621774797262e-07
1.174009867100e-07
2.133737098120e-08
1.528848656562e-07
2.778977545859e-07
3.989520109826e-07
5.191677132643e-07
6.402385110960e-07
7.614836476932e-07
3.171681441927e-07
2.013096604969e-07
9.247037269233e-08
9.758934993442e-09
1.064025809683e-07
1.967005687220e-07
2.766980173874e-07
3.394341092644e-07
3.774580363824e-07
3.858723971462e-07
5.649646936945e-07
5.205993716118e-07
4.549905270324e-07
3.716998548953e-07
2.710966668928e-07
1.508211084911e-07
7.840696980566e-09
1.595250296305e-07
3.511390218591e-07
5.661501063514e-07
1.559178485877e-06
1.300204417021e-06
1.013822156892e-06
6.999740094216e-07
3.626756210906e-07
9.788720944925e-09
3.494901079648e-07
7.084226467668e-07
1.065288927293e-06
1.423148546564e-06
1.829770553741e-06
1.461125179958e-06
1.082427445454e-06
6.970860226829e-07
3.096910177192e-07
7.638715260327e-08
4.598793452715e-07
8.405415314883e-07
1.217156068378e-06
1.586666314779e-06
1.612180369648e-06
1.273198847684e-06
9.459998295824e-07
6.249977673178e-07
3.030485231648e-07
2.481215233274e-08
3.587740025068e-07
6.941642709535e-07
1.024162031626e-06
1.343497160633e-06
1.395527135628e-06
1.103415002035e-06
8.152808845807e-07
5.267493747851e-07
2.353257286813e-07
6.014158770995e-08
3.610883254623e-07
6.701818051624e-07
9.908065976560e-07
1.325349217041e-06
1.781687785751e-06
1.429029339306e-06
1.069777397333e-06
7.060007192194e-07
3.357080800015e-07
4.696573796537e-08
4.497848067331e-07
8.793599022283e-07
1.339238224318e-06
1.829721952618e-06
2.820737677212e-06
2.279602654198e-06
1.711954951134e-06
1.117980787058e-06
4.981131382920e-07
1.464417209718e-07
8.142348519868e-07
1.504556053078e-06
2.218341364824e-06
2.957768344913e-06
3.918604136288e-06
3.130301422516e-06
2.317974065136e-06
1.487804183853e-06
6.470771154454e-07
1.979198600566e-07
1.043206225404e-06
1.886913310045e-06
2.728176184519e-06
3.565611962131e-06
3.885367334533e-06
3.071233152241e-06
2.272246149460e-06
1.492658725510e-06
7.360820859503e-07
5.867775598745e-09
6.945482482479e-07
1.361409829315e-06
1.991061481021e-06
2.580861291790e-06
2.339465652312e-06
1.834606052853e-06
1.365273305964e-06
9.276893706556e-07
5.192349590288e-07
1.395700337525e-07
2.093033231176e-07
5.244992848930e-07
8.043505772548e-07
1.050214166298e-06
8.770455792728e-07
6.877584155518e-07
5.129153919370e-07
3.471805598565e-07
1.881099933598e-07
3.494909606161e-08
1.134445142270e-07
2.604155042718e-07
4.114888270124e-07
5.724286324948e-07
9.725425229590e-07
7.909047212706e-07
5.995512992740e-07
4.015122385681e-07
1.964044145097e-07
2.040576418949e-08
2.559328322604e-07
5.153736992725e-07
7.986849936970e-07
1.100018153011e-06
1.676732949818e-06
1.367664538066e-06
1.056355131368e-06
7.382142257484e-07
4.072412593814e-07
6.111383754615e-08
2.958280447274e-07
6.537271133311e-07
1.001928751521e-06
1.333981060725e-06
1.489073895300e-06
1.189824388348e-06
8.990015771815e-07
6.173518727337e-07
3.504734422677e-07
1.052994207384e-07
1.147927264356e-07
3.127613581455e-07
4.963082460563e-07
6.728204766659e-07
8.500356898367e-07
6.940975367797e-07
5.596491519100e-07
4.556843009595e-07
3.844390334962e-07
3.399819092920e-07
3.114286073469e-07
2.885205390157e-07
2.659780875547e-07
2.439659283482e-07
3.983455485468e-07
3.868686917485e-07
3.757212994060e-07
3.594038275878e-07
3.339804379721e-07
3.002118660334e-07
2.635398459461e-07
2.306477995262e-07
2.046556915047e-07
1.822722310862e-07
4.105332322979e-07
3.723848749360e-07
3.128615162495e-07
2.318585075045e-07
1.344212705590e-07
2.693002443266e-08
8.657912076160e-08
2.057935830635e-07
3.325736770421e-07
4.681069754042e-07
7.917888069642e-07
6.512055392704e-07
5.106550702294e-07
3.707111204676e-07
2.281309434693e-07
7.773888910378e-08
8.441577392659e-08
2.584579874565e-07
4.406410312185e-07
6.257021141209e-07
1.009531445106e-06
8.306055860885e-07
6.468522997238e-07
4.525409735834e-07
2.438688966322e-07
2.039610080828e-08
2.156004370590e-07
4.616451292350e-07
7.174746201599e-07
9.857560598903e-07
1.557238476835e-06
1.257026951862e-06
9.350770824312e-07
5.921767751715e-07
2.294439127581e-07
1.538865035400e-07
5.612721452053e-07
9.976299679693e-07
1.466827995955e-06
1.969150673631e-06
2.796396813665e-06
2.246072028811e-06
1.678013177298e-06
1.094393098811e-06
4.935350830237e-07
1.283907522520e-07
7.745761649858e-07
1.445407747269e-06
2.138367335647e-06
2.849641361991e-06
3.670393994071e-06
2.933800828941e-06
2.182002447171e-06
1.415259589521e-06
6.365139029185e-07
1.485034317739e-07
9.331280352853e-07
1.712495418360e-06
2.485452739620e-06
3.254269699937e-06
3.630516459907e-06
2.868429589853e-06
2.108164721903e-06
1.354494827410e-06
6.122124887042e-07
1.164063974102e-07
8.322526241500e-07
1.537836851639e-06
2.234476482954e-06
2.920233384884e-06
3.077033738919e-06
2.436067234157e-06
1.820504451189e-06
1.230414909514e-06
6.631676683355e-07
1.159228872893e-07
4.120344101466e-07
9.189540719490e-07
1.402425482411e-06
1.862065232672e-06
2.058327993382e-06
1.641418236886e-06
1.234885075974e-06
8.378759162042e-07
4.544679654828e-07
9.173788839689e-08
2.443474613756e-07
5.523231720872e-07
8.363210781681e-07
1.103916190459e-06
1.194817116357e-06
9.470358008912e-07
7.019507961559e-07
4.590999651555e-07
2.166224817302e-07
2.952384647870e-08
2.838758064172e-07
5.485298402164e-07
8.208318718061e-07
1.094180049677e-06
1.281372021822e-06
1.030370242461e-06
7.862906841183e-07
5.405435672401e-07
2.826769787134e-07
5.092545052321e-09
2.940270746876e-07
6.108243155722e-07
9.387878208145e-07
1.272018153031e-06
1.720589580145e-06
1.390298393744e-06
1.061115256107e-06
7.365616170318e-07
4.217303626319e-07
1.212186475641e-07
1.634674049455e-07
4.350873723524e-07
6.991873533480e-07
9.607367701392e-07
1.357594328510e-06
1.108679100525e-06
8.749274229558e-07
6.659250857410e-07
4.883283963864e-07
3.438577778070e-07
2.298700678693e-07
1.416693180545e-07
7.521038014602e-08
2.836208068402e-08
2.578712496870e-07
2.536854140089e-07
2.672971390894e-07
2.965967951241e-07
3.396187366889e-07
3.957337071370e-07
4.661766297431e-07
5.530501994144e-07
6.572504958058e-07
7.768646810291e-07
4.104996946808e-07
2.734021791184e-07
1.407288436894e-07
1.695144646874e-08
9.698834446681e-08
2.030351424764e-07
3.040954652533e-07
4.022348889521e-07
4.978348329132e-07
5.898491508560e-07
2.131536120942e-07
1.276011403206e-07
4.886817350780e-08
2.233815621366e-08
8.483669944326e-08
1.373134637106e-07
1.792189436856e-07
2.120025897057e-07
2.394353941781e-07
2.668662091310e-07
4.804275022252e-08
1.799946858227e-09
5.431490990304e-08
1.196659695779e-07
1.933455564540e-07
2.755016907940e-07
3.677214976960e-07
4.722388666778e-07
5.909354285905e-07
7.246937343552e-07
6.384499897649e-07
4.682392500399e-07
2.796114131343e-07
6.940166485947e-08
1.652545051911e-07
4.252254370840e-07
7.086945856827e-07
1.011894426028e-06
1.330998088633e-06
1.664105354848e-06
1.486055225541e-06
1.116867451856e-06
7.297569482034e-07
3.257200660300e-07
9.173180615107e-08
5.179868480809e-07
9.494188475401e-07
1.384805557336e-06
1.825090919283e-06
2.271791174735e-06
1.828912388646e-06
1.366190531371e-06
9.029007514982e-07
4.428164288584e-07
1.200317001349e-08
4.614964836946e-07
9.067226187653e-07
1.348244381916e-06
1.785081906291e-06
2.214971289050e-06
1.593307388248e-06
1.177258411644e-06
7.690631491641e-07
3.652249347397e-07
3.783333113461e-08
4.419449055604e-07
8.464170377920e-07
1.248596674941e-06
1.645282168283e-06
2.034361557435e-06
1.418071974513e-06
1.037900915435e-06
6.602654707422e-07
2.816846063070e-07
1.006874299492e-07
4.886435363005e-07
8.829553053147e-07
1.283542701458e-06
1.689700582119e-06
2.100274571148e-06
1.638779451696e-06
1.220021601966e-06
8.015057346711e-07
3.839527948912e-07
3.313579099995e-08
4.519159233496e-07
8.760601417634e-07
1.309975516506e-06
1.757489542342e-06
2.220532223873e-06
2.095504385125e-06
1.602510906196e-06
1.102358510252e-06
5.986823339299e-07
9.288902447224e-08
4.164688220953e-07
9.331956221104e-07
1.462175930556e-06
2.008158503486e-06
2.574872610239e-06
2.751691965841e-06
2.133284397132e-06
1.490253509928e-06
8.238684472417e-07
1.366135506942e-07
5.682242090188e-07
1.287679651796e-06
2.020321289820e-06
2.767128307823e-06
3.531355332598e-06
3.560148229553e-06
2.744466769400e-06
1.901677308069e-06
1.032576278703e-06
1.402401039741e-07
7.708050020483e-07
1.695388732514e-06
2.628276092764e-06
3.564715711946e-06
4.501043747496e-06
3.926410613531e-06
2.989305642132e-06
2.052134220776e-06
1.112885286148e-06
1.710365609142e-07
7.711003604527e-07
1.708235174647e-06
2.633477720337e-06
3.540090176557e-06
4.423123243669e-06
3.304967947315e-06
2.471411050919e-06
1.666020693847e-06
8.893362064555e-07
1.415499468749e-07
5.778251193078e-07
1.270051200208e-06
1.936023295457e-06
2.574882273620e-06
3.182941611612e-06
1.975462112114e-06
1.443187841232e-06
9.582982443135e-07
5.211520033299e-07
1.284739710172e-07
2.246479198220e-07
5.422680260381e-07
8.260008144134e-07
1.075117552318e-06
1.287985355702e-06
3.104046868430e-07
1.679457568571e-07
6.281044306888e-08
4.389789864945e-09
3.209220267308e-08
1.887190137495e-08
3.470199771982e-08
1.247716454600e-07
2.446582243465e-07
3.868822204822e-07
1.024603591304e-06
8.555597901250e-07
6.715438303218e-07
4.712266559181e-07
2.548078441578e-07
2.518765995774e-08
2.128038545379e-07
4.540761437966e-07
6.947946076252e-07
9.324903658126e-07
1.143476310972e-06
9.232180104846e-07
7.162207111833e-07
5.278057528812e-07
3.620875190791e-07
2.206186309195e-07
1.025015308187e-07
5.843958206242e-09
7.028955906208e-08
1.249052843377e-07
1.358713461741e-07
1.349362719338e-07
1.606580894986e-07
2.107486807290e-07
2.810710384438e-07
3.670536443678e-07
4.652738425648e-07
5.737667834183e-07
6.916115466993e-07
8.179041515177e-07
3.931212972930e-07
2.528174150029e-07
1.117633132708e-07
2.656952347024e-08
1.588242071193e-07
2.816848905240e-07
3.919142272935e-07
4.864023708251e-07
5.624833647744e-07
6.181575145092e-07
2.944454990939e-07
3.108977466582e-07
3.072021854678e-07
2.855603611351e-07
2.490269253030e-07
2.008650312746e-07
1.435794274585e-07
7.812110425220e-08
3.554532668204e-09
8.201806167563e-08
7.790434324306e-07
6.745262908225e-07
5.630216719510e-07
4.508044071372e-07
3.443921059443e-07
2.485593313395e-07
1.654413495089e-07
9.539388656776e-08
3.854415808746e-08
3.667310011224e-09
1.964215812222e-07
1.967619027710e-07
2.172644144594e-07
2.559580707384e-07
3.095545935139e-07
3.755516218007e-07
4.542245051198e-07
5.485984502229e-07
6.626921731367e-07
7.987362096173e-07
6.384954645000e-07
4.596489020514e-07
2.709804221013e-07
7.695666681684e-08
1.209504603139e-07
3.235642793697e-07
5.319467391018e-07
7.453078865183e-07
9.604554520593e-07
1.173100883989e-06
7.142750746425e-07
5.085174166197e-07
3.093172722402e-07
1.157167730526e-07
7.185110462160e-08
2.510840886316e-07
4.187928652755e-07
5.726200811296e-07
7.120742111510e-07
8.382802434426e-07
2.117402004842e-07
1.047040996127e-07
1.208621824844e-08
6.321198497972e-08
1.191725687022e-07
1.558777853461e-07
1.754172558321e-07
1.806544673855e-07
1.737454908834e-07
1.555270046083e-07
4.015205377073e-07
3.654852207546e-07
3.193718498551e-07
2.645641075105e-07
2.017920337494e-07
1.303671410824e-07
4.866365088674e-08
4.431336719790e-08
1.470865527153e-07
2.549792839091e-07
6.788461064389e-07
5.862417538083e-07
5.069695134807e-07
4.422834649631e-07
3.908711505574e-07
3.506837060741e-07
3.206170049452e-07
3.009508304785e-07
2.927242235273e-07
2.967818772959e-07
1.256480004486e-07
1.603378336767e-07
2.102860889863e-07
2.797024194479e-07
3.740744318748e-07
4.978574565939e-07
6.522645890072e-07
8.340484214386e-07
1.036308276525e-06
1.251008541203e-06
7.548065923402e-07
5.269157554721e-07
2.966851866404e-07
6.247552164496e-08
1.776799649633e-07
4.251496079632e-07
6.806754413446e-07
9.446512194700e-07
1.217117585384e-06
1.497165897035e-06
1.086035695153e-06
7.966187354214e-07
5.131636839906e-07
2.411898094579e-07
1.623288881092e-08
2.596353851914e-07
4.929669898956e-07
7.221632927212e-07
9.532229228171e-07
1.190747298097e-06
1.048588103458e-06
7.875347023401e-07
5.167629524294e-07
2.372199787715e-07
4.971349198968e-08
3.426016519370e-07
6.404980581465e-07
9.437338803764e-07
1.254604683254e-06
1.577328191615e-06
1.501252938851e-06
1.135007039466e-06
7.441755656146e-07
3.288726020401e-07
1.082139533537e-07
5.628756980514e-07
1.030694647852e-06
1.507751846930e-06
1.991022259062e-06
2.477924681443e-06
1.937063245805e-06
1.444428846753e-06
9.536631750962e-07
4.654508529711e-07
1.969920049305e-08
5.005198318031e-07
9.738293442751e-07
1.434082719243e-06
1.874059478268e-06
2.286492076564e-06
1.147120485712e-06
7.986611194610e-07
4.853838504459e-07
2.052440208899e-07
4.381939788800e-08
2.628744937283e-07
4.518906280282e-07
6.106017167440e-07
7.393115311061e-07
8.390371704081e-07
1.758467078616e-07
2.241283141302e-07
2.441120159347e-07
2.347489953536e-07
1.963247200365e-07
1.320404976468e-07
4.838062750423e-08
4.619835181074e-08
1.436749244021e-07
2.385611423961e-07
5.576143848884e-07
4.755397071676e-07
3.967700195062e-07
3.213876311747e-07
2.508332954676e-07
1.870830033113e-07
1.312952235821e-07
8.329681122632e-08
4.233299932821e-08
8.698236797500e-09
2.045574660769e-07
1.998106426981e-07
2.151320472876e-07
2.536248757679e-07
3.145635218971e-07
3.934432015740e-07
4.839372422794e-07
5.804546958643e-07
6.798753702242e-07
7.817349114703e-07
1.804608587008e-07
6.771210792067e-08
4.838784661843e-08
1.672634653005e-07
2.895358193200e-07
4.178399422017e-07
5.562830551753e-07
7.085297397680e-07
8.757192517805e-07
1.055401241956e-06
6.411353865587e-07
4.492601419770e-07
2.596686385914e-07
7.272558377736e-08
1.142459495895e-07
3.054952344428e-07
5.050944196228e-07
7.158946573327e-07
9.395536721968e-07
1.177228796223e-06
1.110182381581e-06
8.385697469748e-07
5.517910608432e-07
2.526024900362e-07
5.396907454269e-08
3.616644903559e-07
6.647968007201e-07
9.600073553884e-07
1.247093734946e-06
1.528706263798e-06
1.004475336686e-06
7.194514637376e-07
4.310667236496e-07
1.405238663210e-07
1.486201881562e-07
4.315683668210e-07
7.032986104605e-07
9.595031542631e-07
1.196951870952e-06
1.413562756625e-06
3.511951831570e-07
1.750079832163e-07
1.797906179490e-08
1.238812501470e-07
2.561333189988e-07
3.848169285448e-07
5.149119033376e-07
6.488460257970e-07
7.859050583647e-07
9.229075317307e-07
2.846894062714e-07
1.554873279019e-07
3.186067942806e-08
9.015258228828e-08
2.165802470699e-07
3.539707904565e-07
5.078742901787e-07
6.824083129686e-07
8.803815489955e-07
1.103777606204e-06
1.156159498805e-06
8.774744060247e-07
5.749915885644e-07
2.530906613174e-07
8.288031949633e-08
4.283332373234e-07
7.811288469384e-07
1.142172436630e-06
1.514585449058e-06
1.902003987198e-06
1.751065838107e-06
1.326763992893e-06
8.884619546734e-07
4.404137712299e-07
1.264157845071e-08
4.661537786887e-07
9.158512739305e-07
1.357748544706e-06
1.788455335827e-06
2.205765838426e-06
1.440956737042e-06
1.045733370120e-06
6.590411203433e-07
2.773346636786e-07
1.019111550704e-07
4.796151529263e-07
8.553058705729e-07
1.227701034168e-06
1.595456183168e-06
1.957538358965e-06
1.257030248780e-06
9.050668268173e-07
5.606252670987e-07
2.232116003142e-07
1.089799752663e-07
4.389657419779e-07
7.702809057264e-07
1.105972899040e-06
1.447535169063e-06
1.794622733087e-06
1.377698197302e-06
1.021777109145e-06
6.667413572359e-07
3.146750486849e-07
3.215399146939e-08
3.709598104251e-07
6.985683285166e-07
1.012080474538e-06
1.309774631864e-06
1.591784325683e-06
8.362927133021e-07
5.756897394349e-07
3.240009505134e-07
8.061698508754e-08
1.532138185212e-07
3.748606332010e-07
5.814493420075e-07
7.707075724284e-07
9.417998967365e-07
1.095156051178e-06
1.538404035273e-07
2.710692115215e-08
8.867732503859e-08
1.975050736291e-07
3.045222456421e-07
4.159813329352e-07
5.383091661315e-07
6.769071205781e-07
8.347893754035e-07
1.012091388475e-06
7.526165859417e-07
5.405011052062e-07
3.159194079672e-07
7.773576271575e-08
1.780700813470e-07
4.572187890517e-07
7.651208306925e-07
1.105163505599e-06
1.478206968386e-06
1.883158006422e-06
2.046364613761e-06
1.579834190579e-06
1.087907435249e-06
5.745928888246e-07
4.615532134267e-08
4.896423888567e-07
1.025323854265e-06
1.556160896143e-06
2.081420120703e-06
2.603700465897e-06
2.115160498306e-06
1.587853887486e-06
1.063530987722e-06
5.499604753822e-07
5.632432475977e-08
4.096877432858e-07
8.436253438049e-07
1.243798863015e-06
1.609576827377e-06
1.939716469224e-06
7.111054287634e-07
4.530228920885e-07
2.319496843484e-07
4.309276846470e-08
1.199891244141e-07
2.623964974191e-07
3.854202645925e-07
4.861425395575e-07
5.595293828264e-07
6.020129035278e-07
4.761079708260e-07
4.669890358855e-07
4.407966116560e-07
4.051560154039e-07
3.654096758510e-07
3.246846063121e-07
2.854890794879e-07
2.513857566555e-07
2.271612515869e-07
2.172817517021e-07
1.441189851903e-07
1.688831048341e-07
2.044985194516e-07
2.470391677889e-07
2.954078581752e-07
3.523373379721e-07
4.232723540554e-07
5.137537186783e-07
6.270439030232e-07
7.632978622496e-07
6.683762876492e-07
4.887725708613e-07
2.922531621152e-07
8.008720442376e-08
1.456718905501e-07
3.812477302745e-07
6.213179517545e-07
8.605826451458e-07
1.095711354537e-06
1.326507401700e-06
7.514152002841e-07
5.166825189917e-07
2.772863467726e-07
3.231974687878e-08
2.174146516154e-07
4.700543172476e-07
7.234232271003e-07
9.752333198776e-07
1.222790274369e-06
1.462930356411e-06
6.198155233506e-07
3.985753664892e-07
1.887536882350e-07
1.304999841523e-08
2.121400370925e-07
4.142426064391e-07
6.239673666641e-07
8.440447345492e-07
1.075250452232e-06
1.316796954143e-06
9.459843113291e-07
6.874961400172e-07
4.277329139768e-07
1.706592342998e-07
8.099925707938e-08
3.270945398981e-07
5.706232286684e-07
8.171193712769e-07
1.072723193829e-06
1.342022699191e-06
1.236582477304e-06
9.341288773612e-07
6.218169801286e-07
3.046361598535e-07
1.228045221069e-08
3.240880346311e-07
6.264069725148e-07
9.157936915472e-07
1.190684315588e-06
1.452215258269e-06
8.368108979084e-07
5.837363801220e-07
3.289849246357e-07
6.985322897890e-08
1.926363779603e-07
4.540925147012e-07
7.084921662681e-07
9.502213060841e-07
1.175387865260e-06
1.382334801292e-06
3.344193828525e-07
1.582812956258e-07
3.646505319921e-09
1.551202899464e-07
3.007895656992e-07
4.452278972167e-07
5.914141070207e-07
7.393936698463e-07
8.860094453667e-07
1.026021493544e-06
1.430464067198e-07
2.647010433066e-08
7.414007541229e-08
1.604917088116e-07
2.353219201723e-07
3.012147544723e-07
3.600616764743e-07
4.133465836276e-07
4.623874474419e-07
5.083155087959e-07
1.051989784173e-07
1.474948021496e-07
1.817840029616e-07
2.038515845015e-07
2.105310841216e-07
2.014543269979e-07
1.794643367248e-07
1.496182449046e-07
1.170873247247e-07
8.530741979484e-08
3.406537416595e-07
3.151808414259e-07
2.897030526583e-07
2.642254912644e-07
2.398885499133e-07
2.181042191296e-07
1.995468892346e-07
1.838924390540e-07
1.705217869130e-07
1.599120196261e-07
1.939849880728e-07
2.015754034801e-07
2.231875555481e-07
2.613825245135e-07
3.155551553391e-07
3.820445613201e-07
4.557629722513e-07
5.322343668013e-07
6.090744477660e-07
6.859289669592e-07
2.502810048099e-08
5.647513035001e-08
1.372986275783e-07
2.153299760721e-07
2.886837933147e-07
3.567719772946e-07
4.201600063425e-07
4.794821961696e-07
5.338669666344e-07
5.801200586575e-07
2.693041096791e-07
2.870817752409e-07
2.825581191246e-07
2.552519049459e-07
2.077404701595e-07
1.443354449293e-07
6.944833330635e-08
1.347393663309e-08
1.020935087581e-07
1.944642349372e-07
6.349847581077e-07
5.459130534291e-07
4.601844239005e-07
3.787413334067e-07
3.009130864484e-07
2.251329078717e-07
1.504628812654e-07
7.817817504474e-08
1.238578306584e-08
4.059199909534e-08
2.423684009045e-07
2.383690684837e-07
2.629719801917e-07
3.167211275468e-07
3.981317036050e-07
5.045369562140e-07
6.325807930807e-07
7.785510547365e-07
9.384619374941e-07
1.108589231080e-06
5.076702223050e-07
3.192571398358e-07
1.231542796631e-07
8.316169441969e-08
3.023783960998e-07
5.358562020774e-07
7.826395744814e-07
1.039382141244e-06
1.301000111198e-06
1.561720637255e-06
7.473989853679e-07
4.989654485144e-07
2.639031890794e-07
4.323339908296e-08
1.638065896259e-07
3.596885562729e-07
5.481304015120e-07
7.329815048251e-07
9.171850479106e-07
1.101965892758e-06
5.780622700513e-07
3.915095589946e-07
2.102382268276e-07
3.656361968751e-08
1.282638208977e-07
2.843211177606e-07
4.326844305069e-07
5.752711444984e-07
7.144978440010e-07
8.529756883036e-07
4.257004775354e-07
2.781788452921e-07
1.270956886401e-07
2.629462869663e-08
1.794407467060e-07
3.292270776001e-07
4.728232738671e-07
6.084785582061e-07
7.356853757301e-07
8.550405823371e-07
1.758386360962e-07
6.492257398349e-08
4.046728463436e-08
1.400247811034e-07
2.328503114768e-07
3.177145799782e-07
3.933697598768e-07
4.586656814354e-07
5.128014777256e-07
5.553450819207e-07
2.599031176942e-07
2.836335397660e-07
2.968841386064e-07
3.008778435287e-07
2.970845116579e-07
2.869757622648e-07
2.715696041378e-07
2.509058276701e-07
2.240071808046e-07
1.891451688607e-07
5.736639536735e-07
5.226875146036e-07
4.622511937669e-07
3.941940462937e-07
3.205745997548e-07
2.424540639367e-07
1.595911953700e-07
7.076192787281e-08
2.523233888496e-08
1.287226041313e-07
8.484271347697e-07
7.358210041275e-07
6.166945922814e-07
4.890796390100e-07
3.499714011923e-07
1.969008280867e-07
2.949269628516e-08
1.501163637840e-07
3.382922386663e-07
5.318610192262e-07
1.231517842371e-06
1.032076170304e-06
8.241700584222e-07
6.059625548005e-07
3.776270318667e-07
1.410595018569e-07
1.017799036163e-07
3.507290102789e-07
6.081112928769e-07
8.775106721259e-07
1.660165537487e-06
1.365954346966e-06
1.059793817149e-06
7.453159582838e-07
4.244379283591e-07
9.573398074281e-08
2.453128900015e-07
6.042585027899e-07
9.853502547230e-07
1.390316072047e-06
2.448388499943e-06
2.000513575240e-06
1.526749940695e-06
1.023068307404e-06
4.848303092331e-07
9.110095788856e-08
7.052084924908e-07
1.355710423923e-06
2.040563174432e-06
2.759462290669e-06
4.012461999992e-06
3.223020371479e-06
2.390239671968e-06
1.513029133093e-06
5.929599069532e-07
3.667285568554e-07
1.362826139939e-06
2.393285001290e-06
3.457219065695e-06
4.553842302357e-06
5.563231354699e-06
4.415088426413e-06
3.243466210279e-06
2.052201978131e-06
8.441157319794e-07
3.790602249865e-07
1.615937435417e-06
2.864591010621e-06
4.122249379179e-06
5.385633130572e-06
5.978715421406e-06
4.718724312625e-06
3.458457854322e-06
2.197675883053e-06
9.358519150737e-07
3.273926267866e-07
1.592209457613e-06
2.858774450942e-06
4.127338115723e-06
5.398421535574e-06
6.039027198312e-06
4.767958444063e-06
3.492211192224e-06
2.210448542428e-06
9.207021776092e-07
3.794500003096e-07
1.692648936569e-06
3.021233681011e-06
4.366959217350e-06
5.730892041811e-06
6.676774148673e-06
5.283966629577e-06
3.874028379869e-06
2.448308862313e-06
1.008318008644e-06
4.445186618796e-07
1.909010393319e-06
3.384281569652e-06
4.869323959156e-06
6.362694080053e-06
7.092751388882e-06
5.598921347882e-06
4.104730464860e-06
2.613150627440e-06
1.127039240600e-06
3.505720087560e-07
1.816296105517e-06
3.266357566645e-06
4.697161102740e-06
6.106004775575e-06
6.318243833903e-06
4.966784672433e-06
3.639742146788e-06
2.338449291983e-06
1.065426658897e-06
1.762771262293e-07
1.384424535900e-06
2.558759945259e-06
3.701198238559e-06
4.814905594230e-06
4.933476077440e-06
3.879396729189e-06
2.848836174962e-06
1.841608536779e-06
8.567221811973e-07
1.081717186935e-07
1.056006624367e-06
1.989136706015e-06
2.908495446263e-06
3.813847456513e-06
4.170707086359e-06
3.299891830011e-06
2.436051545374e-06
1.572546921125e-06
7.029074708953e-07
1.770750372998e-07
1.068398205462e-06
1.969438073957e-06
2.877592862660e-06
3.790850087171e-06
4.435263520008e-06
3.520715324612e-06
2.601742664865e-06
1.678773116964e-06
7.521848601755e-07
1.786897314560e-07
1.116184080274e-06
2.063784620532e-06
3.024677766916e-06
3.999929276688e-06
4.859442526595e-06
3.871148749113e-06
2.881789043840e-06
1.897253696370e-06
9.217137062478e-07
4.283458565624e-08
9.962146236830e-07
1.939503533777e-06
2.874666449770e-06
3.804275706898e-06
4.509767961736e-06
3.589641380586e-06
2.668406636985e-06
1.746805708081e-06
8.276742278213e-07
8.465860901197e-08
9.855525036073e-07
1.871388974450e-06
2.740410195656e-06
3.592980647227e-06
3.923792291971e-06
3.102629477780e-06
2.287496158715e-06
1.473968779919e-06
6.586668632735e-07
1.599133270247e-07
9.807814649321e-07
1.800781376460e-06
2.615458697619e-06
3.420423240641e-06
3.677793870338e-06
2.907051623424e-06
2.150488853658e-06
1.406851936281e-06
6.743088079020e-07
4.946241460857e-08
7.669768820051e-07
1.480480420923e-06
2.191080739067e-06
2.897850947647e-06
3.367377246377e-06
2.686974482913e-06
2.023370029747e-06
1.379559819270e-06
7.556616878901e-07
1.491667376285e-07
4.437084726305e-07
1.026463451126e-06
1.601569181275e-06
2.170505638333e-06
2.876231405935e-06
2.322353225281e-06
1.770030507942e-06
1.218371096456e-06
6.679649686703e-07
1.206548176924e-07
4.218317144478e-07
9.595712526789e-07
1.495579965649e-06
2.035196985162e-06
2.880108411318e-06
2.323489411538e-06
1.751869376676e-06
1.166667004782e-06
5.705873036277e-07
3.409621740502e-08
6.461546604442e-07
1.265110086024e-06
1.890290775464e-06
2.520145699236e-06
3.149110000322e-06
2.520715383980e-06
1.890904115953e-06
1.258220777345e-06
6.210651122274e-07
2.060903625534e-08
6.642923722211e-07
1.305171906552e-06
1.937539707342e-06
2.556532137987e-06
2.848866756722e-06
2.267759100505e-06
1.703548491605e-06
1.155476809345e-06
6.224327648852e-07
1.027658527164e-07
4.060852347720e-07
9.071286513063e-07
1.402820203111e-06
1.894021863791e-06
2.461854535341e-06
1.987512916912e-06
1.522394370568e-06
1.066277548034e-06
6.166026764731e-07
1.692145588095e-07
2.804974883475e-07
7.366897989414e-07
1.203177873776e-06
1.683997538748e-06
2.797731951887e-06
2.278341185047e-06
1.732213661398e-06
1.159072155588e-06
5.619230591947e-07
5.422884896689e-08
6.848550242466e-07
1.328164159986e-06
1.985878839150e-06
2.662008569132e-06
3.604153221204e-06
2.886242214117e-06
2.145127723452e-06
1.383408857691e-06
6.037802222636e-07
1.920307113323e-07
1.002613828405e-06
1.825330343763e-06
2.654902004906e-06
3.483622151634e-06
3.868147246067e-06
3.068842488574e-06
2.285233279054e-06
1.514048733497e-06
7.499856451432e-07
1.097799895433e-08
7.692647159274e-07
1.521473222965e-06
2.262174746193e-06
2.986568517827e-06
3.334902885399e-06
2.655060086454e-06
1.993968282932e-06
1.351773732949e-06
7.296511057575e-07
1.285653183913e-07
4.525196004579e-07
1.017717409013e-06
1.573698455104e-06
2.127301513610e-06
2.846671179668e-06
2.294673038250e-06
1.742693939377e-06
1.194736682919e-06
6.534718295370e-07
1.186587610391e-07
4.127862212044e-07
9.453343636778e-07
1.483007793013e-06
2.028575863733e-06
2.937920839940e-06
2.378792032687e-06
1.807003570775e-06
1.220360502430e-06
6.172307394081e-07
2.463366399752e-09
6.369565426212e-07
1.283473693547e-06
1.939538719853e-06
2.604327448807e-06
3.440001933086e-06
2.759398967100e-06
2.063798035579e-06
1.351586490728e-06
6.224272510735e-07
1.231238115906e-07
8.840725627124e-07
1.659508086505e-06
2.448460179494e-06
3.249704320751e-06
4.033702794004e-06
3.217900427899e-06
2.393218494490e-06
1.559209863444e-06
7.146419989112e-07
1.418119950358e-07
1.010711400795e-06
1.891584531677e-06
2.783288039154e-06
3.684651289859e-06
4.487574642553e-06
3.573223409603e-06
2.650249427916e-06
1.719976978620e-06
7.847754091017e-07
1.525193624730e-07
1.089651163966e-06
2.025831236097e-06
2.961578161376e-06
3.897796602814e-06
4.510517896961e-06
3.579948838706e-06
2.653183173607e-06
1.733352462452e-06
8.229174568442e-07
7.661083145649e-08
9.640696703173e-07
1.837609943323e-06
2.694124759728e-06
3.529560899551e-06
3.741104023902e-06
2.962994642530e-06
2.211296987298e-06
1.483835546878e-06
7.780757869114e-07
9.250680932382e-08
5.726637368753e-07
1.215690360823e-06
1.834337240325e-06
2.426787091281e-06
2.630273627346e-06
2.099565961089e-06
1.596572872131e-06
1.120872241245e-06
6.711621836075e-07
2.448666123200e-07
1.621779119887e-07
5.550071477955e-07
9.385524322170e-07
1.316544398833e-06
2.020133763381e-06
1.656931033267e-06
1.298850691001e-06
9.476707418798e-07
6.049435796740e-07
2.713499611673e-07
5.362142019294e-08
3.719630967680e-07
6.870505444567e-07
1.003221370866e-06
1.862558121957e-06
1.538827575587e-06
1.205029093398e-06
8.619161349088e-07
5.118792500980e-07
1.580687012392e-07
1.964818920897e-07
5.491749561770e-07
8.981435826172e-07
1.242240671218e-06
1.784832079466e-06
1.455103756598e-06
1.125862297613e-06
7.930249239507e-07
4.524785026661e-07
1.016400688059e-07
2.597870434329e-07
6.298687935669e-07
1.005732087833e-06
1.384962899920e-06
2.027193488630e-06
1.647661520110e-06
1.263009266950e-06
8.713270176486e-07
4.707957828032e-07
5.935078206676e-08
3.659075105134e-07
8.086549314612e-07
1.272603128655e-06
1.760104339610e-06
2.815548725721e-06
2.289055828442e-06
1.745365011629e-06
1.187912971545e-06
6.186268706188e-07
3.772339596253e-08
5.553200708164e-07
1.160497731689e-06
1.776743715709e-06
2.402265408818e-06
3.272657636444e-06
2.638098123953e-06
1.996646801672e-06
1.348605451312e-06
6.957574782973e-07
4.178599510851e-08
6.082408390284e-07
1.249439151252e-06
1.878441310055e-06
2.493999602393e-06
2.906060785790e-06
2.320738644812e-06
1.746102157085e-06
1.181508594073e-06
6.263670115914e-07
7.961358505781e-08
4.604104901773e-07
9.955377890947e-07
1.527101744614e-06
2.055558809388e-06
2.645182178185e-06
2.129759138825e-06
1.617750285732e-06
1.107750563278e-06
5.971901373414e-07
8.275389973278e-08
4.392025516609e-07
9.721816809360e-07
1.519223758351e-06
2.082287778649e-06
3.106976123490e-06
2.518320059153e-06
1.916926407830e-06
1.305764612880e-06
6.872176072648e-07
6.246682460187e-08
5.683518793376e-07
1.205504815971e-06
1.848715839969e-06
2.496848935607e-06
3.336978750212e-06
2.690426754270e-06
2.043054337264e-06
1.395696585860e-06
7.500822789552e-07
1.097611175283e-07
5.198363624004e-07
1.132753709499e-06
1.724482444843e-06
2.293639454365e-06
2.613074457258e-06
2.088164990255e-06
1.576187855790e-06
1.075282796137e-06
5.859453153789e-07
1.099298856388e-07
3.513338242556e-07
7.978396752151e-07
1.230853968082e-06
1.651902607591e-06
2.005217083934e-06
1.614336895273e-06
1.235848742454e-06
8.688550678926e-07
5.098696078676e-07
1.529335804662e-07
2.087385837513e-07
5.807235652355e-07
9.656992006057e-07
1.363233138818e-06
2.274094413224e-06
1.866354068625e-06
1.452917558709e-06
1.033621344959e-06
6.070359290788e-07
1.713136157377e-07
2.750053909040e-07
7.328652600336e-07
1.202994894811e-06
1.686490861630e-06
2.767874718757e-06
2.260132021092e-06
1.735010584980e-06
1.193500906993e-06
6.388355018316e-07
7.605689233969e-08
4.892200990980e-07
1.052377967881e-06
1.610986373635e-06
2.165053729186e-06
2.763907616554e-06
2.221144768555e-06
1.679266517840e-06
1.139798200711e-06
6.057571226847e-07
8.070242074609e-08
4.321215669734e-07
9.298406666858e-07
1.409370156580e-06
1.866612194590e-06
1.971859319383e-06
1.581482479196e-06
1.227727807418e-06
9.120096251536e-07
6.332917337204e-07
3.893415509992e-07
1.786899588296e-07
2.095589479723e-09
1.374925773234e-07
2.360807229707e-07
2.241947640869e-07
2.223558794867e-07
2.668039655873e-07
3.574816673790e-07
4.947060006089e-07
6.791127020733e-07
9.104651894631e-07
1.186465055980e-06
1.502540953879e-06
1.853075161762e-06
1.597169159595e-06
1.182739197247e-06
7.400890353892e-07
2.680297939150e-07
2.332390636184e-07
7.607944212396e-07
1.309554193085e-06
1.874171857708e-06
2.450817532917e-06
3.037636361114e-06
2.350485715397e-06
1.741923483678e-06
1.131354451900e-06
5.247911758488e-07
7.271893309735e-08
6.593980970138e-07
1.237150229372e-06
1.809698176203e-06
2.379404975272e-06
2.944927302906e-06
2.086946210511e-06
1.540369908071e-06
1.014034637592e-06
5.086715191283e-07
2.179541525038e-08
4.497768486544e-07
9.071384852177e-07
1.348488865460e-06
1.770597350514e-06
2.171578614707e-06
1.289226815970e-06
9.165880214823e-07
5.547416321861e-07
2.018317672992e-07
1.396021502842e-07
4.639466055778e-07
7.654354590159e-07
1.041469431584e-06
1.293680838899e-06
1.526713901967e-06
4.744559305436e-07
2.601838104965e-07
5.850569095855e-08
1.288146336265e-07
3.009154738720e-07
4.591327069647e-07
6.064149147278e-07
7.452958357135e-07
8.761697927184e-07
9.968404697247e-07
2.333706561330e-09
9.706906212159e-08
1.812683763092e-07
2.540222112657e-07
3.206861265426e-07
3.862221547024e-07
4.537257609627e-07
5.242739575806e-07
5.978927219985e-07
6.746651024514e-07
8.584476063334e-08
7.907601684565e-09
1.080251195162e-07
2.149021725018e-07
3.284947069915e-07
4.490231049203e-07
5.777779392702e-07
7.174655820563e-07
8.718034791855e-07
1.044639930114e-06
7.358598281826e-07
5.110237566441e-07
2.622127794893e-07
1.051779463523e-08
3.069815761592e-07
6.272136374719e-07
9.716672479954e-07
1.341246615993e-06
1.737110153499e-06
2.160560654829e-06
1.939685489560e-06
1.450579873108e-06
9.305666708315e-07
3.788815092776e-07
2.049564500339e-07
8.210855639845e-07
1.469067967719e-06
2.147789928131e-06
2.855508853372e-06
3.590175595036e-06
3.278503982074e-06
2.487964195552e-06
1.675054818406e-06
8.411647058892e-07
1.146105432781e-08
8.794286259217e-07
1.758401424468e-06
2.643831692239e-06
3.531823949743e-06
4.419558877089e-06
3.586543300571e-06
2.696822036796e-06
1.814257302613e-06
9.429321607968e-07
8.764453696131e-08
7.470482614735e-07
1.557612279157e-06
2.341596484712e-06
3.097055696344e-06
3.821708673968e-06
2.432496899019e-06
1.770448079697e-06
1.148131104856e-06
5.663101205755e-07
2.372763674430e-08
4.821268362321e-07
9.535062304167e-07
1.391102216530e-06
1.793744843326e-06
2.159313737593e-06
8.137490681293e-07
5.181240680940e-07
2.579751594567e-07
2.896115347539e-08
1.733471890475e-07
3.521998905853e-07
5.093277195556e-07
6.456346568484e-07
7.622189741596e-07
8.612618103143e-07
6.917434802745e-08
1.493502850280e-07
2.201050506301e-07
2.819959377121e-07
3.348321797603e-07
3.789029392465e-07
4.162387767792e-07
4.508546567195e-07
4.877804258285e-07
5.313494284565e-07
2.416584266030e-08
9.280569202019e-08
1.666831508373e-07
2.429178493912e-07
3.201070626346e-07
3.991418111582e-07
4.827938937524e-07
5.744939244323e-07
6.771197149646e-07
7.925894465188e-07
4.123641019760e-07
2.589523546703e-07
8.962939546109e-08
9.643758858147e-08
2.991446876877e-07
5.169547421247e-07
7.470954983546e-07
9.865941024145e-07
1.233602802131e-06
1.488387852078e-06
9.336963557871e-07
6.466408990491e-07
3.429809112276e-07
2.060818360405e-08
3.209209467059e-07
6.806933470216e-07
1.056697726654e-06
1.446223848234e-06
1.846183522503e-06
2.253451043543e-06
1.496823131220e-06
1.071312112799e-06
6.409941306629e-07
2.035129682554e-07
2.439643367325e-07
7.034980171738e-07
1.175605405024e-06
1.659484951233e-06
2.153932655347e-06
2.658266566868e-06
2.016167059082e-06
1.480909475049e-06
9.353719292449e-07
3.811079523075e-07
1.796906872187e-07
7.454948445229e-07
1.316750967817e-06
1.895914067518e-06
2.486266112101e-06
3.089703568548e-06
2.495694900517e-06
1.861265388925e-06
1.223052663590e-06
5.844019597134e-07
5.407304115579e-08
6.938734031792e-07
1.336551065378e-06
1.981404011531e-06
2.624332523737e-06
3.258963715780e-06
2.361733720591e-06
1.751101137870e-06
1.160253475518e-06
5.886498115615e-07
3.613808985392e-08
4.955146550856e-07
1.002861267807e-06
1.482503819261e-06
1.932992461207e-06
2.355581500524e-06
1.259006808141e-06
8.758709668655e-07
5.154680025043e-07
1.803496161301e-07
1.259260784536e-07
4.012521799268e-07
6.467582238656e-07
8.669797466609e-07
1.068523999948e-06
1.258042175323e-06
4.215444846523e-07
2.340495370845e-07
4.670260977946e-08
1.436504817320e-07
3.407083113416e-07
5.481953735398e-07
7.689193353144e-07
1.004349201139e-06
1.254802100448e-06
1.520337661987e-06
1.044732925948e-06
7.381739806078e-07
4.108941880077e-07
6.012538733557e-08
3.158714321216e-07
7.172237133091e-07
1.142407199950e-06
1.588658051332e-06
2.052533886854e-06
2.530219092023e-06
1.887111750420e-06
1.386770350109e-06
8.842251304486e-07
3.835551183329e-07
1.110701646212e-07
5.953908157608e-07
1.065528863364e-06
1.518139526979e-06
1.950672867679e-06
2.361113047300e-06
1.140563256286e-06
7.747393055979e-07
4.377081381790e-07
1.320594833487e-07
1.402155476171e-07
3.782241719819e-07
5.820728006256e-07
7.523813110311e-07
8.894742791199e-07
9.930869282471e-07
3.437060058786e-07
3.852093186651e-07
3.957907210861e-07
3.795752832048e-07
3.415365767978e-07
2.859500227714e-07
2.152686420231e-07
1.301797851738e-07
3.080214128204e-08
8.186952982214e-08
1.005947751764e-06
8.808733582555e-07
7.520537792516e-07
6.210544256646e-07
4.875420245298e-07
3.503712946440e-07
2.093702846651e-07
6.619995929213e-08
7.612754870934e-08
2.149473061763e-07
9.714743782752e-07
8.447463528682e-07
7.156542096709e-07
5.806664944430e-07
4.385585157252e-07
2.906625127252e-07
1.394053015247e-07
1.393084403389e-08
1.706728767203e-07
3.346642643010e-07
1.214739654642e-06
1.031143710861e-06
8.302150718009e-07
6.117196562627e-07
3.755052944143e-07
1.202921566801e-07
1.561679709994e-07
4.560896513794e-07
7.800726962159e-07
1.126627694248e-06
2.132901954610e-06
1.757553548032e-06
1.364484774058e-06
9.510287668490e-07
5.128391649123e-07
4.570267719828e-08
4.529089210337e-07
9.832615432970e-07
1.543804444282e-06
2.132095403340e-06
3.349099642946e-06
2.722571366576e-06
2.077503950204e-06
1.417620694610e-06
7.462603548447e-07
6.549464615091e-08
6.245136319194e-07
1.325385426298e-06
2.039381058694e-06
2.768085550997e-06
3.881886755153e-06
3.135357019346e-06
2.380939520208e-06
1.623613854917e-06
8.684872909726e-07
1.203885062750e-07
6.164235628603e-07
1.338435083653e-06
2.043425411102e-06
2.730751020863e-06
3.270013110068e-06
2.621574594741e-06
1.984449909287e-06
1.356682616915e-06
7.378223472188e-07
1.291193711950e-07
4.669315671890e-07
1.047472551363e-06
1.610152480680e-06
2.153835282570e-06
2.541088349517e-06
2.039669709575e-06
1.551725688387e-06
1.073598411949e-06
6.015457643116e-07
1.320923956882e-07
3.378361270734e-07
8.110469593703e-07
1.290074806093e-06
1.777104500889e-06
2.664685723630e-06
2.164401792015e-06
1.654589198097e-06
1.135736226843e-06
6.074914153942e-07
6.785910500184e-08
4.866442964158e-07
1.059932230874e-06
1.654905474879e-06
2.272426513628e-06
3.450164115293e-06
2.798450509545e-06
2.129221115865e-06
1.442592008516e-06
7.374896995316e-07
1.289402007387e-08
7.307357350328e-07
1.491076602633e-06
2.264811598707e-06
3.049169208680e-06
4.067130703334e-06
3.269640558301e-06
2.460315442931e-06
1.638989317598e-06
8.075368782556e-07
3.050166696994e-08
8.716225465832e-07
1.713957317406e-06
2.558047981438e-06
3.405966765513e-06
4.243653563663e-06
3.391399729935e-06
2.533658118864e-06
1.672159953614e-06
8.080639872787e-07
5.882918685529e-08
9.297344263359e-07
1.805946567401e-06
2.687866981432e-06
3.574855441002e-06
4.409465589106e-06
3.522783174503e-06
2.631576023759e-06
1.734209149618e-06
8.289983952636e-07
8.507072379871e-08
1.008167487271e-06
1.939995797784e-06
2.880223348711e-06
3.828468607026e-06
4.737588312764e-06
3.784526995787e-06
2.829544087035e-06
1.876166606962e-06
9.270368082070e-07
1.669963012318e-08
9.553299946674e-07
1.889373834274e-06
2.818395046233e-06
3.740464478597e-06
4.440523355242e-06
3.547197138687e-06
2.667120782007e-06
1.800462712254e-06
9.476635796091e-07
1.109027607527e-07
7.054884463287e-07
1.496161019077e-06
2.256911500353e-06
2.986658671489e-06
3.293364784440e-06
2.623318493988e-06
1.973080372863e-06
1.340500205060e-06
7.257581273734e-07
1.301433485423e-07
4.458248668016e-07
1.003426405077e-06
1.545333930153e-06
2.073929522339e-06
2.540148898333e-06
2.044741052032e-06
1.564629428685e-06
1.099943858662e-06
6.479365879386e-07
2.030479322457e-07
2.412494950477e-07
6.903416647219e-07
1.146919885286e-06
1.610952722331e-06
2.591651423245e-06
2.123193041825e-06
1.650121475905e-06
1.171585495285e-06
6.866144417472e-07
1.949628085640e-07
3.028367245861e-07
8.061003313742e-07
1.314952385201e-06
1.830784981394e-06
2.870683431411e-06
2.339287163977e-06
1.793924980120e-06
1.233937950929e-06
6.598113486689e-07
7.256647904796e-08
5.268514655654e-07
1.137900824233e-06
1.760486895819e-06
2.394808404915e-06
3.393789825168e-06
2.741296214026e-06
2.074712881495e-06
1.392450030835e-06
6.927174922566e-07
2.621260364322e-08
7.657493483748e-07
1.526915809791e-06
2.310359207058e-06
3.116354093891e-06
4.304149854306e-06
3.462435245183e-06
2.601371818400e-06
1.723526338537e-06
8.315788591062e-07
7.216749509098e-08
9.862910133052e-07
1.910298692565e-06
2.844126527179e-06
3.787453522364e-06
4.743190459067e-06
3.793378368755e-06
2.840798401849e-06
1.889250597742e-06
9.425844496036e-07
4.560945399135e-09
9.212571967510e-07
1.831575502820e-06
2.723496209001e-06
3.594943109420e-06
4.023787994356e-06
3.201929075658e-06
2.399162724487e-06
1.613369818187e-06
8.429412332589e-07
8.729381306694e-08
6.529902520924e-07
1.376700311084e-06
2.082938806325e-06
2.771926006062e-06
3.260322841925e-06
2.605782128740e-06
1.958615371223e-06
1.313756797572e-06
6.660924896096e-07
1.089267698262e-08
6.558103677889e-07
1.337011667601e-06
2.034300962350e-06
2.747993733010e-06
3.787459093019e-06
3.049938243294e-06
2.297549201558e-06
1.529137477974e-06
7.422269163726e-07
6.636531679760e-08
8.996531164485e-07
1.759710357874e-06
2.647140377121e-06
3.561126106888e-06
4.853931386606e-06
3.901411901097e-06
2.932150835022e-06
1.951000001554e-06
9.626247674532e-07
2.962423195640e-08
1.024549248996e-06
2.023483375524e-06
3.029476772554e-06
4.045786795359e-06
5.182917902857e-06
4.149060202963e-06
3.106060091795e-06
2.057536960365e-06
1.006723437058e-06
4.443120360520e-08
1.095334482670e-06
2.146325698504e-06
3.198293939022e-06
4.252741632627e-06
5.257132272618e-06
4.194486052711e-06
3.117616643067e-06
2.021603791036e-06
9.032037269208e-07
2.379981083322e-07
1.399849054451e-06
2.578913608886e-06
3.772418949666e-06
4.979553750672e-06
5.992621311179e-06
4.759008561450e-06
3.504721462377e-06
2.227863433291e-06
9.276346304432e-07
3.959714263146e-07
1.742589859077e-06
3.111623016139e-06
4.501731325490e-06
5.910611207582e-06
6.876890893182e-06
5.447748378629e-06
4.009261715510e-06
2.562792360550e-06
1.108459116494e-06
3.541868522916e-07
1.825309936976e-06
3.304330107312e-06
4.789980209807e-06
6.280674483605e-06
7.132503299090e-06
5.644209011280e-06
4.155420981533e-06
2.667854971605e-06
1.183197412047e-06
2.974055064442e-07
1.773719077391e-06
3.246246535582e-06
4.715595082416e-06
6.181620506140e-06
6.934135910797e-06
5.488000681453e-06
4.050874451877e-06
2.624044554977e-06
1.207674927173e-06
1.986948063859e-07
1.595179128344e-06
2.980769181704e-06
4.353395354428e-06
5.710625373467e-06
6.311492938949e-06
4.998501651698e-06
3.704728896992e-06
2.430880954307e-06
1.178340653496e-06
5.098638666823e-08
1.255282029433e-06
2.433546796965e-06
3.585798424410e-06
4.712573570487e-06
5.169787584691e-06
4.101274669210e-06
3.060013852973e-06
2.047831912932e-06
1.066122308657e-06
1.153736093329e-07
8.046152970564e-07
1.694493107607e-06
2.554952345690e-06
3.386873117961e-06
3.825939529634e-06
3.053552063648e-06
2.305129498836e-06
1.579663035045e-06
8.772765340836e-07
1.990493387893e-07
4.539117526292e-07
1.081569848793e-06
1.685516167527e-06
2.268446905873e-06
2.786808295241e-06
2.245104724352e-06
1.720124544136e-06
1.212529525674e-06
7.223339935081e-07
2.481170326973e-07
2.126445792783e-07
6.623835702158e-07
1.101958730487e-06
1.530396957605e-06
2.183430694913e-06
1.787873486592e-06
1.405201032867e-06
1.032119428146e-06
6.647601935583e-07
3.008587441400e-07
5.907776312597e-08
4.121489496356e-07
7.550903546871e-07
1.086505733383e-06
1.780156480891e-06
1.471241432682e-06
1.165468972886e-06
8.614231887805e-07
5.604036914519e-07
2.655160642462e-07
2.029656798186e-08
2.956778075713e-07
5.610639277620e-07
8.175119319276e-07
1.382764253322e-06
1.152317452124e-06
9.358188890474e-07
7.360911240539e-07
5.539612288885e-07
3.878638494825e-07
2.347940153413e-07
9.227261443812e-08
3.999065256721e-08
1.594974037289e-07
7.334836595874e-07
6.590342991331e-07
6.083321295591e-07
5.814005135107e-07
5.762326509284e-07
5.901503641326e-07
6.208901481841e-07
6.671378969259e-07
7.281894340849e-07
8.032008622649e-07
1.329868837274e-08
9.143781198873e-08
2.048485612249e-07
3.261917527198e-07
4.561294417726e-07
5.961848046354e-07
7.476804739781e-07
9.103586080528e-07
1.081765105937e-06
1.257702592738e-06
3.496987233120e-07
1.717275495139e-07
8.218989933084e-10
1.681970616119e-07
3.314676746413e-07
4.912025701742e-07
6.467937510024e-07
7.967148576427e-07
9.394462381351e-07
1.074267913737e-06
9.159111868939e-08
3.343325261085e-08
1.507060574113e-07
2.580305249467e-07
3.520260634104e-07
4.293302140468e-07
4.879607331532e-07
5.277694867800e-07
5.496210064848e-07
5.539012022382e-07
6.672216272818e-07
6.347858629852e-07
5.760065278082e-07
4.879829020865e-07
3.699486228470e-07
2.229120354968e-07
4.812898168893e-08
1.546379166939e-07
3.877835297317e-07
6.550258717652e-07
2.066053070848e-06
1.727607582325e-06
1.351089792934e-06
9.379094763062e-07
4.886336455456e-07
2.145213784388e-09
5.235244202595e-07
1.089353418138e-06
1.693610386155e-06
2.331649682219e-06
3.635837686033e-06
2.952914883281e-06
2.248909936498e-06
1.522612933513e-06
7.716821528447e-07
5.079527909402e-09
8.061405765147e-07
1.627482333788e-06
2.464301189775e-06
3.312883904982e-06
4.385984311739e-06
3.524813962485e-06
2.656070307694e-06
1.782919923699e-06
9.099094882004e-07
4.115321416975e-08
8.216451874432e-07
1.680027992279e-06
2.537916714118e-06
3.399343199817e-06
4.376995775601e-06
3.511658519528e-06
2.645142387792e-06
1.780923184924e-06
9.209741733684e-07
6.521588602482e-08
7.877068810558e-07
1.639069409975e-06
2.489236464953e-06
3.337772113809e-06
4.257776083705e-06
3.417722325594e-06
2.576345991656e-06
1.731287738949e-06
8.814766374599e-07
2.822008582370e-08
8.249762686319e-07
1.673687336279e-06
2.514174582302e-06
3.344548360928e-06
4.010546774680e-06
3.206018845958e-06
2.410706599676e-06
1.625352354040e-06
8.515237936990e-07
9.095492714550e-08
6.551092610607e-07
1.385925145314e-06
2.100612334743e-06
2.797354170525e-06
3.256566344589e-06
2.611705156141e-06
1.994005856432e-06
1.404301713137e-06
8.410902978540e-07
3.013648210981e-07
2.180800038332e-07
7.192697353275e-07
1.202622172514e-06
1.667496462687e-06
2.317523410511e-06
1.896537696666e-06
1.492281000992e-06
1.102583780721e-06
7.258412892952e-07
3.614967454268e-07
9.391044386575e-09
3.315350909361e-07
6.643651317972e-07
9.944191106115e-07
1.979836326882e-06
1.643899111059e-06
1.296168534282e-06
9.366050335302e-07
5.668423455063e-07
1.882336846393e-07
1.996541527660e-07
5.993019271955e-07
1.014065219351e-06
1.446690532703e-06
2.585888751128e-06
2.122702767338e-06
1.640199798203e-06
1.136401010626e-06
6.074175757931e-07
4.886061333309e-08
5.420770321507e-07
1.164898151274e-06
1.815687426188e-06
2.488861639449e-06
3.692577365655e-06
2.994380167820e-06
2.279734758304e-06
1.546159182908e-06
7.915541004877e-07
1.560698592584e-08
7.802394748069e-07
1.594033506080e-06
2.424474303098e-06
3.271308059993e-06
4.462681033601e-06
3.592626057980e-06
2.712089781198e-06
1.827340156524e-06
9.449756248614e-07
6.965228749323e-08
7.971680702212e-07
1.657205871197e-06
2.513708068363e-06
3.369228465999e-06
4.297682721699e-06
3.451506813690e-06
2.611106481254e-06
1.779992771844e-06
9.610883466848e-07
1.567594836160e-07
6.306752311502e-07
1.398645167683e-06
2.144647964997e-06
2.867222690384e-06
3.406028952213e-06
2.732113046022e-06
2.074234089378e-06
1.428595453490e-06
7.932848689052e-07
1.690563635748e-07
4.410953238221e-07
1.033327066580e-06
1.604515432518e-06
2.153249340608e-06
2.561553515079e-06
2.061201087145e-06
1.578972216976e-06
1.112456970986e-06
6.589030476789e-07
2.152245883735e-07
2.218846475444e-07
6.551549063261e-07
1.085671044621e-06
1.512374410595e-06
2.237868613975e-06
1.834786417021e-06
1.443802943868e-06
1.064175989995e-06
6.923289106453e-07
3.231226628486e-07
4.829320232602e-08
4.251149903212e-07
8.084838327704e-07
1.198210384246e-06
2.332313442821e-06
1.937859565260e-06
1.537748403280e-06
1.133006378495e-06
7.260363190653e-07
3.200573814865e-07
8.249344318756e-08
4.815210559173e-07
8.798905923868e-07
1.282207563236e-06
2.378032093020e-06
1.966336242276e-06
1.548875502522e-06
1.131361557327e-06
7.198642038020e-07
3.185396053595e-07
7.120496547941e-08
4.495827852224e-07
8.167277201210e-07
1.171412463918e-06
1.854978961546e-06
1.539233835501e-06
1.239855464519e-06
9.543474561724e-07
6.794289220124e-07
4.133400466344e-07
1.574654220349e-07
8.405345397478e-08
3.064947691200e-07
5.074235787106e-07
1.086868678613e-06
9.290483831137e-07
7.806340818206e-07
6.370726168825e-07
4.961024160366e-07
3.570266358111e-07
2.187798031628e-07
7.850053407310e-08
6.830839538452e-08
2.262379439344e-07
1.287467000566e-06
1.108913636472e-06
9.170992143481e-07
7.124135663616e-07
4.928543830829e-07
2.540297714404e-07
9.330392458651e-09
3.011535909536e-07
6.227477911125e-07
9.730076726555e-07
2.387565416484e-06
1.992234842874e-06
1.570347080815e-06
1.120889692174e-06
6.439631192734e-07
1.418094939254e-07
3.816041385107e-07
9.221538448401e-07
1.477187936416e-06
2.046304757641e-06
3.175911217568e-06
2.584285425655e-06
1.978267391678e-06
1.360640226267e-06
7.348511417149e-07
1.036069079419e-07
5.318314038050e-07
1.171282519863e-06
1.814401173306e-06
2.459765710228e-06
3.311087823477e-06
2.676780184174e-06
2.046174358838e-06
1.418008821474e-06
7.891143809502e-07
1.557233986205e-07
4.850855361838e-07
1.134555816407e-06
1.792424370706e-06
2.457775110543e-06
3.553695989922e-06
2.883338538595e-06
2.205215992035e-06
1.518418002888e-06
8.223179293054e-07
1.164834202427e-07
5.996352001603e-07
1.327010579644e-06
2.067012758289e-06
2.821038719958e-06
4.055354679622e-06
3.282125760506e-06
2.496872241409e-06
1.703171392364e-06
9.053100598067e-07
1.074430429071e-07
6.873063398416e-07
1.477271950989e-06
2.262133591557e-06
3.042099990580e-06
3.887777836553e-06
3.129437629923e-06
2.380460159657e-06
1.644177132221e-06
9.236258051715e-07
2.208657861047e-07
4.628788587979e-07
1.126664415096e-06
1.769198490820e-06
2.388829500433e-06
2.928431513283e-06
2.366529599840e-06
1.826654340675e-06
1.305413832142e-06
7.995811301953e-07
3.074644041590e-07
1.705828367449e-07
6.329965458463e-07
1.078929699361e-06
1.509773994712e-06
2.228803680282e-06
1.823888965191e-06
1.420522721673e-06
1.016273131427e-06
6.107268291089e-07
2.041060156444e-07
2.042409619207e-07
6.164472097225e-07
1.035259003856e-06
1.462425132104e-06
2.422724264761e-06
1.988337317016e-06
1.548973273202e-06
1.104059606405e-06
6.506369913950e-07
1.844830990194e-07
2.973216624014e-07
7.945017728161e-07
1.303395208652e-06
1.818740315684e-06
2.810998012137e-06
2.299058564859e-06
1.785221115824e-06
1.267527750315e-06
7.450998396052e-07
2.187344989579e-07
3.100357730546e-07
8.406499318880e-07
1.374649002628e-06
1.914934898650e-06
2.998217951244e-06
2.447177166687e-06
1.891247563890e-06
1.335222350463e-06
7.826099022168e-07
2.335520434826e-07
3.153130023748e-07
8.689966648490e-07
1.431533974028e-06
2.004317423143e-06
3.207010479400e-06
2.623813713853e-06
2.034469162027e-06
1.438509684704e-06
8.350040729965e-07
2.240752223770e-07
3.921087454728e-07
1.010003416013e-06
1.626370703889e-06
2.239946809368e-06
3.242171771944e-06
2.635455189193e-06
2.027045809427e-06
1.418345277671e-06
8.133556548273e-07
2.172312179027e-07
3.656435865196e-07
9.327390557701e-07
1.483157404891e-06
2.016453038323e-06
2.592903456389e-06
2.104167492689e-06
1.638227104195e-06
1.196709831675e-06
7.801241395100e-07
3.883422436957e-07
2.176125235565e-08
3.180107341905e-07
6.282633648880e-07
9.063151082955e-07
1.268667119803e-06
1.062928959072e-06
8.875903745320e-07
7.398194838970e-07
6.174645932333e-07
5.195862513574e-07
4.459960223357e-07
3.965561177210e-07
3.706203983711e-07
3.671189574561e-07
1.781014020708e-07
2.237082981082e-07
2.907739258262e-07
3.794019107772e-07
4.886422857453e-07
6.161600936139e-07
7.585140338051e-07
9.121528137257e-07
1.074444583082e-06
1.244196312200e-06
3.807595021499e-07
1.883281584014e-07
1.282433004235e-08
2.226361175417e-07
4.404589617479e-07
6.655233732999e-07
8.970944804787e-07
1.134527792601e-06
1.377001069613e-06
1.623061507416e-06
6.333797273328e-07
3.805656092482e-07
1.325437892774e-07
1.079006324289e-07
3.389978360246e-07
5.601555130852e-07
7.716709546912e-07
9.741443705025e-07
1.167656989765e-06
1.351274420358e-06
2.244208872071e-07
6.016068709869e-08
8.682008001415e-08
2.143663095922e-07
3.207532586202e-07
4.043085937155e-07
4.630019247998e-07
4.943501039634e-07
4.961029276274e-07
4.672188538279e-07
9.649465368966e-07
8.862121489983e-07
7.838228839319e-07
6.604327040804e-07
5.167128733774e-07
3.512905664138e-07
1.616576241759e-07
5.422521098808e-08
2.967173600155e-07
5.644624252454e-07
2.020858914875e-06
1.716644476346e-06
1.393417960571e-06
1.052287927905e-06
6.947597626095e-07
3.233693632865e-07
5.835613592353e-08
4.470271051105e-07
8.407276368416e-07
1.239800553776e-06
2.387088159139e-06
1.977797978725e-06
1.556783900014e-06
1.124763684857e-06
6.843509936516e-07
2.389430733274e-07
2.088548285428e-07
6.581144589290e-07
1.109534139232e-06
1.564670355947e-06
2.542381821513e-06
2.084228299282e-06
1.619445640699e-06
1.147492412201e-06
6.674774226667e-07
1.783213861017e-07
3.205539087503e-07
8.288189974337e-07
1.344983445506e-06
1.866990260169e-06
2.831508027157e-06
2.310185550414e-06
1.784250684977e-06
1.251487560694e-06
7.093573799466e-07
1.561812723594e-07
4.082756959178e-07
9.825869824454e-07
1.564136709931e-06
2.149846636712e-06
3.097981618794e-06
2.519806798773e-06
1.943378379110e-06
1.368925723000e-06
7.959606591612e-07
2.233953750874e-07
3.503626544443e-07
9.271731755689e-07
1.508743252998e-06
2.096092657666e-06
3.205184327726e-06
2.616197775751e-06
2.025306798714e-06
1.434717262327e-06
8.456826776637e-07
2.577011173344e-07
3.315612389088e-07
9.258309887628e-07
1.529482119622e-06
2.146781127976e-06
3.530772687554e-06
2.883843706059e-06
2.214203902895e-06
1.520416446965e-06
8.019315487218e-07
5.902234079258e-08
7.076428687469e-07
1.497725520494e-06
2.311972536972e-06
3.152565000164e-06
4.644983619073e-06
3.749376560336e-06
2.816820540374e-06
1.845112421961e-06
8.334097287843e-07
2.180771616622e-07
1.308435514602e-06
2.436181148369e-06
3.599174760893e-06
4.794580434009e-06
6.188333259161e-06
4.946512092374e-06
3.681120801957e-06
2.393296767877e-06
1.083175050098e-06
2.492035946489e-07
1.603002885986e-06
2.976073460559e-06
4.365230722669e-06
5.766793833573e-06
6.890568954532e-06
5.482423603098e-06
4.070665738709e-06
2.658102175701e-06
1.247903014701e-06
1.568457719259e-07
1.553951335609e-06
2.942622586488e-06
4.323511632265e-06
5.697839867480e-06
6.580109754850e-06
5.226160055827e-06
3.878454776896e-06
2.537685190873e-06
1.203905185321e-06
1.237476681126e-07
1.446587305054e-06
2.765698638996e-06
4.081423242042e-06
5.393593369263e-06
6.342120968839e-06
5.045665261605e-06
3.749955226340e-06
2.452346507198e-06
1.150475156919e-06
1.569495680087e-07
1.470102233725e-06
2.788371887164e-06
4.111168948384e-06
5.438238133593e-06
6.501650034352e-06
5.175982494166e-06
3.847767231946e-06
2.519134170598e-06
1.192623585666e-06
1.294446292377e-07
1.445469081318e-06
2.754592458132e-06
4.056111606587e-06
5.349008290523e-06
6.150978379083e-06
4.890801903912e-06
3.645928188689e-06
2.418900919565e-06
1.211977746607e-06
2.711601609917e-08
1.133843966272e-06
2.269110154884e-06
3.376949166523e-06
4.455822306682e-06
4.939868688325e-06
3.931578703487e-06
2.953919306492e-06
2.006296142554e-06
1.087673695110e-06
1.969513618860e-07
6.667522711723e-07
1.503883481746e-06
2.314607456810e-06
3.099041748555e-06
3.686951629334e-06
2.962390169614e-06
2.260521625885e-06
1.579304750976e-06
9.168816745841e-07
2.717043798839e-07
3.577138727451e-07
9.732269745655e-07
1.577522141361e-06
2.173683697038e-06
3.104833638190e-06
2.526159960325e-06
1.949557770331e-06
1.374938904064e-06
8.021763733268e-07
2.303522705915e-07
3.425718091421e-07
9.191384719998e-07
1.501599967924e-06
2.091398414450e-06
3.246709695759e-06
2.649891712281e-06
2.043266135843e-06
1.424856236554e-06
7.926245757517e-07
1.453543063690e-07
5.167132144379e-07
1.192307024667e-06
1.880003765109e-06
2.579502108802e-06
3.787247464970e-06
3.070162620133e-06
2.336411682791e-06
1.585543543570e-06
8.184245530174e-07
3.652905888885e-08
7.591150392727e-07
1.568409629726e-06
2.391709870153e-06
3.228965795188e-06
4.372252931262e-06
3.522984002302e-06
2.665837826044e-06
1.801909377264e-06
9.304145009992e-07
4.951562004862e-08
8.423183430750e-07
1.744844780660e-06
2.655766138560e-06
3.571647482659e-06
4.641942098260e-06
3.734450956472e-06
2.826762681707e-06
1.918385919453e-06
1.009380923733e-06
1.006368961498e-07
8.066094210335e-07
1.711972572593e-06
2.616564870550e-06
3.522526583311e-06
4.616116427769e-06
3.713721980603e-06
2.810290538946e-06
1.909597870053e-06
1.015307475427e-06
1.293612399422e-07
7.486190725103e-07
1.620765999633e-06
2.489514145054e-06
3.356703246027e-06
4.397797624733e-06
3.541721582678e-06
2.685795095658e-06
1.829350139815e-06
9.719969966682e-07
1.142870473814e-07
7.418446443808e-07
1.593477861661e-06
2.437845807890e-06
3.273501761214e-06
4.131623200010e-06
3.319393329093e-06
2.509342721169e-06
1.698341748124e-06
8.844514240991e-07
6.724616241627e-08
7.525458727287e-07
1.573368194840e-06
2.393375496013e-06
3.210742193005e-06
4.064536767601e-06
3.266648093359e-06
2.475012252035e-06
1.689772545888e-06
9.104928153647e-07
1.362242301184e-07
6.344222924781e-07
1.402837142450e-06
2.170016841774e-06
2.935944110050e-06
3.890582149779e-06
3.142512866816e-06
2.403528583272e-06
1.677040188497e-06
9.653725214775e-07
2.691786562536e-07
4.120612402403e-07
1.079211585875e-06
1.732441148761e-06
2.370954746311e-06
3.189178130469e-06
2.593154874830e-06
2.013816981616e-06
1.449920148389e-06
9.002520755530e-07
3.645445190159e-07
1.560034093018e-07
6.594677302019e-07
1.144600560110e-06
1.612037124232e-06
2.420104920020e-06
1.987931625536e-06
1.563650243952e-06
1.145568148786e-06
7.334103315770e-07
3.269640842518e-07
7.554990588687e-08
4.779643631991e-07
8.854609632181e-07
1.302756174937e-06
2.528628726850e-06
2.094481374115e-06
1.648662021125e-06
1.191705734982e-06
7.224185196719e-07
2.378863541708e-07
2.651872250681e-07
7.888997970440e-07
1.333438262918e-06
1.897598906453e-06
3.311441446385e-06
2.718148095937e-06
2.104857799168e-06
1.470012648497e-06
8.135866096382e-07
1.379316358907e-07
5.525550363927e-07
1.252948891306e-06
1.959410553809e-06
2.669921173037e-06
3.717950789905e-06
3.009595218373e-06
2.299696461705e-06
1.590900296833e-06
8.864777782946e-07
1.892251475510e-07
4.990509410163e-07
1.177451963486e-06
1.845230940489e-06
2.501097583263e-06
3.235358917664e-06
2.618815187816e-06
2.019692431077e-06
1.438197955395e-06
8.735969458940e-07
3.247383233429e-07
2.091824740091e-07
7.284666594387e-07
1.233174657500e-06
1.723728530578e-06
2.532558539770e-06
2.075754082398e-06
1.627776043733e-06
1.186626661820e-06
7.506551469305e-07
3.185990067323e-07
1.107458729166e-07
5.386170869315e-07
9.660323030403e-07
1.393440811626e-06
2.406796454579e-06
1.990926534745e-06
1.577125317453e-06
1.165592266261e-06
7.556618015769e-07
3.459059030320e-07
6.510225603051e-08
4.780368385582e-07
8.923652217163e-07
1.306439116888e-06
2.350401928197e-06
1.954402023330e-06
1.565206218856e-06
1.184462576020e-06
8.138055136442e-07
4.550086600830e-07
1.098654820453e-07
2.202919517913e-07
5.350695460038e-07
8.351843803212e-07
1.696792139683e-06
1.433200111478e-06
1.181266782169e-06
9.421929121345e-07
7.183456887105e-07
5.123475261826e-07
3.258883793933e-07
1.591953378011e-07
1.105388491851e-08
1.203064243782e-07
8.743509738451e-07
7.844704441595e-07
7.096898571035e-07
6.502347105197e-07
6.056896495465e-07
5.748830176344e-07
5.565722176470e-07
5.504252840183e-07
5.576575858868e-07
5.807919478684e-07
1.570884933244e-07
2.301918584635e-07
3.239828743062e-07
4.373162596494e-07
5.688936539627e-07
7.186032462414e-07
8.879572419573e-07
1.079646892777e-06
1.296194284350e-06
1.538781759791e-06
9.227253485733e-07
6.192036607899e-07
2.919347821262e-07
5.946759529252e-08
4.363810717223e-07
8.402036542066e-07
1.271046301099e-06
1.727138283059e-06
2.205317457538e-06
2.702114329622e-06
1.959508040272e-06
1.421556248715e-06
8.702900231583e-07
3.074419510085e-07
2.638348632900e-07
8.390512675760e-07
1.413320148913e-06
1.982566914194e-06
2.544013511852e-06
3.096050363638e-06
1.820650027184e-06
1.281887250570e-06
7.594882163175e-07
2.571814547991e-07
2.217420274064e-07
6.753199386367e-07
1.103026193050e-06
1.505367436039e-06
1.883030677163e-06
2.236516877474e-06
7.746495498395e-07
4.581111738844e-07
1.635685293877e-07
1.114006522585e-07
3.699636863530e-07
6.154007223813e-07
8.504594575243e-07
1.077218882983e-06
1.297361336583e-06
1.512690289474e-06
4.474855472836e-07
2.238150500489e-07
3.936861503462e-09
2.387699851170e-07
4.827121529161e-07
7.365127885350e-07
9.999325243371e-07
1.272176859857e-06
1.552394678583e-06
1.839763683620e-06
8.479138955408e-07
5.393862352321e-07
2.292887870681e-07
7.862558959459e-08
3.803320396401e-07
6.721115823893e-07
9.509942628938e-07
1.214599251398e-06
1.460360522287e-06
1.684887308784e-06
1.542459813209e-07
2.538706667110e-08
1.698464870969e-07
2.759437620625e-07
3.420379925956e-07
3.673699211504e-07
3.512654416227e-07
2.924915634139e-07
1.896602270790e-07
4.221146809869e-08
1.711113895908e-06
1.491102239015e-06
1.235131719568e-06
9.473631621404e-07
6.306918862720e-07
2.867573130061e-07
8.306648169309e-08
4.762850949191e-07
8.885781426216e-07
1.314287032983e-06
2.540527589190e-06
2.114003223141e-06
1.686556799996e-06
1.260113947410e-06
8.373315267818e-07
4.223793439451e-07
2.044822622338e-08
3.639655119514e-07
7.287987386917e-07
1.075084298918e-06
1.859587371200e-06
1.550942045014e-06
1.253600032669e-06
9.685181225905e-07
6.975178621360e-07
4.413946044224e-07
1.987524456126e-07
3.360730715940e-08
2.590913936729e-07
4.796488610737e-07
1.424876813871e-06
1.222971661718e-06
1.025661504173e-06
8.296880196212e-07
6.297538561739e-07
4.204261472296e-07
1.985804374272e-07
3.537098791639e-08
2.782185788419e-07
5.261267119749e-07
1.695585467587e-06
1.449673447951e-06
1.198360166654e-06
9.395552638125e-07
6.726660899403e-07
3.987420882368e-07
1.193119487652e-07
1.651492311794e-07
4.559269655147e-07
7.552698093605e-07
1.992720001454e-06
1.682325887487e-06
1.365499485928e-06
1.046223474077e-06
7.273995379364e-07
4.092289600521e-07
8.894443226382e-08
2.379914008088e-07
5.761448278463e-07
9.286558224630e-07
2.343283824757e-06
1.968834169475e-06
1.578668161528e-06
1.172389090698e-06
7.492756139982e-07
3.087299660365e-07
1.491461034675e-07
6.236252829694e-07
1.113849521062e-06
1.619723661861e-06
3.035692543563e-06
2.504982603568e-06
1.952615662049e-06
1.376733109737e-06
7.772305821163e-07
1.560952114232e-07
4.828229975828e-07
1.134820820425e-06
1.795507500901e-06
2.461528652020e-06
3.511885324770e-06
2.851528222436e-06
2.189181941503e-06
1.525712264083e-06
8.624543283986e-07
2.010735329350e-07
4.568817644213e-07
1.109986044412e-06
1.756779397510e-06
2.395132923994e-06
3.196178738563e-06
2.596031151825e-06
2.014890014834e-06
1.455155313579e-06
9.172809427582e-07
3.998827082796e-07
9.917437182594e-08
5.816725092700e-07
1.048031037953e-06
1.497399125583e-06
2.335252816010e-06
1.934340673415e-06
1.553568893087e-06
1.193121704546e-06
8.533190225535e-07
5.347624778551e-07
2.380746195740e-07
3.687472371894e-08
2.914447918556e-07
5.280078312353e-07
1.419623743004e-06
1.222322453032e-06
1.039614971887e-06
8.730916079003e-07
7.244825610542e-07
5.945627208348e-07
4.828236797039e-07
3.879422934006e-07
3.088071025559e-07
2.449502289892e-07
6.441306936722e-07
6.190525709826e-07
6.070620770515e-07
6.056185384296e-07
6.123341336206e-07
6.262895340114e-07
6.486397978733e-07
6.817750772825e-07
7.277191684807e-07
7.864792337386e-07
1.278423269468e-07
2.117731128237e-07
2.985451033055e-07
3.864334985337e-07
4.756514044857e-07
5.671381018146e-07
6.610399054807e-07
7.558805350527e-07
8.492031611240e-07
9.390523700858e-07
1.271866949537e-07
2.194936996602e-07
3.114657829428e-07
4.035347842546e-07
4.934702815262e-07
5.769911126663e-07
6.495308184640e-07
7.083220339155e-07
7.532744916716e-07
7.863060886848e-07
5.388291128838e-07
5.616970497613e-07
5.741434279116e-07
5.736966954828e-07
5.583029292211e-07
5.274134764477e-07
4.819410150958e-07
4.232075525579e-07
3.516246920299e-07
2.661985263330e-07
1.135840136612e-06
1.027026542033e-06
9.017587103699e-07
7.622832640664e-07
6.119203703747e-07
4.535483526524e-07
2.887301775445e-07
1.176156274596e-07
6.024390586390e-08
2.446857365612e-07
1.420342869096e-06
1.237738047166e-06
1.055897541846e-06
8.775615469858e-07
7.045438223940e-07
5.377930278883e-07
3.779110784308e-07
2.257884830215e-07
8.271450724351e-08
4.981950496585e-08
9.972701491279e-07
8.978476557786e-07
8.100448667392e-07
7.330016842388e-07
6.660452527285e-07
6.092366788835e-07
5.632707029690e-07
5.290104923006e-07
5.067175266049e-07
4.955252848049e-07
4.769055976794e-07
4.898162160316e-07
5.061459091849e-07
5.240253244665e-07
5.425588369690e-07
5.613928806270e-07
5.800216626994e-07
5.973466841169e-07
6.119096838120e-07
6.224668709365e-07
5.291848879097e-07
5.403487080002e-07
5.490462058333e-07
5.559871283367e-07
5.605626256511e-07
5.609693971564e-07
5.550371611207e-07
5.413796202447e-07
5.201799808674e-07
4.929805186293e-07
7.365414376181e-07
7.108408794920e-07
6.816924837949e-07
6.479424996542e-07
6.087436190683e-07
5.643545932799e-07
5.160601972420e-07
4.651958533941e-07
4.117464413866e-07
3.536900976542e-07
9.096147550736e-07
8.405763196606e-07
7.571970854769e-07
6.588400083274e-07
5.460097440846e-07
4.191348921267e-07
2.774180529741e-07
1.189070530927e-07
5.874238695469e-08
2.569439061517e-07
1.675310102200e-06
1.444918268589e-06
1.194898061385e-06
9.241678071703e-07
6.302838642114e-07
3.104811412413e-07
3.678883331304e-08
4.108935627301e-07
8.091165000224e-07
1.227919938174e-06
2.667325134098e-06
2.222537546004e-06
1.763265345289e-06
1.290696161504e-06
8.067955832303e-07
3.142416176161e-07
1.843128529799e-07
6.870938022985e-07
1.193392620280e-06
1.702962890704e-06
2.875478742226e-06
2.370287404574e-06
1.869231311957e-06
1.376669558795e-06
8.960754485088e-07
4.291233608456e-07
2.413298716419e-08
4.643246143132e-07
8.918190133045e-07
1.306186334205e-06
2.268198613820e-06
1.889073757866e-06
1.524092851923e-06
1.172221345769e-06
8.324502687174e-07
5.045843636253e-07
1.896150365610e-07
1.109347067541e-07
3.961258698837e-07
6.665493401670e-07
1.621295268706e-06
1.380462322231e-06
1.146228726157e-06
9.170987596008e-07
6.931025495760e-07
4.751598225994e-07
2.639659442139e-07
5.922407808612e-08
1.404785621162e-07
3.369758587723e-07
1.378559943532e-06
1.193640798647e-06
1.010622156628e-06
8.299870728479e-07
6.515139716612e-07
4.738826646644e-07
2.950101816168e-07
1.131079443439e-07
7.248195288412e-08
2.609120315356e-07
1.405103205343e-06
1.225225844337e-06
1.046533157023e-06
8.681903977958e-07
6.885537118251e-07
5.063295702712e-07
3.216608206458e-07
1.362567445540e-07
4.722409130409e-08
2.263778355882e-07
1.295600895901e-06
1.136580237926e-06
9.817810564527e-07
8.306212748721e-07
6.837024102424e-07
5.428482268144e-07
4.103939090783e-07
2.880059923882e-07
1.762427359608e-07
7.458282880179e-08
8.676840934640e-07
7.932434868962e-07
7.286682262020e-07
6.751926093784e-07
6.335718580885e-07
6.032660735400e-07
5.823173978570e-07
5.679042942575e-07
5.572962322731e-07
5.486720056069e-07
5.816669954584e-07
5.832346801071e-07
5.859342309122e-07
5.890831857869e-07
5.912381197959e-07
5.903897886128e-07
5.844691486345e-07
5.716647137888e-07
5.506752245310e-07
5.207600111135e-07
8.416955665780e-07
8.005058020899e-07
7.502944185944e-07
6.914068535480e-07
6.242102585929e-07
5.493518528965e-07
4.678484515352e-07
3.813709099632e-07
2.922661224147e-07
2.032091970250e-07
9.504959734841e-07
8.755956741879e-07
8.068035981523e-07
7.454825095010e-07
6.935307510503e-07
6.536803311974e-07
6.292904686234e-07
6.234979537112e-07
6.383551749423e-07
6.743238145646e-07
1.385818109156e-07
2.209653189311e-07
3.229398544136e-07
4.459571982807e-07
5.923274102315e-07
7.641102683920e-07
9.619374168324e-07
1.184668747101e-06
1.429874316727e-06
1.694901357041e-06
8.761805361246e-07
5.708544676963e-07
2.499254492250e-07
8.511943860867e-08
4.319488766669e-07
7.877789016675e-07
1.150420644080e-06
1.518980639048e-06
1.894181309581e-06
2.277639453041e-06
1.285160806219e-06
8.765988468440e-07
4.598452392202e-07
3.730121989065e-08
3.887769253197e-07
8.170951559805e-07
1.247749366939e-06
1.681867331627e-06
2.121004399669e-06
2.566670104898e-06
1.541746826206e-06
1.073162479770e-06
5.947387080596e-07
1.052691231962e-07
3.964631218878e-07
9.112047791859e-07
1.439026561911e-06
1.979231171845e-06
2.530593121719e-06
3.091900339314e-06
2.075009888358e-06
1.487792530952e-06
8.907576329875e-07
2.832125574059e-07
3.352221256137e-07
9.641518659009e-07
1.602340717000e-06
2.248184955533e-06
2.900176980347e-06
3.557411787369e-06
2.440897446832e-06
1.764856676800e-06
1.084226994408e-06
3.998856072940e-07
2.869245463444e-07
9.750005460774e-07
1.663700061272e-06
2.353002059863e-06
3.043143294690e-06
3.733989274224e-06
2.527775166072e-06
1.828163647133e-06
1.131262990839e-06
4.373594606477e-07
2.544684321037e-07
9.457176588512e-07
1.637446644054e-06
2.329227640985e-06
3.018992458692e-06
3.703770971697e-06
2.434312648347e-06
1.756459369062e-06
1.088582735065e-06
4.307833023631e-07
2.162484520341e-07
8.507983579875e-07
1.470598988362e-06
2.073848520467e-06
2.659967663021e-06
3.229659284898e-06
1.793941066808e-06
1.247207194410e-06
7.182953822849e-07
2.105755925186e-07
2.725125796132e-07
7.289884251804e-07
1.159043961252e-06
1.564654837694e-06
1.948337683189e-06
2.311990670023e-06
8.157552429111e-07
4.837343681174e-07
1.695812557045e-07
1.288007638323e-07
4.145275056544e-07
6.908738896527e-07
9.602917998563e-07
1.224069649197e-06
1.482794459662e-06
1.737331672302e-06
5.583760867012e-07
2.992714485117e-07
3.513684987411e-08
2.378782255619e-07
5.227294082033e-07
8.214361741921e-07
1.135402612817e-06
1.465925606681e-06
1.814416123125e-06
2.182283424190e-06
1.339517723409e-06
9.239749374501e-07
4.875281547356e-07
3.056447894778e-08
4.464351377464e-07
9.429596730115e-07
1.458389021991e-06
1.991893611830e-06
2.542232380165e-06
3.107912789346e-06
2.137174931249e-06
1.538748222174e-06
9.304602031079e-07
3.146061544612e-07
3.062102109652e-07
9.291331366512e-07
1.551307207137e-06
2.169973924993e-06
2.782662704703e-06
3.387074286820e-06
1.993086868879e-06
1.403963949542e-06
8.305195819958e-07
2.754693468887e-07
2.586290293038e-07
7.696607440266e-07
1.256077382550e-06
1.717078532693e-06
2.152464048777e-06
2.562329086686e-06
9.387068757860e-07
5.703163878934e-07
2.276900090692e-07
8.897853831513e-08
3.800197987402e-07
6.465966748692e-07
8.904947321753e-07
1.113663870456e-06
1.317572980497e-06
1.503162081917e-06
5.438187145046e-08
1.080146603272e-07
2.576400675025e-07
3.991212338406e-07
5.375435989663e-07
6.770324603167e-07
8.196275302907e-07
9.652765129431e-07
1.112908307732e-06
1.262083117126e-06
1.505889599684e-07
1.693393869573e-08
1.922796286635e-07
3.767822818190e-07
5.699907319467e-07
7.703549727012e-07
9.768307336344e-07
1.190129808037e-06
1.412611197793e-06
1.646957798584e-06
6.228663096408e-07
3.544202513694e-07
7.957788739077e-08
1.967540015357e-07
4.712569534604e-07
7.433952191604e-07
1.014957774714e-06
1.288277644562e-06
1.564696901823e-06
1.843952304625e-06
7.284823482223e-07
4.362746039988e-07
1.414752546225e-07
1.584183451087e-07
4.659543719754e-07
7.825104830772e-07
1.107777563902e-06
1.440621304027e-06
1.780396303275e-06
2.128139385604e-06
1.135311038070e-06
7.542718662990e-07
3.562506663002e-07
6.060673740649e-08
4.970848976882e-07
9.535701224195e-07
1.430349698239e-06
1.927609105223e-06
2.444950609970e-06
2.980943918374e-06
2.028855305980e-06
1.453492529890e-06
8.653679515191e-07
2.652435000527e-07
3.461883579803e-07
9.674410534899e-07
1.595604487648e-06
2.226713149867e-06
2.856830406017e-06
3.482979252567e-06
2.140019432773e-06
1.517472867363e-06
9.036679671226e-07
3.018300276381e-07
2.840193928932e-07
8.502115633746e-07
1.394877642724e-06
1.918166333326e-06
2.421435340239e-06
2.905467852088e-06
1.309533558924e-06
8.592251674600e-07
4.349956839178e-07
3.879756604874e-08
3.297743660369e-07
6.729936217198e-07
9.937019171957e-07
1.293604157127e-06
1.572595522248e-06
1.829253108099e-06
3.090700602115e-07
9.059931471711e-08
1.045757471729e-07
2.777442773549e-07
4.295595772419e-07
5.592482921202e-07
6.647480290667e-07
7.436311761921e-07
7.941154649416e-07
8.156121111824e-07
8.349068707503e-07
8.102992410386e-07
7.585600201310e-07
6.794335263294e-07
5.720095259676e-07
4.350542894827e-07
2.674967163330e-07
6.881424496896e-08
1.605805550753e-07
4.194570806249e-07
2.113862024089e-06
1.812044104099e-06
1.486182156896e-06
1.137345293500e-06
7.664099825888e-07
3.747456958081e-07
3.515953039823e-08
4.594390361490e-07
8.934657671489e-07
1.332959357114e-06
2.597906018309e-06
2.165611022065e-06
1.733155670536e-06
1.301607085225e-06
8.729994647183e-07
4.502411456997e-07
3.592799657781e-08
3.688514880196e-07
7.648340556443e-07
1.153825508027e-06
2.251808780329e-06
1.884522816908e-06
1.525039067474e-06
1.175833460820e-06
8.381383054257e-07
5.108294658385e-07
1.905640374389e-07
1.267574702979e-07
4.444839873941e-07
7.644206334589e-07
2.096581056321e-06
1.780306433830e-06
1.458811823341e-06
1.130135501626e-06
7.931304821795e-07
4.487090450311e-07
9.994988658946e-08
2.490181714165e-07
5.949070214228e-07
9.367757911605e-07
2.067620187063e-06
1.740076868373e-06
1.412263372913e-06
1.085314522697e-06
7.621454187756e-07
4.461001594791e-07
1.396672359988e-07
1.556056759000e-07
4.382332576824e-07
7.054346724544e-07
1.470850463647e-06
1.259600423964e-06
1.076183934856e-06
9.204406978824e-07
7.886695243542e-07
6.752384251740e-07
5.752098104495e-07
4.862329205935e-07
4.087376623829e-07
3.444149001552e-07
7.423086003655e-07
7.172070581873e-07
7.014593279564e-07
6.913250558682e-07
6.842017228337e-07
6.789551321162e-07
6.748164764758e-07
6.695563001813e-07
6.582823743884e-07
6.340061986521e-07
9.770985798241e-07
9.205937772094e-07
8.378630695915e-07
7.311583090086e-07
6.041176447980e-07
4.594418783199e-07
2.973610548906e-07
1.158721261163e-07
8.794728501016e-08
3.161121071571e-07
1.902732378767e-06
1.639234710638e-06
1.353639447643e-06
1.046294642038e-06
7.163953910094e-07
3.627816340668e-07
1.450484887755e-08
4.132407411817e-07
8.289865718325e-07
1.256601876776e-06
2.607210205952e-06
2.177809392379e-06
1.740312370657e-06
1.291427963679e-06
8.281373311547e-07
3.491932147881e-07
1.445017119295e-07
6.507280545520e-07
1.167421316950e-06
1.693774038358e-06
3.078605573137e-06
2.543986852288e-06
1.998444815854e-06
1.443282599212e-06
8.804398134998e-07
3.110903890047e-07
2.656237256815e-07
8.526957913091e-07
1.453942047647e-06
2.072137817777e-06
3.588775939534e-06
2.951710996513e-06
2.303531857706e-06
1.647288797813e-06
9.842868280430e-07
3.142519631183e-07
3.634330028035e-07
1.048341118803e-06
1.738705634580e-06
2.432193525692e-06
3.766107283809e-06
3.082430566792e-06
2.396000297722e-06
1.706508385269e-06
1.016026658363e-06
3.294446742075e-07
3.468225600045e-07
1.007000548725e-06
1.647948920436e-06
2.269273011279e-06
3.098676415902e-06
2.527406365971e-06
1.977327542591e-06
1.452578544558e-06
9.573113288752e-07
4.938024176226e-07
6.193545232236e-08
3.394890768504e-07
7.105392683115e-07
1.048681383509e-06
1.606088574135e-06
1.358930433071e-06
1.155131656105e-06
9.918190926328e-07
8.628243790554e-07
7.614713695148e-07
6.834217174401e-07
6.277257966758e-07
5.955799338153e-07
5.875859869775e-07
4.161969968663e-07
4.568745453071e-07
5.060161356596e-07
5.570456096393e-07
6.060955115572e-07
6.516532380374e-07
6.925587854312e-07
7.255551395247e-07
7.442630476362e-07
7.404050847981e-07
1.002734336453e-06
9.443024850952e-07
8.510670568285e-07
7.255933951456e-07
5.705741727979e-07
3.864331006298e-07
1.708091303954e-07
8.022317388168e-08
3.696810608744e-07
6.978318083384e-07
2.533930683057e-06
2.148799069346e-06
1.736829972288e-06
1.300708504459e-06
8.414719445682e-07
3.598373723435e-07
1.420980311195e-07
6.599374842153e-07
1.187550367376e-06
1.718661337691e-06
3.004509892435e-06
2.488177926807e-06
1.974693645934e-06
1.463320643325e-06
9.544992849442e-07
4.505554329626e-07
4.477072934606e-08
5.277774448587e-07
9.961457294594e-07
1.449554588362e-06
2.459256847942e-06
2.042949859060e-06
1.638383992031e-06
1.246186855042e-06
8.674908826833e-07
5.028916802985e-07
1.516505108157e-07
1.882788751573e-07
5.192226240069e-07
8.428238515990e-07
1.954899857992e-06
1.658066764776e-06
1.370563950331e-06
1.093102241612e-06
8.255698844550e-07
5.673280725205e-07
3.180331873409e-07
7.804112556187e-08
1.516037286819e-07
3.698261252794e-07
1.431538748875e-06
1.249444267160e-06
1.078123375464e-06
9.170033763439e-07
7.662607117709e-07
6.265345291467e-07
4.983700705452e-07
3.815546847363e-07
2.749553686954e-07
1.771211941559e-07
9.286298450206e-07
8.596979341746e-07
7.989362416083e-07
7.464839768545e-07
7.012631044745e-07
6.607535283365e-07
6.218233465916e-07
5.819147190778e-07
5.401054750109e-07
4.971237217433e-07
8.241112823271e-07
7.955964633766e-07
7.678011115786e-07
7.394983754239e-07
7.097600018824e-07
6.791585747123e-07
6.501346661025e-07
6.261509497563e-07
6.103036866989e-07
6.040505127203e-07
5.234971354184e-07
5.468579047374e-07
5.781942036265e-07
6.191216925799e-07
6.729487722623e-07
7.434600206579e-07
8.334623657902e-07
9.438809343010e-07
1.073917701433e-06
1.222136745582e-06
3.171298317284e-07
1.228493147210e-07
8.957368891060e-08
3.202301286365e-07
5.675393595084e-07
8.281054988402e-07
1.097385052162e-06
1.370957306790e-06
1.645604527312e-06
1.919478165746e-06
5.786638439531e-07
2.983439344462e-07
2.348247107875e-08
2.423141154395e-07
4.949205276716e-07
7.306775273719e-07
9.471273187955e-07
1.143180099916e-06
1.318496458680e-06
1.472897452004e-06
2.273636710015e-07
3.491112465781e-07
4.478891355575e-07
5.242836209618e-07
5.802199325444e-07
6.187005965330e-07
6.429769996430e-07
6.558042286997e-07
6.591408237000e-07
6.544955226673e-07
6.992062253630e-07
6.966079126869e-07
6.935194392099e-07
6.934409952919e-07
6.993367946961e-07
7.131421853046e-07
7.359070082202e-07
7.682612022109e-07
8.110227440739e-07
8.652360747874e-07
2.080925582959e-07
3.002073754033e-07
4.035469487462e-07
5.159902229934e-07
6.353258754643e-07
7.599076639053e-07
8.889615514818e-07
1.021869366014e-06
1.157340989266e-06
1.292755996474e-06
5.072791964267e-08
1.876023816294e-07
3.135361339446e-07
4.269943474355e-07
5.273679448692e-07
6.140394361864e-07
6.853663307993e-07
7.386886409222e-07
7.712812362115e-07
7.816698257557e-07
8.273599405584e-07
8.092223993117e-07
7.741803074168e-07
7.235495900204e-07
6.568671437890e-07
5.727021061830e-07
4.701317379840e-07
3.500823027025e-07
2.155464926545e-07
7.038937610560e-08
1.389036299315e-06
1.242809787527e-06
1.090599482723e-06
9.322729397354e-07
7.690921961512e-07
6.042320706001e-07
4.420895720614e-07
2.866275394808e-07
1.400609903612e-07
2.616502570163e-09
1.109527261178e-06
1.000810868845e-06
9.008626875584e-07
8.118975074467e-07
7.364196790149e-07
6.761027293578e-07
6.314378424577e-07
6.022078764545e-07
5.885784162274e-07
5.918707302044e-07
3.336751319694e-07
3.904033860636e-07
4.700088993559e-07
5.723102276534e-07
6.959225515857e-07
8.392209451813e-07
1.001156306302e-06
1.181454138077e-06
1.380213234370e-06
1.597314792434e-06
5.679655146196e-07
3.043583092222e-07
2.409052513030e-08
2.733248152254e-07
5.887402494409e-07
9.225119583789e-07
1.273646319078e-06
1.639629147121e-06
2.017147437527e-06
2.403294786291e-06
1.180897925224e-06
7.704796303187e-07
3.525408942551e-07
7.334222118516e-08
5.066962103228e-07
9.464322943131e-07
1.391631940351e-06
1.842477161063e-06
2.300364599250e-06
2.767160310668e-06
1.567833805893e-06
1.071373105788e-06
5.666875608767e-07
5.586116458289e-08
4.601308205565e-07
9.823555728872e-07
1.513744280146e-06
2.057847723336e-06
2.617219706735e-06
3.192303552169e-06
2.157707740480e-06
1.545981490381e-06
9.239392397831e-07
2.916617631854e-07
3.521107601046e-07
1.008827211990e-06
1.678668240856e-06
2.359875793445e-06
3.049183817438e-06
3.743079162177e-06
2.575287396667e-06
1.865557806013e-06
1.154054302788e-06
4.410536575961e-07
2.712413333938e-07
9.785170504983e-07
1.675317946592e-06
2.356937272907e-06
3.020955659849e-06
3.667599401069e-06
2.067092225388e-06
1.437832622742e-06
8.233882908826e-07
2.265496164000e-07
3.487813273750e-07
8.993902724796e-07
1.424106130798e-06
1.923844081375e-06
2.400489336196e-06
2.855420348169e-06
1.094193578410e-06
6.723694241373e-07
2.743625486801e-07
1.006502543532e-07
4.555728878586e-07
7.945445190671e-07
1.121278785376e-06
1.437553294181e-06
1.742814731642e-06
2.034980695953e-06
5.056174359197e-07
2.336643092349e-07
2.341431581954e-08
2.674950110304e-07
5.002678449273e-07
7.224873570522e-07
9.340431006422e-07
1.134614365128e-06
1.324333368302e-06
1.503938960923e-06
7.129193591027e-08
9.946217005563e-08
2.599769572953e-07
4.081093152308e-07
5.413911026153e-07
6.577732278856e-07
7.562208566014e-07
8.365904591301e-07
8.992637958727e-07
9.447591651224e-07
6.464479724855e-07
6.684194886475e-07
6.762713269381e-07
6.717947940160e-07
6.565178409801e-07
6.311626066235e-07
5.953546065030e-07
5.481665539264e-07
4.889900537819e-07
4.184243493910e-07
1.097535118788e-06
1.020636716476e-06
9.413130328539e-07
8.624551810499e-07
7.861544872867e-07
7.142581921471e-07
6.491029580502e-07
5.939521656728e-07
5.526657105293e-07
5.286917144076e-07
5.285996849125e-07
5.531699116545e-07
5.969786798232e-07
6.599146900044e-07
7.436142936967e-07
8.518704817106e-07
9.896945698529e-07
1.161607713129e-06
1.370103234422e-06
1.615034989300e-06
9.452911626795e-07
6.227378435142e-07
2.673733661140e-07
1.224597099281e-07
5.491926344803e-07
1.014252859477e-06
1.516942006674e-06
2.054446213151e-06
2.623278419378e-06
3.221091731120e-06
2.463718089984e-06
1.796667447707e-06
1.098665677546e-06
3.708919393830e-07
3.826073111668e-07
1.156001076197e-06
1.943950337591e-06
2.743711718267e-06
3.555624516594e-06
4.381844291856e-06
3.244019978865e-06
2.376194629505e-06
1.497184371146e-06
6.120894795458e-07
2.748945462372e-07
1.162045180081e-06
2.050016291832e-06
2.940321962797e-06
3.833513403606e-06
4.728442547730e-06
3.369224259586e-06
2.465753880188e-06
1.563503644775e-06
6.596800403713e-07
2.491657369319e-07
1.165176570339e-06
2.087831660447e-06
3.014403716861e-06
3.941479747027e-06
4.866920619406e-06
3.496367355638e-06
2.561152086855e-06
1.623716968879e-06
6.830156280557e-07
2.606328735055e-07
1.206134754739e-06
2.152548574941e-06
3.099593868683e-06
4.047121365147e-06
4.994234814149e-06
3.556480464795e-06
2.606479313272e-06
1.666119089805e-06
7.375371637863e-07
1.789863972590e-07
1.084445841570e-06
1.979990088330e-06
2.865821386422e-06
3.741077819086e-06
4.604437435773e-06
3.105857047103e-06
2.255148842778e-06
1.415786812231e-06
5.869583219464e-07
2.313202571713e-07
1.038436835188e-06
1.834070701534e-06
2.619365318424e-06
3.397220439183e-06
4.171624311766e-06
2.855934212675e-06
2.066111051136e-06
1.273287807635e-06
4.779645905728e-07
3.196107059011e-07
1.120451429415e-06
1.926712343447e-06
2.740941511092e-06
3.564964458747e-06
4.399422778079e-06
3.258084007030e-06
2.390988527168e-06
1.513756160421e-06
6.253730475692e-07
2.752610726020e-07
1.188606859159e-06
2.114065352998e-06
3.050179543607e-06
3.995467636742e-06
4.949221647621e-06
3.765918222598e-06
2.781606724511e-06
1.786008738236e-06
7.780589612594e-07
2.428717493785e-07
1.277023955026e-06
2.324591719116e-06
3.386041271369e-06
4.462134370442e-06
5.553917446832e-06
4.477539107484e-06
3.338369765515e-06
2.179230250476e-06
9.984500479732e-07
2.055651293631e-07
1.434333569250e-06
2.689035852654e-06
3.970500415562e-06
5.279189053908e-06
6.615142069677e-06
5.712277300063e-06
4.309371036015e-06
2.881841624003e-06
1.431413920727e-06
4.011610599264e-08
1.530943393391e-06
3.039122475457e-06
4.562438846278e-06
6.098235303398e-06
7.643419166925e-06
6.385371705164e-06
4.816359705728e-06
3.248689836255e-06
1.686262407929e-06
1.332151668976e-07
1.406202954968e-06
2.928122569301e-06
4.429517048266e-06
5.908432342494e-06
7.363861982412e-06
5.579857827342e-06
4.159893990163e-06
2.766871546100e-06
1.402264445005e-06
6.672075869574e-08
1.240349718046e-06
2.520695829844e-06
3.776362405006e-06
5.008810774143e-06
6.218600049124e-06
4.523884626906e-06
3.345201037064e-06
2.184712229791e-06
1.037471804466e-06
1.020514446282e-07
1.238336665210e-06
2.373548170453e-06
3.507758549404e-06
4.640270446998e-06
5.771301232471e-06
4.465691120004e-06
3.318414485420e-06
2.164388945403e-06
1.002359624636e-06
1.668875029281e-07
1.341482288808e-06
2.520245345750e-06
3.703792799570e-06
4.894285325463e-06
6.093869728829e-06
4.838966617626e-06
3.611234888012e-06
2.381239426086e-06
1.153806579168e-06
6.793129614380e-08
1.283418953335e-06
2.493958220384e-06
3.701023786107e-06
4.904896115931e-06
6.104183967182e-06
4.679472738189e-06
3.483947807581e-06
2.297544938301e-06
1.119641353853e-06
5.050100071458e-08
1.212774179749e-06
2.365849127273e-06
3.507765995892e-06
4.637086931325e-06
5.753869970704e-06
4.251164909874e-06
3.141779927773e-06
2.038033358076e-06
9.381553809362e-07
1.585090672052e-07
1.251918433809e-06
2.341897754832e-06
3.428559352869e-06
4.512474788498e-06
5.594489095984e-06
4.190609217858e-06
3.096646423728e-06
2.000452695938e-06
9.001287821775e-07
2.062928388114e-07
1.320702153862e-06
2.444659571665e-06
3.579369433737e-06
4.725846281417e-06
5.885028031116e-06
4.727043744879e-06
3.526655802943e-06
2.310506374670e-06
1.077716206055e-06
1.725601919134e-07
1.441150971004e-06
2.728988988565e-06
4.036902964799e-06
5.365339461605e-06
6.714189737522e-06
5.663129400091e-06
4.262644552000e-06
2.846134407264e-06
1.415707913566e-06
2.673982635315e-08
1.479607419697e-06
2.941557738723e-06
4.411180725583e-06
5.886666031074e-06
7.365476108134e-06
6.011501966441e-06
4.521454854967e-06
3.040011392841e-06
1.571066547967e-06
1.177126023322e-07
1.317700707659e-06
2.733160727075e-06
4.126450619424e-06
5.494914319115e-06
6.835736485300e-06
5.034566584072e-06
3.738799193798e-06
2.474998552771e-06
1.243165684173e-06
4.368359896034e-08
1.122065100390e-06
2.251929004160e-06
3.343925811805e-06
4.397425868774e-06
5.413758117356e-06
3.500841444293e-06
2.532595487992e-06
1.592691717178e-06
6.803017527091e-07
2.041902007477e-07
1.060318822965e-06
1.888702058750e-06
2.691445160963e-06
3.471561569768e-06
4.231852415160e-06
2.519923384625e-06
1.779223055109e-06
1.056103769770e-06
3.497442548905e-07
3.420460075176e-07
1.022435583309e-06
1.694595709978e-06
2.360666144341e-06
3.021395116320e-06
3.676608855585e-06
2.234790940747e-06
1.575169164880e-06
9.174336241813e-07
2.581283524705e-07
4.061627691954e-07
1.078092566331e-06
1.759383565059e-06
2.451254715652e-06
3.155002502808e-06
3.872309150665e-06
2.776956307571e-06
2.014504502768e-06
1.232492024883e-06
4.293757456253e-07
3.963702397414e-07
1.246199701654e-06
2.121673844613e-06
3.024149634712e-06
3.954524800065e-06
4.913012162433e-06
4.006774986465e-06
2.983974695780e-06
1.936161822869e-06
8.650786185171e-07
2.272916503898e-07
1.338796437267e-06
2.467126364536e-06
3.610044984725e-06
4.765545440932e-06
5.931808573223e-06
4.686921442953e-06
3.495501516682e-06
2.300700316482e-06
1.106326919853e-06
8.348342817044e-08
1.264903062292e-06
2.434841576360e-06
3.591307063289e-06
4.733249625133e-06
5.860149485670e-06
4.191096195427e-06
3.084533716446e-06
1.994020408347e-06
9.196480732498e-07
1.390774286847e-07
1.183252038572e-06
2.214354310581e-06
3.233749225728e-06
4.242545401212e-06
5.241522558208e-06
3.723799636646e-06
2.728594893142e-06
1.737664092616e-06
7.470772516172e-07
2.474548637110e-07
1.249551530691e-06
2.261507574985e-06
3.284111812718e-06
4.317263687881e-06
5.360805630517e-06
4.188068487565e-06
3.108344060365e-06
2.015442646552e-06
9.089566219700e-07
2.104183067786e-07
1.341236497865e-06
2.482138825144e-06
3.632503705830e-06
4.792468416781e-06
5.962266698134e-06
4.702163892034e-06
3.504366759444e-06
2.303966368800e-06
1.105328863105e-06
8.801669082459e-08
1.274070882573e-06
2.452200590142e-06
3.622243013979e-06
4.783737722391e-06
5.935554156622e-06
4.380328277875e-06
3.240412127070e-06
2.112109484642e-06
9.946031696018e-07
1.125917492573e-07
1.208998128277e-06
2.293110071605e-06
3.363267182976e-06
4.418818321028e-06
5.460830777793e-06
3.864697987410e-06
2.831177312146e-06
1.802944211704e-06
7.785532147864e-07
2.426072001072e-07
1.261145484932e-06
2.278196575389e-06
3.295161377537e-06
4.312849114285e-06
5.330710507678e-06
3.858626257625e-06
2.836723240307e-06
1.820735292313e-06
8.103178856800e-07
1.965732394638e-07
1.202462840411e-06
2.208650016655e-06
3.214255627881e-06
4.216492868636e-06
5.211941243033e-06
3.707100916017e-06
2.721716498399e-06
1.747971850818e-06
7.867963631725e-07
1.599476604497e-07
1.089679358302e-06
2.000195877372e-06
2.890961923185e-06
3.763520282973e-06
4.620885988516e-06
3.031518417629e-06
2.186741085097e-06
1.353421396288e-06
5.335154469321e-07
2.711382194320e-07
1.060182114543e-06
1.835333591771e-06
2.599897868549e-06
3.357751211297e-06
4.112344811347e-06
2.720504710396e-06
1.954349272637e-06
1.184485029171e-06
4.082213536094e-07
3.775081722779e-07
1.175585623514e-06
1.988041788081e-06
2.815538721279e-06
3.657562103854e-06
4.513047031196e-06
3.351735813339e-06
2.458864457822e-06
1.551710511194e-06
6.286177836046e-07
3.114628839285e-07
1.268018024803e-06
2.238532772481e-06
3.219029565571e-06
4.205034201732e-06
5.192695709866e-06
3.743513900645e-06
2.747113285295e-06
1.756313110945e-06
7.745741754661e-07
1.934865281328e-07
1.142864334724e-06
2.069371134894e-06
2.970485297737e-06
3.845113440093e-06
4.692637617154e-06
2.734451641118e-06
1.934238355261e-06
1.169180052329e-06
4.423676500664e-07
2.450105398566e-07
8.938941959968e-07
1.506514479388e-06
2.084830498461e-06
2.629503853768e-06
3.139995556012e-06
1.193334753680e-06
7.398073762488e-07
3.168434545842e-07
8.006776397451e-08
4.552169343697e-07
8.113223657347e-07
1.149299976078e-06
1.469274479859e-06
1.772054531557e-06
2.059885616745e-06
4.718349373434e-07
1.942111680364e-07
7.521367706431e-08
3.354286945978e-07
5.845583928021e-07
8.218071911870e-07
1.048197361797e-06
1.266279468837e-06
1.478304795910e-06
1.684429093984e-06
1.390415036440e-07
5.612162112811e-08
2.348060661461e-07
3.952450242650e-07
5.379260983318e-07
6.643294909736e-07
7.750712711641e-07
8.690265644873e-07
9.438761594538e-07
9.979562491935e-07
6.460414851972e-07
6.734759381288e-07
6.881355147925e-07
6.932119731573e-07
6.894035209370e-07
6.751849923603e-07
6.486742449852e-07
6.099945721871e-07
5.625085464089e-07
5.121994490764e-07
8.786582270659e-07
8.527302952643e-07
8.384111538362e-07
8.363821848434e-07
8.470963166474e-07
8.721486324248e-07
9.146002071247e-07
9.779769811757e-07
1.064547745955e-06
1.174506849111e-06
6.416343012461e-08
9.925275890055e-08
2.815731363626e-07
4.840027258979e-07
7.093028102645e-07
9.601270676285e-07
1.237358503658e-06
1.539260551908e-06
1.861825637661e-06
2.200088317750e-06
1.000566726361e-06
6.298853350017e-07
2.510149670343e-07
1.361660793009e-07
5.317567683960e-07
9.351124958812e-07
1.345109012618e-06
1.760779809956e-06
2.182223170166e-06
2.610821240978e-06
1.383064045513e-06
9.218577474712e-07
4.482494091462e-07
3.701865125549e-08
5.322679044184e-07
1.036212381678e-06
1.549501689624e-06
2.075124029943e-06
2.618001019528e-06
3.183315243405e-06
2.192426109104e-06
1.561218198276e-06
9.021916866914e-07
2.160678604923e-07
4.970538043381e-07
1.237956837485e-06
2.007537148074e-06
2.805488520607e-06
3.629369587088e-06
4.474950515032e-06
3.340115995343e-06
2.452157616517e-06
1.552196920329e-06
6.402472081390e-07
2.833529038071e-07
1.216205191668e-06
2.153130253646e-06
3.086934157182e-06
4.010202530935e-06
4.916870466332e-06
3.105512291768e-06
2.232257088508e-06
1.386636370171e-06
5.734848400607e-07
2.015052018578e-07
9.332254080618e-07
1.618642272661e-06
2.257364599245e-06
2.850693306300e-06
3.399805393656e-06
1.184998723147e-06
7.172366736086e-07
2.993155021613e-07
6.685701237075e-08
3.817837068709e-07
6.483854804173e-07
8.706795711078e-07
1.052242680544e-06
1.195342008486e-06
1.301311783664e-06
6.243007533158e-07
6.721428462697e-07
6.927471076779e-07
6.917874202372e-07
6.741022389178e-07
6.424511411751e-07
5.977293540127e-07
5.400523264143e-07
4.703501872427e-07
3.913023078894e-07
1.105114677102e-06
1.029854274748e-06
9.563922844791e-07
8.855304258759e-07
8.164576570380e-07
7.481228294637e-07
6.804168037888e-07
6.147528210931e-07
5.533236731026e-07
4.980383891962e-07
8.840527243592e-07
8.530039394827e-07
8.266000577350e-07
8.040330499171e-07
7.858819799367e-07
7.739488410152e-07
7.703586106800e-07
7.765734721943e-07
7.927255296636e-07
8.180646773326e-07
4.575156253850e-07
5.130331146574e-07
5.798265760859e-07
6.614332619392e-07
7.616753237016e-07
8.836968277137e-07
1.029407769693e-06
1.199719633860e-06
1.395259403125e-06
1.617074985916e-06
6.872351150378e-07
3.947876052735e-07
7.043473715385e-08
2.870400521715e-07
6.780906005588e-07
1.102843157241e-06
1.561514181958e-06
2.054765047887e-06
2.583599325590e-06
3.148938333197e-06
2.323718661046e-06
1.673368956290e-06
9.887043006529e-07
2.721566261243e-07
4.734477556667e-07
1.245353132617e-06
2.041122229457e-06
2.858594029931e-06
3.695856719332e-06
4.551019799237e-06
3.340134185237e-06
2.443685445996e-06
1.536357899568e-06
6.205936529113e-07
3.014393428202e-07
1.228122528119e-06
2.158243319172e-06
3.090661095939e-06
4.023925782803e-06
4.956063548889e-06
3.454152704307e-06
2.519186580230e-06
1.591226407527e-06
6.705859618705e-07
2.432639121253e-07
1.151372657660e-06
2.054596507151e-06
2.953437899578e-06
3.848059975553e-06
4.738726090636e-06
3.297997636764e-06
2.401299184385e-06
1.505274781266e-06
6.090751298871e-07
2.873322273445e-07
1.183291885809e-06
2.077989563531e-06
2.971201809032e-06
3.863659003400e-06
4.757033138958e-06
3.359619483945e-06
2.447114184179e-06
1.528322002287e-06
6.025539391885e-07
3.303460971438e-07
1.270291420497e-06
2.217046926489e-06
3.170380296069e-06
4.130094680477e-06
5.096143581795e-06
3.707553673848e-06
2.716299945860e-06
1.716762881188e-06
7.077297823344e-07
3.120049427707e-07
1.343533540421e-06
2.387870665643e-06
3.445993172591e-06
4.518668788478e-06
5.606342369902e-06
4.363627056136e-06
3.236260113226e-06
2.096026491927e-06
9.435606784791e-07
2.214275696133e-07
1.400202336299e-06
2.594524858068e-06
3.805714186456e-06
5.033785214437e-06
6.277351360495e-06
5.079430479782e-06
3.801303080309e-06
2.514034292744e-06
1.218316413087e-06
8.557321962144e-08
1.397049061325e-06
2.714694062433e-06
4.036405982788e-06
5.360040916003e-06
6.684257471079e-06
5.283472773954e-06
3.947502420942e-06
2.610672254377e-06
1.273874715935e-06
6.071121561035e-08
1.390057093431e-06
2.711393790378e-06
4.023268218134e-06
5.326076745860e-06
6.621643478866e-06
5.045112061453e-06
3.745771891772e-06
2.448362181440e-06
1.153063408310e-06
1.394577111569e-07
1.428867619779e-06
2.715684161103e-06
4.001102013262e-06
5.286421753681e-06
6.572245411007e-06
5.052881078882e-06
3.756239038921e-06
2.461966118972e-06
1.170183793420e-06
1.205098669743e-07
1.412637686826e-06
2.708563613396e-06
4.009049405340e-06
5.312482642239e-06
6.615117172259e-06
5.113652946420e-06
3.813343198544e-06
2.524197896037e-06
1.246771262231e-06
1.872666643976e-08
1.271106270906e-06
2.507601948309e-06
3.724627731572e-06
4.919140735637e-06
6.089883527238e-06
4.287807882974e-06
3.150841450861e-06
2.035265765699e-06
9.428850376025e-07
1.224439643011e-07
1.156263408575e-06
2.155538936677e-06
3.119972234344e-06
4.051793666804e-06
4.954389282830e-06
2.977459985232e-06
2.115792426594e-06
1.278428271689e-06
4.645698368222e-07
3.279552629465e-07
1.102838041334e-06
1.864329192358e-06
2.615947948925e-06
3.359595382335e-06
4.095826227513e-06
2.517821371839e-06
1.782471770184e-06
1.048756587352e-06
3.118782387901e-07
4.331236027610e-07
1.190209729884e-06
1.962047235793e-06
2.750432656740e-06
3.557081072358e-06
4.384053966078e-06
3.321363237774e-06
2.433918325551e-06
1.520860962501e-06
5.819624107062e-07
3.827844352600e-07
1.373865188725e-06
2.392485896507e-06
3.440254488396e-06
4.518289642874e-06
5.626707604733e-06
4.679998824031e-06
3.499220952108e-06
2.291537157362e-06
1.057435440543e-06
2.030734549407e-07
1.489726287218e-06
2.801543246278e-06
4.136740585636e-06
5.493255173405e-06
6.869490675854e-06
5.753674429343e-06
4.324574319980e-06
2.876649944028e-06
1.410912659594e-06
7.038534022286e-08
1.564213846450e-06
3.067704142268e-06
4.579091012147e-06
6.098123833453e-06
7.625656110122e-06
6.271267750435e-06
4.710096050076e-06
3.140004821489e-06
1.562769568864e-06
1.990207465496e-08
1.607049966879e-06
3.198729928044e-06
4.795707639005e-06
6.398591267498e-06
8.007110125163e-06
6.572319136922e-06
4.942217628923e-06
3.309854605504e-06
1.674271516094e-06
3.277835958215e-08
1.618087821953e-06
3.281177953340e-06
4.957528631166e-06
6.646251279108e-06
8.345381729669e-06
7.092598934832e-06
5.360886518702e-06
3.618870152877e-06
1.864418152309e-06
9.616832130632e-08
1.685690108388e-06
3.479714109744e-06
5.284525684601e-06
7.100114885361e-06
8.928385113904e-06
7.737149076092e-06
5.859581847290e-06
3.964567895309e-06
2.054867024981e-06
1.346357976217e-07
1.792421016944e-06
3.724552129825e-06
5.661918521582e-06
7.605450889514e-06
9.555221993196e-06
8.105315203011e-06
6.133078329640e-06
4.161710705830e-06
2.192186343564e-06
2.237185299236e-07
1.745142185428e-06
3.714798197052e-06
5.683563017556e-06
7.647960160284e-06
9.604240972294e-06
7.976128131304e-06
6.025412517374e-06
4.083660371634e-06
2.149265526441e-06
2.218600343440e-07
1.697574077753e-06
3.607802966599e-06
5.508781612207e-06
7.402387552702e-06
9.291763831243e-06
7.767763122501e-06
5.864625848062e-06
3.962632320054e-06
2.063545593955e-06
1.682876700215e-07
1.724165429096e-06
3.616639446591e-06
5.512214784176e-06
7.412541094709e-06
9.317063359049e-06
7.914589957636e-06
5.991084947254e-06
4.066754911491e-06
2.139402056400e-06
2.062093358290e-07
1.734569138989e-06
3.682040812691e-06
5.633026319174e-06
7.583475280626e-06
9.530355271181e-06
8.019621645872e-06
6.065844104342e-06
4.116109494134e-06
2.171839526000e-06
2.366497824369e-07
1.684658002432e-06
3.588024867440e-06
5.471616759678e-06
7.336049804962e-06
9.183178292460e-06
7.359268295204e-06
5.531380736556e-06
3.724830378360e-06
1.944430664480e-06
1.941588720911e-07
1.524235244688e-06
3.211249918422e-06
4.868469773101e-06
6.496952096313e-06
8.096148008008e-06
6.076283682432e-06
4.527540909294e-06
3.011605201664e-06
1.526245171135e-06
6.770176241844e-08
1.367514869344e-06
2.780949387216e-06
4.171485045390e-06
5.536320486499e-06
6.872756330267e-06
4.947592401550e-06
3.655324746887e-06
2.387005451965e-06
1.139232551850e-06
8.982613053377e-08
1.300055430420e-06
2.490341444172e-06
3.660210495582e-06
4.810733628346e-06
5.944574468231e-06
4.188874072497e-06
3.068961234476e-06
1.961468967693e-06
8.679392635713e-07
2.102797793668e-07
1.273502789445e-06
2.324074841908e-06
3.365690304236e-06
4.401826743106e-06
5.434794331904e-06
3.894821986705e-06
2.853804915048e-06
1.813319897792e-06
7.709035685366e-07
2.768650801954e-07
1.333309057827e-06
2.400842504358e-06
3.480800387479e-06
4.574017395953e-06
5.681574577920e-06
4.483349528073e-06
3.329862863666e-06
2.156972982448e-06
9.643322869124e-07
2.476235749782e-07
1.478280466927e-06
2.727755543219e-06
3.996957502750e-06
5.286998430165e-06
6.598126844892e-06
5.431497697828e-06
4.071827561347e-06
2.698214302654e-06
1.313165853389e-06
8.175265975296e-08
1.485483267061e-06
2.896496823723e-06
4.312234295867e-06
5.729405074817e-06
7.145180404677e-06
5.622649212000e-06
4.200188470804e-06
2.777459826575e-06
1.352611946004e-06
7.474483254555e-08
1.503209375642e-06
2.930554273917e-06
4.355187172678e-06
5.777385865713e-06
7.199250603662e-06
5.670846576322e-06
4.229829983160e-06
2.781444834454e-06
1.324702964212e-06
1.413278027940e-07
1.618302917450e-06
3.108715247890e-06
4.615101317995e-06
6.139148183593e-06
7.680870965032e-06
6.388120993961e-06
4.805672972452e-06
3.211900605038e-06
1.608383058738e-06
4.151615939918e-09
1.625262427751e-06
3.254187959101e-06
4.889108652151e-06
6.527037328397e-06
8.163938275629e-06
6.564674151832e-06
4.933121772410e-06
3.316562072087e-06
1.718659234484e-06
1.422373543392e-07
1.410523566392e-06
2.937852798368e-06
4.438030941856e-06
5.909624348988e-06
7.351610804562e-06
5.404751334481e-06
4.011177850316e-06
2.645205086083e-06
1.305446573951e-06
9.034181402967e-09
1.298812549066e-06
2.564811609318e-06
3.809292479673e-06
5.036574748374e-06
6.252794548800e-06
4.703856461674e-06
3.478537337287e-06
2.245154348657e-06
9.999237136071e-07
2.599171580187e-07
1.536866875540e-06
2.833653866219e-06
4.153015595421e-06
5.497340282545e-06
6.868225284506e-06
5.767168204329e-06
4.329107127887e-06
2.861403004317e-06
1.362339048683e-06
1.697550260360e-07
1.735694695526e-06
3.334760378948e-06
4.964658842255e-06
6.621905583870e-06
8.302547314543e-06
7.048999350445e-06
5.321751189058e-06
3.582696933790e-06
1.835086322899e-06
8.130433570841e-08
1.677456225480e-06
3.441174726504e-06
5.210419374180e-06
6.985388836256e-06
8.765315556047e-06
7.331738231642e-06
5.536413993923e-06
3.741693433312e-06
1.947858152107e-06
1.541377514513e-07
1.640565983507e-06
3.436977237925e-06
5.235346122845e-06
7.036121360215e-06
8.840855912240e-06
7.512026058976e-06
5.678788738805e-06
3.831890637684e-06
1.970310847810e-06
9.548710977469e-08
1.789593966350e-06
3.681904956920e-06
5.579703326930e-06
7.482714352136e-06
9.391198432240e-06
7.874440598243e-06
5.948027023805e-06
4.022911639368e-06
2.103350766447e-06
1.928526103256e-07
1.706051534711e-06
3.591178483475e-06
5.459554984100e-06
7.306739234991e-06
9.127051498581e-06
7.002924405697e-06
5.242705753972e-06
3.521659891703e-06
1.840578761403e-06
1.998392349378e-07
1.399512257194e-06
2.955647232739e-06
4.466498523925e-06
5.930776637797e-06
7.348562007792e-06
5.038612755470e-06
3.701624621044e-06
2.406318458270e-06
1.151060018856e-06
6.624037496294e-08
1.249021579497e-06
2.402178893135e-06
3.531717652550e-06
4.643650754588e-06
5.742972689404e-06
4.105109837838e-06
3.012813976966e-06
1.923192883169e-06
8.321345603690e-07
2.653864044078e-07
1.374534406295e-06
2.499770516806e-06
3.644449634521e-06
4.811038081698e-06
6.002051293308e-06
5.003742273857e-06
3.744967216335e-06
2.451335660680e-06
1.120748549965e-06
2.466125579303e-07
1.648353986639e-06
3.080823262280e-06
4.540515476492e-06
6.025115567354e-06
7.533484676969e-06
6.293546505276e-06
4.730213447601e-06
3.148106657136e-06
1.551485638629e-06
5.491813226399e-08
1.667183369136e-06
3.282614841282e-06
4.899522366486e-06
6.515776988181e-06
8.127835940286e-06
6.337898639686e-06
4.741533132346e-06
3.167295744788e-06
1.618758972199e-06
9.646174703448e-08
1.401300551152e-06
2.876839289456e-06
4.331482330144e-06
5.764983484369e-06
7.176181156865e-06
5.359452813991e-06
3.983685815001e-06
2.626952152696e-06
1.285844689392e-06
4.203639036859e-08
1.357242467748e-06
2.658896221419e-06
3.946296544655e-06
5.220715138421e-06
6.486272525308e-06
4.917729484077e-06
3.642537421911e-06
2.359103632443e-06
1.065567516889e-06
2.375599592597e-07
1.548847365029e-06
2.867217119729e-06
4.192501762645e-06
5.524904736376e-06
6.864114652672e-06
5.277116599700e-06
3.920190067674e-06
2.562114502780e-06
1.203631597946e-06
1.560290456837e-07
1.518677436252e-06
2.885814353704e-06
4.257690591203e-06
5.632826798774e-06
7.008522004526e-06
5.395095286076e-06
4.016655111627e-06
2.644836968102e-06
1.280191668229e-06
7.770478305247e-08
1.430240672562e-06
2.779782164453e-06
4.129524370455e-06
5.483111294780e-06
6.843970766113e-06
5.539743256122e-06
4.146948754169e-06
2.742106346432e-06
1.324882816789e-06
1.051266167451e-07
1.548514262595e-06
3.005886867413e-06
4.477649838464e-06
5.964001502434e-06
7.465248302196e-06
6.231813813429e-06
4.687770285727e-06
3.125483090116e-06
1.544520841890e-06
5.392894308898e-08
1.666679906975e-06
3.289017911356e-06
4.915685906326e-06
6.542147445998e-06
8.165100666702e-06
6.436238834340e-06
4.815127113034e-06
3.201235699635e-06
1.595709534286e-06
8.071765478235e-12
1.584442543390e-06
3.156587297326e-06
4.716136288607e-06
6.263439331633e-06
7.799084755788e-06
5.966555534087e-06
4.442630313406e-06
2.929392906026e-06
1.426060975973e-06
6.948602049306e-08
1.561011231388e-06
3.053727766655e-06
4.553224357551e-06
6.064301203423e-06
7.589767051286e-06
6.323115428586e-06
4.757300814617e-06
3.178307224516e-06
1.586346400018e-06
1.952804495886e-08
1.640849802698e-06
3.278436167875e-06
4.931453702284e-06
6.597216213322e-06
8.271961746686e-06
6.896511138166e-06
5.203094247008e-06
3.510103738336e-06
1.820703801059e-06
1.397359596922e-07
1.525854088413e-06
3.167885836319e-06
4.778597315180e-06
6.352321861414e-06
7.886247317401e-06
5.600982262877e-06
4.137197606724e-06
2.714039226248e-06
1.333390059699e-06
1.865885224106e-09
1.288984208259e-06
2.526574860440e-06
3.715181094321e-06
4.856989221480e-06
5.955197821095e-06
3.606873292483e-06
2.576486906491e-06
1.578802482527e-06
6.090992883401e-07
3.384749902580e-07
1.270595930691e-06
2.194130161115e-06
3.115209665339e-06
4.038494068936e-06
4.966887900082e-06
3.484402839149e-06
2.533785163905e-06
1.574782629632e-06
6.051792524886e-07
3.783733291129e-07
1.379696811910e-06
2.401896551874e-06
3.446196501500e-06
4.511460986123e-06
5.594556284905e-06
4.314264799632e-06
3.198723561582e-06
2.075790121125e-06
9.477417393100e-07
1.828906306400e-07
1.312490098826e-06
2.436517547721e-06
3.550432609245e-06
4.650991343169e-06
5.736868843087e-06
3.940806152514e-06
2.875432812743e-06
1.825141453082e-06
7.926745411169e-07
2.180933051932e-07
1.203818555950e-06
2.163200917948e-06
3.097426542809e-06
4.009462031718e-06
4.902527450668e-06
3.017554888629e-06
2.149437989374e-06
1.296523691963e-06
4.578419634527e-07
3.685820502142e-07
1.185391909075e-06
1.995014486056e-06
2.798956757033e-06
3.597802617605e-06
4.391894265154e-06
2.751604483819e-06
1.956222661192e-06
1.160538374734e-06
3.627519618021e-07
4.375820594760e-07
1.239556922883e-06
2.041710899903e-06
2.842793378477e-06
3.642351543931e-06
4.440398470251e-06
2.760175732419e-06
1.958617474429e-06
1.160674969469e-06
3.674022650557e-07
4.209200596961e-07
1.204931720622e-06
1.985382425573e-06
2.762116878330e-06
3.533453707405e-06
4.296622932998e-06
2.507683518616e-06
1.759895496889e-06
1.023476954742e-06
2.960089773296e-07
4.251629661667e-07
1.141650272984e-06
1.853447429312e-06
2.559596168794e-06
3.259165964664e-06
3.952198767365e-06
2.270946652061e-06
1.579407808094e-06
8.906466177905e-07
2.046566009994e-07
4.778671609529e-07
1.156490611720e-06
1.832039743022e-06
2.506872419872e-06
3.184446256910e-06
3.867988766615e-06
2.388540337961e-06
1.681375465523e-06
9.671018119661e-07
2.472645519447e-07
4.772446686729e-07
1.206900321904e-06
1.943461711562e-06
2.689325242500e-06
3.446626408277e-06
4.216421984893e-06
2.853606076769e-06
2.053010348391e-06
1.241861070866e-06
4.205090249343e-07
4.112523583899e-07
1.253689674741e-06
2.106240572175e-06
2.966943668525e-06
3.832609365872e-06
4.699654652995e-06
3.121975055365e-06
2.251789737784e-06
1.384015376971e-06
5.183649705032e-07
3.442142428867e-07
1.200904080179e-06
2.047393138582e-06
2.879283670154e-06
3.693597022902e-06
4.489323202961e-06
2.539535444157e-06
1.772372627329e-06
1.023054323923e-06
2.932177949333e-07
4.151208372605e-07
1.101058899167e-06
1.765581657764e-06
2.411459490759e-06
3.042051389457e-06
3.660095671876e-06
1.835342175127e-06
1.231018700310e-06
6.352279910971e-07
4.492716243476e-08
5.444105113384e-07
1.137712786203e-06
1.739165497838e-06
2.351552097934e-06
2.976724147175e-06
3.616717833665e-06
2.340466323858e-06
1.652227922477e-06
9.374113574268e-07
1.926291588461e-07
5.838419383508e-07
1.392511421727e-06
2.233822613107e-06
3.108976216026e-06
4.019980963221e-06
4.968705752617e-06
3.952451265832e-06
2.919770906828e-06
1.852774857980e-06
7.536331736446e-07
3.770961143346e-07
1.540577557080e-06
2.738606724506e-06
3.971763760546e-06
5.238372921212e-06
6.534832664329e-06
5.408036031440e-06
4.052973338275e-06
2.675299242583e-06
1.273944178593e-06
1.520051569059e-07
1.601841177035e-06
3.072895424339e-06
4.561730918340e-06
6.065919649245e-06
7.585353500872e-06
6.288738234161e-06
4.722467394913e-06
3.135956887945e-06
1.531007228550e-06
8.850673793859e-08
1.718432940834e-06
3.356205638738e-06
5.001772080959e-06
6.656868379196e-06
8.323293911872e-06
6.827643630913e-06
5.128677571520e-06
3.422979091283e-06
1.713402980386e-06
1.142211658589e-09
1.714383074614e-06
3.434650977852e-06
5.160376019830e-06
6.890603856391e-06
8.622593725249e-06
7.004014378253e-06
5.265407651223e-06
3.531169056714e-06
1.799865742669e-06
6.923420414751e-08
1.662507429501e-06
3.395831697617e-06
5.129933526860e-06
6.863647001865e-06
8.596345935530e-06
7.048572740587e-06
5.302980582655e-06
3.555499631602e-06
1.805753413464e-06
5.447151352200e-08
1.697030711512e-06
3.447721326211e-06
5.197717428018e-06
6.948276507046e-06
8.701465390004e-06
7.178649411799e-06
5.401301791608e-06
3.617772676989e-06
1.828561266848e-06
3.461667574811e-08
1.763022055457e-06
3.563297696019e-06
5.365184676975e-06
7.167878777636e-06
8.971084639597e-06
7.329290212965e-06
5.508514618668e-06
3.683638851726e-06
1.853163894339e-06
1.632906787563e-08
1.826666334637e-06
3.675087725696e-06
5.528052668069e-06
7.384850277958e-06
9.244689806565e-06
7.570326090445e-06
5.695185507193e-06
3.822835253686e-06
1.955247284968e-06
9.289232139054e-08
1.765474792137e-06
3.622006943260e-06
5.478172113271e-06
7.333254245623e-06
9.183757697429e-06
7.437243993991e-06
5.599407074897e-06
3.781143220749e-06
1.984195478144e-06
2.085875507873e-07
1.545768441247e-06
3.277953851466e-06
4.985962789306e-06
6.667746220046e-06
8.322532778493e-06
6.392633906671e-06
4.774509704930e-06
3.177109533681e-06
1.599832103238e-06
4.427101885085e-08
1.486783389737e-06
2.991407427544e-06
4.470394173950e-06
5.927781842274e-06
7.369792797363e-06
5.580531421856e-06
4.139810641846e-06
2.700917434595e-06
1.263037916033e-06
1.743907773744e-07
1.612883977486e-06
3.054993669593e-06
4.503537240907e-06
5.960441114894e-06
7.426011222833e-06
5.883650374017e-06
4.392722928515e-06
2.896344881265e-06
1.393839795583e-06
1.162292733170e-07
1.635085993712e-06
3.162368159337e-06
4.695700283719e-06
6.231029317405e-06
7.763791131765e-06
6.023520370491e-06
4.494518634601e-06
2.975184372644e-06
1.465770367304e-06
3.337851239849e-08
1.521436558960e-06
2.997463241172e-06
4.461029618597e-06
5.912993003676e-06
7.355492016359e-06
5.619741955343e-06
4.175737046808e-06
2.732756684054e-06
1.289028830342e-06
1.572356040924e-07
1.608517152363e-06
3.068221587910e-06
4.540608358639e-06
6.029932308138e-06
7.539864668615e-06
6.314858069345e-06
4.743366048388e-06
3.143230969727e-06
1.511487539574e-06
1.545313352835e-07
1.856278856849e-06
3.593072449348e-06
5.362110357510e-06
7.159237782162e-06
8.980231541500e-06
7.647840504887e-06
5.776021851034e-06
3.889010486091e-06
1.990301655042e-06
8.444038712696e-08
1.823688819513e-06
3.730121250101e-06
5.632516092646e-06
7.529793322192e-06
9.420662024695e-06
7.566912870516e-06
5.687651594144e-06
3.828895216884e-06
1.995313766656e-06
1.880551963040e-07
1.595929234099e-06
3.362776396898e-06
5.119485933847e-06
6.871989285173e-06
8.624702445559e-06
7.239519220548e-06
5.461843386456e-06
3.668311933325e-06
1.851107242601e-06
3.076422672166e-09
1.880594140857e-06
3.802291359989e-06
5.763355318322e-06
7.766505063955e-06
9.817241561905e-06
9.198644193020e-06
7.014687696483e-06
4.759764806295e-06
2.431278630866e-06
3.067003717661e-08
2.438053911646e-06
4.970046120434e-06
7.560848985122e-06
1.020626115178e-05
1.290155427114e-05
1.182125231480e-05
9.028885472162e-06
6.206298905909e-06
3.359494883171e-06
4.931067110192e-07
2.389051815044e-06
5.282734548473e-06
8.182308249616e-06
1.108056449084e-05
1.396927831365e-05
1.194318178932e-05
9.080195695788e-06
6.247716157759e-06
3.449875862316e-06
6.893232011862e-07
2.032708493971e-06
4.716443356756e-06
7.363264387550e-06
9.975021498576e-06
1.255334024108e-05
1.042775721771e-05
7.899042941517e-06
5.403743500665e-06
2.941803813883e-06
5.120702439854e-07
1.887571556836e-06
4.259597574219e-06
6.606364365780e-06
8.929802618241e-06
1.123187121266e-05
9.385296721121e-06
7.102421420768e-06
4.832084130157e-06
2.571631455339e-06
3.199416482857e-07
1.922357796502e-06
4.153474549184e-06
6.371618098910e-06
8.576007019201e-06
1.076747452089e-05
8.923490668167e-06
6.736219518189e-06
4.554643282972e-06
2.376883458055e-06
2.017116003117e-07
1.971786559807e-06
4.144512331550e-06
6.317538918665e-06
8.492032577578e-06
1.066908527037e-05
9.015910734433e-06
6.817729627073e-06
4.615210229986e-06
2.407474028132e-06
1.927632524712e-07
2.031831002114e-06
4.270168801668e-06
6.526304332510e-06
8.803485513909e-06
1.110302201823e-05
9.846023999671e-06
7.492668316900e-06
5.123891071435e-06
2.742288643276e-06
3.490596895972e-07
2.055975755866e-06
4.473474859878e-06
6.903779819822e-06
9.346571630431e-06
1.180111598842e-05
1.045324273719e-05
7.961808535129e-06
5.458097689370e-06
2.942323249044e-06
4.164824076724e-07
2.115486267940e-06
4.648514902783e-06
7.178165049027e-06
9.702150805424e-06
1.222094005016e-05
1.048932460890e-05
7.957347804677e-06
5.420586944638e-06
2.876666542306e-06
3.243837340960e-07
2.236627381080e-06
4.806160916360e-06
7.383355580259e-06
9.966640845960e-06
1.255393692645e-05
1.081562948002e-05
8.210363489525e-06
5.603500596862e-06
2.992979204919e-06
3.759113269552e-07
2.250531736081e-06
4.888476951237e-06
7.539143041413e-06
1.020291563236e-05
1.287940466455e-05
1.137548787256e-05
8.664552751725e-06
5.949480055278e-06
3.234794860418e-06
5.239632514531e-07
2.181892000408e-06
4.884410714112e-06
7.586950289351e-06
1.029277808584e-05
1.300330086451e-05
1.148166643361e-05
8.753766394420e-06
6.028676125425e-06
3.308877126074e-06
5.957448365734e-07
2.109524245952e-06
4.804777915979e-06
7.486342155971e-06
1.014997172888e-05
1.279227365103e-05
1.083607969576e-05
8.225903513903e-06
5.634224180540e-06
3.059436892272e-06
5.026520284446e-07
2.031934286606e-06
4.538302050605e-06
7.010615206582e-06
9.444968668504e-06
1.183984790032e-05
9.406366757503e-06
7.079020917899e-06
4.790456955561e-06
2.541290939462e-06
3.319176471450e-07
1.838582647906e-06
3.972915862960e-06
6.075151077312e-06
8.149527275236e-06
1.019927572088e-05
8.088610798040e-06
6.073715837829e-06
4.080749022251e-06
2.107683371833e-06
1.502615418758e-07
1.797975471618e-06
3.744645823645e-06
5.697263929960e-06
7.662085067750e-06
9.643825194416e-06
8.427398142885e-06
6.390279509105e-06
4.327395856762e-06
2.236403247480e-06
1.156176381301e-07
2.035376780896e-06
4.215579281208e-06
6.423110221476e-06
8.656061822876e-06
1.091343727921e-05
9.686435305412e-06
7.365104636392e-06
5.018707440740e-06
2.648879217304e-06
2.592910277599e-07
2.144676216176e-06
4.556670830880e-06
6.970303275011e-06
9.379695541156e-06
1.177962764132e-05
9.766459243110e-06
7.381226055259e-06
5.014492444388e-06
2.666394664175e-06
3.358951516930e-07
1.978467764729e-06
4.277667130737e-06
6.561826808138e-06
8.830467322696e-06
1.108302569719e-05
9.111628116898e-06
6.875735209633e-06
4.654401834614e-06
2.446767553010e-06
2.519180384297e-07
1.931953647727e-06
4.108394705327e-06
6.282961521720e-06
8.462262940157e-06
1.065189894689e-05
9.233479033810e-06
7.004868336935e-06
4.768087194407e-06
2.527788922180e-06
2.873357516364e-07
1.951974297754e-06
4.190055960862e-06
6.426367065160e-06
8.658647232096e-06
1.088304674113e-05
9.089278819374e-06
6.877352063839e-06
4.679520316131e-06
2.494856687463e-06
3.237100827391e-07
1.830406858971e-06
3.960743981679e-06
6.059211500542e-06
8.119194774281e-06
1.013767575841e-05
7.715835693034e-06
5.763902265699e-06
3.847030825455e-06
1.963750889900e-06
1.137121898864e-07
1.703570546852e-06
3.490059839351e-06
5.249237631233e-06
6.985006848481e-06
8.700065791345e-06
6.603932433791e-06
4.918787965380e-06
3.254900320826e-06
1.610847903066e-06
1.727943299557e-08
1.635088210605e-06
3.248344626172e-06
4.861653337684e-06
6.478085026629e-06
8.099678098006e-06
6.604308055103e-06
4.956434850101e-06
3.298596880086e-06
1.630469625979e-06
4.717958290712e-08
1.733091778533e-06
3.426775379012e-06
5.129310352459e-06
6.843545463653e-06
8.573142565638e-06
7.215189100407e-06
5.433941737465e-06
3.631559366113e-06
1.808319211705e-06
3.543038928910e-08
1.899747530842e-06
3.784791999806e-06
5.690277475878e-06
7.615213405643e-06
9.558223609929e-06
8.149571044669e-06
6.156725817164e-06
4.144221520619e-06
2.109262993599e-06
4.942722853229e-08
2.036088687873e-06
4.145829734625e-06
6.276245642312e-06
8.422668940966e-06
1.058043443436e-05
8.982356234810e-06
6.794765454288e-06
4.603045908880e-06
2.407877900623e-06
2.101460268022e-07
1.988881194848e-06
4.187517674836e-06
6.384264167991e-06
8.578136487358e-06
1.076864441529e-05
8.985678391582e-06
6.787606253056e-06
4.598299767622e-06
2.422060731533e-06
2.629041659929e-07
1.877238219095e-06
3.999894602202e-06
6.109789410402e-06
8.213245735078e-06
1.031567762766e-05
8.694501957507e-06
6.572460563348e-06
4.450876986084e-06
2.331218183826e-06
2.133128873538e-07
1.904545229081e-06
4.024113763990e-06
6.145607869712e-06
8.267289786090e-06
1.038657353547e-05
8.719979746274e-06
6.591930002742e-06
4.462794606752e-06
2.328510220195e-06
1.874053054962e-07
1.957985659828e-06
4.101231468212e-06
6.233999499727e-06
8.348863161700e-06
1.044100531544e-05
8.223078168612e-06
6.168193237954e-06
4.139805582781e-06
2.139603338946e-06
1.696691356301e-07
1.768586287199e-06
3.675158666283e-06
5.551127117087e-06
7.397477361337e-06
9.213977932632e-06
6.898254298449e-06
5.136951131135e-06
3.412847831896e-06
1.726899370169e-06
7.786206879246e-08
1.537614309655e-06
3.124378679331e-06
4.688307001288e-06
6.235620787720e-06
7.772344474688e-06
6.055078301870e-06
4.515380339853e-06
2.975759514356e-06
1.435678882444e-06
1.051971594279e-07
1.648040210966e-06
3.195484055141e-06
4.751250230584e-06
6.319219437501e-06
7.902761012701e-06
6.557843505561e-06
4.924870381728e-06
3.266601254381e-06
1.578175499617e-06
1.451369371352e-07
1.906432657961e-06
3.705905839979e-06
5.541180769342e-06
7.408932503949e-06
9.307076595633e-06
8.097308182187e-06
6.124015669684e-06
4.110743134333e-06
2.052808611097e-06
5.270180736261e-08
2.207049192293e-06
4.410637757246e-06
6.664336751783e-06
8.969563793926e-06
1.132775196311e-05
1.041957511916e-05
7.946196888042e-06
5.423888751466e-06
2.855910906874e-06
2.444994038342e-07
2.409849912510e-06
5.108029597523e-06
7.851386556013e-06
1.064048103672e-05
1.347423074094e-05
1.246056376658e-05
9.534895355046e-06
6.576936698366e-06
3.592254415707e-06
5.862508487553e-07
2.436373335968e-06
5.471848282923e-06
8.517264063812e-06
1.157019204356e-05
1.462834467247e-05
1.298118974091e-05
9.906133129789e-06
6.833422389718e-06
3.764883558688e-06
7.018683731985e-07
2.354127275339e-06
5.400905195074e-06
8.435417385044e-06
1.145452750961e-05
1.445616294404e-05
1.246577647862e-05
9.482048028531e-06
6.509696447665e-06
3.545374454461e-06
5.873350232832e-07
2.364274450883e-06
5.308216145750e-06
8.243315960499e-06
1.116923635891e-05
1.408627298360e-05
1.215220714812e-05
9.238335621831e-06
6.333917212942e-06
3.439245460868e-06
5.535268314816e-07
2.325119794477e-06
5.198822577768e-06
8.068575141351e-06
1.093344786796e-05
1.379076684316e-05
1.188522520579e-05
9.039111830589e-06
6.208069692093e-06
3.392986059225e-06
5.948523948973e-07
2.184825461882e-06
4.944797183271e-06
7.685295429383e-06
1.040882028747e-05
1.311951137950e-05
1.124577232758e-05
8.540517853817e-06
5.845701252838e-06
3.166082194639e-06
5.061573915555e-07
2.132313284164e-06
4.751088283683e-06
7.353786145359e-06
9.943375346211e-06
1.252017659681e-05
1.058796260622e-05
8.031402501274e-06
5.491079321018e-06
2.963142719636e-06
4.420930963533e-07
2.075673592117e-06
4.589115349063e-06
7.092225587257e-06
9.576929073773e-06
1.203730835186e-05
9.930637929756e-06
7.504662050906e-06
5.092911749216e-06
2.690722396892e-06
2.974907715725e-07
2.083937545194e-06
4.450532685496e-06
6.802349616919e-06
9.143491695340e-06
1.148034391463e-05
9.610915981284e-06
7.259797257575e-06
4.910572556582e-06
2.568025649907e-06
2.343154505979e-07
2.093540729220e-06
4.423304574175e-06
6.764167096662e-06
9.122953997576e-06
1.150188376187e-05
1.013312675013e-05
7.706675660302e-06
5.265052209324e-06
2.805655071825e-06
3.239399575250e-07
2.183624530971e-06
4.717187607639e-06
7.273219068793e-06
9.846619491327e-06
1.243358690317e-05
1.103397443103e-05
8.402997025314e-06
5.752931713232e-06
3.082586658820e-06
3.944345507989e-07
2.306098963345e-06
5.013093868911e-06
7.722750240191e-06
1.043444370907e-05
1.314956148235e-05
1.139933272043e-05
8.660112030157e-06
5.921418619437e-06
3.188232881257e-06
4.642803332899e-07
2.249673855204e-06
4.955471240464e-06
7.655586159672e-06
1.035083852230e-05
1.303933447616e-05
1.113049484047e-05
8.450903521862e-06
5.785573648609e-06
3.132224378533e-06
4.874413548350e-07
2.150631303266e-06
4.780504696100e-06
7.397531305742e-06
9.996114727073e-06
1.257247708963e-05
1.046615739142e-05
7.920687608021e-06
5.393966262091e-06
2.886065828989e-06
3.999405748800e-07
2.060115946279e-06
4.491258948747e-06
6.893919078266e-06
9.271651833842e-06
1.162878146488e-05
9.463971935020e-06
7.135217913401e-06
4.830815328205e-06
2.554788409270e-06
3.078091026509e-07
1.913968844747e-06
4.117525634229e-06
6.310061451131e-06
8.496316240780e-06
1.067792987897e-05
8.956899193890e-06
6.773522272852e-06
4.588319200138e-06
2.393863951511e-06
1.823353841246e-07
2.051642695733e-06
4.309462610763e-06
6.589399049517e-06
8.889122625533e-06
1.120836367363e-05
9.908071888276e-06
7.529481422353e-06
5.118569276874e-06
2.672967411854e-06
1.934396323122e-07
2.317066503110e-06
4.855620886701e-06
7.420880194786e-06
1.001339325057e-05
1.263436405452e-05
1.125676880065e-05
8.570845523082e-06
5.864206286788e-06
3.142895366182e-06
4.119777372580e-07
2.326225228444e-06
5.072206931800e-06
7.828361106021e-06
1.059726031372e-05
1.338024293318e-05
1.184446489333e-05
9.022764231759e-06
6.188927386575e-06
3.342320894717e-06
4.809921847482e-07
2.397396769993e-06
5.294223342389e-06
8.209135728521e-06
1.114035933369e-05
1.408607170106e-05
1.261470583813e-05
9.624401002384e-06
6.613244806886e-06
3.576689721285e-06
5.118340595800e-07
2.581512262623e-06
5.700953977339e-06
8.842946442655e-06
1.200424094350e-05
1.518255669453e-05
1.362398080573e-05
1.040268125507e-05
7.171643915171e-06
3.935233507946e-06
6.975475344007e-07
2.538896694659e-06
5.773721738933e-06
9.007953337914e-06
1.224244692821e-05
1.547661048562e-05
1.366553397020e-05
1.042648841576e-05
7.195583350494e-06
3.973368393417e-06
7.587592563141e-07
2.449892519962e-06
5.653871937739e-06
8.853817973886e-06
1.205060732445e-05
1.524642402728e-05
1.359995451367e-05
1.037996565856e-05
7.146619054765e-06
3.896655925928e-06
6.289767497947e-07
2.656420406311e-06
5.959926568266e-06
9.283375106861e-06
1.262973916027e-05
1.600179172101e-05
1.464456647682e-05
1.120742928151e-05
7.748359735160e-06
4.270624572200e-06
7.762824338897e-07
2.734002691795e-06
6.259891335958e-06
9.799735835259e-06
1.334974984957e-05
1.690442564950e-05
1.513690278898e-05
1.157542669716e-05
8.022551185149e-06
4.479957567582e-06
9.494962682766e-07
2.565642830632e-06
6.060836824417e-06
9.530856232232e-06
1.297131240108e-05
1.637947912059e-05
1.405270211308e-05
1.069751402838e-05
7.374584868103e-06
4.083551175427e-06
8.244443279182e-07
2.402675193025e-06
5.598087284397e-06
8.762580876009e-06
1.189739907659e-05
1.500405534216e-05
1.277035937619e-05
9.703587011245e-06
6.661739178071e-06
3.644659727797e-06
6.524319360324e-07
2.315137635378e-06
5.259125714474e-06
8.181746522951e-06
1.108591146703e-05
1.397430736461e-05
1.194378052105e-05
9.073074295429e-06
6.220028126336e-06
3.387456729342e-06
5.773288762612e-07
2.210018692494e-06
4.975355750503e-06
7.719360553438e-06
1.044140475415e-05
1.313931437608e-05
1.094874892260e-05
8.295676877879e-06
5.672324846273e-06
3.077517590100e-06
5.097876965010e-07
2.030792586538e-06
4.541682812942e-06
7.018215910648e-06
9.455278132009e-06
1.184919506159e-05
9.345040496100e-06
7.028013897070e-06
4.753104008159e-06
2.520138821183e-06
3.311247951387e-07
1.810188450690e-06
3.899626051407e-06
5.934073328717e-06
7.912152227618e-06
9.833806927873e-06
6.999281083608e-06
5.181005860777e-06
3.422208806114e-06
1.725627157612e-06
9.319552418674e-08
1.475103488247e-06
2.981652869494e-06
4.430211504314e-06
5.824388267683e-06
7.166165516992e-06
4.478997993829e-06
3.234154178244e-06
2.043689733000e-06
9.057732768269e-07
1.845065753514e-07
1.234385990756e-06
2.251428043110e-06
3.241814965804e-06
4.209556493606e-06
5.157316934401e-06
3.259518905452e-06
2.331991254323e-06
1.410155618942e-06
4.872948125012e-07
4.415383614287e-07
1.378569095323e-06
2.324011290966e-06
3.278152178154e-06
4.243718592534e-06
5.226651580870e-06
3.886416834575e-06
2.837101305886e-06
1.751937929839e-06
6.309102218438e-07
5.238148901299e-07
1.710530455057e-06
2.929782851879e-06
4.184199667634e-06
5.476659566739e-06
6.808091825405e-06
5.552326911129e-06
4.139840598327e-06
2.695040734579e-06
1.216680573179e-06
2.993692760356e-07
1.857902191205e-06
3.461398875970e-06
5.108578932322e-06
6.795152785344e-06
8.516328591668e-06
7.303519851121e-06
5.508968342838e-06
3.681549003431e-06
1.821482442210e-06
6.807061936343e-08
1.981407820040e-06
3.912662350558e-06
5.858374777290e-06
7.818210804089e-06
9.793500453270e-06
8.162124004230e-06
6.150387719117e-06
4.134037283166e-06
2.122258024428e-06
1.231736064256e-07
1.857892755197e-06
3.818120489996e-06
5.755235633842e-06
7.665441273730e-06
9.542998384404e-06
7.037574391688e-06
5.234704701707e-06
3.476143319858e-06
1.759425799719e-06
8.067792123256e-08
1.562567888413e-06
3.170031789068e-06
4.739029350276e-06
6.266385639719e-06
7.750797237804e-06
5.270867632134e-06
3.856815396830e-06
2.473241693224e-06
1.114132942348e-06
2.257505116177e-07
1.551066418415e-06
2.866814611480e-06
4.178704784863e-06
5.493070034390e-06
6.815940878369e-06
5.239593235729e-06
3.881133750383e-06
2.507997862722e-06
1.122143430621e-06
2.743732352428e-07
1.680786340330e-06
3.098481158759e-06
4.530466071628e-06
5.980076252854e-06
7.449076235844e-06
5.972248288799e-06
4.462411482109e-06
2.944351990664e-06
1.424030472208e-06
9.393943400937e-08
1.606499324680e-06
3.111087607977e-06
4.604362743521e-06
6.081799313051e-06
7.538688976183e-06
5.404450064361e-06
3.984238503563e-06
2.583130651601e-06
1.196090238409e-06
1.803199438655e-07
1.546162707200e-06
2.898499758430e-06
4.233954769006e-06
5.551753815780e-06
6.855408400952e-06
4.858970100940e-06
3.551491317921e-06
2.237557964690e-06
9.139825465354e-07
4.210846213937e-07
1.770517826571e-06
3.139673367514e-06
4.535442144515e-06
5.963650892227e-06
7.426370700614e-06
6.070735821595e-06
4.538606845017e-06
2.983084300467e-06
1.404430520324e-06
2.007568014051e-07
1.836964088398e-06
3.506268740239e-06
5.206600178553e-06
6.932327039522e-06
8.677126288603e-06
7.199736444363e-06
5.417560942078e-06
3.623037287070e-06
1.818506007112e-06
9.466759820498e-09
1.796521189590e-06
3.592894586291e-06
5.377098318604e-06
7.151617865020e-06
8.921925825689e-06
7.059472750370e-06
5.276566753309e-06
3.493887675177e-06
1.715609357689e-06
5.548622539209e-08
1.820046065859e-06
3.581735029456e-06
5.345082968233e-06
7.113069671050e-06
8.886475882264e-06
7.166571037942e-06
5.370937401494e-06
3.563722657418e-06
1.737665286328e-06
1.146478325609e-07
1.997731317260e-06
3.911503540621e-06
5.851801972767e-06
7.812715125510e-06
9.789154319151e-06
8.159555534348e-06
6.147386955035e-06
4.122098403059e-06
2.083837614464e-06
3.408098336877e-08
2.024607397288e-06
4.089556171039e-06
6.158642861465e-06
8.230059506786e-06
1.030139299019e-05
8.346148206329e-06
6.279560579969e-06
4.232038747887e-06
2.212338756635e-06
2.278550823576e-07
1.716997076073e-06
3.621280256993e-06
5.486906616170e-06
7.317120264361e-06
9.114717727243e-06
6.820674343544e-06
5.077441471713e-06
3.368118029812e-06
1.694501690963e-06
5.771863698101e-08
1.541833114516e-06
3.103899246071e-06
4.628074179891e-06
6.114015718595e-06
7.562605219391e-06
5.205894638038e-06
3.810724876985e-06
2.435521253119e-06
1.072080181075e-06
2.856937726392e-07
1.640697178118e-06
2.992920940414e-06
4.341058684076e-06
5.684154530172e-06
7.022512249932e-06
5.031725834215e-06
3.689658342410e-06
2.348533655550e-06
1.007314210710e-06
3.358450157975e-07
1.684266749180e-06
3.042368916795e-06
4.414124930463e-06
5.801474287637e-06
7.203381130694e-06
5.555806581015e-06
4.126173905661e-06
2.692888870115e-06
1.257679627997e-06
1.786388565961e-07
1.615101155039e-06
3.049940630717e-06
4.481148209834e-06
5.907696674967e-06
7.330606933920e-06
5.509356356015e-06
4.075876631759e-06
2.639438037022e-06
1.201617976676e-06
2.341636218262e-07
1.664579713179e-06
3.088435789778e-06
4.507148560151e-06
5.923762728344e-06
7.341040713982e-06
5.468992810620e-06
4.039630709940e-06
2.608521128877e-06
1.173665111764e-06
2.692839871088e-07
1.725831907606e-06
3.200617015864e-06
4.695796121723e-06
6.210960009412e-06
7.744613810701e-06
6.250839078348e-06
4.673164767155e-06
3.074438325257e-06
1.452256356060e-06
1.945088570210e-07
1.865132446710e-06
3.557831405487e-06
5.270893097986e-06
7.003363577951e-06
8.754851990034e-06
7.205219844764e-06
5.411470453964e-06
3.604354560593e-06
1.787653673091e-06
3.495011924315e-08
1.860265911091e-06
3.685684930588e-06
5.508679805644e-06
7.326858792567e-06
9.138134373643e-06
7.118779706161e-06
5.317970817487e-06
3.527382943957e-06
1.748481395225e-06
1.644860958550e-08
1.765002821230e-06
3.495912949347e-06
5.210032099967e-06
6.910447666542e-06
8.601258286944e-06
6.592006968731e-06
4.904226273084e-06
3.219746417926e-06
1.537861066936e-06
1.434516434529e-07
1.827656944897e-06
3.518584890116e-06
5.218619605785e-06
6.927770073162e-06
8.644300919514e-06
6.890756367284e-06
5.153750237241e-06
3.405631844089e-06
1.640563937144e-06
1.464098886572e-07
1.956904725375e-06
3.788696346874e-06
5.637063338781e-06
7.497169917769e-06
9.365833875563e-06
7.551109433734e-06
5.661211901042e-06
3.767356076878e-06
1.872815005299e-06
1.911752178785e-08
1.907055207084e-06
3.792497295763e-06
5.679235243861e-06
7.571182663924e-06
9.470016152591e-06
7.702967025125e-06
5.789397164335e-06
3.878945278757e-06
1.973997029836e-06
7.406947588606e-08
1.823707634685e-06
3.723336817529e-06
5.628896815324e-06
7.544476147814e-06
9.474706359924e-06
8.114851254959e-06
6.130007136562e-06
4.113512886761e-06
2.062178680262e-06
2.457989012328e-08
2.145276027932e-06
4.298146620840e-06
6.482755281922e-06
8.700741602752e-06
1.095547105479e-05
9.742254576395e-06
7.393877751838e-06
4.999548252727e-06
2.558543940268e-06
7.116091182979e-08
2.461388362462e-06
5.036773359279e-06
7.651279759102e-06
1.029992898793e-05
1.297709769688e-05
1.137267582862e-05
8.642111538393e-06
5.894038224596e-06
3.129061497020e-06
3.472929392956e-07
2.450691852118e-06
5.263032335279e-06
8.086415903108e-06
1.091639120432e-05
1.374800331178e-05
1.175560851152e-05
8.923490725010e-06
6.102018858201e-06
3.293247061720e-06
4.981741312804e-07
2.283072774389e-06
5.051054472460e-06
7.806676933342e-06
1.055098817915e-05
1.328479459062e-05
1.127300856751e-05
8.550091479265e-06
5.840457561135e-06
3.146838594148e-06
4.719374828710e-07
2.182466005252e-06
4.816125112939e-06
7.430302616740e-06
1.002723104193e-05
1.260920038249e-05
1.055290636032e-05
7.986756486389e-06
5.433354829165e-06
2.893336898069e-06
3.677551490000e-07
2.141782374565e-06
4.632927755210e-06
7.102711833795e-06
9.548049320074e-06
1.196643182766e-05
9.587324143467e-06
7.215926245863e-06
4.872723764038e-06
2.557280311066e-06
2.696633032429e-07
1.989325767227e-06
4.218487561047e-06
6.416191752123e-06
8.580359519783e-06
1.070828454885e-05
8.129953585012e-06
6.075060980493e-06
4.066725352914e-06
2.106596525664e-06
1.943645884239e-07
1.671722714036e-06
3.494093391510e-06
5.274915622522e-06
7.015806829713e-06
8.718295134713e-06
6.320042757579e-06
4.678048014739e-06
3.067338582241e-06
1.485758161834e-06
6.770164873160e-08
1.593451941062e-06
3.092351391842e-06
4.567204598516e-06
6.023373032349e-06
7.468262992916e-06
5.552394895858e-06
4.096670352283e-06
2.631870415826e-06
1.154289350325e-06
3.390963456695e-07
1.851414708653e-06
3.386008984307e-06
4.945894090724e-06
6.533045848300e-06
8.148354027071e-06
6.694875594349e-06
5.010707013753e-06
3.295453268493e-06
1.546286171106e-06
2.396781724201e-07
2.064372608857e-06
3.928159287625e-06
5.829830058701e-06
7.767100498768e-06
9.737166919876e-06
8.311889644119e-06
6.273721908201e-06
4.211205180127e-06
2.126411573045e-06
2.048346914307e-08
2.106401325364e-06
4.254562213646e-06
6.424081618661e-06
8.614294131348e-06
1.082389263729e-05
9.270482735246e-06
7.014738969247e-06
4.739958455957e-06
2.444284632475e-06
1.262449131900e-07
2.214576625192e-06
4.577753202284e-06
6.963163684759e-06
9.372431009069e-06
1.180914870247e-05
1.045008423262e-05
7.936612405501e-06
5.386699513110e-06
2.802402548241e-06
1.872014649962e-07
2.456409617935e-06
5.128276427513e-06
7.830309812107e-06
1.056452407511e-05
1.333076659193e-05
1.186707504530e-05
9.038770201641e-06
6.192223736434e-06
3.330743766128e-06
4.555635086945e-07
2.432548399156e-06
5.330982673968e-06
8.234043207267e-06
1.113369859240e-05
1.402189826649e-05
1.186443381584e-05
9.001850855839e-06
6.157660607187e-06
3.330707500027e-06
5.212085625317e-07
2.268883122269e-06
5.037018979692e-06
7.781774741034e-06
1.050376113199e-05
1.320518327930e-05
1.099010887629e-05
8.313380931213e-06
5.653567370700e-06
3.010764032751e-06
3.836165660687e-07
2.231795633634e-06
4.841837153435e-06
7.454085846348e-06
1.007589486335e-05
1.271346854992e-05
1.125808040570e-05
8.564680058498e-06
5.843901192293e-06
3.093670898124e-06
3.130664367745e-07
2.497933735413e-06
5.338904145447e-06
8.210030330247e-06
1.111270557885e-05
1.404962995366e-05
1.277340135175e-05
9.746227590313e-06
6.676264831640e-06
3.562637630239e-06
4.056724378643e-07
2.793250928335e-06
6.031392956629e-06
9.304556556344e-06
1.260724053509e-05
1.593354045326e-05
1.423107721621e-05
1.085628673536e-05
7.465133023743e-06
4.055334443365e-06
6.240530865398e-07
2.830704829648e-06
6.309280536243e-06
9.810458436732e-06
1.333208086862e-05
1.687162739472e-05
1.518298137171e-05
1.160215157370e-05
8.012898206289e-06
4.418247954163e-06
8.197649208341e-07
2.783205161450e-06
6.393623664280e-06
1.001571678216e-05
1.365338437154e-05
1.730885378493e-05
1.581027675002e-05
1.210762678738e-05
8.392311087846e-06
4.667443192830e-06
9.359519594909e-07
2.799631772632e-06
6.537154888520e-06
1.027519630270e-05
1.401359736519e-05
1.775374585122e-05
1.600445540362e-05
1.223966313546e-05
8.466030919863e-06
4.683827910412e-06
8.954639838521e-07
2.895210172937e-06
6.684092340947e-06
1.046789071779e-05
1.424455587085e-05
1.801335520213e-05
1.589534639379e-05
1.212794808225e-05
8.366852796371e-06
4.611209362793e-06
8.602510206401e-07
2.886317759021e-06
6.628103221828e-06
1.036360333728e-05
1.409017943388e-05
1.780417341024e-05
1.553291843948e-05
1.184220866435e-05
8.174875233635e-06
4.531806439445e-06
9.119827382165e-07
2.686740060653e-06
6.266289119594e-06
9.827095709625e-06
1.336731747870e-05
1.688341723138e-05
1.456876071870e-05
1.109808164301e-05
7.659332482035e-06
4.251983739323e-06
8.752286362324e-07
2.470983986314e-06
5.786131396235e-06
9.070429314306e-06
1.232640767057e-05
1.555973250333e-05
1.346035196548e-05
1.023744533768e-05
7.017991435987e-06
3.801313312124e-06
5.888821306144e-07
2.618665689624e-06
5.824295499224e-06
9.035253299317e-06
1.226128711096e-05
1.551171033043e-05
1.407660681707e-05
1.074791106248e-05
7.381628449821e-06
3.973186494477e-06
5.152313633516e-07
3.000933702424e-06
6.582295441149e-06
1.023147183332e-05
1.394623609485e-05
1.772176125314e-05
1.683746933168e-05
1.293284219628e-05
8.967518567715e-06
4.936466893923e-06
8.367344435101e-07
3.330381275646e-06
7.559687446701e-06
1.184443510738e-05
1.617893263983e-05
2.055950631075e-05
1.933452227831e-05
1.485369006105e-05
1.034218183804e-05
5.811210883166e-06
1.272755241644e-06
3.263499081640e-06
7.792057374445e-06
1.231108581123e-05
1.682007626869e-05
2.131697459617e-05
1.908139137186e-05
1.460796420361e-05
1.016697581235e-05
5.764491447735e-06
1.404195984378e-06
2.911813169248e-06
7.181354988006e-06
1.140112044595e-05
1.556721321094e-05
1.967686301896e-05
1.687151143415e-05
1.285507079274e-05
8.883555040029e-06
4.949593289894e-06
1.047998807735e-06
2.823028864896e-06
6.662767759735e-06
1.047026086098e-05
1.424643454584e-05
1.799499943900e-05
1.560217890528e-05
1.187921839119e-05
8.169301224825e-06
4.470306635085e-06
7.803018320374e-07
2.904456096076e-06
6.590271254936e-06
1.028463532293e-05
1.399335809538e-05
1.771794472916e-05
1.597857823299e-05
1.222133937517e-05
8.464477616599e-06
4.710076495940e-06
9.555188285049e-07
2.804291057146e-06
6.573175369340e-06
1.035078355471e-05
1.413255313309e-05
1.791231881043e-05
1.611883214991e-05
1.233612249507e-05
8.557700823530e-06
4.782348582921e-06
1.013155895180e-06
2.741889545632e-06
6.473087580616e-06
1.017383738144e-05
1.384431146789e-05
1.749111532945e-05
1.525784114165e-05
1.162124732446e-05
7.994788234100e-06
4.385166164411e-06
8.003060543160e-07
2.755756838724e-06
6.285297217801e-06
9.794992934076e-06
1.329141775841e-05
1.677693688862e-05
1.452584240269e-05
1.105900923903e-05
7.610358011334e-06
4.174782816335e-06
7.424687851199e-07
2.696430044580e-06
6.146618090952e-06
9.605560876480e-06
1.306558641545e-05
1.651893916232e-05
1.452721056694e-05
1.107803637979e-05
7.628353841937e-06
4.171929845143e-06
7.066649914123e-07
2.764938301425e-06
6.238607284104e-06
9.711749498820e-06
1.318534395978e-05
1.666270946998e-05
1.474607057617e-05
1.124487965853e-05
7.744689014544e-06
4.253653685282e-06
7.785456546117e-07
2.678134080725e-06
6.118612191131e-06
9.547865374770e-06
1.297057724514e-05
1.638889642663e-05
1.438916274310e-05
1.096966724390e-05
7.558159325072e-06
4.154039004334e-06
7.553828140772e-07
2.639741751409e-06
6.031889540736e-06
9.420048115771e-06
1.280261386682e-05
1.617930513476e-05
1.424089714419e-05
1.085182276483e-05
7.452545787601e-06
4.035306176320e-06
5.944089025434e-07
2.872793004371e-06
6.366316540607e-06
9.885090889838e-06
1.342868637266e-05
1.699804954569e-05
1.544048143387e-05
1.179940244356e-05
8.128502201998e-06
4.428574470694e-06
7.002156507951e-07
3.058093682284e-06
6.850747922726e-06
1.068398398729e-05
1.456314157622e-05
1.848980787145e-05
1.731824028184e-05
1.329393313654e-05
9.238791960797e-06
5.156205531875e-06
1.045111957865e-06
3.098416641478e-06
7.277944121142e-06
1.149434717718e-05
1.574587776076e-05
2.003075542234e-05
1.892123373182e-05
1.454453717997e-05
1.012079877682e-05
5.645044439007e-06
1.117762735703e-06
3.455003366071e-06
8.065341376096e-06
1.270865948300e-05
1.738696442999e-05
2.210807332403e-05
2.093739612974e-05
1.608719145452e-05
1.118124265531e-05
6.225841389096e-06
1.227698533057e-06
3.810311000052e-06
8.889705384263e-06
1.401321065941e-05
1.918000180012e-05
2.438298770358e-05
2.276167140280e-05
1.749932903294e-05
1.223153356023e-05
6.958705455418e-06
1.677849184034e-06
3.611956856275e-06
8.904936294130e-06
1.418837979372e-05
1.944655718944e-05
2.466635106657e-05
2.199988421125e-05
1.685027763187e-05
1.174709876750e-05
6.692638180539e-06
1.693459864782e-06
3.241812351007e-06
8.106612540359e-06
1.289954587946e-05
1.762401433325e-05
2.228481736211e-05
1.918909083543e-05
1.463581133976e-05
1.015233965518e-05
5.743141855419e-06
1.407887282312e-06
2.859674680167e-06
7.069465368659e-06
1.123120739521e-05
1.535146736842e-05
1.943311190189e-05
1.703731038560e-05
1.301194794223e-05
9.016572732889e-06
5.044650549735e-06
1.090260184355e-06
2.849820987194e-06
6.775919189295e-06
1.068706325213e-05
1.458337834492e-05
1.846765945857e-05
1.650123721220e-05
1.260896885924e-05
8.714535113086e-06
4.817589058348e-06
9.206682989316e-07
2.972509207666e-06
6.858942356303e-06
1.073748092040e-05
1.460855304458e-05
1.847300870850e-05
1.632005120200e-05
1.245390336635e-05
8.598101658208e-06
4.754193355438e-06
9.218338163919e-07
2.901655534515e-06
6.720406361183e-06
1.053834182585e-05
1.435762220581e-05
1.817831781636e-05
1.627903202461e-05
1.244262813316e-05
8.603966534793e-06
4.757927399623e-06
8.980404686554e-07
2.981159639148e-06
6.882441596190e-06
1.080578960000e-05
1.475032604503e-05
1.871674766107e-05
1.727804976781e-05
1.323975328660e-05
9.165207870865e-06
5.052800815974e-06
9.053882195076e-07
3.271235243574e-06
7.471508695289e-06
1.169274366930e-05
1.593556135049e-05
2.020153135618e-05
1.846373726266e-05
1.414204911043e-05
9.811461097797e-06
5.481018490627e-06
1.157168981081e-06
3.157593766900e-06
7.462819837656e-06
1.175686674060e-05
1.603414318652e-05
2.028528149367e-05
1.770835444859e-05
1.352409071842e-05
9.387690965923e-06
5.298588746427e-06
1.255509857856e-06
2.740538946000e-06
6.685343009849e-06
1.057325550846e-05
1.440024766453e-05
1.816577531599e-05
1.524507456452e-05
1.158287466296e-05
7.975761832313e-06
4.425262261520e-06
9.337983897240e-07
2.498174296761e-06
5.873882855667e-06
9.199601151977e-06
1.248210185167e-05
1.572590144860e-05
1.317916922972e-05
9.999902999880e-06
6.857915764158e-06
3.750446808226e-06
6.729356414326e-07
2.378903445788e-06
5.406933041741e-06
8.410367286160e-06
1.138764952202e-05
1.433921056559e-05
1.207153013638e-05
9.147830098755e-06
6.234516263248e-06
3.329735250190e-06
4.360226739664e-07
2.441540175369e-06
5.298648090957e-06
8.134067968513e-06
1.094962715342e-05
1.374773489715e-05
1.132228300094e-05
8.552123063055e-06
5.806999354263e-06
3.090408370099e-06
4.021978270430e-07
2.261504562284e-06
4.905713069547e-06
7.533247298852e-06
1.014272760358e-05
1.272928278695e-05
1.033462126543e-05
7.798401213677e-06
5.291305683386e-06
2.808294198076e-06
3.436577458160e-07
2.106511487909e-06
4.543703312265e-06
6.968401862650e-06
9.382414646097e-06
1.179034717325e-05
9.928029498951e-06
7.502146218030e-06
5.062098807684e-06
2.605179247439e-06
1.311527171310e-07
2.359766710924e-06
4.868957489634e-06
7.400408094327e-06
9.960094587314e-06
1.255444760773e-05
1.119353231616e-05
8.507549523529e-06
5.778168940651e-06
3.005480323282e-06
1.894228489618e-07
2.670812818906e-06
5.576102296345e-06
8.526572457868e-06
1.152049833308e-05
1.455432840203e-05
1.311549050342e-05
1.000422861352e-05
6.863974476801e-06
3.695017255723e-06
4.965031052961e-07
2.731953202328e-06
5.988946213620e-06
9.271014789647e-06
1.257365255469e-05
1.589279486325e-05
1.416044699454e-05
1.080169539591e-05
7.429759989463e-06
4.045249056617e-06
6.496665037048e-07
2.755553396128e-06
6.170374831527e-06
9.597153223240e-06
1.304012818082e-05
1.650354533922e-05
1.492876083375e-05
1.140805869682e-05
7.868672469158e-06
4.313530894251e-06
7.434847475452e-07
2.843234199190e-06
6.449635520767e-06
1.007768821637e-05
1.372693515123e-05
1.739489505326e-05
1.582157130997e-05
1.210887381831e-05
8.379916323520e-06
4.633449123048e-06
8.707773417882e-07
2.902433550389e-06
6.677112082798e-06
1.044389881599e-05
1.419689579052e-05
1.793543611939e-05
1.567476567743e-05
1.194014396333e-05
8.211614101583e-06
4.492198456774e-06
7.873061349528e-07
2.898648460814e-06
6.564810632881e-06
1.021381029886e-05
1.384937138482e-05
1.747321158518e-05
1.508750148105e-05
1.147856909256e-05
7.887418746577e-06
4.310100564453e-06
7.370319963229e-07
2.844296261628e-06
6.444748748891e-06
1.006996825481e-05
1.371983483978e-05
1.739093062270e-05
1.588145778442e-05
1.215746834760e-05
8.409414988364e-06
4.631455738036e-06
8.195004284062e-07
3.027048990134e-06
6.906155363140e-06
1.081570769657e-05
1.475587981759e-05
1.872952037729e-05
1.743132338561e-05
1.336758145953e-05
9.269452220906e-06
5.145478326085e-06
1.006467925890e-06
3.138175486583e-06
7.283217826171e-06
1.142798936371e-05
1.557427208354e-05
1.972323735799e-05
1.769299683474e-05
1.353106904389e-05
9.377326591675e-06
5.235096239176e-06
1.104631053295e-06
3.016096229658e-06
7.129058360533e-06
1.123391211877e-05
1.532752600042e-05
1.940554813018e-05
1.719525346289e-05
1.313781115186e-05
9.090820469737e-06
5.046388480423e-06
9.981548032556e-07
3.056383945932e-06
7.116024960396e-06
1.117839951803e-05
1.524293020339e-05
1.931221362383e-05
1.745226302319e-05
1.334828903055e-05
9.233022979060e-06
5.111499717714e-06
9.903674822453e-07
3.125841601559e-06
7.237020781758e-06
1.134651557777e-05
1.545770794564e-05
1.957005633813e-05
1.745559035271e-05
1.334894437832e-05
9.264984328183e-06
5.208278878399e-06
1.179192679501e-06
2.823238560268e-06
6.797173909945e-06
1.073601998769e-05
1.463015939862e-05
1.847142868883e-05
1.565254552816e-05
1.190663647321e-05
8.205163283037e-06
4.543046998151e-06
9.212365057465e-07
2.653716251189e-06
6.173885651606e-06
9.635313404033e-06
1.304075362896e-05
1.639802536602e-05
1.350351146812e-05
1.021196726469e-05
6.957560117371e-06
3.743181594018e-06
5.685933501809e-07
2.572470691575e-06
5.691146725439e-06
8.798491251127e-06
1.190028484643e-05
1.499501513536e-05
1.278541162719e-05
9.711586244521e-06
6.655070706074e-06
3.608226222696e-06
5.600700774266e-07
2.498412584373e-06
5.570606901983e-06
8.654535179176e-06
1.174635644929e-05
1.484457567358e-05
1.316615777114e-05
1.003510863029e-05
6.888250595694e-06
3.727639636963e-06
5.597418635261e-07
2.608020565731e-06
5.771457267656e-06
8.931816864788e-06
1.209454904938e-05
1.526549715436e-05
1.341978537539e-05
1.021865665507e-05
7.015957464773e-06
3.818456036697e-06
6.304808835011e-07
2.546701466599e-06
5.713506936900e-06
8.870039835074e-06
1.201508052873e-05
1.514684379345e-05
1.296740293810e-05
9.849028515418e-06
6.737026410519e-06
3.625324609402e-06
5.093036179460e-07
2.612705316096e-06
5.739562084273e-06
8.868988459199e-06
1.199970131438e-05
1.513269774023e-05
1.316483184155e-05
1.000477726620e-05
6.830074255504e-06
3.637108250132e-06
4.230304284647e-07
2.814786682848e-06
6.079105105528e-06
9.372718238865e-06
1.269765579082e-05
1.605411750916e-05
1.446711468134e-05
1.104489166437e-05
7.602371056237e-06
4.143838168602e-06
6.717312999172e-07
2.813453988892e-06
6.312381231055e-06
9.825354538862e-06
1.335123442914e-05
1.688707794756e-05
1.503829594185e-05
1.148300833620e-05
7.928035245186e-06
4.374898480819e-06
8.250679002231e-07
2.718973632909e-06
6.253483491037e-06
9.774633099369e-06
1.328039098780e-05
1.677219563589e-05
1.462211582748e-05
1.113025126642e-05
7.633910627192e-06
4.129172168632e-06
6.148520697025e-07
2.908799672241e-06
6.442293681630e-06
9.988137264827e-06
1.355043531248e-05
1.713324974162e-05
1.536739159747e-05
1.172725069409e-05
8.064276528330e-06
4.377560173907e-06
6.637797014264e-07
3.082106331931e-06
6.864547856367e-06
1.068462245257e-05
1.453882987335e-05
1.841987864282e-05
1.672449224088e-05
1.280264359593e-05
8.874900913725e-06
4.944306851939e-06
1.013526798488e-06
2.913831679052e-06
6.833162558451e-06
1.073991677458e-05
1.463069901320e-05
1.850356545674e-05
1.622821861247e-05
1.238534019876e-05
8.569645729040e-06
4.787680268237e-06
1.045951080414e-06
2.651228044215e-06
6.303023724286e-06
9.912023926972e-06
1.348310252069e-05
1.702170573026e-05
1.462765908400e-05
1.112882927146e-05
7.650036764062e-06
4.188620323475e-06
7.427269110849e-07
2.688493680125e-06
6.104888768732e-06
9.505836487733e-06
1.289111190772e-05
1.626175196634e-05
1.401269503276e-05
1.065148387625e-05
7.293588510038e-06
3.935120389542e-06
5.738436925640e-07
2.790133748931e-06
6.154194977626e-06
9.513565601083e-06
1.286213552021e-05
1.619357010441e-05
1.362959000062e-05
1.033747133761e-05
7.074473330704e-06
3.841440388896e-06
6.380732884281e-07
2.536770580264e-06
5.684941186246e-06
8.808681343453e-06
1.191005696910e-05
1.499002667060e-05
1.257116394981e-05
9.528773375678e-06
6.514381880152e-06
3.529790603807e-06
5.738081654272e-07
2.358259337143e-06
5.273771819247e-06
8.180824238480e-06
1.108662479510e-05
1.399697708848e-05
1.231995616990e-05
9.376708476339e-06
6.413101289127e-06
3.424056103540e-06
4.067705958732e-07
2.638352952999e-06
5.708279843475e-06
8.799613624433e-06
1.191137982914e-05
1.504629767624e-05
1.346575328398e-05
1.025851179293e-05
7.013273545908e-06
3.730138189439e-06
4.118460878999e-07
2.938568400168e-06
6.319397925836e-06
9.730097531246e-06
1.316964613807e-05
1.663463473278e-05
1.476757711316e-05
1.126065990320e-05
7.745914047064e-06
4.223936571179e-06
6.913767833794e-07
2.856658284145e-06
6.423572699532e-06
1.000933559681e-05
1.361101413977e-05
1.722474638655e-05
1.542629212281e-05
1.178479800501e-05
8.135441817103e-06
4.479894869291e-06
8.218949005823e-07
2.833834400917e-06
6.483688821390e-06
1.012693786606e-05
1.376569400691e-05
1.740306561260e-05
1.537671164442e-05
1.173096933371e-05
8.091333825178e-06
4.463461948490e-06
8.521785730409e-07
2.739234901128e-06
6.308560841717e-06
9.853412791472e-06
1.337086899866e-05
1.685816567942e-05
1.428953720506e-05
1.085358422870e-05
7.444350217156e-06
4.058090098624e-06
6.925534421498e-07
2.652255261637e-06
5.974757186777e-06
9.273473892790e-06
1.254835177633e-05
1.580110591703e-05
1.334624408855e-05
1.011872541312e-05
6.904561132615e-06
3.700353090608e-06
5.016361797061e-07
2.697001150409e-06
5.900717496843e-06
9.112760608332e-06
1.233333620121e-05
1.556006310466e-05
1.355076858545e-05
1.031095348480e-05
7.072151277043e-06
3.834060692043e-06
5.962605769128e-07
2.640908689955e-06
5.876458601506e-06
9.109591132983e-06
1.234043526210e-05
1.556959989557e-05
1.352016425926e-05
1.028790836699e-05
7.067166450270e-06
3.865803023473e-06
6.905918894518e-07
2.455061178352e-06
5.571748715738e-06
8.662855009334e-06
1.173220863393e-05
1.478249959064e-05
1.256033471009e-05
9.533178229049e-06
6.520643978547e-06
3.519820268139e-06
5.281539188218e-07
2.454951641084e-06
5.427551684534e-06
8.386336673993e-06
1.132907544843e-05
1.425676674671e-05
1.205498529089e-05
9.128229692124e-06
6.197303378030e-06
3.257506136833e-06
3.071754122175e-07
2.653038961853e-06
5.621408718071e-06
8.596212069278e-06
1.157556852149e-05
1.455711174003e-05
1.232206562918e-05
9.333363038877e-06
6.350818409828e-06
3.374480684215e-06
4.022603548037e-07
2.569218963799e-06
5.543301881517e-06
8.522399127742e-06
1.150763000624e-05
1.449898576311e-05
1.251736739505e-05
9.506290496120e-06
6.493237492577e-06
3.479556880848e-06
4.652841312236e-07
2.551681802743e-06
5.575684554060e-06
8.612247881956e-06
1.166644977957e-05
1.474153765457e-05
1.317537868317e-05
1.004644252589e-05
6.895477724811e-06
3.722099677361e-06
5.264191713650e-07
2.689626342089e-06
5.921428623878e-06
9.162431069853e-06
1.240625340415e-05
1.564880363958e-05
1.355488609533e-05
1.030689844583e-05
7.061708004130e-06
3.823656641089e-06
6.007158503962e-07
2.597623677048e-06
5.763191495589e-06
8.890750166302e-06
1.197737037728e-05
1.502015123833e-05
1.196831317429e-05
9.019880451433e-06
6.132612213605e-06
3.308676014058e-06
5.450434059640e-07
2.165174350921e-06
4.829220870306e-06
7.451493843291e-06
1.003265026611e-05
1.257170049485e-05
9.950591334018e-06
7.479426699319e-06
5.034928108216e-06
2.606701798413e-06
1.862031240307e-07
2.232238955457e-06
4.653278153910e-06
7.083610739755e-06
9.533976083276e-06
1.201813319085e-05
1.080449214896e-05
8.208474923777e-06
5.555032998927e-06
2.846579548077e-06
8.595009148848e-08
2.727353034970e-06
5.598072164048e-06
8.533055961379e-06
1.153761343176e-05
1.461316685436e-05
1.373624752432e-05
1.051468956348e-05
7.228833794670e-06
3.877670735619e-06
4.596720373229e-07
3.024024181286e-06
6.567374555289e-06
1.015996696196e-05
1.379001713531e-05
1.744815921256e-05
1.574346396183e-05
1.202530069122e-05
8.281587156489e-06
4.511560007359e-06
7.175871701293e-07
3.094769169820e-06
6.918337192019e-06
1.074600896800e-05
1.457189256371e-05
1.839094369416e-05
1.592792148131e-05
1.212601608813e-05
8.348479809683e-06
4.602228614203e-06
8.930708190746e-07
2.775338657557e-06
6.402014605555e-06
9.987945134071e-06
1.353443514063e-05
1.704107393152e-05
1.417107966972e-05
1.074844738014e-05
7.385470496502e-06
4.089752451364e-06
8.651644520796e-07
2.288885923463e-06
5.376053366035e-06
8.400058675306e-06
1.136236022603e-05
1.426166028295e-05
1.128415954099e-05
8.505988887464e-06
5.787885925201e-06
3.122238581454e-06
5.016401587454e-07
2.077555620872e-06
4.614100362232e-06
7.104054873253e-06
9.545247280585e-06
1.194088935108e-05
9.323019980911e-06
6.981648596138e-06
4.655840655232e-06
2.341853871712e-06
4.118561491850e-08
2.243358665055e-06
4.511999691204e-06
6.770000027245e-06
9.025564793319e-06
1.128553952867e-05
9.139696999227e-06
6.864281829166e-06
4.592244465584e-06
2.326599428670e-06
6.468752644651e-08
2.200895153237e-06
4.478090943394e-06
6.770943855372e-06
9.077884215003e-06
1.139371721592e-05
9.520213097858e-06
7.188896574917e-06
4.850094967424e-06
2.498702542653e-06
1.319655211773e-07
2.248440296171e-06
4.637805375296e-06
7.031968607407e-06
9.430459556370e-06
1.183719331266e-05
9.987915120746e-06
7.540450326360e-06
5.075366971141e-06
2.597749642064e-06
1.144808265963e-07
2.368885191117e-06
4.850084280861e-06
7.329369395848e-06
9.807273272600e-06
1.228247117524e-05
9.978512423459e-06
7.510978548453e-06
5.057110342932e-06
2.617370341795e-06
1.900057213788e-07
2.226991171028e-06
4.633795242626e-06
7.027794879377e-06
9.404328579876e-06
1.175861501679e-05
9.247857008177e-06
6.933076406312e-06
4.638119548872e-06
2.356516858981e-06
8.122896133500e-08
2.193962416186e-06
4.473945864447e-06
6.762730038190e-06
9.064340474652e-06
1.138364285680e-05
9.744239662268e-06
7.362450787696e-06
4.946588546773e-06
2.494164391464e-06
4.636206085706e-09
2.522157387830e-06
5.088121099561e-06
7.698361685016e-06
1.036061388504e-05
1.308278820034e-05
1.204299547908e-05
9.181740722397e-06
6.261318333145e-06
3.289066057732e-06
2.710574449338e-07
2.789756194943e-06
5.892857132039e-06
9.037433244430e-06
1.221961946385e-05
1.543199300613e-05
1.371988645360e-05
1.046013488804e-05
7.186393588654e-06
3.894998485521e-06
5.807553975501e-07
2.758755670129e-06
6.120750981609e-06
9.498242377504e-06
1.288382799203e-05
1.627389144687e-05
1.434389832866e-05
1.092394057878e-05
7.485400942642e-06
4.025063958579e-06
5.432387979454e-07
2.958576715173e-06
6.481263255864e-06
1.003021969836e-05
1.361429548297e-05
1.724231037770e-05
1.589943656199e-05
1.216337670940e-05
8.385636135699e-06
4.573312139655e-06
7.313073524529e-07
3.138994372875e-06
7.038445971830e-06
1.096729204164e-05
1.492295780281e-05
1.889972793379e-05
1.707275447416e-05
1.306125511746e-05
9.045760634763e-06
5.028102805227e-06
1.010213452446e-06
3.003609890584e-06
7.005869065324e-06
1.098687806689e-05
1.493739898706e-05
1.885123066359e-05
1.608467130154e-05
1.223255810601e-05
8.412967133609e-06
4.622417463906e-06
8.592106155447e-07
2.876983330680e-06
6.586762765437e-06
1.027265091125e-05
1.393975207975e-05
1.759478971053e-05
1.530375953962e-05
1.164389124142e-05
7.984838759967e-06
4.326372732066e-06
6.666850254078e-07
2.999378750701e-06
6.679979321689e-06
1.038357703464e-05
1.411531832218e-05
1.787480368876e-05
1.621931085083e-05
1.240907909050e-05
8.588919570229e-06
4.760059937325e-06
9.209116456077e-07
2.929183551714e-06
6.786577955609e-06
1.064222044533e-05
1.448429122775e-05
1.830254859669e-05
1.585644480429e-05
1.208413345921e-05
8.341439581727e-06
4.631742172023e-06
9.644421083976e-07
2.646966152042e-06
6.190240981141e-06
9.659679676588e-06
1.305807603558e-05
1.639368667838e-05
1.318112310855e-05
9.942394797235e-06
6.761416102563e-06
3.645775450423e-06
6.001165502312e-07
2.378008957749e-06
5.297871780385e-06
8.170929277185e-06
1.100539526533e-05
1.380344940571e-05
1.107590878746e-05
8.346023150807e-06
5.649750448811e-06
2.974314497806e-06
3.033249527107e-07
2.376993336384e-06
5.072672365714e-06
7.781418446484e-06
1.049663671893e-05
1.321371530594e-05
1.131084889039e-05
8.569306942263e-06
5.803323460896e-06
3.003225913289e-06
1.651318370932e-07
2.709401883294e-06
5.616868804736e-06
8.556123816561e-06
1.153040665258e-05
1.454599328099e-05
1.304838121996e-05
9.931355577919e-06
6.773356574286e-06
3.584202943330e-06
3.729443847078e-07
2.856631908799e-06
6.107495664764e-06
9.387164425334e-06
1.270283138410e-05
1.605665204352e-05
1.446503654279e-05
1.104571015276e-05
7.613241564286e-06
4.174445734861e-06
7.309012062251e-07
2.719187023104e-06
6.177021873555e-06
9.639893505664e-06
1.310089521667e-05
1.655194199657e-05
1.441617678211e-05
1.098379624409e-05
7.558091056126e-06
4.131343473546e-06
6.999451898082e-07
2.732790790105e-06
6.158379562748e-06
9.568193604537e-06
1.295880736052e-05
1.633443019955e-05
1.404395544569e-05
1.065876205075e-05
7.263545171554e-06
3.858290256176e-06
4.455026214600e-07
2.974469225592e-06
6.406470276943e-06
9.859597298600e-06
1.334274588771e-05
1.685977935040e-05
1.512340656973e-05
1.153988137048e-05
7.938880798974e-06
4.320985738104e-06
6.805041721236e-07
2.990940117797e-06
6.698931429128e-06
1.044278280915e-05
1.421603417384e-05
1.801063859830e-05
1.634669746409e-05
1.250614451465e-05
8.647167703657e-06
4.769450640651e-06
8.782704981058e-07
3.015635172687e-06
6.900184473579e-06
1.076719706816e-05
1.461544366066e-05
1.844935246709e-05
1.603869890232e-05
1.220692291781e-05
8.387342518290e-06
4.588857905219e-06
8.199678518395e-07
2.915012544236e-06
6.616568327900e-06
1.028702752137e-05
1.392624096752e-05
1.752907030550e-05
1.454266578094e-05
1.102718744050e-05
7.570312391181e-06
4.169215856109e-06
8.163129336936e-07
2.495995261143e-06
5.770456027676e-06
9.002999945551e-06
1.218469486730e-05
1.530636808411e-05
1.224784540454e-05
9.245631474641e-06
6.303102509264e-06
3.415170624521e-06
5.795297965960e-07
2.202994096479e-06
4.931215016768e-06
7.607593659031e-06
1.024092222224e-05
1.284548568492e-05
1.051915643302e-05
7.919437791770e-06
5.314439874837e-06
2.703727773223e-06
8.769001169640e-08
2.537846228279e-06
5.184918563828e-06
7.872062951719e-06
1.061952997361e-05
1.344364903844e-05
1.279116156638e-05
9.781106825812e-06
6.676994019017e-06
3.471898651242e-06
1.545607233311e-07
3.287322044798e-06
6.861532483526e-06
1.056750960515e-05
1.439672303150e-05
1.833752924085e-05
1.810745533248e-05
1.395115731384e-05
9.691477316665e-06
5.326712710030e-06
8.619053346592e-07
3.688935578339e-06
8.305834739986e-06
1.296900302350e-05
1.766417341287e-05
2.238354232986e-05
2.032405495811e-05
1.555986574431e-05
1.079742293086e-05
6.054069729089e-06
1.345843884337e-06
3.317765788324e-06
7.935480141441e-06
1.251109807754e-05
1.704777952227e-05
2.154400215204e-05
1.856268670508e-05
1.415196277321e-05
9.794004029118e-06
5.481270932250e-06
1.200561541737e-06
3.061678057747e-06
7.314491313082e-06
1.156157082960e-05
1.580455131034e-05
2.004789399734e-05
1.829380624940e-05
1.400266677365e-05
9.674245518454e-06
5.301543922087e-06
8.847857202454e-07
3.571494346488e-06
8.063860320817e-06
1.259363779127e-05
1.716660699458e-05
2.178881578629e-05
2.033143539393e-05
1.559898265668e-05
1.083354163711e-05
6.047200940884e-06
1.248146247690e-06
3.560388165624e-06
8.377291749184e-06
1.319885433304e-05
1.801576695470e-05
2.281374861468e-05
2.013378986021e-05
1.539780771509e-05
1.070975741868e-05
6.067011099731e-06
1.465218133490e-06
3.097042167610e-06
7.616254265486e-06
1.208507592310e-05
1.649618201327e-05
2.084578989070e-05
1.781942904699e-05
1.357256536494e-05
9.378662014115e-06
5.237176537776e-06
1.151297738033e-06
2.874439928746e-06
6.837610442290e-06
1.074062026873e-05
1.459046410446e-05
1.839578192175e-05
1.555513887297e-05
1.181634769409e-05
8.124670216603e-06
4.491578351917e-06
9.277993626711e-07
2.560747361713e-06
5.973937902581e-06
9.315227373463e-06
1.258752610056e-05
1.579015503239e-05
1.240888184384e-05
9.349901688438e-06
6.371422443863e-06
3.469424711966e-06
6.359713893289e-07
2.136172042810e-06
4.849084689340e-06
7.498356751512e-06
1.007629538208e-05
1.257788574094e-05
9.307592733876e-06
6.934233738320e-06
4.606204413449e-06
2.308205921508e-06
3.103133394688e-08
2.228080347777e-06
4.469329724088e-06
6.695397928524e-06
8.913813815070e-06
1.113490793614e-05
8.980157815586e-06
6.729732319855e-06
4.472214186535e-06
2.215306665221e-06
3.674722393043e-08
2.286891856329e-06
4.543937961898e-06
6.817134419634e-06
9.110122562106e-06
1.141836185070e-05
9.425718360490e-06
7.112457069525e-06
4.810763584828e-06
2.521012334000e-06
2.414059281364e-07
2.027227878898e-06
4.279043764654e-06
6.504972304811e-06
8.697794385171e-06
1.085681753921e-05
8.358225386473e-06
6.236543526938e-06
4.121692995795e-06
2.010281775711e-06
9.521829724690e-08
2.190517193412e-06
4.274669208826e-06
6.352936964049e-06
8.435622874003e-06
1.053397795658e-05
8.593118877798e-06
6.437402817028e-06
4.252807229932e-06
2.036454873178e-06
2.189090082538e-07
2.524469834952e-06
4.892218100849e-06
7.330622679547e-06
9.842227029822e-06
1.242405107860e-05
1.143005493986e-05
8.714488387795e-06
5.936974332599e-06
3.093154475664e-06
1.771245479176e-07
2.815544178247e-06
5.885785583359e-06
9.031010336003e-06
1.224706034009e-05
1.553058723403e-05
1.466199375955e-05
1.123415489701e-05
7.735771816897e-06
4.167008341938e-06
5.319908495949e-07
3.161694849041e-06
6.906004728080e-06
1.069621714578e-05
1.453356156844e-05
1.842459442969e-05
1.719904901165e-05
1.316862579870e-05
9.073889430056e-06
4.923400013013e-06
7.280862632797e-07
3.503952996198e-06
7.770456306844e-06
1.207362691957e-05
1.641558077381e-05
2.079353265572e-05
1.890352592682e-05
1.447169137236e-05
1.003515171760e-05
5.596645337391e-06
1.151955586920e-06
3.304875235699e-06
7.774838820751e-06
1.224967894586e-05
1.671356687893e-05
2.114934858355e-05
1.847114452858e-05
1.410391718082e-05
9.772864700608e-06
5.471863346429e-06
1.199636812999e-06
3.038963598101e-06
7.236647491027e-06
1.138953598456e-05
1.550078013679e-05
1.957926423302e-05
1.696075725022e-05
1.291538848136e-05
8.893973870272e-06
4.904715694920e-06
9.539507459522e-07
2.959067387565e-06
6.843048197425e-06
1.071053242185e-05
1.457217803136e-05
1.843278170099e-05
1.633793044675e-05
1.247421363360e-05
8.615897741038e-06
4.760267927395e-06
9.031715535457e-07
2.957387721381e-06
6.818859276336e-06
1.067506644858e-05
1.451963260024e-05
1.834990871430e-05
1.605836968110e-05
1.223607870315e-05
8.413927332640e-06
4.590020125761e-06
7.671053481317e-07
3.049059955629e-06
6.852544515823e-06
1.063945370561e-05
1.440801412400e-05
1.815734123056e-05
1.544294485711e-05
1.172770339508e-05
8.038396515531e-06
4.376132096695e-06
7.398079446830e-07
2.873522646496e-06
6.466734419064e-06
1.004087192769e-05
1.359380541999e-05
1.712042256941e-05
1.436506630625e-05
1.090153693895e-05
7.483858098567e-06
4.115241779346e-06
7.965163035806e-07
2.473087818089e-06
5.694503613540e-06
8.867653207290e-06
1.199082521453e-05
1.506104774762e-05
1.211165488257e-05
9.145430226454e-06
6.238538730940e-06
3.391517452656e-06
6.056176289349e-07
2.116508824201e-06
4.771752230681e-06
7.358947186731e-06
9.881249980026e-06
1.234701193198e-05
9.485806344856e-06
7.087819142271e-06
4.713966575309e-06
2.360539269830e-06
2.705178303586e-08
2.287256506861e-06
4.586594343436e-06
6.879484317324e-06
9.176659318655e-06
1.148783212557e-05
9.532515264254e-06
7.169209084168e-06
4.779481230344e-06
2.357766845762e-06
1.051818685482e-07
2.620207396831e-06
5.195838355121e-06
7.834620248559e-06
1.053232750792e-05
1.328036324821e-05
1.186198971936e-05
9.027804424022e-06
6.158029123071e-06
3.250823510825e-06
3.050249119951e-07
2.677314910216e-06
5.690573345873e-06
8.727321016977e-06
1.178063507723e-05
1.484556355535e-05
1.285037694743e-05
9.764032995463e-06
6.679529690246e-06
3.606265750022e-06
5.556268547480e-07
2.461632732320e-06
5.438222899556e-06
8.371774981697e-06
1.126436694676e-05
1.411996822753e-05
1.130863836352e-05
8.513786951880e-06
5.758321435678e-06
3.048791882065e-06
3.910516852557e-07
2.211936191543e-06
4.760358820022e-06
7.256118635723e-06
9.700483190045e-06
1.209284022252e-05
8.987332080324e-06
6.695046920413e-06
4.452240034425e-06
2.250140198612e-06
7.775395260978e-08
2.073889220355e-06
4.208390976146e-06
6.323836430511e-06
8.416036564540e-06
1.048344211085e-05
7.971963384534e-06
5.927606935074e-06
3.880324982219e-06
1.819839781092e-06
2.596459012238e-07
2.360948485602e-06
4.488103797939e-06
6.649504257439e-06
8.857558441377e-06
1.112439531425e-05
9.898287203214e-06
7.494555006815e-06
5.033732975335e-06
2.522477132061e-06
3.859412345264e-08
2.656273409229e-06
5.340719212654e-06
8.098666796741e-06
1.092841512218e-05
1.382023134511e-05
1.268897023010e-05
9.698083772491e-06
6.668265086773e-06
3.597590762183e-06
4.867459324487e-07
2.655445712207e-06
5.811951723445e-06
8.963237178250e-06
1.209533769497e-05
1.520471221284e-05
1.266371816655e-05
9.572964927429e-06
6.492197258012e-06
3.429993114423e-06
4.004351126241e-07
2.584938613381e-06
5.523859840650e-06
8.424466784618e-06
1.129993108862e-05
1.416051566139e-05
1.151473088612e-05
8.674150706156e-06
5.855588995018e-06
3.056885475416e-06
2.658613311723e-07
2.536377962770e-06
5.368013830775e-06
8.239734086146e-06
1.115290211828e-05
1.410351740105e-05
1.281026931110e-05
9.776116826288e-06
6.693028012705e-06
3.548718837010e-06
3.350551196490e-07
2.948281803583e-06
6.294624483871e-06
9.694948062133e-06
1.314296503097e-05
1.663776214400e-05
1.531094636675e-05
1.170278136442e-05
8.043678462855e-06
4.341440558164e-06
6.082340746616e-07
3.143371316128e-06
6.904374004080e-06
1.067115624664e-05
1.444446684218e-05
1.822614393632e-05
1.593049603343e-05
1.212555463326e-05
8.323899294282e-06
4.532615207609e-06
7.555696015515e-07
3.007993939264e-06
6.762362147583e-06
1.051238473337e-05
1.426014114259e-05
1.800367795113e-05
1.565939476222e-05
1.192554304907e-05
8.203510844851e-06
4.487987496304e-06
7.715331094005e-07
2.951028022835e-06
6.678963643481e-06
1.040533425112e-05
1.412005406110e-05
1.781461168093e-05
1.526806335050e-05
1.161016041351e-05
7.974747120443e-06
4.363853747691e-06
7.844623155506e-07
2.753358046448e-06
6.240816844638e-06
9.673667420884e-06
1.305231808146e-05
1.637827278955e-05
1.310496480755e-05
9.886288069083e-06
6.741042682279e-06
3.679009239477e-06
7.036767328827e-07
2.189212693793e-06
5.008671223550e-06
7.763141695705e-06
1.045657563736e-05
1.308853836690e-05
1.007228974004e-05
7.553995828857e-06
5.085478562705e-06
2.653953572462e-06
2.485264758434e-07
2.135553188509e-06
4.496876385929e-06
6.832189626493e-06
9.142364831405e-06
1.143592703556e-05
9.221115590208e-06
6.909197963978e-06
4.575369814575e-06
2.218936117515e-06
1.549358330521e-07
2.540858417888e-06
4.938409574606e-06
7.352972147601e-06
9.792088917493e-06
1.225987489306e-05
1.021751171493e-05
7.699079276335e-06
5.174420664389e-06
2.648867450716e-06
1.198532117996e-07
2.421281919851e-06
4.983824226201e-06
7.571937089779e-06
1.018223980509e-05
1.280605181364e-05
1.089088686967e-05
8.252007489773e-06
5.608576316263e-06
2.952841327897e-06
2.775512939479e-07
2.419680811272e-06
5.135437788795e-06
7.863366931815e-06
1.059914859525e-05
1.334433198963e-05
1.155672214281e-05
8.758004241827e-06
5.925118159666e-06
3.058398192479e-06
1.658324322307e-07
2.740839420312e-06
5.651805395246e-06
8.563574624532e-06
1.147906004917e-05
1.440375558559e-05
1.206346547633e-05
9.110500911902e-06
6.160612144868e-06
3.225821728847e-06
3.143816229567e-07
2.572063351636e-06
5.436787603230e-06
8.282724309083e-06
1.110703277618e-05
1.389951364672e-05
1.085158112346e-05
8.155868670201e-06
5.523752179215e-06
2.951777560156e-06
4.321640858507e-07
2.040891786237e-06
4.466641314593e-06
6.837989928954e-06
9.145890373929e-06
1.138499482067e-05
8.186888123873e-06
6.070484971588e-06
4.009552299067e-06
2.002243888910e-06
5.191895979806e-08
1.836242233821e-06
3.660253355520e-06
5.424517610209e-06
7.138839578147e-06
8.814086982056e-06
6.000237476655e-06
4.382186148177e-06
2.797520380682e-06
1.248011130883e-06
2.690498490665e-07
1.761408952916e-06
3.239074715111e-06
4.710566599897e-06
6.181117953474e-06
7.653924228634e-06
5.689608144621e-06
4.189015157863e-06
2.661546545824e-06
1.094883089081e-06
5.198525059313e-07
2.186027245443e-06
3.902819287305e-06
5.668926689850e-06
7.486012520985e-06
9.359887656046e-06
8.120743700601e-06
6.103177327077e-06
4.011361852463e-06
1.846350016876e-06
3.891799451594e-07
2.693519434160e-06
5.066876667570e-06
7.510002888012e-06
1.002144506401e-05
1.259548884036e-05
1.108846674924e-05
8.410409122916e-06
5.700725353108e-06
2.965123655940e-06
2.050051648439e-07
2.580699629107e-06
5.393019648636e-06
8.231141691795e-06
1.109214520056e-05
1.397204152909e-05
1.213640354081e-05
9.215865077294e-06
6.280838874773e-06
3.329074957037e-06
3.573234721443e-07
2.637961813434e-06
5.660641136274e-06
8.715437161300e-06
1.180861522698e-05
1.494879194297e-05
1.388149127024e-05
1.060341946868e-05
7.246204063449e-06
3.803019808402e-06
2.714883748922e-07
3.347100175688e-06
7.049951705085e-06
1.083535909174e-05
1.470421392469e-05
1.865948735258e-05
1.779045072681e-05
1.364539099313e-05
9.416033776688e-06
5.110924348628e-06
7.403635891023e-07
3.685799526920e-06
8.158996706698e-06
1.267093449542e-05
1.721151051015e-05
2.176742043503e-05
1.928043366206e-05
1.473028521559e-05
1.021106425014e-05
5.731780674978e-06
1.296969344367e-06
3.091054225024e-06
7.429497657085e-06
1.171320928961e-05
1.593490395635e-05
2.008706360357e-05
1.665363106440e-05
1.264275277890e-05
8.707192421298e-06
4.842802695748e-06
1.044588543664e-06
2.692193902476e-06
6.372004008881e-06
9.999728888488e-06
1.358152076136e-05
1.712516547059e-05
1.454514415400e-05
1.104247485273e-05
7.554465412341e-06
4.077715857420e-06
6.116295594438e-07
2.842912124379e-06
6.285527831551e-06
9.717823672872e-06
1.314369029615e-05
1.656800844785e-05
1.431171142485e-05
1.087218743123e-05
7.430174207457e-06
3.988358685092e-06
5.491650085787e-07
2.886338165808e-06
6.318036298580e-06
9.745359818680e-06
1.316615856695e-05
1.657688193291e-05
1.404222120982e-05
1.064856633093e-05
7.263838767813e-06
3.880377278165e-06
4.896712653135e-07
2.915081722676e-06
6.337951560909e-06
9.781522805952e-06
1.324903291788e-05
1.674568665067e-05
1.508976379228e-05
1.150666219019e-05
7.881076896865e-06
4.214332818719e-06
5.080993332740e-07
3.239259172005e-06
7.034247687443e-06
1.088641857905e-05
1.480364420559e-05
1.878748923900e-05
1.766590429497e-05
1.355941498105e-05
9.413323880381e-06
5.233212391431e-06
1.020213005631e-06
3.224881254482e-06
7.496625869408e-06
1.178305200256e-05
1.606881914995e-05
2.034159513187e-05
1.801767376719e-05
1.376097827688e-05
9.507881202353e-06
5.254079269434e-06
1.004495231882e-06
3.228002753985e-06
7.429225661326e-06
1.159167123888e-05
1.571845552917e-05
1.982076082641e-05
1.704198405150e-05
1.294629470294e-05
8.858540525125e-06
4.784019211002e-06
7.245712936310e-07
3.326242278945e-06
7.382421472357e-06
1.145938148284e-05
1.556670065384e-05
1.970420083808e-05
1.778571197519e-05
1.360121689231e-05
9.408478433670e-06
5.204754586430e-06
9.828507359089e-07
3.263115388563e-06
7.532804886523e-06
1.181865087574e-05
1.610896737247e-05
2.039274494336e-05
1.809091492078e-05
1.382461675803e-05
9.574434329807e-06
5.342375743567e-06
1.134236413236e-06
3.040871717985e-06
7.172614175488e-06
1.125230937760e-05
1.527475916419e-05
1.923848986962e-05
1.595968558377e-05
1.209918644918e-05
8.292425889067e-06
4.539055737496e-06
8.396338557759e-07
2.806024951951e-06
6.400580900845e-06
9.950522382951e-06
1.346564238247e-05
1.695692373005e-05
1.437105419200e-05
1.089500415219e-05
7.425853937093e-06
3.962253117606e-06
5.002905254514e-07
2.968416481508e-06
6.455685422679e-06
9.973424766940e-06
1.352991807835e-05
1.712833358170e-05
1.567373504940e-05
1.198243779754e-05
8.245816957242e-06
4.457081843157e-06
6.089322255320e-07
3.302394475213e-06
7.275189489064e-06
1.130353888357e-05
1.538123814271e-05
1.950538336359e-05
1.808932438507e-05
1.385561330380e-05
9.570027202699e-06
5.235849414476e-06
8.597696137258e-07
3.551490067366e-06
7.994435406999e-06
1.246923727649e-05
1.697708961501e-05
2.151632560299e-05
1.961192134559e-05
1.502131681264e-05
1.042578674060e-05
5.830859095113e-06
1.237284038780e-06
3.356065064963e-06
7.948061238494e-06
1.253308408877e-05
1.710248642439e-05
2.164893777490e-05
1.909412867462e-05
1.458324641135e-05
1.008948601111e-05
5.611343055989e-06
1.153746609361e-06
3.273559002537e-06
7.661213373922e-06
1.200587433914e-05
1.631207464925e-05
2.058950275341e-05
1.777800326863e-05
1.352523224796e-05
9.289849117522e-06
5.075053365999e-06
8.807103313302e-07
3.299368927401e-06
7.475549068658e-06
1.165758482102e-05
1.584983198200e-05
2.005029801921e-05
1.782654720728e-05
1.361329384508e-05
9.398989163856e-06
5.176308206956e-06
9.360472290609e-07
3.327958665977e-06
7.615768595315e-06
1.192185555965e-05
1.623790518579e-05
2.055642107734e-05
1.833871186818e-05
1.401636978926e-05
9.702209581519e-06
5.400951181400e-06
1.119665910210e-06
3.133152631563e-06
7.349271186285e-06
1.152219721234e-05
1.564750209582e-05
1.972240897885e-05
1.652455449630e-05
1.254744171320e-05
8.630765535145e-06
4.780212350397e-06
1.001465022910e-06
2.701750531742e-06
6.329431471386e-06
9.886023235595e-06
1.337933844070e-05
1.681819179566e-05
1.374929718168e-05
1.039053512386e-05
7.070567562550e-06
3.784774321502e-06
5.253555741547e-07
2.718758310039e-06
5.959890415852e-06
9.208566041252e-06
1.247212566113e-05
1.575552363420e-05
1.406665893455e-05
1.071404153663e-05
7.314746937936e-06
3.855664147068e-06
3.267973625043e-07
3.276330971858e-06
6.953667821108e-06
1.070431795824e-05
1.453035179111e-05
1.843779182309e-05
1.757966725791e-05
1.347835052457e-05
9.284434554502e-06
5.003047078844e-06
6.392210707418e-07
3.806377094406e-06
8.338437623934e-06
1.296352263580e-05
1.768452108308e-05
2.249711741342e-05
2.161291166658e-05
1.663329243229e-05
1.158713507721e-05
6.471405811226e-06
1.279244202124e-06
3.992999495495e-06
9.340435212835e-06
1.475011237062e-05
2.020710451234e-05
2.570213172248e-05
2.416600887045e-05
1.857265255012e-05
1.293071437658e-05
7.244870801060e-06
1.530206304778e-06
4.193512211259e-06
9.910694132031e-06
1.561582496379e-05
2.131215177315e-05
2.700417235246e-05
2.422846716854e-05
1.854849693927e-05
1.291012500815e-05
7.331736696869e-06
1.821767796173e-06
3.622517056101e-06
9.009078780764e-06
1.434219660723e-05
1.961680015938e-05
2.481966288315e-05
2.129685304908e-05
1.625821312246e-05
1.130893383561e-05
6.438102104767e-06
1.634882210055e-06
3.105108191903e-06
7.778814904214e-06
1.238039260443e-05
1.690794533715e-05
2.136768000582e-05
1.833629994508e-05
1.395832344997e-05
9.610217773570e-06
5.288321801800e-06
9.933833666764e-07
3.274330197200e-06
7.519058726757e-06
1.175004922516e-05
1.597884880766e-05
2.021522811901e-05
1.809059091329e-05
1.381216907248e-05
9.516500256268e-06
5.200245823289e-06
8.574795629102e-07
3.518759683629e-06
7.934460029446e-06
1.239329634473e-05
1.689710705932e-05
2.144748117416e-05
2.001359069936e-05
1.534560522032e-05
1.061784644207e-05
5.825198286402e-06
9.639511517889e-07
3.968187968439e-06
8.972889304459e-06
1.405192676884e-05
1.920741749473e-05
2.444139397539e-05
2.345402128867e-05
1.804428063679e-05
1.255581997839e-05
6.990442727783e-06
1.350010052192e-06
4.363881203062e-06
1.014968233903e-05
1.600529600410e-05
2.192708495841e-05
2.790922536633e-05
2.648174796605e-05
2.038651570047e-05
1.425948266842e-05
8.109882514873e-06
1.945050144059e-06
4.229159628721e-06
1.040678233721e-05
1.658018231865e-05
2.273945426623e-05
2.887359215720e-05
2.609950308852e-05
2.002406580459e-05
1.399447018002e-05
8.012415491976e-06
2.080502952140e-06
3.796002658873e-06
9.609560493118e-06
1.535310713052e-05
2.102330529397e-05
2.662247192120e-05
2.326205816416e-05
1.776808704790e-05
1.232642807736e-05
6.936824036075e-06
1.601938549811e-06
3.676204130443e-06
8.899497970560e-06
1.407447416568e-05
1.921012926687e-05
2.431416561421e-05
2.143277350797e-05
1.637114053210e-05
1.134080275733e-05
6.342699009565e-06
1.374042653879e-06
3.571115371415e-06
8.499480316004e-06
1.341543071476e-05
1.831940460306e-05
2.320838439118e-05
2.067956876317e-05
1.581825591757e-05
1.097908221936e-05
6.159025076613e-06
1.353397010462e-06
3.442250999797e-06
8.230692060351e-06
1.301266041764e-05
1.778748895731e-05
2.255477261315e-05
2.036038347342e-05
1.558659721468e-05
1.080838939060e-05
6.019469537932e-06
1.216003568061e-06
3.601815080856e-06
8.430498553480e-06
1.326602091467e-05
1.810726593021e-05
2.295792063478e-05
2.092121110309e-05
1.601349958946e-05
1.107936418521e-05
6.123263290192e-06
1.155241477591e-06
3.813483260728e-06
8.774961429481e-06
1.372636432961e-05
1.866796236527e-05
2.359861912282e-05
2.070096155649e-05
1.579813857688e-05
1.093601099456e-05
6.123086109255e-06
1.360932344596e-06
3.354710941039e-06
8.029139053178e-06
1.266336442995e-05
1.725185035184e-05
2.178474011316e-05
1.849913076057e-05
1.408275790027e-05
9.728486645599e-06
5.425643735180e-06
1.162617138561e-06
3.069314743698e-06
7.275541065610e-06
1.146023532783e-05
1.562947215916e-05
1.979252670026e-05
1.777759968036e-05
1.358198358048e-05
9.366140545808e-06
5.128648126629e-06
8.704996048436e-07
3.407827648516e-06
7.708055818512e-06
1.203398426242e-05
1.638945548166e-05
2.077613692109e-05
1.902626951278e-05
1.457269320326e-05
1.010244517374e-05
5.624814946259e-06
1.150427976881e-06
3.308893269605e-06
7.740559055947e-06
1.213203705674e-05
1.647184296871e-05
2.075006386804e-05
1.717255406675e-05
1.303131296027e-05
8.976456172149e-06
5.015797171382e-06
1.156376356448e-06
2.596237891339e-06
6.238059256702e-06
9.766469531769e-06
1.317973340065e-05
1.647715976105e-05
1.220328852014e-05
9.123875884143e-06
6.149444175207e-06
3.271676916938e-06
4.816611181013e-07
2.229157871625e-06
4.868919006640e-06
7.446069901107e-06
9.970126711778e-06
1.245137553951e-05
9.613215524951e-06
7.183258560417e-06
4.772080615112e-06
2.374710504682e-06
1.455407527828e-08
2.403138637419e-06
4.799283146895e-06
7.209543127829e-06
9.636370293720e-06
1.207767871847e-05
1.001285352231e-05
7.547950474418e-06
5.075326384940e-06
2.591091060822e-06
9.165864867100e-08
2.422253544410e-06
4.944048669131e-06
7.463428630672e-06
9.971422798571e-06
1.246466723615e-05
9.899291171678e-06
7.416460562126e-06
4.935927734095e-06
2.460150426487e-06
3.282423222117e-09
2.446426321967e-06
4.866324445629e-06
7.267113119269e-06
9.657408384101e-06
1.204441616665e-05
9.452186759518e-06
7.067899673530e-06
4.700212969055e-06
2.353784793740e-06
2.537910859246e-08
2.295308092926e-06
4.620533900379e-06
6.958191249851e-06
9.308642347605e-06
1.166625980886e-05
9.596628274267e-06
7.231648339712e-06
4.865163759860e-06
2.490442739145e-06
1.017900217448e-07
2.302297446022e-06
4.719302978629e-06
7.146101722810e-06
9.583117105194e-06
1.203627198265e-05
1.032088374586e-05
7.795304213687e-06
5.226281530213e-06
2.612666037294e-06
4.264757080819e-08
2.736061674113e-06
5.466592426728e-06
8.237257816290e-06
1.105410808577e-05
1.392371001430e-05
1.246376297104e-05
9.466832068483e-06
6.409384354811e-06
3.291102132152e-06
1.107465550376e-07
3.133674226774e-06
6.443409347412e-06
9.816932561080e-06
1.324880611264e-05
1.673019801274e-05
1.499854090525e-05
1.143729826936e-05
7.850881729610e-06
4.241765623192e-06
6.115321866673e-07
3.036432758563e-06
6.695453066641e-06
1.035628417867e-05
1.400969239285e-05
1.764909001167e-05
1.499189613696e-05
1.137890427572e-05
7.787830725192e-06
4.225408645198e-06
7.012708351795e-07
2.775698305868e-06
6.201703797615e-06
9.579844174823e-06
1.291823247129e-05
1.622496898790e-05
1.331968098839e-05
1.006303097029e-05
6.842061736734e-06
3.658625360003e-06
5.077229161543e-07
2.621331077535e-06
5.739508424085e-06
8.851720679104e-06
1.195444713176e-05
1.503896538679e-05
1.253600606788e-05
9.490677882695e-06
6.457451149799e-06
3.421796122893e-06
3.740202032532e-07
2.685151002879e-06
5.745787632350e-06
8.795875885426e-06
1.182972812330e-05
1.485167894089e-05
1.237632221773e-05
9.337957919797e-06
6.290771636941e-06
3.244044194162e-06
2.108101284648e-07
2.801143239139e-06
5.795127776764e-06
8.784101851234e-06
1.178294621695e-05
1.479944194216e-05
1.252231993476e-05
9.478175911681e-06
6.441959328640e-06
3.416848699089e-06
3.961926040574e-07
2.631728875713e-06
5.676005287114e-06
8.737333871522e-06
1.180820447644e-05
1.487806821387e-05
1.272669487662e-05
9.662094555551e-06
6.601382324334e-06
3.541049750311e-06
4.838414611186e-07
2.559866970842e-06
5.575163072535e-06
8.548093205718e-06
1.146981412603e-05
1.433731864608e-05
1.102472305092e-05
8.256889373115e-06
5.549084789891e-06
2.909633792569e-06
3.482109605102e-07
2.127051288880e-06
4.511295514931e-06
6.803058738569e-06
9.002895410504e-06
1.111199998149e-05
7.097593027083e-06
5.158934186511e-06
3.306649773549e-06
1.535995011182e-06
1.609458877283e-07
1.795011655759e-06
3.378598592008e-06
4.923619144392e-06
6.439860044338e-06
7.934428481349e-06
5.404956823440e-06
3.928970215838e-06
2.453782485645e-06
9.674768080004e-07
5.430233045445e-07
2.089215627166e-06
3.678835241772e-06
5.316033650615e-06
7.003493863067e-06
8.744946853767e-06
7.495401916913e-06
5.621968170999e-06
3.680770419123e-06
1.675037651694e-06
3.870250111504e-07
2.495840817573e-06
4.645008232274e-06
6.833553698016e-06
9.064029143246e-06
1.133787583285e-05
9.509443884781e-06
7.160522329741e-06
4.796047221589e-06
2.426255264254e-06
5.475817488332e-08
2.320505643638e-06
4.702183048266e-06
7.088120639764e-06
9.469405426898e-06
1.183399166393e-05
9.248378262328e-06
6.927946742508e-06
4.625379972367e-06
2.330227687253e-06
3.695356554090e-08
2.250929924230e-06
4.522858660039e-06
6.768063940399e-06
8.982559620563e-06
1.117153055930e-05
8.423881752151e-06
6.249420664517e-06
4.080754820279e-06
1.925406593273e-06
2.059444454972e-07
2.306222313564e-06
4.375754997454e-06
6.420594843348e-06
8.446555625596e-06
1.045328463078e-05
7.389760412480e-06
5.443924180781e-06
3.550479107162e-06
1.714622840154e-06
6.567108812305e-08
1.796052458758e-06
3.480503607989e-06
5.117839293689e-06
6.701753932248e-06
8.223911549976e-06
4.893707682641e-06
3.503221080337e-06
2.183102992603e-06
9.315939450971e-07
2.519454369576e-07
1.366184619656e-06
2.408468503745e-06
3.376406368716e-06
4.269336955076e-06
5.089114722523e-06
1.700289089968e-06
1.005640740459e-06
3.689524987749e-07
2.133725729436e-07
7.419604344250e-07
1.214667008753e-06
1.628099028039e-06
1.980438071314e-06
2.273560482990e-06
2.513444826491e-06
7.264518444572e-07
8.912701332520e-07
1.023383447318e-06
1.124477137182e-06
1.195847346480e-06
1.241401548668e-06
1.269097992918e-06
1.289401325266e-06
1.311558889938e-06
1.340267601790e-06
9.927566679835e-07
1.038600885295e-06
1.087385953724e-06
1.144086581917e-06
1.218979207351e-06
1.324274592207e-06
1.469792039188e-06
1.660639156853e-06
1.897949857721e-06
2.182013474794e-06
8.469344265905e-07
4.537489530776e-07
3.676916549011e-09
5.043036139796e-07
1.067096775387e-06
1.679061938376e-06
2.335346778182e-06
3.034563746951e-06
3.779002156534e-06
4.572413104142e-06
3.059179164211e-06
2.157677783998e-06
1.209888182530e-06
2.200020503551e-07
8.089887728602e-07
1.875296334219e-06
2.976752341510e-06
4.109460917334e-06
5.268054906082e-06
6.447731891512e-06
4.372153512122e-06
3.144758352391e-06
1.890101145818e-06
6.032034889358e-07
7.178547889453e-07
2.071576886920e-06
3.454730801877e-06
4.865205710303e-06
6.303375812422e-06
7.771379387123e-06
5.750439186158e-06
4.213773706851e-06
2.648388431226e-06
1.057010479144e-06
5.595737206932e-07
2.203080157415e-06
3.876270113778e-06
5.580164099683e-06
7.312343598187e-06
9.067020414477e-06
6.886329344979e-06
5.101249655581e-06
3.310532179057e-06
1.516439795068e-06
2.787510879898e-07
2.071886228805e-06
3.859466630729e-06
5.638906031891e-06
7.409251793433e-06
9.170389603241e-06
6.608927094476e-06
4.866302106166e-06
3.142310902149e-06
1.441551319203e-06
2.343843448216e-07
1.887870269002e-06
3.523708301145e-06
5.146195974248e-06
6.756958100596e-06
8.355275326721e-06
5.933818442827e-06
4.353957706371e-06
2.778490511446e-06
1.200138910917e-06
3.856200123664e-07
1.977928945962e-06
3.571408512926e-06
5.160180080566e-06
6.742336211119e-06
8.321782331677e-06
5.957797554856e-06
4.357379225439e-06
2.744364394403e-06
1.123134381942e-06
4.995278004571e-07
2.119067517015e-06
3.735784275705e-06
5.353684628062e-06
6.976392398883e-06
8.603348646830e-06
6.047104591289e-06
4.425859572166e-06
2.819095243467e-06
1.226662220688e-06
3.567546400518e-07
1.938399179835e-06
3.523560792473e-06
5.113873271512e-06
6.708517105380e-06
8.307035045618e-06
6.155978212519e-06
4.535814241535e-06
2.900591368871e-06
1.247490899914e-06
4.234757398081e-07
2.110674188316e-06
3.812926877345e-06
5.530976523005e-06
7.267224077623e-06
9.024547409808e-06
7.025580771369e-06
5.215510213930e-06
3.382619581771e-06
1.528202233203e-06
3.454254056123e-07
2.234090231923e-06
4.131231605697e-06
6.028577899997e-06
7.917893640297e-06
9.792867331271e-06
6.945054394691e-06
5.102356681164e-06
3.282170780494e-06
1.487665656441e-06
2.775706207103e-07
2.011225092247e-06
3.713358182722e-06
5.385751933318e-06
7.029590562979e-06
8.643250509976e-06
5.588831356818e-06
4.044645947943e-06
2.542293088936e-06
1.078143498034e-06
3.561138441910e-07
1.769806942775e-06
3.169574142703e-06
4.557987722364e-06
5.935821889125e-06
7.305717645067e-06
5.033860929871e-06
3.652315513136e-06
2.256273944568e-06
8.454969133709e-07
5.734137289437e-07
1.991316480598e-06
3.403042740047e-06
4.811243400127e-06
6.224849300906e-06
7.652679869352e-06
5.366488210257e-06
3.908116639195e-06
2.453771912769e-06
1.014080169170e-06
4.083047429049e-07
1.818370094497e-06
3.222660211577e-06
4.621508196578e-06
6.005680631915e-06
7.360229005826e-06
4.481623875563e-06
3.205531015738e-06
1.960905706255e-06
7.308477734114e-07
4.975556748832e-07
1.726604750729e-06
2.949083068415e-06
4.156068712291e-06
5.346164584807e-06
6.529561346724e-06
4.249143955803e-06
3.019806513294e-06
1.752391199261e-06
4.477120683077e-07
8.890745561985e-07
2.257076403112e-06
3.665052304314e-06
5.130174770329e-06
6.670698951439e-06
8.297943168145e-06
7.157154357174e-06
5.357313966670e-06
3.486701132260e-06
1.548761872527e-06
4.603839443007e-07
2.548718896378e-06
4.722480866803e-06
6.981842204823e-06
9.320482888597e-06
1.172904637770e-05
1.053608116308e-05
8.000162665667e-06
5.406042077993e-06
2.753107196440e-06
4.336885695011e-08
2.716993947161e-06
5.518283558104e-06
8.349694155640e-06
1.120204206018e-05
1.406961450812e-05
1.189069985230e-05
8.988376634989e-06
6.071649977457e-06
3.141820798191e-06
2.035371267084e-07
2.735596297043e-06
5.667019934208e-06
8.583833107423e-06
1.148234565562e-05
1.436166706981e-05
1.140680404887e-05
8.562362438624e-06
5.747508453169e-06
2.970910486511e-06
2.396264449089e-07
2.443936466534e-06
5.082247412247e-06
7.679483132961e-06
1.023683222456e-05
1.274946288277e-05
9.400740736965e-06
7.001674475760e-06
4.675629782014e-06
2.423548210118e-06
2.420458145025e-07
1.872100540368e-06
3.918319578133e-06
5.892259196116e-06
7.789323831275e-06
9.609294181701e-06
6.154425932436e-06
4.462042625164e-06
2.825260196460e-06
1.243717633770e-06
2.764830924207e-07
1.727594792555e-06
3.106233180006e-06
4.416738136115e-06
5.669258825947e-06
6.874192649775e-06
3.616362221237e-06
2.490016470347e-06
1.407908087003e-06
3.683909426400e-07
6.368305776050e-07
1.620165051008e-06
2.591895963633e-06
3.554664942840e-06
4.502793501615e-06
5.427543214864e-06
2.672925006664e-06
1.791754641545e-06
9.178064601656e-07
3.444949925324e-08
8.697808198121e-07
1.797767197331e-06
2.746585721525e-06
3.714313720593e-06
4.705318417564e-06
5.730647671953e-06
3.944425827740e-06
2.812166883359e-06
1.626640880659e-06
3.951826670345e-07
8.755495741752e-07
2.186082383560e-06
3.545997287802e-06
4.969790268206e-06
6.469411118815e-06
8.048424717799e-06
6.849293299638e-06
5.128128918841e-06
3.353930082994e-06
1.531217776574e-06
3.402494144211e-07
2.261475458454e-06
4.229925593791e-06
6.237857121505e-06
8.274343770154e-06
1.032961898773e-05
8.315843729179e-06
6.227328128716e-06
4.123076791984e-06
2.002453015848e-06
1.306217427555e-07
2.267630861752e-06
4.397897214403e-06
6.512374113754e-06
8.606497829078e-06
1.068094996981e-05
7.880597934218e-06
5.824093477713e-06
3.772309128180e-06
1.722661920667e-06
3.261485517214e-07
2.375822646172e-06
4.430097590102e-06
6.494908177501e-06
8.576968980378e-06
1.068129887472e-05
8.505033861184e-06
6.347471128265e-06
4.172018122972e-06
1.980921581435e-06
2.271309540447e-07
2.456560764585e-06
4.711992175999e-06
6.994391526405e-06
9.298836687321e-06
1.161521112181e-05
9.268804603835e-06
6.954295258765e-06
4.658536397528e-06
2.388146015164e-06
1.517898908787e-07
2.037706394731e-06
4.164188908362e-06
6.211964887370e-06
8.169943839675e-06
1.003335250971e-05
5.916747625179e-06
4.236210884301e-06
2.656983099314e-06
1.188903127058e-06
1.569218852637e-07
1.372974395508e-06
2.458508674863e-06
3.418523419896e-06
4.259975582954e-06
4.987636998521e-06
5.831135467815e-07
7.135258783819e-08
3.360552227605e-07
6.523520710289e-07
8.962610422714e-07
1.086862141619e-06
1.238024822214e-06
1.356134418984e-06
1.442485938696e-06
1.498710219039e-06
1.178922275358e-06
1.205698765716e-06
1.235771662778e-06
1.281414768073e-06
1.349319973087e-06
1.441525455448e-06
1.558908081734e-06
1.704912733658e-06
1.886253926386e-06
2.110349043960e-06
3.498109322209e-07
2.950412181235e-08
3.270215529483e-07
7.098708465492e-07
1.111774565743e-06
1.530687370632e-06
1.969207232833e-06
2.431733207686e-06
2.921348880136e-06
3.438320504756e-06
1.468607649713e-06
8.975524679045e-07
3.050133727811e-07
3.091276425948e-07
9.459577654525e-07
1.606628870832e-06
2.292012425187e-06
3.002721541634e-06
3.739697945093e-06
4.504783078119e-06
2.688441099963e-06
1.850403009485e-06
9.710017820908e-07
4.427209887581e-08
9.345453690912e-07
1.967529613012e-06
3.053209695736e-06
4.187343279227e-06
5.364838159494e-06
6.582283731404e-06
4.752500501581e-06
3.449483301665e-06
2.105558110088e-06
7.235221346491e-07
6.899215350131e-07
2.126119625245e-06
3.577538336685e-06
5.039920779382e-06
6.511807157494e-06
7.991596419288e-06
5.377222294101e-06
3.894944711647e-06
2.430782444662e-06
9.945476335815e-07
4.089653202755e-07
1.779950594027e-06
3.120294252312e-06
4.429447869825e-06
5.702338512492e-06
6.931189261650e-06
3.703611980654e-06
2.569762045823e-06
1.482243305873e-06
4.338842245488e-07
5.799833502351e-07
1.558795872825e-06
2.498002515949e-06
3.393676195174e-06
4.246911146311e-06
5.064973208846e-06
2.102301323248e-06
1.319247303400e-06
5.493097319231e-07
2.062645307888e-07
9.460042065257e-07
1.672935127317e-06
2.396154627604e-06
3.128121932150e-06
3.879395990225e-06
4.654675024085e-06
2.551723582656e-06
1.728842050852e-06
8.864540177456e-07
1.840783170337e-08
8.862211302585e-07
1.838566163315e-06
2.845246342531e-06
3.906894392003e-06
5.020174114634e-06
6.182124252518e-06
4.742477813124e-06
3.471994887150e-06
2.142102459857e-06
7.496241209992e-07
7.039459433145e-07
2.213019001829e-06
3.770601324504e-06
5.371190866299e-06
7.012313403720e-06
8.693866504927e-06
6.833214058588e-06
5.066063465620e-06
3.266099156463e-06
1.442356563075e-06
3.943978867937e-07
2.234095234144e-06
4.069722706390e-06
5.898423239614e-06
7.720768564923e-06
9.538251788399e-06
6.798807930863e-06
4.990430227281e-06
3.200499634204e-06
1.437116452507e-06
2.957621632049e-07
2.000684560244e-06
3.685245815177e-06
5.357652526072e-06
7.021716044164e-06
8.675148137627e-06
6.086996961585e-06
4.462103390779e-06
2.849879365385e-06
1.235971694769e-06
3.970213811044e-07
2.061485020022e-06
3.759279366022e-06
5.482690880854e-06
7.221653277156e-06
8.972502143934e-06
6.982087029428e-06
5.172473436232e-06
3.315402523185e-06
1.406940725701e-06
5.446927389130e-07
2.524228307266e-06
4.518994046521e-06
6.526111121730e-06
8.552365216019e-06
1.060664112629e-05
8.173565959169e-06
6.065399645649e-06
3.960870856190e-06
1.881640173451e-06
1.599159986654e-07
2.164044190067e-06
4.138761369177e-06
6.089904331930e-06
8.013153603770e-06
9.893168964936e-06
6.490018620298e-06
4.743174770283e-06
3.077036865307e-06
1.484776362304e-06
4.293912070352e-08
1.509376488684e-06
2.907967711963e-06
4.225654492984e-06
5.450743856272e-06
6.580383626442e-06
2.825190165368e-06
1.851029423960e-06
9.402030514138e-07
8.987501587399e-08
6.940185812709e-07
1.402134898854e-06
2.029282882177e-06
2.579139618319e-06
3.063467261200e-06
3.496251110846e-06
4.571961653710e-08
3.092700353591e-07
6.163152193039e-07
8.688859338690e-07
1.066638731118e-06
1.218299757966e-06
1.338816616681e-06
1.442357358883e-06
1.535981823508e-06
1.617609711957e-06
1.024045445774e-06
1.070231633093e-06
1.098699158320e-06
1.124535458530e-06
1.167005962088e-06
1.240613585196e-06
1.349167064291e-06
1.486600069711e-06
1.644628468966e-06
1.822108174565e-06
7.635679821760e-08
1.873495421023e-07
5.184965061744e-07
9.239166729458e-07
1.396435038714e-06
1.921242358094e-06
2.487581070909e-06
3.097836042798e-06
3.767489261008e-06
4.515222030932e-06
3.027091850072e-06
2.106913939315e-06
1.130501686930e-06
1.209846800521e-07
9.109253369388e-07
1.971639676412e-06
3.077150381614e-06
4.238271571921e-06
5.448851311485e-06
6.685587493394e-06
4.457225031729e-06
3.235409565150e-06
2.031685824022e-06
8.284937393910e-07
3.918221977983e-07
1.631523161905e-06
2.872395725717e-06
4.085226350981e-06
5.247294780020e-06
6.356013557252e-06
3.336781730923e-06
2.266773833526e-06
1.192853346765e-06
1.207606032949e-07
9.284157727052e-07
1.934367105605e-06
2.893434441376e-06
3.823133397418e-06
4.752053371249e-06
5.702170085442e-06
3.087538232194e-06
2.100798440097e-06
1.129365784891e-06
1.833162173170e-07
7.480225008294e-07
1.690491842510e-06
2.669267530564e-06
3.693761584600e-06
4.753476957831e-06
5.827290920024e-06
3.845613889553e-06
2.768852880308e-06
1.677099703556e-06
5.506278739631e-07
6.192440764607e-07
1.823207924190e-06
3.039114346848e-06
4.245408490533e-06
5.433591070414e-06
6.611121591504e-06
4.054404939779e-06
2.851237525192e-06
1.637574030156e-06
4.320006610214e-07
7.422797239087e-07
1.869422419531e-06
2.947400332687e-06
3.985131172612e-06
4.992838000817e-06
5.972362146167e-06
2.522978263642e-06
1.631186478335e-06
8.089979814940e-07
6.046047928976e-08
6.221060289135e-07
1.252471349744e-06
1.841539699399e-06
2.391011946656e-06
2.893382486491e-06
3.338154158428e-06
1.242420353265e-07
2.068055096061e-07
4.984815404896e-07
7.719003178863e-07
1.043891302288e-06
1.321698505308e-06
1.603752878054e-06
1.886296672637e-06
2.171421044750e-06
2.471773598245e-06
5.810544507767e-07
1.813678522922e-07
2.899545847868e-07
8.342275350515e-07
1.443730127448e-06
2.110929074206e-06
2.837401154920e-06
3.636747692326e-06
4.528875365395e-06
5.528963527013e-06
4.477261029479e-06
3.267997840339e-06
1.986522306652e-06
6.504995440082e-07
7.356904916378e-07
2.179951025028e-06
3.692307757319e-06
5.272511259591e-06
6.903635039635e-06
8.556705893170e-06
6.291055171914e-06
4.659321803047e-06
3.047551444979e-06
1.445025191060e-06
1.541143888062e-07
1.740305378917e-06
3.288741027063e-06
4.770267651111e-06
6.165873514874e-06
7.474838298549e-06
3.679169481074e-06
2.493375006907e-06
1.359757050068e-06
2.889643155868e-07
7.002327038208e-07
1.594756213308e-06
2.397620392003e-06
3.128007335818e-06
3.810740793142e-06
4.462617425816e-06
1.165154912997e-06
5.774566602668e-07
4.269435294191e-08
4.381414555610e-07
8.787224601292e-07
1.300912572333e-06
1.722973422602e-06
2.150608338525e-06
2.576984002189e-06
2.991052042489e-06
6.150331728350e-07
2.203486815233e-07
1.801001872082e-07
6.006921466906e-07
1.045770204655e-06
1.507418119218e-06
1.971112340016e-06
2.425201273581e-06
2.867820739993e-06
3.306807286663e-06
7.454985393451e-07
2.769447178252e-07
2.036084083556e-07
6.873292477394e-07
1.165461583241e-06
1.635608043671e-06
2.103631061345e-06
2.579996930763e-06
3.073332209169e-06
3.585486012980e-06
1.178257775791e-06
6.389539066731e-07
9.718036153572e-08
4.506644586399e-07
1.014565839341e-06
1.606055946013e-06
2.232310635009e-06
2.893148462135e-06
3.582453132367e-06
4.293201413930e-06
2.297919763805e-06
1.539707398024e-06
7.501812433475e-07
7.808637292328e-08
9.461230661145e-07
1.847064709182e-06
2.769356456156e-06
3.703072593453e-06
4.645153296678e-06
5.600144504569e-06
3.200144703897e-06
2.195284764639e-06
1.170721304788e-06
1.388509076605e-07
8.866710459188e-07
1.898662958411e-06
2.900512697579e-06
3.903223330326e-06
4.917292017126e-06
5.944483973508e-06
3.353305089604e-06
2.329424830805e-06
1.329197004907e-06
3.531616812325e-07
6.098981657487e-07
1.575517387664e-06
2.553186902787e-06
3.540227908161e-06
4.524064195266e-06
5.491567151239e-06
3.057116259697e-06
2.116333291724e-06
1.172146824047e-06
2.135287218152e-07
7.577219207633e-07
1.727040455535e-06
2.675668724805e-06
3.592145844777e-06
4.478813423248e-06
5.348814852368e-06
2.481603758042e-06
1.607772674106e-06
7.429610491272e-07
9.536319112158e-08
8.926095347306e-07
1.645218787871e-06
2.360545011015e-06
3.049217013995e-06
3.715558932527e-06
4.352963969723e-06
1.025380527153e-06
4.798097847925e-07
7.460755568900e-09
4.441394594323e-07
8.428941669081e-07
1.212563347508e-06
1.552888704737e-06
1.855740379142e-06
2.111674007210e-06
2.316692587101e-06
8.691984589859e-07
9.941114171852e-07
1.086135000605e-06
1.146151532794e-06
1.170225516489e-06
1.153948630872e-06
1.096735729789e-06
1.002926353522e-06
8.789992307356e-07
7.296349053831e-07
2.270182278608e-06
2.075732879803e-06
1.853598519119e-06
1.605731029031e-06
1.336749335223e-06
1.051312835898e-06
7.517047038164e-07
4.380129325909e-07
1.107440539272e-07
2.259308189423e-07
2.786722063775e-06
2.464387137024e-06
2.159841756111e-06
1.877043075638e-06
1.617003761112e-06
1.382012669637e-06
1.179330354262e-06
1.021264949941e-06
9.210648386215e-07
8.874984587237e-07
5.538940399674e-07
6.582683340639e-07
8.246414608948e-07
1.056565679391e-06
1.364447086871e-06
1.760908958204e-06
2.254001344681e-06
2.842993808372e-06
3.520096868215e-06
4.276545837456e-06
3.236064060275e-06
2.318886060948e-06
1.315129679824e-06
2.226114474979e-07
9.513632903690e-07
2.191045609834e-06
3.478898918274e-06
4.803260083008e-06
6.162011459310e-06
7.559534935808e-06
5.424072298865e-06
3.939349539905e-06
2.427450283449e-06
9.039018777912e-07
6.193072863425e-07
2.138264392215e-06
3.655670013814e-06
5.174946750230e-06
6.693572004224e-06
8.200854722418e-06
5.155638064025e-06
3.707258883878e-06
2.303746214238e-06
9.412092936145e-07
3.886772219630e-07
1.691784461855e-06
2.966632507651e-06
4.204456161006e-06
5.393655271746e-06
6.525458275064e-06
3.158096944844e-06
2.135704676220e-06
1.170104724224e-06
2.644429741849e-07
5.717939188798e-07
1.325629284565e-06
1.986221946026e-06
2.549696205278e-06
3.020426845524e-06
3.407501822039e-06
5.680913091055e-07
8.130319315569e-07
9.757839620761e-07
1.045210296979e-06
1.012575296500e-06
8.770290378379e-07
6.464729267464e-07
3.334177449688e-07
5.149689741302e-08
5.040034238846e-07
4.147511845076e-06
3.565434155917e-06
2.920792326222e-06
2.230957022675e-06
1.520092951068e-06
8.104181574708e-07
1.138478751272e-07
5.704159207198e-07
1.250002640063e-06
1.928829703957e-06
4.061798620114e-06
3.429707476243e-06
2.851920612557e-06
2.345720247376e-06
1.913751248139e-06
1.546445446365e-06
1.232364638781e-06
9.691324294181e-07
7.672139190618e-07
6.430533403545e-07
9.420687661077e-07
9.929102020578e-07
1.100324595882e-06
1.235908882791e-06
1.381207425766e-06
1.536075274089e-06
1.714385973628e-06
1.929897393893e-06
2.181773936627e-06
2.449798898851e-06
1.432400722479e-07
3.620418169703e-07
5.305900572239e-07
6.576669306924e-07
7.578960889987e-07
8.361348591279e-07
8.793260803941e-07
8.617865887572e-07
7.606395229232e-07
5.705049943572e-07
2.909544491558e-06
2.606953671602e-06
2.278947135892e-06
1.927123435053e-06
1.534382818136e-06
1.078144464373e-06
5.471974873217e-07
4.939528253090e-08
6.868976925034e-07
1.339800405731e-06
4.542027056686e-06
3.881853558596e-06
3.195562044311e-06
2.472408709764e-06
1.717928284961e-06
9.532337799101e-07
2.030999439739e-07
5.188165346226e-07
1.217846886448e-06
1.913955031796e-06
4.486346654176e-06
3.751485394332e-06
2.996897251251e-06
2.240981359591e-06
1.500043708802e-06
7.778556323501e-07
6.411852382371e-08
6.578507623090e-07
1.399890152243e-06
2.161747886475e-06
4.738540042126e-06
3.980005942594e-06
3.230331969917e-06
2.482222498656e-06
1.719831800528e-06
9.281787356485e-07
1.020901549964e-07
7.508280077673e-07
1.614725420040e-06
2.474380039530e-06
5.123246580752e-06
4.291203936191e-06
3.457513628291e-06
2.614997811179e-06
1.764443538832e-06
9.151586937151e-07
7.981537919477e-08
7.328607125601e-07
1.522695754375e-06
2.297003163676e-06
4.573141438868e-06
3.817901358616e-06
3.073371999562e-06
2.353195839078e-06
1.670670769727e-06
1.031191175116e-06
4.294888640288e-07
1.467795982535e-07
7.091136353665e-07
1.261288787191e-06
3.539085923876e-06
3.033720531675e-06
2.557676339165e-06
2.105825387844e-06
1.664264743795e-06
1.217403905684e-06
7.563913868580e-07
2.828371634678e-07
1.948266117324e-07
6.700226435896e-07
3.589255186398e-06
3.104735640136e-06
2.587423921341e-06
2.024044420068e-06
1.412765470832e-06
7.617780397595e-07
8.090603387245e-08
6.277009561018e-07
1.373386055548e-06
2.172432630232e-06
5.594711694812e-06
4.666079746585e-06
3.678370717353e-06
2.645913639299e-06
1.577528621510e-06
4.705773903879e-07
6.865748787277e-07
1.905398391955e-06
3.187976801655e-06
4.524056237187e-06
7.794534440109e-06
6.407078899429e-06
4.999462362321e-06
3.563313896393e-06
2.086838037485e-06
5.645180181091e-07
9.978213597606e-07
2.585948664091e-06
4.185833745396e-06
5.791703017621e-06
8.712781607301e-06
7.086042728588e-06
5.432550835849e-06
3.755202499178e-06
2.065520448014e-06
3.771223759941e-07
1.302079681409e-06
2.973710024889e-06
4.646456773116e-06
6.329274242489e-06
8.883944303761e-06
7.191264614903e-06
5.500176257556e-06
3.819525829840e-06
2.153262755655e-06
5.004075092074e-07
1.141587517850e-06
2.772621655822e-06
4.387823196339e-06
5.978937679174e-06
8.003923710476e-06
6.492170882666e-06
5.015756528337e-06
3.569540012904e-06
2.147331144897e-06
7.448189762727e-07
6.385674282683e-07
2.000022391258e-06
3.335135716043e-06
4.640383849619e-06
6.789383235173e-06
5.551939636916e-06
4.336851702647e-06
3.138061913432e-06
1.950737839707e-06
7.715863148405e-07
4.024771556033e-07
1.576520901381e-06
2.759082235571e-06
3.961177128531e-06
7.085319452926e-06
5.827390907598e-06
4.535802304417e-06
3.217093194507e-06
1.878410500922e-06
5.228359327702e-07
8.523969654561e-07
2.253513684991e-06
3.685081537697e-06
5.145938246187e-06
8.161696200659e-06
6.674797361939e-06
5.181523192732e-06
3.683202464799e-06
2.178493105021e-06
6.690953568977e-07
8.355427212337e-07
2.318344513697e-06
3.760082222470e-06
5.146957107627e-06
6.768338664642e-06
5.503198622137e-06
4.286550563393e-06
3.117769153960e-06
2.003817598961e-06
9.551743573866e-07
2.164387069570e-08
9.291930496147e-07
1.778196747182e-06
2.580868169844e-06
4.246474645697e-06
3.534895540724e-06
2.873617006571e-06
2.266156855057e-06
1.705414604203e-06
1.173509815544e-06
6.486379220405e-07
1.142580003943e-07
4.356552381068e-07
9.985106430577e-07
4.117514208701e-06
3.540939815139e-06
2.940082652003e-06
2.299685490925e-06
1.609161927263e-06
8.682326892995e-07
8.563591791244e-08
7.279534202098e-07
1.567886215526e-06
2.438764170165e-06
5.732110594181e-06
4.780015274264e-06
3.779947803650e-06
2.742648177900e-06
1.683216339643e-06
6.134615091469e-07
4.627359544429e-07
1.548415013986e-06
2.647951134804e-06
3.761332777685e-06
6.290654710028e-06
5.179758886698e-06
4.076598202118e-06
2.980545957598e-06
1.884429707388e-06
7.789685696480e-07
3.419249878789e-07
1.478500394114e-06
2.626810385209e-06
3.783279055369e-06
6.674130816009e-06
5.500276643033e-06
4.299703505239e-06
3.062101200157e-06
1.780673017038e-06
4.526550583250e-07
9.225496455656e-07
2.346234566630e-06
3.821844302365e-06
5.354266761515e-06
8.949309346917e-06
7.302841254386e-06
5.598429709153e-06
3.842280875688e-06
2.040587276042e-06
1.967640628209e-07
1.689514874670e-06
3.621049756930e-06
5.600192423572e-06
7.625911564446e-06
1.093699495414e-05
8.846370235460e-06
6.731895666690e-06
4.599139060701e-06
2.449711530517e-06
2.828871856764e-07
1.901254222503e-06
4.099636271349e-06
6.306672787559e-06
8.517498088167e-06
1.137670062690e-05
9.160612080450e-06
6.924335252734e-06
4.658329942231e-06
2.358888764320e-06
2.942897481262e-08
2.322775685570e-06
4.692568950304e-06
7.081490309702e-06
9.497684231974e-06
1.254782137039e-05
1.005957278721e-05
7.530308380410e-06
4.967259201294e-06
2.377178986990e-06
2.390787017248e-07
2.887253060635e-06
5.574741010150e-06
8.303505239837e-06
1.106563263420e-05
1.390859677031e-05
1.113836611921e-05
8.379273992887e-06
5.633269836380e-06
2.896601017710e-06
1.669826019679e-07
2.550873887230e-06
5.245087891126e-06
7.901952244538e-06
1.051261824614e-05
1.251516789580e-05
1.000475930368e-05
7.534312942425e-06
5.106594812787e-06
2.730213793711e-06
4.145043135395e-07
1.836873138927e-06
4.028786634080e-06
6.172144765060e-06
8.278120219529e-06
1.035404403638e-05
8.318430388954e-06
6.311604067832e-06
4.329466150921e-06
2.362955001445e-06
4.010573206870e-07
1.564276544741e-06
3.535413725331e-06
5.510851053714e-06
7.490399411836e-06
1.036718504110e-05
8.367935720344e-06
6.336436229049e-06
4.266160942734e-06
2.158458642043e-06
1.964804141608e-08
2.145034727619e-06
4.335942833222e-06
6.558123175182e-06
8.815531543860e-06
1.174202407128e-05
9.443538942833e-06
7.140927777982e-06
4.844871739351e-06
2.555583023423e-06
2.643615744091e-07
2.038441436980e-06
4.354702639375e-06
6.675527174593e-06
8.986197315153e-06
1.157629708359e-05
9.318413844994e-06
7.072785876971e-06
4.827872999158e-06
2.578989040103e-06
3.315228696010e-07
1.904635041683e-06
4.125280156586e-06
6.339573076275e-06
8.569034264383e-06
1.181622559443e-05
9.499792895440e-06
7.124031014882e-06
4.695201425875e-06
2.218448571512e-06
3.109072963525e-07
2.908211627073e-06
5.591998274213e-06
8.373786499760e-06
1.125307232996e-05
1.541960796203e-05
1.237887141770e-05
9.252897825718e-06
6.028293569216e-06
2.689776749776e-06
7.686631420256e-07
4.337857262726e-06
7.996759109119e-06
1.172266013327e-05
1.550081310597e-05
1.888461372346e-05
1.502157573441e-05
1.111544742116e-05
7.181465718986e-06
3.242684783800e-06
6.787573738620e-07
4.569611348870e-06
8.426998704181e-06
1.225205369337e-05
1.604041909786e-05
1.753778235525e-05
1.388790389001e-05
1.033714448795e-05
6.899341485678e-06
3.575781249765e-06
3.598555053941e-07
2.754796014415e-06
5.768240043835e-06
8.675085496179e-06
1.147034288351e-05
1.266130055910e-05
1.008366132282e-05
7.589958954668e-06
5.167550170881e-06
2.810869489167e-06
5.202161332818e-07
1.704097257971e-06
3.867814712066e-06
5.984870654174e-06
8.074095433130e-06
1.059700576889e-05
8.525677969828e-06
6.446645159031e-06
4.356308068054e-06
2.249635201679e-06
1.189824274661e-07
2.043754989245e-06
4.243768785273e-06
6.481629441168e-06
8.754760244756e-06
1.195304366775e-05
9.623753669530e-06
7.256385970322e-06
4.846307774642e-06
2.391685825387e-06
1.051970457411e-07
2.639131025717e-06
5.204712124396e-06
7.798092724443e-06
1.041653086986e-05
1.329130833483e-05
1.064707390697e-05
7.994103384590e-06
5.338319738257e-06
2.681826742901e-06
2.253921138617e-08
2.643677021297e-06
5.319678223259e-06
8.004659889593e-06
1.069454907565e-05
1.346414813952e-05
1.078915437347e-05
8.118850587380e-06
5.453653670884e-06
2.795224418151e-06
1.472388362345e-07
2.486028677140e-06
5.102394936785e-06
7.703470828346e-06
1.029401897767e-05
1.292659618457e-05
1.035478510403e-05
7.786619164563e-06
5.225541372056e-06
2.675248424566e-06
1.379287368763e-07
2.385446521203e-06
4.893991899735e-06
7.386017102817e-06
9.859899989806e-06
1.220534323920e-05
9.771350732990e-06
7.340924298660e-06
4.903564672532e-06
2.450663203035e-06
2.262152065668e-08
2.518018732189e-06
5.036739935349e-06
7.581805562040e-06
1.015823301032e-05
1.331603192511e-05
1.067335949756e-05
7.990511619482e-06
5.266967207262e-06
2.499106017240e-06
3.213277750547e-07
3.205567907116e-06
6.163326702335e-06
9.198421764722e-06
1.230718652323e-05
1.620449705797e-05
1.298740977518e-05
9.722602783313e-06
6.414684037281e-06
3.068282524055e-06
3.091257099186e-07
3.706897757638e-06
7.113814774584e-06
1.052187377582e-05
1.392800146505e-05
1.665030634967e-05
1.326328413143e-05
9.887427609101e-06
6.536112493905e-06
3.225288423891e-06
3.169247975165e-08
3.227431136565e-06
6.360044778830e-06
9.429849114895e-06
1.243601593615e-05
1.397379833179e-05
1.111269119747e-05
8.314953049648e-06
5.571060455623e-06
2.868309081805e-06
1.959600126611e-07
2.450702197621e-06
5.070624752079e-06
7.661107360946e-06
1.022347737489e-05
1.261628813154e-05
1.009015016962e-05
7.555913782653e-06
5.003549517824e-06
2.428314132885e-06
1.719500914987e-07
2.801307459777e-06
5.468060919611e-06
8.183044997168e-06
1.095480655522e-05
1.447196137860e-05
1.159965228226e-05
8.684908266332e-06
5.736217246977e-06
2.756266155757e-06
2.583744844742e-07
3.313797208193e-06
6.413893629542e-06
9.557585883613e-06
1.273946475067e-05
1.613154432789e-05
1.290208149385e-05
9.645539591929e-06
6.359932285704e-06
3.043887829790e-06
3.012437446159e-07
3.671009551454e-06
7.059930339892e-06
1.046424233664e-05
1.388440017536e-05
1.703098826056e-05
1.357290949500e-05
1.007550793020e-05
6.531029669077e-06
2.935613792943e-06
7.105418831088e-07
4.404686023918e-06
8.144433309099e-06
1.193003663502e-05
1.576495435529e-05
1.917166378007e-05
1.524036730416e-05
1.125286593151e-05
7.213967421649e-06
3.129217304831e-06
9.990608305088e-07
5.174078467007e-06
9.402608384335e-06
1.368998886164e-05
1.803469331207e-05
2.141199945527e-05
1.700727051457e-05
1.258725700382e-05
8.160436777871e-06
3.726984630248e-06
7.172478149187e-07
5.174368141070e-06
9.640005430356e-06
1.410410214930e-05
1.855608689993e-05
2.127593660362e-05
1.687452748911e-05
1.248282421784e-05
8.097969782739e-06
3.724969246832e-06
6.235815703803e-07
4.933264960982e-06
9.194912820476e-06
1.340840015018e-05
1.758060795964e-05
1.959318154832e-05
1.550217683643e-05
1.144652162566e-05
7.433491703068e-06
3.468167903975e-06
4.495520329328e-07
4.323332575495e-06
8.155565410561e-06
1.194336749677e-05
1.567877922071e-05
1.732967416501e-05
1.373377580194e-05
1.019892783916e-05
6.716423285980e-06
3.278059750755e-06
1.194495666823e-07
3.474246796031e-06
6.783447929593e-06
1.004814981798e-05
1.327534687334e-05
1.547184479023e-05
1.230303269040e-05
9.150674600278e-06
6.016445468049e-06
2.901121604282e-06
2.009954869209e-07
3.303695507384e-06
6.425068704630e-06
9.580476444171e-06
1.277743410810e-05
1.631176917272e-05
1.304777117639e-05
9.744525414135e-06
6.394563797585e-06
2.986486492773e-06
4.889636215921e-07
4.033790048652e-06
7.642527634744e-06
1.130683864403e-05
1.502171392076e-05
1.881531972003e-05
1.500510273900e-05
1.113239557071e-05
7.199696767657e-06
3.218249389647e-06
7.953172485031e-07
4.824796349112e-06
8.858847422744e-06
1.289144910288e-05
1.691870619425e-05
1.915890584314e-05
1.517848778576e-05
1.123078158116e-05
7.326810191444e-06
3.473926199149e-06
3.246698838666e-07
4.068011321579e-06
7.754480748190e-06
1.138030705761e-05
1.493977487144e-05
1.638734369180e-05
1.298911996628e-05
9.666783682860e-06
6.416425719635e-06
3.230477602756e-06
9.857103577815e-08
2.991312896938e-06
6.051398372620e-06
9.092779862385e-06
1.212482413848e-05
1.509966404001e-05
1.207390687341e-05
9.030786827680e-06
5.958759743407e-06
2.846147140190e-06
3.170060836055e-07
3.538169039530e-06
6.823633555086e-06
1.018107451500e-05
1.362149316719e-05
1.815298361407e-05
1.452012980963e-05
1.076991372884e-05
6.902107486439e-06
2.923068564087e-06
1.158346151442e-06
5.335272817319e-06
9.604753643089e-06
1.396591642333e-05
1.841637720190e-05
2.230841198525e-05
1.771962155317e-05
1.306917533839e-05
8.364136760974e-06
3.607708833897e-06
1.197842721012e-06
6.046338342003e-06
1.092495426747e-05
1.581563060427e-05
2.070008133614e-05
2.301285883277e-05
1.818925750285e-05
1.339157665825e-05
8.620184701158e-06
3.878448580963e-06
8.276263656626e-07
5.492866364420e-06
1.011652898342e-05
1.470257075198e-05
1.925615475784e-05
2.138612660474e-05
1.691296279205e-05
1.248397819609e-05
8.106013524412e-06
3.779099813528e-06
5.044475983595e-07
4.756032637943e-06
8.984642875021e-06
1.319316851323e-05
1.737930688250e-05
2.001319535339e-05
1.588930189200e-05
1.178456210482e-05
7.693669886066e-06
3.616560206865e-06
4.391932293402e-07
4.461404500944e-06
8.439907617230e-06
1.237234187101e-05
1.626483424388e-05
1.843352634978e-05
1.460966086597e-05
1.081196398900e-05
7.048558870792e-06
3.328082300413e-06
3.462756694717e-07
3.978211225331e-06
7.574605604077e-06
1.113937349828e-05
1.467031580660e-05
1.667706436592e-05
1.324651645973e-05
9.855906398570e-06
6.491100918993e-06
3.133032407732e-06
2.347994723095e-07
3.620935558502e-06
7.026201330973e-06
1.044902211333e-05
1.389169398180e-05
1.727639397586e-05
1.378069634939e-05
1.023221466312e-05
6.625922424064e-06
2.963065355743e-06
7.533748203059e-07
4.524101200332e-06
8.356081139027e-06
1.226019679734e-05
1.624543710932e-05
2.028501671703e-05
1.615949810230e-05
1.197027722810e-05
7.729757669495e-06
3.446411653840e-06
8.757287446315e-07
5.234402522092e-06
9.625412587866e-06
1.404092660096e-05
1.847061247418e-05
2.135499585165e-05
1.694064383173e-05
1.252915444638e-05
8.119226890813e-06
3.709896077453e-06
6.968181764933e-07
5.095421613532e-06
9.478628442139e-06
1.384049255648e-05
1.817925999603e-05
2.062057296826e-05
1.632973248888e-05
1.204050084880e-05
7.744209995053e-06
3.434933546487e-06
8.909570397009e-07
5.237222239884e-06
9.610125573545e-06
1.401918802912e-05
1.847520763931e-05
2.205025265312e-05
1.749853748834e-05
1.289123935067e-05
8.232749905801e-06
3.524523719989e-06
1.238034542439e-06
6.064361173230e-06
1.096338058915e-05
1.593762857510e-05
2.098063652056e-05
2.482288834926e-05
1.970010418972e-05
1.453951256281e-05
9.340119333956e-06
4.098935278307e-06
1.182055541449e-06
6.492009447356e-06
1.181409220408e-05
1.713336376952e-05
2.244438513799e-05
2.523623265915e-05
1.994181070586e-05
1.463486950115e-05
9.321937625373e-06
4.019421055546e-06
1.255655035948e-06
6.496240928300e-06
1.170959023966e-05
1.691186895414e-05
2.211687780118e-05
2.467572454634e-05
1.949304709115e-05
1.432892867115e-05
9.187637317609e-06
4.058578042532e-06
1.078928960396e-06
6.242906522402e-06
1.143696704275e-05
1.664800379331e-05
2.185557463008e-05
2.476127434647e-05
1.960631823295e-05
1.444549246798e-05
9.257811143470e-06
4.034598021008e-06
1.214436736063e-06
6.467911816799e-06
1.170746719481e-05
1.692999467195e-05
2.214874569972e-05
2.484385174739e-05
1.961147387419e-05
1.436529043986e-05
9.128849058015e-06
3.925210478428e-06
1.237605999904e-06
6.371356619184e-06
1.149924577248e-05
1.664034118676e-05
2.179759189858e-05
2.452952514886e-05
1.941079563039e-05
1.431779088534e-05
9.242526175512e-06
4.163930611867e-06
9.392503557137e-07
6.075637429603e-06
1.123761416011e-05
1.640916110546e-05
2.157956879500e-05
2.488143388746e-05
1.970754766489e-05
1.448440588092e-05
9.194365702569e-06
3.835195116153e-06
1.582691481872e-06
7.046577707115e-06
1.255240823639e-05
1.810879336972e-05
2.373192432970e-05
2.748462100044e-05
2.172472068196e-05
1.589301228933e-05
1.000460838441e-05
4.069394094586e-06
1.914648748880e-06
7.960291895870e-06
1.408283605997e-05
2.029025887396e-05
2.657767834080e-05
3.045965991078e-05
2.409019100469e-05
1.768597212504e-05
1.124778111716e-05
4.769044608111e-06
1.756140193265e-06
8.325527176112e-06
1.492689767701e-05
2.154322373826e-05
2.816154318452e-05
3.126181803736e-05
2.466684077262e-05
1.805222188977e-05
1.141327118148e-05
4.758568820762e-06
1.892049624530e-06
8.516709840478e-06
1.510250444881e-05
2.165089711070e-05
2.817406021904e-05
3.027754206641e-05
2.380937144153e-05
1.736192007229e-05
1.095183239386e-05
4.590690878103e-06
1.723513321394e-06
8.005422444057e-06
1.427241363672e-05
2.053183516182e-05
2.677466761725e-05
2.894045957191e-05
2.282146306243e-05
1.676384584925e-05
1.075442435194e-05
4.770110535901e-06
1.207187438013e-06
7.179328974871e-06
1.313149113003e-05
1.904330599700e-05
2.490333571359e-05
2.729753805397e-05
2.153990561737e-05
1.579452452916e-05
1.005888788086e-05
4.347905246505e-06
1.315112115208e-06
6.913572178746e-06
1.244847680937e-05
1.793744303313e-05
2.340239581144e-05
2.555973202334e-05
2.015177472003e-05
1.478445886960e-05
9.478150673203e-06
4.239997167588e-06
9.398519864590e-07
6.080367938921e-06
1.119649965631e-05
1.628974030154e-05
2.134911909479e-05
2.367042378637e-05
1.872990924312e-05
1.382894362223e-05
8.946075922722e-06
4.061067102157e-06
8.350407938451e-07
5.737825176766e-06
1.063626547193e-05
1.552363693236e-05
2.040477244236e-05
2.352109214598e-05
1.862207022896e-05
1.367918474671e-05
8.687278636899e-06
3.648441861515e-06
1.434633475128e-06
6.564817851995e-06
1.175198599412e-05
1.700934416249e-05
2.234726196093e-05
2.632814477010e-05
2.085364803861e-05
1.530638246550e-05
9.690969079656e-06
4.006591836969e-06
1.752819400735e-06
7.595301724450e-06
1.352675593580e-05
1.954817179239e-05
2.565534219912e-05
2.986486549617e-05
2.364184558701e-05
1.735191057151e-05
1.099625956158e-05
4.574847025651e-06
1.910423009122e-06
8.453501152417e-06
1.504412523445e-05
2.167079725268e-05
2.832486296711e-05
3.161707877553e-05
2.494914076578e-05
1.825170352276e-05
1.152571184093e-05
4.779070593486e-06
1.974808185423e-06
8.722437939923e-06
1.545592573393e-05
2.217517533154e-05
2.888489626685e-05
3.128663797725e-05
2.462822737925e-05
1.798822842147e-05
1.137643852189e-05
4.796474513569e-06
1.757722941420e-06
8.298987836497e-06
1.483946317649e-05
2.138356251180e-05
2.792632017190e-05
3.070827682450e-05
2.422619775189e-05
1.775402330395e-05
1.127757855102e-05
4.781150153121e-06
1.744221265199e-06
8.297407703139e-06
1.487115088139e-05
2.146039309991e-05
2.806867126992e-05
3.151043591743e-05
2.486640823918e-05
1.817317343011e-05
1.143621432220e-05
4.669055840623e-06
2.114981953127e-06
8.910042083698e-06
1.571907478137e-05
2.254839023408e-05
2.939961564152e-05
3.219161203560e-05
2.537157382676e-05
1.856959613633e-05
1.179587587785e-05
5.052996300492e-06
1.659790598296e-06
8.340173678789e-06
1.497920607108e-05
2.156347557047e-05
2.808084809658e-05
2.974207529860e-05
2.340803621337e-05
1.713918612722e-05
1.093197988666e-05
4.787613534063e-06
1.289690658268e-06
7.297342904167e-06
1.323823715893e-05
1.912051965292e-05
2.495337895425e-05
2.700241583398e-05
2.128773274990e-05
1.561296755881e-05
9.972011469017e-06
4.352521102646e-06
1.261014233478e-06
6.881709168738e-06
1.251607056929e-05
1.816436440549e-05
2.382508034771e-05
2.711748732054e-05
2.144928640746e-05
1.574608512556e-05
9.999590986354e-06
4.210229121782e-06
1.613844801795e-06
7.463898214155e-06
1.333860154773e-05
1.924609858861e-05
2.519865438444e-05
2.869773646808e-05
2.267618958740e-05
1.661721137225e-05
1.053500113812e-05
4.438129224127e-06
1.674641964655e-06
7.812050853317e-06
1.398216613779e-05
2.018417364980e-05
2.640653872277e-05
2.948653764179e-05
2.329586010319e-05
1.710192060500e-05
1.089097560225e-05
4.651851725157e-06
1.616860515696e-06
7.907268013696e-06
1.420571391009e-05
2.049856419717e-05
2.678290911717e-05
2.961891306086e-05
2.336122781799e-05
1.709435747443e-05
1.082676305941e-05
4.571433578349e-06
1.658816984218e-06
7.858977085107e-06
1.403399733135e-05
2.019399573783e-05
2.634207351093e-05
2.865300245958e-05
2.259476593736e-05
1.658493886225e-05
1.063167803750e-05
4.734688673125e-06
1.113739699576e-06
6.921870237875e-06
1.269149231575e-05
1.841659133106e-05
2.409200033071e-05
2.640663063858e-05
2.085214600811e-05
1.532518587055e-05
9.808929178234e-06
4.291808295420e-06
1.229007352777e-06
6.751817181794e-06
1.227765204703e-05
1.781430825076e-05
2.337549454978e-05
2.691034563895e-05
2.128144143398e-05
1.558462764706e-05
9.820543027672e-06
3.992103358996e-06
1.900794359244e-06
7.862518145885e-06
1.390107070165e-05
2.002478760232e-05
2.623761542964e-05
3.026701449471e-05
2.393798729372e-05
1.755892998290e-05
1.114016021120e-05
4.683553470386e-06
1.810887624742e-06
8.342902845015e-06
1.490474340926e-05
2.147787296281e-05
2.803712663990e-05
3.051464750570e-05
2.407213679589e-05
1.767105675299e-05
1.130691873641e-05
4.980144638012e-06
1.301120903463e-06
7.519128075728e-06
1.365562394540e-05
1.970305106624e-05
2.567036000301e-05
2.732224425017e-05
2.149830999087e-05
1.572016191176e-05
9.993632204441e-06
4.327312637997e-06
1.276105592751e-06
6.828858829522e-06
1.235919273768e-05
1.789559371446e-05
2.345349224697e-05
2.662103457851e-05
2.106081973352e-05
1.549260332467e-05
9.912032169268e-06
4.301795229367e-06
1.363392641451e-06
7.099835215740e-06
1.290506713758e-05
1.876776337895e-05
2.467644804938e-05
2.872267486964e-05
2.275486002645e-05
1.671754557719e-05
1.059806959347e-05
4.400873876875e-06
1.855227424130e-06
8.148941674335e-06
1.446628175472e-05
2.080436627239e-05
2.717098220728e-05
3.031237650930e-05
2.390604066704e-05
1.747473464775e-05
1.103778674860e-05
4.607795119682e-06
1.813625544855e-06
8.232326365487e-06
1.465745077667e-05
2.109413020435e-05
2.753469630079e-05
3.013821356035e-05
2.377657943953e-05
1.744414174709e-05
1.113488150395e-05
4.839358325626e-06
1.451637956507e-06
7.740266141809e-06
1.401699074677e-05
2.027129920634e-05
2.649912198649e-05
2.915685121252e-05
2.300853896031e-05
1.686904153075e-05
1.073398834706e-05
4.606138702457e-06
1.504327883595e-06
7.588547759951e-06
1.364564184314e-05
1.968118868945e-05
2.570123217538e-05
2.822662190738e-05
2.226116851034e-05
1.630863641822e-05
1.037721187913e-05
4.470269345802e-06
1.414750784079e-06
7.283877266673e-06
1.314489617243e-05
1.900570799762e-05
2.486792453738e-05
2.767578320118e-05
2.186803425275e-05
1.607363026324e-05
1.028591816521e-05
4.495608834532e-06
1.307534773787e-06
7.131570612273e-06
1.297443174053e-05
1.882715105239e-05
2.468485706686e-05
2.792204509205e-05
2.208103649082e-05
1.621596521773e-05
1.031892674064e-05
4.391019501782e-06
1.556011852699e-06
7.509596855471e-06
1.346701412785e-05
1.943489490941e-05
2.542251007753e-05
2.853279505644e-05
2.253294150023e-05
1.652086825743e-05
1.051581068623e-05
4.528800275239e-06
1.441113511191e-06
7.402087817354e-06
1.336070334901e-05
1.931824084522e-05
2.526558375848e-05
2.784676553347e-05
2.200145814868e-05
1.619172246592e-05
1.040465633650e-05
4.629397949429e-06
1.136469279572e-06
6.885352661357e-06
1.260215827870e-05
1.827235945484e-05
2.389732759411e-05
2.631765198657e-05
2.076447441368e-05
1.521028121942e-05
9.652955839101e-06
4.100951343844e-06
1.436523689335e-06
6.960724931560e-06
1.248709520496e-05
1.803479193541e-05
2.361346770385e-05
2.670815052852e-05
2.111764047186e-05
1.552469638000e-05
9.934127149336e-06
4.334077630119e-06
1.295682864111e-06
6.969159073833e-06
1.268550045097e-05
1.843295785875e-05
2.419599235282e-05
2.754312703246e-05
2.180829858389e-05
1.606088119388e-05
1.029394576335e-05
4.513589601629e-06
1.262914111066e-06
7.016809433935e-06
1.273529062473e-05
1.841641602596e-05
2.406960669532e-05
2.651421050359e-05
2.092440638535e-05
1.535886246984e-05
9.832978662416e-06
4.359454635505e-06
1.056758833329e-06
6.420848194466e-06
1.174561822381e-05
1.703900551320e-05
2.229786304042e-05
2.449319072184e-05
1.935964036193e-05
1.427010920452e-05
9.214143744884e-06
4.173418687969e-06
8.671252658132e-07
5.911945152093e-06
1.095662031503e-05
1.599717415957e-05
2.103350323068e-05
2.413739304075e-05
1.912374335689e-05
1.408386447110e-05
9.010527378450e-06
3.904744289684e-06
1.231920066402e-06
6.398710524991e-06
1.159727787581e-05
1.683369674765e-05
2.211780213202e-05
2.574969374791e-05
2.040010372184e-05
1.501092998524e-05
9.589075830263e-06
4.139833890804e-06
1.337080448138e-06
6.849913461338e-06
1.240671446112e-05
1.800844256650e-05
2.365141813243e-05
2.732022255714e-05
2.164135753446e-05
1.593323344196e-05
1.019072743702e-05
4.409156360907e-06
1.410720017248e-06
7.266054410593e-06
1.315168481142e-05
1.906039210553e-05
2.499031324987e-05
2.848479527984e-05
2.252232275168e-05
1.651573984418e-05
1.046582934805e-05
4.378555388485e-06
1.733509691348e-06
7.857964021696e-06
1.399048500161e-05
2.013246751176e-05
2.628230691926e-05
2.894643841955e-05
2.283332116804e-05
1.673533353141e-05
1.066300774255e-05
4.620134461675e-06
1.398547851750e-06
7.399908156458e-06
1.338079454172e-05
1.933164827506e-05
2.523902378471e-05
2.722463005966e-05
2.148124258383e-05
1.580280240887e-05
1.017923909785e-05
4.604056471180e-06
9.281201300837e-07
6.418989187296e-06
1.186850266777e-05
1.728017565483e-05
2.266769865855e-05
2.559875264296e-05
2.024810538614e-05
1.488714838160e-05
9.514970543023e-06
4.133603624723e-06
1.256093980828e-06
6.663418446351e-06
1.210448920119e-05
1.759388936762e-05
2.314042450280e-05
2.719229632930e-05
2.155359197786e-05
1.585072016042e-05
1.008368866451e-05
4.248879861279e-06
1.653984099903e-06
7.615714935127e-06
1.362682024819e-05
1.967715627416e-05
2.575525240900e-05
2.895215413901e-05
2.287795956590e-05
1.679190154391e-05
1.070421609484e-05
4.623331392395e-06
1.443896280762e-06
7.488863388971e-06
1.350586632043e-05
1.948999295109e-05
2.543085190609e-05
2.734888846589e-05
2.157201720365e-05
1.586777375451e-05
1.023555887514e-05
4.670937187257e-06
8.327569389621e-07
6.278136140736e-06
1.165980495443e-05
1.697309824067e-05
2.222309188937e-05
2.438820672523e-05
1.926776457140e-05
1.417793305336e-05
9.115264845150e-06
4.087035506473e-06
8.985408612716e-07
5.842727262007e-06
1.075328447087e-05
1.564361565443e-05
2.052939089481e-05
2.330007276896e-05
1.845069988349e-05
1.361667102628e-05
8.801346723430e-06
4.002091543498e-06
7.898219109848e-07
5.586810232217e-06
1.039336609665e-05
1.520046168935e-05
1.999567035682e-05
2.282749568394e-05
1.810583353290e-05
1.339433049452e-05
8.677726668793e-06
3.945087257762e-06
8.033877634261e-07
5.560297552165e-06
1.032192625416e-05
1.509130515842e-05
1.987482494314e-05
2.328229260229e-05
1.846418456353e-05
1.360058416822e-05
8.694566588474e-06
3.747301946078e-06
1.244364284503e-06
6.287172766406e-06
1.139219256174e-05
1.657264482446e-05
2.183198688499e-05
2.600080864568e-05
2.063685121811e-05
1.520563472468e-05
9.710301981158e-06
4.151157611432e-06
1.474912835420e-06
7.165831448219e-06
1.291434119821e-05
1.871341123660e-05
2.455769043763e-05
2.816934903649e-05
2.230139273252e-05
1.640476921239e-05
1.048523989766e-05
4.551213180548e-06
1.390332215578e-06
7.332621350997e-06
1.326528928303e-05
1.918214582020e-05
2.508082428676e-05
2.763659318816e-05
2.181976236670e-05
1.602058119943e-05
1.023552505330e-05
4.465771553441e-06
1.285841108256e-06
7.020753287179e-06
1.274334050549e-05
1.845673614298e-05
2.416698458774e-05
2.708107416538e-05
2.139980375659e-05
1.571117707044e-05
1.001137587764e-05
4.292658445593e-06
1.450986076179e-06
7.233137409912e-06
1.306481829033e-05
1.894924548651e-05
2.488337099749e-05
2.873777413015e-05
2.275740786217e-05
1.672741939274e-05
1.063963537717e-05
4.485542035582e-06
1.731689394546e-06
8.006128325633e-06
1.433186628219e-05
2.070383942510e-05
2.712160403462e-05
3.087268095214e-05
2.439833951939e-05
1.786891755273e-05
1.129597711724e-05
4.690886726166e-06
1.934941280979e-06
8.574769651659e-06
1.523217883914e-05
2.191144250219e-05
2.860831921225e-05
3.145899478341e-05
2.482184294195e-05
1.820160690613e-05
1.160478120710e-05
5.026461622037e-06
1.540535720324e-06
8.093631777228e-06
1.462306306621e-05
2.111721818210e-05
2.756285294936e-05
2.971946173602e-05
2.343294465845e-05
1.718869208389e-05
1.098551041423e-05
4.826324186524e-06
1.284132110868e-06
7.339584215060e-06
1.333894908839e-05
1.929304994519e-05
2.521503142816e-05
2.764936374433e-05
2.182136864803e-05
1.601728922651e-05
1.024251298531e-05
4.498346413584e-06
1.224754953455e-06
6.941480307887e-06
1.266060559146e-05
1.839091589773e-05
2.413826371139e-05
2.753923035925e-05
2.179860649676e-05
1.602677218671e-05
1.021375982191e-05
4.354515340310e-06
1.555242647555e-06
7.515622257870e-06
1.352077129013e-05
1.956510709533e-05
2.565090557027e-05
2.929770084847e-05
2.317090763881e-05
1.699248940668e-05
1.076352828022e-05
4.487830267408e-06
1.832872101204e-06
8.195678674383e-06
1.459450800212e-05
2.102195372800e-05
2.747516350610e-05
3.052272592186e-05
2.409454583585e-05
1.765947035892e-05
1.122045290458e-05
4.784187922269e-06
1.648835052492e-06
8.080606505700e-06
1.451181441325e-05
2.094331460967e-05
2.737775525929e-05
3.028022882745e-05
2.390735323843e-05
1.754756596029e-05
1.120145878986e-05
4.869741019320e-06
1.449820445032e-06
7.764175961711e-06
1.407860168001e-05
2.039178855284e-05
2.670213137890e-05
2.985205026107e-05
2.359003860875e-05
1.731778513658e-05
1.102829071442e-05
4.719290302546e-06
1.603022553809e-06
7.930305230275e-06
1.426055666798e-05
2.059421967715e-05
2.693438653978e-05
3.000223028948e-05
2.368658579144e-05
1.735454202390e-05
1.101252593116e-05
4.662713024572e-06
1.693288709248e-06
8.054911404543e-06
1.442550234287e-05
2.080595481857e-05
2.718705258076e-05
2.991328790358e-05
2.361276204965e-05
1.732785733566e-05
1.105818989799e-05
4.797584722382e-06
1.457907387703e-06
7.702315372171e-06
1.393007437400e-05
2.013713873339e-05
2.631904681039e-05
2.883659237796e-05
2.275910145499e-05
1.670214197702e-05
1.067039596592e-05
4.668727569879e-06
1.303257761265e-06
7.245586402860e-06
1.316138292395e-05
1.905865855178e-05
2.494394345831e-05
2.765370606994e-05
2.185277202216e-05
1.606793910014e-05
1.029724796808e-05
4.538455982583e-06
1.216899249812e-06
6.975729888836e-06
1.273770124044e-05
1.850289538652e-05
2.427708722053e-05
2.757418025112e-05
2.181868745765e-05
1.603602947853e-05
1.022033313802e-05
4.372958755994e-06
1.504234433014e-06
7.413548075874e-06
1.335629838195e-05
1.933373289376e-05
2.535116573199e-05
2.895594377605e-05
2.290661677762e-05
1.681712069512e-05
1.068608321475e-05
4.515300986441e-06
1.693752267329e-06
7.943518312459e-06
1.423211443807e-05
2.055379155763e-05
2.690360690849e-05
3.022534150432e-05
2.388291164834e-05
1.752073490024e-05
1.113938276376e-05
4.737931931231e-06
1.679092690665e-06
8.108506335702e-06
1.455309075027e-05
2.101020930922e-05
2.747529907765e-05
3.050037474850e-05
2.408492889572e-05
1.766793934621e-05
1.124786751916e-05
4.819690786917e-06
1.616508143343e-06
8.057359593749e-06
1.450195611596e-05
2.095066849961e-05
2.740013195535e-05
3.042374885354e-05
2.401836945864e-05
1.759772817422e-05
1.116509497479e-05
4.722845460492e-06
1.726492143916e-06
8.179974372524e-06
1.464398320650e-05
2.112978205560e-05
2.764159455637e-05
3.088308886845e-05
2.439510780050e-05
1.789277240505e-05
1.137943894491e-05
4.847304012401e-06
1.717137024571e-06
8.319308392402e-06
1.496080915331e-05
2.163799655364e-05
2.834461076873e-05
3.191552900716e-05
2.522456242104e-05
1.848749673172e-05
1.169355869024e-05
4.843041494951e-06
2.059465202819e-06
9.005220420022e-06
1.598406521452e-05
2.300019701806e-05
3.006627429158e-05
3.369025012034e-05
2.658699207814e-05
1.943142603977e-05
1.223912886417e-05
5.024907920870e-06
2.208459250141e-06
9.468419534642e-06
1.675824620406e-05
2.407664345583e-05
3.141468937429e-05
3.422800523367e-05
2.699722170973e-05
1.979548267173e-05
1.261948744968e-05
5.468157326050e-06
1.658725864218e-06
8.754920315823e-06
1.580294275527e-05
2.278397937516e-05
2.969025069888e-05
3.145865974830e-05
2.476910168525e-05
1.814286815716e-05
1.157738813617e-05
5.082362861231e-06
1.330245311237e-06
7.658762115170e-06
1.390999352680e-05
2.009212920484e-05
2.621769777988e-05
2.818617741696e-05
2.222150061471e-05
1.630860913338e-05
1.044389415483e-05
4.619295850716e-06
1.175994498226e-06
6.954342495646e-06
1.272833571875e-05
1.850307421591e-05
2.427575520869e-05
2.740428294601e-05
2.168755946741e-05
1.595811761490e-05
1.020669503760e-05
4.424995267982e-06
1.389748945257e-06
7.233680435093e-06
1.310215697004e-05
1.899681922168e-05
2.492245147323e-05
2.837515017973e-05
2.245589240601e-05
1.650419136467e-05
1.052683109037e-05
4.532086734343e-06
1.477260241245e-06
7.499474122596e-06
1.352923203513e-05
1.956529251856e-05
2.560638830573e-05
2.841752279892e-05
2.245930306799e-05
1.651361168342e-05
1.058409679899e-05
4.675080390371e-06
1.211171991145e-06
7.074911309246e-06
1.291179819418e-05
1.871447392432e-05
2.448129714594e-05
2.677210989077e-05
2.115117422363e-05
1.556806023473e-05
1.001902211328e-05
4.504559683483e-06
9.736618267198e-07
6.418378177386e-06
1.183085538514e-05
1.721126398024e-05
2.256228293618e-05
2.509006264972e-05
1.984892475093e-05
1.462404100039e-05
9.414941757768e-06
4.213607041947e-06
9.850347169049e-07
6.186192877067e-06
1.139927121585e-05
1.663305880584e-05
2.188914533008e-05
2.532689785539e-05
2.008842835721e-05
1.481924579139e-05
9.516460522718e-06
4.175014737484e-06
1.211923176925e-06
6.646435508628e-06
1.212620804836e-05
1.765461155401e-05
2.323688016759e-05
2.717413508435e-05
2.155231953793e-05
1.587302955386e-05
1.014240933728e-05
4.370597139314e-06
1.436819445644e-06
7.279302565166e-06
1.315440010785e-05
1.906130285079e-05
2.500140698203e-05
2.837627931740e-05
2.246078929602e-05
1.653117237765e-05
1.058570387613e-05
4.622620963346e-06
1.356151642540e-06
7.348881865710e-06
1.335035557304e-05
1.934604688358e-05
2.532884360562e-05
2.810599681879e-05
2.220745363957e-05
1.630538253039e-05
1.039364059352e-05
4.470703458992e-06
1.455212952806e-06
7.376870257758e-06
1.329759879809e-05
1.922480464600e-05
2.516520760310e-05
2.813430933202e-05
2.223690341907e-05
1.633639936927e-05
1.044458002752e-05
4.566058692035e-06
1.309507126734e-06
7.196133026355e-06
1.309781305281e-05
1.901308735341e-05
2.493244619473e-05
2.788020907474e-05
2.207329657722e-05
1.628788987773e-05
1.051695591059e-05
4.757298313507e-06
9.868631991594e-07
6.705783050620e-06
1.238728611952e-05
1.802134266882e-05
2.360792268519e-05
2.603462741035e-05
2.057835968117e-05
1.514170958217e-05
9.729776934364e-06
4.351997802132e-06
9.807012020246e-07
6.267169737839e-06
1.152103038748e-05
1.675704612580e-05
2.198315297619e-05
2.462591112362e-05
1.950015052898e-05
1.438721864133e-05
9.284906639095e-06
4.183949101844e-06
9.337785513708e-07
6.080469574954e-06
1.125344442698e-05
1.644753695018e-05
2.165764226447e-05
2.496837464605e-05
1.981180935218e-05
1.462638186922e-05
9.402357420640e-06
4.138840722590e-06
1.159055955213e-06
6.486315896836e-06
1.184050779557e-05
1.722035108287e-05
2.262730254188e-05
2.597251210545e-05
2.058229682689e-05
1.517169215504e-05
9.750025697031e-06
4.322364532072e-06
1.108418757667e-06
6.545402186475e-06
1.199861662826e-05
1.747309465827e-05
2.296620630204e-05
2.623272320079e-05
2.079944277966e-05
1.535829454724e-05
9.909474215419e-06
4.451854238141e-06
1.019762635224e-06
6.506854219879e-06
1.200181395689e-05
1.750137585077e-05
2.300740220562e-05
2.625951429991e-05
2.080925122527e-05
1.533159968403e-05
9.821563594414e-06
4.283113412384e-06
1.274998169265e-06
6.845555844848e-06
1.242490071718e-05
1.801078991548e-05
2.360276727131e-05
2.644669723395e-05
2.091890343081e-05
1.539107876170e-05
9.870458313799e-06
4.359692070466e-06
1.141018458384e-06
6.633561099534e-06
1.212372626469e-05
1.761393730249e-05
2.309219723884e-05
2.560160413623e-05
2.027233642821e-05
1.498690795643e-05
9.745650572768e-06
4.543130899037e-06
6.298590164988e-07
5.776366265309e-06
1.088962181939e-05
1.596118778480e-05
2.099193062577e-05
2.361712597576e-05
1.872447745654e-05
1.384759366374e-05
8.981142286757e-06
4.130754859943e-06
6.907832812431e-07
5.477909951423e-06
1.023775365638e-05
1.497917293136e-05
1.971771308718e-05
2.268173750508e-05
1.799544151027e-05
1.329920223725e-05
8.598436409102e-06
3.889859897299e-06
8.323817155542e-07
5.576633270721e-06
1.035150444295e-05
1.515793633189e-05
1.998432986738e-05
2.314026528438e-05
1.838935645537e-05
1.362939411820e-05
8.851333689108e-06
4.046264564295e-06
7.925723934932e-07
5.662363264491e-06
1.054845074577e-05
1.543810031990e-05
2.032995843138e-05
2.335860091307e-05
1.853750825376e-05
1.370844762505e-05
8.872588978193e-06
4.042675186611e-06
7.715634069427e-07
5.571060398779e-06
1.036247073216e-05
1.515445569567e-05
1.995496410245e-05
2.302997313564e-05
1.828380504776e-05
1.353804265136e-05
8.801921751456e-06
4.073833110851e-06
6.545250244017e-07
5.389861144067e-06
1.013749033518e-05
1.490392327241e-05
1.969034877902e-05
2.317390521966e-05
1.843428964321e-05
1.366995991248e-05
8.874246816504e-06
4.042185082653e-06
8.304754715027e-07
5.741043537455e-06
1.067917196451e-05
1.563307802144e-05
2.060103537360e-05
2.392237166760e-05
1.898914371168e-05
1.402777036219e-05
9.034993581736e-06
4.014794399154e-06
1.019879675823e-06
6.056140819055e-06
1.109204072236e-05
1.613033725789e-05
2.117082476616e-05
2.382017726177e-05
1.886894978043e-05
1.393671732330e-05
9.037153631652e-06
4.172562853455e-06
6.637892511208e-07
5.480219897436e-06
1.028277551995e-05
1.507408035195e-05
1.984969929936e-05
2.252397604252e-05
1.788935963987e-05
1.328847844206e-05
8.709631515558e-06
4.144312356402e-06
4.109272708774e-07
4.957030569130e-06
9.491452374277e-06
1.400953294706e-05
1.851373855288e-05
2.171933903128e-05
1.726974790017e-05
1.279746356886e-05
8.306568531680e-06
3.803730351137e-06
7.040811169645e-07
5.210511915266e-06
9.717595105485e-06
1.423679668733e-05
1.877706404230e-05
2.187371205764e-05
1.738860953537e-05
1.290349672445e-05
8.419501682511e-06
3.936504469948e-06
5.502348017217e-07
5.047774607192e-06
9.555156736951e-06
1.405703164892e-05
1.854004801771e-05
2.123686033428e-05
1.687918978632e-05
1.253829276493e-05
8.203798586237e-06
3.868903718285e-06
4.632074706024e-07
4.785129021911e-06
9.097070403641e-06
1.340770683100e-05
1.772805512701e-05
2.097873129969e-05
1.669202060839e-05
1.237743947513e-05
8.040905186135e-06
3.687626190185e-06
6.889347332617e-07
5.104015656343e-06
9.571597331615e-06
1.410016926684e-05
1.869548106015e-05
2.286077079816e-05
1.822587489642e-05
1.353271989046e-05
8.774922264365e-06
3.943384058402e-06
9.622602306081e-07
5.937777416420e-06
1.097554036278e-05
1.606661510323e-05
2.120121303051e-05
2.488922422117e-05
1.978054638130e-05
1.462721741063e-05
9.432804347398e-06
4.208560540064e-06
1.034559545587e-06
6.284569735726e-06
1.152832282969e-05
1.675525339806e-05
2.196341148419e-05
2.426721539450e-05
1.920737173577e-05
1.418745409865e-05
9.215613374636e-06
4.297788677832e-06
5.604737225440e-07
5.356715007565e-06
1.009594257084e-05
1.478266830190e-05
1.941332209299e-05
2.130983216375e-05
1.689773495173e-05
1.255733917560e-05
8.289792901905e-06
4.091988159871e-06
4.672358500102e-08
4.137287760386e-06
8.182527380995e-06
1.218067620812e-05
1.613397643041e-05
1.877458248600e-05
1.496261501188e-05
1.117552574215e-05
7.401581001432e-06
3.633350843302e-06
1.285188773181e-07
3.880685028435e-06
7.627137449617e-06
1.137753611147e-05
1.514025092320e-05
1.865572471615e-05
1.489995270276e-05
1.110274854454e-05
7.265994440786e-06
3.393526412765e-06
5.160440537111e-07
4.470293788472e-06
8.474269407088e-06
1.252958338682e-05
1.663845404209e-05
2.044962104719e-05
1.632082876313e-05
1.214783759451e-05
7.925239287943e-06
3.645013237019e-06
6.954064701858e-07
5.091419097880e-06
9.537903395085e-06
1.402777030535e-05
1.855158529906e-05
2.199667233072e-05
1.751178399445e-05
1.299771957974e-05
8.459210164347e-06
3.904853883796e-06
6.608979674638e-07
5.236976107881e-06
9.819189529026e-06
1.440926223495e-05
1.901006561411e-05
2.203275624879e-05
1.751877931611e-05
1.301248761365e-05
8.520457015493e-06
4.042717932862e-06
4.206063408674e-07
4.869702252108e-06
9.309049062267e-06
1.374336375193e-05
1.817033381712e-05
2.118747829627e-05
1.686440083404e-05
1.253453649497e-05
8.192671202778e-06
3.838002896828e-06
5.313813744579e-07
4.916197838156e-06
9.314637054558e-06
1.372415141532e-05
1.814730944716e-05
2.140604760825e-05
1.703486276483e-05
1.263656974970e-05
8.203951608721e-06
3.731474578217e-06
7.799234253980e-07
5.329729219739e-06
9.918477928750e-06
1.454476949903e-05
1.920389075849e-05
2.250477433563e-05
1.790016705172e-05
1.327592502776e-05
8.635690676329e-06
3.985303465015e-06
6.705739110657e-07
5.332700993677e-06
1.000405234208e-05
1.468149309858e-05
1.936103450362e-05
2.234023673964e-05
1.776177515467e-05
1.319920488640e-05
8.663576466006e-06
4.158206877491e-06
3.181950773978e-07
4.765987114297e-06
9.182972462440e-06
1.356940038022e-05
1.792672560441e-05
2.064738492891e-05
1.642889611730e-05
1.223536008865e-05
8.060791969910e-06
3.900143326518e-06
2.432423116261e-07
4.364314122540e-06
8.463006224702e-06
1.254287752772e-05
1.660854496777e-05
1.954092050482e-05
1.556632776101e-05
1.158715366500e-05
7.602149310060e-06
3.614316199219e-06
3.759631681532e-07
4.371721047391e-06
8.375592813081e-06
1.238740935605e-05
1.640447163709e-05
1.942098856489e-05
1.548142051888e-05
1.154426246330e-05
7.612990543748e-06
3.685127069275e-06
2.433500299048e-07
4.167946030975e-06
8.083716579677e-06
1.198633577815e-05
1.587248863189e-05
1.848969486673e-05
1.474273688018e-05
1.102224825900e-05
7.326681839004e-06
3.656710646283e-06
1.541366145830e-08
3.594144288854e-06
7.173267590588e-06
1.072586513828e-05
1.425189515203e-05
1.681465306547e-05
1.343661500641e-05
1.007884168303e-05
6.741269032773e-06
3.425468548812e-06
1.296393179473e-07
3.152333192702e-06
6.427493019601e-06
9.699133840968e-06
1.296867168321e-05
1.604809688160e-05
1.286907377107e-05
9.685775012258e-06
6.497431343178e-06
3.300406376638e-06
8.898246051103e-08
3.139541604469e-06
6.382055005361e-06
9.633588092584e-06
1.289274763394e-05
1.610158329868e-05
1.291604883136e-05
9.721112121497e-06
6.513617051951e-06
3.292085636986e-06
6.102709448896e-08
3.172134597662e-06
6.403788518128e-06
9.635665378482e-06
1.287164155883e-05
1.587190575947e-05
1.271948030990e-05
9.567051051818e-06
6.417708334538e-06
3.274959226474e-06
1.399006350766e-07
2.991131736962e-06
6.126934238182e-06
9.275460286062e-06
1.243624456038e-05
1.564366573348e-05
1.256898985957e-05
9.489709384525e-06
6.402227825220e-06
3.302413574602e-06
1.843197878770e-07
2.955870229471e-06
6.117171437836e-06
9.294077528921e-06
1.248190784509e-05
1.590662935769e-05
1.278163955476e-05
9.628835471176e-06
6.447738769566e-06
3.244649292355e-06
2.618816097311e-08
3.203457936252e-06
6.440474123792e-06
9.684329427273e-06
1.293963464377e-05
1.608928732821e-05
1.289606518640e-05
9.696365339096e-06
6.498642733277e-06
3.305896484562e-06
1.160281613011e-07
3.073545428833e-06
6.263449108701e-06
9.452320114178e-06
1.263756007575e-05
1.557335207281e-05
1.249199868880e-05
9.419824891665e-06
6.352586296998e-06
3.282824877715e-06
2.047770522040e-07
2.879897351704e-06
5.965479317638e-06
9.049846710241e-06
1.213569714764e-05
1.525872391994e-05
1.225157598128e-05
9.233113644314e-06
6.200095640452e-06
3.151680630253e-06
9.005782430904e-08
2.982159230669e-06
6.066903154078e-06
9.170090152111e-06
1.229333810215e-05
1.550776738668e-05
1.245718459586e-05
9.398139184214e-06
6.332593898151e-06
3.263254086505e-06
1.921417265294e-07
2.881966963741e-06
5.960928547211e-06
9.043689885857e-06
1.212442873566e-05
1.506482016111e-05
1.210693812936e-05
9.161563866655e-06
6.227061874142e-06
3.304666620352e-06
3.976908828918e-07
2.492427086054e-06
5.365660456391e-06
8.219419328270e-06
1.105179399019e-05
1.387214223314e-05
1.116312967042e-05
8.464122970508e-06
5.776429588877e-06
3.102723724169e-06
4.434839411260e-07
2.204246243309e-06
4.845147770993e-06
7.483101455819e-06
1.012136925738e-05
1.327969312115e-05
1.071839506039e-05
8.149444568062e-06
5.574119313678e-06
2.992996996909e-06
4.027524482808e-07
2.201855636486e-06
4.821635457120e-06
7.453275486569e-06
1.009400739349e-05
1.338195573908e-05
1.080573974832e-05
8.217533093102e-06
5.616492842364e-06
3.001460868290e-06
3.721995653905e-07
2.267060722261e-06
4.909501171824e-06
7.549954261776e-06
1.018811633458e-05
1.318180329690e-05
1.062668212626e-05
8.075968366938e-06
5.532565182875e-06
2.997474496169e-06
4.702677642854e-07
2.048724354609e-06
4.559929948300e-06
7.065550732932e-06
9.566944925155e-06
1.252001590046e-05
1.011648231497e-05
7.728627792858e-06
5.356063866202e-06
2.994340206897e-06
6.386615609699e-07
1.712655944175e-06
4.058088336478e-06
6.396242042683e-06
8.727773945338e-06
1.184875355875e-05
9.605741297491e-06
7.367597049779e-06
5.132596072599e-06
2.899466323925e-06
6.723047931700e-07
1.542975724078e-06
3.744299021946e-06
5.933812815329e-06
8.115715786516e-06
1.111565541123e-05
9.023344205161e-06
6.941328763332e-06
4.871814041962e-06
2.817324400439e-06
7.807271344973e-07
1.236743969457e-06
3.237020905544e-06
5.223941684562e-06
7.200193977042e-06
1.012871081230e-05
8.253908504230e-06
6.392439217962e-06
4.540315103441e-06
2.692051907616e-06
8.440549663646e-07
1.004572709462e-06
2.853899388811e-06
4.705255093995e-06
6.560977112713e-06
9.793731749141e-06
8.010897659005e-06
6.214470772647e-06
4.396380063554e-06
2.550339104346e-06
6.758765493942e-07
1.224045718118e-06
3.148293046706e-06
5.097957853195e-06
7.072984999468e-06
1.049018908361e-05
8.561797756101e-06
6.612396248329e-06
4.642627175144e-06
2.655317473454e-06
6.539510764014e-07
1.360102885428e-06
3.388024538253e-06
5.431454610516e-06
7.488847700188e-06
1.068199304655e-05
8.706513540346e-06
6.736015393471e-06
4.773190994456e-06
2.819574206114e-06
8.771082775638e-07
1.052536333646e-06
2.969698016386e-06
4.876638001861e-06
6.775510655643e-06
9.833093656653e-06
8.037494751534e-06
6.246100724638e-06
4.455602891085e-06
2.664008093234e-06
8.728076181796e-07
9.156275382338e-07
2.702684412270e-06
4.492647917687e-06
6.288367274010e-06
9.511121959349e-06
7.792916107974e-06
6.064574279208e-06
4.322105723986e-06
2.563553209711e-06
7.889888138379e-07
1.000765166737e-06
2.804432313042e-06
4.619770720637e-06
6.442527080708e-06
9.549989727020e-06
7.820942357739e-06
6.096314734805e-06
4.375756248010e-06
2.660086067863e-06
9.529735507385e-07
7.405493533952e-07
2.417385758235e-06
4.077469895947e-06
5.721340414766e-06
8.494253791014e-06
6.979614624925e-06
5.489501120337e-06
4.026172177873e-06
2.590518704437e-06
1.183397273508e-06
1.956689175131e-07
1.551091770580e-06
2.889722622967e-06
4.217316416089e-06
7.232324264805e-06
6.013097106461e-06
4.800503859315e-06
3.589156733597e-06
2.374597954713e-06
1.154347387455e-06
7.326741524594e-08
1.310353241024e-06
2.560216444181e-06
3.826582599231e-06
7.337089755310e-06
6.116596750871e-06
4.869199983659e-06
3.590333449210e-06
2.277565329223e-06
9.320366984866e-07
4.426717623573e-07
1.843947245561e-06
3.271799869253e-06
4.727080579414e-06
8.191796666779e-06
6.776311522572e-06
5.338867481441e-06
3.879222049363e-06
2.395359842922e-06
8.862138543009e-07
6.470401672232e-07
2.202154519182e-06
3.777287247431e-06
5.371128622755e-06
8.688404307122e-06
7.159649328514e-06
5.620387014460e-06
4.070385330124e-06
2.507052329292e-06
9.281629331781e-07
6.659334417236e-07
2.273441907619e-06
3.894028395734e-06
5.530123814879e-06
8.921037590426e-06
7.346390589191e-06
5.758190241067e-06
4.161517267676e-06
2.559576216754e-06
9.535798994875e-07
6.554532774317e-07
2.265797036216e-06
3.876008577208e-06
5.486348356953e-06
8.555839372093e-06
7.049334158182e-06
5.551679862492e-06
4.067443398981e-06
2.598113098884e-06
1.143226199929e-06
2.937876502074e-07
1.706735304197e-06
3.089939411893e-06
4.439702024683e-06
6.933571626178e-06
5.756325606399e-06
4.614703527750e-06
3.507571307182e-06
2.433142185509e-06
1.390233023812e-06
3.795747147706e-07
5.963667604192e-07
1.536162926641e-06
2.441568312861e-06
5.009040989989e-06
4.257492548732e-06
3.533066887940e-06
2.836686348928e-06
2.167444051793e-06
1.521088563550e-06
8.916641149881e-07
2.738739794950e-07
3.358534854669e-07
9.399839768776e-07
4.077600522123e-06
3.568080956029e-06
3.059974687858e-06
2.554072409566e-06
2.050304601653e-06
1.546903888539e-06
1.041395080392e-06
5.326924110705e-07
2.186089886891e-08
4.899463306174e-07
3.749805671305e-06
3.319396512325e-06
2.882319392938e-06
2.439749209771e-06
1.995544380406e-06
1.553718846026e-06
1.116516102684e-06
6.849106739537e-07
2.602165523058e-07
1.556429651828e-07
3.133751761197e-06
2.818959387696e-06
2.511317234166e-06
2.209565138855e-06
1.913697531108e-06
1.623620676128e-06
1.337728178896e-06
1.053408823282e-06
7.690589995946e-07
4.854009034716e-07
2.687051676276e-06
2.479769420916e-06
2.269991682624e-06
2.052395984720e-06
1.822403817187e-06
1.576926251801e-06
1.313055634000e-06
1.026847826324e-06
7.140738489397e-07
3.718915309037e-07
3.384358535641e-06
3.055103775296e-06
2.695132423014e-06
2.302913173935e-06
1.878090131413e-06
1.422553623343e-06
9.389707429364e-07
4.284426609047e-07
1.104111220229e-07
6.794589353376e-07
4.325126781168e-06
3.783447027672e-06
3.220581334062e-06
2.641212574872e-06
2.049603551768e-06
1.450665081393e-06
8.502265700372e-07
2.536801844144e-07
3.353432020958e-07
9.146747288469e-07
3.757397109894e-06
3.301908805042e-06
2.866225941034e-06
2.451899433709e-06
2.057916276499e-06
1.682923141288e-06
1.327895461145e-06
9.964471132662e-07
6.927030540282e-07
4.187333502159e-07
2.149267061213e-06
2.038973150320e-06
1.954508491053e-06
1.893595197089e-06
1.852784635048e-06
1.827825826695e-06
1.815175949105e-06
1.813349740587e-06
1.822308036026e-06
1.841632581545e-06
1.106672527840e-06
1.251839648830e-06
1.404232307323e-06
1.565855541230e-06
1.738541527629e-06
1.921971374941e-06
2.113733103215e-06
2.311162290880e-06
2.513081142297e-06
2.719665985751e-06
3.517505433592e-07
6.734098292327e-07
1.000874306101e-06
1.336756270121e-06
1.684438700522e-06
2.045832047770e-06
2.419999475478e-06
2.804017753988e-06
3.195224167030e-06
3.592310065414e-06
4.710043413070e-07
3.220009148208e-08
5.327638632480e-07
1.025776896313e-06
1.507725983174e-06
1.976731084596e-06
2.431215023080e-06
2.868990975458e-06
3.287349670700e-06
3.683938018639e-06
1.078780655916e-07
3.332526148370e-07
7.431690391968e-07
1.117490967317e-06
1.453599850265e-06
1.751093634539e-06
2.010517391682e-06
2.231521534668e-06
2.412945775632e-06
2.554714683356e-06
1.171743861050e-06
1.340905782854e-06
1.484848155542e-06
1.607438491646e-06
1.710616686523e-06
1.796218782601e-06
1.867429489266e-06
1.928205961121e-06
1.981877744583e-06
2.030225289218e-06
1.185959717986e-06
1.326197661911e-06
1.465400430334e-06
1.606217836070e-06
1.752102946284e-06
1.907483124342e-06
2.077226611163e-06
2.264813360853e-06
2.470391848419e-06
2.690568294383e-06
1.752589469106e-07
5.121390813656e-07
8.551296559745e-07
1.204811781008e-06
1.560091334341e-06
1.917557256093e-06
2.273929680996e-06
2.629261928178e-06
2.988222263411e-06
3.358068397574e-06
5.654951564793e-07
5.808300329591e-08
4.686924057751e-07
1.011405174722e-06
1.566418518451e-06
2.131874396127e-06
2.708938723117e-06
3.301734352590e-06
3.915662546206e-06
4.555104567316e-06
1.923446006913e-06
1.120305796576e-06
2.849590714504e-07
5.885693212804e-07
1.507372417109e-06
2.475268900071e-06
3.489378514132e-06
4.540630698102e-06
5.618138743557e-06
6.714078608638e-06
3.786517595472e-06
2.548373458922e-06
1.291870830755e-06
1.774361635398e-08
1.270133395792e-06
2.565998045156e-06
3.863965446271e-06
5.159540137356e-06
6.449809916376e-06
7.732076994671e-06
4.155856117904e-06
2.806052293636e-06
1.488462999077e-06
2.129528979822e-07
1.015960094719e-06
2.201028451054e-06
3.349964401878e-06
4.470482679153e-06
5.566302831994e-06
6.636594605425e-06
3.158631614042e-06
2.053783077827e-06
9.745380680215e-07
8.493873338011e-08
1.130384362114e-06
2.165524165321e-06
3.191628820787e-06
4.208973621189e-06
5.219197703354e-06
6.227458243302e-06
3.309866201562e-06
2.186874837662e-06
1.035386844705e-06
1.492321075602e-07
1.365437412915e-06
2.608144825444e-06
3.873270486565e-06
5.160861803688e-06
6.474597228134e-06
7.818538563242e-06
4.966317817434e-06
3.470363139968e-06
1.950562591446e-06
4.104419986106e-07
1.149933439137e-06
2.733646226716e-06
4.344449564542e-06
5.983638288853e-06
7.647937081856e-06
9.329678334780e-06
6.304921555511e-06
4.518342677784e-06
2.733043572789e-06
9.460951559959e-07
8.470781835968e-07
2.648545091688e-06
4.455866417175e-06
6.263783802751e-06
8.068026716046e-06
9.868209190245e-06
6.781308002246e-06
4.878186530277e-06
2.973515279336e-06
1.072825398296e-06
8.155893169715e-07
2.684612240955e-06
4.531610272807e-06
6.358718621868e-06
8.170684282049e-06
9.971256986319e-06
6.614041012654e-06
4.733557545933e-06
2.875211464470e-06
1.043958320679e-06
7.587585741931e-07
2.534205975735e-06
4.283292412310e-06
6.003710495861e-06
7.689882352224e-06
9.336030188933e-06
5.565564720200e-06
3.897489307292e-06
2.261780309709e-06
6.523043794004e-07
9.329885983789e-07
2.491638724678e-06
4.019430377866e-06
5.513927817447e-06
6.976332713293e-06
8.410749501309e-06
4.731808701308e-06
3.242211448651e-06
1.772495522800e-06
3.229487219869e-07
1.107788591526e-06
2.524259173242e-06
3.933561345093e-06
5.342657004803e-06
6.755205106401e-06
8.170384603545e-06
4.996103143640e-06
3.487601759389e-06
1.983039396691e-06
4.785724172507e-07
1.030531734614e-06
2.547001486164e-06
4.070426484759e-06
5.598824941444e-06
7.130975859582e-06
8.667818462982e-06
5.650301318383e-06
4.003634899163e-06
2.350379588734e-06
6.946127655283e-07
9.583505971023e-07
2.604252756555e-06
4.241169278885e-06
5.869372898815e-06
7.490065627280e-06
9.103506556585e-06
5.740225219597e-06
4.057934290813e-06
2.389597739239e-06
7.359500386883e-07
9.034404229169e-07
2.528698018978e-06
4.138278768551e-06
5.728953226480e-06
7.297820502572e-06
8.844509181927e-06
5.291055913403e-06
3.691945380524e-06
2.102165183260e-06
5.189502871872e-07
1.058691111666e-06
2.631674476561e-06
4.202515526686e-06
5.775635997907e-06
7.356248147516e-06
8.948655988661e-06
5.903615601710e-06
4.194637426735e-06
2.468577122272e-06
7.218896485028e-07
1.051608194302e-06
2.859683490897e-06
4.709387610546e-06
6.604805037114e-06
8.546449407731e-06
1.053260041317e-05
8.136556630234e-06
5.973354916478e-06
3.764227926695e-06
1.507037097781e-06
7.983489354046e-07
3.149623751142e-06
5.543199677049e-06
7.976117501585e-06
1.044719795118e-05
1.295662116263e-05
1.040766738925e-05
7.725487819243e-06
5.009224878449e-06
2.264418696996e-06
5.025459586250e-07
3.286031244443e-06
6.082357401738e-06
8.890174456155e-06
1.170962190145e-05
1.454077852259e-05
1.148380681570e-05
8.533369964425e-06
5.577273157087e-06
2.617171674046e-06
3.467976625871e-07
3.315584933716e-06
6.290184273894e-06
9.270361147173e-06
1.225416718853e-05
1.523817917359e-05
1.202981610504e-05
8.956412955285e-06
5.889263263725e-06
2.826208799434e-06
2.352156229790e-07
3.295591454844e-06
6.352165371482e-06
9.399574935287e-06
1.243217332103e-05
1.544617072113e-05
1.192577212805e-05
8.857764896675e-06
5.813249231323e-06
2.797687386646e-06
1.811828269638e-07
3.116177538232e-06
6.003376938679e-06
8.843201612763e-06
1.163914720337e-05
1.439462835151e-05
1.045551198331e-05
7.692098392909e-06
4.977378978310e-06
2.315193341929e-06
2.946501922452e-07
2.856332059764e-06
5.375430589538e-06
7.855796184231e-06
1.029833856592e-05
1.270275828347e-05
9.010495773509e-06
6.583545200556e-06
4.175789001692e-06
1.775951318450e-06
6.238749961085e-07
3.026189574484e-06
5.429331906726e-06
7.830790309526e-06
1.023056654503e-05
1.263255830963e-05
9.454312703383e-06
6.942136792532e-06
4.412491875883e-06
1.865605554485e-06
6.968616048653e-07
3.274559901456e-06
5.869732831343e-06
8.486062540669e-06
1.112570174655e-05
1.378689700005e-05
1.068426405482e-05
7.914634352346e-06
5.142810493908e-06
2.370884033098e-06
4.024881263831e-07
3.180215969678e-06
5.964558909000e-06
8.755796272908e-06
1.155256052243e-05
1.435284173112e-05
1.124815565845e-05
8.358824004517e-06
5.467014943861e-06
2.572287371549e-06
3.247795348216e-07
3.222440966510e-06
6.118590988535e-06
9.011903898681e-06
1.190254494077e-05
1.479191644194e-05
1.163210333743e-05
8.647572940390e-06
5.661859404427e-06
2.676822930425e-06
3.044313530154e-07
3.278074302671e-06
6.240278992209e-06
9.187947796363e-06
1.211897813391e-05
1.503175019479e-05
1.142745384186e-05
8.463514177492e-06
5.527268172045e-06
2.621886494580e-06
2.510638523745e-07
3.091719008808e-06
5.900757457766e-06
8.678404128659e-06
1.142382359376e-05
1.413581645693e-05
1.035449156461e-05
7.623606677498e-06
4.923057304040e-06
2.249042552194e-06
4.018589265797e-07
3.032131814962e-06
5.643632391639e-06
8.239077260441e-06
1.082322529555e-05
1.340293835028e-05
1.020125500872e-05
7.531144888162e-06
4.852277697864e-06
2.165645412333e-06
5.285006068334e-07
3.232949779886e-06
5.953408333426e-06
8.695838062067e-06
1.146305538668e-05
1.425346795259e-05
1.140186753901e-05
8.494833821260e-06
5.571964379669e-06
2.628964693940e-06
3.391353402549e-07
3.333686152018e-06
6.350116620979e-06
9.379452762914e-06
1.241325060164e-05
1.544882110238e-05
1.229781850043e-05
9.158362843209e-06
5.995362755584e-06
2.808241390539e-06
3.965623704971e-07
3.610640249008e-06
6.830210793396e-06
1.005928203313e-05
1.330717259407e-05
1.658228183032e-05
1.351676485228e-05
1.010817680935e-05
6.683664878437e-06
3.247375502724e-06
2.048746523542e-07
3.684523449010e-06
7.204181883935e-06
1.077014093198e-05
1.437860186115e-05
1.801802460477e-05
1.527291379944e-05
1.152001550508e-05
7.752509361580e-06
3.964057498251e-06
1.510493348178e-07
3.682727140131e-06
7.527108607519e-06
1.137113156346e-05
1.520876713812e-05
1.904107318751e-05
1.581964698971e-05
1.190061220768e-05
7.980801512986e-06
4.070258285083e-06
1.828649374147e-07
3.669617569813e-06
7.482068554054e-06
1.125647685285e-05
1.499825054907e-05
1.871112056051e-05
1.480023394151e-05
1.106992755240e-05
7.378530426649e-06
3.726346449184e-06
1.092604975383e-07
3.478503742826e-06
7.040721470730e-06
1.057683454064e-05
1.408250830082e-05
1.755193790132e-05
1.367974203959e-05
1.020799822982e-05
6.771811456474e-06
3.364123415395e-06
2.140541255358e-08
3.387793697129e-06
6.734551163845e-06
1.005976082524e-05
1.336286192100e-05
1.664579934868e-05
1.312209758453e-05
9.787403257633e-06
6.468318929365e-06
3.168451257807e-06
1.075252953342e-07
3.356554316269e-06
6.579489649994e-06
9.781714709334e-06
1.297165846381e-05
1.615718423409e-05
1.285461041789e-05
9.594785183253e-06
6.342074470922e-06
3.099493540049e-06
1.342276618743e-07
3.364034000697e-06
6.594815999961e-06
9.827771634718e-06
1.305975484911e-05
1.628600210779e-05
1.299569760249e-05
9.712339078760e-06
6.426019979244e-06
3.127225397748e-06
1.899480821521e-07
3.524417081735e-06
6.868598234178e-06
1.021303404514e-05
1.355240527801e-05
1.688863761728e-05
1.348471158735e-05
1.006587723396e-05
6.637400190357e-06
3.205565406006e-06
2.220018018306e-07
3.642319768460e-06
7.059241511342e-06
1.048081190902e-05
1.391371199588e-05
1.735875417808e-05
1.402297596087e-05
1.050473338182e-05
6.997535876963e-06
3.502479728468e-06
1.349724243482e-08
3.478522501155e-06
6.979229226545e-06
1.048698402428e-05
1.399447040740e-05
1.749456356492e-05
1.424115799864e-05
1.068573891416e-05
7.129059554245e-06
3.569165187400e-06
1.011426320474e-08
3.540365014487e-06
7.075377538968e-06
1.059217964894e-05
1.409283242992e-05
1.758242592587e-05
1.408178508200e-05
1.053563937603e-05
7.000283062553e-06
3.483317811970e-06
9.534005585010e-09
3.477746190583e-06
6.924859007995e-06
1.035406563688e-05
1.376456054913e-05
1.715218974141e-05
1.341911678310e-05
1.001438647563e-05
6.631188796291e-06
3.263519033680e-06
9.346007345812e-08
3.442239460583e-06
6.782660307181e-06
1.011239442050e-05
1.342801698456e-05
1.672757991855e-05
1.314555305498e-05
9.804000058011e-06
6.468622189004e-06
3.138611361919e-06
1.840442109824e-07
3.498279056657e-06
6.806511123614e-06
1.011340543755e-05
1.342208776123e-05
1.673250801559e-05
1.335233002919e-05
9.982576443690e-06
6.621881937008e-06
3.278343740476e-06
4.389511332192e-08
3.346170160512e-06
6.632550878294e-06
9.905994431847e-06
1.316608637580e-05
1.641162225496e-05
1.292574194167e-05
9.655005612785e-06
6.401926043509e-06
3.165806674588e-06
5.733551233789e-08
3.269946034834e-06
6.468734568443e-06
9.646029525356e-06
1.279687683109e-05
1.592222122326e-05
1.227902686196e-05
9.127564737810e-06
5.978948593111e-06
2.828963545198e-06
3.231320988561e-07
3.474891400401e-06
6.623202693845e-06
9.768718712166e-06
1.291787378932e-05
1.607932989600e-05
1.274414904628e-05
9.503708838565e-06
6.260767008825e-06
3.018024528956e-06
2.274562120874e-07
3.482717943371e-06
6.756215555015e-06
1.005685209066e-05
1.338636872106e-05
1.673811686942e-05
1.379095550647e-05
1.035999127907e-05
6.910129172866e-06
3.434678262693e-06
6.826508069935e-08
3.594473582780e-06
7.136696353882e-06
1.068863690534e-05
1.424773438430e-05
1.781715678817e-05
1.474602134977e-05
1.107320952087e-05
7.373909738817e-06
3.658011792140e-06
6.464375701398e-08
3.790927110003e-06
7.522545274696e-06
1.126281483721e-05
1.501196555864e-05
1.876577294979e-05
1.527259757950e-05
1.147270148749e-05
7.693755605942e-06
3.932504398563e-06
1.789708790056e-07
3.573062997475e-06
7.321129430693e-06
1.105574176563e-05
1.476828100522e-05
1.845576332471e-05
1.480507069118e-05
1.109303599378e-05
7.390857717837e-06
3.695733539644e-06
1.358478129987e-08
3.646938296242e-06
7.283808315606e-06
1.090458891895e-05
1.452064105933e-05
1.814112880538e-05
1.480128173625e-05
1.110442599384e-05
7.406564407120e-06
3.711952842878e-06
1.896347612274e-08
3.681847374537e-06
7.400648883049e-06
1.113996739832e-05
1.489491819484e-05
1.865896359732e-05
1.554698036443e-05
1.170996893052e-05
7.862955442306e-06
4.002372747891e-06
1.267598008781e-07
3.761947539260e-06
7.656397770006e-06
1.154983368679e-05
1.544286760691e-05
1.934126021297e-05
1.606386939557e-05
1.209389239420e-05
8.118280732106e-06
4.140792327689e-06
1.646396299293e-07
3.810741759480e-06
7.789862252139e-06
1.177876498559e-05
1.578040439654e-05
1.979210617264e-05
1.662231585442e-05
1.254080689250e-05
8.444230616078e-06
4.327725491748e-06
1.874019517345e-07
3.980087569744e-06
8.173508376785e-06
1.238774996182e-05
1.661937363906e-05
2.087014513563e-05
1.786394307146e-05
1.350530914124e-05
9.127278246979e-06
4.736434561892e-06
3.396308443371e-07
4.054679777710e-06
8.441830857464e-06
1.282588317508e-05
1.720778345771e-05
2.158336201319e-05
1.794597625349e-05
1.354758859407e-05
9.180111703699e-06
4.848683488490e-06
5.570574330704e-07
3.695880138821e-06
7.911167529073e-06
1.208340910352e-05
1.620503343247e-05
2.027585310316e-05
1.618703936401e-05
1.214874282596e-05
8.146737627612e-06
4.171615842097e-06
2.154999947379e-07
3.721796474565e-06
7.638199065241e-06
1.153571253099e-05
1.541933960425e-05
1.929437939907e-05
1.581932662020e-05
1.188468871760e-05
7.939623117181e-06
3.983769829574e-06
1.631912027733e-08
3.966329757077e-06
7.969268835950e-06
1.199524950835e-05
1.604357697715e-05
2.011159608628e-05
1.692581605539e-05
1.277153802448e-05
8.620603466625e-06
4.476540368614e-06
3.408842417230e-07
3.782231829064e-06
7.888824541169e-06
1.197507708639e-05
1.603588975740e-05
2.006382788977e-05
1.610865768953e-05
1.210109974181e-05
8.135524012687e-06
4.216797719891e-06
3.518086373333e-07
3.457614866420e-06
7.208392730718e-06
1.089991019398e-05
1.453605341339e-05
1.812409601598e-05
1.404377024983e-05
1.048114290825e-05
6.961208896428e-06
3.481054307031e-06
3.463782149993e-08
3.383781006505e-06
6.782726529764e-06
1.017031331685e-05
1.355050409302e-05
1.692191995062e-05
1.357197999141e-05
1.016210302396e-05
6.745286952992e-06
3.312511296372e-06
1.417187149855e-07
3.619361564233e-06
7.117521818145e-06
1.062929760565e-05
1.415194236642e-05
1.769280203234e-05
1.466312897946e-05
1.100614798588e-05
7.315209018088e-06
3.593413509861e-06
1.545277541481e-07
3.924358907170e-06
7.718915753685e-06
1.154973335815e-05
1.542642218055e-05
1.934752725674e-05
1.652710727740e-05
1.248528576525e-05
8.418644313224e-06
4.327543138061e-06
2.009839477068e-07
3.971892056143e-06
8.192856682854e-06
1.245704214625e-05
1.675723626704e-05
2.108738345896e-05
1.836515008335e-05
1.392370324993e-05
9.448668436107e-06
4.939919392655e-06
4.089920935257e-07
4.129865715186e-06
8.667109966609e-06
1.319683326528e-05
1.771776550186e-05
2.223317011385e-05
1.862196830871e-05
1.406574529028e-05
9.536743505123e-06
5.044105364505e-06
5.958221436231e-07
3.803931861057e-06
8.153966291502e-06
1.245332396138e-05
1.669517030223e-05
2.086827430503e-05
1.629140467685e-05
1.220712056238e-05
8.190272467345e-06
4.233041636326e-06
3.283050205027e-07
3.525989143327e-06
7.326097772875e-06
1.106885679292e-05
1.475809284557e-05
1.840215145421e-05
1.427561812761e-05
1.065068403250e-05
7.051062368646e-06
3.473658750863e-06
8.464974143862e-08
3.633834296579e-06
7.186352718236e-06
1.075062664313e-05
1.433364593595e-05
1.793998643507e-05
1.498116773746e-05
1.127126824940e-05
7.539486205133e-06
3.781503437494e-06
8.728079592402e-09
3.832494940070e-06
7.690027246099e-06
1.158621608965e-05
1.552186813569e-05
1.949638181031e-05
1.691320022701e-05
1.279849129787e-05
8.649949677419e-06
4.472764715047e-06
2.692356133593e-07
3.959015089094e-06
8.208200029003e-06
1.247332977528e-05
1.675153754377e-05
2.104065816866e-05
1.786092286693e-05
1.350460013327e-05
9.136314247371e-06
4.754275892083e-06
3.629194225141e-07
4.033041250295e-06
8.425368264398e-06
1.280464425690e-05
1.717017642022e-05
2.152875202910e-05
1.790224268916e-05
1.349612051627e-05
9.091554431961e-06
4.695000143329e-06
3.124433192170e-07
4.057817250214e-06
8.426619672264e-06
1.280662638692e-05
1.720158689977e-05
2.160584216426e-05
1.828134674042e-05
1.383144473266e-05
9.393043740147e-06
4.957355884017e-06
5.098960969008e-07
3.956877833389e-06
8.440645387964e-06
1.293761363286e-05
1.743705269064e-05
2.193368351300e-05
1.881281434635e-05
1.424348357659e-05
9.651350467266e-06
5.039963241416e-06
4.164746201241e-07
4.204029210086e-06
8.809140751964e-06
1.340112459047e-05
1.799110356160e-05
2.258742028971e-05
1.911523673925e-05
1.445033728942e-05
9.791816466986e-06
5.150776360097e-06
5.305795411914e-07
4.079191853634e-06
8.689846424659e-06
1.330331161853e-05
1.791812695728e-05
2.252624932453e-05
1.904587190893e-05
1.441730950091e-05
9.798339476674e-06
5.176631646009e-06
5.434159220385e-07
4.107766017114e-06
8.771560146670e-06
1.343801653775e-05
1.810410986991e-05
2.277531467598e-05
1.965510006130e-05
1.488713451181e-05
1.009019757703e-05
5.268709685424e-06
4.343192472334e-07
4.406197319895e-06
9.251722417503e-06
1.410463289631e-05
1.897289592989e-05
2.386341083138e-05
2.059572966573e-05
1.561684473472e-05
1.064415960172e-05
5.686560257345e-06
7.482158252969e-07
4.176034792636e-06
9.094409506361e-06
1.400605498247e-05
1.890165736995e-05
2.377224438987e-05
2.000919749889e-05
1.515493187298e-05
1.033759593838e-05
5.544947384806e-06
7.706456131018e-07
3.983910630723e-06
8.713185422948e-06
1.340576744724e-05
1.805380242104e-05
2.266394295702e-05
1.888388925408e-05
1.424659438953e-05
9.610454299036e-06
4.975543163255e-06
3.521923872540e-07
4.250075903656e-06
8.836479480578e-06
1.341910461861e-05
1.801217615593e-05
2.262698393452e-05
1.932705640684e-05
1.463283956582e-05
9.948696856554e-06
5.278228286443e-06
6.149682576506e-07
4.054185467339e-06
8.744732724608e-06
1.345835630673e-05
1.818070398940e-05
2.289493460239e-05
1.958823924042e-05
1.486146777552e-05
1.014662262833e-05
5.429387670119e-06
7.095956675585e-07
3.998298382157e-06
8.677904077103e-06
1.331713059471e-05
1.791308636712e-05
2.248022309459e-05
1.874767718846e-05
1.414308616177e-05
9.542855309519e-06
4.957917269621e-06
4.030913487441e-07
4.115166973406e-06
8.606915514520e-06
1.308535343014e-05
1.755879077336e-05
2.202900378734e-05
1.833002488638e-05
1.384101022950e-05
9.375181605265e-06
4.920843196032e-06
4.638280870495e-07
4.007234224446e-06
8.499033867793e-06
1.300540287730e-05
1.751351663870e-05
2.201857853379e-05
1.871203215842e-05
1.415984553432e-05
9.598608016859e-06
5.022998720960e-06
4.369688895167e-07
4.155628744229e-06
8.755055773690e-06
1.336234487326e-05
1.798131188480e-05
2.261984042207e-05
1.953721505288e-05
1.480978232848e-05
1.006929863934e-05
5.317177624420e-06
5.577393835665e-07
4.208061000099e-06
8.982627093701e-06
1.376286166987e-05
1.854688906633e-05
2.333887726991e-05
2.011931155721e-05
1.525171012418e-05
1.037071962173e-05
5.481086134296e-06
5.912855272072e-07
4.294058555843e-06
9.174017236546e-06
1.404728902799e-05
1.891634218509e-05
2.378303088335e-05
2.017107090069e-05
1.527730853468e-05
1.040318471723e-05
5.548844399073e-06
7.090346230143e-07
4.127288889322e-06
8.963616949131e-06
1.379508239552e-05
1.861701150574e-05
2.342199246641e-05
1.987742467691e-05
1.505319323769e-05
1.022728162070e-05
5.392387492975e-06
5.447606667985e-07
4.315736134686e-06
9.184560667563e-06
1.406068770393e-05
1.895502151683e-05
2.387771075973e-05
2.098879770074e-05
1.593857285798e-05
1.085066986661e-05
5.735204695156e-06
5.958904125691e-07
4.570282385430e-06
9.768717802672e-06
1.500381551978e-05
2.028164396961e-05
2.559763930776e-05
2.276460958228e-05
1.734253720542e-05
1.190445141219e-05
6.455882726186e-06
9.962715807887e-07
4.474123500131e-06
9.947939304311e-06
1.541539012351e-05
2.087053275091e-05
2.630468725329e-05
2.263678243253e-05
1.719595104532e-05
1.177861491897e-05
6.387156588517e-06
1.021933258016e-06
4.313828867453e-06
9.611555412903e-06
1.486644367787e-05
2.007834996220e-05
2.524723510078e-05
2.117517169609e-05
1.602161216852e-05
1.089824161227e-05
5.807120260215e-06
7.488065421057e-07
4.273813487998e-06
9.261147909001e-06
1.422335026291e-05
1.916917341305e-05
2.410293302546e-05
2.044524273970e-05
1.548634452320e-05
1.055534482930e-05
5.655313373154e-06
7.805866175659e-07
4.076553750565e-06
8.922731694838e-06
1.376314497747e-05
1.858921172015e-05
2.338893926890e-05
1.975364443751e-05
1.496508588161e-05
1.019981533545e-05
5.444706687285e-06
6.976150643823e-07
4.031667970139e-06
8.729971057164e-06
1.338708869980e-05
1.799816061521e-05
2.257388899807e-05
1.864213936642e-05
1.405037232871e-05
9.472856277171e-06
4.918940589960e-06
4.030572426927e-07
4.071531918726e-06
8.514898524936e-06
1.293962429827e-05
1.735423558102e-05
2.176015982513e-05
1.790081591935e-05
1.350840733494e-05
9.160423019239e-06
4.850045286275e-06
5.660943429575e-07
3.706108770984e-06
7.970276669766e-06
1.221399838869e-05
1.642333552354e-05
2.058936394178e-05
1.671419687455e-05
1.257980443370e-05
8.463892356758e-06
4.362981258055e-06
2.851074896171e-07
3.760227855309e-06
7.762224356611e-06
1.171966295033e-05
1.564768200524e-05
1.956024294714e-05
1.579098875482e-05
1.184815943134e-05
7.920255086447e-06
4.017421133540e-06
1.367203026348e-07
3.732064499218e-06
7.603326992012e-06
1.149223669472e-05
1.540364098673e-05
1.932994257459e-05
1.626264474908e-05
1.228302670597e-05
8.295527152313e-06
4.286781120300e-06
2.437541297695e-07
3.836031112314e-06
7.948421455239e-06
1.208522314755e-05
1.623583267474e-05
2.039909435325e-05
1.744614934296e-05
1.319032367064e-05
8.903918057968e-06
4.588717104070e-06
2.589316636659e-07
4.069048088695e-06
8.387988827963e-06
1.269660015168e-05
1.699918942677e-05
2.130527718691e-05
1.767423623278e-05
1.332691755351e-05
9.000064778775e-06
4.705313358500e-06
4.496430960899e-07
3.772703905724e-06
7.973682954798e-06
1.215723932546e-05
1.632242202732e-05
2.045919831062e-05
1.656223827240e-05
1.247963291462e-05
8.442100977391e-06
4.437554025571e-06
4.504425987761e-07
3.528254694629e-06
7.491740291243e-06
1.142489463746e-05
1.532051385311e-05
1.917879484381e-05
1.550055526423e-05
1.163149698868e-05
7.749949645586e-06
3.857381273065e-06
3.671851800391e-08
3.917387346064e-06
7.778159726968e-06
1.163146879435e-05
1.549896910547e-05
1.939710506349e-05
1.618700304107e-05
1.218720950646e-05
8.178020493688e-06
4.168166071850e-06
1.516958150205e-07
3.886699857958e-06
7.966299449436e-06
1.209501954236e-05
1.626003268029e-05
2.044044464355e-05
1.734628625627e-05
1.313304750283e-05
8.915368141516e-06
4.673084163187e-06
3.990896288997e-07
3.897291378507e-06
8.197474073768e-06
1.247910654456e-05
1.673070329389e-05
2.096018801012e-05
1.718715350307e-05
1.293202200259e-05
8.686339810993e-06
4.468235772492e-06
3.003872848240e-07
3.808436872532e-06
7.866279418067e-06
1.188664612073e-05
1.588410003706e-05
1.986039006852e-05
1.576929213343e-05
1.184484403893e-05
7.979649069512e-06
4.169489159267e-06
3.967323891629e-07
3.357571927154e-06
7.098964488250e-06
1.082045940848e-05
1.451344348880e-05
1.817186006292e-05
1.465743525841e-05
1.100268832488e-05
7.336948726788e-06
3.654018485122e-06
4.275847231838e-08
3.742089802472e-06
7.432034522026e-06
1.111458612968e-05
1.480333588688e-05
1.851133725950e-05
1.526851303879e-05
1.147352980979e-05
7.668015257423e-06
3.867896396059e-06
7.634616849828e-08
3.709825477927e-06
7.498930301608e-06
1.129974725700e-05
1.510846317387e-05
1.891078591143e-05
1.527959955183e-05
1.149547529167e-05
7.746173821488e-06
4.024744725939e-06
3.220807229809e-07
3.362559255038e-06
7.023700561604e-06
1.065214661367e-05
1.423603185913e-05
1.776964342071e-05
1.378185123713e-05
1.029471201264e-05
6.834236955910e-06
3.395396618089e-06
1.674510485827e-08
3.391123357233e-06
6.721599049797e-06
1.000620829927e-05
1.324972629391e-05
1.646463226734e-05
1.243776682713e-05
9.227435441517e-06
6.038247988727e-06
2.878234738546e-06
2.447588371979e-07
3.329833930366e-06
6.388859162598e-06
9.433407683446e-06
1.247040904673e-05
1.550013013230e-05
1.173772216134e-05
8.727475233172e-06
5.752238280365e-06
2.803269410379e-06
1.340159201391e-07
3.075371580508e-06
6.031366808656e-06
8.995566304293e-06
1.195820880184e-05
1.491177181379e-05
1.172127537075e-05
8.741529939016e-06
5.732773388445e-06
2.681315834252e-06
4.124277097617e-07
3.541376656813e-06
6.692957526866e-06
9.862731701560e-06
1.306177830429e-05
1.630937845221e-05
1.361628443419e-05
1.020991925316e-05
6.745689006493e-06
3.241630167850e-06
2.893668238357e-07
3.849839401937e-06
7.450446162238e-06
1.110193812792e-05
1.480858713876e-05
1.856101357589e-05
1.558212176178e-05
1.176586374640e-05
7.950243002597e-06
4.132448566452e-06
3.041179184038e-07
3.542526030742e-06
7.400525191770e-06
1.125324422446e-05
1.508671340389e-05
1.889223699436e-05
1.527898120912e-05
1.147992634287e-05
7.683094679578e-06
3.889338188401e-06
1.068335109267e-07
3.653202327314e-06
7.382334899830e-06
1.108163485242e-05
1.476529666888e-05
1.844692729946e-05
1.487260493604e-05
1.115080266345e-05
7.432656047968e-06
3.726626459866e-06
3.235277290514e-08
3.659662638711e-06
7.358534105606e-06
1.107151024371e-05
1.479799169601e-05
1.852627877952e-05
1.506691535269e-05
1.133755688443e-05
7.626904789504e-06
3.930010734621e-06
2.408090153949e-07
3.442477861881e-06
7.109844773368e-06
1.074625299680e-05
1.434261230315e-05
1.789397606444e-05
1.384074045063e-05
1.033274452311e-05
6.854553930680e-06
3.412436001327e-06
1.750254341459e-08
3.320652410821e-06
6.596277103199e-06
9.814297129651e-06
1.298970346397e-05
1.613413746782e-05
1.206861708170e-05
8.949178265993e-06
5.864094134722e-06
2.818074165134e-06
1.961667521755e-07
3.194532553152e-06
6.192159844431e-06
9.196721919125e-06
1.220924212930e-05
1.522092475170e-05
1.192779893699e-05
8.904830281153e-06
5.874667238004e-06
2.822714975537e-06
2.605885356388e-07
3.377304267360e-06
6.515237203075e-06
9.663782122971e-06
1.282005723624e-05
1.598886217380e-05
1.287307492248e-05
9.619701017982e-06
6.335339946872e-06
3.034542260139e-06
2.688717017918e-07
3.565799090666e-06
6.858331119020e-06
1.015865831278e-05
1.347928838413e-05
1.682079431475e-05
1.347537931906e-05
1.009759120052e-05
6.730544384936e-06
3.372755827513e-06
1.116973180615e-08
3.367156068634e-06
6.763841781776e-06
1.017079154053e-05
1.357592475415e-05
1.696931542483e-05
1.360936607853e-05
1.019560750137e-05
6.765165551315e-06
3.314080800010e-06
1.525598349872e-07
3.624011924330e-06
7.088892346019e-06
1.054499324482e-05
1.400219065317e-05
1.747037549649e-05
1.400601126988e-05
1.048609397003e-05
6.971135348977e-06
3.473379820207e-06
4.508592610364e-09
3.470753938473e-06
6.933749943983e-06
1.039487420940e-05
1.384993180409e-05
1.728714528326e-05
1.352157579504e-05
1.011445721133e-05
6.732836993706e-06
3.368352963662e-06
2.001291932174e-08
3.307636859518e-06
6.607196723962e-06
9.871356837721e-06
1.310115561637e-05
1.630510905670e-05
1.248721139291e-05
9.291467108596e-06
6.121479714238e-06
2.985899470787e-06
1.115722056966e-07
3.172357253334e-06
6.207283718140e-06
9.227759562691e-06
1.223662758321e-05
1.522750261529e-05
1.159532081374e-05
8.629032436147e-06
5.685439475656e-06
2.752429224984e-06
1.814241841203e-07
3.117095559446e-06
6.045874670235e-06
8.959197771219e-06
1.185246043178e-05
1.473188461887e-05
1.133215010896e-05
8.402954961184e-06
5.445365786727e-06
2.463793634888e-06
5.342129725250e-07
3.542198498963e-06
6.562523878983e-06
9.607199558559e-06
1.269123180236e-05
1.581969877407e-05
1.279183862835e-05
9.574645673638e-06
6.342429742290e-06
3.097269598129e-06
1.712553512334e-07
3.478857252048e-06
6.833855991317e-06
1.023219596163e-05
1.366162325667e-05
1.710801819854e-05
1.408003726056e-05
1.059624173649e-05
7.100457480647e-06
3.589368589019e-06
6.865400337119e-08
3.449717780768e-06
6.951933698929e-06
1.042653849481e-05
1.387182447843e-05
1.729512729298e-05
1.351132431182e-05
1.008522548318e-05
6.675367217213e-06
3.290526478850e-06
5.811870096295e-08
3.362664415363e-06
6.625750472722e-06
9.852209700512e-06
1.304571031824e-05
1.620619582354e-05
1.204875871963e-05
8.935071036831e-06
5.864171328085e-06
2.831913320733e-06
1.707615524538e-07
3.152093029257e-06
6.116646375176e-06
9.065390145224e-06
1.199435462240e-05
1.489545053346e-05
1.105524216882e-05
8.188286813038e-06
5.345082627173e-06
2.520178725263e-06
2.921753434748e-07
3.091870723892e-06
5.874888074686e-06
8.637929624911e-06
1.138319862548e-05
1.411781249772e-05
1.056896519458e-05
7.813208071639e-06
5.057930081875e-06
2.308656519290e-06
4.275071319171e-07
3.149760459564e-06
5.864818263035e-06
8.582663724610e-06
1.131019905642e-05
1.404960556783e-05
1.079349141264e-05
8.019148140193e-06
5.248576087524e-06
2.477023201664e-06
3.043857645935e-07
3.101373806658e-06
5.913582526773e-06
8.735006019833e-06
1.155473080416e-05
1.436487934825e-05
1.096982202853e-05
8.143012053097e-06
5.310489029853e-06
2.475226040133e-06
3.515609705573e-07
3.154815260586e-06
5.920728085584e-06
8.645157777210e-06
1.133527996444e-05
1.400120009976e-05
9.890191392969e-06
7.254438344262e-06
4.662402830036e-06
2.125130947661e-06
3.542480726537e-07
2.784655464438e-06
5.179510765174e-06
7.545614664650e-06
9.877891727683e-06
1.216541176063e-05
8.029797811560e-06
5.829635711052e-06
3.673096387047e-06
1.540061361993e-06
5.876292448193e-07
2.715448886192e-06
4.838682457375e-06
6.950962074370e-06
9.052885559413e-06
1.115303962251e-05
7.980760983628e-06
5.814249959712e-06
3.611557815475e-06
1.379513946631e-06
8.726926239433e-07
3.140376350075e-06
5.427092787613e-06
7.744331583126e-06
1.010649947375e-05
1.252264036111e-05
9.791394120384e-06
7.257540175942e-06
4.691512685895e-06
2.096383980188e-06
5.292111495692e-07
3.189264020875e-06
5.886198380267e-06
8.617264938948e-06
1.137194044531e-05
1.413896842450e-05
1.093618340064e-05
8.131566232805e-06
5.317242710134e-06
2.488708332749e-06
3.570615376702e-07
3.219093002826e-06
6.089730163694e-06
8.959648653217e-06
1.182224764307e-05
1.467519831522e-05
1.100705026147e-05
8.150533517437e-06
5.301408350533e-06
2.459412087319e-06
3.703696620505e-07
3.181253191542e-06
5.970650818199e-06
8.740826046960e-06
1.149723698290e-05
1.424762979241e-05
1.059969793005e-05
7.830684239707e-06
5.073743807316e-06
2.337813555187e-06
3.736026883416e-07
3.064565248678e-06
5.746423539676e-06
8.431938113063e-06
1.112735782272e-05
1.382875177569e-05
1.054031042713e-05
7.831731068109e-06
5.126961923452e-06
2.412087155790e-06
3.273034963058e-07
3.100369951881e-06
5.903621456582e-06
8.723127223220e-06
1.154519185320e-05
1.436771611907e-05
1.123951602722e-05
8.355491786460e-06
5.434574802621e-06
2.480214845946e-06
4.920864284941e-07
3.463006578386e-06
6.421478531138e-06
9.371332112096e-06
1.232622298630e-05
1.529478765860e-05
1.160268107014e-05
8.613011061698e-06
5.658528266395e-06
2.755942148269e-06
9.349838592243e-08
2.901462210048e-06
5.681053551143e-06
8.433705374955e-06
1.114516066991e-05
1.379396223911e-05
9.469545830143e-06
6.948720056243e-06
4.492206187479e-06
2.081083152916e-06
2.942383616755e-07
2.628081574585e-06
4.906117908376e-06
7.118299834019e-06
9.268953306218e-06
1.137603521784e-05
7.499331900362e-06
5.394893094035e-06
3.290221059160e-06
1.193448667891e-06
8.846792525219e-07
2.943498941477e-06
4.995337576474e-06
7.058788924041e-06
9.147759101324e-06
1.126803789475e-05
8.136969029238e-06
5.953786057944e-06
3.757053661957e-06
1.540437835956e-06
7.095145519997e-07
3.003120298217e-06
5.340957784483e-06
7.714093101185e-06
1.010957026892e-05
1.251779372069e-05
9.323623999080e-06
6.872932317492e-06
4.400101204283e-06
1.899855078591e-06
6.265590855037e-07
3.173479228735e-06
5.736517891819e-06
8.315460092945e-06
1.091233963280e-05
1.352857754000e-05
1.028422940408e-05
7.611520402406e-06
4.925232474307e-06
2.230499148936e-06
4.702383762378e-07
3.177835708357e-06
5.895048275306e-06
8.623478152003e-06
1.136333759177e-05
1.411401268570e-05
1.080045495883e-05
8.019653762403e-06
5.244639680768e-06
2.484689730409e-06
2.523983084757e-07
2.958921356822e-06
5.628634085042e-06
8.256529383743e-06
1.083770331434e-05
1.336595323664e-05
8.907746234854e-06
6.493445368960e-06
4.153468751156e-06
1.888932104066e-06
2.994337364726e-07
2.409293927030e-06
4.436264703145e-06
6.376165742950e-06
8.225703936660e-06
9.985388430778e-06
5.150236745521e-06
3.536628696565e-06
1.986510937968e-06
4.915891622659e-07
9.541492431708e-07
2.357480809678e-06
3.728878709808e-06
5.081357528525e-06
6.428973790662e-06
7.784842807723e-06
4.651341555473e-06
3.236159273001e-06
1.787487121874e-06
2.978799216180e-07
1.242446217020e-06
2.844609468866e-06
4.516461842741e-06
6.261719704526e-06
8.080844963843e-06
9.974005251934e-06
7.801562105669e-06
5.743967790295e-06
3.615418052050e-06
1.420140620212e-06
8.349106792593e-07
3.139109139738e-06
5.481882396907e-06
7.854596617562e-06
1.025146656275e-05
1.266605062256e-05
9.249044694570e-06
6.802795610383e-06
4.367404699224e-06
1.950799514816e-06
4.413374199430e-07
2.804659800404e-06
5.134874470514e-06
7.427220111822e-06
9.676973377282e-06
1.187963266602e-05
7.603288281643e-06
5.473950466239e-06
3.385541333500e-06
1.331857959030e-06
6.910934189364e-07
2.685883657705e-06
4.655822124278e-06
6.607153807181e-06
8.546721176117e-06
1.048153569627e-05
7.030124095309e-06
5.070212637293e-06
3.102253117504e-06
1.122943899645e-06
8.721793278710e-07
2.890430891966e-06
4.938552308431e-06
7.020073894637e-06
9.133993330579e-06
1.128003401618e-05
8.398984732594e-06
6.171466850446e-06
3.912266663519e-06
1.622872503049e-06
6.929964229130e-07
3.029071990568e-06
5.378113939969e-06
7.735119993413e-06
1.009840036659e-05
1.246782079534e-05
8.968403108156e-06
6.581120317151e-06
4.206917935790e-06
1.853799744822e-06
4.727669988824e-07
2.769694219751e-06
5.037141022513e-06
7.272430536887e-06
9.468349901454e-06
1.161522658322e-05
7.274064103058e-06
5.226249356838e-06
3.235078793296e-06
1.298063693866e-06
5.840668109158e-07
2.406498879282e-06
4.162928576079e-06
5.850101217675e-06
7.470006266885e-06
9.029137459038e-06
4.600930992638e-06
3.127834929728e-06
1.705280851638e-06
3.379821578164e-07
9.730891861182e-07
2.235102897430e-06
3.460472100869e-06
4.661320815558e-06
5.843929329785e-06
7.007985288965e-06
3.347024062350e-06
2.208926446201e-06
1.081427228655e-06
5.100611133457e-08
1.203717090448e-06
2.384993877058e-06
3.593409019231e-06
4.822201844945e-06
6.067729202641e-06
7.335804752984e-06
4.484310125008e-06
3.111456067018e-06
1.681714991264e-06
2.010085609072e-07
1.317541318713e-06
2.864887164833e-06
4.440931320460e-06
6.055619110157e-06
7.720754354068e-06
9.441275039990e-06
6.551386945830e-06
4.734213291613e-06
2.901291338731e-06
1.058918542185e-06
7.986434980012e-07
2.681949979433e-06
4.595743121172e-06
6.532653912927e-06
8.475677020670e-06
1.040765835114e-05
6.881881176923e-06
4.967861059413e-06
3.058409788537e-06
1.144936277342e-06
7.720256007815e-07
2.682344188543e-06
4.572364105115e-06
6.433062992528e-06
8.265061694601e-06
1.007636831218e-05
6.186512450768e-06
4.382741963127e-06
2.597209117994e-06
8.411294061261e-07
8.787112619757e-07
2.562666281847e-06
4.217934758799e-06
5.853252730503e-06
7.474109906980e-06
9.080475138035e-06
5.272737837458e-06
3.693608334743e-06
2.139321281902e-06
6.079265517656e-07
9.046752893482e-07
2.402039740446e-06
3.885748640187e-06
5.356224448860e-06
6.814648486397e-06
8.264089103704e-06
4.805083563042e-06
3.345949551203e-06
1.883272545911e-06
4.136618940720e-07
1.066941820227e-06
2.563147290857e-06
4.077159019289e-06
5.607783066353e-06
7.150829617331e-06
8.702181958142e-06
5.386032114529e-06
3.804123991813e-06
2.208376315593e-06
5.959323630123e-07
1.031101874105e-06
2.664449368694e-06
4.292691301089e-06
5.906059755034e-06
7.499938021738e-06
9.074465481262e-06
4.984272777619e-06
3.440758405304e-06
1.935943714670e-06
4.859887212660e-07
8.970948783826e-07
2.210097250099e-06
3.457548359620e-06
4.645185526897e-06
5.773193151981e-06
6.833823817942e-06
2.051580111129e-06
1.147374916854e-06
3.318447170386e-07
4.049551876051e-07
1.077936815364e-06
1.699476285921e-06
2.274454800499e-06
2.801599919167e-06
3.280143118900e-06
3.716972287293e-06
4.278393817003e-08
3.766842837649e-07
8.104216817628e-07
1.265694493213e-06
1.740536447414e-06
2.231206963188e-06
2.740795764566e-06
3.282538557414e-06
3.875793254338e-06
4.537562688256e-06
2.155233858048e-06
1.333297745987e-06
4.489880893743e-07
4.893856271337e-07
1.480531466314e-06
2.529577216137e-06
3.642081765065e-06
4.816619082249e-06
6.041335439022e-06
7.297321360511e-06
4.184910778804e-06
2.897392619161e-06
1.603946714113e-06
2.982621367664e-07
1.022130049932e-06
2.350072918489e-06
3.669534464734e-06
4.962177342804e-06
6.215354062533e-06
7.426076820138e-06
3.183458090916e-06
2.028986671121e-06
9.039480346473e-07
1.856715243775e-07
1.229148324455e-06
2.217720975750e-06
3.150990437462e-06
4.038442057208e-06
4.894884170881e-06
5.732272427394e-06
1.700128791526e-06
8.923477707867e-07
1.193465664073e-07
6.121819637883e-07
1.304771046762e-06
1.968601793578e-06
2.614619745600e-06
3.247063546041e-06
3.860393633204e-06
4.442621957423e-06
4.632400987248e-07
4.192372671241e-08
5.089281671644e-07
9.496210395810e-07
1.372512372200e-06
1.776060514658e-06
2.148413216219e-06
2.474055463608e-06
2.742969513747e-06
2.956330547477e-06
1.393693992213e-06
1.539095364933e-06
1.655748860685e-06
1.738545108765e-06
1.777790544111e-06
1.768172410266e-06
1.715049222639e-06
1.633419287828e-06
1.540188463878e-06
1.445070040518e-06
2.280676596911e-06
2.180158958254e-06
2.057356880414e-06
1.912123195780e-06
1.754913057539e-06
1.601249891792e-06
1.462392162921e-06
1.339121070032e-06
1.222937839884e-06
1.103807960590e-06
2.175653889935e-06
2.063496594928e-06
1.963629642887e-06
1.882968717837e-06
1.817104873680e-06
1.751735510425e-06
1.671092149991e-06
1.567670892655e-06
1.446013015993e-06
1.318103329595e-06
2.388115774465e-06
2.278903366459e-06
2.163128442589e-06
2.027614812050e-06
1.865553485914e-06
1.681493756678e-06
1.488448845066e-06
1.299296343404e-06
1.118628119912e-06
9.410089774065e-07
2.556089157224e-06
2.370858737777e-06
2.181493471198e-06
2.004318957916e-06
1.856562619196e-06
1.747011140196e-06
1.672375276485e-06
1.621925889594e-06
1.586645339557e-06
1.566625826399e-06
1.483806329361e-06
1.534269813419e-06
1.627483413813e-06
1.759211897934e-06
1.917419069741e-06
2.089592612720e-06
2.269443768910e-06
2.458427104557e-06
2.661381472535e-06
2.879781106913e-06
7.896405804786e-07
1.022223727887e-06
1.234950161688e-06
1.416692043676e-06
1.563401156091e-06
1.676277520346e-06
1.757095901667e-06
1.804069825084e-06
1.811004892716e-06
1.770152380232e-06
2.573606877831e-06
2.435388694266e-06
2.246620852020e-06
2.011787501033e-06
1.733862347919e-06
1.413364259406e-06
1.049660681929e-06
6.428075494114e-07
1.948295675902e-07
2.902992832787e-07
4.322088955178e-06
3.788629442170e-06
3.235740507535e-06
2.669763716767e-06
2.096331002122e-06
1.519525028471e-06
9.416843340659e-07
3.640307681962e-07
2.120920612469e-07
7.843871685509e-07
4.262957759238e-06
3.716392882325e-06
3.179411351084e-06
2.650199917298e-06
2.126179708739e-06
1.606074420124e-06
1.091396029551e-06
5.856888378730e-07
9.203722584061e-08
3.899234570781e-07
3.835883887859e-06
3.371431205323e-06
2.899406922552e-06
2.416629058644e-06
1.924070659243e-06
1.424402682915e-06
9.185086469188e-07
4.037013923153e-07
1.250207901649e-07
6.715598601659e-07
4.353924509815e-06
3.787478192407e-06
3.211291357275e-06
2.626324544508e-06
2.028558810707e-06
1.410956826930e-06
7.681852594033e-07
1.003826355372e-07
5.863889214197e-07
1.283515359773e-06
4.973707746103e-06
4.281798112515e-06
3.585016827401e-06
2.881090892970e-06
2.171752896629e-06
1.463523460643e-06
7.648310429431e-07
8.170383125616e-08
5.847794568581e-07
1.237178253177e-06
4.470603187201e-06
3.858037928239e-06
3.270681929735e-06
2.721189900967e-06
2.219988573415e-06
1.771322843069e-06
1.373223199153e-06
1.021357547870e-06
7.137035709093e-07
4.529220518634e-07
2.268788307447e-06
2.131180508513e-06
2.051192780073e-06
2.023828869824e-06
2.041669119990e-06
2.098914592352e-06
2.193846910359e-06
2.327941729163e-06
2.502433233076e-06
2.714623917655e-06
4.801902946383e-07
7.529196182077e-07
1.030469888974e-06
1.303035617184e-06
1.564627893913e-06
1.811678600916e-06
2.040498941369e-06
2.245233076792e-06
2.417789517040e-06
2.549417445152e-06
1.739211597851e-06
1.784285700523e-06
1.777665318059e-06
1.721241687846e-06
1.616799067961e-06
1.464173351451e-06
1.260995475150e-06
1.003961756396e-06
6.910618708389e-07
3.235218741793e-07
4.023032602163e-06
3.576035169317e-06
3.094340286225e-06
2.583077105101e-06
2.044583027327e-06
1.480080868532e-06
8.925285328587e-07
2.885420258281e-07
3.222571649530e-07
9.303575438935e-07
4.416593981205e-06
3.835872234959e-06
3.257217201735e-06
2.675027587884e-06
2.087795223815e-06
1.499579241226e-06
9.175154218610e-07
3.468989575595e-07
2.125357241312e-07
7.665945531699e-07
4.187434967662e-06
3.636791063855e-06
3.082165335400e-06
2.529274809149e-06
1.982184471672e-06
1.438519007024e-06
8.889442710824e-07
3.215854462724e-07
2.714272682169e-07
8.897644079298e-07
4.788517344423e-06
4.153988129474e-06
3.514812135563e-06
2.867981720556e-06
2.206127305726e-06
1.523457342500e-06
8.205403219108e-07
1.041424866344e-07
6.176071565278e-07
1.341242466424e-06
5.177869638828e-06
4.444132457593e-06
3.687983280543e-06
2.908284841396e-06
2.111187143328e-06
1.306028138970e-06
4.993069069315e-07
3.090151494689e-07
1.124577636347e-06
1.953966773272e-06
5.612426491552e-06
4.763057120272e-06
3.904411698841e-06
3.039981834263e-06
2.169204037727e-06
1.288364444463e-06
3.940943997804e-07
5.133892955200e-07
1.429782173545e-06
2.348865109525e-06
5.852449817212e-06
4.951247888130e-06
4.054116516272e-06
3.161175186506e-06
2.274041321471e-06
1.395266394866e-06
5.263372031550e-07
3.334858433846e-07
1.186333633996e-06
2.033040857441e-06
5.457732186187e-06
4.644537511922e-06
3.847496998333e-06
3.065041425998e-06
2.289748067597e-06
1.511356344963e-06
7.218821451715e-07
8.106690074783e-08
8.955273074207e-07
1.720403588479e-06
5.787038389826e-06
4.931382363793e-06
4.031726064113e-06
3.077161522924e-06
2.066692388780e-06
1.007805508380e-06
9.108333642871e-08
1.229166514349e-06
2.416576080577e-06
3.669545208140e-06
8.252138798071e-06
6.856001164124e-06
5.394407992299e-06
3.885357443778e-06
2.341338529277e-06
7.633118457306e-07
8.563094411329e-07
2.523591319914e-06
4.233083018335e-06
5.965403602204e-06
9.543337796458e-06
7.850218310068e-06
6.188527379436e-06
4.552420307391e-06
2.932795212018e-06
1.329033807451e-06
2.455456638017e-07
1.768175593497e-06
3.218144513539e-06
4.586892998759e-06
7.007051181063e-06
5.787241605049e-06
4.622432868473e-06
3.515803427945e-06
2.479714396486e-06
1.526150981590e-06
6.567597097273e-07
1.406352794220e-07
8.866259690876e-07
1.599834263288e-06
4.555063185308e-06
3.903224467194e-06
3.283821229161e-06
2.697495403936e-06
2.134780572760e-06
1.578561978022e-06
1.011734980239e-06
4.243060516274e-07
1.849413138189e-07
8.129111961352e-07
4.955172641985e-06
4.294668656257e-06
3.594887630243e-06
2.841664127118e-06
2.026335948813e-06
1.148340004420e-06
2.127328002643e-07
7.752199735478e-07
1.814517588627e-06
2.909359636760e-06
7.452703755462e-06
6.240367895316e-06
4.960653825492e-06
3.616670426254e-06
2.212431581938e-06
7.497391152356e-07
7.727554134362e-07
2.358462950269e-06
4.010190821191e-06
5.727852055770e-06
1.024004541250e-05
8.415719662480e-06
6.542145285948e-06
4.624169321232e-06
2.663597683750e-06
6.595466288672e-07
1.389665612805e-06
3.484038018087e-06
5.620044134957e-06
7.790684833253e-06
1.192641389025e-05
9.722241145482e-06
7.501070570015e-06
5.261861304007e-06
3.003074425578e-06
7.265820727298e-07
1.560414432333e-06
3.847231937470e-06
6.124744061253e-06
8.390217146825e-06
1.188118068285e-05
9.633527952246e-06
7.378828399851e-06
5.119799084241e-06
2.867010152841e-06
6.326496304609e-07
1.577631337568e-06
3.768982537622e-06
5.954409004971e-06
8.146228367423e-06
1.161620696166e-05
9.424996960661e-06
7.247127314258e-06
5.092226615488e-06
2.957949163829e-06
8.308568339999e-07
1.304028046434e-06
3.451978614066e-06
5.602974908925e-06
7.736528573332e-06
1.109421310730e-05
9.049408390638e-06
7.038039711915e-06
5.044171473401e-06
3.058550703372e-06
1.087888676921e-06
8.467254133393e-07
2.721380667481e-06
4.523189431893e-06
6.256517906422e-06
8.826186217448e-06
7.194160502877e-06
5.600997553756e-06
4.063156495704e-06
2.603510779409e-06
1.236226694346e-06
4.301239187043e-08
1.254956202956e-06
2.424047920613e-06
3.563728625977e-06
6.342430083350e-06
5.296665051446e-06
4.313370141062e-06
3.391000404918e-06
2.510916601750e-06
1.646572002301e-06
7.780233772792e-07
9.858877092483e-08
9.727821748129e-07
1.831398776631e-06
5.679746720944e-06
4.855650956870e-06
4.010739360183e-06
3.122488465124e-06
2.182797288697e-06
1.200779422561e-06
1.946550582943e-07
8.214698823394e-07
1.847323176207e-06
2.896309865719e-06
6.856576135306e-06
5.728734834065e-06
4.554298925541e-06
3.348310485762e-06
2.125990135937e-06
8.923170184971e-07
3.615710397753e-07
1.652412095154e-06
2.993632392645e-06
4.386356749819e-06
8.448593348476e-06
7.006717794411e-06
5.553297171446e-06
4.085195541847e-06
2.586435016383e-06
1.037277115756e-06
5.747297109338e-07
2.248926818993e-06
3.974444439336e-06
5.739703226482e-06
1.042695527076e-05
8.590831839683e-06
6.692832016597e-06
4.721408515707e-06
2.677469183254e-06
5.748559033236e-07
1.567569256622e-06
3.737166537121e-06
5.934494197390e-06
8.171222418696e-06
1.237390335973e-05
1.004268642646e-05
7.669580611491e-06
5.277785703584e-06
2.889435393172e-06
5.150577067070e-07
1.848878071087e-06
4.212651390390e-06
6.581394870864e-06
8.946901289164e-06
1.207560592320e-05
9.791084153221e-06
7.561912127585e-06
5.382245547025e-06
3.234973632971e-06
1.104297382426e-06
1.012938014355e-06
3.105090797817e-06
5.154453845080e-06
7.150747137530e-06
1.032909960941e-05
8.420978360846e-06
6.516170799387e-06
4.602278124821e-06
2.683222078304e-06
7.732719495834e-07
1.116342957630e-06
2.988805192672e-06
4.862780883741e-06
6.762155578599e-06
1.062465662471e-05
8.662926461511e-06
6.679940099730e-06
4.693664664046e-06
2.710163471420e-06
7.192306270554e-07
1.298145491546e-06
3.355781018399e-06
5.451668187106e-06
7.568374087441e-06
1.140504286923e-05
9.317829494648e-06
7.239608351028e-06
5.154087432402e-06
3.045869107154e-06
9.123668860411e-07
1.233565569692e-06
3.372092692189e-06
5.489940349435e-06
7.589424228627e-06
1.122844906831e-05
9.126771544743e-06
6.995969044965e-06
4.839428697778e-06
2.669935440736e-06
4.982409222976e-07
1.676683211826e-06
3.868974829402e-06
6.098083758843e-06
8.377705171370e-06
1.254553956187e-05
1.018519162699e-05
7.793156555636e-06
5.372165958306e-06
2.913526657267e-06
4.017152832603e-07
2.176421332933e-06
4.824191307762e-06
7.534135647802e-06
1.029355036053e-05
1.483952041781e-05
1.201626179181e-05
9.150712912742e-06
6.236533977244e-06
3.271726654930e-06
2.611434410937e-07
2.785922049497e-06
5.860674036740e-06
8.959256604157e-06
1.208373322470e-05
1.626120177889e-05
1.308284748802e-05
9.868850554540e-06
6.624172726788e-06
3.356766455909e-06
7.416235803248e-08
3.219553434519e-06
6.524924003770e-06
9.846245518474e-06
1.318901144032e-05
1.706662339984e-05
1.368624481302e-05
1.028420746252e-05
6.865235206988e-06
3.432073981458e-06
1.641785729589e-08
3.484576268420e-06
6.976421389027e-06
1.049158362321e-05
1.402302751785e-05
1.774493478024e-05
1.422818564834e-05
1.072341069630e-05
7.227720459468e-06
3.733112919235e-06
2.331314590265e-07
3.271442153618e-06
6.771302651032e-06
1.025340935712e-05
1.370827789060e-05
1.707541895257e-05
1.368316679873e-05
1.030530307844e-05
6.941052447473e-06
3.599292767831e-06
2.945771484519e-07
2.961614313790e-06
6.168254230943e-06
9.335718345937e-06
1.247924296877e-05
1.563058543752e-05
1.252908822380e-05
9.454485223159e-06
6.420789134154e-06
3.435200937929e-06
4.941198881170e-07
2.412932587958e-06
5.294249035614e-06
8.148517395057e-06
1.096419271107e-05
1.383673912869e-05
1.115010195463e-05
8.523212329692e-06
5.944268195890e-06
3.401155879601e-06
8.904110586627e-07
1.579666104590e-06
3.993938832991e-06
6.339803917399e-06
8.614699083864e-06
1.124274729136e-05
9.092364734897e-06
6.982985269133e-06
4.914178532545e-06
2.891742212796e-06
9.204351272274e-07
1.002885824164e-06
2.890966243285e-06
4.761411616983e-06
6.628824962718e-06
1.015867405840e-05
8.297384908929e-06
6.437164472572e-06
4.575632658543e-06
2.701725577481e-06
7.984142484929e-07
1.150661546490e-06
3.155236754537e-06
5.216900262894e-06
7.332725658671e-06
1.212836531295e-05
9.916371595864e-06
7.640113153684e-06
5.291740023949e-06
2.868847104764e-06
3.762934852602e-07
2.176290706757e-06
4.779960477208e-06
7.430767936967e-06
1.013031834418e-05
1.457382256831e-05
1.178364584575e-05
8.947880644428e-06
6.078901208184e-06
3.190346660631e-06
2.919616690633e-07
2.612805189983e-06
5.525051960831e-06
8.445914431832e-06
1.137239553373e-05
1.488935782845e-05
1.198950849357e-05
9.107390894769e-06
6.242361791919e-06
3.387689901047e-06
5.350961487238e-07
2.319650263871e-06
5.173880538223e-06
8.019811161830e-06
1.084987150080e-05
1.440958561716e-05
1.162129808563e-05
8.835345056468e-06
6.043696203051e-06
3.245123195939e-06
4.455322937247e-07
2.346599956127e-06
5.126692144586e-06
7.897800571754e-06
1.066891314849e-05
1.429348480997e-05
1.151657198761e-05
8.738452095258e-06
5.973578367957e-06
3.234637233618e-06
5.258394821794e-07
2.158066024549e-06
4.826705492178e-06
7.486107847399e-06
1.013378107473e-05
1.344405285408e-05
1.086256247618e-05
8.315467368902e-06
5.795581955681e-06
3.289849871635e-06
7.873590561758e-07
1.713887968435e-06
4.206725066069e-06
6.681062359348e-06
9.132491527453e-06
1.272290671750e-05
1.030307367955e-05
7.868715954373e-06
5.410483879587e-06
2.928764445187e-06
4.297118607610e-07
2.082303410589e-06
4.610165831309e-06
7.163711984504e-06
9.753734900642e-06
1.386561370964e-05
1.121199773024e-05
8.532710126019e-06
5.837395178787e-06
3.128722937618e-06
4.020380401926e-07
2.349829628656e-06
5.129779765412e-06
7.932962887480e-06
1.074870380080e-05
1.454878821505e-05
1.174866679321e-05
8.951780330335e-06
6.155509368000e-06
3.360319851708e-06
5.722020546273e-07
2.199472248776e-06
4.947148511292e-06
7.669186800285e-06
1.036973969804e-05
1.373712052555e-05
1.107861868377e-05
8.437140706974e-06
5.819333466661e-06
3.229900983115e-06
6.678350246148e-07
1.872993209417e-06
4.399321369419e-06
6.913532899944e-06
9.411981920948e-06
1.281976398104e-05
1.038215322069e-05
7.968812894887e-06
5.572537929766e-06
3.186225512763e-06
8.081950682026e-07
1.556071083542e-06
3.897529950336e-06
6.209613957253e-06
8.492618007949e-06
1.179496081249e-05
9.562807974817e-06
7.343450590724e-06
5.141068072589e-06
2.963386464216e-06
8.155806767718e-07
1.304238708144e-06
3.404638732718e-06
5.495784989762e-06
7.583632850583e-06
1.111047373570e-05
9.049490643065e-06
7.000450921169e-06
4.959889793099e-06
2.917768995303e-06
8.618355877843e-07
1.216678754190e-06
3.320482107938e-06
5.448322724533e-06
7.600005858421e-06
1.196136435055e-05
9.756904489677e-06
7.503302356326e-06
5.194431707878e-06
2.831032475115e-06
4.184294084553e-07
2.038559841822e-06
4.539717224361e-06
7.089703387919e-06
9.694209893496e-06
1.418896283667e-05
1.149050706317e-05
8.747479796511e-06
5.966919161438e-06
3.151312569116e-06
2.987990228576e-07
2.592870259832e-06
5.521457183022e-06
8.478273116452e-06
1.145065897390e-05
1.527240794985e-05
1.231172842608e-05
9.350542484299e-06
6.384772575529e-06
3.412988462514e-06
4.396489998726e-07
2.526146431592e-06
5.475262355503e-06
8.403244464716e-06
1.131152595235e-05
1.465750318630e-05
1.179278746122e-05
8.944755279572e-06
6.122419620169e-06
3.335912651892e-06
5.913320251238e-07
2.111867615895e-06
4.779294727086e-06
7.416823564199e-06
1.002580324894e-05
1.308940227318e-05
1.057065344412e-05
8.102688752842e-06
5.689383783647e-06
3.329240200856e-06
1.017928582314e-06
1.247777333901e-06
3.467109252142e-06
5.635375373458e-06
7.746901928840e-06
1.066372874448e-05
8.681981455538e-06
6.750485454177e-06
4.860847752752e-06
3.006956944773e-06
1.187150985515e-06
5.964885190224e-07
2.341323636301e-06
4.047926950079e-06
5.722247067297e-06
9.096395842789e-06
7.466590545846e-06
5.838065135322e-06
4.206847961541e-06
2.573093922820e-06
9.378319418829e-07
7.007219551269e-07
2.348644557060e-06
4.014728460788e-06
5.706619901957e-06
9.720631339860e-06
7.987754088390e-06
6.235883233785e-06
4.470334658890e-06
2.691699023671e-06
8.954107784120e-07
9.248378773918e-07
2.772215054847e-06
4.643522061087e-06
6.529732900162e-06
1.042473849111e-05
8.551164341952e-06
6.682635557809e-06
4.816196280899e-06
2.948621386167e-06
1.080616129912e-06
7.820174801054e-07
2.630964218042e-06
4.460296622710e-06
6.270003609643e-06
9.838019423114e-06
8.060429479428e-06
6.282404228841e-06
4.503606362505e-06
2.728259516971e-06
9.610369033908e-07
7.973056312949e-07
2.551873308221e-06
4.311779775890e-06
6.085938537126e-06
9.994567619742e-06
8.195795430765e-06
6.380456966326e-06
4.549613890958e-06
2.700024708702e-06
8.243220577242e-07
1.085856354166e-06
3.035778149751e-06
5.025265863878e-06
7.049425562400e-06
1.136091646003e-05
9.297782298745e-06
7.208560248273e-06
5.088481884741e-06
2.932546237844e-06
7.390525524897e-07
1.488931047788e-06
3.745156504920e-06
6.024165429608e-06
8.324695045303e-06
1.254802754147e-05
1.020376561200e-05
7.821705992228e-06
5.401573275776e-06
2.948757185095e-06
4.709332870334e-07
2.027020514106e-06
4.546979425868e-06
7.097286243152e-06
9.688550676401e-06
1.400220941150e-05
1.132958743710e-05
8.615905755960e-06
5.868388370800e-06
3.088927542194e-06
2.714935476433e-07
2.594820443846e-06
5.518850286990e-06
8.501065735800e-06
1.153231318085e-05
1.599890157422e-05
1.292205780601e-05
9.819826175317e-06
6.683227127269e-06
3.501411981688e-06
2.707896555876e-07
3.000242372764e-06
6.294295189946e-06
9.594018592907e-06
1.289123758852e-05
1.672116587770e-05
1.342773765600e-05
1.011662067185e-05
6.793090392421e-06
3.473943138488e-06
1.792000716705e-07
3.078617453411e-06
6.300504935552e-06
9.497795701918e-06
1.268172491109e-05
1.578914094580e-05
1.265879620860e-05
9.573116017236e-06
6.547300358761e-06
3.583200793855e-06
6.690908094242e-07
2.211447224454e-06
5.067897745903e-06
7.896284841991e-06
1.068230363899e-05
1.381309937187e-05
1.115965949339e-05
8.556282011796e-06
5.984919255297e-06
3.430823767303e-06
8.908931476981e-07
1.626494395168e-06
4.109977908229e-06
6.555904747074e-06
8.973950684776e-06
1.264561944936e-05
1.024016938800e-05
7.813088529929e-06
5.366709217469e-06
2.910263333433e-06
4.500104751060e-07
2.018134580339e-06
4.508607560183e-06
7.038882756660e-06
9.620264165733e-06
1.400219315428e-05
1.134317079732e-05
8.651112011648e-06
5.928832479185e-06
3.170069874159e-06
3.638642169790e-07
2.497529237644e-06
5.412508585323e-06
8.369815702736e-06
1.135391960361e-05
1.555864679403e-05
1.256729643728e-05
9.564453478106e-06
6.547255964051e-06
3.517975244449e-06
4.869842769040e-07
2.529931350637e-06
5.517201145722e-06
8.465231701393e-06
1.137236193927e-05
1.437745333988e-05
1.155946756626e-05
8.776801735166e-06
6.036752211003e-06
3.349371695549e-06
7.219234134936e-07
1.845320696248e-06
4.359889999250e-06
6.833558188646e-06
9.276891546506e-06
1.240784638412e-05
1.003293567692e-05
7.684278500619e-06
5.358945031730e-06
3.046224151149e-06
7.287433163583e-07
1.612246592231e-06
3.990385664565e-06
6.410589492134e-06
8.870805515926e-06
1.352808715183e-05
1.100874703752e-05
8.438999259397e-06
5.803262183690e-06
3.088413279784e-06
2.902626192736e-07
2.585127504062e-06
5.526190307137e-06
8.523935150606e-06
1.157751842129e-05
1.639593125446e-05
1.322554538774e-05
9.983249810830e-06
6.678804311377e-06
3.329718538225e-06
4.689962906923e-08
3.442374065799e-06
6.858745564386e-06
1.030373834965e-05
1.378192365564e-05
1.769931441231e-05
1.419620474508e-05
1.069585607638e-05
7.207824864963e-06
3.730015293968e-06
2.514682932997e-07
3.239287195811e-06
6.746378744538e-06
1.026410473060e-05
1.378195503321e-05
1.773870729949e-05
1.424995116395e-05
1.075499062608e-05
7.241059620355e-06
3.701403215928e-06
1.388274313285e-07
3.437574548570e-06
7.019944348485e-06
1.060793931629e-05
1.420953924480e-05
1.834390258182e-05
1.470544032145e-05
1.103925711732e-05
7.355931302300e-06
3.667364751436e-06
1.968516016859e-08
3.705787548824e-06
7.395794739296e-06
1.109267486754e-05
1.479338874333e-05
1.838363328943e-05
1.472125114788e-05
1.107798470912e-05
7.451757198851e-06
3.836244047761e-06
2.261372173962e-07
3.378548001365e-06
6.972323774335e-06
1.054814288182e-05
1.410263058688e-05
1.763660043252e-05
1.412969402281e-05
1.062300344756e-05
7.110604315130e-06
3.591653296553e-06
6.835267640781e-08
3.458000264800e-06
6.989756343501e-06
1.053282034036e-05
1.409360805837e-05
1.805305521430e-05
1.447197172411e-05
1.087684370304e-05
7.273467986124e-06
3.664945438686e-06
5.054965868112e-08
3.572501896087e-06
7.205886333850e-06
1.084727614398e-05
1.448970112961e-05
1.812687150959e-05
1.453075640256e-05
1.095911699167e-05
7.414229969527e-06
3.895889904015e-06
4.041004899591e-07
3.058642164433e-06
6.487102325536e-06
9.875189050490e-06
1.321918580288e-05
1.641403719077e-05
1.316747153624e-05
9.950059165931e-06
6.755261210856e-06
3.580469865483e-06
4.266093469596e-07
2.705194617647e-06
5.817823193865e-06
8.920334664708e-06
1.202647257514e-05
1.601543891638e-05
1.288117618969e-05
9.716730289711e-06
6.522714500079e-06
3.298529406948e-06
3.808759174717e-08
3.270355591667e-06
6.639926368734e-06
1.007909298778e-05
1.358785510774e-05
1.847264314847e-05
1.486582590360e-05
1.120913663044e-05
7.499676996758e-06
3.730770572474e-06
1.016737201098e-07
3.994061955837e-06
7.934933648812e-06
1.191019606495e-05
1.590987824329e-05
2.019621484806e-05
1.616897890244e-05
1.211357925968e-05
8.034729887640e-06
3.945817525164e-06
1.357895484944e-07
4.196230293019e-06
8.230552055011e-06
1.224203174388e-05
1.623612223511e-05
1.946823067556e-05
1.553526669795e-05
1.163826306083e-05
7.787076640398e-06
3.983987824085e-06
2.235284455310e-07
3.502177094106e-06
7.196356932582e-06
1.085409650159e-05
1.446485970291e-05
1.743869535176e-05
1.396181266955e-05
1.053584946931e-05
7.149262273742e-06
3.793275709540e-06
4.666036943490e-07
2.825568572007e-06
6.077034299778e-06
9.286841930134e-06
1.246154010914e-05
1.581203241585e-05
1.269473335697e-05
9.588305204034e-06
6.495010040908e-06
3.418449409764e-06
3.579660869946e-07
2.694062004593e-06
5.750164461915e-06
8.822617701298e-06
1.191885002072e-05
1.609603015140e-05
1.296858829392e-05
9.816601959756e-06
6.635114459641e-06
3.415282833430e-06
1.477204705225e-07
3.173982406679e-06
6.551939918609e-06
9.985456586037e-06
1.347367538074e-05
1.834077312424e-05
1.475663702877e-05
1.111040813839e-05
7.400259391943e-06
3.626619445640e-06
2.083199888148e-07
4.101759827790e-06
8.050987617025e-06
1.205342891808e-05
1.610638850025e-05
2.071332056630e-05
1.658697840412e-05
1.241717143330e-05
8.205683741380e-06
3.955204761041e-06
3.299417699054e-07
4.644442981316e-06
8.983727468603e-06
1.334598243830e-05
1.773266706095e-05
2.190538100422e-05
1.748238713617e-05
1.303178481749e-05
8.558260844893e-06
4.066636734024e-06
4.417703962645e-07
4.970771556145e-06
9.527396514386e-06
1.411773297377e-05
1.874314341421e-05
2.307196302809e-05
1.841125316560e-05
1.372747766482e-05
9.017391619182e-06
4.273552349332e-06
5.109251901558e-07
5.337564573438e-06
1.020130457619e-05
1.509391825039e-05
2.000976883210e-05
2.434659324990e-05
1.939927341255e-05
1.441390651280e-05
9.388027990553e-06
4.326473629135e-06
7.614548849233e-07
5.867845516150e-06
1.099094498613e-05
1.613542190171e-05
2.130788925570e-05
2.541427039660e-05
2.020815651349e-05
1.498344721540e-05
9.747265721671e-06
4.500707234456e-06
7.616349648742e-07
6.047471799775e-06
1.136083693609e-05
1.669871556942e-05
2.205267048794e-05
2.609319642488e-05
2.075208607266e-05
1.540511146914e-05
1.004753499956e-05
4.677576214362e-06
7.003207542766e-07
6.076785950881e-06
1.144230930095e-05
1.679186971160e-05
2.212618642261e-05
2.566901815726e-05
2.038206355337e-05
1.511238951935e-05
9.870269764178e-06
4.666190022817e-06
4.937450626130e-07
5.609286574781e-06
1.068327190978e-05
1.571699351643e-05
2.070739566307e-05
2.366344062921e-05
1.879955868844e-05
1.399166450256e-05
9.234370224931e-06
4.519060155417e-06
1.614644702386e-07
4.809994663901e-06
9.425534301499e-06
1.400714603506e-05
1.855777634319e-05
2.210886674447e-05
1.761240349651e-05
1.311957908001e-05
8.625821237729e-06
4.130144759529e-06
3.683437626023e-07
4.874040769209e-06
9.395585323091e-06
1.394323527393e-05
1.852456330198e-05
2.294947290693e-05
1.831765968063e-05
1.365751052163e-05
8.971275747172e-06
4.257512443928e-06
4.869885401604e-07
5.263725597615e-06
1.007002811093e-05
1.489960334311e-05
1.974572199970e-05
2.390176780409e-05
1.904816338083e-05
1.417790730329e-05
9.288923649819e-06
4.383140435493e-06
5.335880928214e-07
5.454334655042e-06
1.037473390397e-05
1.529528583433e-05
2.022037688221e-05
2.410813874576e-05
1.917955569297e-05
1.423718151727e-05
9.281812197059e-06
4.312647831739e-06
6.744297706973e-07
5.686658084869e-06
1.073183000244e-05
1.581535502737e-05
2.093875468745e-05
2.542032950714e-05
2.024467420370e-05
1.503416319792e-05
9.786716873350e-06
4.498660871377e-06
8.329787419825e-07
6.208237437022e-06
1.162345461125e-05
1.707230120473e-05
2.254792786971e-05
2.681637619162e-05
2.132618942596e-05
1.582187604754e-05
1.030758625120e-05
4.790105151642e-06
7.211980914690e-07
6.215893392891e-06
1.168493105297e-05
1.712242419671e-05
2.252587518115e-05
2.568916721657e-05
2.037969272806e-05
1.511008116495e-05
9.886069847198e-06
4.713287296454e-06
4.054393230035e-07
5.471572308124e-06
1.049016498200e-05
1.546709648892e-05
2.040642397105e-05
2.362874806749e-05
1.878340384565e-05
1.397430344241e-05
9.196793769206e-06
4.442434203611e-06
2.987018774547e-07
5.034442267515e-06
9.768502422958e-06
1.450102536182e-05
1.923150762195e-05
2.325376004819e-05
1.853834066878e-05
1.381112735999e-05
9.067309804323e-06
4.306643404561e-06
4.667869006880e-07
5.247415344911e-06
1.003175111691e-05
1.482019320065e-05
1.961573485687e-05
2.353578901193e-05
1.874375857369e-05
1.394868974103e-05
9.157433908058e-06
4.375042635729e-06
3.971735509367e-07
5.160857995179e-06
9.917678596594e-06
1.466659750804e-05
1.940340098372e-05
2.297620244462e-05
1.829845876955e-05
1.363879363225e-05
8.991678043913e-06
4.350937672370e-06
2.870304456337e-07
4.922294692733e-06
9.552970709592e-06
1.417826172201e-05
1.880045346070e-05
2.271732495274e-05
1.810869235896e-05
1.348999256834e-05
8.861377409630e-06
4.224482381687e-06
4.202803438602e-07
5.075516469333e-06
9.746484863626e-06
1.443846622351e-05
1.915419403531e-05
2.338791915690e-05
1.865359354269e-05
1.390295892634e-05
9.137100789758e-06
4.354845259513e-06
4.457294835447e-07
5.265603647331e-06
1.010402303336e-05
1.495936226092e-05
1.983059996746e-05
2.405278183915e-05
1.917068851753e-05
1.426822001349e-05
9.344503610009e-06
4.400061357046e-06
5.639663527290e-07
5.546770069031e-06
1.054842567783e-05
1.556938423164e-05
2.060993671194e-05
2.482530919679e-05
1.976937221571e-05
1.469250958053e-05
9.592876722309e-06
4.469198529478e-06
6.777296448490e-07
5.844450470249e-06
1.102597502722e-05
1.621813623842e-05
2.141944105460e-05
2.537898109267e-05
2.017942955490e-05
1.496847505678e-05
9.750334186265e-06
4.531317870260e-06
6.836771717644e-07
5.894059427192e-06
1.110358812184e-05
1.631704316196e-05
2.153578924435e-05
2.533472519417e-05
2.014647628812e-05
1.497246495319e-05
9.813203291742e-06
4.661422053687e-06
4.942958753418e-07
5.663329147865e-06
1.084841835564e-05
1.604581171932e-05
2.125045676848e-05
2.554481324069e-05
2.034361335745e-05
1.511583144520e-05
9.851080676526e-06
4.546664058580e-06
7.917009838820e-07
6.155014716569e-06
1.153864684511e-05
1.694701035149e-05
2.239198857978e-05
2.693041653856e-05
2.141020218005e-05
1.584157593015e-05
1.023693226898e-05
4.608259757788e-06
1.039221331212e-06
6.707802469919e-06
1.240218955445e-05
1.812237309196e-05
2.385971913554e-05
2.766403986243e-05
2.196627468720e-05
1.628853345892e-05
1.062937150209e-05
4.982572136214e-06
6.554344054166e-07
6.280282434545e-06
1.187978205053e-05
1.743922456399e-05
2.294806313330e-05
2.603091144238e-05
2.065243427296e-05
1.532052243647e-05
1.003545423828e-05
4.802336889043e-06
3.720811605490e-07
5.484420341872e-06
1.053741948454e-05
1.553843912916e-05
2.049506605317e-05
2.364263303889e-05
1.879277499484e-05
1.399000791480e-05
9.237435790510e-06
4.533862977496e-06
1.260881390408e-07
4.749197046294e-06
9.340670658275e-06
1.390305288851e-05
1.843753392450e-05
2.204379711657e-05
1.757820399462e-05
1.312732450742e-05
8.685710724876e-06
4.250493987001e-06
1.785190875125e-07
4.600929287335e-06
9.018144737638e-06
1.343444193935e-05
1.785584197478e-05
2.193182865540e-05
1.750918488597e-05
1.307286026986e-05
8.623164831079e-06
4.159063450970e-06
3.224154738746e-07
4.824936581826e-06
9.350457219170e-06
1.389764940996e-05
1.846250842163e-05
2.263730073082e-05
1.807156144196e-05
1.349420483621e-05
8.902909883091e-06
4.296652662106e-06
3.219450377401e-07
4.946274600570e-06
9.567886536388e-06
1.417930963044e-05
1.877600180933e-05
2.233859953549e-05
1.780012973995e-05
1.328203683215e-05
8.789417051958e-06
4.328701550094e-06
9.459711236559e-08
4.477970719563e-06
8.822081099424e-06
1.312933454756e-05
1.740139072126e-05
2.061945042442e-05
1.644562661340e-05
1.231384783296e-05
8.225455815136e-06
4.178163180768e-06
1.662893396315e-07
3.817544211415e-06
7.780265718793e-06
1.172679895944e-05
1.566026787714e-05
1.954796726977e-05
1.565373264611e-05
1.175967690870e-05
7.858088963530e-06
3.941706609112e-06
5.638582933898e-09
3.951758344556e-06
7.929828200304e-06
1.192769695990e-05
1.594632936985e-05
2.034022469388e-05
1.629081305055e-05
1.220944841407e-05
8.095925295493e-06
3.953428461045e-06
2.130918801413e-07
4.399464557991e-06
8.603758487880e-06
1.282599379238e-05
1.706587045192e-05
2.113078159027e-05
1.688895014240e-05
1.264715029947e-05
8.412946385761e-06
4.190541460503e-06
1.960779627552e-08
4.218905701237e-06
8.407729353621e-06
1.258367404944e-05
1.674208255054e-05
2.040024457983e-05
1.630673165209e-05
1.223523838689e-05
8.182442456928e-06
4.146407263761e-06
1.286959445679e-07
3.866165911859e-06
7.833327799744e-06
1.177094037530e-05
1.568146768705e-05
1.923724033759e-05
1.538365029319e-05
1.154557645577e-05
7.725187685992e-06
3.926038914415e-06
1.499332142885e-07
3.605041285937e-06
7.343228105583e-06
1.106838840315e-05
1.478063279592e-05
1.839230867517e-05
1.473914596772e-05
1.111304544565e-05
7.513261834902e-06
3.934646429116e-06
3.706636562129e-07
3.182981856753e-06
6.726559604431e-06
1.025767721785e-05
1.377458482921e-05
1.767715224332e-05
1.419931771807e-05
1.072008905112e-05
7.233482278934e-06
3.737689496575e-06
2.345288976358e-07
3.273506365531e-06
6.786492576794e-06
1.030881128372e-05
1.384789368331e-05
1.812454286210e-05
1.455468793665e-05
1.095573077237e-05
7.329761672281e-06
3.678915902583e-06
3.354045929882e-09
3.698982595779e-06
7.430706773448e-06
1.119260264204e-05
1.498220183294e-05
1.922341522231e-05
1.541863582588e-05
1.160354315743e-05
7.780735700180e-06
3.950088853344e-06
1.102538931264e-07
3.739402984593e-06
7.597429373618e-06
1.146016506937e-05
1.532300115059e-05
1.931689178036e-05
1.548336155111e-05
1.165273135939e-05
7.821724466339e-06
3.987377112935e-06
1.486585006205e-07
3.693550695516e-06
7.537943815805e-06
1.138520804034e-05
1.523957405425e-05
1.949584299155e-05
1.562326235671e-05
1.172145584860e-05
7.788177015300e-06
3.824613713732e-06
1.672414668974e-07
4.187509546227e-06
8.239766884799e-06
1.232940383034e-05
1.646035082103e-05
2.099836092384e-05
1.681094971673e-05
1.259644460561e-05
8.361587731542e-06
4.109304200028e-06
1.608190700608e-07
4.449328912415e-06
8.753061365496e-06
1.306364060838e-05
1.736922189366e-05
2.114390298402e-05
1.689856048870e-05
1.267981389219e-05
8.488590196976e-06
4.327660008130e-06
2.038530624304e-07
3.873150262734e-06
7.894550208221e-06
1.185621954392e-05
1.575982929580e-05
1.880967630541e-05
1.502698950162e-05
1.129146835410e-05
7.605088910623e-06
3.969817498728e-06
3.838280235868e-07
3.159808045439e-06
6.671231460587e-06
1.016006524424e-05
1.363238152408e-05
1.740176634257e-05
1.397655518076e-05
1.055940646211e-05
7.141659637000e-06
3.712193461070e-06
2.611250238260e-07
3.216949721718e-06
6.722893658662e-06
1.025567019042e-05
1.381607739859e-05
1.841721950768e-05
1.480871168269e-05
1.115700041510e-05
7.461749305548e-06
3.727482237537e-06
3.906757228833e-08
3.832769152723e-06
7.652297085770e-06
1.149904983322e-05
1.537383622008e-05
1.962637628594e-05
1.573067544314e-05
1.182586294135e-05
7.918607877855e-06
4.011123849068e-06
1.019545834424e-07
3.810574128238e-06
7.724898068773e-06
1.163519431202e-05
1.553363586027e-05
1.930077252155e-05
1.545960805061e-05
1.163357052292e-05
7.817633900231e-06
4.009005465377e-06
2.088429482683e-07
3.579286612876e-06
7.352913826253e-06
1.111377957841e-05
1.486797668804e-05
1.884030945121e-05
1.509896594598e-05
1.135039428846e-05
7.597150556649e-06
3.841839316010e-06
8.355237923752e-08
3.683269653720e-06
7.466695365110e-06
1.127339896811e-05
1.510562344720e-05
1.950359978764e-05
1.564963565670e-05
1.177911246941e-05
7.889957601037e-06
3.976639959546e-06
3.349873622938e-08
3.941682905406e-06
7.946306880058e-06
1.197459857849e-05
1.602137444934e-05
2.045957563723e-05
1.639729805447e-05
1.231138259072e-05
8.199777710161e-06
4.065353891747e-06
8.450484756395e-08
4.241090607593e-06
8.398526290421e-06
1.255608367501e-05
1.671745985732e-05
2.070822006317e-05
1.655225497643e-05
1.239194949676e-05
8.235819564106e-06
4.092544088508e-06
3.304432993900e-08
4.141373722177e-06
8.236071892043e-06
1.231981786987e-05
1.639077930804e-05
1.996588702013e-05
1.596657818936e-05
1.200165468163e-05
8.071096885942e-06
4.169272244781e-06
2.888777999033e-07
3.573865740236e-06
7.416139283123e-06
1.122976027546e-05
1.500570004964e-05
1.849480548799e-05
1.482401199837e-05
1.118525221955e-05
7.570869456686e-06
3.978146366990e-06
4.106580036023e-07
3.124527552245e-06
6.622378350585e-06
1.008402074376e-05
1.351698631424e-05
1.711065829113e-05
1.373155919282e-05
1.036523059383e-05
7.017840630397e-06
3.696359158312e-06
4.028123612443e-07
2.868334433970e-06
6.128182292287e-06
9.387905834046e-06
1.265358122282e-05
1.668498896379e-05
1.343598154335e-05
1.018902935357e-05
6.941133904093e-06
3.683020111112e-06
4.029894284940e-07
2.907800933372e-06
6.252142668473e-06
9.627471001750e-06
1.303022304455e-05
1.774183084535e-05
1.430058790675e-05
1.081511919665e-05
7.275621044300e-06
3.677327299556e-06
2.195372417191e-08
3.684698185680e-06
7.437238707553e-06
1.123445480289e-05
1.507982165094e-05
1.990393741380e-05
1.597250854957e-05
1.198691626314e-05
7.954178670389e-06
3.882941769007e-06
2.205786131526e-07
4.354664156381e-06
8.521121969807e-06
1.272165491173e-05
1.695428318271e-05
2.125246692231e-05
1.700537342231e-05
1.275325377037e-05
8.501058857746e-06
4.248132597695e-06
9.594145922165e-09
4.275698131551e-06
8.550036511679e-06
1.282854395868e-05
1.710602123239e-05
2.124839380713e-05
1.700036580132e-05
1.274565187259e-05
8.476443554173e-06
4.188369018721e-06
1.177285753329e-07
4.437913844413e-06
8.769752128046e-06
1.311635645607e-05
1.748701146198e-05
2.205844293712e-05
1.763241954222e-05
1.315817365821e-05
8.639393968224e-06
4.081983774995e-06
5.110792358209e-07
5.142581926521e-06
9.819030935887e-06
1.454547839330e-05
1.932048922981e-05
2.388921501506e-05
1.907453037120e-05
1.424171705366e-05
9.392572962952e-06
4.522134986473e-06
3.755708348763e-07
5.300655743667e-06
1.024416940254e-05
1.519082354662e-05
2.012604909396e-05
2.400302662409e-05
1.912981474561e-05
1.426590063147e-05
9.406747551566e-06
4.555510372484e-06
2.777163672363e-07
5.082371728804e-06
9.854930794972e-06
1.460238382833e-05
1.933885215522e-05
2.319147944263e-05
1.847208909567e-05
1.374973169277e-05
9.032910497808e-06
4.325785255332e-06
3.775072627832e-07
5.091886123409e-06
9.834123886776e-06
1.461451512341e-05
1.943292403439e-05
2.408349809002e-05
1.923875800003e-05
1.436944040734e-05
9.465889377225e-06
4.515105104019e-06
4.910700681648e-07
5.550558398681e-06
1.065227121444e-05
1.578296462412e-05
2.093497613487e-05
2.550175872784e-05
2.032780366790e-05
1.511966121370e-05
9.880512493510e-06
4.622542178367e-06
6.381332013916e-07
5.889056467367e-06
1.112609021447e-05
1.635243933151e-05
2.157276520620e-05
2.522177277342e-05
2.005097940128e-05
1.490652471148e-05
9.799035524338e-06
4.732585523470e-06
2.960222786896e-07
5.293156789321e-06
1.026261651305e-05
1.520224822116e-05
2.010508984540e-05
2.350566745690e-05
1.871969362810e-05
1.397548510340e-05
9.264714037727e-06
4.579798826398e-06
8.212163038479e-08
4.718680997939e-06
9.325199414434e-06
1.389895084003e-05
1.844169048582e-05
2.209808286580e-05
1.762615522694e-05
1.316996440437e-05
8.730309332350e-06
4.310676217756e-06
8.582702548665e-08
4.459204660634e-06
8.813079830361e-06
1.315273254932e-05
1.748206790353e-05
2.127738378022e-05
1.699656127130e-05
1.273207340091e-05
8.486071408242e-06
4.257356010839e-06
4.177246637482e-08
4.165712311988e-06
8.368554972549e-06
1.256728700127e-05
1.676019144270e-05
2.079260099208e-05
1.664095071874e-05
1.249481658760e-05
8.349902316240e-06
4.202397292374e-06
5.099627742311e-08
4.102566890651e-06
8.255021270998e-06
1.240392919044e-05
1.654974869325e-05
2.065522522798e-05
1.652927448959e-05
1.239601937186e-05
8.256652847649e-06
4.115896899748e-06
2.036756541202e-08
4.147988533987e-06
8.266348515917e-06
1.237762035089e-05
1.648419379308e-05
2.032064759305e-05
1.625194664712e-05
1.219604075686e-05
8.156209162280e-06
4.131947775932e-06
1.189700356008e-07
3.888124808782e-06
7.892565520251e-06
1.189351183939e-05
1.588691372945e-05
1.983939938555e-05
1.589470463159e-05
1.195834539658e-05
8.023350858366e-06
4.082994792043e-06
1.334756234428e-07
3.825723922546e-06
7.793892223162e-06
1.177207911951e-05
1.576448818241e-05
2.024085608809e-05
1.622700995085e-05
1.218514131551e-05
8.117485492676e-06
4.028561988889e-06
7.795836154401e-08
4.201651847779e-06
8.345310959612e-06
1.251275295999e-05
1.670608651239e-05
2.113920561442e-05
1.692647566642e-05
1.269672952731e-05
8.452584893348e-06
4.194855023343e-06
7.612919716848e-08
4.358796729775e-06
8.649323547161e-06
1.294242372296e-05
1.723322947100e-05
2.121961335888e-05
1.696540624607e-05
1.271370581435e-05
8.462170910661e-06
4.209559676838e-06
4.392092023409e-08
4.297426357880e-06
8.550410882435e-06
1.280316547536e-05
1.705658189621e-05
2.112154248834e-05
1.689033746288e-05
1.265539498263e-05
8.415195225098e-06
4.167482131834e-06
9.058891237146e-08
4.361975356915e-06
8.649229812363e-06
1.295436248938e-05
1.727880737690e-05
2.170214764874e-05
1.736441714684e-05
1.300681287830e-05
8.630525599074e-06
4.236766812937e-06
1.739940103107e-07
4.602560863987e-06
9.050815606315e-06
1.352066595928e-05
1.801283406166e-05
2.247977715797e-05
1.797659126623e-05
1.345746488823e-05
8.924007147471e-06
4.376473043521e-06
1.854066340456e-07
4.761351362959e-06
9.349868719255e-06
1.394889443418e-05
1.855715896681e-05
2.287396006295e-05
1.827347682593e-05
1.365866637570e-05
9.028962210778e-06
4.386721798255e-06
2.633348685777e-07
4.916157138268e-06
9.568347252298e-06
1.421898673470e-05
1.886878590085e-05
2.284267111463e-05
1.822464844281e-05
1.361085679719e-05
9.004609069052e-06
4.408340885220e-06
1.766945274539e-07
4.749504284973e-06
9.307772813827e-06
1.384689289807e-05
1.836051836790e-05
2.184386556792e-05
1.742755472378e-05
1.304831585003e-05
8.705115021712e-06
4.396356416692e-06
1.212784468407e-07
4.119735137920e-06
8.325848682489e-06
1.249678524573e-05
1.663302941779e-05
2.016099682578e-05
1.612082547808e-05
1.211453110272e-05
8.142392232457e-06
4.203349703857e-06
2.943623940155e-07
3.589392576941e-06
7.453215403075e-06
1.130159546392e-05
1.513778181561e-05
1.918048315019e-05
1.538795555689e-05
1.159891257885e-05
7.810225213234e-06
4.020241021863e-06
2.293089664818e-07
3.561086543868e-06
7.350158625741e-06
1.113951941534e-05
1.493324077728e-05
1.917691463404e-05
1.538796772138e-05
1.158715747351e-05
7.777193843594e-06
3.960733465647e-06
1.379412424285e-07
3.693972757901e-06
7.538999170720e-06
1.139932220440e-05
1.527361217768e-05
1.957440935030e-05
1.570824889541e-05
1.183446369168e-05
7.947605979552e-06
4.039957900659e-06
1.055037728293e-07
3.857170611354e-06
7.845227685266e-06
1.185518158309e-05
1.588698597743e-05
2.052751750625e-05
1.645940642447e-05
1.234884587120e-05
8.193853375360e-06
3.998039346698e-06
2.328839627808e-07
4.495910104652e-06
8.793408653673e-06
1.313176164786e-05
1.751669594796e-05
2.223736566975e-05
1.779452554729e-05
1.332024419298e-05
8.822078143567e-06
4.301994067646e-06
2.431507937217e-07
4.817252772682e-06
9.419811817679e-06
1.404357794854e-05
1.867689115898e-05
2.286649680627e-05
1.827348035022e-05
1.368605694552e-05
9.100288480113e-06
4.514762338204e-06
6.615283609790e-08
4.633283026578e-06
9.177328706755e-06
1.369389013917e-05
1.818533974074e-05
2.193065421352e-05
1.750216711116e-05
1.308619624751e-05
8.688082914432e-06
4.315259047871e-06
2.770616447378e-08
4.342440831806e-06
8.635557492198e-06
1.291459227559e-05
1.718336500289e-05
2.098591704680e-05
1.677833171243e-05
1.259264217879e-05
8.428831620222e-06
4.281875590095e-06
1.447332920179e-07
3.987196635080e-06
8.113088767914e-06
1.222704162274e-05
1.632153828268e-05
2.016130679294e-05
1.614895063540e-05
1.215705850655e-05
8.180633471966e-06
4.217358366532e-06
2.692660245884e-07
3.658728303435e-06
7.562014104678e-06
1.143942500903e-05
1.529414049628e-05
1.909775755848e-05
1.530562451535e-05
1.152523947212e-05
7.760009680169e-06
4.015021659143e-06
2.932329152827e-07
3.407425253954e-06
7.094200213942e-06
1.077655099380e-05
1.446201019917e-05
1.862133797204e-05
1.495743128999e-05
1.129384821752e-05
7.632144843228e-06
3.969073759436e-06
2.976227051477e-07
3.389222456462e-06
7.094311342826e-06
1.081487584997e-05
1.454462869788e-05
1.893097845596e-05
1.522161102230e-05
1.150139485162e-05
7.761716005916e-06
3.997212104423e-06
2.095769104926e-07
3.592985933665e-06
7.400512458844e-06
1.120734543747e-05
1.501522785929e-05
1.920914024822e-05
1.540432344882e-05
1.158095790288e-05
7.743719550035e-06
3.900924866684e-06
5.824341542393e-08
3.785846502069e-06
7.639918521818e-06
1.151445763981e-05
1.541543031180e-05
1.979019583587e-05
1.587603725284e-05
1.195293526735e-05
8.021577343698e-06
4.074297805801e-06
9.893494734570e-08
3.913990269666e-06
7.965910810981e-06
1.205011000138e-05
1.615690956669e-05
2.082274437498e-05
1.671057674457e-05
1.257249004993e-05
8.401375453104e-06
4.196569307169e-06
3.446189111855e-08
4.279849974864e-06
8.529963395176e-06
1.278206093502e-05
1.704011407355e-05
2.123682543242e-05
1.698864082300e-05
1.273606130781e-05
8.492279221173e-06
4.270262309092e-06
7.693802217545e-08
4.088560785931e-06
8.231714332396e-06
1.235665013155e-05
1.646185876325e-05
2.009485507415e-05
1.608508972595e-05
1.211550454627e-05
8.184294301827e-06
4.284701844881e-06
4.097213945897e-07
3.443514060564e-06
7.272425989413e-06
1.107177610038e-05
1.483838764216e-05
1.865091371656e-05
1.496774302723e-05
1.129641503894e-05
7.628982530150e-06
3.962679727465e-06
2.993506313942e-07
3.357894399869e-06
7.008368697825e-06
1.065553578883e-05
1.430567118632e-05
1.849129210996e-05
1.485119207700e-05
1.120181855185e-05
7.547580651135e-06
3.892158360941e-06
2.359791437812e-07
3.423972145811e-06
7.092081943938e-06
1.077087392787e-05
1.445877870765e-05
1.863391850065e-05
1.497511453863e-05
1.132484243271e-05
7.684235185934e-06
4.050715745052e-06
4.204004540043e-07
3.208605789951e-06
6.834578073267e-06
1.045275155320e-05
1.405821330991e-05
1.813621582869e-05
1.458525935050e-05
1.104112089934e-05
7.498965487684e-06
3.957445244396e-06
4.193382778794e-07
3.110745467438e-06
6.630281291109e-06
1.014167378344e-05
1.365208157722e-05
1.788915625411e-05
1.438513987750e-05
1.086773613679e-05
7.341367904701e-06
3.811228566519e-06
2.790223447846e-07
3.258709227794e-06
6.808636612732e-06
1.037634632439e-05
1.396276513788e-05
1.831894900306e-05
1.473786198858e-05
1.115088247161e-05
7.555513150237e-06
3.945003243189e-06
3.128258754259e-07
3.342733862155e-06
7.016907829893e-06
1.070094083389e-05
1.438725246317e-05
1.865201403461e-05
1.499318921105e-05
1.132477268584e-05
7.642470166047e-06
3.946838944557e-06
2.423117280159e-07
3.466628697879e-06
7.179296744653e-06
1.089989785896e-05
1.463480344910e-05
1.900133156596e-05
1.526321341316e-05
1.151387851905e-05
7.760380981381e-06
4.006312906313e-06
2.494825821486e-07
3.516662161474e-06
7.299111871362e-06
1.110150640216e-05
1.492302624229e-05
1.946205833292e-05
1.564520903230e-05
1.181412363849e-05
7.965630345552e-06
4.096972645584e-06
2.086371182486e-07
3.695027430695e-06
7.607788518271e-06
1.152505018354e-05
1.544624529970e-05
1.975658318543e-05
1.585061096421e-05
1.192970057673e-05
7.994487020824e-06
4.048645735111e-06
9.662170441516e-08
3.858531158585e-06
7.815848334758e-06
1.177538666752e-05
1.573651860554e-05
1.975250296482e-05
1.583115232506e-05
1.191745252527e-05
8.012264970603e-06
4.113860313737e-06
2.188143639614e-07
3.675973289319e-06
7.571853473110e-06
1.146788059714e-05
1.536162181992e-05
1.948796409579e-05
1.563890316447e-05
1.179522365646e-05
7.955101239077e-06
4.116265870380e-06
2.768694571387e-07
3.564202074813e-06
7.407431098727e-06
1.125324496343e-05
1.510260887017e-05
1.943869102661e-05
1.561045525023e-05
1.177335474267e-05
7.927472097435e-06
4.074877949733e-06
2.189364636251e-07
3.637263034761e-06
7.492499548789e-06
1.134804909952e-05
1.520648618225e-05
1.940984043358e-05
1.557748356618e-05
1.174721330699e-05
7.925978081857e-06
4.119810228076e-06
3.316243919471e-07
3.438757460117e-06
7.192384316568e-06
1.092816228265e-05
1.464123550932e-05
1.835317777932e-05
1.474098667131e-05
1.116784784472e-05
7.631442656475e-06
4.127280703869e-06
6.528626954605e-07
2.789301277062e-06
6.192166040364e-06
9.548009643368e-06
1.285334462864e-05
1.631274955116e-05
1.312892680971e-05
9.975373131965e-06
6.847552810996e-06
3.746470440547e-06
6.759426014469e-07
2.362434941006e-06
5.372920497848e-06
8.365133453481e-06
1.134974326078e-05
1.534719888241e-05
1.239965990862e-05
9.457552039294e-06
6.524349544179e-06
3.597889303819e-06
6.693485943288e-07
2.273152233556e-06
5.238728647328e-06
8.229728905462e-06
1.124218357518e-05
1.585941453186e-05
1.285228557890e-05
9.829015823470e-06
6.782557306906e-06
3.706872178100e-06
6.011362074787e-07
2.529674134166e-06
5.678212858129e-06
8.839713075304e-06
1.201517159188e-05
1.660069602849e-05
1.341110760222e-05
1.019300168537e-05
6.949698274639e-06
3.687947412345e-06
4.136714437664e-07
2.871738331578e-06
6.171828886181e-06
9.492235164998e-06
1.283678994923e-05
1.734622486538e-05
1.398744842618e-05
1.061237696831e-05
7.221894236409e-06
3.813141574938e-06
3.812572799688e-07
3.077400833718e-06
6.562863234194e-06
1.007176302892e-05
1.359950618962e-05
1.816151893763e-05
1.463165386895e-05
1.108395008487e-05
7.516467235291e-06
3.929550871362e-06
3.265669761277e-07
3.287247011485e-06
6.906689236530e-06
1.052797426837e-05
1.414886054363e-05
1.828173600416e-05
1.469862036174e-05
1.112412928705e-05
7.563038366243e-06
4.019867901661e-06
4.979261234439e-07
3.000974629686e-06
6.476111991560e-06
9.927051166869e-06
1.335287015536e-05
1.710015192202e-05
1.376088368943e-05
1.045205419814e-05
7.174553616096e-06
3.928018941224e-06
7.106207817742e-07
2.480683349404e-06
5.649641877881e-06
8.800063540093e-06
1.193536604660e-05
1.603664281902e-05
1.295364734233e-05
9.877220236376e-06
6.803807195865e-06
3.729651723461e-06
6.513330390590e-07
2.433535257751e-06
5.526135112177e-06
8.627054739918e-06
1.173720949055e-05
1.621780137384e-05
1.311332590603e-05
9.992179400342e-06
6.852711464944e-06
3.695249120028e-06
5.220757088864e-07
2.663521058821e-06
5.858505346623e-06
9.060825618690e-06
1.226948182875e-05
1.652272311503e-05
1.333457163355e-05
1.014397525978e-05
6.953238937513e-06
3.764435234643e-06
5.786411634290e-07
2.604160897590e-06
5.784653808405e-06
8.963398045125e-06
1.214049342479e-05
1.630521427387e-05
1.316182141409e-05
1.002083433832e-05
6.880603791615e-06
3.737936253856e-06
5.884695610803e-07
2.572435107595e-06
5.748753267198e-06
8.943215448198e-06
1.215728826764e-05
1.683170512479e-05
1.360286012186e-05
1.034995233340e-05
7.069792388847e-06
3.759085416277e-06
4.156073032391e-07
2.961260406664e-06
6.370701328251e-06
9.811641746182e-06
1.328380852783e-05
1.812770432252e-05
1.461889769416e-05
1.107772567366e-05
7.507404120588e-06
3.913742716577e-06
3.033735538338e-07
3.318405902064e-06
6.949117619115e-06
1.058868610926e-05
1.423743162832e-05
1.853876597124e-05
1.490855197517e-05
1.128130440975e-05
7.662496500416e-06
4.055003500980e-06
4.589206241690e-07
3.126699596123e-06
6.701286622501e-06
1.026153506700e-05
1.380231873327e-05
1.771900974745e-05
1.425623651130e-05
1.081496185407e-05
7.390153143660e-06
3.978202983035e-06
5.791674198008e-07
2.803452844091e-06
6.165385116219e-06
9.504762772394e-06
1.282344027231e-05
1.676101760495e-05
1.350238522946e-05
1.025703176083e-05
7.028800837361e-06
3.822812914223e-06
6.422294518416e-07
2.513659296710e-06
5.648266039771e-06
8.764399467509e-06
1.186111830975e-05
1.565601678521e-05
1.264522694555e-05
9.671732357219e-06
6.736618729519e-06
3.836986877559e-06
9.690552360553e-07
1.868250137704e-06
4.671823433000e-06
7.435970417191e-06
1.015600389564e-05
1.380295805120e-05
1.119524881688e-05
8.622867142094e-06
6.081688013637e-06
3.571145668957e-06
1.093235027838e-06
1.350495381303e-06
3.762088113035e-06
6.147980741389e-06
8.517061587554e-06
1.260951262338e-05
1.028000912129e-05
7.954216982853e-06
5.632480679196e-06
3.313379068004e-06
9.922034109877e-07
1.338268475592e-06
3.685361946282e-06
6.054168011360e-06
8.446904018911e-06
1.318033474718e-05
1.076685589396e-05
8.326065881192e-06
5.854184962573e-06
3.347483129801e-06
8.037877705647e-07
1.776793055797e-06
4.392395794639e-06
7.040574587336e-06
9.719252602736e-06
1.451316103385e-05
1.180794970423e-05
9.075058812869e-06
6.315315488337e-06
3.529768832777e-06
7.198304388112e-07
2.112506081176e-06
4.964592790202e-06
7.833332631435e-06
1.071599325542e-05
1.520071106142e-05
1.232441957200e-05
9.435166191452e-06
6.532904535561e-06
3.619115034326e-06
6.966712930989e-07
2.231790006135e-06
5.165726463474e-06
8.107579958505e-06
1.106185635535e-05
1.553957685019e-05
1.258129310600e-05
9.606803303086e-06
6.619377074912e-06
3.620931238402e-06
6.098836138335e-07
2.418592828235e-06
5.469849838846e-06
8.546657568331e-06
1.164750000271e-05
1.629700790318e-05
1.319259621368e-05
1.007404591746e-05
6.938377850929e-06
3.781119517043e-06
5.999731342854e-07
2.602606286928e-06
5.819874900226e-06
9.044120645285e-06
1.227048909413e-05
1.664515701805e-05
1.344309839624e-05
1.023359732244e-05
7.018232224709e-06
3.803140145919e-06
5.966682579128e-07
2.594751435936e-06
5.769086499186e-06
8.928301724609e-06
1.207528532632e-05
1.600093384013e-05
1.291266130465e-05
9.845669069364e-06
6.804078793721e-06
3.787605578509e-06
7.913890271993e-07
2.191316355038e-06
5.165270863472e-06
8.131088861774e-06
1.108600923772e-05
1.524486600601e-05
1.234887076862e-05
9.462200239341e-06
6.577755016224e-06
3.688761523790e-06
7.913853892205e-07
2.115194376984e-06
5.030901775172e-06
7.957513446399e-06
1.089992957759e-05
1.564197185644e-05
1.268090062467e-05
9.689264686585e-06
6.669043273178e-06
3.624502937782e-06
5.591216449830e-07
2.526728678731e-06
5.635866500597e-06
8.772242381383e-06
1.193824579104e-05
1.666748391926e-05
1.348054541950e-05
1.027266245046e-05
7.046662744870e-06
3.803230470112e-06
5.419231570158e-07
2.736718556662e-06
6.029782184669e-06
9.332100660231e-06
1.263814215235e-05
1.697270590739e-05
1.369886911107e-05
1.042181060029e-05
7.137631598653e-06
3.843971740025e-06
5.412044856712e-07
2.768034789824e-06
6.080794150876e-06
9.395851691352e-06
1.271461718488e-05
1.707436280185e-05
1.377037744987e-05
1.045406230560e-05
7.125194088076e-06
3.784273133078e-06
4.309468977226e-07
2.937001170267e-06
6.323184095436e-06
9.730882254644e-06
1.316109882055e-05
1.774565663482e-05
1.431268913166e-05
1.086909537662e-05
7.418184793551e-06
3.960862954955e-06
4.964813911101e-07
2.975208474254e-06
6.452273908053e-06
9.930246676504e-06
1.340306840802e-05
1.759825272529e-05
1.418672286491e-05
1.079438391116e-05
7.424832176639e-06
4.082929876859e-06
7.750280133223e-07
2.492239275398e-06
5.713815141917e-06
8.887489059362e-06
1.201373737558e-05
1.556236867373e-05
1.255981982240e-05
9.603011164927e-06
6.694359512949e-06
3.836248765765e-06
1.029517989082e-06
1.727105370719e-06
4.436230824467e-06
7.100623008682e-06
9.722417019020e-06
1.337091839559e-05
1.085825374503e-05
8.378130019082e-06
5.923553260345e-06
3.487033438887e-06
1.062430442289e-06
1.353788263714e-06
3.762901883420e-06
6.165399895508e-06
8.562702362269e-06
1.285595737954e-05
1.049022188226e-05
8.119399637962e-06
5.741699851569e-06
3.356606555371e-06
9.638357596486e-07
1.438067101844e-06
3.852106885915e-06
6.281685159593e-06
8.728872501251e-06
1.330277370926e-05
1.085770475129e-05
8.403099513998e-06
5.942047607732e-06
3.475304481526e-06
1.001695636660e-06
1.480480818827e-06
3.971891374022e-06
6.471738856817e-06
8.978591949926e-06
1.349135220607e-05
1.100400373844e-05
8.506046867751e-06
5.994538241794e-06
3.467970145721e-06
9.269204497286e-07
1.626675384614e-06
4.191133996301e-06
6.766522119506e-06
9.354858320876e-06
1.393257207383e-05
1.134362724997e-05
8.734742493743e-06
6.106210435064e-06
3.459080630819e-06
7.941686703816e-07
1.888538918138e-06
4.589426964685e-06
7.308410658879e-06
1.004418055572e-05
1.455362524894e-05
1.182679221756e-05
9.092177776893e-06
6.351958973028e-06
3.607372377701e-06
8.592076596869e-07
1.891519843866e-06
4.643047248010e-06
7.392849056487e-06
1.013809333017e-05
1.436397991483e-05
1.166615726333e-05
8.977752258943e-06
6.298534515281e-06
3.627688215602e-06
9.643153475736e-07
1.692381090379e-06
4.343164562215e-06
6.989174096361e-06
9.632242552016e-06
1.402521650107e-05
1.140812474887e-05
8.785068189354e-06
6.153784966045e-06
3.512755256452e-06
8.606822916590e-07
1.804419753171e-06
4.485825513711e-06
7.187876406078e-06
9.914886106799e-06
1.475007104546e-05
1.199560188070e-05
9.213777616424e-06
6.406517002233e-06
3.575279208690e-06
7.205304655145e-07
2.157643166356e-06
5.058285296400e-06
7.978556311627e-06
1.091396137554e-05
1.545523133473e-05
1.253484828112e-05
9.609877281491e-06
6.680963906547e-06
3.749401855657e-06
8.188640663320e-07
2.104413454163e-06
5.013006671106e-06
7.900680657258e-06
1.076417350987e-05
1.463946881586e-05
1.185690990724e-05
9.097329837005e-06
6.362215231093e-06
3.654226247818e-06
9.752101846061e-07
1.675653777511e-06
4.302247759824e-06
6.909937269484e-06
9.503213505013e-06
1.357297099958e-05
1.103882044617e-05
8.517627577476e-06
6.007255933582e-06
3.502042432046e-06
9.938632956619e-07
1.525358811705e-06
4.061073582307e-06
6.615400252485e-06
9.188370938773e-06
1.398350389081e-05
1.140501717600e-05
8.800393572983e-06
6.164688386434e-06
3.494921543279e-06
7.914408115539e-07
1.942876053818e-06
4.704680463874e-06
7.492334873405e-06
1.030656699186e-05
1.512103682444e-05
1.228431426625e-05
9.420973412944e-06
6.536450484873e-06
3.637590680228e-06
7.302916742447e-07
2.182159732911e-06
5.098922031266e-06
8.019933829928e-06
1.094393394396e-05
1.521638307622e-05
1.233220922359e-05
9.458202555379e-06
6.597005778985e-06
3.748701089989e-06
9.116897103922e-07
1.915411985465e-06
4.732261004392e-06
7.536720488588e-06
1.032602187934e-05
1.448342453614e-05
1.175871284431e-05
9.045821116160e-06
6.340330116927e-06
3.638750115442e-06
9.396943596585e-07
1.756487847615e-06
4.449174241472e-06
7.139232195641e-06
9.829507632730e-06
1.427752226846e-05
1.160773069842e-05
8.929265220559e-06
6.243727170840e-06
3.554029603947e-06
8.625444820609e-07
1.830513042478e-06
4.527143573796e-06
7.230006019654e-06
9.940402037500e-06
1.436360281559e-05
1.167700696669e-05
8.991696574867e-06
6.310175024282e-06
3.632768709849e-06
9.586248097548e-07
1.712339212645e-06
4.377838820346e-06
7.033203871742e-06
9.673160946022e-06
1.376668365083e-05
1.119807222949e-05
8.645027207876e-06
6.103551527303e-06
3.571300965177e-06
1.048907279255e-06
1.460885471261e-06
3.955478746320e-06
6.434559054469e-06
8.900580212412e-06
1.305171667809e-05
1.063716479166e-05
8.228958904510e-06
5.828812675190e-06
3.438255191668e-06
1.056238033925e-06
1.321670367815e-06
3.701946980073e-06
6.090177748774e-06
8.488691605635e-06
1.301334447135e-05
1.063763590992e-05
8.259736091532e-06
5.879860282221e-06
3.495537498566e-06
1.103761576360e-06
1.296790799188e-06
3.704552796080e-06
6.116073564044e-06
8.528377065886e-06
1.302104124079e-05
1.064281684648e-05
8.259308060588e-06
5.869166102457e-06
3.474338654996e-06
1.079453170405e-06
1.310357959028e-06
3.692202938055e-06
6.066448747788e-06
8.436047835403e-06
1.271620749321e-05
1.038443775769e-05
8.054216152686e-06
5.727856262183e-06
3.406500638903e-06
1.088677777261e-06
1.229547933690e-06
3.552765747372e-06
5.884143888579e-06
8.224400062318e-06
1.275490939179e-05
1.043402414780e-05
8.104279800136e-06
5.761781551428e-06
3.401487333576e-06
1.019309081585e-06
1.386342489695e-06
3.814691581283e-06
6.264081036989e-06
8.734065318095e-06
1.354265162945e-05
1.105921035105e-05
8.546991978164e-06
6.004949796079e-06
3.434857092088e-06
8.404317668465e-07
1.774442637270e-06
4.407436790643e-06
7.057872551286e-06
9.725709389841e-06
1.427365924656e-05
1.161204363598e-05
8.943108184667e-06
6.272268876728e-06
3.603295226640e-06
9.374415412822e-07
1.725530125896e-06
4.385386034755e-06
7.039598301617e-06
9.682957397672e-06
1.379626974085e-05
1.122766985873e-05
8.684448630447e-06
6.166405910335e-06
3.672183879644e-06
1.201333589052e-06
1.244466375283e-06
3.662082917799e-06
6.048840646145e-06
8.404483992308e-06
1.238615328703e-05
1.011823331964e-05
7.872509229401e-06
5.649115280448e-06
3.450681958839e-06
1.280169385609e-06
8.618114293313e-07
2.978215775329e-06
5.074618798062e-06
7.156490994475e-06
1.131709524316e-05
9.294788469560e-06
7.287186519989e-06
5.295416826812e-06
3.317575135497e-06
1.348964985937e-06
6.155343044156e-07
2.578590795110e-06
4.539331257547e-06
6.494689728243e-06
1.087219442297e-05
8.967424491857e-06
7.064054500461e-06
5.155846963589e-06
3.238675390094e-06
1.312569168022e-06
6.190189765221e-07
2.552414287038e-06
4.487070214054e-06
6.426821869354e-06
1.097632480196e-05
9.043564432432e-06
7.092047269452e-06
5.124091956077e-06
3.143384617488e-06
1.151284493517e-06
8.551568271287e-07
2.882066155507e-06
4.935326273880e-06
7.017084669769e-06
1.179737438406e-05
9.703586215437e-06
7.592532028866e-06
5.463426930419e-06
3.311162515729e-06
1.129571899128e-06
1.084631264803e-06
3.329619630676e-06
5.599613757568e-06
7.888510253906e-06
1.269699345130e-05
1.041019032755e-05
8.101960020213e-06
5.769750089257e-06
3.415274534291e-06
1.044372822889e-06
1.335843080597e-06
3.720719746525e-06
6.110075617016e-06
8.507194138474e-06
1.299936263877e-05
1.061751504494e-05
8.228707258695e-06
5.839736559210e-06
3.456581225691e-06
1.081592927221e-06
1.286822964630e-06
3.652038913060e-06
6.016176882895e-06
8.378057373193e-06
1.265320304356e-05
1.034610869510e-05
8.051453789903e-06
5.767703328274e-06
3.490902997783e-06
1.217180283675e-06
1.054949791524e-06
3.323882538098e-06
5.586247823430e-06
7.839127817988e-06
1.217574839529e-05
9.979190053855e-06
7.787257970904e-06
5.597238953214e-06
3.408349641632e-06
1.221792217621e-06
9.605923310119e-07
3.137902183425e-06
5.311039501521e-06
7.482438491024e-06
1.189772859789e-05
9.761613114279e-06
7.624380373272e-06
5.488524550401e-06
3.356645891017e-06
1.229962776961e-06
8.925358088163e-07
3.013665491380e-06
5.136710342413e-06
7.264005375873e-06
1.176222514232e-05
9.662555328305e-06
7.559566427062e-06
5.452859113575e-06
3.340318187384e-06
1.218831755523e-06
9.144297905550e-07
3.060875599203e-06
5.220501009262e-06
7.392962231734e-06
1.212879215018e-05
9.960280181076e-06
7.769369858579e-06
5.550567266255e-06
3.300030755327e-06
1.016606461235e-06
1.298810502703e-06
3.645016761311e-06
6.022420279805e-06
8.433667630925e-06
1.345431536492e-05
1.099874714328e-05
8.500956937496e-06
5.961949852917e-06
3.383585124084e-06
7.667620138818e-07
1.889588872928e-06
4.587747696405e-06
7.329212053264e-06
1.011286786934e-05
1.512269921022e-05
1.230481535686e-05
9.460453384236e-06
6.592405213723e-06
3.700863430822e-06
7.851054419916e-07
2.154107050956e-06
5.113055522088e-06
8.085353954357e-06
1.106402436335e-05
1.558793843515e-05
1.264736334861e-05
9.710990923395e-06
6.780862122469e-06
3.861063419208e-06
9.577290143170e-07
1.922424758050e-06
4.774117485340e-06
7.594957992296e-06
1.038495156536e-05
1.429040406720e-05
1.159800262940e-05
8.939776364514e-06
6.320638590296e-06
3.745217213691e-06
1.216066664256e-06
1.267210393507e-06
3.707177597789e-06
6.106923251537e-06
8.468495707348e-06
1.228715973411e-05
1.003682791634e-05
7.823398732398e-06
5.644389830195e-06
3.495484008909e-06
1.371484245283e-06
7.324521789087e-07
2.819965402523e-06
4.893693471786e-06
6.956178253859e-06
1.137875545965e-05
9.362019625314e-06
7.340757747443e-06
5.307910726060e-06
3.257492551256e-06
1.185405892556e-06
9.106911420531e-07
3.032274037196e-06
5.181116762287e-06
7.360290283032e-06
1.239385949248e-05
1.017943390025e-05
7.922901943402e-06
5.622524156479e-06
3.278324868461e-06
8.913625606510e-07
1.537248522254e-06
4.006903509435e-06
6.517233657632e-06
9.067280814179e-06
1.403088072038e-05
1.145274177361e-05
8.847251535826e-06
6.219619024250e-06
3.573745459562e-06
9.119707442551e-07
1.764172623098e-06
4.452625262275e-06
7.149681096053e-06
9.849874743395e-06
1.422273209073e-05
1.157965954235e-05
8.950413985076e-06
6.337855325000e-06
3.743847344140e-06
1.170224038560e-06
1.380668436468e-06
3.906252004526e-06
6.404605414900e-06
8.875207583969e-06
1.292763874972e-05
1.055123539118e-05
8.197176327940e-06
5.864187016869e-06
3.551932650225e-06
1.260344390630e-06
1.011357824154e-06
3.265351892878e-06
5.505250385340e-06
7.735445990420e-06
1.210746160041e-05
9.924771688929e-06
7.741117315163e-06
5.554359063353e-06
3.362248662597e-06
1.162246519471e-06
1.048390629421e-06
3.272172818924e-06
5.510782102647e-06
7.764729843984e-06
1.248279414767e-05
1.023843674375e-05
7.980720909018e-06
5.709788126751e-06
3.425351678743e-06
1.127457437633e-06
1.182770802188e-06
3.502741492412e-06
5.828594680679e-06
8.156114859048e-06
1.260188366814e-05
1.031922391803e-05
8.042441834277e-06
5.772959980277e-06
3.513159981594e-06
1.266607227990e-06
9.626157293496e-07
3.171032972205e-06
5.356937890610e-06
7.520253745952e-06
1.157347213621e-05
9.494401922439e-06
7.439630962836e-06
5.412339760369e-06
3.415397827666e-06
1.449499450246e-06
4.875911940871e-07
2.400166238203e-06
4.292642699966e-06
6.167572053073e-06
1.036598678184e-05
8.568252098939e-06
6.789293024667e-06
5.027170061567e-06
3.277886207798e-06
1.537180196465e-06
1.973897383323e-07
1.925502260747e-06
3.645076617431e-06
5.354542167879e-06
9.768281643119e-06
8.113031469748e-06
6.456425069246e-06
4.794079075054e-06
3.125163800632e-06
1.452569620142e-06
2.191328576373e-07
1.886345955882e-06
3.548155575572e-06
5.205964328070e-06
9.517841760953e-06
7.903785672170e-06
6.293949411429e-06
4.691458173056e-06
3.098250942912e-06
1.513446989065e-06
6.645512939940e-08
1.645490272040e-06
3.225799844131e-06
4.806258687040e-06
9.216440844284e-06
7.684842785238e-06
6.162489000872e-06
4.648044750866e-06
3.137719261304e-06
1.627126323456e-06
1.128778421844e-07
1.406899684753e-06
2.933419295914e-06
4.468454221751e-06
9.291558853874e-06
7.765290376938e-06
6.220495492926e-06
4.655697694034e-06
3.071409537370e-06
1.469151754918e-06
1.499478230471e-07
1.786151301530e-06
3.441229466716e-06
5.117635396346e-06
1.002554677143e-05
8.336472035353e-06
6.624477691730e-06
4.891419507658e-06
3.139688317333e-06
1.371721623400e-06
4.098042154510e-07
2.201918107403e-06
4.001135948783e-06
5.803729266063e-06
1.025981566727e-05
8.496271334479e-06
6.739185153037e-06
4.990951822492e-06
3.253757085986e-06
1.529835230940e-06
1.783218976925e-07
1.868047149856e-06
3.536546103078e-06
5.181212884509e-06
9.231525837095e-06
7.674759046949e-06
6.145216048026e-06
4.642631211027e-06
3.166563885770e-06
1.716820747788e-06
2.933935547844e-07
1.104014245357e-06
2.476504448623e-06
3.826231022686e-06
7.993018186880e-06
6.713827872318e-06
5.449908769606e-06
4.200221781048e-06
2.964062389310e-06
1.740081074786e-06
5.258971214062e-07
6.815384949732e-07
1.884796915874e-06
3.084873242187e-06
7.533829034401e-06
6.376274427566e-06
5.225588495250e-06
4.080891528702e-06
2.939570720173e-06
1.798716652957e-06
6.569966330972e-07
4.842833050134e-07
1.621803562557e-06
2.752096975200e-06
7.192411771939e-06
6.112445191775e-06
5.038632139076e-06
3.969474562382e-06
2.905545159138e-06
1.849303316703e-06
8.031928473429e-07
2.325567720618e-07
1.261000249997e-06
2.287414645252e-06
6.828194727859e-06
5.826970607359e-06
4.821340553463e-06
3.813792034180e-06
2.805636199810e-06
1.794910076569e-06
7.763808298478e-07
2.564802912275e-07
1.308745595452e-06
2.382459797445e-06
7.320176734993e-06
6.238678849968e-06
5.135273795531e-06
4.006224344266e-06
2.847065672995e-06
1.655096127706e-06
4.312312853472e-07
8.204614800889e-07
2.094762862725e-06
3.388186428310e-06
8.263372080819e-06
6.966193097924e-06
5.647386785768e-06
4.307956601224e-06
2.952075988105e-06
1.585776715274e-06
2.146430233552e-07
1.157867188795e-06
2.530380697863e-06
3.902026548985e-06
8.258175910214e-06
6.932333519671e-06
5.620259571515e-06
4.327014210048e-06
3.054767205413e-06
1.802527378914e-06
5.673949772245e-07
6.532698648698e-07
1.860239535745e-06
3.052515751278e-06
7.386523066089e-06
6.258910332235e-06
5.143971861798e-06
4.037077644625e-06
2.933682765160e-06
1.830961309679e-06
7.282897627192e-07
3.739704652617e-07
1.476383772570e-06
2.581793296486e-06
7.291545273347e-06
6.197702305144e-06
5.086227020001e-06
3.956083673984e-06
2.808973988522e-06
1.647762303492e-06
4.746404442812e-07
7.097268053258e-07
1.905501733290e-06
3.111933267519e-06
7.658095739771e-06
6.477580654973e-06
5.303344892127e-06
4.142149748532e-06
2.998191405368e-06
1.873099222394e-06
7.675604365431e-07
3.163341375512e-07
1.373576139940e-06
2.396575666808e-06
6.276306805830e-06
5.378442267556e-06
4.531951503850e-06
3.736715200375e-06
2.991768610627e-06
2.297476044077e-06
1.656245956383e-06
1.071298697752e-06
5.442574888548e-07
7.307386340472e-08
3.713971636898e-06
3.368995464825e-06
3.059791367832e-06
2.782550382108e-06
2.536005922593e-06
2.319223995073e-06
2.128820938196e-06
1.957686151854e-06
1.796040805857e-06
1.634104762616e-06
3.002266907970e-06
2.857391450561e-06
2.700583138449e-06
2.530076983476e-06
2.341474555578e-06
2.127830214249e-06
1.881621699340e-06
1.597546713583e-06
1.273939403745e-06
9.121571906689e-07
4.338518579061e-06
3.939499094940e-06
3.502302433844e-06
3.023815281722e-06
2.502391453163e-06
1.939770129411e-06
1.340726896615e-06
7.110238016139e-07
5.487038379215e-08
6.266225227591e-07
5.596760502158e-06
4.894165215319e-06
4.164180040789e-06
3.409806197396e-06
2.635305463627e-06
1.844159157827e-06
1.037714639551e-06
2.155186962227e-07
6.230673648133e-07
1.477147577589e-06
6.175669057029e-06
5.333172225619e-06
4.484505552682e-06
3.629622028711e-06
2.766056638848e-06
1.890525823001e-06
1.001148802970e-06
9.844205806075e-08
8.150797157214e-07
1.736583556067e-06
6.460987549417e-06
5.561238253904e-06
4.654801216475e-06
3.742215540115e-06
2.825903436587e-06
1.909760101171e-06
9.976938599721e-07
9.214079454978e-08
8.064304779509e-07
1.698576284070e-06
6.110213860211e-06
5.269393909657e-06
4.441386977305e-06
3.631247352587e-06
2.843342087999e-06
2.080179058339e-06
1.342714597286e-06
6.311816491689e-07
5.353780352380e-08
7.094650982253e-07
4.743854503886e-06
4.190372976609e-06
3.671299282360e-06
3.185654065874e-06
2.731511756338e-06
2.306907788352e-06
1.910686137307e-06
1.542678205624e-06
1.203005467687e-06
8.912793987292e-07
3.288481821073e-06
3.065230828270e-06
2.862502640255e-06
2.677232373571e-06
2.507123156192e-06
2.350779254812e-06
2.207317322700e-06
2.075636928112e-06
1.953954722467e-06
1.839703372752e-06
2.653520880358e-06
2.584968456176e-06
2.517484404052e-06
2.451110844959e-06
2.386711685176e-06
2.325132754777e-06
2.266440390031e-06
2.209816841514e-06
2.153983587050e-06
2.098076947732e-06
2.429016433325e-06
2.412806225038e-06
2.399207915005e-06
2.389192900409e-06
2.382645448051e-06
2.378732233410e-06
2.376577754148e-06
2.376202871801e-06
2.378694659910e-06
2.385626260093e-06
2.114963820077e-06
2.167818308862e-06
2.223317380867e-06
2.278674514855e-06
2.331616542506e-06
2.381096408044e-06
2.427267077110e-06
2.470606887073e-06
2.511047227927e-06
2.547479425630e-06
2.131446308340e-06
2.186231995438e-06
2.233241730210e-06
2.272722099406e-06
2.304986821855e-06
2.329561198167e-06
2.344962581446e-06
2.349312183014e-06
2.341356946545e-06
2.321446174847e-06
2.461523536113e-06
2.453572562899e-06
2.441461958824e-06
2.427057381738e-06
2.411274010683e-06
2.394745138190e-06
2.378567330652e-06
2.364507508901e-06
2.354614821343e-06
2.350489353375e-06
2.198211518589e-06
2.236746013295e-06
2.282414470756e-06
2.336454656415e-06
2.401184133305e-06
2.479417503309e-06
2.573418839802e-06
2.684194726044e-06
2.811263925651e-06
2.953227408398e-06
1.421150557235e-06
1.618879537091e-06
1.828312633734e-06
2.048903127161e-06
2.279722025378e-06
2.519438680793e-06
2.766446527858e-06
3.019418784334e-06
3.277509961208e-06
3.540248201261e-06
1.003308511827e-06
1.303893213844e-06
1.606755574812e-06
1.910502703595e-06
2.213977722931e-06
2.516526421914e-06
2.818110374392e-06
3.119170457921e-06
3.420373843710e-06
3.722542999185e-06
8.447618142782e-07
1.183330027743e-06
1.525509958356e-06
1.872015502613e-06
2.223510932708e-06
2.580704119737e-06
2.944566347196e-06
3.316440142953e-06
3.697933777858e-06
4.090599247775e-06
2.934497729257e-07
7.452905492755e-07
1.209410129377e-06
1.684879691766e-06
2.170497907628e-06
2.664894509508e-06
3.166348278683e-06
3.672771015317e-06
4.181521831015e-06
4.689693980708e-06
4.787921170646e-09
5.279496804178e-07
1.052257800893e-06
1.565987815866e-06
2.066554259272e-06
2.550780550337e-06
3.014662240730e-06
3.453770830220e-06
3.863625181566e-06
4.240115003995e-06
1.042446854171e-06
1.374029864110e-06
1.664142132540e-06
1.911724041292e-06
2.116368079896e-06
2.278312990711e-06
2.398181436547e-06
2.476980455413e-06
2.516055133128e-06
2.517109351174e-06
2.698780406263e-06
2.659902349933e-06
2.590035933281e-06
2.491660211490e-06
2.367249408053e-06
2.219653708835e-06
2.052493357496e-06
1.870503353985e-06
1.679289709955e-06
1.484742711000e-06
3.090702534791e-06
2.932560732916e-06
2.783375464332e-06
2.645442862104e-06
2.521071962747e-06
2.412846754396e-06
2.323217017874e-06
2.253782213302e-06
2.204704003361e-06
2.174875987748e-06
2.163355247831e-06
2.194980197601e-06
2.243183757855e-06
2.308681644081e-06
2.391986811290e-06
2.492208352578e-06
2.606737155020e-06
2.731718211635e-06
2.863178451662e-06
2.997884791966e-06
1.653878200614e-06
1.816309804781e-06
1.975252814646e-06
2.127370237304e-06
2.269094295571e-06
2.397682010269e-06
2.512129753995e-06
2.613154322262e-06
2.702351935113e-06
2.780863781027e-06
2.039490311745e-06
2.125046137280e-06
2.197660933234e-06
2.257086691770e-06
2.304361657934e-06
2.341373487980e-06
2.369798608015e-06
2.390528322849e-06
2.403885901003e-06
2.410516231066e-06
2.260754627059e-06
2.290925522175e-06
2.323236287793e-06
2.360629594023e-06
2.404151416613e-06
2.453086722198e-06
2.505856684820e-06
2.561451196925e-06
2.619962913286e-06
2.682417516553e-06
1.946927568497e-06
2.047769157798e-06
2.151048533960e-06
2.254546359381e-06
2.356826428240e-06
2.457978837356e-06
2.559327583640e-06
2.662088377292e-06
2.766125930975e-06
2.869379613912e-06
1.842494441462e-06
1.964790044440e-06
2.078311126752e-06
2.183199967476e-06
2.280723720105e-06
2.371977757321e-06
2.457063601469e-06
2.535105920742e-06
2.605268775824e-06
2.667732474038e-06
2.018151917582e-06
2.103119697949e-06
2.187218456129e-06
2.271424477840e-06
2.354884941269e-06
2.435561953007e-06
2.511468892408e-06
2.581713431482e-06
2.646895097769e-06
2.708478291424e-06
2.031011433701e-06
2.120812723660e-06
2.207926286246e-06
2.290821782935e-06
2.367893330302e-06
2.438028047891e-06
2.500376012904e-06
2.553805416028e-06
2.596269155219e-06
2.624491742154e-06
2.386724645476e-06
2.408114823993e-06
2.405059831290e-06
2.376764655310e-06
2.323830585738e-06
2.247378006359e-06
2.147980183054e-06
2.025110120485e-06
1.877347813206e-06
1.703051282220e-06
3.363090456787e-06
3.169151796101e-06
2.949383599571e-06
2.705503845846e-06
2.439086642880e-06
2.151723435873e-06
1.845556198532e-06
1.523947616988e-06
1.191783894683e-06
8.548433356736e-07
3.725241015218e-06
3.428442539644e-06
3.138241027045e-06
2.855295122117e-06
2.580393584140e-06
2.315490689853e-06
2.064186560347e-06
1.830874850839e-06
1.619535510144e-06
1.432712622318e-06
2.733457051818e-06
2.631971767642e-06
2.557370294198e-06
2.510935530609e-06
2.493638987744e-06
2.504836686512e-06
2.541391040722e-06
2.598041248802e-06
2.669081652584e-06
2.750251496764e-06
1.796044045932e-06
1.927706478000e-06
2.069009667593e-06
2.218828797140e-06
2.373355243890e-06
2.526707305606e-06
2.672911591617e-06
2.807504813518e-06
2.928036508365e-06
3.032996403363e-06
2.101227494222e-06
2.199929042490e-06
2.272450615237e-06
2.315222047855e-06
2.327748688913e-06
2.313066488568e-06
2.276297550452e-06
2.221986107998e-06
2.151769649572e-06
2.063843226097e-06
2.897922740885e-06
2.798090463330e-06
2.674319887319e-06
2.529945845708e-06
2.369870060193e-06
2.198356582994e-06
2.017651070219e-06
1.828439849305e-06
1.631573297800e-06
1.429796327557e-06
3.095054808000e-06
2.932580912329e-06
2.779252213259e-06
2.634941949964e-06
2.495857302165e-06
2.356635548040e-06
2.213143488916e-06
2.064405066449e-06
1.912585901209e-06
1.761080341112e-06
2.955296167784e-06
2.841381558483e-06
2.727028913796e-06
2.609148111787e-06
2.485858260570e-06
2.356910727030e-06
2.222611954039e-06
2.082004584736e-06
1.931626229634e-06
1.766068692177e-06
3.295962585526e-06
3.118854579043e-06
2.918585323641e-06
2.698754656194e-06
2.463946543685e-06
2.217377414127e-06
1.959890994385e-06
1.690393389708e-06
1.407602383097e-06
1.111641893203e-06
3.721424889136e-06
3.440407112976e-06
3.152560168473e-06
2.857909635168e-06
2.555307617058e-06
2.244160555165e-06
1.926205300151e-06
1.605938791727e-06
1.289506542435e-06
9.823226605477e-07
3.475195626379e-06
3.228159641822e-06
2.989931886077e-06
2.757920753993e-06
2.531279847062e-06
2.310848685738e-06
2.098007996665e-06
1.892854356811e-06
1.693517049262e-06
1.496918912380e-06
3.097539263308e-06
2.938689135590e-06
2.782303340609e-06
2.631522022511e-06
2.487918720817e-06
2.349981173211e-06
2.213169977949e-06
2.072071367820e-06
1.922917704178e-06
1.765230877027e-06
3.067847615057e-06
2.939775981758e-06
2.811114029555e-06
2.681847320218e-06
2.550700230586e-06
2.417207667804e-06
2.283411959070e-06
2.153845514385e-06
2.033821488112e-06
1.927064943175e-06
2.586066045751e-06
2.544588824094e-06
2.512505147934e-06
2.489405062533e-06
2.478100952885e-06
2.484015055870e-06
2.512762989682e-06
2.567824992639e-06
2.649538089372e-06
2.756006722393e-06
1.422998991529e-06
1.612319636024e-06
1.824835010211e-06
2.062151395421e-06
2.324375770968e-06
2.608928355130e-06
2.910944431278e-06
3.225075545288e-06
3.547594019437e-06
3.877436768107e-06
6.717169753756e-07
1.055714449194e-06
1.448702334983e-06
1.847756777806e-06
2.248222983781e-06
2.645310871685e-06
3.035618419744e-06
3.417677987727e-06
3.791192398239e-06
4.155854412602e-06
8.007243081920e-07
1.179936703011e-06
1.545219731725e-06
1.896099888654e-06
2.234121268430e-06
2.562368138115e-06
2.884312891638e-06
3.202339087238e-06
3.517196262237e-06
3.828227534086e-06
9.086713248507e-07
1.246418435130e-06
1.579876425239e-06
1.910866728849e-06
2.241384606805e-06
2.572811183654e-06
2.905762869432e-06
3.240391606596e-06
3.577057782422e-06
3.916645823665e-06
6.671813821413e-07
1.050653565926e-06
1.438284982669e-06
1.827998573845e-06
2.216599511939e-06
2.600832658572e-06
2.978257839459e-06
3.347775759721e-06
3.709208101554e-06
4.062508025982e-06
8.089597827166e-07
1.177723106593e-06
1.535098760996e-06
1.880337151761e-06
2.213733068857e-06
2.536364718253e-06
2.849349300504e-06
3.152983254040e-06
3.446663924933e-06
3.729595221102e-06
1.122324590597e-06
1.421218541964e-06
1.715741973385e-06
2.010664672980e-06
2.310048330401e-06
2.616319761728e-06
2.930464404471e-06
3.253124873481e-06
3.586034551972e-06
3.932391109629e-06
5.030095167058e-07
9.224919494955e-07
1.364545482829e-06
1.828625102007e-06
2.313118272923e-06
2.816966400587e-06
3.340774412663e-06
3.886469073677e-06
4.455772341316e-06
5.048434616128e-06
6.137573791420e-07
4.702070555140e-08
7.171473157541e-07
1.392776766806e-06
2.072289703392e-06
2.755522189091e-06
3.441748162913e-06
4.128269836201e-06
4.810269274458e-06
5.482193103035e-06
5.838934953317e-07
9.071197837329e-08
7.488624760299e-07
1.390880754570e-06
2.015881307216e-06
2.621067437758e-06
3.202682364645e-06
3.757933654924e-06
4.286529417641e-06
4.790975935975e-06
2.722296699176e-07
7.762128575450e-07
1.266551862500e-06
1.743879408878e-06
2.208316402630e-06
2.660720781478e-06
3.103375036062e-06
3.539530325725e-06
3.972122215146e-06
4.402751017096e-06
3.846374170280e-07
8.467696943626e-07
1.307044499299e-06
1.767257799656e-06
2.230360166777e-06
2.699244078030e-06
3.175511096742e-06
3.658895991521e-06
4.147468303017e-06
4.638571283522e-06
6.231141469470e-08
5.861797376383e-07
1.105149976866e-06
1.616271504190e-06
2.116072607805e-06
2.601230676191e-06
3.069336173667e-06
3.519428389609e-06
3.951653013701e-06
4.366379357634e-06
6.299241022134e-07
1.044297846420e-06
1.436486343209e-06
1.803591374028e-06
2.143364497442e-06
2.454502748606e-06
2.736518752045e-06
2.989243455431e-06
3.212778096895e-06
3.407787346532e-06
1.717382872357e-06
1.901803216242e-06
2.067808281936e-06
2.220450710411e-06
2.363789974424e-06
2.500223274637e-06
2.630497192513e-06
2.754529930371e-06
2.872663856124e-06
2.986347965361e-06
1.798128039354e-06
1.952116406301e-06
2.111173273533e-06
2.278269164435e-06
2.456124548189e-06
2.647571875514e-06
2.855787727185e-06
3.083923218128e-06
3.334425912271e-06
3.608232134411e-06
7.637151497875e-07
1.120090814766e-06
1.493955721799e-06
1.883439267658e-06
2.287995584993e-06
2.708387569328e-06
3.145930350001e-06
3.601714354318e-06
4.076066772996e-06
4.568548433781e-06
1.909835418701e-07
3.732839104487e-07
9.519729928797e-07
1.543143127947e-06
2.144092320577e-06
2.751549686764e-06
3.362088023096e-06
3.972898070970e-06
4.582409587783e-06
5.190409410716e-06
4.423244490681e-07
2.026034735536e-07
8.480412816425e-07
1.493643992490e-06
2.138242791716e-06
2.780485090170e-06
3.418933602006e-06
4.052225278883e-06
4.678950517700e-06
5.297555503603e-06
3.528840579747e-07
2.839221906470e-07
9.116773753703e-07
1.532790008696e-06
2.150779721433e-06
2.769256298052e-06
3.390963854599e-06
4.017266576284e-06
4.648348806313e-06
5.284042913445e-06
6.481776608780e-07
3.559182459867e-08
7.266514217008e-07
1.426423807516e-06
2.136040109235e-06
2.856548519503e-06
3.589633024603e-06
4.338305018337e-06
5.106806270305e-06
5.899731149839e-06
1.646766293106e-06
7.614267474310e-07
1.511028244749e-07
1.087643340725e-06
2.045019527941e-06
3.021368343070e-06
4.016623961434e-06
5.031696048263e-06
6.067293554679e-06
7.123039324597e-06
2.703406892124e-06
1.576576039497e-06
4.331843115324e-07
7.270731998688e-07
1.904687508159e-06
3.098803631474e-06
4.306307289426e-06
5.521936600417e-06
6.739641889908e-06
7.954708564739e-06
3.096749935594e-06
1.854782908595e-06
6.144820758891e-07
6.261579414968e-07
1.867614173534e-06
3.108900784810e-06
4.348612833383e-06
5.586089343979e-06
6.821854697137e-06
8.057157174335e-06
3.220614075872e-06
1.950045600552e-06
6.816434279244e-07
5.830289637743e-07
1.844001815243e-06
3.103667950199e-06
4.366243388176e-06
5.636188859626e-06
6.916675886259e-06
8.208727251713e-06
3.675635298350e-06
2.327363404220e-06
9.694369396129e-07
3.988175194536e-07
1.778420482879e-06
3.169766216615e-06
4.572189823193e-06
5.984313929730e-06
7.405009796457e-06
8.834370646582e-06
4.273463162008e-06
2.788104382034e-06
1.290675982091e-06
2.176936391152e-07
1.734345516979e-06
3.256186687395e-06
4.781013160482e-06
6.308027479918e-06
7.837498515073e-06
9.369568999773e-06
4.581067059917e-06
3.014766889464e-06
1.451032574096e-06
1.087259420274e-07
1.664530486778e-06
3.217469441097e-06
4.768536257416e-06
6.317461782146e-06
7.862379334256e-06
9.400650185398e-06
4.501708701810e-06
2.950777457045e-06
1.407823617683e-06
1.290611635341e-07
1.660893417466e-06
3.186924743659e-06
4.704804496214e-06
6.211784921106e-06
7.706156566201e-06
9.187877367367e-06
4.178505776053e-06
2.688388008210e-06
1.208659284657e-06
2.589354153315e-07
1.711734853416e-06
3.147570907913e-06
4.565732069750e-06
5.967114987016e-06
7.353281887390e-06
8.725092811801e-06
3.623949794473e-06
2.253296827348e-06
9.023660254570e-07
4.273846343494e-07
1.736304170663e-06
3.026433660125e-06
4.300415128000e-06
5.560270210481e-06
6.806720989516e-06
8.039378371905e-06
3.070864465826e-06
1.833815986174e-06
6.087830115575e-07
6.069868163650e-07
1.816305314151e-06
3.021063719189e-06
4.221960011819e-06
5.418868283869e-06
6.611877381602e-06
7.802080688180e-06
3.056731486595e-06
1.830389919633e-06
5.982029165352e-07
6.416206019821e-07
1.889374459552e-06
3.144298034385e-06
4.405468644109e-06
5.672629072251e-06
6.946519476969e-06
8.228434182911e-06
3.543787556737e-06
2.209321394275e-06
8.666467010698e-07
4.827704742638e-07
1.837864829213e-06
3.198537001481e-06
4.565752362851e-06
5.940802680016e-06
7.324331818381e-06
8.715780609236e-06
4.011477301447e-06
2.576496854090e-06
1.138856703164e-06
3.012004299308e-07
1.744465237152e-06
3.192086353465e-06
4.644675129839e-06
6.102000270403e-06
7.563273300093e-06
9.027858482114e-06
4.325823567797e-06
2.821744715220e-06
1.312443714596e-06
2.024117407018e-07
1.721842409097e-06
3.243850414947e-06
4.766148322233e-06
6.286944710610e-06
7.805351344814e-06
9.321090885805e-06
4.435770108557e-06
2.895283273574e-06
1.361648799048e-06
1.622325385142e-07
1.673728320384e-06
3.170771606165e-06
4.651754181850e-06
6.114779182553e-06
7.556958564692e-06
8.974370132364e-06
3.668214787922e-06
2.279429509144e-06
9.259762236979e-07
3.910054147127e-07
1.670994834058e-06
2.913149103279e-06
4.115769627333e-06
5.276612967009e-06
6.393923911219e-06
7.467242198800e-06
1.957987478818e-06
9.342368230136e-07
5.094580046716e-08
9.987089697461e-07
1.909306718062e-06
2.783086245017e-06
3.621653263508e-06
4.428549232216e-06
5.208929451328e-06
5.968414257040e-06
8.827752822071e-07
1.160891542895e-07
6.403913062059e-07
1.389297096921e-06
2.134539954568e-06
2.881476177663e-06
3.636036637999e-06
4.403274601827e-06
5.186320152006e-06
5.986482051412e-06
1.543899429635e-06
6.694216381220e-07
2.261116947011e-07
1.146188765233e-06
2.094256956298e-06
3.072259801229e-06
4.080092764980e-06
5.116101192471e-06
6.178286923841e-06
7.265548674695e-06
2.911409808348e-06
1.736528645324e-06
5.362931005948e-07
6.874712425997e-07
1.931423469159e-06
3.191674579739e-06
4.465147867450e-06
5.750366710799e-06
7.047189683362e-06
8.355835348084e-06
3.673949777294e-06
2.311000287136e-06
9.413103043698e-07
4.328700242695e-07
1.810546564229e-06
3.192169060640e-06
4.578960215440e-06
5.971962082185e-06
7.371389926902e-06
8.776756203588e-06
4.067486372605e-06
2.618059454562e-06
1.161623117696e-06
3.037054625565e-07
1.779555418580e-06
3.266784688094e-06
4.765485300595e-06
6.275604278017e-06
7.797660487086e-06
9.333006573797e-06
4.773284331350e-06
3.172372032623e-06
1.555175344947e-06
7.703505389145e-08
1.722273395899e-06
3.378673341103e-06
5.044908789387e-06
6.719940870425e-06
8.402468836266e-06
1.009029767829e-05
5.280058360313e-06
3.554817737950e-06
1.832421673953e-06
1.139482606050e-07
1.600207554020e-06
3.309199087198e-06
5.010767551994e-06
6.700995811570e-06
8.375176435038e-06
1.002913143111e-05
4.813216776256e-06
3.169104104472e-06
1.548036323129e-06
5.021871629651e-08
1.625084792067e-06
3.175514905251e-06
4.700867236807e-06
6.201806115769e-06
7.680484031880e-06
9.139579049133e-06
3.996885084234e-06
2.536052704727e-06
1.093476328151e-06
3.298140995867e-07
1.734226373173e-06
3.122531893496e-06
4.499332078467e-06
5.869637959677e-06
7.237376166813e-06
8.604635183929e-06
3.865185874474e-06
2.460652297032e-06
1.054294386904e-06
3.561071935110e-07
1.773022347606e-06
3.198071055976e-06
4.631599267668e-06
6.072977441818e-06
7.521756288043e-06
8.978629409739e-06
4.383045165923e-06
2.867684941066e-06
1.337378080279e-06
2.081370098495e-07
1.767204707903e-06
3.337275074955e-06
4.916211821637e-06
6.503218742182e-06
8.098857961159e-06
9.704288288503e-06
4.991642526875e-06
3.331243931370e-06
1.661208671067e-06
1.802749238777e-08
1.706806131097e-06
3.406238818116e-06
5.117426155721e-06
6.840576986633e-06
8.574622199831e-06
1.031757705050e-05
5.586949328062e-06
3.795874476964e-06
1.997523440878e-06
1.900612005556e-07
1.628161271583e-06
3.457781815541e-06
5.297981147123e-06
7.147025030463e-06
9.003033653698e-06
1.086471075951e-05
6.098055393977e-06
4.190572155949e-06
2.280557225731e-06
3.708522626766e-07
1.534925672786e-06
3.433185668200e-06
5.321243236267e-06
7.197545812687e-06
9.061348919204e-06
1.091168024914e-05
5.768040921339e-06
3.914626972801e-06
2.083889683036e-06
2.795389377752e-07
1.495715480360e-06
3.240363753321e-06
4.953578240929e-06
6.634410738116e-06
8.281252803499e-06
9.891884872104e-06
4.412429689182e-06
2.845111964689e-06
1.316433440479e-06
1.760186023603e-07
1.635425007862e-06
3.064747033932e-06
4.465931226605e-06
5.839970185662e-06
7.187575533862e-06
8.509948202118e-06
3.326465730424e-06
2.015141774336e-06
7.201363700915e-07
5.615563054562e-07
1.832320037920e-06
3.094104954471e-06
4.349221342181e-06
5.600808663075e-06
6.852935882762e-06
8.109832435821e-06
3.416750701035e-06
2.110187608650e-06
7.937803161440e-07
5.311002837516e-07
1.862851775059e-06
3.200528908565e-06
4.544180114863e-06
5.894618936964e-06
7.252711100136e-06
8.618739002486e-06
3.888667890806e-06
2.476097677118e-06
1.058520979313e-06
3.629782554526e-07
1.787500934824e-06
3.214139780994e-06
4.641697671559e-06
6.068562299788e-06
7.493000339309e-06
8.913683757328e-06
3.988680305156e-06
2.541060155181e-06
1.094857395856e-06
3.522209226503e-07
1.802329165912e-06
3.257029106862e-06
4.717262640952e-06
6.183644870816e-06
7.657048968213e-06
9.139060750840e-06
4.459469209905e-06
2.916183461821e-06
1.355083213639e-06
2.270204504384e-07
1.832791895140e-06
3.464219901161e-06
5.122858340201e-06
6.809932472152e-06
8.526430463007e-06
1.027299765610e-05
5.879855848434e-06
4.037202245399e-06
2.166099761780e-06
2.678345936147e-07
1.656395852478e-06
3.605533947848e-06
5.578395359862e-06
7.573202310596e-06
9.587106490017e-06
1.161606519418e-05
6.890382735492e-06
4.811881865407e-06
2.734152246830e-06
6.619256964768e-07
1.400481096425e-06
3.449121834365e-06
5.480155380155e-06
7.489903566693e-06
9.474920886987e-06
1.143222954170e-05
6.057466805487e-06
4.130435286243e-06
2.239183913844e-06
3.865784492518e-07
1.424749370926e-06
3.192869883151e-06
4.917188789477e-06
6.598376046441e-06
8.238049247211e-06
9.838116397987e-06
4.373694935111e-06
2.813898163367e-06
1.289171905228e-06
2.024662535405e-07
1.663757757342e-06
3.098039655924e-06
4.508683957738e-06
5.898589620301e-06
7.270092680756e-06
8.625314535493e-06
3.609177383623e-06
2.242069683689e-06
8.814208740660e-07
4.764601158058e-07
1.834279146351e-06
3.193204918261e-06
4.553177973321e-06
5.913845939176e-06
7.275503833171e-06
8.639643795050e-06
3.845628498311e-06
2.432675955788e-06
1.011005736018e-06
4.193825589027e-07
1.857397876392e-06
3.301784204268e-06
4.752040581479e-06
6.208705940480e-06
7.673006791720e-06
9.145959495527e-06
4.353725216788e-06
2.827358514423e-06
1.294086928283e-06
2.458003223182e-07
1.793439253106e-06
3.351281463893e-06
4.922360119508e-06
6.509060369808e-06
8.112429384255e-06
9.732287253428e-06
5.154963446330e-06
3.466279508757e-06
1.760222005487e-06
3.413788363105e-08
1.714922348128e-06
3.489050584449e-06
5.288792010560e-06
7.113284937077e-06
8.961093783455e-06
1.083133355451e-05
6.366498155330e-06
4.413786427904e-06
2.436622480673e-06
4.352394284979e-07
1.588525151419e-06
3.631520996805e-06
5.690377179235e-06
7.762287680180e-06
9.845459715052e-06
1.193851176140e-05
7.129213202006e-06
4.987737327156e-06
2.845786752914e-06
7.084216235853e-07
1.419885677478e-06
3.536153542427e-06
5.639034100113e-06
7.728008313279e-06
9.802391332414e-06
1.186044050883e-05
6.649241925061e-06
4.596527048761e-06
2.567911224105e-06
5.639987534778e-07
1.415968256424e-06
3.373417030161e-06
5.309605057846e-06
7.225079457385e-06
9.120046172484e-06
1.099510126323e-05
5.874298835806e-06
3.997351427643e-06
2.131756843937e-06
2.735674797805e-07
1.580466971518e-06
3.432826360950e-06
5.285600536808e-06
7.141234334540e-06
9.002811452774e-06
1.087390251087e-05
6.227039250462e-06
4.295590485981e-06
2.348497901039e-06
3.860543529299e-07
1.591142392954e-06
3.582984447803e-06
5.590303260306e-06
7.614562036906e-06
9.657321811574e-06
1.171954301071e-05
7.153685373851e-06
5.022181710501e-06
2.872861273318e-06
7.070897822814e-07
1.473446559430e-06
3.666344980502e-06
5.868258142527e-06
8.075229743554e-06
1.028341370102e-05
1.249009005733e-05
7.488435471714e-06
5.254074039840e-06
3.018793393039e-06
7.802893833286e-07
1.462929674290e-06
3.711125430073e-06
5.963475246062e-06
8.218807920457e-06
1.047592496661e-05
1.273392064149e-05
7.734026837625e-06
5.444036844438e-06
3.155127160426e-06
8.668631608089e-07
1.422605578227e-06
3.716787091435e-06
6.020265686857e-06
8.337541544279e-06
1.067167204383e-05
1.302351256527e-05
8.438016436685e-06
6.023076593920e-06
3.597609293138e-06
1.164020375199e-06
1.276162947761e-06
3.721922837485e-06
6.172317398523e-06
8.626275018742e-06
1.108272857664e-05
1.354101993911e-05
8.742936188355e-06
6.248961085475e-06
3.753895782665e-06
1.259566090539e-06
1.230709301581e-06
3.712538955369e-06
6.181446735809e-06
8.633865604679e-06
1.106761880010e-05
1.348193313788e-05
8.203903121284e-06
5.798753932140e-06
3.412749208564e-06
1.045704323133e-06
1.302842292716e-06
3.633775406797e-06
5.948266732503e-06
8.247594166733e-06
1.053285234320e-05
1.280497662037e-05
7.656887703433e-06
5.380476181926e-06
3.113401646715e-06
8.537671192244e-07
1.400285100317e-06
3.650430812741e-06
5.898098493162e-06
8.144624985107e-06
1.039132871483e-05
1.263948189489e-05
7.740775231468e-06
5.458968303174e-06
3.173922152655e-06
8.858066280482e-07
1.405192278980e-06
3.699025569404e-06
5.995676815473e-06
8.294707868117e-06
1.059487703969e-05
1.289409965466e-05
7.902407332949e-06
5.582093308476e-06
3.269116746196e-06
9.641357223700e-07
1.332828617251e-06
3.621802136422e-06
5.902475322728e-06
8.174293043339e-06
1.043682578938e-05
1.269030303774e-05
7.668462615129e-06
5.395632570071e-06
3.127203285658e-06
8.621008191767e-07
1.399866675911e-06
3.658544869722e-06
5.913945244629e-06
8.166932786935e-06
1.041946501346e-05
1.267425864171e-05
7.830682989152e-06
5.525790982119e-06
3.210736167603e-06
8.838359804031e-07
1.456335155581e-06
3.810963789874e-06
6.181045421272e-06
8.566948565658e-06
1.096809046430e-05
1.338290576314e-05
8.621592371583e-06
6.149168484626e-06
3.671323383969e-06
1.190174941712e-06
1.293060904572e-06
3.777894505674e-06
6.264152602853e-06
8.751363111514e-06
1.123824284832e-05
1.372255667320e-05
8.750668143875e-06
6.243897246350e-06
3.748967628781e-06
1.268326911941e-06
1.196139692183e-06
3.642974547802e-06
6.070997017105e-06
8.479474615797e-06
1.086852961407e-05
1.323953398469e-05
8.120202380724e-06
5.740811502619e-06
3.369525188646e-06
1.003319994197e-06
1.359847203730e-06
3.721261975898e-06
6.082192555823e-06
8.444610330116e-06
1.081143642523e-05
1.318628028457e-05
8.446644471860e-06
6.010820129632e-06
3.557557704426e-06
1.084638313387e-06
1.410215816122e-06
3.929551553483e-06
6.476017745172e-06
9.051905067281e-06
1.165876028608e-05
1.429721481827e-05
9.873856015474e-06
7.141164644509e-06
4.378142136829e-06
1.585695258655e-06
1.234727449173e-06
4.080934331796e-06
6.950157057872e-06
9.839422602909e-06
1.274604835544e-05
1.566788802165e-05
1.088322608211e-05
7.905865061275e-06
4.917850901620e-06
1.920650731790e-06
1.084418272512e-06
4.096193435998e-06
7.113444780771e-06
1.013434274455e-05
1.315610944630e-05
1.617512867824e-05
1.107252455768e-05
8.038915098041e-06
5.015749593440e-06
2.002242979415e-06
1.003590739401e-06
4.003874153113e-06
6.999972526955e-06
9.992252273605e-06
1.298055775578e-05
1.596485714117e-05
1.100031647638e-05
7.991604093149e-06
4.986387466488e-06
1.986070913063e-06
1.007196658520e-06
3.991374967427e-06
6.965842885620e-06
9.931924296325e-06
1.289248587000e-05
1.585054360476e-05
1.090400161274e-05
7.916549122911e-06
4.932025490234e-06
1.952972638719e-06
1.018745990677e-06
3.982448390616e-06
6.938277920199e-06
9.886463203657e-06
1.282662935864e-05
1.575778759388e-05
1.067389098353e-05
7.731162781965e-06
4.797613144092e-06
1.871852646218e-06
1.047079081218e-06
3.958991783293e-06
6.862574707611e-06
9.756161489349e-06
1.263883876845e-05
1.551113143705e-05
1.041136619051e-05
7.520411941186e-06
4.633419166566e-06
1.749341265622e-06
1.131999681547e-06
4.010430245671e-06
6.885982656968e-06
9.758904354840e-06
1.262945090730e-05
1.549748157004e-05
1.043351471708e-05
7.539335626916e-06
4.648238302707e-06
1.758595942647e-06
1.132161116857e-06
4.026581279959e-06
6.926188348189e-06
9.830893020535e-06
1.273920798894e-05
1.564914242635e-05
1.068126260861e-05
7.740552007363e-06
4.801024431345e-06
1.862955286924e-06
1.072894633580e-06
4.005607138424e-06
6.934678879134e-06
9.860796296834e-06
1.278595181020e-05
1.571271923240e-05
1.080872863213e-05
7.840964144634e-06
4.870267900969e-06
1.898977529891e-06
1.070766018074e-06
4.038076497181e-06
7.003528025962e-06
9.968463757559e-06
1.293400742952e-05
1.590046963429e-05
1.095957918551e-05
7.956869694681e-06
4.952597066676e-06
1.944297252976e-06
1.071257713647e-06
4.096675240817e-06
7.132849077607e-06
1.017854043539e-05
1.323111564488e-05
1.628771548212e-05
1.139692778906e-05
8.301737409511e-06
5.205116906382e-06
2.107169564169e-06
9.913233043335e-07
4.088990692708e-06
7.184573121322e-06
1.027772509588e-05
1.336911060434e-05
1.645980250942e-05
1.150573007180e-05
8.382915041238e-06
5.265311813218e-06
2.157492133392e-06
9.360314834339e-07
4.012128442810e-06
7.069446724017e-06
1.010815719837e-05
1.312916054985e-05
1.613349161289e-05
1.091613910376e-05
7.908030625003e-06
4.912917347610e-06
1.928646611304e-06
1.046971931373e-06
4.015635056476e-06
6.978076498854e-06
9.934268632605e-06
1.288407281663e-05
1.582823853141e-05
1.079110984392e-05
7.816103391178e-06
4.836669859287e-06
1.848346130373e-06
1.152684035333e-06
4.169488931893e-06
7.204600990462e-06
1.026027416628e-05
1.333863531272e-05
1.644139450718e-05
1.186670380093e-05
8.678330232215e-06
5.465048445785e-06
2.227971663160e-06
1.031889098613e-06
4.313783790622e-06
7.617119251790e-06
1.094100656474e-05
1.428380096513e-05
1.764297877571e-05
1.286261766609e-05
9.445715647871e-06
6.022080071943e-06
2.594240754661e-06
8.355556815332e-07
4.264846950264e-06
7.690407414884e-06
1.110822427108e-05
1.451385242035e-05
1.790315229755e-05
1.257452476011e-05
9.192623053877e-06
5.833181432990e-06
2.496551758213e-06
8.167668852366e-07
4.106078563382e-06
7.370810749308e-06
1.061089596988e-05
1.382725668009e-05
1.702148119875e-05
1.168117978523e-05
8.495943291109e-06
5.330509338819e-06
2.185865355386e-06
9.372433851240e-07
4.039175962589e-06
7.121988915060e-06
1.018882653625e-05
1.324283391568e-05
1.628587580171e-05
1.113041622602e-05
8.082316810487e-06
5.048955301845e-06
2.031723226992e-06
9.691031550574e-07
3.953937891765e-06
6.922926161224e-06
9.875184161956e-06
1.280870617393e-05
1.572111716541e-05
1.040720110268e-05
7.513644845858e-06
4.642933788546e-06
1.794475906536e-06
1.031377678373e-06
3.832967706785e-06
6.607910165712e-06
9.354437224829e-06
1.207264477898e-05
1.476500773379e-05
9.394059816259e-06
6.712777746998e-06
4.044160903049e-06
1.385357961681e-06
1.265540447548e-06
3.910313239430e-06
6.551326748649e-06
9.191838898914e-06
1.183573880326e-05
1.448691779160e-05
9.601392378045e-06
6.895891431213e-06
4.172192461738e-06
1.426162043572e-06
1.346703470517e-06
4.150841107275e-06
6.989881910613e-06
9.865980757695e-06
1.277962343238e-05
1.572985246412e-05
1.126618485614e-05
8.219203039062e-06
5.141730298419e-06
2.035389911725e-06
1.098644361264e-06
4.259377647031e-06
7.445678079421e-06
1.065596291028e-05
1.388791747559e-05
1.713851679597e-05
1.237935140352e-05
9.073823889594e-06
5.760607734828e-06
2.442874290409e-06
8.765445045356e-07
4.195034875920e-06
7.510099862884e-06
1.081947328885e-05
1.412142870549e-05
1.741514728337e-05
1.228081850968e-05
8.974252750704e-06
5.673764576386e-06
2.378355816290e-06
9.126083568844e-07
4.199559612061e-06
7.483211902581e-06
1.076476553408e-05
1.404604586241e-05
1.732911874797e-05
1.238289991079e-05
9.061838682101e-06
5.735577019550e-06
2.404230713182e-06
9.318623597210e-07
4.272619946732e-06
7.618145957622e-06
1.096873046436e-05
1.432440893723e-05
1.768479069142e-05
1.272747374514e-05
9.331048147487e-06
5.935221054187e-06
2.542884885770e-06
8.428241358160e-07
4.218609547024e-06
7.581102579479e-06
1.092679838166e-05
1.425206244221e-05
1.755315679475e-05
1.204045554459e-05
8.767978613378e-06
5.528833355584e-06
2.324424315248e-06
8.446951369478e-07
3.978283189099e-06
7.076013332608e-06
1.013707213815e-05
1.316027720577e-05
1.614461132249e-05
1.049540372833e-05
7.558827917364e-06
4.659527178319e-06
1.795641537683e-06
1.034742069805e-06
3.833540006326e-06
6.602940402445e-06
9.345982732611e-06
1.206684203225e-05
1.477072413536e-05
9.600741009308e-06
6.883385481160e-06
4.168349732936e-06
1.452862932183e-06
1.264934326173e-06
3.986688341229e-06
6.714305357036e-06
9.450175184611e-06
1.219701459831e-05
1.495761682690e-05
1.017702976469e-05
7.349125326073e-06
4.499071565078e-06
1.623899095193e-06
1.279222431094e-06
4.212654232560e-06
7.177847351159e-06
1.017513028501e-05
1.320374610714e-05
1.626207443906e-05
1.165420167126e-05
8.510402267348e-06
5.341931739622e-06
2.149132683371e-06
1.068467213372e-06
4.311912221056e-06
7.582307489429e-06
1.088019831741e-05
1.420521465434e-05
1.755601374498e-05
1.296209552493e-05
9.532888611830e-06
6.084101244141e-06
2.617572590680e-06
8.649676033201e-07
4.361693754618e-06
7.870729291426e-06
1.139038170095e-05
1.491960449584e-05
1.845803211609e-05
1.362077290423e-05
1.003036248903e-05
6.431863994294e-06
2.827502953551e-06
7.796192562637e-07
4.386203897866e-06
7.989512084805e-06
1.158763336662e-05
1.517915143268e-05
1.876270283674e-05
1.354798638431e-05
9.953630978998e-06
6.374739712101e-06
2.814032598053e-06
7.262032113431e-07
4.243920557201e-06
7.736983150153e-06
1.120279790712e-05
1.463846263050e-05
1.804124804039e-05
1.241393408691e-05
9.049906907421e-06
5.722930779939e-06
2.433617169117e-06
8.170170531230e-07
4.027528746064e-06
7.196539343113e-06
1.032330595763e-05
1.340800787375e-05
1.645164246611e-05
1.072189598972e-05
7.725486568688e-06
4.766201925577e-06
1.842221706738e-06
1.049354011684e-06
3.912579643384e-06
6.752414037692e-06
9.573796774021e-06
1.238090266042e-05
1.517696745168e-05
1.004143746286e-05
7.230350490772e-06
4.420840639341e-06
1.608203660908e-06
1.212439826759e-06
4.045328978464e-06
6.893549027609e-06
9.759364161255e-06
1.264503237053e-05
1.555347313342e-05
1.098734662719e-05
7.993553595043e-06
4.965933499079e-06
1.903115901314e-06
1.194169442442e-06
4.323703137743e-06
7.482750049803e-06
1.066899710622e-05
1.388081682308e-05
1.711692107165e-05
1.234254170868e-05
9.033978074058e-06
5.707745060590e-06
2.366570186041e-06
9.876005719889e-07
4.353747442565e-06
7.731435687219e-06
1.111982948032e-05
1.451683584719e-05
1.791880998780e-05
1.283300514388e-05
9.405923378836e-06
5.987599536184e-06
2.580021430276e-06
8.168324825419e-07
4.204445303913e-06
7.584920751924e-06
1.096021844660e-05
1.433178397292e-05
1.770064164930e-05
1.273121881695e-05
9.336223229184e-06
5.941082747540e-06
2.545380425545e-06
8.503820936312e-07
4.244838123668e-06
7.636306236236e-06
1.102377035522e-05
1.440767061922e-05
1.779025330961e-05
1.279320696312e-05
9.375685067425e-06
5.950120339548e-06
2.516094241400e-06
9.247426646652e-07
4.369561452222e-06
7.815266030775e-06
1.125930594981e-05
1.469986472102e-05
1.813545367213e-05
1.284330011231e-05
9.396173481946e-06
5.958909980563e-06
2.532313203574e-06
8.839522820381e-07
4.291128618661e-06
7.690663551330e-06
1.108319844434e-05
1.446793180548e-05
1.784277691286e-05
1.253461363149e-05
9.160602417069e-06
5.801722466003e-06
2.456958611674e-06
8.757534146753e-07
4.198748342787e-06
7.514051446833e-06
1.082325007928e-05
1.412778641452e-05
1.742938076177e-05
1.239579296453e-05
9.067062478607e-06
5.735213846947e-06
2.399320521818e-06
9.407232255398e-07
4.284750161787e-06
7.632902679688e-06
1.098623317830e-05
1.434656184074e-05
1.771597533207e-05
1.282492581822e-05
9.406357548869e-06
5.976191573609e-06
2.534883719818e-06
9.170987596008e-07
4.379462438919e-06
7.851980967644e-06
1.133407027964e-05
1.482458839064e-05
1.832194220697e-05
1.332127408205e-05
9.787327201138e-06
6.248957390653e-06
2.705618612708e-06
8.431357514382e-07
4.397006591716e-06
7.954675993460e-06
1.151417183110e-05
1.507355591457e-05
1.863148304437e-05
1.349257775018e-05
9.911831057252e-06
6.334270665320e-06
2.761111716154e-06
8.062414167398e-07
4.366857695004e-06
7.921091139451e-06
1.147052580563e-05
1.501736016962e-05
1.856326582583e-05
1.346679198377e-05
9.895997322928e-06
6.329470181754e-06
2.768794843178e-06
7.858355388635e-07
4.335862399785e-06
7.883593980296e-06
1.143125547287e-05
1.498046179904e-05
1.853237893101e-05
1.359159017511e-05
1.000200478529e-05
6.401874600215e-06
2.787211997202e-06
8.448835728814e-07
4.495297389440e-06
8.163034124209e-06
1.184634504625e-05
1.554435255002e-05
1.925810329340e-05
1.444986105525e-05
1.066867599775e-05
6.861260771984e-06
3.025550881830e-06
8.389919230467e-07
4.732094851079e-06
8.653377904011e-06
1.260266276404e-05
1.657956988765e-05
2.058267932625e-05
1.577281915388e-05
1.170052729549e-05
7.613221100655e-06
3.514049581099e-06
5.954964308330e-07
4.715391810350e-06
8.846145703956e-06
1.298749577927e-05
1.713777038503e-05
2.129390122718e-05
1.624946690981e-05
1.206604252957e-05
7.887969218245e-06
3.718018547261e-06
4.413478222887e-07
4.587973137404e-06
8.720102130155e-06
1.283666932750e-05
1.693764301081e-05
2.102387782088e-05
1.575495997486e-05
1.166644943851e-05
7.589422637011e-06
3.523989448695e-06
5.292305900184e-07
4.569479244765e-06
8.596247766945e-06
1.260942497083e-05
1.660932451841e-05
2.059665001752e-05
1.531547667355e-05
1.132047412966e-05
7.333796872899e-06
3.353798035732e-06
6.207585556695e-07
4.590348112288e-06
8.554443184039e-06
1.251175132211e-05
1.646055841320e-05
2.039923026587e-05
1.508062985067e-05
1.113525485152e-05
7.202315941868e-06
3.281936244548e-06
6.258541134230e-07
4.521126015788e-06
8.404102629811e-06
1.227509960700e-05
1.613434386627e-05
1.998161798156e-05
1.465785402388e-05
1.080886335103e-05
6.976535473768e-06
3.162733776207e-06
6.315385121525e-07
4.406621940234e-06
8.164221128482e-06
1.190699020981e-05
1.563788907788e-05
1.935945334708e-05
1.418945953446e-05
1.045466109417e-05
6.726602123308e-06
3.005702808423e-06
7.072647463247e-07
4.411301176788e-06
8.105261144919e-06
1.178819923098e-05
1.545982433981e-05
1.912102032975e-05
1.387818946341e-05
1.020245571226e-05
6.527126572564e-06
2.848599535810e-06
8.352258191735e-07
4.524470568867e-06
8.217470735872e-06
1.191153364744e-05
1.560394406397e-05
1.929288447400e-05
1.399076109010e-05
1.028193241837e-05
6.573092605322e-06
2.860340941879e-06
8.610801955911e-07
4.596183828198e-06
8.349611221092e-06
1.212491122260e-05
1.592390708538e-05
1.974661608983e-05
1.496842577353e-05
1.107900970965e-05
7.172857522164e-06
3.251605903642e-06
6.847442364233e-07
4.637955044018e-06
8.611261364422e-06
1.260855424334e-05
1.663346313308e-05
2.068820322165e-05
1.618355219080e-05
1.204669905519e-05
7.887224285241e-06
3.711444094279e-06
4.736720597975e-07
4.661619868784e-06
8.847033711845e-06
1.302588475482e-05
1.719547242374e-05
2.135405242143e-05
1.607510580470e-05
1.191675420387e-05
7.772824005770e-06
3.645398521712e-06
4.621291509466e-07
4.544936416551e-06
8.597033286151e-06
1.261213759562e-05
1.658480363176e-05
2.051154581295e-05
1.451994683066e-05
1.066036202246e-05
6.843455537364e-06
3.065719681672e-06
6.760478186152e-07
4.384408327951e-06
8.061290486694e-06
1.170805933270e-05
1.532584883535e-05
1.891562641276e-05
1.325992525381e-05
9.698317228413e-06
6.160798420751e-06
2.644584753853e-06
8.542721730009e-07
4.340584439433e-06
7.819472330084e-06
1.129563759150e-05
1.477274594208e-05
1.825311107950e-05
1.321631316387e-05
9.703340367651e-06
6.186713392253e-06
2.667165290404e-06
8.548284995413e-07
4.379279403111e-06
7.906881648978e-06
1.143894388633e-05
1.497705278553e-05
1.852270946756e-05
1.357175892736e-05
9.984896223614e-06
6.389900363502e-06
2.787894004541e-06
8.197794727494e-07
4.431698471308e-06
8.046604591527e-06
1.166338739722e-05
1.528140552409e-05
1.890065618682e-05
1.379598523954e-05
1.014727928350e-05
6.492002682990e-06
2.827531488947e-06
8.481509894409e-07
4.536053040738e-06
8.236134021899e-06
1.194775092017e-05
1.567015453929e-05
1.940303900483e-05
1.438597342940e-05
1.060936568820e-05
6.820271039487e-06
3.017344738510e-06
8.009463385861e-07
4.636386051970e-06
8.490737002376e-06
1.236546029304e-05
1.626133649779e-05
2.017815148747e-05
1.534555525495e-05
1.136985054018e-05
7.378443967809e-06
3.373325625944e-06
6.440001243391e-07
4.672626459978e-06
8.712155874946e-06
1.276254045024e-05
1.682382981016e-05
2.089580061693e-05
1.594194918653e-05
1.182877252859e-05
7.709056717431e-06
3.585476974877e-06
5.391228228291e-07
4.662009018830e-06
8.780837504219e-06
1.289361898671e-05
1.699859751625e-05
2.109405897954e-05
1.577301208044e-05
1.167707154082e-05
7.595409954320e-06
3.529376783717e-06
5.197590553507e-07
4.550615415155e-06
8.561528431983e-06
1.255073436823e-05
1.651654173429e-05
2.045768218295e-05
1.489647451081e-05
1.098101438401e-05
7.091156476235e-06
3.227037950637e-06
6.107954959589e-07
4.421528274179e-06
8.204496680264e-06
1.195945924337e-05
1.568696166032e-05
1.938831491088e-05
1.381164878467e-05
1.013309844211e-05
6.474994108885e-06
2.835828524894e-06
7.854538921492e-07
4.389436696783e-06
7.976463450632e-06
1.154673799419e-05
1.510051305331e-05
1.863820023118e-05
1.315912822974e-05
9.629557268909e-06
6.112867140473e-06
2.607284443457e-06
8.892178584574e-07
4.378536004879e-06
7.862150312121e-06
1.134087528953e-05
1.481471878151e-05
1.828298178452e-05
1.296010111673e-05
9.486003136772e-06
6.019340275998e-06
2.559149834269e-06
8.964721587290e-07
4.349989580987e-06
7.804052188476e-06
1.126094366555e-05
1.472248999335e-05
1.819002170578e-05
1.316650246963e-05
9.664900005646e-06
6.154920697554e-06
2.635457235556e-06
8.951327004070e-07
4.439172755610e-06
7.999583431229e-06
1.157959292186e-05
1.518223996300e-05
1.880996410364e-05
1.417766367240e-05
1.047352247951e-05
6.741451613834e-06
2.981578120398e-06
8.056444471549e-07
4.619589731192e-06
8.459559012408e-06
1.232502967241e-05
1.621601370516e-05
2.013316589000e-05
1.548044394895e-05
1.148244382421e-05
7.457428921498e-06
3.408057239085e-06
6.612489755753e-07
4.745358694436e-06
8.839698807606e-06
1.294113451422e-05
1.704826951254e-05
2.116071436831e-05
1.602042198101e-05
1.187075400821e-05
7.717747450897e-06
3.562386041267e-06
5.948793955213e-07
4.754129633966e-06
8.915261787479e-06
1.307721544208e-05
1.723760766481e-05
2.139337152585e-05
1.606771235174e-05
1.189911210986e-05
7.736486793419e-06
3.576354288271e-06
5.850438924426e-07
4.750241942020e-06
8.919790388973e-06
1.309260170501e-05
1.726696393689e-05
2.144140819382e-05
1.624888301421e-05
1.204806829946e-05
7.849770270241e-06
3.655871694264e-06
5.313331712387e-07
4.709751408427e-06
8.878080450359e-06
1.303571178823e-05
1.718216736890e-05
2.131628662028e-05
1.588816587628e-05
1.175767874884e-05
7.648788653114e-06
3.564690359781e-06
4.922919174533e-07
4.520665470409e-06
8.519510060978e-06
1.248825986977e-05
1.642665108648e-05
2.033481092667e-05
1.469331766657e-05
1.081674156467e-05
6.968870536639e-06
3.149206065700e-06
6.429907557504e-07
4.409313362430e-06
8.152524117122e-06
1.187649354506e-05
1.558557852377e-05
1.928373688997e-05
1.404387774073e-05
1.033331204781e-05
6.625684591199e-06
2.918086977388e-06
7.930270271572e-07
4.511185238698e-06
8.239123758358e-06
1.197837809741e-05
1.572968818664e-05
1.949390735945e-05
1.462892248583e-05
1.080691242805e-05
6.963355758671e-06
3.095614999893e-06
7.969806574692e-07
4.713082660146e-06
8.650295285406e-06
1.260657381863e-05
1.658111176539e-05
2.057420419987e-05
1.564554554534e-05
1.158988180805e-05
7.517253777678e-06
3.429752325701e-06
6.710420166200e-07
4.784884254150e-06
8.912707926356e-06
1.305572084220e-05
1.721413855194e-05
2.138666224027e-05
1.638061075937e-05
1.216254798919e-05
7.936886788684e-06
3.703970719471e-06
5.364456683310e-07
4.784318832662e-06
9.038631617386e-06
1.329756611312e-05
1.755913086754e-05
2.182198875289e-05
1.666006761525e-05
1.237112968511e-05
8.082240810836e-06
3.795245561378e-06
4.869171448263e-07
4.760848355545e-06
9.023346535741e-06
1.327192495637e-05
1.750454958938e-05
2.171915900817e-05
1.614251567617e-05
1.194576464059e-05
7.775085919093e-06
3.632582092905e-06
4.806158244719e-07
4.564018809106e-06
8.617230093932e-06
1.263950451857e-05
1.662958840143e-05
2.058610994027e-05
1.483880555497e-05
1.092272299275e-05
7.040201978725e-06
3.189705864770e-06
6.306689215307e-07
4.422933670867e-06
8.189195511932e-06
1.193175194203e-05
1.565317069208e-05
1.935633758876e-05
1.397105444312e-05
1.026472301646e-05
6.567355285370e-06
2.875926384149e-06
8.124677037813e-07
4.500528234530e-06
8.190856874535e-06
1.188605710922e-05
1.558888993713e-05
1.930229973368e-05
1.437111524183e-05
1.059911676293e-05
6.810505794874e-06
3.005158532687e-06
8.163511893144e-07
4.653538269395e-06
8.506690619470e-06
1.237694698375e-05
1.626570809776e-05
2.017378920982e-05
1.529664757527e-05
1.132400569759e-05
7.337364309024e-06
3.339205363773e-06
6.688240432595e-07
4.685771273216e-06
8.710663450984e-06
1.274152066344e-05
1.677522840282e-05
2.080806575577e-05
1.558323162953e-05
1.153027272949e-05
7.482844978313e-06
3.440297007273e-06
5.972873395876e-07
4.628038652754e-06
8.648530410937e-06
1.265476362278e-05
1.664383728439e-05
2.061470581793e-05
1.510011719574e-05
1.113254415941e-05
7.179951865055e-06
3.242440016038e-06
6.791411806262e-07
4.584175599120e-06
8.473261232211e-06
1.234836202002e-05
1.621223793791e-05
2.006732000837e-05
1.469445260227e-05
1.082407482045e-05
6.960615849039e-06
3.103255266979e-06
7.501031404900e-07
4.602592525771e-06
8.457487354008e-06
1.231736342788e-05
1.618350398758e-05
2.005608240552e-05
1.498635862163e-05
1.107142691126e-05
7.149537509576e-06
3.219459586035e-06
7.199552669590e-07
4.669309248584e-06
8.628304328795e-06
1.259578465351e-05
1.657008266420e-05
2.054926056871e-05
1.542653672004e-05
1.141267131288e-05
7.399644857742e-06
3.389317555502e-06
6.165744821374e-07
4.616491708020e-06
8.609147698735e-06
1.259358953121e-05
1.656902389868e-05
2.053468153917e-05
1.519709593367e-05
1.122322237279e-05
7.262515509865e-06
3.316344418636e-06
6.142338406789e-07
4.528796125669e-06
8.427898990249e-06
1.231310807270e-05
1.618687872451e-05
2.005212644463e-05
1.481636616063e-05
1.093057670687e-05
7.046869711758e-06
3.164798329180e-06
7.153958563322e-07
4.593138896780e-06
8.468178577914e-06
1.234080548329e-05
1.621209224822e-05
2.008380630514e-05
1.491028825740e-05
1.100345690475e-05
7.091238671819e-06
3.173390609845e-06
7.492772624573e-07
4.675045488511e-06
8.601499416727e-06
1.252582359257e-05
1.644506119192e-05
2.035646770082e-05
1.487722164484e-05
1.095982071320e-05
7.053388685563e-06
3.156488389777e-06
7.330266384997e-07
4.617314914412e-06
8.497531950979e-06
1.237342826244e-05
1.624338386819e-05
2.010518647921e-05
1.467445775916e-05
1.080756140937e-05
6.949353576147e-06
3.096546663528e-06
7.550286227342e-07
4.609664699728e-06
8.471182525227e-06
1.234278283846e-05
1.622725096695e-05
2.012701037302e-05
1.523596063180e-05
1.127573756321e-05
7.297029299025e-06
3.300980552012e-06
7.106188490980e-07
4.736324569876e-06
8.775918900028e-06
1.283068320390e-05
1.690283352218e-05
2.099426723134e-05
1.611771955368e-05
1.196368953060e-05
7.796498721291e-06
3.621371376994e-06
5.569403924710e-07
4.735058951155e-06
8.910995120459e-06
1.308335970407e-05
1.725051242829e-05
2.141006535794e-05
1.604964035096e-05
1.188663640050e-05
7.736955012660e-06
3.600037018714e-06
5.252401820144e-07
4.639474695978e-06
8.741854003347e-06
1.283050903567e-05
1.690354685024e-05
2.096060211443e-05
1.554430349415e-05
1.148498682824e-05
7.431479730258e-06
3.380554574051e-06
6.689434144391e-07
4.716470471067e-06
8.761022854742e-06
1.280255571601e-05
1.684244051603e-05
2.088302898073e-05
1.563128392945e-05
1.155672435971e-05
7.480427484552e-06
3.404560345643e-06
6.690445957247e-07
4.739810265164e-06
8.808116717773e-06
1.287423395979e-05
1.693717854323e-05
2.099421760704e-05
1.556546516213e-05
1.150123944171e-05
7.452243039552e-06
3.418577193770e-06
6.008750119690e-07
4.607080427377e-06
8.599823843269e-06
1.257770372831e-05
1.653902535281e-05
2.048307203495e-05
1.500027622114e-05
1.105621237230e-05
7.122638692181e-06
3.196698173724e-06
7.233956011987e-07
4.638656662337e-06
8.550145196295e-06
1.245972470088e-05
1.637009336264e-05
2.028421158684e-05
1.512389843583e-05
1.116844379112e-05
7.206795544334e-06
3.239909915465e-06
7.317261747630e-07
4.708702306289e-06
8.692441952007e-06
1.268426370871e-05
1.668416723533e-05
2.069017563144e-05
1.550028508746e-05
1.146862069845e-05
7.444470725204e-06
3.431571315105e-06
5.672999918716e-07
4.549781067453e-06
8.513174066138e-06
1.245422271268e-05
1.636940794469e-05
2.025594295674e-05
1.455275281614e-05
1.070354761623e-05
6.882751449666e-06
3.089315271154e-06
6.764845466023e-07
4.412796101860e-06
8.117268293972e-06
1.178851175609e-05
1.542754290540e-05
1.903797857494e-05
1.333343311671e-05
9.744686110480e-06
6.169447487991e-06
2.604551411878e-06
9.528528721603e-07
4.506564494022e-06
8.061960102168e-06
1.162527337328e-05
1.520194609839e-05
1.879505964553e-05
1.377741472197e-05
1.013368228087e-05
6.476337205186e-06
2.804706355164e-06
8.845127013046e-07
4.596021142333e-06
8.333927496551e-06
1.210007229702e-05
1.589382100065e-05
1.971311559146e-05
1.496583212202e-05
1.107897622887e-05
7.168666456892e-06
3.235378017052e-06
7.183854791037e-07
4.688120441187e-06
8.668606085394e-06
1.265602821832e-05
1.664959989967e-05
2.065155644004e-05
1.557512030104e-05
1.152318571940e-05
7.454970329945e-06
3.371843888544e-06
7.236723149617e-07
4.829473198242e-06
8.944675130351e-06
1.306954209213e-05
1.720459357557e-05
2.135000391945e-05
1.615655514797e-05
1.196656495495e-05
7.764598365156e-06
3.547663879999e-06
6.877623377477e-07
4.944363695358e-06
9.222712151313e-06
1.352109609343e-05
1.783622712992e-05
2.216463087734e-05
1.699481998685e-05
1.262195468144e-05
8.239826001954e-06
3.848372330140e-06
5.524161679205e-07
4.962244020135e-06
9.380694791616e-06
1.380702860843e-05
1.823969847692e-05
2.267586148719e-05
1.734850314961e-05
1.289526437631e-05
8.453401733277e-06
4.026562180570e-06
3.838883344542e-07
4.778783988968e-06
9.160236345451e-06
1.353049123054e-05
1.789085627024e-05
2.224140285989e-05
1.692461648872e-05
1.257296224821e-05
8.235665063694e-06
3.914681940387e-06
3.882232704200e-07
4.671817691815e-06
8.936080064359e-06
1.318266549788e-05
1.741530564914e-05
2.163939802813e-05
1.646907873010e-05
1.221885673885e-05
7.961690414504e-06
3.696268777276e-06
5.764326260760e-07
4.853989651110e-06
9.133923413174e-06
1.341487825357e-05
1.769741805902e-05
2.198405383069e-05
1.678521425674e-05
1.245215793233e-05
8.103704544737e-06
3.737529652881e-06
6.476074645434e-07
5.051993070992e-06
9.475082833887e-06
1.391518907212e-05
1.836930238142e-05
2.283303780359e-05
1.749996954459e-05
1.300513503111e-05
8.513447028236e-06
4.025378018468e-06
4.605440153682e-07
4.946251237925e-06
9.432299862056e-06
1.391670133444e-05
1.839509894808e-05
2.286200668777e-05
1.730963111868e-05
1.285232485770e-05
8.416089940511e-06
4.001676074950e-06
3.899388048012e-07
4.757128351685e-06
9.098228360926e-06
1.341263276800e-05
1.770142819169e-05
2.196725932890e-05
1.635840635572e-05
1.210515227967e-05
7.869715432207e-06
3.652949658317e-06
5.444518933473e-07
4.723317886146e-06
8.886533180430e-06
1.303839928823e-05
1.718329554024e-05
2.132448122438e-05
1.603642749615e-05
1.187453364082e-05
7.714280513937e-06
3.555154421520e-06
6.038878268555e-07
4.764007542235e-06
8.925883491884e-06
1.308962475832e-05
1.725483895143e-05
2.142099293678e-05
1.618020968408e-05
1.199081816594e-05
7.802365701082e-06
3.616234323545e-06
5.656089001604e-07
4.740860049424e-06
8.907274832382e-06
1.306276340074e-05
1.720537954952e-05
2.133350847089e-05
1.576915371970e-05
1.165255224578e-05
7.551795363270e-06
3.465555778348e-06
6.078728915782e-07
4.669823226777e-06
8.721050335225e-06
1.276187651911e-05
1.679306046753e-05
2.081639098606e-05
1.543325163311e-05
1.139715288900e-05
7.358354537246e-06
3.314289642731e-06
7.364832868006e-07
4.794881533599e-06
8.862345907801e-06
1.294126013818e-05
1.703478875470e-05
2.114584981427e-05
1.610578038935e-05
1.193855393922e-05
7.753674424293e-06
3.552848681920e-06
6.626621598116e-07
4.892041488347e-06
9.134110541709e-06
1.338636621995e-05
1.764452269981e-05
2.190292735804e-05
1.645821333796e-05
1.219643235117e-05
7.948359211696e-06
3.716047160651e-06
4.986786734662e-07
4.693384198617e-06
8.864786707363e-06
1.300907638324e-05
1.712284188216e-05
2.120348631252e-05
1.529500588049e-05
1.126582253619e-05
7.273838662059e-06
3.320273890495e-06
5.940575533714e-07
4.469374914606e-06
8.307448297273e-06
1.211155273495e-05
1.588591266000e-05
1.963486323575e-05
1.398904140615e-05
1.026284104455e-05
6.552960087447e-06
2.857202332507e-06
8.266239319710e-07
4.500918350914e-06
8.168015881438e-06
1.183004138738e-05
1.548878702806e-05
1.914581082474e-05
1.383791521903e-05
1.016337921556e-05
6.485764913577e-06
2.803258837503e-06
8.856004001245e-07
4.581602638609e-06
8.284660111713e-06
1.199379988748e-05
1.570758433900e-05
1.942446749581e-05
1.411997976675e-05
1.038289809685e-05
6.644641985076e-06
2.905170561007e-06
8.355802378901e-07
4.577717504617e-06
8.321786140186e-06
1.206905909612e-05
1.582162019531e-05
1.958203273489e-05
1.443289517056e-05
1.063268138068e-05
6.820195267210e-06
2.995589056809e-06
8.410997338615e-07
4.690572097843e-06
8.554525152249e-06
1.243532301487e-05
1.633524470890e-05
2.025597416377e-05
1.531068500071e-05
1.132701538609e-05
7.320870963667e-06
3.291867471944e-06
7.601475431329e-07
4.834573360313e-06
8.929541081670e-06
1.304202049823e-05
1.716839659593e-05
2.130542225132e-05
1.608760896943e-05
1.191578439830e-05
7.736860652585e-06
3.551221595899e-06
6.399197900464e-07
4.834363039663e-06
9.029165710217e-06
1.322124290937e-05
1.740792066585e-05
2.158715659561e-05
1.602257276545e-05
1.184467089388e-05
7.676619532049e-06
3.518141340919e-06
6.315544851532e-07
4.773880959874e-06
8.910615974855e-06
1.304367611965e-05
1.717469706364e-05
2.130468055839e-05
1.592771121750e-05
1.178397707235e-05
7.642025650512e-06
3.501947901441e-06
6.371227527779e-07
4.777348578955e-06
8.921890696456e-06
1.307420393459e-05
1.723718571611e-05
2.141247188092e-05
1.635465002892e-05
1.213756326024e-05
7.909515602478e-06
3.671030526675e-06
5.780462970506e-07
4.838371012283e-06
9.110619885178e-06
1.339542239975e-05
1.769349751157e-05
2.200614318326e-05
1.704925443846e-05
1.267950682404e-05
8.286953971037e-06
3.869495799336e-06
5.735813601859e-07
5.041832537245e-06
9.534622790852e-06
1.405214857186e-05
1.859616133970e-05
2.316964241800e-05
1.838303137447e-05
1.371976600240e-05
9.020384936775e-06
4.285326554054e-06
4.843177521252e-07
5.287519627473e-06
1.012353425267e-05
1.499174328501e-05
1.989094772625e-05
2.481913759311e-05
1.986708480217e-05
1.486755405722e-05
9.847566559529e-06
4.809739664324e-06
2.429425194350e-07
5.306296714025e-06
1.037452500441e-05
1.544049405311e-05
2.049676135130e-05
2.553670879024e-05
1.972674118633e-05
1.471072619097e-05
9.720804200697e-06
4.758374188896e-06
1.748787212819e-07
5.076778620605e-06
9.944712587640e-06
1.477610021539e-05
1.956829231631e-05
2.431862020558e-05
1.812229663756e-05
1.344340927290e-05
8.813114561690e-06
4.230884826484e-06
3.062498876716e-07
4.803571641787e-06
9.267586847272e-06
1.370454515381e-05
1.811909260141e-05
2.251371830653e-05
1.694709072808e-05
1.257279757283e-05
8.218775690239e-06
3.884720342739e-06
4.304058052185e-07
4.728249336949e-06
9.010793633024e-06
1.328048540472e-05
1.754031683276e-05
2.179402940783e-05
1.655239310594e-05
1.228120049745e-05
8.007712779090e-06
3.733451080734e-06
5.374589591156e-07
4.799508246833e-06
9.047491062120e-06
1.327802681317e-05
1.749001251028e-05
2.168425027094e-05
1.599970221378e-05
1.181883749268e-05
7.654185367301e-06
3.507005089887e-06
6.213783194653e-07
4.729985391805e-06
8.817938009997e-06
1.288383333531e-05
1.692498699413e-05
2.093747326626e-05
1.495968223253e-05
1.099812715211e-05
7.073609367581e-06
3.184567106018e-06
6.719878342665e-07
4.498935822994e-06
8.297704653160e-06
1.206794962627e-05
1.580823840186e-05
1.951744326334e-05
1.365842501855e-05
9.993850255796e-06
6.357072436458e-06
2.746444067725e-06
8.389500862904e-07
4.399542774536e-06
7.936329723179e-06
1.145191095020e-05
1.495078328162e-05
1.843872996687e-05
1.297778840126e-05
9.479176469540e-06
5.976826287224e-06
2.467920523941e-06
1.050430171290e-06
4.581972746109e-06
8.131611423323e-06
1.170477008827e-05
1.530665224436e-05
1.894153541571e-05
1.417323676378e-05
1.044602737466e-05
6.675933207134e-06
2.858801565253e-06
1.010046048577e-06
4.934982712257e-06
8.919090475956e-06
1.296363433312e-05
1.706805170443e-05
2.123074142446e-05
1.682074542941e-05
1.252841605037e-05
8.181603845969e-06
3.781097973388e-06
6.715399649693e-07
5.173703243599e-06
9.721834373977e-06
1.431209273051e-05
1.894094850741e-05
2.360548580782e-05
1.875608450064e-05
1.400979704158e-05
9.238383086085e-06
4.447376738881e-06
3.574182301236e-07
5.170984081815e-06
9.989840066282e-06
1.481197307385e-05
1.963604455568e-05
2.446028554459e-05
1.902191280578e-05
1.418670564135e-05
9.361470631575e-06
4.548842412078e-06
2.498840672160e-07
5.034267758219e-06
9.803650414142e-06
1.455635657521e-05
1.928959142106e-05
2.400035020855e-05
1.826094808166e-05
1.358082755587e-05
8.926093812534e-06
4.296553413496e-06
3.068316232202e-07
4.881620100150e-06
9.424613892861e-06
1.393311339370e-05
1.840599367142e-05
2.284377495698e-05
1.687029617869e-05
1.248190432079e-05
8.127781825351e-06
3.809878592165e-06
4.697445774582e-07
4.710245491424e-06
8.912494820379e-06
1.307866676825e-05
1.721118019304e-05
2.131179252274e-05
1.538953995350e-05
1.133329715231e-05
7.305502663257e-06
3.302999971311e-06
6.785269306420e-07
4.643562533602e-06
8.595745725870e-06
1.253737440265e-05
1.646975999847e-05
2.039411231181e-05
1.495039538213e-05
1.101739144360e-05
7.084470212249e-06
3.148709595280e-06
7.919699669401e-07
4.738644577174e-06
8.691725042809e-06
1.265147085405e-05
1.661823165477e-05
2.059244991415e-05
1.533607485271e-05
1.132613772370e-05
7.309663601518e-06
3.288110121957e-06
7.367259513558e-07
4.762854530327e-06
8.788356694822e-06
1.281161422639e-05
1.683143523223e-05
2.084727248075e-05
1.535211538339e-05
1.132302855922e-05
7.296933461021e-06
3.273055199315e-06
7.496199145862e-07
4.772495060479e-06
8.797526277249e-06
1.282689868276e-05
1.686263698275e-05
2.090615981842e-05
1.565084977528e-05
1.156974371952e-05
7.477964174996e-06
3.372739058705e-06
7.501464551751e-07
4.895647577996e-06
9.068679105440e-06
1.327299446530e-05
1.751094623614e-05
2.178358590754e-05
1.706942362034e-05
1.270819547017e-05
8.313425041706e-06
3.886845718171e-06
5.690084776688e-07
5.051172422554e-06
9.556945201439e-06
1.408462401287e-05
1.863354339093e-05
2.320363222452e-05
1.819576579010e-05
1.356748617809e-05
8.923932114158e-06
4.270099339010e-06
3.882196324412e-07
5.045107457136e-06
9.694953007511e-06
1.433255590655e-05
1.895346929359e-05
2.355415085731e-05
1.772836020564e-05
1.315544352565e-05
8.604807987922e-06
4.075379024471e-06
4.333252263677e-07
4.920422327359e-06
9.383707947563e-06
1.382030660579e-05
1.822760640380e-05
2.260397360487e-05
1.657479964479e-05
1.224400483579e-05
7.943097159568e-06
3.670476985462e-06
5.760474550698e-07
4.799413432011e-06
9.002897570554e-06
1.318954861063e-05
1.736128228913e-05
2.151833609787e-05
1.582651111676e-05
1.168658906181e-05
7.566767635581e-06
3.467704061677e-06
6.114913162492e-07
4.672945181028e-06
8.719346112684e-06
1.275318527405e-05
1.677635560782e-05
2.078987319010e-05
1.532653863023e-05
1.131432043167e-05
7.312788682157e-06
3.323117368836e-06
6.533944656439e-07
4.615707837274e-06
8.563203152789e-06
1.249596090247e-05
1.641487148163e-05
2.032169368249e-05
1.483556434323e-05
1.092645021572e-05
7.020962243587e-06
3.117099879546e-06
7.856403954065e-07
4.686201464210e-06
8.582711132021e-06
1.247359210765e-05
1.635878277284e-05
2.024026872505e-05
1.477214885881e-05
1.086888579493e-05
6.958209837649e-06
3.037687520191e-06
8.944855380832e-07
4.840281121687e-06
8.802424815713e-06
1.278418523043e-05
1.678832200014e-05
2.081594243464e-05
1.571100011688e-05
1.162323860626e-05
7.516229686644e-06
3.389391793007e-06
7.601882430208e-07
4.936796585753e-06
9.144221166935e-06
1.338420906905e-05
1.765600359249e-05
2.195723186560e-05
1.706629132059e-05
1.269703460594e-05
8.303715787861e-06
3.887655111612e-06
5.483834115694e-07
4.999914665405e-06
9.461418642331e-06
1.392793234345e-05
1.839611968535e-05
2.286457004175e-05
1.742469953570e-05
1.294043312328e-05
8.459218065582e-06
3.984639306509e-06
4.791623950950e-07
4.928441796892e-06
9.360413912418e-06
1.377310877615e-05
1.816489987050e-05
2.253410053754e-05
1.665167434339e-05
1.231363819443e-05
8.000194952729e-06
3.709326222179e-06
5.622767957902e-07
4.818355307634e-06
9.062569972684e-06
1.329823851393e-05
1.752844303837e-05
2.175623933454e-05
1.637912617980e-05
1.212985426946e-05
7.875816891101e-06
3.615724722295e-06
6.517578299281e-07
4.928684120387e-06
9.218179059189e-06
1.352413733002e-05
1.785032895896e-05
2.219945605475e-05
1.723634426298e-05
1.282204914332e-05
8.385153876134e-06
3.926838871848e-06
5.517808858713e-07
5.049201035945e-06
9.563037735916e-06
1.408979113648e-05
1.862540085540e-05
2.316623988463e-05
1.780872577228e-05
1.324405758396e-05
8.675819969994e-06
4.103190804017e-06
4.735243805953e-07
5.052488802448e-06
9.630799468141e-06
1.420569299171e-05
1.877548390894e-05
2.334015039196e-05
1.779302436944e-05
1.321489520478e-05
8.637226244446e-06
4.058695367348e-06
5.221052106208e-07
5.107314564157e-06
9.700053340111e-06
1.430419899862e-05
1.892340947052e-05
2.356019280114e-05
1.842966776167e-05
1.373572933971e-05
9.025421434217e-06
4.299567592625e-06
4.422730057740e-07
5.201880412642e-06
9.981568155126e-06
1.478320643855e-05
1.960723557204e-05
2.445253278438e-05
1.942660168197e-05
1.452342638686e-05
9.607041931758e-06
4.679969094923e-06
2.553089757384e-07
5.195947039738e-06
1.013870439692e-05
1.508039218834e-05
2.001871655466e-05
2.495299168004e-05
1.953518329856e-05
1.458068840066e-05
9.625014911308e-06
4.667383734613e-06
2.910466605499e-07
5.247619355941e-06
1.019916669520e-05
1.514328516805e-05
2.007916037883e-05
2.500778310832e-05
1.941288280705e-05
1.446717237741e-05
9.520632772819e-06
4.570322687414e-06
3.866446718348e-07
5.353039057354e-06
1.033100755876e-05
1.532130670512e-05
2.032276222508e-05
2.533204235533e-05
1.988951834164e-05
1.485401458012e-05
9.823468360537e-06
4.799058842764e-06
2.202305608989e-07
5.236727758984e-06
1.025282062983e-05
1.526983231770e-05
2.028751691796e-05
2.530420249514e-05
1.992249622162e-05
1.489189293125e-05
9.872391217414e-06
4.868183680173e-06
1.166346805803e-07
5.078730112018e-06
1.001652719879e-05
1.493090326221e-05
1.982516477028e-05
2.470417757650e-05
1.922189926518e-05
1.433602591305e-05
9.456509587835e-06
4.584611986047e-06
2.772225116132e-07
5.126595283400e-06
9.961799207758e-06
1.478193917137e-05
1.958638677024e-05
2.437465360572e-05
1.867791326049e-05
1.389827963294e-05
9.133300011399e-06
4.380762220535e-06
3.611191914388e-07
5.092287835851e-06
9.809892617341e-06
1.450859235774e-05
1.918200410955e-05
2.382466720974e-05
1.775449788965e-05
1.315810470714e-05
8.596452062193e-06
4.069409840213e-06
4.220791538501e-07
4.876289494860e-06
9.291761386976e-06
1.366833254224e-05
1.800743370950e-05
2.231113825246e-05
1.621099477234e-05
1.195389165787e-05
7.731113953469e-06
3.542697072589e-06
6.134161480986e-07
4.741975089928e-06
8.849570519942e-06
1.294285988251e-05
1.702676439663e-05
2.110380881959e-05
1.562466729865e-05
1.153896477035e-05
7.456725938937e-06
3.374316975169e-06
7.126962486836e-07
4.808315566152e-06
8.915001160403e-06
1.303364769001e-05
1.716432262810e-05
2.130717865612e-05
1.618354860966e-05
1.199407142849e-05
7.790997187840e-06
3.575930065836e-06
6.478126124421e-07
4.875942806848e-06
9.104431001106e-06
1.333061823061e-05
1.755347591370e-05
2.177328872222e-05
1.626898563245e-05
1.203462511512e-05
7.803655364569e-06
3.578033101803e-06
6.399448011507e-07
4.848245282574e-06
9.045594197232e-06
1.323157766819e-05
1.740632524161e-05
2.157000199077e-05
1.588447929635e-05
1.172451374032e-05
7.574781932362e-06
3.433535596287e-06
7.021267265372e-07
4.835721995278e-06
8.970316457635e-06
1.310743937211e-05
1.724672267756e-05
2.138633414006e-05
1.593597454530e-05
1.178259952894e-05
7.632035533334e-06
3.483373234303e-06
6.640017318205e-07
4.809600682165e-06
8.951948700542e-06
1.308955950208e-05
1.722205882970e-05
2.135063346032e-05
1.587466573483e-05
1.172965926344e-05
7.586902313506e-06
3.449806115441e-06
6.773995551157e-07
4.791714673047e-06
8.892810001271e-06
1.298281222262e-05
1.706479559971e-05
2.114093655337e-05
1.558086336217e-05
1.149688807800e-05
7.418229870382e-06
3.342060210798e-06
7.363676104433e-07
4.821819061362e-06
8.916603803755e-06
1.301950743482e-05
1.712675509680e-05
2.123474996552e-05
1.581319565958e-05
1.168539415630e-05
7.549861322786e-06
3.402249660667e-06
7.587124741804e-07
4.931038915856e-06
9.111345207202e-06
1.329746152123e-05
1.748976961835e-05
2.169024509158e-05
1.626448340630e-05
1.203276178785e-05
7.800470939401e-06
3.575348841878e-06
6.367424703058e-07
4.834404478515e-06
9.020862023590e-06
1.320153194229e-05
1.738056789691e-05
2.155865291797e-05
1.607391249081e-05
1.189271648627e-05
7.720967460045e-06
3.557821514732e-06
5.996529353069e-07
4.754191024858e-06
8.906426614885e-06
1.305475717572e-05
1.719710826364e-05
2.133346623623e-05
1.593343165496e-05
1.178102036192e-05
7.615882111622e-06
3.431865877701e-06
7.732883773315e-07
4.997804353479e-06
9.237541121365e-06
1.348823218450e-05
1.774719601144e-05
2.201366930876e-05
1.651836163319e-05
1.222167639980e-05
7.917879656816e-06
3.608859003634e-06
7.033425504233e-07
5.017410614983e-06
9.333180287285e-06
1.365095431538e-05
1.797009878146e-05
2.228767567658e-05
1.656513768467e-05
1.225667199378e-05
7.972688365498e-06
3.719651317624e-06
4.998134954803e-07
4.687025409567e-06
8.845719378314e-06
1.297965798130e-05
1.709065776367e-05
2.117813437508e-05
1.543984853924e-05
1.139119416393e-05
7.369065201601e-06
3.371615321157e-06
6.030234658283e-07
4.555270265882e-06
8.483767487633e-06
1.238689503680e-05
1.626516888109e-05
2.012309664678e-05
1.455205193679e-05
1.069443595725e-05
6.830789004653e-06
2.957179049190e-06
9.261645459446e-07
4.817022272618e-06
8.714202579085e-06
1.261924802520e-05
1.653634092236e-05
2.047020370810e-05
1.518573367321e-05
1.119467032140e-05
7.182088324953e-06
3.146500660023e-06
9.160240210804e-07
5.011222526718e-06
9.144215425749e-06
1.331691356654e-05
1.752714251779e-05
2.176978807711e-05
1.673652496947e-05
1.242468636065e-05
8.087908895504e-06
3.723850397819e-06
6.693109071421e-07
5.091203661323e-06
9.539159407268e-06
1.400962509024e-05
1.849984823821e-05
2.300832659330e-05
1.780263238516e-05
1.324411795167e-05
8.676021195697e-06
4.105529001208e-06
4.598678629009e-07
5.014705664053e-06
9.556723000514e-06
1.408621432120e-05
1.860426385747e-05
2.311070954875e-05
1.740875006817e-05
1.291405868642e-05
8.440137037269e-06
3.989273238858e-06
4.376290121400e-07
4.840297037845e-06
9.217991930655e-06
1.356928515861e-05
1.789262501006e-05
2.218776484142e-05
1.632254236483e-05
1.205517918379e-05
7.803584139765e-06
3.561909920791e-06
6.741481684003e-07
4.906805486371e-06
9.136573794422e-06
1.336309981070e-05
1.758623676551e-05
2.180648078820e-05
1.624758391472e-05
1.200978829274e-05
7.771086927733e-06
3.530577885158e-06
7.123711611712e-07
4.958488773354e-06
9.208679500716e-06
1.346406691027e-05
1.772519306087e-05
2.199122923230e-05
1.650062284853e-05
1.221799601581e-05
7.945824449962e-06
3.691063682254e-06
5.408508627625e-07
4.746935587718e-06
8.926333407544e-06
1.307924281946e-05
1.720542115891e-05
2.130342170403e-05
1.537926323181e-05
1.132762531597e-05
7.310293369756e-06
3.327299225475e-06
6.218289172466e-07
4.536768528851e-06
8.415741092449e-06
1.225606547450e-05
1.605574504993e-05
1.981526696682e-05
1.377210821829e-05
1.006133766168e-05
6.373837265983e-06
2.704375162921e-06
9.498322128820e-07
4.589730508542e-06
8.216062667543e-06
1.183083827527e-05
1.543772617651e-05
1.904107779183e-05
1.347086021042e-05
9.847342028024e-06
6.221511796412e-06
2.592955183900e-06
1.040157428633e-06
4.681490679559e-06
8.335823679317e-06
1.200732953066e-05
1.569823086811e-05
1.940845265835e-05
1.421758605602e-05
1.045644211217e-05
6.678541353722e-06
2.882049102482e-06
9.355094334751e-07
4.776084665536e-06
8.640218140954e-06
1.252718379874e-05
1.643579042820e-05
2.036531913063e-05
1.524984804746e-05
1.126403469698e-05
7.256570768277e-06
3.228428681723e-06
8.181318662537e-07
4.880144786057e-06
8.954943268691e-06
1.304084963749e-05
1.713722889463e-05
2.124394291059e-05
1.585765198797e-05
1.172120789761e-05
7.580717237943e-06
3.440822410994e-06
6.936284648873e-07
4.818226557290e-06
8.929330419960e-06
1.302384964674e-05
1.709881814804e-05
2.115114858725e-05
1.514074733677e-05
1.113019573040e-05
7.148570887239e-06
3.195249746568e-06
7.314771437450e-07
4.633269213627e-06
8.510650332028e-06
1.236264284898e-05
1.618696268224e-05
1.998129067715e-05
1.393819354689e-05
1.019398786184e-05
6.478142552169e-06
2.787438234009e-06
8.816233503239e-07
4.532403920621e-06
8.168423221377e-06
1.179370883619e-05
1.541279840467e-05
1.903004039150e-05
1.359033251447e-05
9.957798340565e-06
6.325904223559e-06
2.698755167785e-06
9.192017387250e-07
4.524756604951e-06
8.116663082092e-06
1.169547732616e-05
1.526263912410e-05
1.881947872562e-05
1.316775927762e-05
9.615941621632e-06
6.074196676309e-06
2.543386528941e-06
9.748757747730e-07
4.477742322706e-06
7.961026369685e-06
1.141962974316e-05
1.484862769985e-05
1.824473025636e-05
1.208423140042e-05
8.738051121782e-06
5.418392333922e-06
2.119059274719e-06
1.166471008673e-06
4.444111482371e-06
7.718795984601e-06
1.099424497397e-05
1.427310240842e-05
1.755709507734e-05
1.211676169532e-05
8.805473783013e-06
5.485866608979e-06
2.155789843528e-06
1.188156204535e-06
4.550686412585e-06
7.937400141600e-06
1.135421251774e-05
1.480632488438e-05
1.829740915582e-05
1.354337365456e-05
9.959349256405e-06
6.339083313378e-06
2.687419851100e-06
9.899316637529e-07
4.687139437465e-06
8.398930958720e-06
1.212090694480e-05
1.584972750379e-05
1.958305324479e-05
1.409581722100e-05
1.034600376215e-05
6.596847981655e-06
2.851344618193e-06
8.860944262779e-07
4.609884513229e-06
8.314021386013e-06
1.199294115395e-05
1.564221747685e-05
1.925880962972e-05
1.302693306116e-05
9.469595227074e-06
5.948100465503e-06
2.461564179157e-06
9.920998422785e-07
4.415964667714e-06
7.813190450179e-06
1.118588625104e-05
1.453417439734e-05
1.785639869922e-05
1.183433329288e-05
8.559405330288e-06
5.312602922913e-06
2.090553095968e-06
1.111014796606e-06
4.295421945244e-06
7.464107284250e-06
1.061695076032e-05
1.375365047807e-05
1.687500207481e-05
1.114583579920e-05
8.037848999720e-06
4.940534154230e-06
1.856110827703e-06
1.211273058743e-06
4.257755108483e-06
7.282181854862e-06
1.028695919558e-05
1.327703012066e-05
1.625720034326e-05
1.054654683230e-05
7.571303058285e-06
4.608251629179e-06
1.660122450176e-06
1.272887175219e-06
4.193075369585e-06
7.103468078640e-06
1.000574195587e-05
1.289918384373e-05
1.578178353157e-05
1.010800201584e-05
7.234813836021e-06
4.365256188521e-06
1.492065734965e-06
1.390566183090e-06
4.284813769573e-06
7.189170844413e-06
1.010059577311e-05
1.301707470702e-05
1.593936718791e-05
1.049235868322e-05
7.536825478383e-06
4.565824895053e-06
1.578463979968e-06
1.425321613624e-06
4.446642549283e-06
7.488828089208e-06
1.055702233543e-05
1.365633909245e-05
1.678972944319e-05
1.176547232262e-05
8.555886267914e-06
5.319233764567e-06
2.057918379705e-06
1.228062501468e-06
4.540693964827e-06
7.882494116984e-06
1.125516251932e-05
1.465885173957e-05
1.809266888131e-05
1.312547550469e-05
9.622420691358e-06
6.092040052863e-06
2.535716021157e-06
1.043629879405e-06
4.641130715299e-06
8.250523080733e-06
1.186548922760e-05
1.548090978076e-05
1.909368171482e-05
1.343945558574e-05
9.823201764902e-06
6.213890799245e-06
2.615044365939e-06
9.681729693511e-07
4.529880641257e-06
8.064801306773e-06
1.156910036570e-05
1.504026477051e-05
1.847643250130e-05
1.216613247834e-05
8.795305348031e-06
5.467252435665e-06
2.183545120715e-06
1.056273902122e-06
4.254483883415e-06
7.413834907766e-06
1.053586350963e-05
1.361975193959e-05
1.666290108915e-05
1.038304225176e-05
7.416211758482e-06
4.490367132348e-06
1.600418784165e-06
1.258946895177e-06
4.091101686754e-06
6.896808883994e-06
9.675259775577e-06
1.242620709263e-05
1.515145794428e-05
9.226009183294e-06
6.530277516958e-06
3.851537996979e-06
1.191228250264e-06
1.447697968615e-06
4.063593621595e-06
6.658493191480e-06
9.238425604963e-06
1.181135252182e-05
1.438387585040e-05
8.845728757478e-06
6.256177698560e-06
3.665345900572e-06
1.072386908163e-06
1.527030121906e-06
4.139525856317e-06
6.771385244519e-06
9.426058511508e-06
1.210390274764e-05
1.480438766066e-05
9.770888027560e-06
7.004259543919e-06
4.198866747629e-06
1.345575583400e-06
1.561462056543e-06
4.523230302311e-06
7.536921714291e-06
1.059886625399e-05
1.370707326487e-05
1.686186675443e-05
1.201152326757e-05
8.750861468343e-06
5.449454931750e-06
2.115666291047e-06
1.241922575446e-06
4.617372667326e-06
8.008669510673e-06
1.141628001733e-05
1.483997800733e-05
1.827603165339e-05
1.274057922274e-05
9.294431947637e-06
5.866131914445e-06
2.464229055477e-06
9.058801992978e-07
4.240670932631e-06
7.536702582911e-06
1.078978158375e-05
1.399561580229e-05
1.715186959927e-05
1.087023656510e-05
7.793690201652e-06
4.752386189466e-06
1.739264121170e-06
1.249616900623e-06
4.214245564071e-06
7.152003433930e-06
1.006040292850e-05
1.293956717063e-05
1.579338504598e-05
9.769642076662e-06
6.934663588254e-06
4.103415619738e-06
1.271085523058e-06
1.565645220580e-06
4.409809321260e-06
7.264941302765e-06
1.013473826106e-05
1.302137115999e-05
1.592346899315e-05
1.032676817658e-05
7.403959557450e-06
4.489345144520e-06
1.589224723375e-06
1.294681624131e-06
4.164589313405e-06
7.023692319308e-06
9.872852558601e-06
1.270867340963e-05
1.552408537009e-05
9.597883718016e-06
6.836615341399e-06
4.113033298836e-06
1.427612517091e-06
1.219218745518e-06
3.825236319699e-06
6.386589745944e-06
8.900095053832e-06
1.136637229138e-05
1.379129378165e-05
7.788510743012e-06
5.407486128206e-06
3.040560557110e-06
6.861740757813e-07
1.653335289120e-06
3.975394236022e-06
6.280992863594e-06
8.576149525652e-06
1.087025162860e-05
1.317256925404e-05
7.718476467744e-06
5.375766534144e-06
3.015529557615e-06
6.361366899910e-07
1.766587502061e-06
4.198471856398e-06
6.664041563909e-06
9.163720619654e-06
1.169295512682e-05
1.424438414688e-05
8.900853799787e-06
6.311434958661e-06
3.707281962306e-06
1.083864503926e-06
1.562653949350e-06
4.232740764110e-06
6.923121532054e-06
9.628511179471e-06
1.234415520912e-05
1.506746940549e-05
9.545207092287e-06
6.799304003380e-06
4.048868959217e-06
1.297468941175e-06
1.450998809105e-06
4.194452401407e-06
6.934276768789e-06
9.675166722900e-06
1.242333109985e-05
1.518402615375e-05
9.835597666097e-06
7.036764202439e-06
4.226235205351e-06
1.406422938999e-06
1.421646516064e-06
4.258620663222e-06
7.105977658739e-06
9.965015408397e-06
1.283630655280e-05
1.572011012740e-05
1.040125397367e-05
7.477611347895e-06
4.534634342690e-06
1.568632967519e-06
1.422588809419e-06
4.438585051503e-06
7.476244604732e-06
1.053095655834e-05
1.359834442383e-05
1.667582444043e-05
1.116509361054e-05
8.054541979163e-06
4.932850913519e-06
1.800172981348e-06
1.342446068975e-06
4.493885910506e-06
7.653935995222e-06
1.082349706394e-05
1.400366954840e-05
1.719429207014e-05
1.165135000747e-05
8.436559994607e-06
5.225221002547e-06
2.022193143603e-06
1.170334485323e-06
4.352792132067e-06
7.526680974479e-06
1.069249634611e-05
1.384853106856e-05
1.699130797306e-05
1.119658725202e-05
8.077011671048e-06
4.976063166851e-06
1.892412228699e-06
1.174196938791e-06
4.221401582072e-06
7.244260814332e-06
1.023727304528e-05
1.319690045420e-05
1.612308193444e-05
9.989301588575e-06
7.108574550330e-06
4.252180758613e-06
1.420710930233e-06
1.383257711041e-06
4.157627358836e-06
6.902833661115e-06
9.622562060940e-06
1.232206886925e-05
1.500553628375e-05
9.061452601600e-06
6.398547895969e-06
3.756017122214e-06
1.135634249749e-06
1.464166359710e-06
4.048018183767e-06
6.621572936183e-06
9.188935052862e-06
1.175140516807e-05
1.430814791092e-05
8.694464384007e-06
6.138051332982e-06
3.582544024994e-06
1.022093840675e-06
1.548205318613e-06
4.130307274863e-06
6.722935950165e-06
9.323234792191e-06
1.192963401309e-05
1.454387938793e-05
9.150868550023e-06
6.492366253497e-06
3.807119526300e-06
1.091345097848e-06
1.655983339788e-06
4.434682182364e-06
7.245343738305e-06
1.009046980016e-05
1.297391821709e-05
1.589898420207e-05
1.085882274765e-05
7.839636737117e-06
4.784432633187e-06
1.696928336514e-06
1.421623096576e-06
4.572685952553e-06
7.758786466638e-06
1.098088580420e-05
1.423637706921e-05
1.751894546942e-05
1.225462870025e-05
8.927993405905e-06
5.595765003363e-06
2.261421627736e-06
1.072040674899e-06
4.400222678669e-06
7.716586083006e-06
1.101341950971e-05
1.428395177072e-05
1.752395371568e-05
1.141493572732e-05
8.224031887494e-06
5.066974665624e-06
1.947212410869e-06
1.130314672082e-06
4.161254025803e-06
7.144013068228e-06
1.008062952224e-05
1.297564494962e-05
1.583391247095e-05
9.649370667830e-06
6.843781477528e-06
4.071729506450e-06
1.332869487669e-06
1.375176395868e-06
4.056711418343e-06
6.716510370097e-06
9.358166323636e-06
1.198352924803e-05
1.459338892573e-05
8.817552441087e-06
6.222224214980e-06
3.635052507889e-06
1.052746767982e-06
1.525704931282e-06
4.098144586351e-06
6.659869370651e-06
9.205596825268e-06
1.173141703248e-05
1.423600446060e-05
8.163802760919e-06
5.688677617854e-06
3.230973561585e-06
7.904632752798e-07
1.632174416955e-06
4.036201175950e-06
6.421543389479e-06
8.788792911218e-06
1.113879596915e-05
1.347219233594e-05
7.418170582696e-06
5.108523794206e-06
2.812541765707e-06
5.261525188871e-07
1.756944413955e-06
4.044687727855e-06
6.345405267894e-06
8.666263966006e-06
1.101236841805e-05
1.338645739679e-05
8.277775862098e-06
5.836981699758e-06
3.365508575826e-06
8.612165629529e-07
1.678794546933e-06
4.257239709204e-06
6.875724693600e-06
9.534225057450e-06
1.223146938401e-05
1.496551203672e-05
9.995921629979e-06
7.184976311692e-06
4.344767376097e-06
1.480387311403e-06
1.401277927471e-06
4.292461483146e-06
7.186265293058e-06
1.007811340514e-05
1.296605086054e-05
1.584953901101e-05
1.009589004752e-05
7.216045162295e-06
4.348701452273e-06
1.498688845913e-06
1.330648501607e-06
4.138554231758e-06
6.926585740530e-06
9.697220264115e-06
1.245252354920e-05
1.519375922499e-05
9.402383625456e-06
6.674803444184e-06
3.952541021590e-06
1.229869496910e-06
1.498182939486e-06
4.234183052176e-06
6.978016415360e-06
9.728320833347e-06
1.248454208280e-05
1.524835232658e-05
9.772268924735e-06
6.971840377901e-06
4.154807129453e-06
1.322258469827e-06
1.522596846826e-06
4.376412903184e-06
7.237057275233e-06
1.010358863596e-05
1.297479349205e-05
1.584755813155e-05
1.003148929613e-05
7.159364429299e-06
4.302712682147e-06
1.463723265260e-06
1.358503197935e-06
4.166042799625e-06
6.959861252653e-06
9.738460562403e-06
1.249873969300e-05
1.523812647974e-05
9.288433659549e-06
6.573962252787e-06
3.871841727232e-06
1.177331512281e-06
1.512101619028e-06
4.196757060981e-06
6.876398970235e-06
9.552193148465e-06
1.222768713660e-05
1.490802145554e-05
9.353012842439e-06
6.639053935942e-06
3.912577369647e-06
1.174770318357e-06
1.573334031946e-06
4.331967943472e-06
7.102305517037e-06
9.885063889215e-06
1.267883118317e-05
1.547926336798e-05
9.773388910617e-06
6.969390199174e-06
4.180101029760e-06
1.410734284946e-06
1.335331546670e-06
4.055933288782e-06
6.749298393061e-06
9.413229633992e-06
1.204479298167e-05
1.464046874844e-05
8.413385387485e-06
5.888899295314e-06
3.409257431031e-06
9.752737923918e-07
1.413249833604e-06
3.756889498163e-06
6.056289123535e-06
8.312543968714e-06
1.052825223269e-05
1.270862549063e-05
6.718548206663e-06
4.571487806970e-06
2.431173413697e-06
2.900106323978e-07
1.856168125869e-06
4.009048268472e-06
6.170224253310e-06
8.343664148924e-06
1.053640147575e-05
1.275719864680e-05
7.603439314607e-06
5.294590664562e-06
2.943185847926e-06
5.485461542776e-07
1.891482270366e-06
4.381751125493e-06
6.928618063284e-06
9.537004814320e-06
1.220749737740e-05
1.493571630817e-05
1.013366841107e-05
7.296965009118e-06
4.419288529789e-06
1.500224641404e-06
1.461767624278e-06
4.466053042051e-06
7.508079590934e-06
1.058020723121e-05
1.367469627667e-05
1.678643633340e-05
1.142775278140e-05
8.269252248283e-06
5.097043299429e-06
1.916595635976e-06
1.263120907424e-06
4.432204718796e-06
7.582868704503e-06
1.071103201866e-05
1.381534082157e-05
1.689474248678e-05
1.063448718241e-05
7.601365496157e-06
4.608218262092e-06
1.659705503698e-06
1.242535802248e-06
4.099394345758e-06
6.912132846537e-06
9.680300763648e-06
1.240107172862e-05
1.507061693928e-05
8.527704778771e-06
5.952896060535e-06
3.428931051985e-06
9.513746022094e-07
1.483753578668e-06
3.879028895426e-06
6.236126864678e-06
8.557400860809e-06
1.084712340571e-05
1.311150816719e-05
7.151745080591e-06
4.907116874620e-06
2.670742674127e-06
4.400991429065e-07
1.786855818864e-06
4.013076022602e-06
6.242856329663e-06
8.481153031425e-06
1.073232840554e-05
1.299905346741e-05
7.591580811095e-06
5.282997051381e-06
2.959201651720e-06
6.198504820532e-07
1.736261879159e-06
4.110350687370e-06
6.502470057512e-06
8.910686233321e-06
1.133095918249e-05
1.375806931492e-05
8.139394594764e-06
5.704515785965e-06
3.275298013250e-06
8.539394684703e-07
1.557174698519e-06
3.954657472605e-06
6.334275042263e-06
8.691765117419e-06
1.102414472598e-05
1.333045122465e-05
7.234120459998e-06
4.969568237811e-06
2.730346693625e-06
5.196138204155e-07
1.657748214257e-06
3.797090869284e-06
5.896281720652e-06
7.956786021168e-06
9.982739413772e-06
1.197884972726e-05
5.781024867701e-06
3.830311356978e-06
1.908206400003e-06
1.585181053088e-08
1.847954251843e-06
3.686926731916e-06
5.505459228061e-06
7.306190468626e-06
9.088717376926e-06
1.085048319283e-05
4.840775375214e-06
3.114231276413e-06
1.403328553806e-06
3.003584652106e-07
2.004711518566e-06
3.714052297710e-06
5.428494091575e-06
7.145987126478e-06
8.865701431660e-06
1.059051680841e-05
5.079082143311e-06
3.313390493531e-06
1.520420880752e-06
3.036723228433e-07
2.160291728615e-06
4.050753545926e-06
5.978789886285e-06
7.950931774303e-06
9.974750184938e-06
1.205576256780e-05
7.240380625717e-06
5.035728634084e-06
2.779614078463e-06
4.745346018353e-07
1.880803154108e-06
4.290857759770e-06
6.760409803519e-06
9.291404865053e-06
1.188122672602e-05
1.452352427123e-05
9.708354468785e-06
6.971507048092e-06
4.200311707336e-06
1.397716516749e-06
1.432458816453e-06
4.284167061996e-06
7.149539158036e-06
1.002111127946e-05
1.289411869720e-05
1.576752180199e-05
1.015779770341e-05
7.268303932051e-06
4.377598315841e-06
1.491502473527e-06
1.381674053391e-06
4.234096252276e-06
7.061324254209e-06
9.863189575299e-06
1.264250698796e-05
1.540252071663e-05
9.319726586909e-06
6.585769881440e-06
3.870721627663e-06
1.174031524442e-06
1.506988780875e-06
4.175972094345e-06
6.834985526893e-06
9.482445818776e-06
1.211276861568e-05
1.471866784186e-05
8.503991409725e-06
5.950380284503e-06
3.425842180604e-06
9.259429134545e-07
1.552089202050e-06
4.006921301425e-06
6.433237217607e-06
8.824178337363e-06
1.117421072649e-05
1.348066814444e-05
6.925813408998e-06
4.697911776930e-06
2.518308463095e-06
3.925997589249e-07
1.673505096278e-06
3.677182405681e-06
5.620354784241e-06
7.508821113333e-06
9.349148967885e-06
1.114529015922e-05
4.666418135457e-06
2.952123907107e-06
1.289157523843e-06
3.225391083106e-07
1.887457074190e-06
3.412906721678e-06
4.906014794415e-06
6.371313247655e-06
7.810394038188e-06
9.223806785030e-06
3.326081184696e-06
1.945930932834e-06
5.780261744803e-07
7.838248166081e-07
2.142969663055e-06
3.499132617435e-06
4.850092636843e-06
6.194337856869e-06
7.533301698004e-06
8.871621901108e-06
3.258094352532e-06
1.896061576190e-06
5.219854983807e-07
8.631348578092e-07
2.257205665046e-06
3.659339313344e-06
5.071129749012e-06
6.496528726530e-06
7.940264254103e-06
9.406234596554e-06
4.042029672746e-06
2.518171640986e-06
9.672115766080e-07
6.138941444078e-07
2.230005463844e-06
3.886848162438e-06
5.589370630332e-06
7.340461195326e-06
9.140782879058e-06
1.098980101233e-05
6.123564503469e-06
4.167706379121e-06
2.158204551961e-06
9.086824093174e-08
2.037296610524e-06
4.226752594150e-06
6.475157022123e-06
8.778470544257e-06
1.113259713748e-05
1.353468525167e-05
8.534633479940e-06
6.033989109255e-06
3.493204758342e-06
9.186344982481e-07
1.681752451077e-06
4.300394323309e-06
6.932072494692e-06
9.574210025676e-06
1.222572984716e-05
1.488457041887e-05
9.101284433655e-06
6.436799196763e-06
3.785346734730e-06
1.153119683295e-06
1.457119765291e-06
4.045264688557e-06
6.611677974888e-06
9.154842246062e-06
1.167082166376e-05
1.415495864876e-05
7.921880921913e-06
5.498326174802e-06
3.103268397808e-06
7.311962804124e-07
1.620825571536e-06
3.951639143907e-06
6.257176153213e-06
8.533603079286e-06
1.078029180235e-05
1.300060074527e-05
6.822477416790e-06
4.633238177121e-06
2.460407813487e-06
3.063180429308e-07
1.826519792303e-06
3.938534348435e-06
6.034147929768e-06
8.119933795570e-06
1.020103718474e-05
1.227827090133e-05
6.385059236891e-06
4.319710626532e-06
2.269766184781e-06
2.334420514671e-07
1.795136597593e-06
3.822784890417e-06
5.853967877556e-06
7.889350001733e-06
9.927196799708e-06
1.196637765588e-05
6.455918992287e-06
4.396369035931e-06
2.323729177078e-06
2.350823820052e-07
1.868669016858e-06
3.983795181739e-06
6.106585658472e-06
8.236012263296e-06
1.037449942487e-05
1.252626196901e-05
7.032850362521e-06
4.837777282773e-06
2.629555524436e-06
4.133036668463e-07
1.806440650398e-06
4.027102363580e-06
6.247923977298e-06
8.468497469494e-06
1.068729545750e-05
1.290108463081e-05
6.978965416238e-06
4.778630398050e-06
2.594381953713e-06
4.276873255549e-07
1.720691500395e-06
3.849631184494e-06
5.957234407106e-06
8.040883983540e-06
1.009787160910e-05
1.212611329038e-05
5.893863146866e-06
3.917164178802e-06
1.968969968402e-06
4.812778797714e-08
1.845884639806e-06
3.712268323852e-06
5.548900162466e-06
7.352875741162e-06
9.121530467837e-06
1.085346701757e-05
4.435294727045e-06
2.768145691334e-06
1.135003174113e-06
4.641968871510e-07
2.028091500961e-06
3.554577006071e-06
5.042163479629e-06
6.490624343769e-06
7.900674631856e-06
9.272917964154e-06
2.756448736818e-06
1.457385508274e-06
2.009253989854e-07
1.013083590351e-06
2.188268865666e-06
3.331373989113e-06
4.450218227703e-06
5.551303559059e-06
6.638453726282e-06
7.713522904851e-06
1.894712227113e-06
8.302238825308e-07
2.356992467867e-07
1.311907169566e-06
2.406598923699e-06
3.525987210651e-06
4.674531567161e-06
5.856814766503e-06
7.079199804139e-06
8.350012706160e-06
3.626289355907e-06
2.229637232176e-06
7.691550649724e-07
7.520450822085e-07
2.329046537852e-06
3.958325123676e-06
5.639200423957e-06
7.373062601346e-06
9.160659146801e-06
1.099960553574e-05
5.992810997668e-06
4.063809569743e-06
2.107472994339e-06
1.311282744609e-07
1.859318956576e-06
3.857379226702e-06
5.854220830770e-06
7.838396754778e-06
9.797687312130e-06
1.172211034373e-05
5.276321360270e-06
3.423883981668e-06
1.611698280612e-06
1.607293711459e-07
1.891240003715e-06
3.575129426281e-06
5.207016954500e-06
6.783286437440e-06
8.303217271077e-06
9.768703193913e-06
2.996138505296e-06
1.621955050268e-06
2.941396815004e-07
9.903368436426e-07
2.236304396774e-06
3.450884264566e-06
4.642630131002e-06
5.819670889196e-06
6.987904555444e-06
8.149911934652e-06
2.284223569404e-06
1.129178258452e-06
1.570174390508e-08
1.149877050466e-06
2.274481460063e-06
3.391769155314e-06
4.504381820425e-06
5.614511962904e-06
6.723396097641e-06
7.831093512323e-06
2.150114539745e-06
1.041044981775e-06
6.236939498194e-08
1.157575809430e-06
2.241149559268e-06
3.308542147806e-06
4.354331451850e-06
5.373074884574e-06
6.360774364111e-06
7.316051664930e-06
1.029244913298e-06
1.260041244677e-07
7.542890330114e-07
1.614288237306e-06
2.454201080582e-06
3.272376204677e-06
4.066722169682e-06
4.836165771849e-06
5.581257255471e-06
6.303484042292e-06
2.359752215852e-08
6.605253588532e-07
1.322526202330e-06
1.962678311429e-06
2.583611887985e-06
3.190937263753e-06
3.791995368374e-06
4.393803578751e-06
5.000777377973e-06
5.614010490262e-06
2.770224227788e-08
6.545533892677e-07
1.285143355290e-06
1.921848308939e-06
2.568335730757e-06
3.228116213450e-06
3.903475715106e-06
4.595801328833e-06
5.306912157721e-06
6.040322091394e-06
8.300935974148e-07
3.041088803002e-08
8.079084636847e-07
1.686525536115e-06
2.603717121019e-06
3.555745877293e-06
4.538966720702e-06
5.551441461193e-06
6.593181979042e-06
7.665122723211e-06
2.273128643537e-06
1.137716594712e-06
2.338288140891e-08
1.206763897699e-06
2.409833768979e-06
3.630926642018e-06
4.868296855420e-06
6.118620319739e-06
7.376026644579e-06
8.632655578822e-06
2.621001385705e-06
1.382356515478e-06
1.611852553651e-07
1.042694236730e-06
2.230641825918e-06
3.403336847896e-06
4.559748617794e-06
5.697842311747e-06
6.816080315275e-06
7.914985360458e-06
1.855902553416e-06
7.795104579600e-07
2.873586026908e-07
1.346489113985e-06
2.398822402938e-06
3.446203038493e-06
4.493173491937e-06
5.547353794100e-06
6.617974690926e-06
7.713154616340e-06
2.439199533910e-06
1.277352055240e-06
8.701147180545e-08
1.130164264396e-06
2.374478583533e-06
3.648213862562e-06
4.954006669777e-06
6.292667990238e-06
7.662035443445e-06
9.057625391051e-06
3.723816291767e-06
2.282030379774e-06
8.236457347266e-07
6.502627343252e-07
2.136624345894e-06
3.628765227859e-06
5.116825718687e-06
6.590001476070e-06
8.039540148275e-06
9.460539388328e-06
3.088132700668e-06
1.719705323922e-06
3.808514179582e-07
9.263687275052e-07
2.198724587288e-06
3.433427764321e-06
4.629914769794e-06
5.790123282168e-06
6.917320547473e-06
8.014246873245e-06
1.624407559575e-06
5.799025757369e-07
4.332958951636e-07
1.415777319380e-06
2.370922118189e-06
3.304625124656e-06
4.223733810704e-06
5.134020341302e-06
6.038971321232e-06
6.939568834241e-06
1.155992777058e-06
2.580291038612e-07
6.341060725390e-07
1.520723174053e-06
2.401756944437e-06
3.275864003172e-06
4.140068256220e-06
4.990381967218e-06
5.823172728014e-06
6.636558907758e-06
5.453630933516e-07
2.399029881417e-07
1.011494930481e-06
1.770667836354e-06
2.516324400403e-06
3.245435095778e-06
3.954801229611e-06
4.642941291877e-06
5.311245672601e-06
5.963644071016e-06
1.644756366659e-07
8.054438467298e-07
1.443445285076e-06
2.081980028379e-06
2.725888123223e-06
3.382293925824e-06
4.059893456088e-06
4.766894505792e-06
5.508575725344e-06
6.286409814038e-06
1.054568372183e-06
2.021436102950e-07
6.849753617644e-07
1.611133768620e-06
2.582441140930e-06
3.603942104746e-06
4.677355889271e-06
5.800649773846e-06
6.969536570978e-06
8.179629446659e-06
3.083577269081e-06
1.793063688638e-06
4.715866452898e-07
8.738456926949e-07
2.233888892533e-06
3.599174249302e-06
4.963102185229e-06
6.323272600639e-06
7.680352837269e-06
9.035182301886e-06
3.153877230488e-06
1.805637850794e-06
4.764236791743e-07
8.252653742602e-07
2.093462228459e-06
3.325366265017e-06
4.520031723132e-06
5.676637329088e-06
6.793690715767e-06
7.870015735989e-06
1.491875309512e-06
4.836699645239e-07
4.946544436280e-07
1.448832449569e-06
2.381498916293e-06
3.291030509445e-06
4.172666479008e-06
5.021312858844e-06
5.834072226207e-06
6.611279104618e-06
1.169906340692e-07
6.041997266948e-07
1.297281812640e-06
1.963196098131e-06
2.602874360491e-06
3.218055610432e-06
3.811147962551e-06
4.383774523831e-06
4.935173080867e-06
5.461705143261e-06
9.690826345832e-07
1.436018521872e-06
1.864428782028e-06
2.254223204545e-06
2.607425017231e-06
2.926729962383e-06
3.214356581793e-06
3.471963452739e-06
3.701368143538e-06
3.905016853878e-06
2.249964495604e-06
2.417112057174e-06
2.566247928826e-06
2.697928721318e-06
2.812233958593e-06
2.909888564773e-06
2.993062935275e-06
3.065353951115e-06
3.131029643555e-06
3.194272778728e-06
2.585390348031e-06
2.661332189291e-06
2.746499262685e-06
2.845602580237e-06
2.963521069432e-06
3.104307836566e-06
3.270813351719e-06
3.464758208338e-06
3.687346008974e-06
3.939892167182e-06
1.355373512979e-06
1.678986734532e-06
2.036816681539e-06
2.429445828511e-06
2.857392644273e-06
3.321887959373e-06
3.824962789167e-06
4.368917700504e-06
4.955300767051e-06
5.584094367350e-06
4.688889703175e-07
2.454664240759e-07
9.961522096091e-07
1.781366734122e-06
2.599245931378e-06
3.446947118846e-06
4.320289463067e-06
5.214572070145e-06
6.125925210654e-06
7.052433943500e-06
1.452084745779e-06
4.881429163106e-07
4.896870677840e-07
1.477573732700e-06
2.470004403676e-06
3.461882783995e-06
4.450358346730e-06
5.435267667053e-06
6.417588565455e-06
7.397283411592e-06
1.409781020811e-06
4.359669105725e-07
5.258893907012e-07
1.475642704918e-06
2.416556810658e-06
3.353466013323e-06
4.289819912628e-06
5.225747202076e-06
6.158326414152e-06
7.084297237725e-06
1.215608449456e-06
2.937429712802e-07
6.297215691120e-07
1.559712302424e-06
2.497429647974e-06
3.439978684128e-06
4.382290626381e-06
5.320389050212e-06
6.253349738472e-06
7.182743388512e-06
1.189426654946e-06
2.595970727270e-07
6.609348019992e-07
1.564639319440e-06
2.445018481012e-06
3.299072830032e-06
4.127454303671e-06
4.932003719205e-06
5.712795029922e-06
6.466427123542e-06
4.194407665636e-08
6.445284839174e-07
1.286842746140e-06
1.884154812615e-06
2.437959778945e-06
2.949991369405e-06
3.420698021728e-06
3.849465656458e-06
4.236303652760e-06
4.583686688875e-06
1.734727447911e-06
2.028530388998e-06
2.304663553332e-06
2.569372611561e-06
2.826419120083e-06
3.077771225435e-06
3.325177829083e-06
3.571408797143e-06
3.820320216619e-06
4.076360539784e-06
1.646416194490e-06
1.934002000326e-06
2.239405432647e-06
2.565910278918e-06
2.917343181252e-06
3.297665557511e-06
3.710229634635e-06
4.156534032518e-06
4.635886227788e-06
5.145428417563e-06
2.983429112646e-07
8.617863613836e-07
1.443106327770e-06
2.039914136276e-06
2.651221620908e-06
3.277166513271e-06
3.918623235677e-06
4.576745027407e-06
5.252965081581e-06
5.948790487764e-06
5.409722234617e-07
2.073283553727e-07
9.797606708162e-07
1.776573185452e-06
2.597048933239e-06
3.440228852014e-06
4.306042967528e-06
5.196491883908e-06
6.115899338965e-06
7.070242816098e-06
1.927794244239e-06
8.781394171820e-07
2.178593376811e-07
1.359447594496e-06
2.545072049998e-06
3.773582704980e-06
5.044332851867e-06
6.356245876304e-06
7.706334372415e-06
9.089182015032e-06
