8.196587941711e-08
8.364776249437e-08
8.465144674119e-08
8.491696235069e-08
8.459409173156e-08
8.385853789150e-08
8.292579423141e-08
8.186225386453e-08
8.067240742093e-08
7.920311873022e-08
3.397399837013e-07
3.274000164311e-07
3.143232447655e-07
3.005969801961e-07
2.864256316570e-07
2.719334020185e-07
2.571312052169e-07
2.417780819997e-07
2.256250581922e-07
2.083660888275e-07
7.005702400420e-07
6.675685426671e-07
6.331130180115e-07
5.974794703434e-07
5.608096103060e-07
5.230292003944e-07
4.839517373512e-07
4.434550646693e-07
4.015020067527e-07
3.582864565033e-07
1.147956595560e-06
1.084793439077e-06
1.019982335038e-06
9.533185334476e-07
8.845820502756e-07
8.136341307363e-07
7.406129611809e-07
6.658544293714e-07
5.897086907680e-07
5.124866788719e-07
1.657462235016e-06
1.552285596063e-06
1.445309351311e-06
1.336605862434e-06
1.226514370956e-06
1.115429881793e-06
1.003707893688e-06
8.915359899220e-07
7.789307687744e-07
6.658298161710e-07
2.193197076394e-06
2.049133286164e-06
1.905368719690e-06
1.762620740919e-06
1.621369165150e-06
1.481759738908e-06
1.343673147858e-06
1.206842398460e-06
1.071161648269e-06
9.368275755151e-07
2.780825866466e-06
2.623335774388e-06
2.469098546953e-06
2.318207634744e-06
2.170468860641e-06
2.025649564530e-06
1.883683864889e-06
1.744765711464e-06
1.609167100014e-06
1.477097100633e-06
3.544963874447e-06
3.398275282507e-06
3.254449609358e-06
3.113183481673e-06
2.974566029934e-06
2.839079286332e-06
2.707293106141e-06
2.579475562925e-06
2.455399055634e-06
2.334404996418e-06
4.592039033469e-06
4.459417425551e-06
4.328889701810e-06
4.200768501050e-06
4.075347192156e-06
3.952753047543e-06
3.832813092686e-06
3.715225375345e-06
3.599882745675e-06
3.486964374133e-06
5.862934301604e-06
5.743754400100e-06
5.628016367609e-06
5.515246243704e-06
5.404797718711e-06
5.296173185343e-06
5.189332114242e-06
5.084660074317e-06
4.982726920844e-06
4.883938629519e-06
7.219217707188e-06
7.118269024886e-06
7.020521252343e-06
6.925856382622e-06
6.834189321125e-06
6.745409052655e-06
6.659243751983e-06
6.575150337085e-06
6.492607383279e-06
6.411229435344e-06
8.651827499762e-06
8.566440158120e-06
8.482962982725e-06
8.401467653130e-06
8.321663699462e-06
8.243012757703e-06
8.164969756308e-06
8.087107062238e-06
8.009261875941e-06
7.931252127946e-06
1.022540709528e-05
1.013888248735e-05
1.005098130236e-05
9.961462239971e-06
9.870470194073e-06
9.778435583030e-06
9.685689008165e-06
9.592301012162e-06
9.497914504664e-06
9.401972420164e-06
1.203748627177e-05
1.192868131739e-05
1.181782948834e-05
1.170524444660e-05
1.159110263416e-05
1.147524994849e-05
1.135734510171e-05
1.123722074681e-05
1.111499864237e-05
1.099113336522e-05
1.413307194298e-05
1.399728023443e-05
1.386025581951e-05
1.372151979240e-05
1.358064236001e-05
1.343751597460e-05
1.329242519432e-05
1.314585415457e-05
1.299809548527e-05
1.284909086507e-05
1.646166759883e-05
1.629846536844e-05
1.613315856730e-05
1.596613634547e-05
1.579812214914e-05
1.562963785773e-05
1.546080949311e-05
1.529132777023e-05
1.512068268994e-05
1.494855325745e-05
1.885661828283e-05
1.867091947361e-05
1.848480656008e-05
1.829859320424e-05
1.811225905612e-05
1.792564523839e-05
1.773877181677e-05
1.755196444719e-05
1.736593549140e-05
1.718127731465e-05
2.111322072551e-05
2.092079620297e-05
2.072938661968e-05
2.053841262750e-05
2.034756096236e-05
2.015706689917e-05
1.996754673428e-05
1.977965763444e-05
1.959389999229e-05
1.941046269849e-05
2.323020919448e-05
2.304139388798e-05
2.285525272328e-05
2.267199829475e-05
2.249174468716e-05
2.231428544519e-05
2.213912154048e-05
2.196573007041e-05
2.179379146128e-05
2.162355218616e-05
2.527500953420e-05
2.510171606218e-05
2.493254589808e-05
2.476785505223e-05
2.460746623001e-05
2.445097510417e-05
2.429797234527e-05
2.414818180796e-05
2.400145859838e-05
2.385762377344e-05
2.726760999394e-05
2.712100331337e-05
2.697622466030e-05
2.683327954855e-05
2.669263869848e-05
2.655493335624e-05
2.642063225267e-05
2.628958776540e-05
2.616101284048e-05
2.603374008459e-05
2.935410918781e-05
2.921873971218e-05
2.908287450509e-05
2.894673127685e-05
2.881034697566e-05
2.867334586654e-05
2.853510761724e-05
2.839514854713e-05
2.825342721735e-05
2.811037080619e-05
3.168292732880e-05
3.152952359642e-05
3.137486862670e-05
3.121769094605e-05
3.105673715709e-05
3.089138118639e-05
3.072191799447e-05
3.054936024682e-05
3.037457202026e-05
3.019775982693e-05
3.429838909597e-05
3.410534390014e-05
3.390749139953e-05
3.370481539378e-05
3.349812499209e-05
3.328833815885e-05
3.307565492605e-05
3.285924628926e-05
3.263760936534e-05
3.240945602556e-05
3.729373872829e-05
3.704201492383e-05
3.678558852016e-05
3.652545677824e-05
3.626147474733e-05
3.599239602181e-05
3.571667485858e-05
3.543361538050e-05
3.514381472769e-05
3.484888094363e-05
4.051813601791e-05
4.020366736768e-05
3.988559336676e-05
3.956264458793e-05
3.923403886574e-05
3.890029779541e-05
3.856331147745e-05
3.822540230658e-05
3.788820680484e-05
3.755200623345e-05
4.356492797797e-05
4.321267704199e-05
4.285957516004e-05
4.250696036934e-05
4.215695275889e-05
4.181129571634e-05
4.147051078007e-05
4.113386819427e-05
4.080013309249e-05
4.046872624031e-05
4.630969914388e-05
4.597121471761e-05
4.563938853153e-05
4.531482733228e-05
4.499655108248e-05
4.468265257174e-05
4.437140381697e-05
4.406216430652e-05
4.375555954539e-05
4.345274095385e-05
4.908446504714e-05
4.877775756995e-05
4.847372969152e-05
4.817092980147e-05
4.786877434526e-05
4.756798341532e-05
4.726985201842e-05
4.697524627773e-05
4.668378630868e-05
4.639389055683e-05
5.223667699283e-05
5.193433452177e-05
5.163134176200e-05
5.132963042342e-05
5.103128631845e-05
5.073749071016e-05
5.044795983622e-05
5.016151379778e-05
4.987722320493e-05
4.959531395343e-05
5.557911646292e-05
5.529620375455e-05
5.501984657030e-05
5.474944947537e-05
5.448328255397e-05
5.421965892083e-05
5.395822165610e-05
5.370023353635e-05
5.344786762862e-05
5.320278444287e-05
5.882676515512e-05
5.858577475237e-05
5.834718649567e-05
5.810873864220e-05
5.786990476508e-05
5.763166211636e-05
5.739527620108e-05
5.716091726526e-05
5.692688336012e-05
5.669035783740e-05
6.223280348649e-05
6.197743584835e-05
6.171703938662e-05
6.145349419739e-05
6.118783221609e-05
6.091908301187e-05
6.064451781640e-05
6.036100165829e-05
6.006686317050e-05
5.976267817687e-05
6.593752647177e-05
6.561082079770e-05
6.527951160251e-05
6.494235952914e-05
6.459696845695e-05
6.424164035934e-05
6.387674869757e-05
6.350481817208e-05
6.312908834616e-05
6.275167345393e-05
6.965349598431e-05
6.925871275598e-05
6.885839911774e-05
6.845225800589e-05
6.804225569113e-05
6.763172223145e-05
6.722355556121e-05
6.681873571779e-05
6.641621200743e-05
6.601410456142e-05
7.314836898331e-05
7.273387291207e-05
7.232353243580e-05
7.192061980277e-05
7.152669792276e-05
7.114098315242e-05
7.076115736027e-05
7.038516628199e-05
7.001279237784e-05
6.964595445424e-05
7.612917698907e-05
7.577012553384e-05
7.542208163613e-05
7.508349727914e-05
7.475253454459e-05
7.442850090911e-05
7.411248958533e-05
7.380664999346e-05
7.351253168508e-05
7.322988091119e-05
7.852517404672e-05
7.824864036365e-05
7.797678415500e-05
7.770990328027e-05
7.745011481575e-05
7.719999678102e-05
7.696078193931e-05
7.673162986066e-05
7.651009821075e-05
7.629368900552e-05
8.076895284148e-05
8.055139841190e-05
8.033936887841e-05
8.013360911718e-05
7.993329569445e-05
7.973635018743e-05
7.954051943670e-05
7.934484420957e-05
7.915024247040e-05
7.895891224052e-05
8.326032110517e-05
8.307031629329e-05
8.288405513213e-05
8.269837138641e-05
8.251033381157e-05
8.231871908038e-05
8.212424154408e-05
8.192871882784e-05
8.173366006758e-05
8.153911983300e-05
8.619360653483e-05
8.598547321981e-05
8.577347091432e-05
8.555788895137e-05
8.534004524563e-05
8.512108558989e-05
8.490085616586e-05
8.467754628327e-05
8.444842796962e-05
8.421134839409e-05
8.952360309422e-05
8.926102316309e-05
8.899372659243e-05
8.872351651235e-05
8.845054640005e-05
8.817326408916e-05
8.788937185500e-05
8.759720589069e-05
8.729651108297e-05
8.698828207798e-05
9.298233788968e-05
9.265234342593e-05
9.231549483957e-05
9.197024121477e-05
9.161545955294e-05
9.125136176635e-05
9.087947006492e-05
9.050168222302e-05
9.011909668288e-05
8.973128899470e-05
9.648325647049e-05
9.606985207711e-05
9.564676179252e-05
9.521469343099e-05
9.477536940494e-05
9.433048700203e-05
9.388067587679e-05
9.342554915293e-05
9.296435229089e-05
9.249706789660e-05
1.000406018647e-04
9.955415572449e-05
9.906672789839e-05
9.857913715905e-05
9.809093853619e-05
9.760118348368e-05
9.710959574250e-05
9.661734321753e-05
9.612685551019e-05
9.564078402491e-05
1.033521376712e-04
1.028676689430e-04
1.023895022740e-04
1.019175522856e-04
1.014529126451e-04
1.009979339983e-04
1.005551318372e-04
1.001259415148e-04
9.971001463782e-05
9.930566528737e-05
1.063470145368e-04
1.059533541934e-04
1.055709041680e-04
1.052020861607e-04
1.048486637387e-04
1.045107663344e-04
1.041867278673e-04
1.038741698949e-04
1.035713920032e-04
1.032782321886e-04
1.095465675007e-04
1.092673729772e-04
1.089982673079e-04
1.087364375962e-04
1.084781668510e-04
1.082205446892e-04
1.079626479168e-04
1.077055705991e-04
1.074511789625e-04
1.072003627769e-04
1.135521706033e-04
1.132956793413e-04
1.130350071321e-04
1.127674763666e-04
1.124922042663e-04
1.122095976598e-04
1.119202229347e-04
1.116236589382e-04
1.113182879635e-04
1.110020147621e-04
1.184199967952e-04
1.180713215945e-04
1.177122247782e-04
1.173446925691e-04
1.169694741634e-04
1.165855110230e-04
1.161901633395e-04
1.157805330649e-04
1.153547493118e-04
1.149126544533e-04
1.235755376570e-04
1.230946839428e-04
1.226016069040e-04
1.220964608706e-04
1.215787460751e-04
1.210479202882e-04
1.205040620107e-04
1.199480130367e-04
1.193807398181e-04
1.188028539332e-04
1.285129288249e-04
1.278983353927e-04
1.272709385489e-04
1.266307945116e-04
1.259792600763e-04
1.253186775898e-04
1.246517259119e-04
1.239804906277e-04
1.233061839798e-04
1.226291897183e-04
1.330131164536e-04
1.323150987673e-04
1.316159522275e-04
1.309171447588e-04
1.302201549152e-04
1.295260623237e-04
1.288355431939e-04
1.281491465193e-04
1.274676573075e-04
1.267923333330e-04
1.370695940182e-04
1.363954775684e-04
1.357313974495e-04
1.350772411115e-04
1.344323492845e-04
1.337961075478e-04
1.331682947239e-04
1.325492025899e-04
1.319393003882e-04
1.313387497817e-04
1.410327022882e-04
1.404348446954e-04
1.398441541482e-04
1.392601742509e-04
1.386831006585e-04
1.381133798759e-04
1.375511840251e-04
1.369959454678e-04
1.364464338280e-04
1.359012877629e-04
1.451827452001e-04
1.446319924980e-04
1.440857716943e-04
1.435448961047e-04
1.430095495607e-04
1.424791507816e-04
1.419527911821e-04
1.414299675275e-04
1.409110013810e-04
1.403968878435e-04
1.492637193792e-04
1.487498465735e-04
1.482410589801e-04
1.477356568671e-04
1.472321906704e-04
1.467303028448e-04
1.462308236455e-04
1.457351563090e-04
1.452443002563e-04
1.447580321496e-04
1.532092530283e-04
1.527168631696e-04
1.522247011962e-04
1.517322725135e-04
1.512395252803e-04
1.507461745973e-04
1.502510465912e-04
1.497522723071e-04
1.492480833463e-04
1.487378012826e-04
1.573801511086e-04
1.568501772908e-04
1.563186180533e-04
1.557860474577e-04
1.552514037257e-04
1.547125161778e-04
1.541673034353e-04
1.536148280934e-04
1.530554235387e-04
1.524902064034e-04
1.616476646404e-04
1.610617938468e-04
1.604714761356e-04
1.598771775662e-04
1.592803409949e-04
1.586833009242e-04
1.580883857741e-04
1.574966606199e-04
1.569073755263e-04
1.563182373161e-04
1.657078585708e-04
1.651016536357e-04
1.644920566832e-04
1.638810904865e-04
1.632711690718e-04
1.626639547112e-04
1.620598395675e-04
1.614582591287e-04
1.608585528174e-04
1.602606609481e-04
1.696611347484e-04
1.690573062092e-04
1.684553571977e-04
1.678534642906e-04
1.672493784781e-04
1.666414641477e-04
1.660296929344e-04
1.654157936173e-04
1.648023998087e-04
1.641917909865e-04
1.736815107733e-04
1.730658387942e-04
1.724513115278e-04
1.718362363476e-04
1.712197944244e-04
1.706022872554e-04
1.699845594771e-04
1.693673998489e-04
1.687510530246e-04
1.681353972458e-04
1.778764490155e-04
1.772495692762e-04
1.766248835224e-04
1.760037238796e-04
1.753870180323e-04
1.747747190848e-04
1.741658722381e-04
1.735589946747e-04
1.729527953103e-04
1.723467865418e-04
1.824910934829e-04
1.818741890247e-04
1.812604299971e-04
1.806506551247e-04
1.800449538791e-04
1.794427575987e-04
1.788431784462e-04
1.782454741033e-04
1.776493761554e-04
1.770550755396e-04
1.878002113926e-04
1.871980162491e-04
1.865984852429e-04
1.860012292809e-04
1.854056968114e-04
1.848115310281e-04
1.842188635237e-04
1.836282827981e-04
1.830404920611e-04
1.824558511885e-04
1.937084030033e-04
1.931170600642e-04
1.925267155798e-04
1.919365649314e-04
1.913463963206e-04
1.907564762291e-04
1.901671138853e-04
1.895781476264e-04
1.889887212201e-04
1.883974036900e-04
1.998587384264e-04
1.992496997332e-04
1.986362000821e-04
1.980186671631e-04
1.973974883640e-04
1.967726702219e-04
1.961435217481e-04
1.955088523573e-04
1.948673888705e-04
1.942180456922e-04
2.058567886252e-04
2.051799460219e-04
2.044939748771e-04
2.037988955976e-04
2.030949364666e-04
2.023825671813e-04
2.016625457486e-04
2.009356924191e-04
2.002026237165e-04
1.994636568270e-04
2.114888989695e-04
2.107271120053e-04
2.099594499896e-04
2.091861735494e-04
2.084076429583e-04
2.076241120221e-04
2.068357680400e-04
2.060430746269e-04
2.052471720049e-04
2.044499452722e-04
2.169434339976e-04
2.161387208730e-04
2.153380396521e-04
2.145408844854e-04
2.137458138236e-04
2.129515241336e-04
2.121577999219e-04
2.113659454608e-04
2.105781974251e-04
2.097965517578e-04
2.223702558695e-04
2.215907127265e-04
2.208166706055e-04
2.200478299983e-04
2.192854612986e-04
2.185320617514e-04
2.177900825586e-04
2.170603491436e-04
2.163415330187e-04
2.156306198344e-04
2.277091183487e-04
2.269968336464e-04
2.262902268058e-04
2.255921569372e-04
2.249049084071e-04
2.242285353873e-04
2.235605987266e-04
2.228974047966e-04
2.222361267741e-04
2.215761937236e-04
2.330949437237e-04
2.324320906268e-04
2.317739349564e-04
2.311177387355e-04
2.304586609512e-04
2.297919182297e-04
2.291148758218e-04
2.284277856575e-04
2.277327133697e-04
2.270313931945e-04
2.389217055452e-04
2.381927300235e-04
2.374494026185e-04
2.366885465790e-04
2.359096092164e-04
2.351143589294e-04
2.343052332776e-04
2.334831574444e-04
2.326467897547e-04
2.317932544997e-04
2.452922084331e-04
2.443865213877e-04
2.434640020397e-04
2.425290713290e-04
2.415854222590e-04
2.406345327586e-04
2.396755589871e-04
2.387069953897e-04
2.377284474733e-04
2.367417669689e-04
2.514881765592e-04
2.504811255903e-04
2.494758076068e-04
2.484729224079e-04
2.474723141290e-04
2.464744640065e-04
2.454814961652e-04
2.444967825568e-04
2.435235110738e-04
2.425631919891e-04
2.570087469280e-04
2.560575759389e-04
2.551153173158e-04
2.541821421573e-04
2.532601617418e-04
2.523523361333e-04
2.514608746651e-04
2.505862771613e-04
2.497275110045e-04
2.488832539598e-04
2.623960111805e-04
2.615696538442e-04
2.607588659203e-04
2.599636406444e-04
2.591823741227e-04
2.584123196243e-04
2.576510023005e-04
2.568977178043e-04
2.561539918133e-04
2.554228544227e-04
2.682209110958e-04
2.675126705753e-04
2.668190797976e-04
2.661370282908e-04
2.654636070929e-04
2.647972947898e-04
2.641382471893e-04
2.634873541183e-04
2.628450388897e-04
2.622105150181e-04
2.745555506749e-04
2.739247727845e-04
2.732995330916e-04
2.726817562007e-04
2.720741180156e-04
2.714783243505e-04
2.708939178433e-04
2.703182533992e-04
2.697475608215e-04
2.691788826041e-04
2.810034501977e-04
2.804310737474e-04
2.798638828949e-04
2.793042243638e-04
2.787529884358e-04
2.782094693430e-04
2.776723358124e-04
2.771406890929e-04
2.766147595707e-04
2.760955843542e-04
2.870482643402e-04
2.865361734052e-04
2.860287098088e-04
2.855228401586e-04
2.850161571359e-04
2.845081010037e-04
2.840000029209e-04
2.834941084870e-04
2.829918383327e-04
2.824926738754e-04
2.928766888886e-04
2.923666754668e-04
2.918507415757e-04
2.913276195500e-04
2.907974876507e-04
2.902608111981e-04
2.897170047049e-04
2.891639561540e-04
2.885987755690e-04
2.880191419194e-04
2.991428807491e-04
2.985255368344e-04
2.978964707268e-04
2.972567082793e-04
2.966054294120e-04
2.959402684155e-04
2.952589396727e-04
2.945608933942e-04
2.938477906014e-04
2.931227240310e-04
3.057444176306e-04
3.049920795206e-04
3.042300386937e-04
3.034565970097e-04
3.026714586554e-04
3.018768074412e-04
3.010768134004e-04
3.002757084687e-04
2.994758792170e-04
2.986771326050e-04
3.120707471567e-04
3.112597001405e-04
3.104477636953e-04
3.096381859109e-04
3.088348643701e-04
3.080400844624e-04
3.072533627915e-04
3.064720963835e-04
3.056937042629e-04
3.049178708352e-04
3.178779801374e-04
3.171079812887e-04
3.163508678767e-04
3.156069034844e-04
3.148731453280e-04
3.141452498312e-04
3.134201593866e-04
3.126978251657e-04
3.119809060763e-04
3.112727127359e-04
3.233367287407e-04
3.226400481253e-04
3.219491991331e-04
3.212611273398e-04
3.205749563335e-04
3.198924455319e-04
3.192164401753e-04
3.185485928725e-04
3.178877943810e-04
3.172304263899e-04
3.290978532391e-04
3.284296353172e-04
3.277593602320e-04
3.270903696375e-04
3.264263514779e-04
3.257690320311e-04
3.251171485203e-04
3.244671930247e-04
3.238153875600e-04
3.231594810700e-04
3.355483179917e-04
3.348785223807e-04
3.342073070485e-04
3.335347639108e-04
3.328596866936e-04
3.321806922258e-04
3.314974547379e-04
3.308113480784e-04
3.301248622165e-04
3.294401296898e-04
3.423707115644e-04
3.416808453949e-04
3.409880918070e-04
3.402893317457e-04
3.395831571424e-04
3.388704980125e-04
3.381539548286e-04
3.374366679054e-04
3.367209441762e-04
3.360078683272e-04
3.491337309924e-04
3.484178176905e-04
3.477049174307e-04
3.469953151125e-04
3.462888556669e-04
3.455842680751e-04
3.448794284395e-04
3.441721019612e-04
3.434612074784e-04
3.427475599551e-04
3.557668379131e-04
3.550465420403e-04
3.543307944938e-04
3.536196728078e-04
3.529116327172e-04
3.522045589648e-04
3.514968618106e-04
3.507879830522e-04
3.500777651766e-04
3.493655250395e-04
3.624887238516e-04
3.617576504098e-04
3.610189976939e-04
3.602733661978e-04
3.595236171350e-04
3.587735801602e-04
3.580259867135e-04
3.572808988110e-04
3.565356650483e-04
3.557866813253e-04
3.694495874242e-04
3.686803235041e-04
3.679081260657e-04
3.671360640283e-04
3.663653390618e-04
3.655945576497e-04
3.648210762890e-04
3.640432710768e-04
3.632624789134e-04
3.624827949693e-04
3.763046751146e-04
3.755307429287e-04
3.747636866365e-04
3.739991602743e-04
3.732326925387e-04
3.724625591985e-04
3.716907762055e-04
3.709216442189e-04
3.701586923626e-04
3.694023150160e-04
3.828926415395e-04
3.821314522838e-04
3.813679190898e-04
3.806035059597e-04
3.798423267654e-04
3.790883021111e-04
3.783423680375e-04
3.776017449013e-04
3.768615828221e-04
3.761181237110e-04
3.897380969420e-04
3.889822317547e-04
3.882303195155e-04
3.874850370380e-04
3.867458664786e-04
3.860098759105e-04
3.852742437971e-04
3.845384443935e-04
3.838046166607e-04
3.830759122820e-04
3.971262974005e-04
3.964021136085e-04
3.956797136198e-04
3.949555628537e-04
3.942285797507e-04
3.935009345355e-04
3.927765184244e-04
3.920585049286e-04
3.913473561852e-04
3.906408453531e-04
4.051671408547e-04
4.044541207122e-04
4.037408393742e-04
4.030288852732e-04
4.023194218234e-04
4.016116793082e-04
4.009031835039e-04
4.001913753200e-04
3.994756023076e-04
3.987579200952e-04
4.134101334898e-04
4.126903920110e-04
4.119761112520e-04
4.112648823025e-04
4.105527042384e-04
4.098362892933e-04
4.091144991207e-04
4.083882460009e-04
4.076591445710e-04
4.069278248835e-04
4.212871468781e-04
4.205372456454e-04
4.197808866593e-04
4.190183396418e-04
4.182512812463e-04
4.174814266662e-04
4.167088461031e-04
4.159313411378e-04
4.151451074677e-04
4.143464274762e-04
4.290813801617e-04
4.282433424123e-04
4.273928462908e-04
4.265319537353e-04
4.256616522866e-04
4.247817336136e-04
4.238913454628e-04
4.229900068253e-04
4.220781358413e-04
4.211569868176e-04
4.370135405907e-04
4.360670028518e-04
4.351135233946e-04
4.341529622138e-04
4.331856429758e-04
4.322128406216e-04
4.312367315720e-04
4.302599334665e-04
4.292847191891e-04
4.283125654752e-04
4.446745318205e-04
4.436995398009e-04
4.427285595057e-04
4.417621830157e-04
4.408014141291e-04
4.398473525953e-04
4.389006007273e-04
4.379610663818e-04
4.370278424517e-04
4.360995857269e-04
4.519191815575e-04
4.509867540605e-04
4.500556657945e-04
4.491246897373e-04
4.481921893671e-04
4.472561022908e-04
4.463141436872e-04
4.453643974784e-04
4.444054818578e-04
4.434363831933e-04
4.594193732714e-04
4.584147142737e-04
4.573934723453e-04
4.563521582099e-04
4.552877803690e-04
4.541988028564e-04
4.530852385756e-04
4.519480136196e-04
4.507877816877e-04
4.496042361666e-04
4.674425522353e-04
4.661948073021e-04
4.649204743714e-04
4.636206372766e-04
4.622973137884e-04
4.609521882344e-04
4.595856793799e-04
4.581969027413e-04
4.567848543502e-04
4.553500307338e-04
4.754225186048e-04
4.739350006275e-04
4.724363225819e-04
4.709290458322e-04
4.694130433904e-04
4.678863367644e-04
4.663471510753e-04
4.647956643566e-04
4.632345545019e-04
4.616679003107e-04
4.827754819985e-04
4.811876027588e-04
4.795991276296e-04
4.780093059935e-04
4.764185028421e-04
4.748288760084e-04
4.732436204335e-04
4.716652292700e-04
4.700940773432e-04
4.685283286676e-04
4.894824378425e-04
4.879021960846e-04
4.863245330853e-04
4.847529198742e-04
4.831915642853e-04
4.816435562134e-04
4.801097198879e-04
4.785889732943e-04
4.770795776494e-04
4.755803852277e-04
4.958083050610e-04
4.943126110675e-04
4.928278624448e-04
4.913533342119e-04
4.898877378992e-04
4.884302130108e-04
4.869810319974e-04
4.855417861336e-04
4.841144451575e-04
4.827002447314e-04
5.023041847494e-04
5.008982609525e-04
4.995009646791e-04
4.981101650969e-04
4.967247156742e-04
4.953443105933e-04
4.939690719539e-04
4.925989712774e-04
4.912338601457e-04
4.898739155124e-04
5.093946293186e-04
5.080347368107e-04
5.066845494071e-04
5.053452098309e-04
5.040166176968e-04
5.026973225313e-04
5.013854694198e-04
5.000797881394e-04
4.987805487531e-04
4.974895412033e-04
5.166394517460e-04
5.153603643748e-04
5.140957260323e-04
5.128454972123e-04
5.116091209629e-04
5.103864203875e-04
5.091781265492e-04
5.079855827148e-04
5.068097173080e-04
5.056501277068e-04
5.237426595954e-04
5.225972454355e-04
5.214605608330e-04
5.203322655802e-04
5.192143457862e-04
5.181100642062e-04
5.170218421995e-04
5.159494240843e-04
5.148895665457e-04
5.138373521731e-04
5.313278755921e-04
5.302695468572e-04
5.292143028441e-04
5.281645191531e-04
5.271213406104e-04
5.260832732006e-04
5.250466003872e-04
5.240077996973e-04
5.229659028601e-04
5.219234491847e-04
5.398810919814e-04
5.388390353573e-04
5.378042565667e-04
5.367719965079e-04
5.357354970101e-04
5.346896575134e-04
5.336338776942e-04
5.325722286784e-04
5.315106653256e-04
5.304533817139e-04
5.489500325666e-04
5.478874301730e-04
5.468214985740e-04
5.457506695734e-04
5.446773039353e-04
5.436058604005e-04
5.425396150258e-04
5.414778246404e-04
5.404156642044e-04
5.393470928539e-04
5.575508646984e-04
5.564545099901e-04
5.553564009801e-04
5.542638538714e-04
5.531814084065e-04
5.521088575051e-04
5.510423740134e-04
5.499777171849e-04
5.489133109791e-04
5.478510077523e-04
5.643774489386e-04
5.633194724055e-04
5.622694540648e-04
5.612244102622e-04
5.601812478062e-04
5.591394577209e-04
5.581020766954e-04
5.570742006853e-04
5.560600697549e-04
5.550606219344e-04
5.695681755924e-04
5.685780216709e-04
5.675902696112e-04
5.666029624649e-04
5.656165306505e-04
5.646321650374e-04
5.636498814852e-04
5.626677433952e-04
5.616827721155e-04
5.606924822246e-04
5.749524989938e-04
5.739425744196e-04
5.729290757586e-04
5.719117372109e-04
5.708879600093e-04
5.698535397869e-04
5.688044596468e-04
5.677384287992e-04
5.666554503705e-04
5.655569929672e-04
5.814687381189e-04
5.803327358080e-04
5.791820551622e-04
5.780155070170e-04
5.768327714009e-04
5.756348194836e-04
5.744234483700e-04
5.732001567935e-04
5.719652393736e-04
5.707177163572e-04
5.886135039077e-04
5.873262542195e-04
5.860251175136e-04
5.847124895695e-04
5.833912081243e-04
5.820633933808e-04
5.807296747093e-04
5.793893860755e-04
5.780414053902e-04
5.766851366502e-04
5.956891154142e-04
5.943060994582e-04
5.929176346626e-04
5.915241324033e-04
5.901250758598e-04
5.887196830372e-04
5.873077532783e-04
5.858903134026e-04
5.844694448456e-04
5.830473726860e-04
6.025461182162e-04
6.011104060235e-04
5.996728919513e-04
5.982318732549e-04
5.967867315917e-04
5.953384259669e-04
5.938891719666e-04
5.924412790819e-04
5.909962836199e-04
5.895546372017e-04
6.093707482364e-04
6.079231158083e-04
6.064813659918e-04
6.050478623365e-04
6.036244440111e-04
6.022112445407e-04
6.008065278138e-04
5.994077004630e-04
5.980128541410e-04
5.966221363565e-04
6.163348041355e-04
6.149464945224e-04
6.135695335274e-04
6.122042267407e-04
6.108493868169e-04
6.095035933527e-04
6.081665921442e-04
6.068394250178e-04
6.055234571818e-04
6.042187067692e-04
6.233873223209e-04
6.220840048172e-04
6.207824431499e-04
6.194813391289e-04
6.181824435316e-04
6.168896339318e-04
6.156067072425e-04
6.143353057837e-04
6.130744739608e-04
6.118216850837e-04
6.304892842763e-04
6.292347472368e-04
6.279873351218e-04
6.267484190516e-04
6.255176110699e-04
6.242922034403e-04
6.230682387240e-04
6.218427232056e-04
6.206153700532e-04
6.193889079213e-04
6.376764914080e-04
6.364496876472e-04
6.352313968137e-04
6.340189212892e-04
6.328081037168e-04
6.315952228420e-04
6.303783020485e-04
6.291570634858e-04
6.279316754672e-04
6.267014690593e-04
6.452347470258e-04
6.439761730803e-04
6.427068016706e-04
6.414270608843e-04
6.401394595059e-04
6.388475697463e-04
6.375543928812e-04
6.362609973394e-04
6.349662571665e-04
6.336674809404e-04
6.531751544117e-04
6.518497984871e-04
6.505162485269e-04
6.491765257124e-04
6.478335720317e-04
6.464902867265e-04
6.451489346659e-04
6.438108900397e-04
6.424771855791e-04
6.411490336973e-04
6.610056627778e-04
6.596829284717e-04
6.583706075389e-04
6.570683435712e-04
6.557739460504e-04
6.544841150458e-04
6.531958140386e-04
6.519078169731e-04
6.506212725981e-04
6.493390751530e-04
6.684715397682e-04
6.671945454286e-04
6.659251266683e-04
6.646601958096e-04
6.633962173623e-04
6.621305668659e-04
6.608620190036e-04
6.595901213018e-04
6.583140324778e-04
6.570319307571e-04
6.754436334973e-04
6.741318994159e-04
6.728094442110e-04
6.714779546542e-04
6.701400300244e-04
6.687976091371e-04
6.674507638991e-04
6.660976968078e-04
6.647357802763e-04
6.633629865860e-04
6.815147859811e-04
6.801085418147e-04
6.786922020865e-04
6.772663218726e-04
6.758311506019e-04
6.743872529569e-04
6.729361091971e-04
6.714799117731e-04
6.700206658934e-04
6.685588836035e-04
6.865727831951e-04
6.850896389778e-04
6.835979218067e-04
6.820972129162e-04
6.805889618136e-04
6.790754061399e-04
6.775582056093e-04
6.760375665067e-04
6.745129108481e-04
6.729843692597e-04
6.913231616750e-04
6.897835805830e-04
6.882501477889e-04
6.867249423976e-04
6.852070098375e-04
6.836932708438e-04
6.821810308111e-04
6.806704365090e-04
6.791653343043e-04
6.776719262120e-04
6.959200212577e-04
6.944538702669e-04
6.930082872714e-04
6.915819728874e-04
6.901748591872e-04
6.887894955980e-04
6.874302485471e-04
6.861009234740e-04
6.848022159147e-04
6.835311328359e-04
7.005189113443e-04
6.992799602585e-04
6.980590950434e-04
6.968592995804e-04
6.956851381119e-04
6.945396845595e-04
6.934226182125e-04
6.923302494783e-04
6.912575665297e-04
6.902007024792e-04
7.061887941973e-04
7.051525297470e-04
7.041310254294e-04
7.031224427010e-04
7.021227385735e-04
7.011270034809e-04
7.001315878483e-04
6.991356301000e-04
6.981411083871e-04
6.971512340783e-04
7.132506959238e-04
7.122674990114e-04
7.112901454889e-04
7.103157912525e-04
7.093420231854e-04
7.083679202537e-04
7.073941283124e-04
7.064220285997e-04
7.054528458639e-04
7.044870035315e-04
7.206280610603e-04
7.196611088034e-04
7.186979158860e-04
7.177401487866e-04
7.167901408707e-04
7.158501356344e-04
7.149212653417e-04
7.140030844539e-04
7.130936551789e-04
7.121903681764e-04
7.275653265992e-04
7.266622293400e-04
7.257623107080e-04
7.248666844930e-04
7.239763801863e-04
7.230916095295e-04
7.222116129242e-04
7.213351530027e-04
7.204612252281e-04
7.195894756364e-04
7.344463947447e-04
7.335732599358e-04
7.327016347176e-04
7.318297673464e-04
7.309555113579e-04
7.300773358452e-04
7.291950335571e-04
7.283097428967e-04
7.274233124122e-04
7.265372006486e-04
7.415960712933e-04
7.407047480683e-04
7.398121772439e-04
7.389171525460e-04
7.380188795878e-04
7.371169737098e-04
7.362110474673e-04
7.353005229902e-04
7.343847602783e-04
7.334634158838e-04
7.491392292422e-04
7.482012591709e-04
7.472592229192e-04
7.463131495342e-04
7.453620455067e-04
7.444041206668e-04
7.434372013222e-04
7.424593929386e-04
7.414692794896e-04
7.404659440340e-04
7.569458591092e-04
7.559079551811e-04
7.548569673190e-04
7.537941041278e-04
7.527208911711e-04
7.516386145880e-04
7.505476297638e-04
7.494471290102e-04
7.483354004876e-04
7.472105812099e-04
7.643540461686e-04
7.631920103677e-04
7.620160381521e-04
7.608271633899e-04
7.596264873655e-04
7.584152100435e-04
7.571949109888e-04
7.559676438404e-04
7.547354634880e-04
7.534996125287e-04
7.709537953815e-04
7.696984402514e-04
7.684341222216e-04
7.671584144759e-04
7.658704858500e-04
7.645713367879e-04
7.632630163812e-04
7.619475406955e-04
7.606260604689e-04
7.592988789042e-04
7.771766356086e-04
7.758295958524e-04
7.744791527671e-04
7.731264911968e-04
7.717718147546e-04
7.704139183033e-04
7.690508476230e-04
7.676812214186e-04
7.663054918225e-04
7.649261681308e-04
7.831179781874e-04
7.817333633398e-04
7.803544120293e-04
7.789815614956e-04
7.776144060472e-04
7.762528143189e-04
7.748975854724e-04
7.735500252011e-04
7.722112440547e-04
7.708813614613e-04
7.887055004403e-04
7.873829081291e-04
7.860673676419e-04
7.847597704540e-04
7.834615810225e-04
7.821738225289e-04
7.808963418370e-04
7.796277033663e-04
7.783659388565e-04
7.771094289524e-04
7.946184669549e-04
7.933631520700e-04
7.921115426370e-04
7.908627189863e-04
7.896154347691e-04
7.883686162131e-04
7.871220652760e-04
7.858763548256e-04
7.846324176626e-04
7.833906731776e-04
8.012381458684e-04
7.999912608057e-04
7.987442826334e-04
7.974973615319e-04
7.962516145881e-04
7.950084321919e-04
7.937686239643e-04
7.925320278446e-04
7.912979482398e-04
7.900661633471e-04
8.085210943136e-04
8.072896301883e-04
8.060660579758e-04
8.048516789927e-04
8.036459678351e-04
8.024468139070e-04
8.012516255462e-04
8.000585180525e-04
7.988668455141e-04
7.976767359423e-04
8.168223862413e-04
8.156247441775e-04
8.144255727416e-04
8.132228260251e-04
8.120153426034e-04
8.108031872780e-04
8.095870755369e-04
8.083671461350e-04
8.071419800331e-04
8.059083655212e-04
8.265201326481e-04
8.252465656255e-04
8.239543516879e-04
8.226431688172e-04
8.213139890927e-04
8.199682125110e-04
8.186069236444e-04
8.172306323218e-04
8.158394167594e-04
8.144332434767e-04
8.366768322503e-04
8.352274807066e-04
8.337617830421e-04
8.322784221377e-04
8.307758553201e-04
8.292527685967e-04
8.277086170665e-04
8.261437118335e-04
8.245591268405e-04
8.229563166537e-04
8.459968035481e-04
8.443477450442e-04
8.426830679014e-04
8.410020766974e-04
8.393030785783e-04
8.375837809353e-04
8.358419137835e-04
8.340759245016e-04
8.322855927645e-04
8.304721359877e-04
8.543329356598e-04
8.524655513042e-04
8.505814382715e-04
8.486816898881e-04
8.467668898788e-04
8.448377257082e-04
8.428954954525e-04
8.409421911892e-04
8.389801417366e-04
8.370115537559e-04
8.618907247069e-04
8.599001517382e-04
8.579090347780e-04
8.559208110341e-04
8.539400398035e-04
8.519717361537e-04
8.500202969230e-04
8.480884936830e-04
8.461772237069e-04
8.442861395679e-04
8.688880114391e-04
8.670248650446e-04
8.651841648657e-04
8.633687197062e-04
8.615809792332e-04
8.598219812939e-04
8.580909718603e-04
8.563859203718e-04
8.547047013394e-04
8.530459570011e-04
8.762849620325e-04
8.746607235253e-04
8.730572905620e-04
8.714716906297e-04
8.698995155783e-04
8.683360501891e-04
8.667778065501e-04
8.652232934878e-04
8.636726564077e-04
8.621264026942e-04
8.849111006271e-04
8.833610116881e-04
8.818087062537e-04
8.802508160102e-04
8.786855698304e-04
8.771131616072e-04
8.755348501950e-04
8.739514821627e-04
8.723622494813e-04
8.707647914434e-04
8.943808286404e-04
8.927499563924e-04
8.911070201520e-04
8.894546253373e-04
8.877959220399e-04
8.861332678407e-04
8.844673037061e-04
8.827973851453e-04
8.811224549277e-04
8.794421443667e-04
9.040985955835e-04
9.023984181340e-04
9.006945213059e-04
8.989864809337e-04
8.972732665598e-04
8.955542300555e-04
8.938296626297e-04
8.921010617655e-04
8.903707864647e-04
8.886411015965e-04
9.138782839955e-04
9.121426114120e-04
9.104102260835e-04
9.086806923051e-04
9.069532129615e-04
9.052268170535e-04
9.035007582270e-04
9.017750775229e-04
9.000511400359e-04
8.983315006503e-04
9.230178221173e-04
9.213039670044e-04
9.196008516597e-04
9.179078519423e-04
9.162237386136e-04
9.145478907726e-04
9.128809205663e-04
9.112241617117e-04
9.095784551505e-04
9.079429200369e-04
9.309713292396e-04
9.293369315628e-04
9.277057811801e-04
9.260787195444e-04
9.244582459473e-04
9.228463307522e-04
9.212423585723e-04
9.196423868616e-04
9.180405986058e-04
9.164321171511e-04
9.386794555439e-04
9.370449757284e-04
9.354073564509e-04
9.337687349102e-04
9.321281372081e-04
9.304818693749e-04
9.288257986668e-04
9.271579707502e-04
9.254795589300e-04
9.237935822739e-04
9.465628133967e-04
9.448558581084e-04
9.431404488964e-04
9.414133798487e-04
9.396740344414e-04
9.379256998159e-04
9.361744312741e-04
9.344260617468e-04
9.326834628496e-04
9.309455911080e-04
9.540955839498e-04
9.523479796485e-04
9.505989610830e-04
9.488512139342e-04
9.471083511130e-04
9.453725385242e-04
9.436435968269e-04
9.419198785281e-04
9.402004383787e-04
9.384865853690e-04
9.611043621476e-04
9.594027465596e-04
9.577156888554e-04
9.560418501451e-04
9.543777860017e-04
9.527200211892e-04
9.510669802353e-04
9.494194372337e-04
9.477791855943e-04
9.461473130727e-04
9.678816878136e-04
9.662536550650e-04
9.646297105519e-04
9.630096932938e-04
9.613950056746e-04
9.597874152405e-04
9.581874285232e-04
9.565936557578e-04
9.550033963706e-04
9.534141557879e-04
9.751073410484e-04
9.735079935922e-04
9.719096925096e-04
9.703121179427e-04
9.687134049727e-04
9.671109197598e-04
9.655027215558e-04
9.638886318726e-04
9.622700463296e-04
9.606486946154e-04
9.830710238248e-04
9.814326244282e-04
9.797886553429e-04
9.781373591409e-04
9.764783359287e-04
9.748125193028e-04
9.731409215874e-04
9.714634401234e-04
9.697784973355e-04
9.680840099691e-04
9.912952024820e-04
9.895684431740e-04
9.878348228654e-04
9.860975944775e-04
9.843589497223e-04
9.826192010678e-04
9.808773600071e-04
9.791325235824e-04
9.773847892802e-04
9.756355018453e-04
9.988994297032e-04
9.971393246246e-04
9.953790132613e-04
9.936168555100e-04
9.918516453808e-04
9.900835236749e-04
9.883139883300e-04
9.865450324469e-04
9.847779351730e-04
9.830126104475e-04
1.006105916417e-03
1.004330070543e-03
1.002552452462e-03
1.000772734926e-03
9.989907266004e-04
9.972058376206e-04
9.954169810271e-04
9.936230008520e-04
9.918233416784e-04
9.900184237495e-04
1.013608817289e-03
1.011787187338e-03
1.009964013463e-03
1.008140078739e-03
1.006316203075e-03
1.004493651408e-03
1.002673975506e-03
1.000858621069e-03
9.990482719218e-04
9.972429668323e-04
1.021168159980e-03
1.019364112949e-03
1.017568312989e-03
1.015784077708e-03
1.014014613759e-03
1.012261801122e-03
1.010525847846e-03
1.008806017069e-03
1.007101869334e-03
1.005414181066e-03
1.028368929383e-03
1.026710393717e-03
1.025071611878e-03
1.023450658522e-03
1.021844639411e-03
1.020251412342e-03
1.018670835322e-03
1.017104595519e-03
1.015554667674e-03
1.014021340438e-03
1.035179061546e-03
1.033661108806e-03
1.032148413231e-03
1.030638339614e-03
1.029130878408e-03
1.027627710300e-03
1.026130283151e-03
1.024638345712e-03
1.023149836158e-03
1.021662141227e-03
1.041704095883e-03
1.040206074435e-03
1.038709776310e-03
1.037216789996e-03
1.035727029603e-03
1.034238439217e-03
1.032748098282e-03
1.031253955830e-03
1.029756096898e-03
1.028256640836e-03
1.047977094458e-03
1.046472195981e-03
1.044971664612e-03
1.043474556013e-03
1.041979174431e-03
1.040483975942e-03
1.038988010180e-03
1.037490723093e-03
1.035991547724e-03
1.034489663539e-03
1.054598953829e-03
1.053079070232e-03
1.051554721300e-03
1.050025916243e-03
1.048492576501e-03
1.046954404444e-03
1.045410842551e-03
1.043861348421e-03
1.042305425187e-03
1.040742456155e-03
1.061721479630e-03
1.060131895542e-03
1.058530775595e-03
1.056917002472e-03
1.055290928718e-03
1.053654407372e-03
1.052009856153e-03
1.050358914540e-03
1.048701474758e-03
1.047035714123e-03
1.068399464657e-03
1.066702703952e-03
1.064994476508e-03
1.063276956188e-03
1.061552380065e-03
1.059821578053e-03
1.058083364626e-03
1.056335430803e-03
1.054576045988e-03
1.052805441645e-03
1.074079557327e-03
1.072285421742e-03
1.070487263291e-03
1.068684708571e-03
1.066875328604e-03
1.065056483071e-03
1.063227160898e-03
1.061389102517e-03
1.059546098418e-03
1.057702169817e-03
1.079141332241e-03
1.077291312413e-03
1.075441783655e-03
1.073591871375e-03
1.071742602448e-03
1.069897218713e-03
1.068060140256e-03
1.066235119879e-03
1.064424133574e-03
1.062627141721e-03
1.084025923831e-03
1.082245936743e-03
1.080481139923e-03
1.078735113197e-03
1.077011912571e-03
1.075314353443e-03
1.073643138056e-03
1.071996992607e-03
1.070373830430e-03
1.068772169219e-03
1.088980206305e-03
1.087413885728e-03
1.085871299267e-03
1.084352227963e-03
1.082854610559e-03
1.081375055321e-03
1.079910162105e-03
1.078457903759e-03
1.077018097476e-03
1.075591708229e-03
1.094436013943e-03
1.093028390187e-03
1.091630700444e-03
1.090238563222e-03
1.088848081736e-03
1.087457152380e-03
1.086065787888e-03
1.084675156051e-03
1.083286075129e-03
1.081898051666e-03
1.100224558400e-03
1.098825862755e-03
1.097425100681e-03
1.096024199740e-03
1.094626027623e-03
1.093232798837e-03
1.091844624227e-03
1.090459536385e-03
1.089074876404e-03
1.087689213307e-03
1.105647054089e-03
1.104256724432e-03
1.102872651074e-03
1.101496680690e-03
1.100128513372e-03
1.098766586608e-03
1.097409725162e-03
1.096058466715e-03
1.094714650378e-03
1.093379939960e-03
1.110679851649e-03
1.109353002619e-03
1.108028330805e-03
1.106702966467e-03
1.105376861290e-03
1.104052651385e-03
1.102733713026e-03
1.101421703083e-03
1.100115234749e-03
1.098810712392e-03
1.115851300028e-03
1.114535651482e-03
1.113218746525e-03
1.111903276069e-03
1.110590638461e-03
1.109279351965e-03
1.107965864890e-03
1.106646897767e-03
1.105321988575e-03
1.103994100276e-03
1.120731525532e-03
1.119403389794e-03
1.118079550054e-03
1.116755887665e-03
1.115427321167e-03
1.114091017598e-03
1.112747970410e-03
1.111402008519e-03
1.110056735172e-03
1.108712812140e-03
1.124726824969e-03
1.123368562787e-03
1.122002135560e-03
1.120628745809e-03
1.119252455283e-03
1.117877281558e-03
1.116504034314e-03
1.115129499567e-03
1.113748400144e-03
1.112356920032e-03
1.128227493098e-03
1.126812443374e-03
1.125397578221e-03
1.123986282153e-03
1.122577758167e-03
1.121168082818e-03
1.119753614432e-03
1.118333912302e-03
1.116912472753e-03
1.115494353883e-03
1.131487562304e-03
1.130072489843e-03
1.128657815400e-03
1.127238115146e-03
1.125810871940e-03
1.124378022325e-03
1.122944185965e-03
1.121513126748e-03
1.120084540219e-03
1.118653621802e-03
1.135096360201e-03
1.133632858341e-03
1.132153482274e-03
1.130660378180e-03
1.129156257491e-03
1.127640961727e-03
1.126110220639e-03
1.124556987463e-03
1.122974893406e-03
1.121361270350e-03
1.139323467555e-03
1.137644796927e-03
1.135943680879e-03
1.134220002314e-03
1.132470277298e-03
1.130689922775e-03
1.128876275402e-03
1.127030226598e-03
1.125155825036e-03
1.123257893937e-03
1.143143990646e-03
1.141194349771e-03
1.139223007726e-03
1.137229155006e-03
1.135214536760e-03
1.133184149751e-03
1.131144729868e-03
1.129102307686e-03
1.127060178248e-03
1.125018469793e-03
1.146007930231e-03
1.143949781863e-03
1.141888830603e-03
1.139827848988e-03
1.137771079641e-03
1.135722471076e-03
1.133684191757e-03
1.131656248276e-03
1.129637397980e-03
1.127626447783e-03
1.148875759327e-03
1.146870411276e-03
1.144875132638e-03
1.142889677226e-03
1.140911707978e-03
1.138937312703e-03
1.136962569205e-03
1.134985357169e-03
1.133006263956e-03
1.131028147370e-03
1.152623652558e-03
1.150645672737e-03
1.148672888235e-03
1.146702159645e-03
1.144729568068e-03
1.142752273267e-03
1.140769372228e-03
1.138781610052e-03
1.136790182670e-03
1.134795862924e-03
1.156700361150e-03
1.154690837495e-03
1.152680488985e-03
1.150672152619e-03
1.148669028453e-03
1.146673175469e-03
1.144684357882e-03
1.142700071910e-03
1.140717064175e-03
1.138733167807e-03
1.160272956724e-03
1.158279802553e-03
1.156291633492e-03
1.154311305299e-03
1.152340469162e-03
1.150379962496e-03
1.148430637102e-03
1.146493684132e-03
1.144570105282e-03
1.142659385380e-03
1.163307714990e-03
1.161403144806e-03
1.159500306869e-03
1.157597602571e-03
1.155697099705e-03
1.153803602847e-03
1.151922051406e-03
1.150054869242e-03
1.148200756347e-03
1.146355659216e-03
1.166654627127e-03
1.164806517977e-03
1.162960018860e-03
1.161115386310e-03
1.159271420477e-03
1.157424511518e-03
1.155569732134e-03
1.153703503007e-03
1.151826061061e-03
1.149941690244e-03
1.170852749397e-03
1.168960295274e-03
1.167069388885e-03
1.165173586912e-03
1.163264101081e-03
1.161334181347e-03
1.159381999912e-03
1.157410672192e-03
1.155425392540e-03
1.153429766816e-03
1.175108855705e-03
1.173079157581e-03
1.171033257094e-03
1.168971614618e-03
1.166898779786e-03
1.164821215809e-03
1.162743486930e-03
1.160665355826e-03
1.158581746267e-03
1.156485802994e-03
1.178213073558e-03
1.176074909779e-03
1.173927741661e-03
1.171779547747e-03
1.169635535575e-03
1.167495646484e-03
1.165355291732e-03
1.163208981836e-03
1.161054110241e-03
1.158892673118e-03
1.180302105979e-03
1.178130595179e-03
1.175960006435e-03
1.173784200034e-03
1.171594618711e-03
1.169384672323e-03
1.167153044321e-03
1.164903752397e-03
1.162642821839e-03
1.160373982827e-03
1.182917708320e-03
1.180614335226e-03
1.178290349912e-03
1.175943242401e-03
1.173575634084e-03
1.171193315315e-03
1.168801191284e-03
1.166399833096e-03
1.163985099197e-03
1.161551416487e-03
1.186441839820e-03
1.183957311412e-03
1.181465042634e-03
1.178976243295e-03
1.176498786322e-03
1.174034528105e-03
1.171580668199e-03
1.169133919575e-03
1.166694643530e-03
1.164268133778e-03
1.189190761636e-03
1.186799643619e-03
1.184437238123e-03
1.182101024142e-03
1.179788023478e-03
1.177498784273e-03
1.175239281622e-03
1.173018492409e-03
1.170843696343e-03
1.168716086283e-03
1.190451291905e-03
1.188387307877e-03
1.186349221371e-03
1.184335814287e-03
1.182351574926e-03
1.180402956095e-03
1.178493675923e-03
1.176622277114e-03
1.174783371994e-03
1.172971553046e-03
1.191279734314e-03
1.189511301618e-03
1.187773983702e-03
1.186068445747e-03
1.184390205083e-03
1.182731006281e-03
1.181083175879e-03
1.179444031436e-03
1.177817473945e-03
1.176211322331e-03
1.192090587438e-03
1.190531421287e-03
1.188995974360e-03
1.187476024938e-03
1.185964330887e-03
1.184457812371e-03
1.182957272704e-03
1.181464487615e-03
1.179978915332e-03
1.178496528553e-03
1.193354894667e-03
1.191854536046e-03
1.190348077500e-03
1.188839412578e-03
1.187332732115e-03
1.185828691632e-03
1.184322435051e-03
1.182805105714e-03
1.181267598270e-03
1.179704498043e-03
1.195587865027e-03
1.193967381710e-03
1.192327872673e-03
1.190670292146e-03
1.188992576829e-03
1.187291654048e-03
1.185566143477e-03
1.183817870697e-03
1.182050936507e-03
1.180269204497e-03
1.198239573966e-03
1.196419606060e-03
1.194580660751e-03
1.192720852828e-03
1.190841888501e-03
1.188948953541e-03
1.187048324823e-03
1.185144447959e-03
1.183238084138e-03
1.181326994242e-03
1.200735412965e-03
1.198799456233e-03
1.196858317030e-03
1.194917263547e-03
1.192981116446e-03
1.191051721833e-03
1.189126915733e-03
1.187201973210e-03
1.185272269993e-03
1.183335643191e-03
1.203211129337e-03
1.201254651050e-03
1.199294947924e-03
1.197330013440e-03
1.195355347022e-03
1.193366315590e-03
1.191360978567e-03
1.189341358497e-03
1.187312281445e-03
1.185278140611e-03
1.205801277024e-03
1.203744161103e-03
1.201671061040e-03
1.199575305009e-03
1.197454704823e-03
1.195312800576e-03
1.193157057628e-03
1.190994782576e-03
1.188829875332e-03
1.186661898657e-03
1.207613118368e-03
1.205423328202e-03
1.203230762712e-03
1.201042721902e-03
1.198867251787e-03
1.196709247040e-03
1.194568758137e-03
1.192442553418e-03
1.190328038149e-03
1.188227216460e-03
1.207553618485e-03
1.205496257967e-03
1.203479161177e-03
1.201505305289e-03
1.199571549819e-03
1.197671907903e-03
1.195802305119e-03
1.193963905735e-03
1.192162826499e-03
1.190406686192e-03
1.206320234985e-03
1.204653254035e-03
1.203029562248e-03
1.201442568117e-03
1.199888044653e-03
1.198365451330e-03
1.196876100380e-03
1.195420051658e-03
1.193993632228e-03
1.192589755021e-03
1.206228404499e-03
1.204840619550e-03
1.203463060222e-03
1.202099168893e-03
1.200752195928e-03
1.199421688113e-03
1.198101962643e-03
1.196783456805e-03
1.195456105791e-03
1.194112532630e-03
1.207966545053e-03
1.206575955791e-03
1.205166567445e-03
1.203738420145e-03
1.202290487129e-03
1.200821777218e-03
1.199332648866e-03
1.197825015254e-03
1.196301252264e-03
1.194762221701e-03
1.210226096987e-03
1.208640653431e-03
1.207027711132e-03
1.205383580896e-03
1.203708241405e-03
1.202005351161e-03
1.200280543003e-03
1.198539173743e-03
1.196784599585e-03
1.195017868156e-03
1.212077703713e-03
1.210278904068e-03
1.208468303901e-03
1.206646972548e-03
1.204815182291e-03
1.202971566329e-03
1.201113290051e-03
1.199237592800e-03
1.197343699062e-03
1.195433857447e-03
1.213568329604e-03
1.211632563638e-03
1.209692620307e-03
1.207747276396e-03
1.205792491476e-03
1.203824080619e-03
1.201840517126e-03
1.199843980316e-03
1.197839131407e-03
1.195830092570e-03
1.214923055215e-03
1.212895160336e-03
1.210857268688e-03
1.208807314470e-03
1.206747541517e-03
1.204684129846e-03
1.202624099221e-03
1.200571516051e-03
1.198525673544e-03
1.196482562477e-03
1.216202456931e-03
1.214148050394e-03
1.212100428120e-03
1.210068158684e-03
1.208057214455e-03
1.206067240219e-03
1.204091853594e-03
1.202122876066e-03
1.200155748165e-03
1.198192906827e-03
1.217430289955e-03
1.215489523645e-03
1.213573327391e-03
1.211678138361e-03
1.209795537648e-03
1.207917588772e-03
1.206041515843e-03
1.204170435358e-03
1.202309810367e-03
1.200462060467e-03
1.218853971523e-03
1.217006130844e-03
1.215150265068e-03
1.213283362176e-03
1.211409845496e-03
1.209538616820e-03
1.207677077559e-03
1.205826027274e-03
1.203978984108e-03
1.202126058729e-03
1.220683729855e-03
1.218796609294e-03
1.216902477495e-03
1.215009841530e-03
1.213124277285e-03
1.211245834327e-03
1.209370707898e-03
1.207495534459e-03
1.205621068777e-03
1.203752654135e-03
1.222204820237e-03
1.220358919113e-03
1.218527051094e-03
1.216702384397e-03
1.214877949394e-03
1.213051144305e-03
1.211225631891e-03
1.209409220507e-03
1.207609274957e-03
1.205828649972e-03
1.223849949440e-03
1.222090031604e-03
1.220334496679e-03
1.218580670695e-03
1.216829220198e-03
1.215081889086e-03
1.213338745515e-03
1.211596992960e-03
1.209852313650e-03
1.208101693521e-03
1.226700829363e-03
1.224937287475e-03
1.223178371333e-03
1.221428098120e-03
1.219686382967e-03
1.217949104785e-03
1.216210441044e-03
1.214465979274e-03
1.212715027691e-03
1.210960727008e-03
1.229937423545e-03
1.228184398144e-03
1.226439810523e-03
1.224703528294e-03
1.222974522079e-03
1.221252742312e-03
1.219540038562e-03
1.217839528749e-03
1.216153843643e-03
1.214483343631e-03
1.232539473335e-03
1.230883754602e-03
1.229233412005e-03
1.227588065547e-03
1.225950776416e-03
1.224326464865e-03
1.222719207874e-03
1.221129696319e-03
1.219554742136e-03
1.217989058887e-03
1.234922862182e-03
1.233359606431e-03
1.231801674976e-03
1.230252382356e-03
1.228713673584e-03
1.227184354263e-03
1.225660773741e-03
1.224139321039e-03
1.222619102293e-03
1.221102873899e-03
1.237647949040e-03
1.236147895895e-03
1.234660132070e-03
1.233180832969e-03
1.231704922304e-03
1.230229483497e-03
1.228755748002e-03
1.227288331449e-03
1.225832094065e-03
1.224388975970e-03
1.240913246079e-03
1.239483074016e-03
1.238056308352e-03
1.236633222106e-03
1.235217375097e-03
1.233812782516e-03
1.232420608517e-03
1.231037562434e-03
1.229657424801e-03
1.228274651794e-03
1.245202027576e-03
1.243807568471e-03
1.242414491969e-03
1.241024589547e-03
1.239635623165e-03
1.238242324121e-03
1.236839713158e-03
1.235426347137e-03
1.234004890421e-03
1.232579602345e-03
1.250078173484e-03
1.248641055781e-03
1.247191242214e-03
1.245720805230e-03
1.244225692915e-03
1.242707766551e-03
1.241172893344e-03
1.239626770598e-03
1.238071102307e-03
1.236502882762e-03
1.254803459176e-03
1.253191872024e-03
1.251560677247e-03
1.249914544076e-03
1.248257771181e-03
1.246590523465e-03
1.244907669161e-03
1.243201554416e-03
1.241466754664e-03
1.239703964245e-03
1.258939254171e-03
1.257139199822e-03
1.255335876579e-03
1.253531224108e-03
1.251721646497e-03
1.249901489530e-03
1.248067391259e-03
1.246220564724e-03
1.244365866796e-03
1.242508463633e-03
1.262197068911e-03
1.260331941978e-03
1.258462262285e-03
1.256587184969e-03
1.254710296735e-03
1.252839310098e-03
1.250982931936e-03
1.249147030023e-03
1.247332323658e-03
1.245534758198e-03
1.265332864477e-03
1.263548957297e-03
1.261773133592e-03
1.260009392922e-03
1.258262968008e-03
1.256537437087e-03
1.254833160317e-03
1.253147755676e-03
1.251477999688e-03
1.249821901467e-03
1.269729540866e-03
1.268096456783e-03
1.266478899879e-03
1.264875354479e-03
1.263281741160e-03
1.261692651951e-03
1.260103254992e-03
1.258510881428e-03
1.256915320198e-03
1.255317644734e-03
1.276078507942e-03
1.274470535634e-03
1.272855705736e-03
1.271229161432e-03
1.269586753949e-03
1.267926390824e-03
1.266248254069e-03
1.264553731232e-03
1.262843837992e-03
1.261118067646e-03
1.283397571058e-03
1.281626912260e-03
1.279833240062e-03
1.278015694254e-03
1.276174918814e-03
1.274312159580e-03
1.272428578375e-03
1.270524755228e-03
1.268600930587e-03
1.266657501844e-03
1.289991774399e-03
1.288004315199e-03
1.285999934396e-03
1.283978813262e-03
1.281940483864e-03
1.279884199278e-03
1.277809556882e-03
1.275716899329e-03
1.273607261226e-03
1.271482150457e-03
1.295358380105e-03
1.293198376175e-03
1.291027755997e-03
1.288847864544e-03
1.286659357902e-03
1.284461796445e-03
1.282253619934e-03
1.280032890577e-03
1.277798612762e-03
1.275551746971e-03
1.300484671219e-03
1.298214506676e-03
1.295944174785e-03
1.293676282160e-03
1.291411140016e-03
1.289147506554e-03
1.286884069941e-03
1.284620475019e-03
1.282357426703e-03
1.280095869106e-03
1.306284244720e-03
1.304017002212e-03
1.301751670667e-03
1.299490298550e-03
1.297237385415e-03
1.294998727758e-03
1.292779123162e-03
1.290579995725e-03
1.288398569500e-03
1.286229106313e-03
1.313017870132e-03
1.310849240383e-03
1.308684120488e-03
1.306525637062e-03
1.304377460485e-03
1.302241839994e-03
1.300119409564e-03
1.298010237406e-03
1.295915216133e-03
1.293836276204e-03
1.320191072466e-03
1.318139041359e-03
1.316099245855e-03
1.314064099802e-03
1.312025979871e-03
1.309980515202e-03
1.307928331926e-03
1.305874245077e-03
1.303824001297e-03
1.301780835206e-03
1.326947173709e-03
1.324903697537e-03
1.322855918261e-03
1.320799662722e-03
1.318733035305e-03
1.316655015899e-03
1.314563313599e-03
1.312452961145e-03
1.310317220202e-03
1.308150238913e-03
1.333073563501e-03
1.330833024497e-03
1.328565853157e-03
1.326275978840e-03
1.323963333618e-03
1.321623077786e-03
1.319247640822e-03
1.316830524047e-03
1.314369180193e-03
1.311865543414e-03
1.338670920973e-03
1.336083903880e-03
1.333461401543e-03
1.330800211463e-03
1.328096977943e-03
1.325351372543e-03
1.322567593718e-03
1.319753083465e-03
1.316915109157e-03
1.314057743571e-03
1.343776018246e-03
1.340864985707e-03
1.337930293460e-03
1.334974125882e-03
1.332002385709e-03
1.329022176492e-03
1.326038363800e-03
1.323051695636e-03
1.320059809814e-03
1.317060648489e-03
1.348327973176e-03
1.345311050102e-03
1.342304567459e-03
1.339316885037e-03
1.336351583745e-03
1.333406789684e-03
1.330477518309e-03
1.327559635456e-03
1.324652705591e-03
1.321759952248e-03
1.352011069287e-03
1.349145174913e-03
1.346299107979e-03
1.343470367715e-03
1.340658170307e-03
1.337865750941e-03
1.335099812138e-03
1.332367008445e-03
1.329669808285e-03
1.327004484608e-03
1.355265391624e-03
1.352628450775e-03
1.350003722905e-03
1.347393844014e-03
1.344805306985e-03
1.342244128921e-03
1.339712274671e-03
1.337207566849e-03
1.334726510038e-03
1.332268164163e-03
1.359385075318e-03
1.356972994358e-03
1.354594942541e-03
1.352248342300e-03
1.349925334466e-03
1.347616844726e-03
1.345318170820e-03
1.343032087789e-03
1.340767604347e-03
1.338534696060e-03
1.364703134925e-03
1.362531327345e-03
1.360386172905e-03
1.358259783672e-03
1.356149153708e-03
1.354057295771e-03
1.351990093781e-03
1.349951163718e-03
1.347938465074e-03
1.345945039020e-03
1.370590223587e-03
1.368609214239e-03
1.366641648360e-03
1.364695906659e-03
1.362778984344e-03
1.360891447746e-03
1.359026237083e-03
1.357172037387e-03
1.355319127811e-03
1.353464005149e-03
1.375998096876e-03
1.374142661689e-03
1.372297671367e-03
1.370460677549e-03
1.368623851931e-03
1.366777908174e-03
1.364916885564e-03
1.363040456908e-03
1.361152434811e-03
1.359256573949e-03
1.380888905828e-03
1.378962423701e-03
1.377011866623e-03
1.375028481050e-03
1.373008160442e-03
1.370952460491e-03
1.368866272117e-03
1.366753781781e-03
1.364615410353e-03
1.362447251950e-03
1.386379461223e-03
1.384128561597e-03
1.381839378382e-03
1.379516876796e-03
1.377167255839e-03
1.374794104549e-03
1.372396263832e-03
1.369968726522e-03
1.367505980909e-03
1.365006089998e-03
1.392485495160e-03
1.389916962580e-03
1.387332258730e-03
1.384737555327e-03
1.382134323705e-03
1.379520337366e-03
1.376892971734e-03
1.374252142739e-03
1.371601012522e-03
1.368944121737e-03
1.397988983058e-03
1.395315247919e-03
1.392634766944e-03
1.389945066592e-03
1.387247823232e-03
1.384550016780e-03
1.381861658444e-03
1.379191295371e-03
1.376542319633e-03
1.373912053850e-03
1.402123808759e-03
1.399505203722e-03
1.396894472862e-03
1.394295544060e-03
1.391713828014e-03
1.389152975321e-03
1.386613722673e-03
1.384095712979e-03
1.381600740160e-03
1.379134729916e-03
1.404788153081e-03
1.402396660751e-03
1.400051844314e-03
1.397748500892e-03
1.395477611936e-03
1.393231799113e-03
1.391009861777e-03
1.388817137411e-03
1.386661857453e-03
1.384549610975e-03
1.406677991611e-03
1.404639803923e-03
1.402634459509e-03
1.400660483455e-03
1.398721172791e-03
1.396821055380e-03
1.394960799701e-03
1.393134137004e-03
1.391329614648e-03
1.389536268562e-03
1.409623974268e-03
1.407841493460e-03
1.406079124649e-03
1.404344653224e-03
1.402638714694e-03
1.400954154519e-03
1.399280632825e-03
1.397611225570e-03
1.395946454068e-03
1.394292981331e-03
1.413517246817e-03
1.411896615821e-03
1.410291728860e-03
1.408693830967e-03
1.407096610762e-03
1.405500687326e-03
1.403913340084e-03
1.402343535403e-03
1.400795792335e-03
1.399267064187e-03
1.417179308703e-03
1.415657396876e-03
1.414135584525e-03
1.412618030315e-03
1.411111790219e-03
1.409620722654e-03
1.408141486422e-03
1.406664177125e-03
1.405177099514e-03
1.403672323875e-03
1.420868413675e-03
1.419322353172e-03
1.417763868972e-03
1.416192123827e-03
1.414601295153e-03
1.412983332159e-03
1.411332146517e-03
1.409645914293e-03
1.407925936121e-03
1.406173057603e-03
1.425175220163e-03
1.423336483981e-03
1.421445067308e-03
1.419494640402e-03
1.417484895967e-03
1.415421366971e-03
1.413312168950e-03
1.411163795126e-03
1.408978510369e-03
1.406754734205e-03
1.429694045896e-03
1.427379220672e-03
1.425023285265e-03
1.422629617650e-03
1.420201472058e-03
1.417740655370e-03
1.415247839986e-03
1.412724520208e-03
1.410174806836e-03
1.407605984582e-03
1.432872353746e-03
1.430283339005e-03
1.427697125052e-03
1.425114245762e-03
1.422532172512e-03
1.419947645786e-03
1.417359246830e-03
1.414768589882e-03
1.412180100317e-03
1.409599572696e-03
1.434229687902e-03
1.431671666865e-03
1.429133063652e-03
1.426615036962e-03
1.424118698651e-03
1.421645619757e-03
1.419197508028e-03
1.416775414668e-03
1.414378935067e-03
1.412006292810e-03
1.434592414853e-03
1.432254838960e-03
1.429940602407e-03
1.427654621466e-03
1.425403027042e-03
1.423190455853e-03
1.421018168685e-03
1.418883479232e-03
1.416781491173e-03
1.414707678236e-03
1.434818429516e-03
1.432790356944e-03
1.430791626319e-03
1.428823472679e-03
1.426884728801e-03
1.424972146594e-03
1.423082351835e-03
1.421213664514e-03
1.419366630955e-03
1.417542502850e-03
1.435356033539e-03
1.433565615400e-03
1.431787071283e-03
1.430013046331e-03
1.428238500864e-03
1.426462200527e-03
1.424685763936e-03
1.422911127293e-03
1.421137923387e-03
1.419362771060e-03
1.436148785842e-03
1.434348294310e-03
1.432535887034e-03
1.430713101911e-03
1.428881972629e-03
1.427042701550e-03
1.425192698605e-03
1.423327828149e-03
1.421445008191e-03
1.419544213661e-03
1.436309873156e-03
1.434376025600e-03
1.432434067112e-03
1.430483635431e-03
1.428522171182e-03
1.426547256074e-03
1.424559005443e-03
1.422560474396e-03
1.420555987636e-03
1.418548305423e-03
1.435368404486e-03
1.433342045232e-03
1.431303197819e-03
1.429249327941e-03
1.427181511701e-03
1.425103607346e-03
1.423019637741e-03
1.420931115206e-03
1.418836177663e-03
1.416730895130e-03
1.434429375422e-03
1.432289689888e-03
1.430137711225e-03
1.427976417347e-03
1.425807256737e-03
1.423628624650e-03
1.421436580529e-03
1.419227327631e-03
1.416999891887e-03
1.414757446014e-03
1.433937477316e-03
1.431677323467e-03
1.429418087980e-03
1.427159479078e-03
1.424898495770e-03
1.422632259676e-03
1.420360732084e-03
1.418087805916e-03
1.415820087402e-03
1.413564481254e-03
1.432958724308e-03
1.430731843413e-03
1.428522963010e-03
1.426332456788e-03
1.424163099159e-03
1.422020373923e-03
1.419910611048e-03
1.417838550083e-03
1.415805422482e-03
1.413809444500e-03
1.431165305632e-03
1.429231975692e-03
1.427336126824e-03
1.425484313074e-03
1.423683350254e-03
1.421937031466e-03
1.420244223766e-03
1.418599605586e-03
1.416996554610e-03
1.415430478801e-03
1.429686711674e-03
1.428188966145e-03
1.426732109906e-03
1.425316407108e-03
1.423938665937e-03
1.422593297605e-03
1.421274725544e-03
1.419979528009e-03
1.418706653396e-03
1.417455636556e-03
1.429923244189e-03
1.428699314602e-03
1.427481628980e-03
1.426262110556e-03
1.425035331067e-03
1.423799920587e-03
1.422557701176e-03
1.421310971466e-03
1.420059844236e-03
1.418800784620e-03
1.432106754692e-03
1.430805443022e-03
1.429477475881e-03
1.428120337607e-03
1.426733972210e-03
1.425319440273e-03
1.423877496507e-03
1.422408193832e-03
1.420911113655e-03
1.419386088685e-03
1.434868610772e-03
1.433282700816e-03
1.431669447754e-03
1.430027293054e-03
1.428353274321e-03
1.426643885623e-03
1.424896344986e-03
1.423109553230e-03
1.421284704634e-03
1.419424804908e-03
1.437065277116e-03
1.435139557771e-03
1.433187169937e-03
1.431207136818e-03
1.429196062986e-03
1.427148948778e-03
1.425060459610e-03
1.422926325915e-03
1.420744309996e-03
1.418514445277e-03
1.438831005260e-03
1.436505240235e-03
1.434139497974e-03
1.431736291693e-03
1.429297310835e-03
1.426823389806e-03
1.424314413953e-03
1.421769131298e-03
1.419185252644e-03
1.416559839242e-03
1.440177939685e-03
1.437455875475e-03
1.434690806661e-03
1.431887484216e-03
1.429052688138e-03
1.426193620091e-03
1.423316285866e-03
1.420424380399e-03
1.417519353197e-03
1.414601133604e-03
1.440799064369e-03
1.437844346015e-03
1.434876166115e-03
1.431895940925e-03
1.428905755574e-03
1.425908371118e-03
1.422907303947e-03
1.419906587671e-03
1.416910407045e-03
1.413922421250e-03
1.440869885698e-03
1.437895040397e-03
1.434931758752e-03
1.431979232507e-03
1.429036677280e-03
1.426103917368e-03
1.423181497046e-03
1.420270484118e-03
1.417372156652e-03
1.414487637760e-03
1.440693100790e-03
1.437829152678e-03
1.434980954457e-03
1.432148959339e-03
1.429333799081e-03
1.426536350834e-03
1.423757832413e-03
1.420999647394e-03
1.418263064579e-03
1.415548867612e-03
1.440220813379e-03
1.437541929874e-03
1.434883559000e-03
1.432244218506e-03
1.429622661533e-03
1.427018294635e-03
1.424431369742e-03
1.421862957045e-03
1.419314748489e-03
1.416788715517e-03
1.439858433173e-03
1.437372614248e-03
1.434910723106e-03
1.432470406485e-03
1.430047823078e-03
1.427638464293e-03
1.425238085233e-03
1.422843821672e-03
1.420454729441e-03
1.418071861224e-03
1.440350624762e-03
1.437980559672e-03
1.435624685428e-03
1.433284334325e-03
1.430959329582e-03
1.428648040132e-03
1.426347766426e-03
1.424055298799e-03
1.421767744034e-03
1.419483306108e-03
1.441438824259e-03
1.439155972378e-03
1.436882903022e-03
1.434625507045e-03
1.432389888009e-03
1.430181110550e-03
1.428001963234e-03
1.425852410364e-03
1.423730065881e-03
1.421631335234e-03
1.442006975708e-03
1.439941241301e-03
1.437895350819e-03
1.435872454351e-03
1.433876924636e-03
1.431913229112e-03
1.429984894685e-03
1.428094038260e-03
1.426241031140e-03
1.424424568427e-03
1.441880638765e-03
1.440120123277e-03
1.438381560945e-03
1.436658288128e-03
1.434944973596e-03
1.433238954064e-03
1.431540796261e-03
1.429853438879e-03
1.428180261428e-03
1.426522939198e-03
1.442131774922e-03
1.440494181111e-03
1.438860254439e-03
1.437223479400e-03
1.435578310122e-03
1.433920479485e-03
1.432246553236e-03
1.430553761111e-03
1.428840170320e-03
1.427105621417e-03
1.443183464289e-03
1.441410908512e-03
1.439627668333e-03
1.437836367359e-03
1.436036747975e-03
1.434225896958e-03
1.432399903194e-03
1.430555932416e-03
1.428693403739e-03
1.426813742796e-03
1.443931795791e-03
1.442018818182e-03
1.440092734924e-03
1.438154355412e-03
1.436206116978e-03
1.434252577496e-03
1.432299195756e-03
1.430350267299e-03
1.428407177002e-03
1.426468145951e-03
1.443985436197e-03
1.442040377242e-03
1.440093290284e-03
1.438145525810e-03
1.436198154408e-03
1.434249974807e-03
1.432297559006e-03
1.430337056149e-03
1.428367140875e-03
1.426390595668e-03
1.444261786048e-03
1.442283738356e-03
1.440312272507e-03
1.438343381892e-03
1.436368867132e-03
1.434379994976e-03
1.432370963414e-03
1.430340325157e-03
1.428289092473e-03
1.426217888365e-03
1.445011567171e-03
1.442887297969e-03
1.440735420545e-03
1.438557701249e-03
1.436360296054e-03
1.434150845341e-03
1.431933755271e-03
1.429706711178e-03
1.427460950822e-03
1.425185308676e-03
1.445909989798e-03
1.443551507634e-03
1.441161016317e-03
1.438748462078e-03
1.436322463064e-03
1.433887305552e-03
1.431443391709e-03
1.428990184138e-03
1.426529020819e-03
1.424063697471e-03
1.446370607994e-03
1.443898976788e-03
1.441425127553e-03
1.438942928075e-03
1.436447586229e-03
1.433939729736e-03
1.431426940258e-03
1.428921375521e-03
1.426434807001e-03
1.423973876513e-03
1.446391761647e-03
1.443967992429e-03
1.441556137934e-03
1.439150846124e-03
1.436750508958e-03
1.434356309346e-03
1.431970216174e-03
1.429593535192e-03
1.427226878263e-03
1.424871503900e-03
1.446741221628e-03
1.444411895761e-03
1.442105406966e-03
1.439822996701e-03
1.437561483954e-03
1.435313795128e-03
1.433071202371e-03
1.430826381920e-03
1.428575736384e-03
1.426319902407e-03
1.447647840905e-03
1.445387452293e-03
1.443134712872e-03
1.440891681341e-03
1.438658141126e-03
1.436431993682e-03
1.434209875072e-03
1.431987759872e-03
1.429761393126e-03
1.427526654027e-03
1.449066564533e-03
1.446798323400e-03
1.444514197601e-03
1.442214350277e-03
1.439900294997e-03
1.437574678789e-03
1.435240525552e-03
1.432900210943e-03
1.430554683679e-03
1.428203106911e-03
1.451196039625e-03
1.448817355765e-03
1.446425399706e-03
1.444019455221e-03
1.441600176690e-03
1.439169036132e-03
1.436727470548e-03
1.434276727309e-03
1.431818328797e-03
1.429354815627e-03
1.453599343961e-03
1.451131933493e-03
1.448675060601e-03
1.446233332274e-03
1.443809243142e-03
1.441403215154e-03
1.439014500932e-03
1.436642360318e-03
1.434286558549e-03
1.431947510923e-03
1.454944018974e-03
1.452634297493e-03
1.450345637238e-03
1.448081903789e-03
1.445848938829e-03
1.443653494562e-03
1.441501484635e-03
1.439395943635e-03
1.437335931257e-03
1.435317091364e-03
1.455328102168e-03
1.453369204285e-03
1.451437327034e-03
1.449531618562e-03
1.447652825789e-03
1.445802481726e-03
1.443982885746e-03
1.442197365463e-03
1.440450433051e-03
1.438746794463e-03
1.456198376104e-03
1.454582024053e-03
1.453005397536e-03
1.451459531609e-03
1.449935225878e-03
1.448426548450e-03
1.446932725514e-03
1.445457638397e-03
1.444007196312e-03
1.442586132271e-03
1.457942672403e-03
1.456579341209e-03
1.455244185365e-03
1.453934916697e-03
1.452649181033e-03
1.451383443793e-03
1.450131652973e-03
1.448885430989e-03
1.447636183229e-03
1.446378125422e-03
1.460092953209e-03
1.458815406465e-03
1.457538078228e-03
1.456264427190e-03
1.454992439392e-03
1.453714436138e-03
1.452419586258e-03
1.451097716540e-03
1.449742098771e-03
1.448349822795e-03
1.461911645265e-03
1.460439312154e-03
1.458926726741e-03
1.457371475453e-03
1.455772628219e-03
1.454131832133e-03
1.452452757235e-03
1.450738669689e-03
1.448989827281e-03
1.447202408144e-03
1.462497818864e-03
1.460610770152e-03
1.458671243711e-03
1.456682889170e-03
1.454653514486e-03
1.452591983877e-03
1.450505032778e-03
1.448396077706e-03
1.446265942434e-03
1.444115128891e-03
1.461441401432e-03
1.459252905761e-03
1.457053877687e-03
1.454847843434e-03
1.452636644558e-03
1.450421196864e-03
1.448203077871e-03
1.445986019746e-03
1.443775919370e-03
1.441579462210e-03
1.459332791228e-03
1.457172826974e-03
1.455034374999e-03
1.452916086635e-03
1.450817432271e-03
1.448740012165e-03
1.446687516193e-03
1.444664364385e-03
1.442674038231e-03
1.440718008155e-03
1.457175737926e-03
1.455282167626e-03
1.453420286850e-03
1.451589928820e-03
1.449791661855e-03
1.448026244873e-03
1.446294157972e-03
1.444595486873e-03
1.442930342819e-03
1.441299220573e-03
1.455329647854e-03
1.453764227620e-03
1.452233727832e-03
1.450736121626e-03
1.449267817350e-03
1.447824332161e-03
1.446401330270e-03
1.444995633221e-03
1.443605575446e-03
1.442230930138e-03
1.453789180971e-03
1.452441884624e-03
1.451110833102e-03
1.449794718098e-03
1.448491113308e-03
1.447196527295e-03
1.445906925539e-03
1.444618045525e-03
1.443326117283e-03
1.442028367080e-03
1.452558093320e-03
1.451241436257e-03
1.449918633398e-03
1.448591213091e-03
1.447260539919e-03
1.445927269685e-03
1.444591312350e-03
1.443251920250e-03
1.441908038601e-03
1.440558592321e-03
1.451433322245e-03
1.450066886946e-03
1.448693864177e-03
1.447315247958e-03
1.445932855916e-03
1.444549162784e-03
1.443166573665e-03
1.441786710302e-03
1.440409680640e-03
1.439033902614e-03
1.450486597491e-03
1.449100511536e-03
1.447707756881e-03
1.446307541585e-03
1.444900198692e-03
1.443486199150e-03
1.442065281594e-03
1.440635847359e-03
1.439195278294e-03
1.437740444032e-03
1.450731539649e-03
1.449234443669e-03
1.447714963376e-03
1.446169834594e-03
1.444594980853e-03
1.442986172378e-03
1.441340043186e-03
1.439655176966e-03
1.437932257147e-03
1.436173270292e-03
1.452882292654e-03
1.451048826141e-03
1.449179869326e-03
1.447272925645e-03
1.445325943166e-03
1.443338556328e-03
1.441312389090e-03
1.439250364001e-03
1.437155523888e-03
1.435030272035e-03
1.455655922484e-03
1.453468586249e-03
1.451257871338e-03
1.449028602622e-03
1.446786735812e-03
1.444538213150e-03
1.442287789871e-03
1.440038611292e-03
1.437792548643e-03
1.435551075303e-03
1.457003824839e-03
1.454770977261e-03
1.452550422187e-03
1.450345073408e-03
1.448157256107e-03
1.445988582759e-03
1.443840480874e-03
1.441714656664e-03
1.439613455261e-03
1.437539775452e-03
1.456718837062e-03
1.454701504258e-03
1.452716705046e-03
1.450762463719e-03
1.448834756673e-03
1.446928425025e-03
1.445038438590e-03
1.443161255281e-03
1.441295614313e-03
1.439442468779e-03
1.456165818752e-03
1.454338140377e-03
1.452527516506e-03
1.450733006550e-03
1.448952638839e-03
1.447184172093e-03
1.445425588940e-03
1.443674651682e-03
1.441928269912e-03
1.440182152123e-03
1.456172448059e-03
1.454408874451e-03
1.452636823217e-03
1.450859936540e-03
1.449084894375e-03
1.447318859789e-03
1.445566513610e-03
1.443828275001e-03
1.442100627173e-03
1.440378374980e-03
1.456836165460e-03
1.455110640507e-03
1.453386257765e-03
1.451665540571e-03
1.449950661765e-03
1.448242960066e-03
1.446543703366e-03
1.444855371346e-03
1.443182080209e-03
1.441528544717e-03
1.457771278865e-03
1.456158833093e-03
1.454564573351e-03
1.452981926832e-03
1.451405041848e-03
1.449831509888e-03
1.448263143004e-03
1.446704876457e-03
1.445162166533e-03
1.443638792466e-03
1.458555495503e-03
1.457067302056e-03
1.455595900950e-03
1.454138703252e-03
1.452692940006e-03
1.451255460381e-03
1.449822633276e-03
1.448391089752e-03
1.446958936242e-03
1.445526715202e-03
1.459147023866e-03
1.457720410087e-03
1.456304345879e-03
1.454900051328e-03
1.453505999280e-03
1.452118410725e-03
1.450732322269e-03
1.449342518015e-03
1.447944082429e-03
1.446532698480e-03
1.459796893471e-03
1.458347472351e-03
1.456881005424e-03
1.455400257271e-03
1.453908793792e-03
1.452408964383e-03
1.450900188047e-03
1.449378521102e-03
1.447837710941e-03
1.446271211137e-03
1.461143374172e-03
1.459508784535e-03
1.457839694581e-03
1.456135453623e-03
1.454395193434e-03
1.452618196424e-03
1.450805033642e-03
1.448958460230e-03
1.447082959714e-03
1.445183194392e-03
1.462896855685e-03
1.460949082741e-03
1.458976560286e-03
1.456976147608e-03
1.454946736715e-03
1.452890560870e-03
1.450812625933e-03
1.448718699010e-03
1.446613443989e-03
1.444499533477e-03
1.463426304156e-03
1.461294872684e-03
1.459161885748e-03
1.457032538440e-03
1.454912114468e-03
1.452804174221e-03
1.450709564608e-03
1.448626817592e-03
1.446553664323e-03
1.444488662628e-03
1.462255620083e-03
1.460202729788e-03
1.458159950005e-03
1.456126932851e-03
1.454102068692e-03
1.452083375568e-03
1.450069344514e-03
1.448059601501e-03
1.446054321377e-03
1.444053183889e-03
1.461438620481e-03
1.459432957233e-03
1.457421673251e-03
1.455400358452e-03
1.453365667999e-03
1.451315702525e-03
1.449249817483e-03
1.447168191646e-03
1.445071594787e-03
1.442961375403e-03
1.462171388994e-03
1.460034276363e-03
1.457889694109e-03
1.455738906031e-03
1.453582326178e-03
1.451419928344e-03
1.449252148348e-03
1.447080584967e-03
1.444908294843e-03
1.442739284926e-03
1.462793970973e-03
1.460637951141e-03
1.458495513191e-03
1.456368915512e-03
1.454260447758e-03
1.452172390543e-03
1.450106712923e-03
1.448064395333e-03
1.446045291914e-03
1.444048581561e-03
1.462388081904e-03
1.460430747727e-03
1.458497674378e-03
1.456591063629e-03
1.454712104135e-03
1.452859757592e-03
1.451030656199e-03
1.449219997312e-03
1.447423227830e-03
1.445637207155e-03
1.462188604194e-03
1.460416068596e-03
1.458652629140e-03
1.456897489447e-03
1.455149358605e-03
1.453406917051e-03
1.451669302639e-03
1.449936007248e-03
1.448206071700e-03
1.446477249999e-03
1.463161484253e-03
1.461418081135e-03
1.459664486731e-03
1.457899591514e-03
1.456124950437e-03
1.454343833018e-03
1.452559612801e-03
1.450774279704e-03
1.448987847539e-03
1.447198837809e-03
1.465362125487e-03
1.463557162765e-03
1.461745023221e-03
1.459924633139e-03
1.458094686541e-03
1.456253828962e-03
1.454401459398e-03
1.452538381898e-03
1.450666913343e-03
1.448789999984e-03
1.468405010826e-03
1.466515811160e-03
1.464621165439e-03
1.462717620541e-03
1.460801879091e-03
1.458872090552e-03
1.456928165055e-03
1.454971182397e-03
1.453002628978e-03
1.451023669119e-03
1.471463432665e-03
1.469460912915e-03
1.467450934399e-03
1.465434556223e-03
1.463412130704e-03
1.461382946616e-03
1.459345322303e-03
1.457297332649e-03
1.455237805885e-03
1.453166984049e-03
1.473574282556e-03
1.471480918212e-03
1.469382293919e-03
1.467280110035e-03
1.465175485350e-03
1.463068973408e-03
1.460960545899e-03
1.458849336075e-03
1.456733634882e-03
1.454611227814e-03
1.474844410893e-03
1.472698827570e-03
1.470544553740e-03
1.468383059887e-03
1.466215647213e-03
1.464042427301e-03
1.461862472922e-03
1.459674716102e-03
1.457479221358e-03
1.455277661194e-03
1.476537669021e-03
1.474325075662e-03
1.472109255872e-03
1.469886663983e-03
1.467652938004e-03
1.465405329554e-03
1.463144296167e-03
1.460873146584e-03
1.458595877409e-03
1.456314814618e-03
1.479125560479e-03
1.476828021339e-03
1.474522242916e-03
1.472209549775e-03
1.469894089894e-03
1.467580286032e-03
1.465269668984e-03
1.462958903630e-03
1.460640797632e-03
1.458307972712e-03
1.481954908172e-03
1.479581271440e-03
1.477197076838e-03
1.474808936848e-03
1.472420370135e-03
1.470030419000e-03
1.467635346160e-03
1.465231688485e-03
1.462818589800e-03
1.460397799917e-03
1.484356928415e-03
1.481917836600e-03
1.479467971876e-03
1.477001403146e-03
1.474513883750e-03
1.472005890435e-03
1.469482914729e-03
1.466952954445e-03
1.464422670267e-03
1.461894290628e-03
1.486665042535e-03
1.484123988121e-03
1.481572961893e-03
1.479010344383e-03
1.476437314295e-03
1.473856419409e-03
1.471269709839e-03
1.468678026981e-03
1.466081695185e-03
1.463481654639e-03
1.489335487065e-03
1.486728400380e-03
1.484125129423e-03
1.481525880365e-03
1.478928577512e-03
1.476329942022e-03
1.473727195105e-03
1.471119410780e-03
1.468507860579e-03
1.465895325907e-03
1.492155840253e-03
1.489543164439e-03
1.486936772835e-03
1.484337051522e-03
1.481743307750e-03
1.479153897549e-03
1.476566351641e-03
1.473978085016e-03
1.471387237928e-03
1.468793684921e-03
1.494622979862e-03
1.492024734091e-03
1.489433747565e-03
1.486853655479e-03
1.484286568143e-03
1.481732826448e-03
1.479191433646e-03
1.476660722005e-03
1.474138843889e-03
1.471624118381e-03
1.496046392731e-03
1.493535622899e-03
1.491030396210e-03
1.488532350095e-03
1.486044281080e-03
1.483569676793e-03
1.481111937153e-03
1.478673616077e-03
1.476255823945e-03
1.473857906149e-03
1.496639099173e-03
1.494266279224e-03
1.491904663624e-03
1.489551985685e-03
1.487207804871e-03
1.484873747643e-03
1.482552814878e-03
1.480248107896e-03
1.477961645094e-03
1.475693882867e-03
1.497066549973e-03
1.494828427155e-03
1.492609969830e-03
1.490413747206e-03
1.488242165522e-03
1.486095710959e-03
1.483972092842e-03
1.481867345944e-03
1.479777971667e-03
1.477703393164e-03
1.497081596881e-03
1.495040600332e-03
1.493026097648e-03
1.491039150153e-03
1.489077740416e-03
1.487139133644e-03
1.485222646295e-03
1.483330884525e-03
1.481468264217e-03
1.479637613670e-03
1.496176975479e-03
1.494393836140e-03
1.492624617413e-03
1.490862315507e-03
1.489105515645e-03
1.487358302427e-03
1.485626929139e-03
1.483915317237e-03
1.482222570075e-03
1.480543796674e-03
1.495199848137e-03
1.493531386245e-03
1.491870477480e-03
1.490219154675e-03
1.488576411361e-03
1.486935946332e-03
1.485287759920e-03
1.483622647754e-03
1.481936920811e-03
1.480234093890e-03
1.494838953136e-03
1.493120603925e-03
1.491402300871e-03
1.489679337794e-03
1.487943483085e-03
1.486187760349e-03
1.484409765737e-03
1.482611183519e-03
1.480794439715e-03
1.478958932807e-03
1.495155416876e-03
1.493260916618e-03
1.491332176442e-03
1.489370634772e-03
1.487382863104e-03
1.485376749372e-03
1.483356802964e-03
1.481321483311e-03
1.479264516661e-03
1.477178928155e-03
1.496386463259e-03
1.494232804816e-03
1.492054846551e-03
1.489858265245e-03
1.487645688940e-03
1.485416148398e-03
1.483167296556e-03
1.480898578620e-03
1.478613171400e-03
1.476317373488e-03
1.497402459336e-03
1.495097291809e-03
1.492794101353e-03
1.490491497179e-03
1.488188060591e-03
1.485884584270e-03
1.483584774633e-03
1.481294017879e-03
1.479017500742e-03
1.476758505817e-03
1.496698148514e-03
1.494469758086e-03
1.492260868758e-03
1.490073910873e-03
1.487913103972e-03
1.485783455166e-03
1.483689065253e-03
1.481631834508e-03
1.479611091270e-03
1.477624305323e-03
1.494123824614e-03
1.492192057697e-03
1.490291382538e-03
1.488425011132e-03
1.486596895063e-03
1.484810019122e-03
1.483065359366e-03
1.481362001073e-03
1.479698305900e-03
1.478073098610e-03
1.490953231723e-03
1.489399445347e-03
1.487882100207e-03
1.486397420592e-03
1.484940189755e-03
1.483505811677e-03
1.482092513356e-03
1.480702288291e-03
1.479339592493e-03
1.478008306321e-03
1.488789241989e-03
1.487513958693e-03
1.486259592014e-03
1.485018651806e-03
1.483785647054e-03
1.482557557665e-03
1.481332630135e-03
1.480108471469e-03
1.478881521621e-03
1.477648313994e-03
1.488793159581e-03
1.487542774044e-03
1.486290438208e-03
1.485038708097e-03
1.483785641710e-03
1.482523859465e-03
1.481242896944e-03
1.479933484859e-03
1.478591138266e-03
1.477216973001e-03
1.490491637867e-03
1.489061168172e-03
1.487606258479e-03
1.486124297514e-03
1.484612899333e-03
1.483072620147e-03
1.481507004030e-03
1.479919663041e-03
1.478310172047e-03
1.476672184367e-03
1.492411774052e-03
1.490683069221e-03
1.488904795451e-03
1.487083044140e-03
1.485228893443e-03
1.483352193361e-03
1.481456388433e-03
1.479537421346e-03
1.477587429406e-03
1.475600351853e-03
1.493857347327e-03
1.491793997616e-03
1.489701978926e-03
1.487582225934e-03
1.485430542289e-03
1.483240751554e-03
1.481010197438e-03
1.478743462542e-03
1.476451661290e-03
1.474147170427e-03
1.494356635874e-03
1.492034546686e-03
1.489697789680e-03
1.487337155027e-03
1.484948524080e-03
1.482535453931e-03
1.480107102736e-03
1.477673076636e-03
1.475239035642e-03
1.472805755554e-03
1.493962656241e-03
1.491523546804e-03
1.489090452822e-03
1.486671919679e-03
1.484275487087e-03
1.481903752506e-03
1.479553346087e-03
1.477217816046e-03
1.474892300848e-03
1.472577272068e-03
1.492736734804e-03
1.490458134299e-03
1.488212402478e-03
1.486002837339e-03
1.483828794107e-03
1.481688236652e-03
1.479580439081e-03
1.477506934975e-03
1.475470197818e-03
1.473471152394e-03
1.491005843661e-03
1.489068300828e-03
1.487157073427e-03
1.485270110095e-03
1.483409057641e-03
1.481578202458e-03
1.479781921489e-03
1.478022420770e-03
1.476299142325e-03
1.474609768309e-03
1.489725444742e-03
1.488093979219e-03
1.486493063453e-03
1.484921787892e-03
1.483377203215e-03
1.481854373992e-03
1.480347906636e-03
1.478854160780e-03
1.477372662919e-03
1.475905850725e-03
1.489124442287e-03
1.487691091143e-03
1.486276490368e-03
1.484876902964e-03
1.483487385030e-03
1.482103390629e-03
1.480721394671e-03
1.479338163222e-03
1.477949503794e-03
1.476549579877e-03
1.489037554848e-03
1.487591752607e-03
1.486119631465e-03
1.484622124622e-03
1.483102562986e-03
1.481563960624e-03
1.480006461634e-03
1.478426309063e-03
1.476816697618e-03
1.475170196784e-03
1.489525115119e-03
1.487785599181e-03
1.485998868702e-03
1.484164391400e-03
1.482281316783e-03
1.480348625478e-03
1.478366501544e-03
1.476337438817e-03
1.474266322361e-03
1.472158908939e-03
1.490202092782e-03
1.488026209472e-03
1.485816098693e-03
1.483567273169e-03
1.481276463153e-03
1.478943757320e-03
1.476573146135e-03
1.474171260554e-03
1.471745156209e-03
1.469300752717e-03
1.490139008240e-03
1.487664266904e-03
1.485183876866e-03
1.482702948067e-03
1.480226497506e-03
1.477758225406e-03
1.475299652896e-03
1.472850875416e-03
1.470412161893e-03
1.467985850809e-03
1.488531736697e-03
1.486142223882e-03
1.483786125675e-03
1.481469668875e-03
1.479196301659e-03
1.476966866846e-03
1.474781163950e-03
1.472639186034e-03
1.470541961453e-03
1.468491069602e-03
1.485655562078e-03
1.483695753336e-03
1.481783373890e-03
1.479917418123e-03
1.478097328345e-03
1.476323283669e-03
1.474595683135e-03
1.472914123042e-03
1.471276349207e-03
1.469678005265e-03
1.483124946446e-03
1.481584845578e-03
1.480068104229e-03
1.478572214126e-03
1.477096318069e-03
1.475640080230e-03
1.474202211000e-03
1.472779641460e-03
1.471367678562e-03
1.469961117891e-03
1.482187820159e-03
1.480778238317e-03
1.479366224089e-03
1.477951394634e-03
1.476532690901e-03
1.475107955628e-03
1.473674573504e-03
1.472230888055e-03
1.470777504153e-03
1.469317435351e-03
1.482381222615e-03
1.480916296316e-03
1.479452153319e-03
1.477986566897e-03
1.476516239052e-03
1.475039379102e-03
1.473557075485e-03
1.472073061109e-03
1.470591585701e-03
1.469115038333e-03
1.482507946093e-03
1.481034347819e-03
1.479559263146e-03
1.478082459130e-03
1.476606761855e-03
1.475136448789e-03
1.473674505860e-03
1.472220453763e-03
1.470770198921e-03
1.469317979570e-03
1.482360006889e-03
1.480890160849e-03
1.479412093204e-03
1.477926869768e-03
1.476434199844e-03
1.474931989776e-03
1.473417709860e-03
1.471890415530e-03
1.470352167360e-03
1.468807336266e-03
1.482060779836e-03
1.480511874718e-03
1.478961753605e-03
1.477406307004e-03
1.475840922410e-03
1.474262784257e-03
1.472671959334e-03
1.471070965920e-03
1.469463612068e-03
1.467854229247e-03
1.481425818554e-03
1.479824498972e-03
1.478237192828e-03
1.476669225326e-03
1.475123598539e-03
1.473599802637e-03
1.472094093742e-03
1.470601292226e-03
1.469117328156e-03
1.467640849057e-03
1.480418816982e-03
1.478960997588e-03
1.477518984643e-03
1.476095660905e-03
1.474693620366e-03
1.473315864587e-03
1.471965480960e-03
1.470644313088e-03
1.469350964726e-03
1.468079767108e-03
1.479495537865e-03
1.478239230607e-03
1.476981179394e-03
1.475720973986e-03
1.474463117404e-03
1.473214076896e-03
1.471978841835e-03
1.470758863377e-03
1.469552463391e-03
1.468356782539e-03
1.479045024325e-03
1.477864100764e-03
1.476691164271e-03
1.475524332818e-03
1.474359306656e-03
1.473190496597e-03
1.472013515638e-03
1.470827708943e-03
1.469636574143e-03
1.468446081560e-03
1.478706819171e-03
1.477526691929e-03
1.476351437532e-03
1.475175486462e-03
1.473993027446e-03
1.472800126351e-03
1.471595505734e-03
1.470379545538e-03
1.469152637696e-03
1.467913851684e-03
1.478797281607e-03
1.477523819119e-03
1.476231868651e-03
1.474920974431e-03
1.473591806075e-03
1.472245161949e-03
1.470881106457e-03
1.469498506253e-03
1.468095371706e-03
1.466669618083e-03
1.479803889481e-03
1.478326036079e-03
1.476825108000e-03
1.475302653830e-03
1.473760060207e-03
1.472197853161e-03
1.470615677363e-03
1.469012737857e-03
1.467388710978e-03
1.465744504571e-03
1.481242881994e-03
1.479561973781e-03
1.477869154485e-03
1.476165730480e-03
1.474451159538e-03
1.472723623465e-03
1.470981269676e-03
1.469223374841e-03
1.467450701000e-03
1.465665134219e-03
1.482618828049e-03
1.480808289955e-03
1.478988669646e-03
1.477160195009e-03
1.475323349950e-03
1.473478918058e-03
1.471627638637e-03
1.469769517826e-03
1.467903652212e-03
1.466028818868e-03
1.484003314317e-03
1.482105528964e-03
1.480201850256e-03
1.478295794868e-03
1.476390652726e-03
1.474488704162e-03
1.472591324955e-03
1.470699417496e-03
1.468813987572e-03
1.466936069789e-03
1.485094670727e-03
1.483228006919e-03
1.481369412659e-03
1.479519437225e-03
1.477680537334e-03
1.475857103912e-03
1.474054306186e-03
1.472275954995e-03
1.470522648219e-03
1.468791701996e-03
1.485914231637e-03
1.484210130059e-03
1.482518197179e-03
1.480839231363e-03
1.479174741689e-03
1.477525187454e-03
1.475888982327e-03
1.474263285843e-03
1.472645798458e-03
1.471035971406e-03
1.487451416040e-03
1.485854268310e-03
1.484262864608e-03
1.482670823918e-03
1.481069944418e-03
1.479453472200e-03
1.477818899332e-03
1.476168639670e-03
1.474507978969e-03
1.472841584416e-03
1.489815579191e-03
1.488133775467e-03
1.486440490623e-03
1.484731882215e-03
1.483006552291e-03
1.481265156826e-03
1.479508889929e-03
1.477737908260e-03
1.475951380144e-03
1.474149099067e-03
1.492072393717e-03
1.490245643140e-03
1.488419253349e-03
1.486600222904e-03
1.484791924611e-03
1.482993232287e-03
1.481199881880e-03
1.479407393276e-03
1.477613578629e-03
1.475819560596e-03
1.493698746117e-03
1.491912349422e-03
1.490137636665e-03
1.488377426313e-03
1.486634062474e-03
1.484909737826e-03
1.483206413411e-03
1.481524821486e-03
1.479863596046e-03
1.478218919544e-03
1.495900710779e-03
1.494268983834e-03
1.492639050127e-03
1.491009222264e-03
1.489379898317e-03
1.487752815819e-03
1.486129937746e-03
1.484512502941e-03
1.482900295514e-03
1.481291231130e-03
1.500096826533e-03
1.498476492600e-03
1.496844552491e-03
1.495196249039e-03
1.493528251615e-03
1.491838573600e-03
1.490125737746e-03
1.488388130781e-03
1.486623985329e-03
1.484832130586e-03
1.505625933135e-03
1.503777576602e-03
1.501908358762e-03
1.500020948413e-03
1.498115244658e-03
1.496187995031e-03
1.494234536324e-03
1.492251679963e-03
1.490240029057e-03
1.488204032626e-03
1.510004419799e-03
1.507932407208e-03
1.505849655700e-03
1.503756229340e-03
1.501652939453e-03
1.499543976365e-03
1.497437531100e-03
1.495343412216e-03
1.493269023399e-03
1.491216327963e-03
1.511859463051e-03
1.509834151307e-03
1.507819740027e-03
1.505819492365e-03
1.503841665567e-03
1.501895779484e-03
1.499988367073e-03
1.498120956967e-03
1.496291538615e-03
1.494498166267e-03
1.512848124321e-03
1.511130381630e-03
1.509459246847e-03
1.507835873440e-03
1.506255667493e-03
1.504709709877e-03
1.503189186565e-03
1.501689758527e-03
1.500213582062e-03
1.498767118676e-03
1.515201209429e-03
1.513826443272e-03
1.512486081822e-03
1.511172660855e-03
1.509878499860e-03
1.508598442911e-03
1.507330018399e-03
1.506071566723e-03
1.504819924492e-03
1.503570028433e-03
1.519755546440e-03
1.518493148694e-03
1.517225017153e-03
1.515955377499e-03
1.514688836608e-03
1.513427248881e-03
1.512168105876e-03
1.510905322618e-03
1.509631891508e-03
1.508342320903e-03
1.525336326893e-03
1.524005282363e-03
1.522654498956e-03
1.521284588136e-03
1.519897082687e-03
1.518495406287e-03
1.517084903355e-03
1.515671364075e-03
1.514258452403e-03
1.512845875084e-03
1.530241930084e-03
1.528811679805e-03
1.527366495054e-03
1.525905095377e-03
1.524429723702e-03
1.522944277383e-03
1.521452003090e-03
1.519954703213e-03
1.518453671167e-03
1.516951706833e-03
1.534178679151e-03
1.532687685085e-03
1.531211699444e-03
1.529750151008e-03
1.528296905008e-03
1.526842727628e-03
1.525379848943e-03
1.523905807517e-03
1.522424199720e-03
1.520942255581e-03
1.537321462706e-03
1.535850232528e-03
1.534385833679e-03
1.532925080994e-03
1.531466580843e-03
1.530012265619e-03
1.528565629314e-03
1.527128243197e-03
1.525696756460e-03
1.524262987346e-03
1.540206816287e-03
1.538739095508e-03
1.537253546189e-03
1.535756572537e-03
1.534256802302e-03
1.532760442444e-03
1.531268462884e-03
1.529777402709e-03
1.528282789707e-03
1.526782501458e-03
1.543455002491e-03
1.541945394365e-03
1.540436082848e-03
1.538924660792e-03
1.537405560555e-03
1.535873287025e-03
1.534326145759e-03
1.532767954359e-03
1.531206461777e-03
1.529649612792e-03
1.546932998110e-03
1.545390153694e-03
1.543852249824e-03
1.542315280460e-03
1.540777441221e-03
1.539239245005e-03
1.537701785878e-03
1.536164597553e-03
1.534624871567e-03
1.533078860405e-03
1.550372453494e-03
1.548807435256e-03
1.547240313982e-03
1.545676925446e-03
1.544121121015e-03
1.542572950086e-03
1.541028936913e-03
1.539484273508e-03
1.537935056945e-03
1.536379581864e-03
1.553354420082e-03
1.551782113779e-03
1.550202389012e-03
1.548613786497e-03
1.547015664528e-03
1.545409708854e-03
1.543799824958e-03
1.542190664395e-03
1.540585245152e-03
1.538983194507e-03
1.555727131858e-03
1.554114361454e-03
1.552490174447e-03
1.550851668981e-03
1.549198450505e-03
1.547531768267e-03
1.545853136633e-03
1.544163619201e-03
1.542463952262e-03
1.540755235851e-03
1.557949126038e-03
1.556223443913e-03
1.554493608921e-03
1.552758360674e-03
1.551013819892e-03
1.549254427403e-03
1.547474845040e-03
1.545671943177e-03
1.543846022003e-03
1.542000707730e-03
1.560265710509e-03
1.558393287951e-03
1.556517057907e-03
1.554639285530e-03
1.552760326888e-03
1.550879440401e-03
1.548995411838e-03
1.547106988028e-03
1.545212761073e-03
1.543311124294e-03
1.562504218157e-03
1.560578400074e-03
1.558644057923e-03
1.556705229802e-03
1.554768268136e-03
1.552840331556e-03
1.550926737536e-03
1.549028851969e-03
1.547143388791e-03
1.545263665150e-03
1.565376083704e-03
1.563482045526e-03
1.561578014162e-03
1.559663805892e-03
1.557739964028e-03
1.555806238400e-03
1.553861493051e-03
1.551904833320e-03
1.549937089294e-03
1.547960949836e-03
1.570399244997e-03
1.568407364800e-03
1.566405740448e-03
1.564385484357e-03
1.562336388133e-03
1.560251124488e-03
1.558128263127e-03
1.555972221752e-03
1.553790234425e-03
1.551588374184e-03
1.577144298892e-03
1.574901458298e-03
1.572639563847e-03
1.570360273547e-03
1.568068354686e-03
1.565769506726e-03
1.563466697007e-03
1.561158081131e-03
1.558838083895e-03
1.556501580922e-03
1.583499243850e-03
1.581130018224e-03
1.578762399049e-03
1.576407683558e-03
1.574072075300e-03
1.571755013401e-03
1.569451670946e-03
1.567157559066e-03
1.564872233075e-03
1.562599456406e-03
1.588419957841e-03
1.586177687784e-03
1.583950431382e-03
1.581730945134e-03
1.579513050785e-03
1.577295884317e-03
1.575084818171e-03
1.572888303826e-03
1.570712681598e-03
1.568558092742e-03
1.592753097668e-03
1.590613360577e-03
1.588472072513e-03
1.586327599341e-03
1.584183185912e-03
1.582043620886e-03
1.579911283045e-03
1.577784654160e-03
1.575660037133e-03
1.573535178977e-03
1.596861192411e-03
1.594740733140e-03
1.592636849807e-03
1.590554941060e-03
1.588495033559e-03
1.586452357742e-03
1.584420606491e-03
1.582395982723e-03
1.580379477730e-03
1.578376303769e-03
1.600019579541e-03
1.598055369413e-03
1.596118863858e-03
1.594210076803e-03
1.592328653146e-03
1.590475382216e-03
1.588652178896e-03
1.586860607802e-03
1.585099929173e-03
1.583366298235e-03
1.602874972207e-03
1.601171306561e-03
1.599479781362e-03
1.597801140235e-03
1.596139311516e-03
1.594499215400e-03
1.592884330364e-03
1.591295151854e-03
1.589729214857e-03
1.588182178409e-03
1.606731806135e-03
1.605203567863e-03
1.603681239601e-03
1.602161011022e-03
1.600639054004e-03
1.599112152860e-03
1.597578871554e-03
1.596040272943e-03
1.594499812029e-03
1.592961874451e-03
1.611555808381e-03
1.610024900629e-03
1.608495844152e-03
1.606962312565e-03
1.605417495853e-03
1.603855988094e-03
1.602274468894e-03
1.600671299741e-03
1.599045472233e-03
1.597396139971e-03
1.616249301719e-03
1.614550042177e-03
1.612831873729e-03
1.611099252727e-03
1.609355497294e-03
1.607600321449e-03
1.605829065852e-03
1.604034160664e-03
1.602208373640e-03
1.600347969031e-03
1.619572465131e-03
1.617646182751e-03
1.615696728038e-03
1.613727744257e-03
1.611740761859e-03
1.609736822957e-03
1.607719013577e-03
1.605693333431e-03
1.603666998676e-03
1.601645102483e-03
1.620522709970e-03
1.618501427401e-03
1.616473474030e-03
1.614435723752e-03
1.612391478375e-03
1.610350179647e-03
1.608323482230e-03
1.606320349993e-03
1.604344099462e-03
1.602393473263e-03
1.619777122414e-03
1.617870654741e-03
1.615992447341e-03
1.614147586793e-03
1.612337757763e-03
1.610558753271e-03
1.608801766338e-03
1.607058232935e-03
1.605324917591e-03
1.603605975788e-03
1.619186659866e-03
1.617520200057e-03
1.615888232777e-03
1.614286118524e-03
1.612704760078e-03
1.611135569135e-03
1.609574089343e-03
1.608019793423e-03
1.606472812853e-03
1.604930139649e-03
1.619860738515e-03
1.618300892744e-03
1.616723983375e-03
1.615131129313e-03
1.613529613621e-03
1.611928302509e-03
1.610332160226e-03
1.608738967434e-03
1.607140444605e-03
1.605526772778e-03
1.621531541161e-03
1.619870149852e-03
1.618188119210e-03
1.616488124284e-03
1.614770495792e-03
1.613033515184e-03
1.611276333506e-03
1.609502028487e-03
1.607718119317e-03
1.605933713961e-03
1.622927924757e-03
1.621150839696e-03
1.619372099356e-03
1.617582324229e-03
1.615774592779e-03
1.613947470560e-03
1.612104751587e-03
1.610252192052e-03
1.608394061577e-03
1.606531570815e-03
1.624139956903e-03
1.622264477817e-03
1.620387513128e-03
1.618513363439e-03
1.616644538046e-03
1.614778808573e-03
1.612908681466e-03
1.611024164163e-03
1.609117167504e-03
1.607185254386e-03
1.626063699234e-03
1.624093040618e-03
1.622114958536e-03
1.620132482117e-03
1.618144816973e-03
1.616149599386e-03
1.614145471649e-03
1.612133255890e-03
1.610114793664e-03
1.608090597358e-03
1.628717469373e-03
1.626669408608e-03
1.624604593360e-03
1.622522746516e-03
1.620429052196e-03
1.618332868873e-03
1.616244452691e-03
1.614171224617e-03
1.612115832870e-03
1.610076891836e-03
1.631696509548e-03
1.629680394046e-03
1.627677757995e-03
1.625691700895e-03
1.623725378749e-03
1.621780464461e-03
1.619857167952e-03
1.617955669360e-03
1.616078130553e-03
1.614229484801e-03
1.634653488168e-03
1.632879174792e-03
1.631149393859e-03
1.629462272945e-03
1.627812191487e-03
1.626192278138e-03
1.624597492082e-03
1.623026322534e-03
1.621480568929e-03
1.619963429789e-03
1.637769097727e-03
1.636310648792e-03
1.634880935796e-03
1.633477593032e-03
1.632099519554e-03
1.630747238551e-03
1.629421667815e-03
1.628121973283e-03
1.626844050065e-03
1.625580778125e-03
1.641221945533e-03
1.639963980608e-03
1.638706977246e-03
1.637454953482e-03
1.636213922268e-03
1.634988318187e-03
1.633778481448e-03
1.632580521971e-03
1.631388580336e-03
1.630197857253e-03
1.644480210359e-03
1.643285128864e-03
1.642090364840e-03
1.640894133629e-03
1.639691818525e-03
1.638477874621e-03
1.637249153816e-03
1.636007183151e-03
1.634757934369e-03
1.633508619022e-03
1.646664735972e-03
1.645418187024e-03
1.644167210827e-03
1.642902895185e-03
1.641618697363e-03
1.640313044788e-03
1.638988864443e-03
1.637650567432e-03
1.636300746668e-03
1.634938863333e-03
1.647390663095e-03
1.645996137029e-03
1.644590183389e-03
1.643179474286e-03
1.641771038919e-03
1.640368294090e-03
1.638968898703e-03
1.637566054114e-03
1.636152485162e-03
1.634724844621e-03
1.646733024245e-03
1.645287746214e-03
1.643847562889e-03
1.642418458744e-03
1.641002123108e-03
1.639597295878e-03
1.638202642255e-03
1.636818864483e-03
1.635448603849e-03
1.634094128462e-03
1.645700984909e-03
1.644369775306e-03
1.643041761326e-03
1.641711149830e-03
1.640376545652e-03
1.639041651401e-03
1.637713144532e-03
1.636396986555e-03
1.635095372251e-03
1.633805773906e-03
1.646290979750e-03
1.645006542276e-03
1.643718866490e-03
1.642425861860e-03
1.641126173809e-03
1.639818047863e-03
1.638499126045e-03
1.637167680656e-03
1.635824264042e-03
1.634472522142e-03
1.648665040022e-03
1.647310765861e-03
1.645962112832e-03
1.644618159958e-03
1.643274933599e-03
1.641927573644e-03
1.640572367705e-03
1.639207940173e-03
1.637835183431e-03
1.636456546294e-03
1.650911643992e-03
1.649528249970e-03
1.648150095434e-03
1.646781464160e-03
1.645425787217e-03
1.644084162308e-03
1.642754623106e-03
1.641432300119e-03
1.640110977519e-03
1.638785018656e-03
1.651742101558e-03
1.650395803779e-03
1.649041917688e-03
1.647682645967e-03
1.646320214832e-03
1.644956467828e-03
1.643592730773e-03
1.642229375591e-03
1.640865055833e-03
1.639495982658e-03
1.650966367265e-03
1.649564008346e-03
1.648136023050e-03
1.646678550060e-03
1.645191956243e-03
1.643680250368e-03
1.642149305496e-03
1.640604540853e-03
1.639049612777e-03
1.637486031996e-03
1.648620609956e-03
1.647036062934e-03
1.645441776589e-03
1.643836573351e-03
1.642218769973e-03
1.640586744372e-03
1.638940299586e-03
1.637282004310e-03
1.635617815111e-03
1.633956324667e-03
1.644701204498e-03
1.643067518785e-03
1.641457766823e-03
1.639873111344e-03
1.638312613068e-03
1.636774741257e-03
1.635258604779e-03
1.633764437031e-03
1.632293590831e-03
1.630848261357e-03
1.640182403719e-03
1.638794891164e-03
1.637444916582e-03
1.636137427852e-03
1.634876325056e-03
1.633663576399e-03
1.632498705931e-03
1.631379256025e-03
1.630301700175e-03
1.629262385450e-03
1.636978094893e-03
1.636004023680e-03
1.635061741638e-03
1.634150830512e-03
1.633271679282e-03
1.632425322896e-03
1.631612641802e-03
1.630833501110e-03
1.630085885211e-03
1.629365715132e-03
1.636609613456e-03
1.635925688163e-03
1.635253221878e-03
1.634588320201e-03
1.633927842079e-03
1.633268638670e-03
1.632607315855e-03
1.631940635093e-03
1.631266270692e-03
1.630583463168e-03
1.639061074741e-03
1.638360718630e-03
1.637651599253e-03
1.636930525990e-03
1.636192659760e-03
1.635432763123e-03
1.634646782293e-03
1.633832434948e-03
1.632988959557e-03
1.632116104815e-03
1.642324817112e-03
1.641389680572e-03
1.640424198740e-03
1.639429971362e-03
1.638410086798e-03
1.637368120782e-03
1.636306601029e-03
1.635225830569e-03
1.634123788790e-03
1.632997205093e-03
1.644299526788e-03
1.643113666375e-03
1.641899517381e-03
1.640659001225e-03
1.639394660685e-03
1.638109440648e-03
1.636806898489e-03
1.635491320485e-03
1.634167478528e-03
1.632839547597e-03
1.644689693990e-03
1.643354144619e-03
1.642014907134e-03
1.640669400160e-03
1.639316087847e-03
1.637955464446e-03
1.636590127930e-03
1.635223934898e-03
1.633861225628e-03
1.632506538044e-03
1.644263631192e-03
1.642936164956e-03
1.641633035604e-03
1.640358996497e-03
1.639116497017e-03
1.637904927065e-03
1.636721480281e-03
1.635563030675e-03
1.634428255159e-03
1.633318889105e-03
1.643087881689e-03
1.642039634760e-03
1.641030610358e-03
1.640063174534e-03
1.639138264636e-03
1.638256541128e-03
1.637419298675e-03
1.636628044480e-03
1.635883169399e-03
1.635182282939e-03
1.641704665758e-03
1.641070586231e-03
1.640460678232e-03
1.639870842553e-03
1.639300580962e-03
1.638751812095e-03
1.638226404623e-03
1.637723842691e-03
1.637240499974e-03
1.636770721973e-03
1.642107239888e-03
1.641646957921e-03
1.641187991936e-03
1.640728066775e-03
1.640263199874e-03
1.639786800467e-03
1.639290723858e-03
1.638767647364e-03
1.638213685055e-03
1.637629327206e-03
1.644828049677e-03
1.644192431172e-03
1.643535058690e-03
1.642853214150e-03
1.642141385673e-03
1.641393895284e-03
1.640607361139e-03
1.639781503343e-03
1.638917872071e-03
1.638017664675e-03
1.647932076025e-03
1.646952278691e-03
1.645929795245e-03
1.644865000458e-03
1.643762190554e-03
1.642628350282e-03
1.641470033007e-03
1.640290230341e-03
1.639087076342e-03
1.637855601075e-03
1.649599819586e-03
1.648298435384e-03
1.646966580211e-03
1.645611334652e-03
1.644239850464e-03
1.642856711669e-03
1.641463384999e-03
1.640059841350e-03
1.638647173706e-03
1.637229038181e-03
1.649238445680e-03
1.647822257553e-03
1.646412560035e-03
1.645007663456e-03
1.643604472747e-03
1.642201889695e-03
1.640803333316e-03
1.639416720195e-03
1.638051671762e-03
1.636715720792e-03
1.647580460144e-03
1.646303997461e-03
1.645052660933e-03
1.643822410585e-03
1.642611630245e-03
1.641420811666e-03
1.640250820628e-03
1.639101306523e-03
1.637970592981e-03
1.636857172855e-03
1.646843033200e-03
1.645766274066e-03
1.644714275074e-03
1.643689190189e-03
1.642688816958e-03
1.641706117653e-03
1.640731082432e-03
1.639753894665e-03
1.638767701706e-03
1.637769481476e-03
1.648374640922e-03
1.647350662040e-03
1.646316116876e-03
1.645271259122e-03
1.644216493105e-03
1.643152871793e-03
1.642081334978e-03
1.641001168423e-03
1.639908669290e-03
1.638797062299e-03
1.651402127948e-03
1.650226068193e-03
1.649013272981e-03
1.647765179086e-03
1.646486365701e-03
1.645182413654e-03
1.643858273553e-03
1.642517743505e-03
1.641163822569e-03
1.639799369741e-03
1.654243742792e-03
1.652859122828e-03
1.651465383986e-03
1.650058323605e-03
1.648633016316e-03
1.647186253820e-03
1.645718650309e-03
1.644234945729e-03
1.642742328215e-03
1.641248002329e-03
1.655587217101e-03
1.654097258097e-03
1.652613864053e-03
1.651137503416e-03
1.649668927882e-03
1.648208348513e-03
1.646754125090e-03
1.645302095028e-03
1.643846539764e-03
1.642382622833e-03
1.655417345717e-03
1.653932844135e-03
1.652447571018e-03
1.650967953537e-03
1.649497862616e-03
1.648037382040e-03
1.646583606941e-03
1.645132873591e-03
1.643682559234e-03
1.642231455094e-03
1.654863314229e-03
1.653402934437e-03
1.651934671202e-03
1.650454251035e-03
1.648959456361e-03
1.647452061434e-03
1.645937795274e-03
1.644424156154e-03
1.642917162144e-03
1.641418916847e-03
1.655267280455e-03
1.653774542206e-03
1.652280298117e-03
1.650783204127e-03
1.649284472762e-03
1.647786439321e-03
1.646291030909e-03
1.644799175494e-03
1.643311894327e-03
1.641831874338e-03
1.656947411618e-03
1.655496234264e-03
1.654071065786e-03
1.652675320770e-03
1.651308311807e-03
1.649966372725e-03
1.648645262947e-03
1.647342707258e-03
1.646059589234e-03
1.644799323174e-03
1.659474116366e-03
1.658268059714e-03
1.657094283644e-03
1.655954118974e-03
1.654849018962e-03
1.653780675497e-03
1.652750151834e-03
1.651756565309e-03
1.650796520664e-03
1.649864775516e-03
1.663059359601e-03
1.662167096868e-03
1.661293727921e-03
1.660440688511e-03
1.659609970545e-03
1.658802563838e-03
1.658017921386e-03
1.657254217207e-03
1.656509237819e-03
1.655780659462e-03
1.667625077687e-03
1.666916702789e-03
1.666212726207e-03
1.665507483892e-03
1.664796478110e-03
1.664077697058e-03
1.663351854006e-03
1.662621107869e-03
1.661887110856e-03
1.661149603933e-03
1.671880168828e-03
1.671124389532e-03
1.670356097293e-03
1.669573251093e-03
1.668774424218e-03
1.667957911138e-03
1.667121061871e-03
1.666260882757e-03
1.665375382572e-03
1.664464943303e-03
1.674256699971e-03
1.673302917879e-03
1.672334135833e-03
1.671350983599e-03
1.670351583243e-03
1.669333116070e-03
1.668293597675e-03
1.667233015496e-03
1.666152985933e-03
1.665055422905e-03
1.674085040690e-03
1.672951586443e-03
1.671802707108e-03
1.670640497991e-03
1.669468562966e-03
1.668290916996e-03
1.667110176697e-03
1.665926319049e-03
1.664737180590e-03
1.663540220932e-03
1.672322589400e-03
1.671105989487e-03
1.669884621037e-03
1.668660980670e-03
1.667435902789e-03
1.666208753818e-03
1.664978692475e-03
1.663746205452e-03
1.662513206725e-03
1.661281648182e-03
1.670457085709e-03
1.669222325518e-03
1.667980432899e-03
1.666726527844e-03
1.665458744185e-03
1.664179102818e-03
1.662891929868e-03
1.661600975410e-03
1.660307057875e-03
1.659008104809e-03
1.669728471086e-03
1.668409464344e-03
1.667082655956e-03
1.665751251494e-03
1.664417475865e-03
1.663080513765e-03
1.661736846927e-03
1.660382913485e-03
1.659018464750e-03
1.657648372827e-03
1.670073752905e-03
1.668715812514e-03
1.667375493810e-03
1.666053917745e-03
1.664749227871e-03
1.663459762995e-03
1.662186671354e-03
1.660933891571e-03
1.659705974930e-03
1.658505425951e-03
1.670480879454e-03
1.669329215417e-03
1.668201983250e-03
1.667102472652e-03
1.666037525752e-03
1.665014717616e-03
1.664038908643e-03
1.663110147092e-03
1.662224402367e-03
1.661376235745e-03
1.671290172112e-03
1.670504897959e-03
1.669751715667e-03
1.669029919356e-03
1.668336966759e-03
1.667669037545e-03
1.667023200298e-03
1.666399188935e-03
1.665799492855e-03
1.665227430635e-03
1.673435853775e-03
1.672916732389e-03
1.672418440876e-03
1.671934155297e-03
1.671458412716e-03
1.670988134379e-03
1.670522028064e-03
1.670058858963e-03
1.669596490331e-03
1.669132233985e-03
1.676851932757e-03
1.676379211403e-03
1.675907442461e-03
1.675440817792e-03
1.674981612723e-03
1.674528708804e-03
1.674077833798e-03
1.673623595252e-03
1.673161803012e-03
1.672690672933e-03
1.680415757050e-03
1.679923504241e-03
1.679422124027e-03
1.678910586520e-03
1.678388511607e-03
1.677857283255e-03
1.677320315935e-03
1.676781662127e-03
1.676243889676e-03
1.675706554465e-03
1.683839469365e-03
1.683288289200e-03
1.682724715010e-03
1.682146253017e-03
1.681552381285e-03
1.680943702752e-03
1.680320828029e-03
1.679684158944e-03
1.679034330778e-03
1.678372852666e-03
1.687496194279e-03
1.686816725169e-03
1.686132275950e-03
1.685442207815e-03
1.684743764713e-03
1.684033167692e-03
1.683306999325e-03
1.682563302552e-03
1.681801643940e-03
1.681022784339e-03
1.691036992270e-03
1.690225640800e-03
1.689401606711e-03
1.688567039537e-03
1.687724105409e-03
1.686874437439e-03
1.686018220369e-03
1.685153970357e-03
1.684278964206e-03
1.683390263622e-03
1.694467579682e-03
1.693545312435e-03
1.692608259816e-03
1.691658666175e-03
1.690699061157e-03
1.689731793817e-03
1.688758840146e-03
1.687781806993e-03
1.686801832307e-03
1.685819496856e-03
1.698188480077e-03
1.697197866008e-03
1.696202607775e-03
1.695201818677e-03
1.694195492973e-03
1.693184855640e-03
1.692172431206e-03
1.691161623398e-03
1.690156118173e-03
1.689159112743e-03
1.702191146990e-03
1.701212054854e-03
1.700241778622e-03
1.699277701448e-03
1.698317310513e-03
1.697359340881e-03
1.696404200345e-03
1.695453812431e-03
1.694510680579e-03
1.693576923117e-03
1.706270736634e-03
1.705355847889e-03
1.704452848571e-03
1.703562383966e-03
1.702684837085e-03
1.701819448726e-03
1.700963660369e-03
1.700113469553e-03
1.699264793842e-03
1.698415405940e-03
1.710214890238e-03
1.709367675062e-03
1.708531058682e-03
1.707710201970e-03
1.706907590233e-03
1.706122651683e-03
1.705352883050e-03
1.704595590581e-03
1.703849287992e-03
1.703113795713e-03
1.713274945871e-03
1.712559335090e-03
1.711854629775e-03
1.711160676905e-03
1.710478721861e-03
1.709812056106e-03
1.709165424018e-03
1.708543379266e-03
1.707948327237e-03
1.707379428808e-03
1.715229787465e-03
1.714697683553e-03
1.714177483450e-03
1.713665713737e-03
1.713160919962e-03
1.712663124579e-03
1.712172897101e-03
1.711690597574e-03
1.711215865043e-03
1.710747562242e-03
1.717072729150e-03
1.716608891286e-03
1.716143927069e-03
1.715674213926e-03
1.715195677491e-03
1.714703965263e-03
1.714194572855e-03
1.713663127475e-03
1.713105984379e-03
1.712520774561e-03
1.719598374166e-03
1.718954867954e-03
1.718285265099e-03
1.717590676037e-03
1.716870683822e-03
1.716123065250e-03
1.715344680917e-03
1.714533051768e-03
1.713687642905e-03
1.712810199990e-03
1.722328273104e-03
1.721393579260e-03
1.720434631466e-03
1.719452199040e-03
1.718447260885e-03
1.717422272634e-03
1.716381748906e-03
1.715331435719e-03
1.714276558403e-03
1.713220227998e-03
1.724392957897e-03
1.723331771473e-03
1.722268982292e-03
1.721206493471e-03
1.720148316849e-03
1.719099342040e-03
1.718063605210e-03
1.717043188478e-03
1.716038410223e-03
1.715049002257e-03
1.726148713431e-03
1.725189861247e-03
1.724249631422e-03
1.723328454602e-03
1.722424843706e-03
1.721535579918e-03
1.720657126555e-03
1.719787015986e-03
1.718924731847e-03
1.718071377468e-03
1.728746162712e-03
1.727912961030e-03
1.727090660552e-03
1.726277440753e-03
1.725470712529e-03
1.724667707549e-03
1.723865589895e-03
1.723061353175e-03
1.722251945580e-03
1.721434864976e-03
1.732454971886e-03
1.731618369718e-03
1.730775675753e-03
1.729930200270e-03
1.729085013324e-03
1.728241987280e-03
1.727401405560e-03
1.726562159433e-03
1.725722348965e-03
1.724879688027e-03
1.736241180652e-03
1.735382973266e-03
1.734515526664e-03
1.733638416681e-03
1.732753205886e-03
1.731863487862e-03
1.730974042232e-03
1.730089333137e-03
1.729211933196e-03
1.728341573823e-03
1.739904617068e-03
1.739035052310e-03
1.738160264097e-03
1.737276351946e-03
1.736380632906e-03
1.735471439986e-03
1.734547854085e-03
1.733609792950e-03
1.732658169033e-03
1.731695013973e-03
1.744467604681e-03
1.743485829593e-03
1.742497635462e-03
1.741500991272e-03
1.740491664577e-03
1.739464564594e-03
1.738415242983e-03
1.737341145372e-03
1.736241847880e-03
1.735118475096e-03
1.749909024397e-03
1.748739353616e-03
1.747550394384e-03
1.746343729678e-03
1.745121319061e-03
1.743885125336e-03
1.742636568167e-03
1.741375725771e-03
1.740101169787e-03
1.738810661323e-03
1.755337856878e-03
1.754007882084e-03
1.752659967337e-03
1.751296071802e-03
1.749918293342e-03
1.748528093685e-03
1.747126154555e-03
1.745712968443e-03
1.744289466330e-03
1.742857516774e-03
1.760425886289e-03
1.758980830687e-03
1.757532424563e-03
1.756079875065e-03
1.754621376961e-03
1.753155352901e-03
1.751681365420e-03
1.750200550191e-03
1.748715328631e-03
1.747228728050e-03
1.764855720694e-03
1.763371645438e-03
1.761894963522e-03
1.760428812418e-03
1.758976399572e-03
1.757540508777e-03
1.756122901497e-03
1.754724009515e-03
1.753343359326e-03
1.751980284212e-03
1.767955343155e-03
1.766625706409e-03
1.765317887873e-03
1.764035467886e-03
1.762782202150e-03
1.761561532305e-03
1.760375996298e-03
1.759226760043e-03
1.758113219012e-03
1.757032908472e-03
1.770103078343e-03
1.769073859691e-03
1.768066524392e-03
1.767079726164e-03
1.766113905887e-03
1.765170248916e-03
1.764249321639e-03
1.763349981502e-03
1.762469523158e-03
1.761604590001e-03
1.773076814402e-03
1.772230921290e-03
1.771393261663e-03
1.770560639727e-03
1.769728309512e-03
1.768890877031e-03
1.768044335677e-03
1.767188101951e-03
1.766325392509e-03
1.765461462355e-03
1.777789369157e-03
1.776926906075e-03
1.776062690510e-03
1.775189578836e-03
1.774301423268e-03
1.773396101157e-03
1.772476046824e-03
1.771545927681e-03
1.770609524328e-03
1.769667513031e-03
1.783684987970e-03
1.782720710253e-03
1.781746136771e-03
1.780763950990e-03
1.779777754507e-03
1.778788721708e-03
1.777793321821e-03
1.776783711819e-03
1.775751173739e-03
1.774690293587e-03
1.790238801277e-03
1.789121800243e-03
1.787987617718e-03
1.786839075237e-03
1.785673772474e-03
1.784485146572e-03
1.783265884171e-03
1.782011051887e-03
1.780719241367e-03
1.779391164234e-03
1.796947503692e-03
1.795540554724e-03
1.794092201010e-03
1.792599687690e-03
1.791063238159e-03
1.789486533653e-03
1.787875184220e-03
1.786233898144e-03
1.784564569505e-03
1.782866131691e-03
1.803152949719e-03
1.801386512625e-03
1.799590543840e-03
1.797769669736e-03
1.795929403443e-03
1.794074548229e-03
1.792208837514e-03
1.790335504552e-03
1.788458367457e-03
1.786581987801e-03
1.808258924427e-03
1.806392306776e-03
1.804537584860e-03
1.802696387529e-03
1.800870614147e-03
1.799063351541e-03
1.797278482343e-03
1.795519514928e-03
1.793788049326e-03
1.792083445537e-03
1.812967715125e-03
1.811306948127e-03
1.809670339412e-03
1.808060270207e-03
1.806479575862e-03
1.804929605555e-03
1.803409477304e-03
1.801916574834e-03
1.800448238271e-03
1.799003024928e-03
1.818647718324e-03
1.817243703215e-03
1.815860360409e-03
1.814493468146e-03
1.813137717249e-03
1.811789024998e-03
1.810446520665e-03
1.809112819217e-03
1.807792333125e-03
1.806488653926e-03
1.825273765121e-03
1.823998291911e-03
1.822732551545e-03
1.821471608650e-03
1.820212023688e-03
1.818952191343e-03
1.817691747704e-03
1.816430713689e-03
1.815169341796e-03
1.813908512190e-03
1.831873140077e-03
1.830616466009e-03
1.829367813002e-03
1.828128558600e-03
1.826897715716e-03
1.825672128064e-03
1.824447287618e-03
1.823218910147e-03
1.821983950833e-03
1.820741210736e-03
1.837688238822e-03
1.836429462287e-03
1.835168812420e-03
1.833909806408e-03
1.832655196665e-03
1.831405860401e-03
1.830159989026e-03
1.828913224301e-03
1.827660044114e-03
1.826395566866e-03
1.842945515136e-03
1.841649987114e-03
1.840343193749e-03
1.839027854885e-03
1.837705949640e-03
1.836378347036e-03
1.835045324526e-03
1.833707088565e-03
1.832363658536e-03
1.831014110564e-03
1.848068594256e-03
1.846693564346e-03
1.845300447144e-03
1.843886363531e-03
1.842452108519e-03
1.841002181777e-03
1.839543018662e-03
1.838080130426e-03
1.836615794502e-03
1.835148530802e-03
1.853250088061e-03
1.851761509442e-03
1.850258968716e-03
1.848741212370e-03
1.847207977846e-03
1.845659299761e-03
1.844095616036e-03
1.842518538012e-03
1.840931702304e-03
1.839340462880e-03
1.858653010572e-03
1.857063850423e-03
1.855479257586e-03
1.853895454985e-03
1.852306782212e-03
1.850708306108e-03
1.849097674608e-03
1.847475461545e-03
1.845844287345e-03
1.844207470413e-03
1.864390410617e-03
1.862747767234e-03
1.861109530864e-03
1.859479500297e-03
1.857860587336e-03
1.856253410494e-03
1.854655548982e-03
1.853062146154e-03
1.851467968095e-03
1.849869733690e-03
1.870115189490e-03
1.868506685298e-03
1.866900966434e-03
1.865301697194e-03
1.863711337307e-03
1.862131617713e-03
1.860564485241e-03
1.859012557077e-03
1.857478454269e-03
1.855963214325e-03
1.874887506062e-03
1.873398231282e-03
1.871918047357e-03
1.870444126212e-03
1.868976758942e-03
1.867519058862e-03
1.866075225564e-03
1.864648600758e-03
1.863240818182e-03
1.861852500781e-03
1.878188272201e-03
1.876839328816e-03
1.875516745429e-03
1.874223011669e-03
1.872957802959e-03
1.871717282029e-03
1.870495477533e-03
1.869287029422e-03
1.868089651907e-03
1.866905115207e-03
1.879789806480e-03
1.878641278893e-03
1.877517771959e-03
1.876420166241e-03
1.875348344129e-03
1.874302863257e-03
1.873285467525e-03
1.872298006901e-03
1.871340263051e-03
1.870408440880e-03
1.880189502231e-03
1.879285152540e-03
1.878387874740e-03
1.877498872830e-03
1.876624642421e-03
1.875774110999e-03
1.874954572997e-03
1.874168852055e-03
1.873415019645e-03
1.872688557739e-03
1.880932041615e-03
1.880247966312e-03
1.879585692450e-03
1.878945341389e-03
1.878325067196e-03
1.877721174026e-03
1.877130284925e-03
1.876552488511e-03
1.875993156034e-03
1.875461745158e-03
1.883111270729e-03
1.882656644113e-03
1.882241736837e-03
1.881857724925e-03
1.881493782491e-03
1.881142367608e-03
1.880802404344e-03
1.880478756277e-03
1.880178506553e-03
1.879906722422e-03
1.887115630439e-03
1.886896212625e-03
1.886701358785e-03
1.886531400487e-03
1.886389312347e-03
1.886277884410e-03
1.886195849465e-03
1.886135957648e-03
1.886086782861e-03
1.886037544693e-03
1.893182108063e-03
1.893122464708e-03
1.893070496976e-03
1.893035587443e-03
1.893021581793e-03
1.893024223534e-03
1.893033031422e-03
1.893036258025e-03
1.893025500976e-03
1.892997278162e-03
1.900620269964e-03
1.900551604251e-03
1.900459194076e-03
1.900336049687e-03
1.900176076049e-03
1.899977646644e-03
1.899744547757e-03
1.899483107309e-03
1.899197249600e-03
1.898884426964e-03
1.908396156352e-03
1.907994940325e-03
1.907533883184e-03
1.907008635783e-03
1.906421519834e-03
1.905778350533e-03
1.905083949055e-03
1.904339566408e-03
1.903543360868e-03
1.902693453701e-03
1.915618180476e-03
1.914664141339e-03
1.913667530516e-03
1.912631905896e-03
1.911556575863e-03
1.910437651873e-03
1.909271558475e-03
1.908058776507e-03
1.906805279532e-03
1.905520693640e-03
1.920967658918e-03
1.919640739288e-03
1.918298549754e-03
1.916940226238e-03
1.915566572734e-03
1.914182450093e-03
1.912796153306e-03
1.911416286760e-03
1.910048355569e-03
1.908693526389e-03
1.924695155139e-03
1.923358933311e-03
1.922036335827e-03
1.920733679469e-03
1.919458161581e-03
1.918214440309e-03
1.917002778669e-03
1.915820355293e-03
1.914664690162e-03
1.913537051394e-03
1.928748847320e-03
1.927693792538e-03
1.926685396825e-03
1.925723268641e-03
1.924801455459e-03
1.923911693950e-03
1.923047942284e-03
1.922209139366e-03
1.921398598313e-03
1.920620494730e-03
1.934264843101e-03
1.933548948216e-03
1.932856887379e-03
1.932182847270e-03
1.931524557733e-03
1.930883551267e-03
1.930262347173e-03
1.929660682663e-03
1.929073359406e-03
1.928491501189e-03
1.941276467221e-03
1.940682121472e-03
1.940081791702e-03
1.939480894521e-03
1.938884154754e-03
1.938291810404e-03
1.937698450604e-03
1.937095551455e-03
1.936475794878e-03
1.935836346377e-03
1.948702038362e-03
1.948029585776e-03
1.947347548878e-03
1.946656245650e-03
1.945953348695e-03
1.945236553468e-03
1.944505897029e-03
1.943764207738e-03
1.943015089864e-03
1.942259752070e-03
1.955036971253e-03
1.954253808208e-03
1.953448258462e-03
1.952617096833e-03
1.951762661690e-03
1.950891864453e-03
1.950013023190e-03
1.949132213610e-03
1.948251192800e-03
1.947367724995e-03
1.960254989172e-03
1.959351704272e-03
1.958435583219e-03
1.957505027690e-03
1.956558446238e-03
1.955593756918e-03
1.954609315305e-03
1.953605534084e-03
1.952586015420e-03
1.951557425741e-03
1.964857231599e-03
1.963829477177e-03
1.962809508200e-03
1.961796076159e-03
1.960785198378e-03
1.959772552766e-03
1.958755549992e-03
1.957734476832e-03
1.956712260665e-03
1.955693485058e-03
1.968315207080e-03
1.967315423656e-03
1.966334152598e-03
1.965376231453e-03
1.964446326383e-03
1.963548540402e-03
1.962685735464e-03
1.961859046332e-03
1.961067936861e-03
1.960310851700e-03
1.970451969271e-03
1.969757303300e-03
1.969096865253e-03
1.968473616500e-03
1.967890618289e-03
1.967349805284e-03
1.966851177428e-03
1.966393086775e-03
1.965973320637e-03
1.965590315592e-03
1.972797214762e-03
1.972485437932e-03
1.972210764507e-03
1.971971306432e-03
1.971762726555e-03
1.971579050632e-03
1.971414154752e-03
1.971263262419e-03
1.971123475812e-03
1.970993064390e-03
1.976288625201e-03
1.976169189902e-03
1.976052589555e-03
1.975937095494e-03
1.975822705106e-03
1.975710913200e-03
1.975603058781e-03
1.975498337572e-03
1.975392584313e-03
1.975278949658e-03
1.979968043656e-03
1.979817269444e-03
1.979646152506e-03
1.979457792572e-03
1.979256985692e-03
1.979048109774e-03
1.978834046213e-03
1.978616540782e-03
1.978397279800e-03
1.978178399270e-03
1.982701500424e-03
1.982484660573e-03
1.982268199754e-03
1.982048120908e-03
1.981820962840e-03
1.981586473335e-03
1.981348933157e-03
1.981115849844e-03
1.980894955921e-03
1.980691071992e-03
1.984397398530e-03
1.984223283273e-03
1.984061021176e-03
1.983908950024e-03
1.983767363754e-03
1.983636982857e-03
1.983517357246e-03
1.983406319539e-03
1.983301498910e-03
1.983202618021e-03
1.986135778623e-03
1.986057683723e-03
1.985997831468e-03
1.985955941961e-03
1.985926175109e-03
1.985899205124e-03
1.985866437451e-03
1.985823849338e-03
1.985772987666e-03
1.985718988578e-03
1.988836514045e-03
1.988785539879e-03
1.988736296084e-03
1.988685594938e-03
1.988631524057e-03
1.988574298366e-03
1.988514935590e-03
1.988452587227e-03
1.988382912373e-03
1.988299115283e-03
1.992499016580e-03
1.992371449433e-03
1.992227481594e-03
1.992076300326e-03
1.991927199754e-03
1.991785464099e-03
1.991650610364e-03
1.991517992394e-03
1.991382149470e-03
1.991239761537e-03
1.996200126598e-03
1.996042509120e-03
1.995880358322e-03
1.995713382712e-03
1.995540861060e-03
1.995363514652e-03
1.995184817190e-03
1.995010377698e-03
1.994845594766e-03
1.994693103143e-03
1.999454276472e-03
1.999316364277e-03
1.999180083033e-03
1.999042226430e-03
1.998902215746e-03
1.998761223035e-03
1.998620614188e-03
1.998480883060e-03
1.998341764988e-03
1.998203272080e-03
2.002459143569e-03
2.002322653027e-03
2.002191452618e-03
2.002065985664e-03
2.001945127404e-03
2.001827180322e-03
2.001711257606e-03
2.001598163247e-03
2.001489852660e-03
2.001387910752e-03
2.004856452118e-03
2.004761554588e-03
2.004668123959e-03
2.004574911723e-03
2.004483390010e-03
2.004397427982e-03
2.004321538152e-03
2.004258763009e-03
2.004209659901e-03
2.004172873228e-03
2.006911438571e-03
2.006892026543e-03
2.006883014701e-03
2.006884696982e-03
2.006895696525e-03
2.006912495688e-03
2.006930554387e-03
2.006946547624e-03
2.006960394226e-03
2.006975488939e-03
2.009387782493e-03
2.009416360977e-03
2.009455629207e-03
2.009501754003e-03
2.009548185868e-03
2.009588235410e-03
2.009617256647e-03
2.009633365276e-03
2.009636592788e-03
2.009627259554e-03
2.012278495670e-03
2.012239095734e-03
2.012184598641e-03
2.012115081357e-03
2.012031895447e-03
2.011936611552e-03
2.011829519461e-03
2.011708427517e-03
2.011568858961e-03
2.011405453402e-03
2.014909971990e-03
2.014687359292e-03
2.014438720209e-03
2.014169039512e-03
2.013883422478e-03
2.013584945530e-03
2.013273701266e-03
2.012947282026e-03
2.012602434604e-03
2.012236906751e-03
2.016824825773e-03
2.016416555477e-03
2.015991762335e-03
2.015552793523e-03
2.015101103041e-03
2.014637843786e-03
2.014164668424e-03
2.013684463577e-03
2.013201028319e-03
2.012717793548e-03
2.018198919018e-03
2.017715134514e-03
2.017229263629e-03
2.016738759551e-03
2.016243639787e-03
2.015747759458e-03
2.015258054655e-03
2.014782281947e-03
2.014326304618e-03
2.013892335185e-03
2.019409000582e-03
2.019010910601e-03
2.018629240013e-03
2.018264257231e-03
2.017918190404e-03
2.017593815594e-03
2.017292852315e-03
2.017015676358e-03
2.016761959169e-03
2.016532180392e-03
2.020772810567e-03
2.020595029649e-03
2.020449410395e-03
2.020335941324e-03
2.020251050453e-03
2.020188490235e-03
2.020141655009e-03
2.020106257817e-03
2.020081569242e-03
2.020069822265e-03
2.022871728343e-03
2.022888781539e-03
2.022921052117e-03
2.022963894660e-03
2.023011650806e-03
2.023059549913e-03
2.023104658065e-03
2.023145542296e-03
2.023181028392e-03
2.023208998821e-03
2.026524333246e-03
2.026523697964e-03
2.026508019185e-03
2.026478006485e-03
2.026436124538e-03
2.026384873204e-03
2.026325152372e-03
2.026255224052e-03
2.026171399109e-03
2.026069953047e-03
2.031483375504e-03
2.031340377755e-03
2.031184064947e-03
2.031019905985e-03
2.030852462667e-03
2.030684222007e-03
2.030515701790e-03
2.030346709716e-03
2.030177686777e-03
2.030010378974e-03
2.036374386762e-03
2.036214315240e-03
2.036062696334e-03
2.035919763784e-03
2.035785278963e-03
2.035659650403e-03
2.035544504679e-03
2.035442396902e-03
2.035355548230e-03
2.035284724968e-03
2.040517157070e-03
2.040469319127e-03
2.040429442218e-03
2.040394914275e-03
2.040364644188e-03
2.040338676920e-03
2.040317122237e-03
2.040299065357e-03
2.040282115672e-03
2.040262627588e-03
2.044306816288e-03
2.044267831252e-03
2.044215197259e-03
2.044146533478e-03
2.044060037065e-03
2.043954504586e-03
2.043829278989e-03
2.043684322700e-03
2.043520013956e-03
2.043336678582e-03
2.047782021293e-03
2.047557708693e-03
2.047312016316e-03
2.047043727828e-03
2.046752324134e-03
2.046438368495e-03
2.046103401483e-03
2.045749828028e-03
2.045380733648e-03
2.045000038891e-03
2.050240559925e-03
2.049850158528e-03
2.049462901596e-03
2.049082229746e-03
2.048709442136e-03
2.048343861077e-03
2.047983988348e-03
2.047629221693e-03
2.047281235036e-03
2.046944099789e-03
2.051076599457e-03
2.050775505381e-03
2.050498355345e-03
2.050245767748e-03
2.050017002034e-03
2.049811248867e-03
2.049628651719e-03
2.049469894246e-03
2.049335088998e-03
2.049222608434e-03
2.050616347219e-03
2.050534972398e-03
2.050465449145e-03
2.050407689751e-03
2.050364126433e-03
2.050337899618e-03
2.050330448810e-03
2.050339890957e-03
2.050361446777e-03
2.050389594046e-03
2.049506549213e-03
2.049537549567e-03
2.049574690716e-03
2.049621867286e-03
2.049681332267e-03
2.049752396033e-03
2.049832387343e-03
2.049918860678e-03
2.050011603387e-03
2.050113117775e-03
2.047482901673e-03
2.047609025453e-03
2.047750893894e-03
2.047906904295e-03
2.048075649896e-03
2.048258266996e-03
2.048459347805e-03
2.048685466605e-03
2.048942144825e-03
2.049231163085e-03
2.044731864657e-03
2.045071486805e-03
2.045430799456e-03
2.045808493563e-03
2.046206967634e-03
2.046630556379e-03
2.047082833371e-03
2.047564807697e-03
2.048075235791e-03
2.048612516546e-03
2.042861814914e-03
2.043450608824e-03
2.044069930776e-03
2.044719589719e-03
2.045395777429e-03
2.046092004377e-03
2.046801848053e-03
2.047521955092e-03
2.048253448038e-03
2.049000545469e-03
2.042688871654e-03
2.043472967785e-03
2.044276277672e-03
2.045094407833e-03
2.045923297146e-03
2.046760815404e-03
2.047606544181e-03
2.048459749176e-03
2.049317543197e-03
2.050174524186e-03
2.044215155138e-03
2.045049718163e-03
2.045872657675e-03
2.046686139863e-03
2.047492399640e-03
2.048290695768e-03
2.049076209687e-03
2.049841479106e-03
2.050579523598e-03
2.051286478547e-03
2.047773371885e-03
2.048415135278e-03
2.049026555312e-03
2.049604453248e-03
2.050143473866e-03
2.050638665480e-03
2.051088077508e-03
2.051493286672e-03
2.051857560446e-03
2.052183024148e-03
2.052726164379e-03
2.052966573444e-03
2.053160872435e-03
2.053309343921e-03
2.053416680440e-03
2.053490312164e-03
2.053536969811e-03
2.053559837918e-03
2.053558098282e-03
2.053529155319e-03
2.057248439485e-03
2.057164543771e-03
2.057061799121e-03
2.056947635197e-03
2.056827655053e-03
2.056704193194e-03
2.056577450389e-03
2.056447800669e-03
2.056317836605e-03
2.056192364194e-03
2.060327699155e-03
2.060221940383e-03
2.060126671836e-03
2.060037446427e-03
2.059949352372e-03
2.059859831775e-03
2.059769757125e-03
2.059682453876e-03
2.059601275505e-03
2.059527097174e-03
2.063334180320e-03
2.063262452680e-03
2.063185341058e-03
2.063098844985e-03
2.063000738531e-03
2.062889880278e-03
2.062764985624e-03
2.062623800498e-03
2.062463252230e-03
2.062280239443e-03
2.067682405823e-03
2.067447653246e-03
2.067189216746e-03
2.066908784400e-03
2.066607353299e-03
2.066284313457e-03
2.065937354416e-03
2.065563295332e-03
2.065159528172e-03
2.064725568573e-03
2.072922452726e-03
2.072434013144e-03
2.071926895212e-03
2.071404453829e-03
2.070867330303e-03
2.070313966044e-03
2.069742373124e-03
2.069152269087e-03
2.068545965642e-03
2.067927469739e-03
2.078239237903e-03
2.077599666563e-03
2.076949100626e-03
2.076283571967e-03
2.075600788942e-03
2.074902298887e-03
2.074193302690e-03
2.073479821547e-03
2.072765004414e-03
2.072047057993e-03
2.083666771341e-03
2.082920171119e-03
2.082154951438e-03
2.081372466876e-03
2.080577105858e-03
2.079772273362e-03
2.078957338881e-03
2.078127162974e-03
2.077275235706e-03
2.076397887663e-03
2.089244846218e-03
2.088323472151e-03
2.087392431065e-03
2.086454853668e-03
2.085507690651e-03
2.084543397473e-03
2.083554327612e-03
2.082536891692e-03
2.081492719071e-03
2.080426459770e-03
2.093990222590e-03
2.092883644877e-03
2.091755506513e-03
2.090602599651e-03
2.089425213455e-03
2.088228191553e-03
2.087018721909e-03
2.085802019678e-03
2.084577905975e-03
2.083340548211e-03
2.097684681075e-03
2.096393589454e-03
2.095073809755e-03
2.093729702722e-03
2.092368034539e-03
2.090994452999e-03
2.089611666122e-03
2.088220094322e-03
2.086820142381e-03
2.085413774296e-03
2.100801648339e-03
2.099386644431e-03
2.097970674299e-03
2.096549853320e-03
2.095119057117e-03
2.093675182493e-03
2.092219834140e-03
2.090759387613e-03
2.089302535069e-03
2.087856683090e-03
2.103568673988e-03
2.102147894220e-03
2.100739982552e-03
2.099343252269e-03
2.097957320757e-03
2.096582587285e-03
2.095219044975e-03
2.093865723737e-03
2.092521775012e-03
2.091188399959e-03
2.106708481847e-03
2.105409136618e-03
2.104140253834e-03
2.102906756249e-03
2.101708725661e-03
2.100541944060e-03
2.099400534632e-03
2.098280403629e-03
2.097181198337e-03
2.096106274280e-03
2.110545036771e-03
2.109530077917e-03
2.108552847233e-03
2.107615971795e-03
2.106722191684e-03
2.105874689619e-03
2.105076100747e-03
2.104326619417e-03
2.103622804157e-03
2.102958003036e-03
2.114404006647e-03
2.113793612693e-03
2.113209559070e-03
2.112656240683e-03
2.112140440602e-03
2.111667813551e-03
2.111240126339e-03
2.110854519458e-03
2.110504630537e-03
2.110182701188e-03
2.117856728773e-03
2.117565435867e-03
2.117281295739e-03
2.116997833923e-03
2.116708836581e-03
2.116409609528e-03
2.116098230715e-03
2.115775829168e-03
2.115445364666e-03
2.115109124532e-03
2.121756046677e-03
2.121397861458e-03
2.121018816467e-03
2.120608794257e-03
2.120159243020e-03
2.119665258590e-03
2.119125897423e-03
2.118543152619e-03
2.117920378510e-03
2.117261050387e-03
2.126507333060e-03
2.125780888150e-03
2.125028914350e-03
2.124255751426e-03
2.123465018485e-03
2.122658451526e-03
2.121835563628e-03
2.120994507663e-03
2.120133790356e-03
2.119254269758e-03
2.130849883144e-03
2.129943346404e-03
2.129037603481e-03
2.128140232855e-03
2.127256711617e-03
2.126390253295e-03
2.125542771978e-03
2.124715848481e-03
2.123911275760e-03
2.123130604730e-03
2.134332790831e-03
2.133594888676e-03
2.132876789290e-03
2.132175212239e-03
2.131488344446e-03
2.130816829549e-03
2.130163556217e-03
2.129532329548e-03
2.128925972613e-03
2.128345112283e-03
2.138345749529e-03
2.137806012456e-03
2.137283628599e-03
2.136775659210e-03
2.136279511262e-03
2.135792337810e-03
2.135310652989e-03
2.134830780278e-03
2.134350046845e-03
2.133868152953e-03
2.143404918456e-03
2.142927957550e-03
2.142462369591e-03
2.142011423757e-03
2.141575196219e-03
2.141150603109e-03
2.140732695580e-03
2.140316381826e-03
2.139897798941e-03
2.139474845933e-03
2.148415295153e-03
2.147980188795e-03
2.147541650345e-03
2.147101646699e-03
2.146662892926e-03
2.146228425204e-03
2.145800360836e-03
2.145378590910e-03
2.144959748250e-03
2.144537518120e-03
2.153186111684e-03
2.152730588421e-03
2.152250869983e-03
2.151744787056e-03
2.151212924844e-03
2.150657518314e-03
2.150081048853e-03
2.149485402185e-03
2.148871362579e-03
2.148238478924e-03
2.158450395996e-03
2.157769013763e-03
2.157058851026e-03
2.156314451781e-03
2.155530972402e-03
2.154705674798e-03
2.153839098185e-03
2.152935035667e-03
2.151999479850e-03
2.151038698059e-03
2.163642413791e-03
2.162639495452e-03
2.161619734011e-03
2.160582811939e-03
2.159528153641e-03
2.158455454662e-03
2.157364655261e-03
2.156255816544e-03
2.155129414632e-03
2.153987027441e-03
2.167486188398e-03
2.166318839159e-03
2.165150292683e-03
2.163986301014e-03
2.162830361954e-03
2.161682872952e-03
2.160541609044e-03
2.159403231190e-03
2.158265045580e-03
2.157126261238e-03
2.170176138520e-03
2.169034730571e-03
2.167897281140e-03
2.166764486731e-03
2.165636453299e-03
2.164513549758e-03
2.163397187985e-03
2.162289875798e-03
2.161194283758e-03
2.160112080503e-03
2.172994675675e-03
2.171931086934e-03
2.170875563706e-03
2.169826066506e-03
2.168782612046e-03
2.167747627368e-03
2.166724936501e-03
2.165718456638e-03
2.164730975778e-03
2.163763934504e-03
2.176296319249e-03
2.175368204007e-03
2.174464589132e-03
2.173588451001e-03
2.172742243602e-03
2.171926482163e-03
2.171138907840e-03
2.170375123512e-03
2.169630447213e-03
2.168902159383e-03
2.179660158276e-03
2.178966179656e-03
2.178297977935e-03
2.177659117137e-03
2.177049907857e-03
2.176467225695e-03
2.175905700085e-03
2.175359804255e-03
2.174825046609e-03
2.174298042803e-03
2.183283688055e-03
2.182757536332e-03
2.182225791216e-03
2.181683588105e-03
2.181128930545e-03
2.180563906279e-03
2.179994010305e-03
2.179425443614e-03
2.178861567643e-03
2.178300669527e-03
2.187665278768e-03
2.187085055425e-03
2.186485163065e-03
2.185862318811e-03
2.185217876047e-03
2.184556306361e-03
2.183882996576e-03
2.183202824824e-03
2.182520270026e-03
2.181840249875e-03
2.192384682075e-03
2.191724514830e-03
2.191084256651e-03
2.190465484375e-03
2.189865788182e-03
2.189280352525e-03
2.188704881462e-03
2.188138423890e-03
2.187584679518e-03
2.187051033559e-03
2.196442688046e-03
2.195970413197e-03
2.195539477725e-03
2.195152251602e-03
2.194809193782e-03
2.194509610035e-03
2.194251823539e-03
2.194032979389e-03
2.193849291189e-03
2.193696801271e-03
2.200216144729e-03
2.200116551933e-03
2.200046399025e-03
2.200008374018e-03
2.200004819599e-03
2.200036564034e-03
2.200102782865e-03
2.200201599010e-03
2.200330753169e-03
2.200487945686e-03
2.204782234742e-03
2.204984086859e-03
2.205204254096e-03
2.205439441468e-03
2.205687850335e-03
2.205949620304e-03
2.206225918599e-03
2.206517524826e-03
2.206823410404e-03
2.207140626183e-03
2.209989247774e-03
2.210316722255e-03
2.210648934181e-03
2.210987326578e-03
2.211333411935e-03
2.211686915416e-03
2.212045116039e-03
2.212403675173e-03
2.212758616054e-03
2.213107826833e-03
2.214738452551e-03
2.215074142782e-03
2.215404366439e-03
2.215727536850e-03
2.216041649888e-03
2.216346032640e-03
2.216642686278e-03
2.216935719844e-03
2.217229264375e-03
2.217525078720e-03
2.218303234997e-03
2.218593358123e-03
2.218875337860e-03
2.219147601409e-03
2.219412070758e-03
2.219673194247e-03
2.219935539017e-03
2.220202282444e-03
2.220474965384e-03
2.220754815198e-03
2.220681492076e-03
2.220980959748e-03
2.221296264509e-03
2.221628186874e-03
2.221974267343e-03
2.222329843448e-03
2.222690590088e-03
2.223055135914e-03
2.223425952138e-03
2.223807824976e-03
2.222236985290e-03
2.222647554902e-03
2.223071985611e-03
2.223505505469e-03
2.223943327522e-03
2.224382091640e-03
2.224819739752e-03
2.225254108339e-03
2.225681764401e-03
2.226098305186e-03
2.224306889218e-03
2.224689027742e-03
2.225056865825e-03
2.225414113354e-03
2.225763565662e-03
2.226104954843e-03
2.226434363820e-03
2.226746093640e-03
2.227035551527e-03
2.227301432185e-03
2.227137092973e-03
2.227361927737e-03
2.227575319296e-03
2.227781421652e-03
2.227983793716e-03
2.228186541060e-03
2.228394957683e-03
2.228614967748e-03
2.228851478492e-03
2.229106774223e-03
2.229134630511e-03
2.229421365428e-03
2.229724471647e-03
2.230046880982e-03
2.230394865308e-03
2.230776125998e-03
2.231197188223e-03
2.231661418591e-03
2.232168937780e-03
2.232717883430e-03
2.230272040890e-03
2.230894119862e-03
2.231552248475e-03
2.232243716833e-03
2.232964089615e-03
2.233707661503e-03
2.234469163284e-03
2.235245195152e-03
2.236034692601e-03
2.236837665123e-03
2.232287290440e-03
2.233106733001e-03
2.233926696192e-03
2.234737662775e-03
2.235530603230e-03
2.236299064521e-03
2.237039831300e-03
2.237751884024e-03
2.238434691890e-03
2.239086691475e-03
2.235582030380e-03
2.236159950030e-03
2.236698529373e-03
2.237197001079e-03
2.237656003501e-03
2.238076438118e-03
2.238458381839e-03
2.238800757027e-03
2.239102149360e-03
2.239362446517e-03
2.238276100741e-03
2.238461124762e-03
2.238620484206e-03
2.238761482261e-03
2.238889104831e-03
2.239005248157e-03
2.239109444815e-03
2.239200741769e-03
2.239280001845e-03
2.239350888544e-03
2.239065561412e-03
2.239134137938e-03
2.239211540768e-03
2.239300008227e-03
2.239399993471e-03
2.239512102960e-03
2.239638875380e-03
2.239785275492e-03
2.239957268046e-03
2.240159431210e-03
2.239350832667e-03
2.239609886715e-03
2.239894284287e-03
2.240201665984e-03
2.240533051179e-03
2.240892677662e-03
2.241285597677e-03
2.241714707964e-03
2.242179088910e-03
2.242674863737e-03
2.241562517497e-03
2.242109545023e-03
2.242686969510e-03
2.243300896282e-03
2.243956275095e-03
2.244653542050e-03
2.245387698167e-03
2.246150296344e-03
2.246933461834e-03
2.247733114245e-03
2.246375407651e-03
2.247208473761e-03
2.248063422371e-03
2.248939133494e-03
2.249831728136e-03
2.250737009717e-03
2.251653255769e-03
2.252581899484e-03
2.253525566459e-03
2.254484385276e-03
2.253035299475e-03
2.253999655295e-03
2.254950932638e-03
2.255879304926e-03
2.256781072276e-03
2.257658855228e-03
2.258518551400e-03
2.259365057398e-03
2.260199398393e-03
2.261018674062e-03
2.260730736680e-03
2.261504209059e-03
2.262253688684e-03
2.262978983424e-03
2.263678449594e-03
2.264347525795e-03
2.264979730455e-03
2.265569805900e-03
2.266117072850e-03
2.266626715368e-03
2.267365824025e-03
2.267824113574e-03
2.268268005366e-03
2.268697004922e-03
2.269106889344e-03
2.269493192273e-03
2.269854305723e-03
2.270192170954e-03
2.270510531616e-03
2.270812299798e-03
2.270863826595e-03
2.271129091127e-03
2.271378271416e-03
2.271614694166e-03
2.271844547693e-03
2.272074455846e-03
2.272308305237e-03
2.272545471783e-03
2.272781963370e-03
2.273013690740e-03
2.271933323925e-03
2.272153572278e-03
2.272379436022e-03
2.272617715505e-03
2.272871857713e-03
2.273141123908e-03
2.273422547887e-03
2.273714069077e-03
2.274016563604e-03
2.274333668652e-03
2.272210606691e-03
2.272563422764e-03
2.272936711563e-03
2.273329016589e-03
2.273740437033e-03
2.274174492072e-03
2.274637319488e-03
2.275134856291e-03
2.275669535663e-03
2.276238789534e-03
2.272806448445e-03
2.273422715746e-03
2.274057673560e-03
2.274712327221e-03
2.275390445959e-03
2.276095455500e-03
2.276828039783e-03
2.277585638524e-03
2.278364349252e-03
2.279161272952e-03
2.274735735341e-03
2.275564577701e-03
2.276410292609e-03
2.277268977878e-03
2.278133710490e-03
2.278996610244e-03
2.279851719436e-03
2.280696607272e-03
2.281531829112e-03
2.282358427919e-03
2.278108677217e-03
2.278907491529e-03
2.279685642236e-03
2.280437515878e-03
2.281160637210e-03
2.281856141565e-03
2.282527064665e-03
2.283175568721e-03
2.283801050964e-03
2.284400114320e-03
2.281922978568e-03
2.282453576072e-03
2.282950124993e-03
2.283414397709e-03
2.283848656418e-03
2.284254218807e-03
2.284631507507e-03
2.284981493062e-03
2.285307775992e-03
2.285617352186e-03
2.284891875490e-03
2.285191153760e-03
2.285496758816e-03
2.285808442593e-03
2.286121599184e-03
2.286430374227e-03
2.286731083018e-03
2.287024524890e-03
2.287315846218e-03
2.287612597001e-03
2.286594733164e-03
2.286917740037e-03
2.287262690800e-03
2.287632246123e-03
2.288028960550e-03
2.288454992936e-03
2.288910559400e-03
2.289392267812e-03
2.289892743875e-03
2.290402323467e-03
2.288024534892e-03
2.288526980180e-03
2.289029008125e-03
2.289538196464e-03
2.290063274131e-03
2.290609807233e-03
2.291177589939e-03
2.291760919036e-03
2.292351341168e-03
2.292940977952e-03
2.290594530223e-03
2.291165172778e-03
2.291724630936e-03
2.292269776149e-03
2.292796745564e-03
2.293302799615e-03
2.293788550389e-03
2.294258606696e-03
2.294719935833e-03
2.295177996189e-03
2.294417365420e-03
2.294861491919e-03
2.295288843698e-03
2.295691170843e-03
2.296064663085e-03
2.296411329496e-03
2.296737124198e-03
2.297048284959e-03
2.297348406103e-03
2.297637845402e-03
2.298796894422e-03
2.299059421546e-03
2.299312487992e-03
2.299559749929e-03
2.299803743369e-03
2.300043910623e-03
2.300276870187e-03
2.300498914451e-03
2.300709215490e-03
2.300911452323e-03
2.303257389826e-03
2.303461183601e-03
2.303674701068e-03
2.303897065246e-03
2.304124339503e-03
2.304352789338e-03
2.304581401518e-03
2.304812369175e-03
2.305049084896e-03
2.305293567304e-03
2.307550056514e-03
2.307801790096e-03
2.308055530648e-03
2.308311603883e-03
2.308572814741e-03
2.308842371406e-03
2.309121074802e-03
2.309405917231e-03
2.309691226344e-03
2.309971468435e-03
2.311835052467e-03
2.312096910430e-03
2.312355512458e-03
2.312612754395e-03
2.312867006935e-03
2.313113339596e-03
2.313345885966e-03
2.313560895118e-03
2.313758227899e-03
2.313940455224e-03
2.316152028868e-03
2.316305469094e-03
2.316444377925e-03
2.316564849991e-03
2.316664225589e-03
2.316742687071e-03
2.316802904545e-03
2.316847915040e-03
2.316878914485e-03
2.316894491798e-03
2.320113558710e-03
2.320087311773e-03
2.320043641873e-03
2.319988024794e-03
2.319927475924e-03
2.319867887707e-03
2.319812018015e-03
2.319759351622e-03
2.319707828519e-03
2.319655901431e-03
2.322926488375e-03
2.322872390380e-03
2.322824458872e-03
2.322785934211e-03
2.322759122649e-03
2.322745601873e-03
2.322746937068e-03
2.322765017254e-03
2.322801756293e-03
2.322858268769e-03
2.324796181199e-03
2.324883438177e-03
2.324983513745e-03
2.325092299884e-03
2.325206616547e-03
2.325325042193e-03
2.325448021338e-03
2.325577177828e-03
2.325714221456e-03
2.325859755558e-03
2.327255685600e-03
2.327407671316e-03
2.327558658692e-03
2.327703412277e-03
2.327837591338e-03
2.327958462445e-03
2.328065051699e-03
2.328157542479e-03
2.328236571145e-03
2.328302762976e-03
2.330981820421e-03
2.331020149427e-03
2.331047245548e-03
2.331063396014e-03
2.331067864645e-03
2.331058503216e-03
2.331032000427e-03
2.330985043386e-03
2.330915830669e-03
2.330825140064e-03
2.335312167077e-03
2.335185899028e-03
2.335049322596e-03
2.334904033603e-03
2.334749239878e-03
2.334582603339e-03
2.334401282837e-03
2.334202909424e-03
2.333985698215e-03
2.333748150363e-03
2.339693103352e-03
2.339407363081e-03
2.339098906532e-03
2.338769169569e-03
2.338420591514e-03
2.338055503344e-03
2.337674721161e-03
2.337276788637e-03
2.336858272315e-03
2.336415290813e-03
2.344051906732e-03
2.343549211503e-03
2.343019345972e-03
2.342464511912e-03
2.341887150578e-03
2.341289633875e-03
2.340674475647e-03
2.340044702464e-03
2.339403565315e-03
2.338753868230e-03
2.347563148135e-03
2.346894915604e-03
2.346218586240e-03
2.345534143728e-03
2.344843897674e-03
2.344152830801e-03
2.343467721687e-03
2.342795342145e-03
2.342140950248e-03
2.341507843994e-03
2.349381294607e-03
2.348792431690e-03
2.348230531993e-03
2.347697913194e-03
2.347196426058e-03
2.346727072620e-03
2.346290299784e-03
2.345887237141e-03
2.345520700374e-03
2.345195416183e-03
2.350026108161e-03
2.349795330872e-03
2.349617293135e-03
2.349490576705e-03
2.349411815771e-03
2.349377657765e-03
2.349386149888e-03
2.349436969382e-03
2.349530612150e-03
2.349667151179e-03
2.350898635314e-03
2.351114789860e-03
2.351371095529e-03
2.351668009283e-03
2.352006569083e-03
2.352386998098e-03
2.352807261104e-03
2.353262570921e-03
2.353746491792e-03
2.354252868145e-03
2.353076376494e-03
2.353614751655e-03
2.354170481397e-03
2.354743882165e-03
2.355333928051e-03
2.355937968730e-03
2.356552775609e-03
2.357175694954e-03
2.357805358884e-03
2.358441163153e-03
2.356790518832e-03
2.357430311179e-03
2.358068423462e-03
2.358700284674e-03
2.359322455334e-03
2.359933825403e-03
2.360535481102e-03
2.361129504663e-03
2.361717459507e-03
2.362299437152e-03
2.361812883578e-03
2.362375578912e-03
2.362929213916e-03
2.363474644767e-03
2.364013720126e-03
2.364548073501e-03
2.365078187495e-03
2.365603229293e-03
2.366121684361e-03
2.366632483529e-03
2.367487388653e-03
2.367981882458e-03
2.368473028980e-03
2.368963229287e-03
2.369454158554e-03
2.369946493161e-03
2.370440144091e-03
2.370934820362e-03
2.371430242476e-03
2.371926163335e-03
2.373234211234e-03
2.373726322389e-03
2.374215547377e-03
2.374699718985e-03
2.375176681596e-03
2.375644913172e-03
2.376103739493e-03
2.376553391798e-03
2.376994570966e-03
2.377427747319e-03
2.378827148902e-03
2.379238643528e-03
2.379636608225e-03
2.380017137625e-03
2.380376465339e-03
2.380711766193e-03
2.381021538099e-03
2.381305261565e-03
2.381562829498e-03
2.381793898849e-03
2.383730039639e-03
2.383901728535e-03
2.384044654889e-03
2.384159008272e-03
2.384245457051e-03
2.384304475868e-03
2.384335692511e-03
2.384337759906e-03
2.384308923070e-03
2.384248220721e-03
2.387276325635e-03
2.387151808875e-03
2.387002719558e-03
2.386832938669e-03
2.386645287174e-03
2.386441349813e-03
2.386222096618e-03
2.385988987839e-03
2.385744639412e-03
2.385492754968e-03
2.389239631839e-03
2.388980545788e-03
2.388724484149e-03
2.388473850715e-03
2.388231355098e-03
2.388000517328e-03
2.387785659437e-03
2.387591179001e-03
2.387420827745e-03
2.387277440675e-03
2.390258889363e-03
2.390172501862e-03
2.390120574603e-03
2.390106234770e-03
2.390132158268e-03
2.390199736226e-03
2.390308887470e-03
2.390458606669e-03
2.390647793789e-03
2.390875887045e-03
2.391823878725e-03
2.392126085908e-03
2.392466633751e-03
2.392844289659e-03
2.393257570589e-03
2.393705352063e-03
2.394186836227e-03
2.394700752859e-03
2.395244180661e-03
2.395811877136e-03
2.395296670159e-03
2.395887688522e-03
2.396483398456e-03
2.397081398954e-03
2.397681943478e-03
2.398286315213e-03
2.398895077476e-03
2.399507148539e-03
2.400120167295e-03
2.400731546970e-03
2.400748919683e-03
2.401346782392e-03
2.401937113461e-03
2.402516000870e-03
2.403078266354e-03
2.403619174572e-03
2.404136851169e-03
2.404633604385e-03
2.405115378735e-03
2.405589190062e-03
2.406784318282e-03
2.407248640623e-03
2.407708216595e-03
2.408158338255e-03
2.408594607061e-03
2.409014140767e-03
2.409415176317e-03
2.409796049960e-03
2.410154557936e-03
2.410488635292e-03
2.412275475820e-03
2.412558753065e-03
2.412824489511e-03
2.413077241499e-03
2.413318567847e-03
2.413545284696e-03
2.413750076073e-03
2.413924329858e-03
2.414061285208e-03
2.414158017302e-03
2.416684861885e-03
2.416700849153e-03
2.416681684849e-03
2.416628926710e-03
2.416544285950e-03
2.416430756114e-03
2.416292727730e-03
2.416134503449e-03
2.415958179256e-03
2.415762464580e-03
2.419416180373e-03
2.419166943071e-03
2.418891845139e-03
2.418596540906e-03
2.418290787944e-03
2.417985347563e-03
2.417688997070e-03
2.417407103849e-03
2.417142499837e-03
2.416897549551e-03
2.420464366367e-03
2.420265295768e-03
2.420096728599e-03
2.419959749204e-03
2.419853432059e-03
2.419776830777e-03
2.419731642760e-03
2.419723537628e-03
2.419760972202e-03
2.419851853688e-03
2.421164556608e-03
2.421364637769e-03
2.421614334594e-03
2.421906382892e-03
2.422235305289e-03
2.422598464591e-03
2.422994853021e-03
2.423423076664e-03
2.423880027720e-03
2.424361544058e-03
2.423587900523e-03
2.424108413436e-03
2.424652233685e-03
2.425221800081e-03
2.425816702385e-03
2.426431727770e-03
2.427057643047e-03
2.427684126587e-03
2.428303383908e-03
2.428912172093e-03
2.427636938762e-03
2.428225012807e-03
2.428807574177e-03
2.429384573190e-03
2.429955074831e-03
2.430519156633e-03
2.431078843415e-03
2.431637402083e-03
2.432197107112e-03
2.432757007398e-03
2.431765103154e-03
2.432304818853e-03
2.432826965730e-03
2.433328993504e-03
2.433812875609e-03
2.434283871935e-03
2.434748000212e-03
2.435209674786e-03
2.435670921273e-03
2.436131902471e-03
2.435814792420e-03
2.436270781232e-03
2.436726147437e-03
2.437179680555e-03
2.437628042117e-03
2.438065832109e-03
2.438487189920e-03
2.438887947505e-03
2.439267676493e-03
2.439630154242e-03
2.439920835286e-03
2.440265885411e-03
2.440612412954e-03
2.440961818138e-03
2.441311991618e-03
2.441658693442e-03
2.441997261769e-03
2.442323883031e-03
2.442636109151e-03
2.442932473514e-03
2.443153832473e-03
2.443413461265e-03
2.443658062418e-03
2.443891407665e-03
2.444119500410e-03
2.444349437837e-03
2.444587216928e-03
2.444835428662e-03
2.445092035657e-03
2.445350880691e-03
2.445080985410e-03
2.445318474940e-03
2.445540166264e-03
2.445746735248e-03
2.445941885867e-03
2.446130331123e-03
2.446316124690e-03
2.446501977261e-03
2.446689387057e-03
2.446879193258e-03
2.446938875664e-03
2.447129538780e-03
2.447317176177e-03
2.447495293382e-03
2.447656167988e-03
2.447793076499e-03
2.447902648271e-03
2.447985918195e-03
2.448047673170e-03
2.448094212923e-03
2.449906054892e-03
2.449933339449e-03
2.449952784616e-03
2.449961846196e-03
2.449957100282e-03
2.449935131381e-03
2.449892772347e-03
2.449827167538e-03
2.449736176516e-03
2.449619145125e-03
2.453516084870e-03
2.453353248143e-03
2.453177468112e-03
2.452995847534e-03
2.452814067681e-03
2.452635235556e-03
2.452459750032e-03
2.452286226742e-03
2.452112670994e-03
2.451937384990e-03
2.456407075954e-03
2.456223462730e-03
2.456037624256e-03
2.455851579384e-03
2.455669068013e-03
2.455495442462e-03
2.455336876722e-03
2.455198838334e-03
2.455084789574e-03
2.454995359869e-03
2.458488001025e-03
2.458437395319e-03
2.458403263688e-03
2.458383348539e-03
2.458376470202e-03
2.458382118618e-03
2.458400317835e-03
2.458431622699e-03
2.458477614823e-03
2.458541166448e-03
2.460741402729e-03
2.460848022736e-03
2.460982595721e-03
2.461145262714e-03
2.461333478095e-03
2.461542776928e-03
2.461768278806e-03
2.462006158964e-03
2.462254552086e-03
2.462513680996e-03
2.463445273236e-03
2.463728193959e-03
2.464028350687e-03
2.464347958551e-03
2.464689136673e-03
2.465053807214e-03
2.465443420988e-03
2.465858165181e-03
2.466296355465e-03
2.466754071179e-03
2.466762922893e-03
2.467239425812e-03
2.467719585241e-03
2.468201804959e-03
2.468687480928e-03
2.469180201842e-03
2.469683795482e-03
2.470200528023e-03
2.470730156801e-03
2.471270055935e-03
2.471619845949e-03
2.472165529298e-03
2.472710335837e-03
2.473250852120e-03
2.473782974107e-03
2.474301679456e-03
2.474801937240e-03
2.475280238116e-03
2.475736227439e-03
2.476173011758e-03
2.478033758166e-03
2.478443696134e-03
2.478845133112e-03
2.479235256374e-03
2.479608320016e-03
2.479958205640e-03
2.480280752934e-03
2.480574846800e-03
2.480841563056e-03
2.481082464953e-03
2.484102484573e-03
2.484290763164e-03
2.484455000285e-03
2.484598292199e-03
2.484726292664e-03
2.484845485412e-03
2.484960617664e-03
2.485072548552e-03
2.485178081884e-03
2.485272160754e-03
2.488107502472e-03
2.488168266325e-03
2.488218462759e-03
2.488265079876e-03
2.488314840150e-03
2.488372326241e-03
2.488439911474e-03
2.488519210772e-03
2.488612783452e-03
2.488724533521e-03
2.489971178136e-03
2.490125535189e-03
2.490302522688e-03
2.490498126519e-03
2.490708165794e-03
2.490931445777e-03
2.491171289478e-03
2.491434844217e-03
2.491730151235e-03
2.492063032889e-03
2.491289901059e-03
2.491695896651e-03
2.492135861417e-03
2.492606902706e-03
2.493107526675e-03
2.493636810470e-03
2.494192856147e-03
2.494771999352e-03
2.495369624455e-03
2.495982381845e-03
2.494244969398e-03
2.494887679120e-03
2.495554278596e-03
2.496248904436e-03
2.496971681751e-03
2.497717943243e-03
2.498479632152e-03
2.499248169158e-03
2.500016873626e-03
2.500781982121e-03
2.499410382882e-03
2.500159848353e-03
2.500901740177e-03
2.501634862710e-03
2.502359206687e-03
2.503076767596e-03
2.503791136917e-03
2.504505522381e-03
2.505220529031e-03
2.505932829308e-03
2.505695854438e-03
2.506376941653e-03
2.507034212044e-03
2.507664611642e-03
2.508268646011e-03
2.508849080641e-03
2.509409464437e-03
2.509953017125e-03
2.510482539719e-03
2.511000621951e-03
2.511864983774e-03
2.512362690197e-03
2.512851856750e-03
2.513328887687e-03
2.513787863904e-03
2.514222326454e-03
2.514627324217e-03
2.515000958397e-03
2.515344522294e-03
2.515661552707e-03
2.517115556827e-03
2.517388663136e-03
2.517646283650e-03
2.517890569095e-03
2.518122730805e-03
2.518342427322e-03
2.518547230750e-03
2.518732581507e-03
2.518892799230e-03
2.519022992942e-03
2.520920395341e-03
2.520984449063e-03
2.521022905114e-03
2.521042366254e-03
2.521049112147e-03
2.521047996311e-03
2.521042337378e-03
2.521034277152e-03
2.521025271790e-03
2.521015821060e-03
2.522883821882e-03
2.522864961747e-03
2.522838673372e-03
2.522802541307e-03
2.522756966755e-03
2.522706125376e-03
2.522657023121e-03
2.522617547697e-03
2.522594069603e-03
2.522590037074e-03
2.523572830512e-03
2.523603647319e-03
2.523650851629e-03
2.523712161121e-03
2.523785179960e-03
2.523867258446e-03
2.523955862216e-03
2.524049635326e-03
2.524149473743e-03
2.524258899030e-03
2.524171422294e-03
2.524311619766e-03
2.524474290624e-03
2.524659380470e-03
2.524864401153e-03
2.525085882780e-03
2.525320708912e-03
2.525566763609e-03
2.525822838948e-03
2.526088304194e-03
2.525303755306e-03
2.525585239312e-03
2.525880685539e-03
2.526194707514e-03
2.526532051263e-03
2.526895663834e-03
2.527285369695e-03
2.527697987091e-03
2.528128903180e-03
2.528574215319e-03
2.527229219197e-03
2.527695899744e-03
2.528176937403e-03
2.528673012193e-03
2.529183674483e-03
2.529707975441e-03
2.530245512503e-03
2.530796915835e-03
2.531362872446e-03
2.531942467328e-03
2.530060585741e-03
2.530648391826e-03
2.531230953537e-03
2.531802080853e-03
2.532359349402e-03
2.532904059137e-03
2.533439378624e-03
2.533967748036e-03
2.534489234904e-03
2.535001601927e-03
2.533639873320e-03
2.534122021700e-03
2.534589199854e-03
2.535041366571e-03
2.535477715185e-03
2.535896097640e-03
2.536293737933e-03
2.536669231347e-03
2.537024337926e-03
2.537364316822e-03
2.536790004854e-03
2.537118175496e-03
2.537450453133e-03
2.537788442908e-03
2.538131397159e-03
2.538478022473e-03
2.538827636840e-03
2.539180470080e-03
2.539537139285e-03
2.539898055147e-03
2.538552981150e-03
2.538919945096e-03
2.539294072619e-03
2.539678778533e-03
2.540077918979e-03
2.540494403718e-03
2.540928735300e-03
2.541378779938e-03
2.541840240212e-03
2.542307852934e-03
2.539882210669e-03
2.540343445560e-03
2.540796919106e-03
2.541239234120e-03
2.541668105607e-03
2.542082785226e-03
2.542484205321e-03
2.542874428514e-03
2.543255418971e-03
2.543627690045e-03
2.542143070855e-03
2.542487566018e-03
2.542814345077e-03
2.543120030850e-03
2.543402657011e-03
2.543661670359e-03
2.543897540704e-03
2.544111552481e-03
2.544305956576e-03
2.544484502664e-03
2.545042072597e-03
2.545202288275e-03
2.545364473974e-03
2.545532936722e-03
2.545709479989e-03
2.545893720537e-03
2.546084455219e-03
2.546281209447e-03
2.546485235882e-03
2.546699449510e-03
2.547545046696e-03
2.547787348590e-03
2.548050499854e-03
2.548336942027e-03
2.548648809295e-03
2.548988049284e-03
2.549356112866e-03
2.549753363041e-03
2.550178520437e-03
2.550628823315e-03
2.550196467098e-03
2.550682100434e-03
2.551183337800e-03
2.551699066544e-03
2.552229095841e-03
2.552773315131e-03
2.553330955379e-03
2.553900136434e-03
2.554477945012e-03
2.555061001090e-03
2.553727071302e-03
2.554305969284e-03
2.554881572735e-03
2.555452328693e-03
2.556016941071e-03
2.556574228720e-03
2.557122945177e-03
2.557661815160e-03
2.558189886372e-03
2.558706563832e-03
2.557115558432e-03
2.557604058097e-03
2.558080438348e-03
2.558543832947e-03
2.558993234118e-03
2.559428141069e-03
2.559849199031e-03
2.560258548954e-03
2.560659317339e-03
2.561054528542e-03
2.559159517830e-03
2.559543923155e-03
2.559924033676e-03
2.560298624473e-03
2.560667291448e-03
2.561030959157e-03
2.561391536460e-03
2.561750932557e-03
2.562110471672e-03
2.562470740827e-03
2.560194682246e-03
2.560555230730e-03
2.560920911947e-03
2.561294850409e-03
2.561679583266e-03
2.562076037805e-03
2.562483232282e-03
2.562899145516e-03
2.563322051003e-03
2.563751888545e-03
2.561051005614e-03
2.561497497652e-03
2.561958590320e-03
2.562436104995e-03
2.562930695831e-03
2.563442479527e-03
2.563972077894e-03
2.564521010186e-03
2.565091464362e-03
2.565685269985e-03
2.561810399982e-03
2.562447318553e-03
2.563105386685e-03
2.563782970356e-03
2.564479612829e-03
2.565196333705e-03
2.565934951235e-03
2.566697126554e-03
2.567483310202e-03
2.568292545106e-03
2.562077093842e-03
2.562921657329e-03
2.563783235644e-03
2.564660751943e-03
2.565553352611e-03
2.566459740251e-03
2.567377584739e-03
2.568303742180e-03
2.569234811688e-03
2.570167948875e-03
2.561440281113e-03
2.562368219401e-03
2.563295256493e-03
2.564220366821e-03
2.565141302455e-03
2.566054908868e-03
2.566957851514e-03
2.567847679529e-03
2.568723553622e-03
2.569586113395e-03
2.559783219510e-03
2.560617969777e-03
2.561442270689e-03
2.562255713485e-03
2.563057799534e-03
2.563848808848e-03
2.564630062523e-03
2.565403703443e-03
2.566171915191e-03
2.566936439507e-03
2.557078598898e-03
2.557834894503e-03
2.558593272738e-03
2.559357988105e-03
2.560134288444e-03
2.560927247998e-03
2.561740572162e-03
2.562575919740e-03
2.563433293744e-03
2.564312087145e-03
2.553453803273e-03
2.554370469511e-03
2.555311069671e-03
2.556277580823e-03
2.557271561443e-03
2.558294171649e-03
2.559346424164e-03
2.560429491894e-03
2.561544519153e-03
2.562691968080e-03
2.549842796554e-03
2.551043389929e-03
2.552267157910e-03
2.553508922801e-03
2.554764404408e-03
2.556031062340e-03
2.557307821064e-03
2.558594273125e-03
2.559889536656e-03
2.561191818188e-03
2.547575798303e-03
2.548877678123e-03
2.550178920842e-03
2.551477299448e-03
2.552770296120e-03
2.554054480981e-03
2.555325712365e-03
2.556579917780e-03
2.557814203669e-03
2.559027625637e-03
2.546843928826e-03
2.548011546821e-03
2.549161193258e-03
2.550291795899e-03
2.551400729487e-03
2.552484832222e-03
2.553541919553e-03
2.554571504845e-03
2.555574707515e-03
2.556553288457e-03
2.546673163920e-03
2.547598785497e-03
2.548500978492e-03
2.549379463176e-03
2.550234648538e-03
2.551067644447e-03
2.551879471355e-03
2.552670211344e-03
2.553438699977e-03
2.554183117525e-03
2.545903620785e-03
2.546593379748e-03
2.547262801670e-03
2.547917367394e-03
2.548562617790e-03
2.549202482385e-03
2.549838307687e-03
2.550469192727e-03
2.551093244108e-03
2.551709017382e-03
2.543779515179e-03
2.544374634795e-03
2.544964417496e-03
2.545551000253e-03
2.546136637591e-03
2.546724268313e-03
2.547317978213e-03
2.547922950953e-03
2.548544547778e-03
2.549186724991e-03
2.541031156966e-03
2.541710377102e-03
2.542405858321e-03
2.543113348167e-03
2.543829997478e-03
2.544555449276e-03
2.545291794547e-03
2.546042526717e-03
2.546811295929e-03
2.547601093852e-03
2.539445167372e-03
2.540276853608e-03
2.541133532304e-03
2.542015011898e-03
2.542919818438e-03
2.543844706111e-03
2.544784948725e-03
2.545735265187e-03
2.546691168675e-03
2.547650426663e-03
2.539572985029e-03
2.540536652134e-03
2.541510306230e-03
2.542496800686e-03
2.543497137594e-03
2.544510159794e-03
2.545532946840e-03
2.546561667771e-03
2.547592279711e-03
2.548620961534e-03
2.540645648082e-03
2.541653199842e-03
2.542648682379e-03
2.543630057801e-03
2.544596886310e-03
2.545550470472e-03
2.546493340560e-03
2.547427975230e-03
2.548355346789e-03
2.549274016303e-03
2.541983678441e-03
2.542864547479e-03
2.543722663688e-03
2.544554941835e-03
2.545360572299e-03
2.546140552965e-03
2.546896638307e-03
2.547630425738e-03
2.548343166893e-03
2.549036194978e-03
2.542703302595e-03
2.543356574563e-03
2.543997248495e-03
2.544626557437e-03
2.545243782265e-03
2.545846686644e-03
2.546433049758e-03
2.547002643325e-03
2.547558256992e-03
2.548105429469e-03
2.541660684585e-03
2.542203159408e-03
2.542751078067e-03
2.543304187270e-03
2.543861003232e-03
2.544420377887e-03
2.544982387917e-03
2.545547832256e-03
2.546117147347e-03
2.546689645499e-03
2.539213433749e-03
2.539783711882e-03
2.540355644442e-03
2.540932142097e-03
2.541516774727e-03
2.542111636558e-03
2.542715504717e-03
2.543323750956e-03
2.543929935996e-03
2.544528316832e-03
2.537004702162e-03
2.537577420469e-03
2.538141308378e-03
2.538698740238e-03
2.539251462565e-03
2.539800824422e-03
2.540348588923e-03
2.540897547760e-03
2.541450828744e-03
2.542010626939e-03
2.535439637711e-03
2.536006276443e-03
2.536573937334e-03
2.537141255800e-03
2.537710205900e-03
2.538286412857e-03
2.538877438383e-03
2.539490654101e-03
2.540131678359e-03
2.540804248326e-03
2.534077148084e-03
2.534817017931e-03
2.535596323696e-03
2.536416237263e-03
2.537275453165e-03
2.538170144817e-03
2.539095607347e-03
2.540048729827e-03
2.541029791303e-03
2.542042355230e-03
2.533257478206e-03
2.534340303328e-03
2.535461326772e-03
2.536615952806e-03
2.537797704520e-03
2.539000492106e-03
2.540219521620e-03
2.541450619674e-03
2.542688407175e-03
2.543925399664e-03
2.533732347558e-03
2.534935357176e-03
2.536116178305e-03
2.537274780138e-03
2.538413976197e-03
2.539536239397e-03
2.540640679285e-03
2.541722224692e-03
2.542773134905e-03
2.543786075080e-03
2.534669764088e-03
2.535589896183e-03
2.536467610298e-03
2.537303729525e-03
2.538097798208e-03
2.538848681979e-03
2.539556574504e-03
2.540224714153e-03
2.540859336818e-03
2.541467860681e-03
2.533648197868e-03
2.534211655075e-03
2.534755502722e-03
2.535276763865e-03
2.535773715749e-03
2.536247598016e-03
2.536702800228e-03
2.537145282702e-03
2.537580725118e-03
2.538013286880e-03
2.530107825464e-03
2.530536493339e-03
2.530970179066e-03
2.531412062183e-03
2.531864848152e-03
2.532329763881e-03
2.532806139129e-03
2.533291937482e-03
2.533785195396e-03
2.534285316926e-03
2.525802845355e-03
2.526316949854e-03
2.526846709543e-03
2.527395611025e-03
2.527965837373e-03
2.528558017275e-03
2.529171413187e-03
2.529804520350e-03
2.530455449971e-03
2.531122406594e-03
2.522099202508e-03
2.522789725845e-03
2.523494389777e-03
2.524214175594e-03
2.524950670022e-03
2.525705613550e-03
2.526480449717e-03
2.527276007015e-03
2.528092219222e-03
2.528928102606e-03
2.519211973947e-03
2.520076259543e-03
2.520952432690e-03
2.521837317204e-03
2.522728201143e-03
2.523623330717e-03
2.524522115436e-03
2.525424875387e-03
2.526332399555e-03
2.527245129045e-03
2.517508866674e-03
2.518424332720e-03
2.519339355104e-03
2.520250016801e-03
2.521152309214e-03
2.522042596809e-03
2.522917922931e-03
2.523776032092e-03
2.524615081882e-03
2.525433524227e-03
2.517314513113e-03
2.518084297094e-03
2.518832359613e-03
2.519559921893e-03
2.520268486307e-03
2.520958963260e-03
2.521630891522e-03
2.522282290727e-03
2.522910158802e-03
2.523511586219e-03
2.517747527008e-03
2.518287914711e-03
2.518802183886e-03
2.519292989120e-03
2.519762941233e-03
2.520214308106e-03
2.520649223243e-03
2.521070204807e-03
2.521480357530e-03
2.521882898407e-03
2.517596935604e-03
2.517983697373e-03
2.518363492300e-03
2.518733257773e-03
2.519090280202e-03
2.519433846089e-03
2.519766008277e-03
2.520090920314e-03
2.520413521040e-03
2.520738007888e-03
2.516697468764e-03
2.517026951978e-03
2.517362603157e-03
2.517704526042e-03
2.518052463074e-03
2.518405335422e-03
2.518760863722e-03
2.519115885661e-03
2.519467452771e-03
2.519814207403e-03
2.515412283174e-03
2.515750385953e-03
2.516093832298e-03
2.516447409050e-03
2.516813967588e-03
2.517193984204e-03
2.517585850796e-03
2.517986975590e-03
2.518394739525e-03
2.518807222089e-03
2.513786899783e-03
2.514200606072e-03
2.514617575059e-03
2.515038822310e-03
2.515466366162e-03
2.515903281562e-03
2.516353160274e-03
2.516819367827e-03
2.517304027037e-03
2.517807330094e-03
2.512003051095e-03
2.512531712398e-03
2.513070782356e-03
2.513617853594e-03
2.514172213580e-03
2.514734921021e-03
2.515308208046e-03
2.515894527392e-03
2.516495691850e-03
2.517112484611e-03
2.510431826352e-03
2.511074449217e-03
2.511732185326e-03
2.512404999948e-03
2.513092413551e-03
2.513793206447e-03
2.514505196871e-03
2.515226061348e-03
2.515954355715e-03
2.516690507093e-03
2.509294173819e-03
2.510048852002e-03
2.510819947872e-03
2.511608601026e-03
2.512413997863e-03
2.513234286312e-03
2.514068022833e-03
2.514915238635e-03
2.515777417386e-03
2.516656399109e-03
2.508725145617e-03
2.509632836279e-03
2.510555921788e-03
2.511493142947e-03
2.512444956153e-03
2.513413811414e-03
2.514403015425e-03
2.515415050823e-03
2.516450230701e-03
2.517506521883e-03
2.509131557474e-03
2.510213717073e-03
2.511309547060e-03
2.512419108257e-03
2.513542797089e-03
2.514680146760e-03
2.515829351353e-03
2.516987812271e-03
2.518153317453e-03
2.519324978891e-03
2.510796589661e-03
2.511974354888e-03
2.513158715033e-03
2.514347211218e-03
2.515535580130e-03
2.516718864285e-03
2.517892671278e-03
2.519054087372e-03
2.520201815685e-03
2.521335580809e-03
2.513280500125e-03
2.514379649256e-03
2.515465046542e-03
2.516536588928e-03
2.517593955304e-03
2.518636482250e-03
2.519662836221e-03
2.520671048558e-03
2.521658852913e-03
2.522624232938e-03
2.515526827608e-03
2.516438134307e-03
2.517326809880e-03
2.518194937920e-03
2.519045457177e-03
2.519881850901e-03
2.520707836482e-03
2.521526630403e-03
2.522340321434e-03
2.523149364606e-03
2.516673840887e-03
2.517462730680e-03
2.518243086797e-03
2.519015344831e-03
2.519781851277e-03
2.520546399865e-03
2.521313331385e-03
2.522086500278e-03
2.522868971710e-03
2.523663028740e-03
2.517043131661e-03
2.517858193642e-03
2.518689463272e-03
2.519536941236e-03
2.520399189848e-03
2.521273681339e-03
2.522157728436e-03
2.523049599688e-03
2.523949333238e-03
2.524858555603e-03
2.517641244481e-03
2.518568504513e-03
2.519509361775e-03
2.520462043947e-03
2.521423317035e-03
2.522389326430e-03
2.523356238044e-03
2.524320483360e-03
2.525278587996e-03
2.526226965756e-03
2.519298716834e-03
2.520210209980e-03
2.521102079186e-03
2.521972405134e-03
2.522820044589e-03
2.523643934012e-03
2.524442516119e-03
2.525213244212e-03
2.525952690348e-03
2.526656999351e-03
2.521982938163e-03
2.522601039857e-03
2.523175940496e-03
2.523706750935e-03
2.524193141710e-03
2.524635255270e-03
2.525033538973e-03
2.525388857578e-03
2.525702377966e-03
2.525975333640e-03
2.524512349510e-03
2.524700779588e-03
2.524850343775e-03
2.524961444806e-03
2.525035109443e-03
2.525073393770e-03
2.525079221925e-03
2.525055882415e-03
2.525006479573e-03
2.524933710902e-03
2.525868922476e-03
2.525751001826e-03
2.525617789729e-03
2.525472565878e-03
2.525318215703e-03
2.525156611455e-03
2.524988591972e-03
2.524814628202e-03
2.524636000942e-03
2.524455751882e-03
2.526242318709e-03
2.526067934014e-03
2.525907389042e-03
2.525763874985e-03
2.525638755628e-03
2.525532584457e-03
2.525446515790e-03
2.525383059890e-03
2.525345749461e-03
2.525337834186e-03
2.526099950103e-03
2.526148301399e-03
2.526228425097e-03
2.526341688338e-03
2.526491952096e-03
2.526685008888e-03
2.526926844553e-03
2.527221304149e-03
2.527568866924e-03
2.527967155231e-03
2.526076888785e-03
2.526560551587e-03
2.527089078171e-03
2.527663538615e-03
2.528284593780e-03
2.528951228896e-03
2.529660680466e-03
2.530409694600e-03
2.531196138932e-03
2.532019695934e-03
2.527383768665e-03
2.528274717008e-03
2.529199202570e-03
2.530150512030e-03
2.531119961418e-03
2.532099255177e-03
2.533082198454e-03
2.534065109614e-03
2.535045711852e-03
2.536021627179e-03
2.530698383566e-03
2.531646451075e-03
2.532577515069e-03
2.533488313702e-03
2.534376707274e-03
2.535240781185e-03
2.536077655805e-03
2.536883047355e-03
2.537651963792e-03
2.538380060855e-03
2.534999251509e-03
2.535634904063e-03
2.536229158238e-03
2.536784077620e-03
2.537301113591e-03
2.537780924058e-03
2.538223818476e-03
2.538630400466e-03
2.539001772050e-03
2.539339414909e-03
2.538470580134e-03
2.538738780004e-03
2.538976908795e-03
2.539186751335e-03
2.539370985971e-03
2.539532884271e-03
2.539675657374e-03
2.539801742046e-03
2.539912585405e-03
2.540008887138e-03
2.540756357462e-03
2.540819923524e-03
2.540871721521e-03
2.540913228245e-03
2.540946025192e-03
2.540971928340e-03
2.540993287823e-03
2.541013011182e-03
2.541034136584e-03
2.541058952772e-03
2.542679653800e-03
2.542706548070e-03
2.542736216924e-03
2.542768364322e-03
2.542804404527e-03
2.542847503321e-03
2.542901623428e-03
2.542970454613e-03
2.543056685340e-03
2.543162570760e-03
2.544703143201e-03
2.544849657227e-03
2.545025178335e-03
2.545232638909e-03
2.545473021257e-03
2.545745267014e-03
2.546047566739e-03
2.546379344267e-03
2.546742759250e-03
2.547142576418e-03
2.546691320504e-03
2.547173400444e-03
2.547702578681e-03
2.548276684422e-03
2.548892210598e-03
2.549546338287e-03
2.550238146057e-03
2.550967868615e-03
2.551735447469e-03
2.552539084832e-03
2.549291354001e-03
2.550149858735e-03
2.551034086878e-03
2.551943454080e-03
2.552878618587e-03
2.553839399297e-03
2.554822926470e-03
2.555823209207e-03
2.556832524022e-03
2.557843987574e-03
2.553555112229e-03
2.554555355289e-03
2.555554958860e-03
2.556555554747e-03
2.557556979639e-03
2.558556954227e-03
2.559551974286e-03
2.560538615228e-03
2.561514383046e-03
2.562477587674e-03
2.558765923879e-03
2.559690800354e-03
2.560597016952e-03
2.561483108707e-03
2.562349402240e-03
2.563198344490e-03
2.564033643807e-03
2.564858699031e-03
2.565675134349e-03
2.566482164468e-03
2.563493040839e-03
2.564264400007e-03
2.565015823109e-03
2.565744361448e-03
2.566448314610e-03
2.567127007580e-03
2.567780811717e-03
2.568410859453e-03
2.569018909583e-03
2.569606681163e-03
2.567199440477e-03
2.567740692882e-03
2.568259349289e-03
2.568751546733e-03
2.569213078743e-03
2.569640439219e-03
2.570031461232e-03
2.570385368927e-03
2.570702278604e-03
2.570982671671e-03
2.569676557414e-03
2.569878207055e-03
2.570046307540e-03
2.570183006924e-03
2.570290608730e-03
2.570370974922e-03
2.570425024885e-03
2.570452914711e-03
2.570454796057e-03
2.570432001619e-03
2.570839944326e-03
2.570770713646e-03
2.570690767641e-03
2.570605296455e-03
2.570517977347e-03
2.570430961953e-03
2.570345889012e-03
2.570265408679e-03
2.570193996348e-03
2.570137891837e-03
2.571491318633e-03
2.571476481251e-03
2.571492939239e-03
2.571542149610e-03
2.571624680400e-03
2.571741331394e-03
2.571893826882e-03
2.572084336975e-03
2.572314333349e-03
2.572583568451e-03
2.573004054909e-03
2.573337409046e-03
2.573704472297e-03
2.574106068607e-03
2.574544836932e-03
2.575023299869e-03
2.575541672570e-03
2.576096556027e-03
2.576681439280e-03
2.577288588668e-03
2.576207094990e-03
2.576834836873e-03
2.577473137023e-03
2.578121380736e-03
2.578778169777e-03
2.579440649185e-03
2.580105256925e-03
2.580769350232e-03
2.581432096292e-03
2.582094410911e-03
2.580468331416e-03
2.581125982772e-03
2.581781121648e-03
2.582429503150e-03
2.583067334285e-03
2.583693274914e-03
2.584309025622e-03
2.584918343132e-03
2.585524977121e-03
2.586131019768e-03
2.584057844558e-03
2.584657571276e-03
2.585255789995e-03
2.585854376889e-03
2.586456979884e-03
2.587067514241e-03
2.587688575090e-03
2.588320658163e-03
2.588962730101e-03
2.589613573150e-03
2.586173765906e-03
2.586839200887e-03
2.587515915593e-03
2.588204496135e-03
2.588903980495e-03
2.589612172130e-03
2.590326981590e-03
2.591047827423e-03
2.591776030783e-03
2.592514036280e-03
2.587800617960e-03
2.588557689990e-03
2.589323654433e-03
2.590094380878e-03
2.590865668935e-03
2.591634762211e-03
2.592400730293e-03
2.593163953406e-03
2.593925074791e-03
2.594684242297e-03
2.589853938957e-03
2.590603110264e-03
2.591350303362e-03
2.592097156537e-03
2.592845695347e-03
2.593597183761e-03
2.594351438859e-03
2.595106838783e-03
2.595861376790e-03
2.596613957849e-03
2.591852625017e-03
2.592599062041e-03
2.593350957625e-03
2.594111466919e-03
2.594882081041e-03
2.595662536976e-03
2.596451673242e-03
2.597248642019e-03
2.598053721385e-03
2.598868363179e-03
2.593088236324e-03
2.593918918762e-03
2.594763708316e-03
2.595623160403e-03
2.596497985053e-03
2.597389449647e-03
2.598299004433e-03
2.599227519681e-03
2.600174426391e-03
2.601137637498e-03
2.593264492532e-03
2.594243333419e-03
2.595233450108e-03
2.596237169314e-03
2.597258373385e-03
2.598301144587e-03
2.599368277345e-03
2.600460650513e-03
2.601577486303e-03
2.602717104935e-03
2.592430626237e-03
2.593600826117e-03
2.594787089777e-03
2.595986496203e-03
2.597196203112e-03
2.598414497584e-03
2.599641577319e-03
2.600879726629e-03
2.602132213099e-03
2.603401598833e-03
2.591519094722e-03
2.592811655177e-03
2.594113398118e-03
2.595418324518e-03
2.596721006341e-03
2.598017410378e-03
2.599304662851e-03
2.600580448416e-03
2.601842600939e-03
2.603089345371e-03
2.591688195253e-03
2.592895764280e-03
2.594089466015e-03
2.595271041059e-03
2.596440846105e-03
2.597597027716e-03
2.598735884021e-03
2.599853361062e-03
2.600946596147e-03
2.602015202172e-03
2.592632873359e-03
2.593653198915e-03
2.594657776626e-03
2.595649053887e-03
2.596628508968e-03
2.597597393333e-03
2.598557633007e-03
2.599512159804e-03
2.600464594991e-03
2.601418226959e-03
2.593175513141e-03
2.594130444095e-03
2.595089683041e-03
2.596053523519e-03
2.597023276223e-03
2.598001425156e-03
2.598990907984e-03
2.599994121283e-03
2.601011841875e-03
2.602043266847e-03
2.592883517195e-03
2.593930985370e-03
2.594988987198e-03
2.596058875099e-03
2.597142634954e-03
2.598241554665e-03
2.599355056134e-03
2.600480640865e-03
2.601614825949e-03
2.602754463680e-03
2.592170041339e-03
2.593310521320e-03
2.594455549058e-03
2.595605262400e-03
2.596758587742e-03
2.597913374132e-03
2.599067568610e-03
2.600220454724e-03
2.601372964989e-03
2.602527070280e-03
2.591406148952e-03
2.592559060588e-03
2.593713116084e-03
2.594865759477e-03
2.596015070196e-03
2.597160822518e-03
2.598304142282e-03
2.599446476779e-03
2.600588153030e-03
2.601727929346e-03
2.590519568457e-03
2.591641432218e-03
2.592756515241e-03
2.593865559845e-03
2.594969925951e-03
2.596070436027e-03
2.597166746341e-03
2.598257684895e-03
2.599342029384e-03
2.600419187843e-03
2.589224943279e-03
2.590279096694e-03
2.591323983495e-03
2.592357190679e-03
2.593376347306e-03
2.594380588221e-03
2.595371283576e-03
2.596351790089e-03
2.597325905754e-03
2.598296471490e-03
2.587328174002e-03
2.588285995955e-03
2.589241501255e-03
2.590195627988e-03
2.591149915418e-03
2.592105220799e-03
2.593060716492e-03
2.594013954422e-03
2.594962411479e-03
2.595905556404e-03
2.585140619772e-03
2.586076166097e-03
2.587020022759e-03
2.587975285110e-03
2.588941240958e-03
2.589913918996e-03
2.590888506916e-03
2.591861460360e-03
2.592831349830e-03
2.593797758379e-03
2.583376451582e-03
2.584322565269e-03
2.585255653628e-03
2.586171469659e-03
2.587068376897e-03
2.587947980885e-03
2.588813551881e-03
2.589667314169e-03
2.590508267531e-03
2.591332127281e-03
2.582551483954e-03
2.583319069174e-03
2.584058805326e-03
2.584773012131e-03
2.585465180459e-03
2.586138049992e-03
2.586792552449e-03
2.587428678964e-03
2.588047338918e-03
2.588651779547e-03
2.581500789177e-03
2.582087866017e-03
2.582677961072e-03
2.583274414292e-03
2.583879012320e-03
2.584493633833e-03
2.585121629295e-03
2.585767973869e-03
2.586438253502e-03
2.587136963086e-03
2.579033464542e-03
2.579787295247e-03
2.580572230841e-03
2.581388808608e-03
2.582238852426e-03
2.583124994885e-03
2.584049423206e-03
2.585012927852e-03
2.586014598080e-03
2.587052261958e-03
2.576595783012e-03
2.577689328973e-03
2.578809703493e-03
2.579952544011e-03
2.581112369342e-03
2.582283042216e-03
2.583458807578e-03
2.584635125572e-03
2.585809205357e-03
2.586979333330e-03
2.575773465082e-03
2.576922972821e-03
2.578061564236e-03
2.579184860792e-03
2.580288004253e-03
2.581366352445e-03
2.582415879544e-03
2.583433505833e-03
2.584417183357e-03
2.585366174856e-03
2.575592104563e-03
2.576467378105e-03
2.577313245581e-03
2.578132880387e-03
2.578929205356e-03
2.579704483765e-03
2.580460079571e-03
2.581196629990e-03
2.581914504447e-03
2.582614364428e-03
2.574091001179e-03
2.574753975239e-03
2.575407963718e-03
2.576058602926e-03
2.576711898712e-03
2.577373129498e-03
2.578045986866e-03
2.578732254790e-03
2.579432060031e-03
2.580144724448e-03
2.570916938566e-03
2.571647121329e-03
2.572390110515e-03
2.573147157136e-03
2.573919817280e-03
2.574709912892e-03
2.575519482207e-03
2.576350575907e-03
2.577204682837e-03
2.578081922820e-03
2.567108218500e-03
2.568017649651e-03
2.568939666787e-03
2.569869550712e-03
2.570804100401e-03
2.571742365717e-03
2.572685364726e-03
2.573635200577e-03
2.574593947656e-03
2.575562762729e-03
2.563481880884e-03
2.564463863621e-03
2.565453067746e-03
2.566447079460e-03
2.567442975931e-03
2.568437733942e-03
2.569428865684e-03
2.570415111393e-03
2.571397055647e-03
2.572377120998e-03
2.559666950788e-03
2.560648192002e-03
2.561637355598e-03
2.562635566733e-03
2.563642596044e-03
2.564657436835e-03
2.565678860663e-03
2.566705916479e-03
2.567738125549e-03
2.568775516124e-03
2.554905738180e-03
2.555950088720e-03
2.557004705920e-03
2.558072983788e-03
2.559158255963e-03
2.560262882696e-03
2.561387635751e-03
2.562531726369e-03
2.563693416334e-03
2.564871038544e-03
2.549479377933e-03
2.550680299464e-03
2.551897965020e-03
2.553133482422e-03
2.554387310624e-03
2.555659075995e-03
2.556947915878e-03
2.558252980521e-03
2.559573737187e-03
2.560909691056e-03
2.544348754100e-03
2.545703595899e-03
2.547068063279e-03
2.548438807764e-03
2.549812806478e-03
2.551187992594e-03
2.552563278414e-03
2.553937932760e-03
2.555310594119e-03
2.556678580902e-03
2.539871625231e-03
2.541209744663e-03
2.542530782421e-03
2.543832333856e-03
2.545113519204e-03
2.546374122460e-03
2.547613369529e-03
2.548829202681e-03
2.550018294755e-03
2.551177035173e-03
2.535442131887e-03
2.536526017366e-03
2.537575913550e-03
2.538592580265e-03
2.539576451341e-03
2.540527172812e-03
2.541444161466e-03
2.542327372282e-03
2.543178066844e-03
2.543998724775e-03
2.530310004204e-03
2.531071374563e-03
2.531808283948e-03
2.532520455873e-03
2.533207704744e-03
2.533871089497e-03
2.534513425644e-03
2.535138755491e-03
2.535751283688e-03
2.536354265317e-03
2.524827417290e-03
2.525409452915e-03
2.525985356158e-03
2.526556070734e-03
2.527122875108e-03
2.527687096347e-03
2.528249749673e-03
2.528811570016e-03
2.529373282698e-03
2.529936034136e-03
2.520472935373e-03
2.521036346536e-03
2.521604825517e-03
2.522178239815e-03
2.522755649011e-03
2.523335996784e-03
2.523918886027e-03
2.524504833161e-03
2.525094995519e-03
2.525690583298e-03
2.518355793484e-03
2.518958908809e-03
2.519569627850e-03
2.520189208667e-03
2.520819204108e-03
2.521460804985e-03
2.522114074736e-03
2.522777856029e-03
2.523450589081e-03
2.524131627126e-03
2.518269264328e-03
2.518966929927e-03
2.519682005584e-03
2.520417981998e-03
2.521176064420e-03
2.521954975634e-03
2.522751909339e-03
2.523563970442e-03
2.524389157031e-03
2.525226356909e-03
2.519050144883e-03
2.519900190350e-03
2.520756319655e-03
2.521615465866e-03
2.522475482692e-03
2.523335688011e-03
2.524196256218e-03
2.525056643151e-03
2.525913952468e-03
2.526762239881e-03
2.519856962749e-03
2.520654761895e-03
2.521419745392e-03
2.522147687216e-03
2.522836711705e-03
2.523486151517e-03
2.524095038211e-03
2.524661545010e-03
2.525183168245e-03
2.525657603428e-03
2.519884037497e-03
2.520253224588e-03
2.520572468882e-03
2.520840590819e-03
2.521055567229e-03
2.521215185595e-03
2.521318232596e-03
2.521365717200e-03
2.521361241463e-03
2.521310328689e-03
2.517580410938e-03
2.517447837477e-03
2.517283793338e-03
2.517090652987e-03
2.516870630643e-03
2.516626799775e-03
2.516363661869e-03
2.516086650360e-03
2.515801098809e-03
2.515511400702e-03
2.512261056268e-03
2.511966834447e-03
2.511677488258e-03
2.511397555395e-03
2.511132701898e-03
2.510888810662e-03
2.510670642209e-03
2.510481167405e-03
2.510321952855e-03
2.510194444142e-03
2.505438901323e-03
2.505378919579e-03
2.505361257590e-03
2.505388939937e-03
2.505462563590e-03
2.505580441607e-03
2.505740104993e-03
2.505940477192e-03
2.506183076889e-03
2.506471686559e-03
2.499120281357e-03
2.499506626293e-03
2.499945232614e-03
2.500433753994e-03
2.500969536470e-03
2.501551205967e-03
2.502178756515e-03
2.502852179589e-03
2.503569700934e-03
2.504326847543e-03
2.494225396049e-03
2.495038394045e-03
2.495877625790e-03
2.496744431653e-03
2.497641806826e-03
2.498571456385e-03
2.499531441742e-03
2.500516069119e-03
2.501517846781e-03
2.502530360744e-03
2.490706767617e-03
2.491725253833e-03
2.492748897680e-03
2.493775406265e-03
2.494800530599e-03
2.495819633111e-03
2.496829984068e-03
2.497832134452e-03
2.498829143860e-03
2.499823960420e-03
2.487491230454e-03
2.488471358618e-03
2.489440314548e-03
2.490393165431e-03
2.491328252972e-03
2.492247537873e-03
2.493154872127e-03
2.494053340286e-03
2.494943569843e-03
2.495824088953e-03
2.483763809664e-03
2.484615165486e-03
2.485457968078e-03
2.486295300287e-03
2.487128561881e-03
2.487956040852e-03
2.488773548066e-03
2.489576714481e-03
2.490363429899e-03
2.491134732168e-03
2.479837192993e-03
2.480579316682e-03
2.481310774726e-03
2.482028165730e-03
2.482726822052e-03
2.483403092185e-03
2.484055676518e-03
2.484685072773e-03
2.485291641221e-03
2.485873763533e-03
2.476266266058e-03
2.476780950758e-03
2.477259588602e-03
2.477702112060e-03
2.478111294806e-03
2.478490865144e-03
2.478843295762e-03
2.479168717173e-03
2.479465636043e-03
2.479732839674e-03
2.472355624604e-03
2.472562399987e-03
2.472748763182e-03
2.472919209310e-03
2.473076464014e-03
2.473221635114e-03
2.473355727204e-03
2.473481454331e-03
2.473604246006e-03
2.473731651151e-03
2.466633407323e-03
2.466785147078e-03
2.466959131880e-03
2.467156677824e-03
2.467378139215e-03
2.467624434360e-03
2.467897740871e-03
2.468201012448e-03
2.468536871845e-03
2.468906650563e-03
2.459170578504e-03
2.459599080169e-03
2.460060089277e-03
2.460554549430e-03
2.461084443723e-03
2.461651529870e-03
2.462255659395e-03
2.462893561699e-03
2.463558963996e-03
2.464244018029e-03
2.451546997008e-03
2.452242867662e-03
2.452943243441e-03
2.453647338029e-03
2.454354541726e-03
2.455063214882e-03
2.455770419601e-03
2.456472676954e-03
2.457167047737e-03
2.457851664303e-03
2.445048013783e-03
2.445700585724e-03
2.446336040691e-03
2.446948930412e-03
2.447533863972e-03
2.448087659559e-03
2.448610933016e-03
2.449107911787e-03
2.449584688975e-03
2.450046706372e-03
2.439646374853e-03
2.440079208384e-03
2.440500063699e-03
2.440908657434e-03
2.441306160620e-03
2.441694894344e-03
2.442077169633e-03
2.442454492382e-03
2.442827751281e-03
2.443198616277e-03
2.434672366633e-03
2.435046188907e-03
2.435434980043e-03
2.435844921251e-03
2.436279008577e-03
2.436736631182e-03
2.437214970200e-03
2.437711324205e-03
2.438224942694e-03
2.438757179277e-03
2.429845271308e-03
2.430414841058e-03
2.431007495375e-03
2.431622810548e-03
2.432260786634e-03
2.432922835169e-03
2.433611007802e-03
2.434326437651e-03
2.435067557315e-03
2.435829561307e-03
2.425880511225e-03
2.426658519028e-03
2.427442285523e-03
2.428232493514e-03
2.429031771953e-03
2.429842227002e-03
2.430663590701e-03
2.431493228300e-03
2.432327617896e-03
2.433164234333e-03
2.423380635946e-03
2.424213304096e-03
2.425047245026e-03
2.425879782550e-03
2.426706334973e-03
2.427522500113e-03
2.428326356664e-03
2.429119709973e-03
2.429907059764e-03
2.430692967835e-03
2.421701287687e-03
2.422479033726e-03
2.423251256630e-03
2.424013819052e-03
2.424764917976e-03
2.425505649455e-03
2.426238584860e-03
2.426965483210e-03
2.427685813871e-03
2.428397287474e-03
2.420242283961e-03
2.420924263220e-03
2.421598235003e-03
2.422268629857e-03
2.422938789323e-03
2.423608929007e-03
2.424275866815e-03
2.424935060674e-03
2.425583338550e-03
2.426220872110e-03
2.419015966098e-03
2.419634758041e-03
2.420252602406e-03
2.420869112825e-03
2.421481861859e-03
2.422088670585e-03
2.422689742048e-03
2.423288106058e-03
2.423888030876e-03
2.424492398347e-03
2.417994168297e-03
2.418595713095e-03
2.419194577215e-03
2.419788915404e-03
2.420380351964e-03
2.420973148787e-03
2.421571766718e-03
2.422178389168e-03
2.422792208506e-03
2.423410692586e-03
2.416946751225e-03
2.417563903975e-03
2.418188952333e-03
2.418826517726e-03
2.419479288960e-03
2.420146591589e-03
2.420825119032e-03
2.421511630871e-03
2.422205586072e-03
2.422910305597e-03
2.415475329713e-03
2.416210637989e-03
2.416971093396e-03
2.417756341686e-03
2.418564272205e-03
2.419393672142e-03
2.420245947121e-03
2.421124868022e-03
2.422034536266e-03
2.422976963658e-03
2.413559094634e-03
2.414552766936e-03
2.415572599375e-03
2.416618974564e-03
2.417695403778e-03
2.418806779360e-03
2.419956412780e-03
2.421143835022e-03
2.422364773849e-03
2.423613054191e-03
2.411761468124e-03
2.413041205102e-03
2.414340242808e-03
2.415658821462e-03
2.416995429371e-03
2.418345808735e-03
2.419703823762e-03
2.421063489351e-03
2.422420674350e-03
2.423773267651e-03
2.410424447874e-03
2.411751020929e-03
2.413062555718e-03
2.414351023617e-03
2.415608234458e-03
2.416828205583e-03
2.418008309803e-03
2.419148590775e-03
2.420249606075e-03
2.421310255272e-03
2.409320668050e-03
2.410278182651e-03
2.411182044284e-03
2.412029937034e-03
2.412822295071e-03
2.413561336539e-03
2.414249265314e-03
2.414887107534e-03
2.415474809197e-03
2.416012616095e-03
2.407596910757e-03
2.408034042958e-03
2.408433567268e-03
2.408800677529e-03
2.409138305097e-03
2.409446954175e-03
2.409726109192e-03
2.409976631952e-03
2.410202582894e-03
2.410410965638e-03
2.404144459319e-03
2.404332946867e-03
2.404523186044e-03
2.404716122271e-03
2.404911435463e-03
2.405109483618e-03
2.405312497672e-03
2.405523763230e-03
2.405745836427e-03
2.405979178377e-03
2.398700398317e-03
2.398943889773e-03
2.399195295652e-03
2.399457824083e-03
2.399736818063e-03
2.400036977178e-03
2.400359403680e-03
2.400700590954e-03
2.401053788162e-03
2.401412306369e-03
2.392128550127e-03
2.392484338543e-03
2.392844885719e-03
2.393212599145e-03
2.393587440736e-03
2.393966907107e-03
2.394348141706e-03
2.394730252661e-03
2.395115291904e-03
2.395506703522e-03
2.385408059240e-03
2.385808144766e-03
2.386209029055e-03
2.386604061826e-03
2.386989111812e-03
2.387364966523e-03
2.387736735329e-03
2.388110762695e-03
2.388491162492e-03
2.388877995827e-03
2.379271195025e-03
2.379656265191e-03
2.380041168863e-03
2.380428442621e-03
2.380821788847e-03
2.381223288012e-03
2.381631775449e-03
2.382043650869e-03
2.382455602572e-03
2.382867421261e-03
2.373849167668e-03
2.374268000096e-03
2.374700462838e-03
2.375147479370e-03
2.375606215594e-03
2.376072403479e-03
2.376543232913e-03
2.377018964069e-03
2.377502245338e-03
2.377995695383e-03
2.369076900152e-03
2.369582360700e-03
2.370091261639e-03
2.370600596578e-03
2.371109997341e-03
2.371621378245e-03
2.372136741087e-03
2.372655996396e-03
2.373176065703e-03
2.373692215713e-03
2.365790126419e-03
2.366282444825e-03
2.366765683860e-03
2.367241426612e-03
2.367710003000e-03
2.368169492570e-03
2.368616463457e-03
2.369047933939e-03
2.369462977470e-03
2.369863153206e-03
2.364260890545e-03
2.364632174192e-03
2.364992635535e-03
2.365340195638e-03
2.365672763517e-03
2.365989951670e-03
2.366293888088e-03
2.366588451423e-03
2.366877621057e-03
2.367164069312e-03
2.363707547431e-03
2.363984338331e-03
2.364260623438e-03
2.364538498114e-03
2.364821032756e-03
2.365111047084e-03
2.365409973834e-03
2.365717592852e-03
2.366032724808e-03
2.366354602145e-03
2.363390306243e-03
2.363722986672e-03
2.364069509383e-03
2.364432968079e-03
2.364814762927e-03
2.365214019335e-03
2.365628075950e-03
2.366053554454e-03
2.366487392351e-03
2.366927369394e-03
2.362986460241e-03
2.363427735077e-03
2.363871394152e-03
2.364315988302e-03
2.364760137482e-03
2.365203251543e-03
2.365645668135e-03
2.366088503038e-03
2.366532499195e-03
2.366976999610e-03
2.362204865904e-03
2.362634466806e-03
2.363053740339e-03
2.363460235074e-03
2.363854335329e-03
2.364239159249e-03
2.364619228956e-03
2.364998651615e-03
2.365380034007e-03
2.365764306205e-03
2.360495422124e-03
2.360880613026e-03
2.361272165729e-03
2.361672707821e-03
2.362084262643e-03
2.362507506632e-03
2.362942054162e-03
2.363387855837e-03
2.363846700746e-03
2.364322703329e-03
2.357574295388e-03
2.358092782458e-03
2.358640514103e-03
2.359216194577e-03
2.359816513206e-03
2.360438192909e-03
2.361079728530e-03
2.361741707261e-03
2.362425610102e-03
2.363132167829e-03
2.354031396692e-03
2.354770523425e-03
2.355525855478e-03
2.356295652078e-03
2.357079175340e-03
2.357875626160e-03
2.358682551630e-03
2.359495258020e-03
2.360307728452e-03
2.361114492373e-03
2.350791594381e-03
2.351572687076e-03
2.352346779219e-03
2.353115304288e-03
2.353877733924e-03
2.354631218395e-03
2.355371830447e-03
2.356096135145e-03
2.356802341808e-03
2.357489984774e-03
2.347638869992e-03
2.348280417721e-03
2.348901437358e-03
2.349501427716e-03
2.350081775546e-03
2.350646358423e-03
2.351200565840e-03
2.351749402976e-03
2.352295855019e-03
2.352840236824e-03
2.343846430165e-03
2.344375252790e-03
2.344900421349e-03
2.345424797852e-03
2.345952519079e-03
2.346487767454e-03
2.347033979333e-03
2.347593938282e-03
2.348170653647e-03
2.348768011132e-03
2.339211053879e-03
2.339854865738e-03
2.340530393838e-03
2.341237768405e-03
2.341975309321e-03
2.342740789913e-03
2.343532971054e-03
2.344352351827e-03
2.345200678178e-03
2.346079832307e-03
2.334158726171e-03
2.335092692647e-03
2.336056299896e-03
2.337047826131e-03
2.338065865786e-03
2.339109220600e-03
2.340176148948e-03
2.341263650976e-03
2.342367321830e-03
2.343481946866e-03
2.329521928743e-03
2.330637186617e-03
2.331753469662e-03
2.332870053749e-03
2.333986260851e-03
2.335100569383e-03
2.336210537237e-03
2.337313458213e-03
2.338407252068e-03
2.339491033297e-03
2.325551573847e-03
2.326607343662e-03
2.327652964652e-03
2.328687081103e-03
2.329708016873e-03
2.330715075743e-03
2.331709460407e-03
2.332694483471e-03
2.333674653698e-03
2.334654265667e-03
2.321600024857e-03
2.322577747748e-03
2.323560495313e-03
2.324550051810e-03
2.325549648674e-03
2.326563517158e-03
2.327595699114e-03
2.328648622665e-03
2.329722822992e-03
2.330817762868e-03
2.317285707420e-03
2.318415780735e-03
2.319571928581e-03
2.320758213216e-03
2.321977257736e-03
2.323228947205e-03
2.324510688254e-03
2.325818961879e-03
2.327151228371e-03
2.328506750644e-03
2.313103356698e-03
2.314497285795e-03
2.315912718473e-03
2.317344917685e-03
2.318787855643e-03
2.320236204923e-03
2.321686861592e-03
2.323138873635e-03
2.324591947399e-03
2.326044440622e-03
2.309557068429e-03
2.310984111034e-03
2.312394794103e-03
2.313785089200e-03
2.315153508732e-03
2.316500037409e-03
2.317824186321e-03
2.319123446625e-03
2.320393207640e-03
2.321628212087e-03
2.306530198609e-03
2.307676897317e-03
2.308785325795e-03
2.309857961791e-03
2.310896354231e-03
2.311900273071e-03
2.312868105378e-03
2.313798319051e-03
2.314690821152e-03
2.315547291857e-03
2.303508128534e-03
2.304290379186e-03
2.305041600323e-03
2.305760917466e-03
2.306447547880e-03
2.307102378666e-03
2.307728798883e-03
2.308332182679e-03
2.308918318420e-03
2.309491761253e-03
2.300179101269e-03
2.300723102735e-03
2.301258113107e-03
2.301785540055e-03
2.302308195908e-03
2.302829766677e-03
2.303353751017e-03
2.303882782144e-03
2.304418690642e-03
2.304963423455e-03
2.296406477001e-03
2.296968865835e-03
2.297553008248e-03
2.298163522937e-03
2.298802870428e-03
2.299470994160e-03
2.300166169732e-03
2.300886695082e-03
2.301632294120e-03
2.302404552324e-03
2.292585791395e-03
2.293407412651e-03
2.294260866108e-03
2.295144923494e-03
2.296057559874e-03
2.296997191934e-03
2.297963184446e-03
2.298955240974e-03
2.299972061337e-03
2.301010301665e-03
2.289947701058e-03
2.291000842149e-03
2.292059884894e-03
2.293123070558e-03
2.294191013505e-03
2.295264887209e-03
2.296344253523e-03
2.297425960819e-03
2.298504636428e-03
2.299574632445e-03
2.288743251938e-03
2.289775271038e-03
2.290792883343e-03
2.291795965732e-03
2.292783202904e-03
2.293752246032e-03
2.294701173696e-03
2.295630117942e-03
2.296541750070e-03
2.297440153313e-03
2.286848112306e-03
2.287716484147e-03
2.288572282168e-03
2.289411504876e-03
2.290231288271e-03
2.291031823120e-03
2.291816379682e-03
2.292589628325e-03
2.293355501934e-03
2.294115924485e-03
2.282386026479e-03
2.283126401721e-03
2.283862691286e-03
2.284596866389e-03
2.285330672123e-03
2.286063888107e-03
2.286793727308e-03
2.287515720809e-03
2.288225882126e-03
2.288922697232e-03
2.275802170573e-03
2.276468989351e-03
2.277130874631e-03
2.277789331458e-03
2.278443560044e-03
2.279091391301e-03
2.279730672115e-03
2.280360239070e-03
2.280979674538e-03
2.281588424466e-03
2.268507704514e-03
2.269079814710e-03
2.269635775178e-03
2.270175414139e-03
2.270700923873e-03
2.271216344525e-03
2.271726187359e-03
2.272233934434e-03
2.272741381660e-03
2.273248980202e-03
2.261605500962e-03
2.262103576356e-03
2.262603373481e-03
2.263106486112e-03
2.263614471758e-03
2.264128433808e-03
2.264649331437e-03
2.265178396613e-03
2.265717543139e-03
2.266269337724e-03
2.255696476595e-03
2.256272238299e-03
2.256867645997e-03
2.257483345204e-03
2.258119060514e-03
2.258773793585e-03
2.259446046594e-03
2.260134163294e-03
2.260836540529e-03
2.261551906088e-03
2.251239140207e-03
2.251968830421e-03
2.252708781157e-03
2.253457940697e-03
2.254215236121e-03
2.254979908344e-03
2.255751729422e-03
2.256530827651e-03
2.257317141414e-03
2.258109622346e-03
2.248140984364e-03
2.248930175256e-03
2.249717110374e-03
2.250499900640e-03
2.251278317772e-03
2.252053387053e-03
2.252826426286e-03
2.253598175173e-03
2.254368502520e-03
2.255137017301e-03
2.245738156205e-03
2.246496888972e-03
2.247256662940e-03
2.248018670400e-03
2.248782827280e-03
2.249547593124e-03
2.250310936347e-03
2.251071513570e-03
2.251829621116e-03
2.252586918644e-03
2.243521850403e-03
2.244274929467e-03
2.245030045799e-03
2.245785970558e-03
2.246541576426e-03
2.247296675762e-03
2.248052047207e-03
2.248808717127e-03
2.249567021295e-03
2.250326311241e-03
2.241509834562e-03
2.242259740342e-03
2.243009136521e-03
2.243759170028e-03
2.244510924470e-03
2.245264445094e-03
2.246018626806e-03
2.246772023284e-03
2.247524088318e-03
2.248275884938e-03
2.239431632916e-03
2.240181541254e-03
2.240937504268e-03
2.241699429021e-03
2.242466304551e-03
2.243237430832e-03
2.244013105781e-03
2.244794195576e-03
2.245581130694e-03
2.246372550530e-03
2.236981689464e-03
2.237763134758e-03
2.238540031556e-03
2.239312439599e-03
2.240082415653e-03
2.240852144155e-03
2.241621954170e-03
2.242389207595e-03
2.243149068647e-03
2.243896473544e-03
2.235108855416e-03
2.235813160496e-03
2.236499819503e-03
2.237167900205e-03
2.237814611249e-03
2.238435863205e-03
2.239027970177e-03
2.239589604528e-03
2.240122458147e-03
2.240630108247e-03
2.234276722390e-03
2.234730830253e-03
2.235161988722e-03
2.235567133710e-03
2.235944389213e-03
2.236294591114e-03
2.236621457484e-03
2.236929970934e-03
2.237224274040e-03
2.237506529582e-03
2.233446894877e-03
2.233695910263e-03
2.233936416815e-03
2.234172946203e-03
2.234411188056e-03
2.234656076666e-03
2.234910257641e-03
2.235173774977e-03
2.235445297401e-03
2.235723920137e-03
2.232221938186e-03
2.232507748829e-03
2.232806373399e-03
2.233119160394e-03
2.233445207025e-03
2.233781751272e-03
2.234125546067e-03
2.234474298007e-03
2.234827348445e-03
2.235184928338e-03
2.231743909363e-03
2.232098049319e-03
2.232450778536e-03
2.232797175452e-03
2.233132727497e-03
2.233454554414e-03
2.233761640014e-03
2.234053902725e-03
2.234331009788e-03
2.234591481340e-03
2.232313890090e-03
2.232524150429e-03
2.232711876445e-03
2.232877745712e-03
2.233023714155e-03
2.233151756116e-03
2.233262837308e-03
2.233356562044e-03
2.233432171863e-03
2.233489663809e-03
2.232336248881e-03
2.232355066724e-03
2.232365168709e-03
2.232369703279e-03
2.232370188324e-03
2.232366767032e-03
2.232359444349e-03
2.232349235555e-03
2.232338530860e-03
2.232330458298e-03
2.230691943112e-03
2.230686580958e-03
2.230686996370e-03
2.230692251089e-03
2.230702201075e-03
2.230718088015e-03
2.230742034897e-03
2.230775779879e-03
2.230819474903e-03
2.230871646702e-03
2.227968465093e-03
2.228024542319e-03
2.228085976185e-03
2.228154970055e-03
2.228234211088e-03
2.228325534247e-03
2.228429067770e-03
2.228543823151e-03
2.228668879980e-03
2.228804722279e-03
2.224614448153e-03
2.224771770273e-03
2.224947548370e-03
2.225142982581e-03
2.225358092289e-03
2.225592719412e-03
2.225847780210e-03
2.226125644370e-03
2.226429577775e-03
2.226762323687e-03
2.220499287034e-03
2.220882414576e-03
2.221292502327e-03
2.221727955032e-03
2.222188460053e-03
2.222675102473e-03
2.223189310882e-03
2.223731519848e-03
2.224300405146e-03
2.224892971697e-03
2.216457502300e-03
2.217077371881e-03
2.217711847265e-03
2.218359497022e-03
2.219018677295e-03
2.219686941544e-03
2.220360884280e-03
2.221036910328e-03
2.221712264770e-03
2.222385652260e-03
2.213319751604e-03
2.213980570275e-03
2.214639248109e-03
2.215293649158e-03
2.215940408234e-03
2.216576056810e-03
2.217198432845e-03
2.217807459772e-03
2.218404957773e-03
2.218993625775e-03
2.210441242880e-03
2.211010878966e-03
2.211575944727e-03
2.212136950845e-03
2.212695035780e-03
2.213252091906e-03
2.213810024784e-03
2.214369683941e-03
2.214930405501e-03
2.215490419644e-03
2.207259760667e-03
2.207809007075e-03
2.208358808332e-03
2.208913139953e-03
2.209475723532e-03
2.210048296376e-03
2.210629878903e-03
2.211217532874e-03
2.211807864910e-03
2.212398520271e-03
2.204450191186e-03
2.205032192421e-03
2.205612708053e-03
2.206190146183e-03
2.206762382741e-03
2.207328086513e-03
2.207887856969e-03
2.208444223243e-03
2.209000202583e-03
2.209557449703e-03
2.201967665542e-03
2.202513331270e-03
2.203051004699e-03
2.203577582293e-03
2.204092568377e-03
2.204597966568e-03
2.205096856017e-03
2.205591729762e-03
2.206083866042e-03
2.206573776391e-03
2.198462681804e-03
2.198942191001e-03
2.199424418507e-03
2.199910917852e-03
2.200401205585e-03
2.200892538553e-03
2.201381033956e-03
2.201863713992e-03
2.202339928374e-03
2.202811578570e-03
2.193295021755e-03
2.193756916199e-03
2.194221658954e-03
2.194688660836e-03
2.195156442610e-03
2.195623636624e-03
2.196089324855e-03
2.196552604403e-03
2.197011928217e-03
2.197464787685e-03
2.187559765787e-03
2.187982610451e-03
2.188395368705e-03
2.188800903525e-03
2.189203392845e-03
2.189606604134e-03
2.190012780318e-03
2.190422382967e-03
2.190834879002e-03
2.191249928330e-03
2.182426469801e-03
2.182839652789e-03
2.183259072581e-03
2.183686316698e-03
2.184122922586e-03
2.184570972361e-03
2.185033705700e-03
2.185515487440e-03
2.186021118632e-03
2.186554527952e-03
2.178392024121e-03
2.178976473374e-03
2.179589024081e-03
2.180227843155e-03
2.180891838520e-03
2.181581175364e-03
2.182296812919e-03
2.183039743272e-03
2.183810253257e-03
2.184607696961e-03
2.176290346370e-03
2.177128594269e-03
2.177988529979e-03
2.178868000215e-03
2.179764304003e-03
2.180673764144e-03
2.181591663827e-03
2.182512754359e-03
2.183432028289e-03
2.184345632827e-03
2.176439785273e-03
2.177327561469e-03
2.178205578105e-03
2.179072114529e-03
2.179923713584e-03
2.180755364805e-03
2.181561531359e-03
2.182337520537e-03
2.183080489829e-03
2.183789323283e-03
2.177509747298e-03
2.178140159174e-03
2.178733792107e-03
2.179288499292e-03
2.179802805358e-03
2.180277000662e-03
2.180713190739e-03
2.181114025291e-03
2.181481064838e-03
2.181813684501e-03
2.177809810178e-03
2.178058002244e-03
2.178266687110e-03
2.178438770557e-03
2.178579592680e-03
2.178694846066e-03
2.178788434151e-03
2.178861822017e-03
2.178914965214e-03
2.178948538528e-03
2.176907103603e-03
2.176904085616e-03
2.176894607942e-03
2.176882389108e-03
2.176868553761e-03
2.176852529260e-03
2.176834316117e-03
2.176816337453e-03
2.176803908299e-03
2.176803592022e-03
2.174825335942e-03
2.174854245595e-03
2.174903154241e-03
2.174971254590e-03
2.175059178512e-03
2.175169823602e-03
2.175307469429e-03
2.175475539048e-03
2.175674980208e-03
2.175904188618e-03
2.171738337324e-03
2.172012155370e-03
2.172313377400e-03
2.172645052951e-03
2.173009889418e-03
2.173408474107e-03
2.173838809654e-03
2.174297475165e-03
2.174781619090e-03
2.175290200114e-03
2.168176415978e-03
2.168725191552e-03
2.169297198691e-03
2.169888400715e-03
2.170493630047e-03
2.171108526795e-03
2.171730923521e-03
2.172360738996e-03
2.172998383401e-03
2.173642941443e-03
2.164677892267e-03
2.165315775926e-03
2.165948521110e-03
2.166573398029e-03
2.167189472630e-03
2.167796550452e-03
2.168393613999e-03
2.168977949282e-03
2.169545884556e-03
2.170094147402e-03
2.161441052692e-03
2.161938881443e-03
2.162418475109e-03
2.162881356242e-03
2.163327565256e-03
2.163755681693e-03
2.164164087390e-03
2.164552425143e-03
2.164922155089e-03
2.165276121843e-03
2.158423005085e-03
2.158744740711e-03
2.159055694449e-03
2.159355553374e-03
2.159644617961e-03
2.159924634043e-03
2.160198608465e-03
2.160469847524e-03
2.160740908153e-03
2.161013072680e-03
2.156138138389e-03
2.156406242193e-03
2.156677397409e-03
2.156953869303e-03
2.157238319967e-03
2.157532753813e-03
2.157837865354e-03
2.158152923982e-03
2.158476638613e-03
2.158808277443e-03
2.154866051740e-03
2.155209709201e-03
2.155565625799e-03
2.155935458973e-03
2.156319718097e-03
2.156717862590e-03
2.157129033947e-03
2.157553004736e-03
2.157990482203e-03
2.158442883115e-03
2.153638154937e-03
2.154117623149e-03
2.154613003370e-03
2.155123145769e-03
2.155647627433e-03
2.156187513947e-03
2.156745349168e-03
2.157324125506e-03
2.157925800475e-03
2.158550546653e-03
2.151152364206e-03
2.151811476097e-03
2.152488669765e-03
2.153184434576e-03
2.153900495898e-03
2.154638399418e-03
2.155398091247e-03
2.156177568111e-03
2.156973604997e-03
2.157783306529e-03
2.147593914913e-03
2.148420522076e-03
2.149259438852e-03
2.150109371598e-03
2.150966702175e-03
2.151826200816e-03
2.152682807946e-03
2.153533256433e-03
2.154376723865e-03
2.155213699780e-03
2.144369784730e-03
2.145183178470e-03
2.145983268178e-03
2.146764834322e-03
2.147523944359e-03
2.148259126329e-03
2.148971124996e-03
2.149661349279e-03
2.150330154052e-03
2.150976255564e-03
2.142057514050e-03
2.142644634773e-03
2.143206397648e-03
2.143745662465e-03
2.144265934817e-03
2.144769752931e-03
2.145257658299e-03
2.145728751600e-03
2.146182256126e-03
2.146619081145e-03
2.139777021341e-03
2.140183052973e-03
2.140583846085e-03
2.140981768719e-03
2.141377446208e-03
2.141770687729e-03
2.142161784207e-03
2.142552189468e-03
2.142944189984e-03
2.143339690178e-03
2.137158099856e-03
2.137553075727e-03
2.137949985126e-03
2.138348128028e-03
2.138748096115e-03
2.139151490894e-03
2.139559778243e-03
2.139973152282e-03
2.140390343129e-03
2.140809179309e-03
2.135128971418e-03
2.135539443941e-03
2.135949829267e-03
2.136360988970e-03
2.136772925496e-03
2.137184331048e-03
2.137593076668e-03
2.137997505315e-03
2.138397334477e-03
2.138793793449e-03
2.133984032753e-03
2.134370747626e-03
2.134755803525e-03
2.135136738502e-03
2.135510942310e-03
2.135876897114e-03
2.136234825798e-03
2.136586036784e-03
2.136931333382e-03
2.137269663763e-03
2.133290420716e-03
2.133597461125e-03
2.133887742218e-03
2.134160909179e-03
2.134418884680e-03
2.134664273910e-03
2.134898192821e-03
2.135118970898e-03
2.135322699814e-03
2.135505148715e-03
2.132866725276e-03
2.132996015064e-03
2.133105285850e-03
2.133197421188e-03
2.133273418906e-03
2.133332115079e-03
2.133371746368e-03
2.133392385929e-03
2.133397540717e-03
2.133393748295e-03
2.131978521902e-03
2.131969915069e-03
2.131964623516e-03
2.131960171369e-03
2.131953771027e-03
2.131945433348e-03
2.131939207800e-03
2.131941816970e-03
2.131959805411e-03
2.131996792286e-03
2.129794890664e-03
2.129864084679e-03
2.129949688822e-03
2.130053309429e-03
2.130178395078e-03
2.130327700854e-03
2.130500560895e-03
2.130691714399e-03
2.130893048786e-03
2.131096903156e-03
2.127177037437e-03
2.127373278711e-03
2.127569655329e-03
2.127767111404e-03
2.127962978875e-03
2.128150988767e-03
2.128323397301e-03
2.128473808057e-03
2.128598834190e-03
2.128697364469e-03
2.125342519662e-03
2.125378632968e-03
2.125379027802e-03
2.125338117310e-03
2.125252538747e-03
2.125122999644e-03
2.124953914858e-03
2.124750967369e-03
2.124518415201e-03
2.124257663638e-03
2.123800694903e-03
2.123476154907e-03
2.123123750721e-03
2.122748341094e-03
2.122356585403e-03
2.121954934921e-03
2.121547984018e-03
2.121138574921e-03
2.120729223407e-03
2.120323828080e-03
2.121369661950e-03
2.120984973658e-03
2.120623425697e-03
2.120288655249e-03
2.119981415660e-03
2.119700862067e-03
2.119446435302e-03
2.119219314920e-03
2.119022207296e-03
2.118858085851e-03
2.118809825333e-03
2.118706782426e-03
2.118633607495e-03
2.118586393692e-03
2.118562047713e-03
2.118558851919e-03
2.118575829286e-03
2.118611454989e-03
2.118662617079e-03
2.118724815148e-03
2.117912790538e-03
2.117977427361e-03
2.118043057692e-03
2.118109840126e-03
2.118178195417e-03
2.118247422175e-03
2.118314954203e-03
2.118376990950e-03
2.118430045016e-03
2.118472410814e-03
2.118155080211e-03
2.118173640156e-03
2.118187136375e-03
2.118197151958e-03
2.118204067699e-03
2.118207864839e-03
2.118209541266e-03
2.118211682500e-03
2.118218080113e-03
2.118232231624e-03
2.117814989390e-03
2.117841738482e-03
2.117875168494e-03
2.117913517964e-03
2.117956933319e-03
2.118007745480e-03
2.118069243920e-03
2.118143739835e-03
2.118231164616e-03
2.118329135897e-03
2.117081612596e-03
2.117187299802e-03
2.117297634129e-03
2.117413095561e-03
2.117533291766e-03
2.117655517281e-03
2.117774638862e-03
2.117884848133e-03
2.117981857509e-03
2.118064407966e-03
2.116858877457e-03
2.116912675092e-03
2.116954993539e-03
2.116983126143e-03
2.116992779975e-03
2.116980485539e-03
2.116945609885e-03
2.116890600234e-03
2.116819212461e-03
2.116734060110e-03
2.116492410266e-03
2.116373087688e-03
2.116236008817e-03
2.116082198256e-03
2.115916228320e-03
2.115744890887e-03
2.115574387688e-03
2.115408131885e-03
2.115246526557e-03
2.115088927610e-03
2.115008035958e-03
2.114858652078e-03
2.114725355966e-03
2.114615014420e-03
2.114531698794e-03
2.114475717121e-03
2.114444794017e-03
2.114436899490e-03
2.114452515571e-03
2.114495055991e-03
2.112641368683e-03
2.112741863129e-03
2.112876662693e-03
2.113042783208e-03
2.113236560660e-03
2.113456060385e-03
2.113702053919e-03
2.113977050101e-03
2.114282888897e-03
2.114618605049e-03
2.110898629667e-03
2.111270391651e-03
2.111656384216e-03
2.112053859094e-03
2.112462887169e-03
2.112884919427e-03
2.113320687499e-03
2.113769027119e-03
2.114226984816e-03
2.114691318809e-03
2.110694012686e-03
2.111157794673e-03
2.111627015722e-03
2.112102268541e-03
2.112582172458e-03
2.113063218530e-03
2.113540745654e-03
2.114010708851e-03
2.114471092682e-03
2.114922050509e-03
2.111100894979e-03
2.111527854481e-03
2.111947283083e-03
2.112356907276e-03
2.112753499375e-03
2.113134086983e-03
2.113496620950e-03
2.113839660012e-03
2.114161611701e-03
2.114459664881e-03
2.111043329307e-03
2.111273419416e-03
2.111468050771e-03
2.111625907503e-03
2.111747685944e-03
2.111835101346e-03
2.111889220998e-03
2.111909571113e-03
2.111894260906e-03
2.111841100316e-03
2.110117449149e-03
2.109980201794e-03
2.109806575902e-03
2.109598713787e-03
2.109357948427e-03
2.109084855647e-03
2.108780259448e-03
2.108446592899e-03
2.108088421551e-03
2.107711621932e-03
2.107723477479e-03
2.107316905153e-03
2.106900977992e-03
2.106475117955e-03
2.106039555827e-03
2.105596858087e-03
2.105151873138e-03
2.104710046808e-03
2.104275283386e-03
2.103848768286e-03
2.104125600283e-03
2.103705824766e-03
2.103293286325e-03
2.102890894662e-03
2.102502140303e-03
2.102128843148e-03
2.101769750936e-03
2.101421105237e-03
2.101079072702e-03
2.100742383163e-03
2.100918450935e-03
2.100594524165e-03
2.100288100394e-03
2.100000953703e-03
2.099731355543e-03
2.099475706643e-03
2.099231390105e-03
2.098998959355e-03
2.098782087785e-03
2.098585507156e-03
2.098544307216e-03
2.098387263231e-03
2.098253230486e-03
2.098141591659e-03
2.098054438250e-03
2.097996990983e-03
2.097975702327e-03
2.097995496740e-03
2.098057720900e-03
2.098160225046e-03
2.096492215912e-03
2.096656499020e-03
2.096854957358e-03
2.097089940264e-03
2.097363948621e-03
2.097677504423e-03
2.098028187561e-03
2.098411588236e-03
2.098823177164e-03
2.099259893953e-03
2.094937782488e-03
2.095411477455e-03
2.095905989052e-03
2.096416844040e-03
2.096937542774e-03
2.097460988864e-03
2.097981231486e-03
2.098494391305e-03
2.098998334986e-03
2.099491448746e-03
2.093682888358e-03
2.094136178869e-03
2.094568897974e-03
2.094977722550e-03
2.095361039721e-03
2.095719181511e-03
2.096053653418e-03
2.096365929447e-03
2.096656398464e-03
2.096924290527e-03
2.091054179402e-03
2.091264348110e-03
2.091451232843e-03
2.091617485007e-03
2.091766709896e-03
2.091902442146e-03
2.092027431502e-03
2.092143727225e-03
2.092253395801e-03
2.092359278720e-03
2.086315805570e-03
2.086416274835e-03
2.086523694175e-03
2.086639073070e-03
2.086761405394e-03
2.086888694464e-03
2.087019510384e-03
2.087154251967e-03
2.087295177148e-03
2.087445411689e-03
2.081306924822e-03
2.081471610552e-03
2.081648340379e-03
2.081836214984e-03
2.082035115791e-03
2.082245936151e-03
2.082469720904e-03
2.082706381657e-03
2.082953883985e-03
2.083208737190e-03
2.077953025548e-03
2.078204773284e-03
2.078460919279e-03
2.078725117713e-03
2.079001186189e-03
2.079291327277e-03
2.079595447697e-03
2.079911944236e-03
2.080239377733e-03
2.080577438790e-03
2.076316181615e-03
2.076667290169e-03
2.077029852217e-03
2.077401598001e-03
2.077779587751e-03
2.078161853376e-03
2.078548606846e-03
2.078942132073e-03
2.079345249342e-03
2.079759572723e-03
2.075646454728e-03
2.076068187421e-03
2.076494493849e-03
2.076922756032e-03
2.077351489845e-03
2.077779853209e-03
2.078206667761e-03
2.078630024812e-03
2.079047721395e-03
2.079458417427e-03
2.074961650123e-03
2.075349431152e-03
2.075734821972e-03
2.076119439778e-03
2.076503371939e-03
2.076885437646e-03
2.077264210016e-03
2.077638978335e-03
2.078010008745e-03
2.078378155261e-03
2.072747737543e-03
2.073099906568e-03
2.073450646776e-03
2.073801291033e-03
2.074154479203e-03
2.074513709090e-03
2.074882140789e-03
2.075261405480e-03
2.075651179723e-03
2.076049778282e-03
2.068984964012e-03
2.069384251342e-03
2.069789981761e-03
2.070203063056e-03
2.070624089527e-03
2.071052955273e-03
2.071489148591e-03
2.071932420790e-03
2.072383250379e-03
2.072842596590e-03
2.065328791446e-03
2.065792786425e-03
2.066263299128e-03
2.066737394671e-03
2.067212264706e-03
2.067686150951e-03
2.068158657494e-03
2.068630380620e-03
2.069102240853e-03
2.069574939924e-03
2.062759596186e-03
2.063221888250e-03
2.063685622318e-03
2.064150597164e-03
2.064616098664e-03
2.065081031560e-03
2.065544135007e-03
2.066004526455e-03
2.066462156449e-03
2.066917686136e-03
2.060854373099e-03
2.061296249337e-03
2.061738283714e-03
2.062180639371e-03
2.062623672259e-03
2.063068071720e-03
2.063514400845e-03
2.063962495356e-03
2.064411051265e-03
2.064857874700e-03
2.059215900374e-03
2.059642959921e-03
2.060066322485e-03
2.060488190864e-03
2.060910780017e-03
2.061335112614e-03
2.061760543938e-03
2.062185450939e-03
2.062608393999e-03
2.063029028648e-03
2.057690166168e-03
2.058098726650e-03
2.058507649735e-03
2.058916499379e-03
2.059324287416e-03
2.059730506573e-03
2.060136014734e-03
2.060543009861e-03
2.060954247156e-03
2.061371815046e-03
2.055765858472e-03
2.056187040182e-03
2.056613460240e-03
2.057044349840e-03
2.057479844950e-03
2.057920780715e-03
2.058368153371e-03
2.058822749120e-03
2.059285004179e-03
2.059755219534e-03
2.053504777621e-03
2.053981763538e-03
2.054467160690e-03
2.054960412636e-03
2.055460591237e-03
2.055966638352e-03
2.056477641077e-03
2.056992671953e-03
2.057510540681e-03
2.058029405759e-03
2.051673759297e-03
2.052177451731e-03
2.052676620565e-03
2.053171090040e-03
2.053661240211e-03
2.054146924593e-03
2.054626547363e-03
2.055097028233e-03
2.055554673007e-03
2.055996589718e-03
2.050739790889e-03
2.051137630417e-03
2.051519449253e-03
2.051884954426e-03
2.052232428127e-03
2.052559338267e-03
2.052863975450e-03
2.053146536809e-03
2.053409305347e-03
2.053655466341e-03
2.050070849975e-03
2.050279158027e-03
2.050472995336e-03
2.050651333604e-03
2.050814602114e-03
2.050965445164e-03
2.051108033356e-03
2.051246715382e-03
2.051384578806e-03
2.051523269301e-03
2.048815828175e-03
2.048948561139e-03
2.049087493276e-03
2.049236906601e-03
2.049401327952e-03
2.049584291058e-03
2.049787713929e-03
2.050012200186e-03
2.050257925987e-03
2.050525426284e-03
2.047009560101e-03
2.047312616185e-03
2.047641145964e-03
2.047995260739e-03
2.048374226320e-03
2.048776798006e-03
2.049201674822e-03
2.049647727347e-03
2.050113946098e-03
2.050599116671e-03
2.045699511712e-03
2.046205036663e-03
2.046722915111e-03
2.047249774535e-03
2.047781975534e-03
2.048315784521e-03
2.048847751553e-03
2.049375125296e-03
2.049895906509e-03
2.050408679565e-03
2.045357783004e-03
2.045839567131e-03
2.046309280274e-03
2.046765284149e-03
2.047206194675e-03
2.047631034998e-03
2.048039149315e-03
2.048429759498e-03
2.048801764829e-03
2.049153884229e-03
2.045004641843e-03
2.045304642252e-03
2.045584478594e-03
2.045845855264e-03
2.046090566409e-03
2.046319812052e-03
2.046534044553e-03
2.046733121745e-03
2.046916890833e-03
2.047085413381e-03
2.044040191777e-03
2.044169595649e-03
2.044283725581e-03
2.044381921337e-03
2.044463941786e-03
2.044530360195e-03
2.044582568999e-03
2.044622390031e-03
2.044651128699e-03
2.044669174552e-03
2.042867143416e-03
2.042853573471e-03
2.042828992501e-03
2.042794911461e-03
2.042753485625e-03
2.042706653583e-03
2.042655663672e-03
2.042601425728e-03
2.042545184793e-03
2.042489490861e-03
2.041323465960e-03
2.041271208498e-03
2.041231200735e-03
2.041205545822e-03
2.041195067648e-03
2.041200422752e-03
2.041223309618e-03
2.041266940864e-03
2.041335311219e-03
2.041431905241e-03
2.038991564120e-03
2.039138143175e-03
2.039314501587e-03
2.039520669143e-03
2.039757807438e-03
2.040027647467e-03
2.040331260503e-03
2.040667887684e-03
2.041034877891e-03
2.041428675284e-03
2.037253179083e-03
2.037682294144e-03
2.038133568419e-03
2.038606785050e-03
2.039100524541e-03
2.039611745943e-03
2.040136461005e-03
2.040671141458e-03
2.041213689665e-03
2.041763299985e-03
2.037534495059e-03
2.038085198933e-03
2.038638549948e-03
2.039191025403e-03
2.039739721795e-03
2.040283409258e-03
2.040822819424e-03
2.041359787540e-03
2.041895901471e-03
2.042431666098e-03
2.039105766983e-03
2.039628182331e-03
2.040148584285e-03
2.040667864094e-03
2.041187474674e-03
2.041708556021e-03
2.042231119049e-03
2.042754055822e-03
2.043275901087e-03
2.043795912641e-03
2.040632271019e-03
2.041141644554e-03
2.041653947231e-03
2.042170578193e-03
2.042691412328e-03
2.043214720288e-03
2.043737817985e-03
2.044257931288e-03
2.044772860870e-03
2.045281122037e-03
2.042039742207e-03
2.042521533895e-03
2.042992583824e-03
2.043450930444e-03
2.043894760220e-03
2.044322945494e-03
2.044735252298e-03
2.045131967407e-03
2.045513088945e-03
2.045877560363e-03
2.043604583946e-03
2.043918319544e-03
2.044205837251e-03
2.044464735377e-03
2.044694548886e-03
2.044896429481e-03
2.045072277213e-03
2.045223436312e-03
2.045349997388e-03
2.045450899345e-03
2.044875807428e-03
2.044914104488e-03
2.044925499774e-03
2.044911192058e-03
2.044872037516e-03
2.044807746870e-03
2.044717010961e-03
2.044598399550e-03
2.044451591644e-03
2.044278085577e-03
2.045559533030e-03
2.045333762510e-03
2.045089541184e-03
2.044827234101e-03
2.044545851106e-03
2.044244241915e-03
2.043922369012e-03
2.043581811733e-03
2.043225331079e-03
2.042855929574e-03
2.045960087344e-03
2.045562909757e-03
2.045157930411e-03
2.044746739841e-03
2.044331684374e-03
2.043915638069e-03
2.043501343678e-03
2.043090929817e-03
2.042685793867e-03
2.042286981066e-03
2.046170417316e-03
2.045780265576e-03
2.045402952660e-03
2.045041793281e-03
2.044700006820e-03
2.044380352402e-03
2.044085000591e-03
2.043815583477e-03
2.043573218600e-03
2.043358522712e-03
2.045719694479e-03
2.045550677167e-03
2.045409126538e-03
2.045295422022e-03
2.045210459812e-03
2.045155496887e-03
2.045131717864e-03
2.045139762572e-03
2.045179550066e-03
2.045250436993e-03
2.044553216933e-03
2.044673679336e-03
2.044822078403e-03
2.044996729808e-03
2.045195205653e-03
2.045414535871e-03
2.045651609649e-03
2.045903945202e-03
2.046170141455e-03
2.046449865702e-03
2.043231711014e-03
2.043529943251e-03
2.043841557793e-03
2.044164824724e-03
2.044497094914e-03
2.044835327354e-03
2.045176596425e-03
2.045518516297e-03
2.045859324198e-03
2.046197698348e-03
2.042227732545e-03
2.042549385692e-03
2.042866327088e-03
2.043178690940e-03
2.043487490539e-03
2.043794428914e-03
2.044101505419e-03
2.044410251926e-03
2.044720985737e-03
2.045032648937e-03
2.041468383936e-03
2.041767052162e-03
2.042062039095e-03
2.042354453977e-03
2.042646986524e-03
2.042942963726e-03
2.043245180289e-03
2.043555254261e-03
2.043873740263e-03
2.044200747491e-03
2.040808328502e-03
2.041145168278e-03
2.041492602189e-03
2.041850374951e-03
2.042216685197e-03
2.042588674840e-03
2.042963383758e-03
2.043339163890e-03
2.043716182129e-03
2.044095919530e-03
2.040676386116e-03
2.041055501763e-03
2.041436605339e-03
2.041815854568e-03
2.042189006659e-03
2.042552508783e-03
2.042903979827e-03
2.043241884849e-03
2.043564694134e-03
2.043870380703e-03
2.041566354194e-03
2.041821611840e-03
2.042053429705e-03
2.042261296936e-03
2.042445272991e-03
2.042605175632e-03
2.042739961155e-03
2.042847743553e-03
2.042926397451e-03
2.042974337428e-03
2.042800584206e-03
2.042777681993e-03
2.042725466254e-03
2.042645362906e-03
2.042538620003e-03
2.042406183818e-03
2.042248688269e-03
2.042066660579e-03
2.041860394058e-03
2.041630087149e-03
2.043364676354e-03
2.043078110091e-03
2.042769106993e-03
2.042439175625e-03
2.042090195005e-03
2.041723994864e-03
2.041342122311e-03
2.040945649469e-03
2.040535367144e-03
2.040111918802e-03
2.043823175711e-03
2.043366126259e-03
2.042897285605e-03
2.042416890390e-03
2.041925393030e-03
2.041423768105e-03
2.040913795156e-03
2.040397932490e-03
2.039878781261e-03
2.039358582181e-03
2.045305272873e-03
2.044777816707e-03
2.044251968528e-03
2.043728050865e-03
2.043206689052e-03
2.042688926224e-03
2.042176145892e-03
2.041670048243e-03
2.041172560894e-03
2.040685784209e-03
2.047624705654e-03
2.047156357776e-03
2.046704200268e-03
2.046269038715e-03
2.045851137837e-03
2.045450534467e-03
2.045067231563e-03
2.044701350428e-03
2.044353026236e-03
2.044022378811e-03
2.049830769352e-03
2.049526118412e-03
2.049239868484e-03
2.048972665250e-03
2.048724839028e-03
2.048495989641e-03
2.048284622390e-03
2.048088456547e-03
2.047904951837e-03
2.047732073720e-03
2.051756864830e-03
2.051592113617e-03
2.051435564510e-03
2.051286064955e-03
2.051141714446e-03
2.051000196161e-03
2.050859244378e-03
2.050717048064e-03
2.050571900156e-03
2.050421737351e-03
2.053958480360e-03
2.053779356572e-03
2.053585802742e-03
2.053375369940e-03
2.053146852177e-03
2.052899849673e-03
2.052633969583e-03
2.052348017344e-03
2.052039859450e-03
2.051706877182e-03
2.056940384932e-03
2.056542389312e-03
2.056115664004e-03
2.055660118288e-03
2.055175515238e-03
2.054661476052e-03
2.054118058197e-03
2.053546392233e-03
2.052948933454e-03
2.052328892887e-03
2.060279501052e-03
2.059612177334e-03
2.058927925873e-03
2.058227180441e-03
2.057511027658e-03
2.056781900592e-03
2.056043531297e-03
2.055300047743e-03
2.054555188010e-03
2.053811997371e-03
2.063040770281e-03
2.062299501574e-03
2.061569297439e-03
2.060854111733e-03
2.060157219319e-03
2.059480501430e-03
2.058824272808e-03
2.058187966554e-03
2.057571266789e-03
2.056974934817e-03
2.065160935103e-03
2.064603091810e-03
2.064072089013e-03
2.063569004861e-03
2.063093988170e-03
2.062646740683e-03
2.062226885698e-03
2.061834045264e-03
2.061467472060e-03
2.061125804175e-03
2.067586283260e-03
2.067280504889e-03
2.066993504116e-03
2.066724263557e-03
2.066472646334e-03
2.066238953773e-03
2.066023487544e-03
2.065826157263e-03
2.065646420874e-03
2.065483271281e-03
2.071036868074e-03
2.070894234691e-03
2.070761549987e-03
2.070635378516e-03
2.070512264424e-03
2.070389435517e-03
2.070265066209e-03
2.070138024919e-03
2.070007408463e-03
2.069871761080e-03
2.075459384116e-03
2.075298166005e-03
2.075123772158e-03
2.074933125130e-03
2.074722992745e-03
2.074489589006e-03
2.074228474726e-03
2.073934843338e-03
2.073604378779e-03
2.073234115642e-03
2.080261411152e-03
2.079800637659e-03
2.079300750722e-03
2.078762819963e-03
2.078187195877e-03
2.077573642737e-03
2.076921836647e-03
2.076231939441e-03
2.075504742265e-03
2.074741638921e-03
2.083778384758e-03
2.082939742991e-03
2.082073166378e-03
2.081183457733e-03
2.080276586014e-03
2.079359175411e-03
2.078437693342e-03
2.077517873659e-03
2.076604387241e-03
2.075701083129e-03
2.084882916620e-03
2.083998835815e-03
2.083132774146e-03
2.082286317716e-03
2.081460952695e-03
2.080658663829e-03
2.079882252190e-03
2.079135146118e-03
2.078420547832e-03
2.077740124889e-03
2.085256836267e-03
2.084630990623e-03
2.084032283847e-03
2.083456859737e-03
2.082901660117e-03
2.082364119076e-03
2.081841552695e-03
2.081330564693e-03
2.080827240263e-03
2.080328128386e-03
2.087302609027e-03
2.086798005962e-03
2.086296761377e-03
2.085799320582e-03
2.085304145737e-03
2.084807727954e-03
2.084305874973e-03
2.083795598878e-03
2.083276557357e-03
2.082751018861e-03
2.090190329909e-03
2.089651911717e-03
2.089115295405e-03
2.088581432133e-03
2.088051677163e-03
2.087528707307e-03
2.087016368080e-03
2.086518361295e-03
2.086036770550e-03
2.085571393764e-03
2.092082676597e-03
2.091634445435e-03
2.091198539460e-03
2.090776494470e-03
2.090370683675e-03
2.089982551183e-03
2.089611539873e-03
2.089255049214e-03
2.088909595955e-03
2.088572020568e-03
2.093812582643e-03
2.093473362493e-03
2.093135132498e-03
2.092793935958e-03
2.092444767698e-03
2.092082747538e-03
2.091704392512e-03
2.091308076444e-03
2.090893527054e-03
2.090460573982e-03
2.096355314791e-03
2.095869648883e-03
2.095360502381e-03
2.094826724715e-03
2.094268607266e-03
2.093687673266e-03
2.093085873810e-03
2.092464706550e-03
2.091825177217e-03
2.091168443940e-03
2.098305161041e-03
2.097609661064e-03
2.096907493296e-03
2.096203853057e-03
2.095503186467e-03
2.094808698587e-03
2.094122440326e-03
2.093446000799e-03
2.092781122883e-03
2.092129957532e-03
2.098598398618e-03
2.097970182092e-03
2.097360902667e-03
2.096770730475e-03
2.096199454854e-03
2.095646987470e-03
2.095113777614e-03
2.094600585622e-03
2.094108030292e-03
2.093635753340e-03
2.098923847029e-03
2.098475757748e-03
2.098039292321e-03
2.097610768544e-03
2.097187463164e-03
2.096768038427e-03
2.096352110129e-03
2.095939707374e-03
2.095530511497e-03
2.095123807351e-03
2.100763732528e-03
2.100350983824e-03
2.099940263065e-03
2.099532745831e-03
2.099129420628e-03
2.098730278533e-03
2.098334136974e-03
2.097939394105e-03
2.097545222171e-03
2.097152653050e-03
2.103280105700e-03
2.102892343089e-03
2.102516950742e-03
2.102155876457e-03
2.101809231476e-03
2.101476080497e-03
2.101155625951e-03
2.100847768190e-03
2.100552743514e-03
2.100270142819e-03
2.105556877723e-03
2.105283594858e-03
2.105014041604e-03
2.104745782674e-03
2.104478183469e-03
2.104211946232e-03
2.103947497062e-03
2.103683610926e-03
2.103416863463e-03
2.103142397004e-03
2.108043473754e-03
2.107731914350e-03
2.107402434604e-03
2.107053595410e-03
2.106683495867e-03
2.106289371170e-03
2.105868295246e-03
2.105418584108e-03
2.104940591039e-03
2.104436672539e-03
2.110595280556e-03
2.110038997273e-03
2.109462077215e-03
2.108863412445e-03
2.108241955966e-03
2.107597957888e-03
2.106933424727e-03
2.106251354348e-03
2.105554581306e-03
2.104845030601e-03
2.112333813443e-03
2.111594872360e-03
2.110848489281e-03
2.110098582591e-03
2.109349422540e-03
2.108604233285e-03
2.107864199900e-03
2.107128525267e-03
2.106395422345e-03
2.105663437703e-03
2.113468978621e-03
2.112732270632e-03
2.111998285272e-03
2.111267864905e-03
2.110541227808e-03
2.109818295764e-03
2.109099187805e-03
2.108384460598e-03
2.107674818035e-03
2.106970591115e-03
2.114902912240e-03
2.114200391304e-03
2.113500000121e-03
2.112800589941e-03
2.112102019737e-03
2.111405455651e-03
2.110713224397e-03
2.110028510515e-03
2.109355032871e-03
2.108696468440e-03
2.116813278292e-03
2.116186320791e-03
2.115581487089e-03
2.114999562423e-03
2.114441154788e-03
2.113907288958e-03
2.113399574512e-03
2.112920248067e-03
2.112471653618e-03
2.112055961106e-03
2.119118687006e-03
2.118766164529e-03
2.118451387048e-03
2.118175520650e-03
2.117938746949e-03
2.117739600862e-03
2.117574662122e-03
2.117439091535e-03
2.117327580493e-03
2.117235577543e-03
2.122672135840e-03
2.122602490545e-03
2.122545338068e-03
2.122498425479e-03
2.122458554084e-03
2.122421902470e-03
2.122384443339e-03
2.122342239829e-03
2.122291362184e-03
2.122227545783e-03
2.127642654216e-03
2.127531280394e-03
2.127393909859e-03
2.127228359541e-03
2.127034279908e-03
2.126812664585e-03
2.126565086485e-03
2.126293027288e-03
2.125997739881e-03
2.125680519441e-03
2.132128843812e-03
2.131764989940e-03
2.131384366749e-03
2.130987981218e-03
2.130576426794e-03
2.130150476546e-03
2.129712070939e-03
2.129264750977e-03
2.128813148147e-03
2.128361861708e-03
2.134214606826e-03
2.133763501149e-03
2.133318454526e-03
2.132880143449e-03
2.132450064494e-03
2.132030184384e-03
2.131621775618e-03
2.131224451034e-03
2.130835878518e-03
2.130452908148e-03
2.134773893204e-03
2.134387809690e-03
2.134006641938e-03
2.133632736161e-03
2.133267263446e-03
2.132909323734e-03
2.132556508968e-03
2.132206394378e-03
2.131858045800e-03
2.131512287406e-03
2.135851639650e-03
2.135505418039e-03
2.135163445644e-03
2.134823714357e-03
2.134484636144e-03
2.134146619767e-03
2.133812726925e-03
2.133487660728e-03
2.133175923746e-03
2.132880436875e-03
2.137902547418e-03
2.137631665335e-03
2.137377979011e-03
2.137142781521e-03
2.136928190225e-03
2.136736232046e-03
2.136567800505e-03
2.136422676756e-03
2.136300226198e-03
2.136200491861e-03
2.140046052432e-03
2.139986962447e-03
2.139955938560e-03
2.139953590870e-03
2.139978769037e-03
2.140028951885e-03
2.140101226360e-03
2.140192963509e-03
2.140302092755e-03
2.140426870710e-03
2.141397556670e-03
2.141537765453e-03
2.141687749599e-03
2.141846040331e-03
2.142011712976e-03
2.142184060915e-03
2.142361998892e-03
2.142543624416e-03
2.142726114300e-03
2.142906104552e-03
2.141982862440e-03
2.142137868077e-03
2.142282018838e-03
2.142413754541e-03
2.142531848563e-03
2.142635360656e-03
2.142723503198e-03
2.142795517500e-03
2.142850535449e-03
2.142887371576e-03
2.142758603782e-03
2.142743607465e-03
2.142704480605e-03
2.142638716066e-03
2.142543803359e-03
2.142417614266e-03
2.142258608501e-03
2.142066164140e-03
2.141840800903e-03
2.141583871946e-03
2.144474869965e-03
2.144149909270e-03
2.143796613609e-03
2.143414517718e-03
2.143003016215e-03
2.142562160827e-03
2.142093112695e-03
2.141597867421e-03
2.141078620753e-03
2.140537282799e-03
2.146056698791e-03
2.145467988385e-03
2.144865208606e-03
2.144254020720e-03
2.143640895383e-03
2.143031578669e-03
2.142429610728e-03
2.141836054477e-03
2.141250639511e-03
2.140673492704e-03
2.146393582620e-03
2.145831786095e-03
2.145288112388e-03
2.144765665832e-03
2.144265659695e-03
2.143788002627e-03
2.143332875619e-03
2.142901880973e-03
2.142498016156e-03
2.142124051147e-03
2.146802662537e-03
2.146477609358e-03
2.146174767574e-03
2.145888392590e-03
2.145614715175e-03
2.145353008245e-03
2.145104712099e-03
2.144871403857e-03
2.144652914410e-03
2.144447102296e-03
2.149144216673e-03
2.148946530724e-03
2.148756275403e-03
2.148574748787e-03
2.148403004242e-03
2.148240337874e-03
2.148084121302e-03
2.147931140883e-03
2.147779710072e-03
2.147631027015e-03
2.152529050079e-03
2.152390715082e-03
2.152268275893e-03
2.152163768528e-03
2.152077344988e-03
2.152008610835e-03
2.151957932881e-03
2.151926857323e-03
2.151917520450e-03
2.151931556568e-03
2.155309016189e-03
2.155363073769e-03
2.155440027991e-03
2.155540228614e-03
2.155664973259e-03
2.155815759920e-03
2.155993186307e-03
2.156196217811e-03
2.156422221447e-03
2.156667713336e-03
2.157952907055e-03
2.158220428782e-03
2.158499260304e-03
2.158787649819e-03
2.159083883782e-03
2.159386133656e-03
2.159692631380e-03
2.160001693767e-03
2.160311662522e-03
2.160620651409e-03
2.160997364399e-03
2.161288230923e-03
2.161569996701e-03
2.161840335134e-03
2.162097880614e-03
2.162342238535e-03
2.162573719431e-03
2.162793001730e-03
2.163000829341e-03
2.163197947084e-03
2.163898269430e-03
2.164066581599e-03
2.164225884144e-03
2.164376057976e-03
2.164516468156e-03
2.164646126175e-03
2.164764068198e-03
2.164869741307e-03
2.164963303244e-03
2.165045536742e-03
2.166838654489e-03
2.166891942807e-03
2.166936825404e-03
2.166973130613e-03
2.166999841222e-03
2.167015125679e-03
2.167016857072e-03
2.167002827491e-03
2.166971151212e-03
2.166920300851e-03
2.171113433405e-03
2.171010609459e-03
2.170884290877e-03
2.170733281616e-03
2.170557143927e-03
2.170356490979e-03
2.170132790695e-03
2.169887624746e-03
2.169621857604e-03
2.169335249619e-03
2.177054999436e-03
2.176714951702e-03
2.176352700872e-03
2.175970445705e-03
2.175571585894e-03
2.175159571209e-03
2.174737004452e-03
2.174305567223e-03
2.173866920259e-03
2.173423917498e-03
2.183476991604e-03
2.183031952882e-03
2.182598019203e-03
2.182178289672e-03
2.181773285884e-03
2.181381817252e-03
2.181002783402e-03
2.180636586502e-03
2.180285320776e-03
2.179951563846e-03
2.189242551822e-03
2.188938509676e-03
2.188650384596e-03
2.188375580488e-03
2.188112796205e-03
2.187862212168e-03
2.187624333260e-03
2.187398069339e-03
2.187179463192e-03
2.186962013695e-03
2.194419662430e-03
2.194176977071e-03
2.193919204501e-03
2.193645545503e-03
2.193356067153e-03
2.193049863706e-03
2.192724656197e-03
2.192377395204e-03
2.192005864686e-03
2.191609555553e-03
2.198959325085e-03
2.198509911580e-03
2.198038562312e-03
2.197544095452e-03
2.197024728900e-03
2.196479738188e-03
2.195910829357e-03
2.195322440684e-03
2.194720587227e-03
2.194111209121e-03
2.202327448344e-03
2.201707332176e-03
2.201088852985e-03
2.200473829305e-03
2.199864733200e-03
2.199264297928e-03
2.198674872943e-03
2.198097880751e-03
2.197533722040e-03
2.196982563362e-03
2.205488659683e-03
2.204958511470e-03
2.204445738585e-03
2.203952120453e-03
2.203478122283e-03
2.203022324011e-03
2.202581777510e-03
2.202152709572e-03
2.201731449247e-03
2.201314937338e-03
2.210392085999e-03
2.209970613990e-03
2.209548269605e-03
2.209123574460e-03
2.208695266177e-03
2.208262601471e-03
2.207825464609e-03
2.207384193241e-03
2.206939210225e-03
2.206490402045e-03
2.217101418069e-03
2.216633985313e-03
2.216159985039e-03
2.215679666051e-03
2.215194789130e-03
2.214708503516e-03
2.214224587533e-03
2.213746654377e-03
2.213277628130e-03
2.212819695103e-03
2.223705486756e-03
2.223267819772e-03
2.222848107863e-03
2.222448446048e-03
2.222069782249e-03
2.221711477944e-03
2.221371804126e-03
2.221048999843e-03
2.220742430552e-03
2.220452958682e-03
2.229317420017e-03
2.229058132173e-03
2.228817974299e-03
2.228594312271e-03
2.228383477302e-03
2.228182067256e-03
2.227987832384e-03
2.227799446985e-03
2.227615305287e-03
2.227432575353e-03
2.234649866580e-03
2.234448511047e-03
2.234236608842e-03
2.234013819645e-03
2.233782360292e-03
2.233545383660e-03
2.233304967831e-03
2.233061074776e-03
2.232811974977e-03
2.232555985586e-03
2.239972586608e-03
2.239696774495e-03
2.239419635373e-03
2.239144090652e-03
2.238871429199e-03
2.238601619013e-03
2.238334855747e-03
2.238073099306e-03
2.237820629148e-03
2.237582878536e-03
2.244683510639e-03
2.244477329214e-03
2.244290189992e-03
2.244118832721e-03
2.243960492422e-03
2.243814192127e-03
2.243680646984e-03
2.243560795307e-03
2.243454102484e-03
2.243358038015e-03
2.249237591855e-03
2.249143582674e-03
2.249050847126e-03
2.248958632094e-03
2.248866065031e-03
2.248770653580e-03
2.248667711513e-03
2.248551215132e-03
2.248415594238e-03
2.248257500469e-03
2.254641654474e-03
2.254429501932e-03
2.254195848479e-03
2.253940325943e-03
2.253661241753e-03
2.253356503331e-03
2.253024925437e-03
2.252666885227e-03
2.252283877681e-03
2.251877538356e-03
2.260852410643e-03
2.260391663583e-03
2.259908588258e-03
2.259404547942e-03
2.258882720810e-03
2.258347727661e-03
2.257804370117e-03
2.257256287066e-03
2.256705116906e-03
2.256150891412e-03
2.267566818603e-03
2.266994816978e-03
2.266420270018e-03
2.265845258592e-03
2.265271942520e-03
2.264701832644e-03
2.264135495352e-03
2.263572955201e-03
2.263014332016e-03
2.262460381473e-03
2.274713668612e-03
2.274162161541e-03
2.273617116714e-03
2.273076661425e-03
2.272537650470e-03
2.271996785282e-03
2.271451741990e-03
2.270901860129e-03
2.270347869057e-03
2.269790902972e-03
2.281948976133e-03
2.281377625309e-03
2.280801455868e-03
2.280218780129e-03
2.279628729582e-03
2.279031413707e-03
2.278427296915e-03
2.277816118010e-03
2.277196367061e-03
2.276565582918e-03
2.289050003071e-03
2.288384040583e-03
2.287704646335e-03
2.287013942578e-03
2.286313903141e-03
2.285605163308e-03
2.284886772998e-03
2.284156954317e-03
2.283414491671e-03
2.282659567641e-03
2.296406126504e-03
2.295623051452e-03
2.294829904770e-03
2.294024920786e-03
2.293205597198e-03
2.292370265536e-03
2.291519324160e-03
2.290655099955e-03
2.289780521039e-03
2.288897405037e-03
2.304341078400e-03
2.303431796349e-03
2.302510880781e-03
2.301578569245e-03
2.300637040605e-03
2.299689223150e-03
2.298737207639e-03
2.297781068364e-03
2.296819414312e-03
2.295850981852e-03
2.312899050253e-03
2.311913717733e-03
2.310930501153e-03
2.309953709187e-03
2.308985375691e-03
2.308025068999e-03
2.307071414691e-03
2.306124157087e-03
2.305185403941e-03
2.304259222569e-03
2.321842443678e-03
2.320942887593e-03
2.320062174022e-03
2.319198486077e-03
2.318350343501e-03
2.317518311656e-03
2.316704996986e-03
2.315913681741e-03
2.315146114086e-03
2.314401411695e-03
2.330733332201e-03
2.330015271980e-03
2.329311716551e-03
2.328623405276e-03
2.327952689882e-03
2.327301581204e-03
2.326669868296e-03
2.326054550622e-03
2.325451089803e-03
2.324855313134e-03
2.339078149873e-03
2.338485064740e-03
2.337899299050e-03
2.337321716027e-03
2.336751545158e-03
2.336186682953e-03
2.335624978116e-03
2.335065798718e-03
2.334510735125e-03
2.333962780426e-03
2.346707716697e-03
2.346172608895e-03
2.345647157426e-03
2.345128703382e-03
2.344615202162e-03
2.344106871874e-03
2.343606571856e-03
2.343118776764e-03
2.342647676358e-03
2.342195590131e-03
2.353830138020e-03
2.353407613555e-03
2.353002338907e-03
2.352614823792e-03
2.352246650219e-03
2.351899165376e-03
2.351571946804e-03
2.351262352533e-03
2.350966389258e-03
2.350680377049e-03
2.360687387693e-03
2.360410700931e-03
2.360144448176e-03
2.359889089064e-03
2.359642460988e-03
2.359399916031e-03
2.359155843351e-03
2.358905754647e-03
2.358647439962e-03
2.358380672149e-03
2.367508244731e-03
2.367214964920e-03
2.366909253510e-03
2.366587821029e-03
2.366248775502e-03
2.365892789953e-03
2.365522881689e-03
2.365142555902e-03
2.364753939275e-03
2.364356961607e-03
2.374427726295e-03
2.374002359375e-03
2.373568567293e-03
2.373131020704e-03
2.372695518488e-03
2.372266878865e-03
2.371847528877e-03
2.371437871318e-03
2.371037979970e-03
2.370649542399e-03
2.381565682981e-03
2.381204766436e-03
2.380867387217e-03
2.380554331694e-03
2.380263803104e-03
2.379993003785e-03
2.379740300341e-03
2.379506207717e-03
2.379292651824e-03
2.379100885264e-03
2.389577180736e-03
2.389415589221e-03
2.389265123668e-03
2.389121047429e-03
2.388980863657e-03
2.388844185816e-03
2.388711119920e-03
2.388580240336e-03
2.388447765952e-03
2.388308314096e-03
2.398878827933e-03
2.398705871258e-03
2.398518234202e-03
2.398317491100e-03
2.398104912118e-03
2.397880107878e-03
2.397640990011e-03
2.397385230836e-03
2.397111823996e-03
2.396822080470e-03
2.407807108227e-03
2.407486461834e-03
2.407157025345e-03
2.406818302120e-03
2.406468577021e-03
2.406106577098e-03
2.405732913473e-03
2.405350346464e-03
2.404962765866e-03
2.404573447734e-03
2.414801088037e-03
2.414401717203e-03
2.413998355337e-03
2.413588753939e-03
2.413171877492e-03
2.412747999017e-03
2.412317663754e-03
2.411880483010e-03
2.411434417695e-03
2.410976279009e-03
2.420668505067e-03
2.420170140851e-03
2.419656676750e-03
2.419130734324e-03
2.418594555195e-03
2.418048388677e-03
2.417489875654e-03
2.416915110132e-03
2.416320653765e-03
2.415705360420e-03
2.426472057209e-03
2.425811809871e-03
2.425138060403e-03
2.424451901845e-03
2.423752846084e-03
2.423040354586e-03
2.422315490094e-03
2.421581589999e-03
2.420843111565e-03
2.420103508655e-03
2.432259361910e-03
2.431507505435e-03
2.430748418817e-03
2.429979264832e-03
2.429200203039e-03
2.428414307815e-03
2.427625471910e-03
2.426836007828e-03
2.426045337302e-03
2.425250666647e-03
2.438584205322e-03
2.437767909441e-03
2.436945260854e-03
2.436118242201e-03
2.435287214837e-03
2.434449741372e-03
2.433601320604e-03
2.432737888057e-03
2.431858278044e-03
2.430965066310e-03
2.445679889263e-03
2.444767168981e-03
2.443852196109e-03
2.442934009991e-03
2.442010548634e-03
2.441081013956e-03
2.440147189418e-03
2.439212817649e-03
2.438281619959e-03
2.437355359973e-03
2.452697110016e-03
2.451772374286e-03
2.450851782498e-03
2.449938659709e-03
2.449038379325e-03
2.448156077207e-03
2.447294259127e-03
2.446451982621e-03
2.445625962878e-03
2.444812914405e-03
2.459576959836e-03
2.458780977179e-03
2.457998976297e-03
2.457231724179e-03
2.456478214924e-03
2.455736153934e-03
2.455003543048e-03
2.454279923086e-03
2.453566380041e-03
2.452864218753e-03
2.467057281820e-03
2.466368092200e-03
2.465682699835e-03
2.464996427932e-03
2.464306377362e-03
2.463612319900e-03
2.462916253876e-03
2.462220946370e-03
2.461528547542e-03
2.460840137644e-03
2.475258004665e-03
2.474572760150e-03
2.473893331512e-03
2.473220990566e-03
2.472556459395e-03
2.471899401087e-03
2.471248308836e-03
2.470601283960e-03
2.469957078802e-03
2.469315975702e-03
2.483514175083e-03
2.482881122319e-03
2.482259649526e-03
2.481651865878e-03
2.481058045532e-03
2.480476536903e-03
2.479904291590e-03
2.479337759496e-03
2.478773713960e-03
2.478209496644e-03
2.491678320041e-03
2.491102450676e-03
2.490520086440e-03
2.489929028798e-03
2.489327798799e-03
2.488716245466e-03
2.488095529941e-03
2.487467389301e-03
2.486832613670e-03
2.486189852107e-03
2.499658855413e-03
2.498982817713e-03
2.498286434843e-03
2.497568363481e-03
2.496830196947e-03
2.496075290480e-03
2.495306932929e-03
2.494527094655e-03
2.493736563395e-03
2.492936328281e-03
2.506696036164e-03
2.505880875674e-03
2.505068953781e-03
2.504264225934e-03
2.503467521876e-03
2.502676969982e-03
2.501890034011e-03
2.501106350394e-03
2.500329156874e-03
2.499564525408e-03
2.512385635328e-03
2.511656583863e-03
2.510951191425e-03
2.510267946377e-03
2.509605573550e-03
2.508964883475e-03
2.508348635672e-03
2.507759500872e-03
2.507197546834e-03
2.506659211122e-03
2.517979952870e-03
2.517464356345e-03
2.516958049853e-03
2.516461828975e-03
2.515978137978e-03
2.515508203203e-03
2.515049910301e-03
2.514597900699e-03
2.514145644454e-03
2.513687969497e-03
2.525070747822e-03
2.524590187932e-03
2.524099966706e-03
2.523596868173e-03
2.523075370391e-03
2.522529359965e-03
2.521954471661e-03
2.521349588278e-03
2.520716386357e-03
2.520057380764e-03
2.533087178506e-03
2.532372076246e-03
2.531628394422e-03
2.530853555356e-03
2.530046799734e-03
2.529209554268e-03
2.528344546590e-03
2.527454268659e-03
2.526540186864e-03
2.525602899539e-03
2.539588273407e-03
2.538602938557e-03
2.537601599613e-03
2.536589222757e-03
2.535570383486e-03
2.534548188578e-03
2.533523957993e-03
2.532497815082e-03
2.531469725284e-03
2.530440268174e-03
2.542868113551e-03
2.541834978729e-03
2.540805826584e-03
2.539781941948e-03
2.538763932193e-03
2.537751935165e-03
2.536746061253e-03
2.535746512763e-03
2.534753511611e-03
2.533766892725e-03
2.544515102215e-03
2.543531256265e-03
2.542547848691e-03
2.541562154420e-03
2.540572403348e-03
2.539578516746e-03
2.538581999431e-03
2.537585139464e-03
2.536589968429e-03
2.535597571523e-03
2.547178276473e-03
2.546185479503e-03
2.545196028223e-03
2.544211567056e-03
2.543234402935e-03
2.542266576825e-03
2.541309221215e-03
2.540362790171e-03
2.539428104910e-03
2.538507690304e-03
2.550986993583e-03
2.550103762871e-03
2.549250900188e-03
2.548431485934e-03
2.547645636071e-03
2.546891396946e-03
2.546166715092e-03
2.545470926066e-03
2.544804995182e-03
2.544170321755e-03
2.554905126431e-03
2.554324829759e-03
2.553771024054e-03
2.553240961333e-03
2.552733754726e-03
2.552250375629e-03
2.551791988594e-03
2.551357735797e-03
2.550943437825e-03
2.550542145229e-03
2.559486055077e-03
2.559084410962e-03
2.558680980087e-03
2.558276297293e-03
2.557871467502e-03
2.557466287044e-03
2.557058770492e-03
2.556646232335e-03
2.556227106652e-03
2.555801731148e-03
2.564847833696e-03
2.564409231809e-03
2.563966904233e-03
2.563517994588e-03
2.563058824478e-03
2.562587041609e-03
2.562103058210e-03
2.561609918587e-03
2.561111658338e-03
2.560611288573e-03
2.569776855978e-03
2.569267269564e-03
2.568753399373e-03
2.568233817556e-03
2.567707783044e-03
2.567174629405e-03
2.566632916398e-03
2.566080049235e-03
2.565512963656e-03
2.564929339087e-03
2.574283408819e-03
2.573661013230e-03
2.573023944990e-03
2.572373221369e-03
2.571708586004e-03
2.571028594843e-03
2.570331442257e-03
2.569615803623e-03
2.568881290017e-03
2.568128261146e-03
2.578639262822e-03
2.577847166208e-03
2.577040333620e-03
2.576221482400e-03
2.575394396047e-03
2.574563585597e-03
2.573733492568e-03
2.572907991464e-03
2.572090017395e-03
2.571281848475e-03
2.581886364624e-03
2.581099607539e-03
2.580329236253e-03
2.579577543258e-03
2.578846654558e-03
2.578138609351e-03
2.577455438370e-03
2.576799151257e-03
2.576171477074e-03
2.575573433433e-03
2.584135947473e-03
2.583591017753e-03
2.583072815241e-03
2.582579323473e-03
2.582108521494e-03
2.581658277393e-03
2.581226088353e-03
2.580809017161e-03
2.580403864783e-03
2.580007683378e-03
2.587717139932e-03
2.587325908621e-03
2.586938156639e-03
2.586552130253e-03
2.586165513378e-03
2.585775737259e-03
2.585380522987e-03
2.584978535538e-03
2.584569336534e-03
2.584152921258e-03
2.593471884097e-03
2.593032644199e-03
2.592584105230e-03
2.592125607976e-03
2.591657406981e-03
2.591180861373e-03
2.590697838286e-03
2.590210052745e-03
2.589718576246e-03
2.589223881500e-03
2.599535799675e-03
2.599028829366e-03
2.598520279264e-03
2.598010782663e-03
2.597500431136e-03
2.596988677226e-03
2.596474631616e-03
2.595957728829e-03
2.595438113985e-03
2.594916513033e-03
2.604213932329e-03
2.603683979203e-03
2.603153441328e-03
2.602621982930e-03
2.602089329173e-03
2.601555462718e-03
2.601020330872e-03
2.600483499691e-03
2.599943922974e-03
2.599400520296e-03
2.607422742415e-03
2.606866114547e-03
2.606308719521e-03
2.605753425314e-03
2.605202509756e-03
2.604656815549e-03
2.604116065754e-03
2.603579657602e-03
2.603047762875e-03
2.602521633378e-03
2.609758188214e-03
2.609243812856e-03
2.608738818310e-03
2.608242582369e-03
2.607754669157e-03
2.607275887499e-03
2.606808582527e-03
2.606355865396e-03
2.605919978237e-03
2.605501063442e-03
2.611905463766e-03
2.611508136511e-03
2.611119665858e-03
2.610739188356e-03
2.610367685065e-03
2.610006953489e-03
2.609658269591e-03
2.609321507123e-03
2.608995445883e-03
2.608678735612e-03
2.614442764354e-03
2.614138649449e-03
2.613843992833e-03
2.613558402857e-03
2.613280030062e-03
2.613005801152e-03
2.612732528689e-03
2.612458049725e-03
2.612181857671e-03
2.611904948708e-03
2.617740363803e-03
2.617459861597e-03
2.617180244613e-03
2.616899463760e-03
2.616614562555e-03
2.616322299673e-03
2.616019671166e-03
2.615704257437e-03
2.615374091476e-03
2.615027491856e-03
2.622575787939e-03
2.622185462712e-03
2.621774603369e-03
2.621342527334e-03
2.620889079424e-03
2.620414510545e-03
2.619919072515e-03
2.619402466166e-03
2.618863417069e-03
2.618299792971e-03
2.629021872451e-03
2.628395723605e-03
2.627740688354e-03
2.627058457847e-03
2.626352105267e-03
2.625625044629e-03
2.624880131464e-03
2.624119186805e-03
2.623343218488e-03
2.622553101617e-03
2.635711360654e-03
2.634889004923e-03
2.634056024419e-03
2.633212810395e-03
2.632359057202e-03
2.631494341301e-03
2.630619081572e-03
2.629734949949e-03
2.628844768708e-03
2.627951474267e-03
2.641782497960e-03
2.640879259616e-03
2.639974527767e-03
2.639066605525e-03
2.638153762064e-03
2.637234585450e-03
2.636307872535e-03
2.635372489976e-03
2.634427474106e-03
2.633472447314e-03
2.647954969461e-03
2.646974157130e-03
2.645988637482e-03
2.645000632640e-03
2.644011065797e-03
2.643019347829e-03
2.642024027466e-03
2.641023866659e-03
2.640018492343e-03
2.639008601989e-03
2.654596423497e-03
2.653570269501e-03
2.652541984730e-03
2.651512472823e-03
2.650483596597e-03
2.649458483518e-03
2.648440635539e-03
2.647432403307e-03
2.646433736174e-03
2.645441786001e-03
2.661578907009e-03
2.660576781693e-03
2.659570137155e-03
2.658558863175e-03
2.657544302906e-03
2.656527752947e-03
2.655509113708e-03
2.654486954611e-03
2.653459335420e-03
2.652424978976e-03
2.669018168376e-03
2.667960671829e-03
2.666896428082e-03
2.665823433517e-03
2.664738162821e-03
2.663636995408e-03
2.662518187265e-03
2.661383157147e-03
2.660236506756e-03
2.659084526499e-03
2.675784206701e-03
2.674627719955e-03
2.673477530436e-03
2.672334128249e-03
2.671198216717e-03
2.670071850048e-03
2.668958515244e-03
2.667862279225e-03
2.666786737962e-03
2.665734517052e-03
2.680676511659e-03
2.679667871007e-03
2.678690110372e-03
2.677747510177e-03
2.676844449809e-03
2.675983836866e-03
2.675165875075e-03
2.674387896207e-03
2.673645347727e-03
2.672933453994e-03
2.685601294957e-03
2.684933363696e-03
2.684290237539e-03
2.683671097941e-03
2.683073795481e-03
2.682494552573e-03
2.681928496827e-03
2.681370788707e-03
2.680817220551e-03
2.680264296941e-03
2.693417950979e-03
2.692846755508e-03
2.692263298400e-03
2.691662306859e-03
2.691039531840e-03
2.690392736611e-03
2.689721807201e-03
2.689027878318e-03
2.688312146915e-03
2.687574931542e-03
2.703351833645e-03
2.702561086551e-03
2.701747078049e-03
2.700910768738e-03
2.700054081799e-03
2.699179272781e-03
2.698288440058e-03
2.697383440875e-03
2.696466437385e-03
2.695540414265e-03
2.712584541655e-03
2.711643859527e-03
2.710706170262e-03
2.709774261120e-03
2.708849761689e-03
2.707933754834e-03
2.707027417841e-03
2.706132239950e-03
2.705249881842e-03
2.704381427293e-03
2.720483600342e-03
2.719634107052e-03
2.718797756188e-03
2.717974635289e-03
2.717165626052e-03
2.716371904398e-03
2.715593870732e-03
2.714830621926e-03
2.714079829389e-03
2.713338462911e-03
2.728350167160e-03
2.727610757745e-03
2.726873924189e-03
2.726137933394e-03
2.725400615589e-03
2.724659358080e-03
2.723911753890e-03
2.723156338334e-03
2.722392922692e-03
2.721622269178e-03
2.736920881489e-03
2.736128707625e-03
2.735328734445e-03
2.734518780471e-03
2.733696558892e-03
2.732860518051e-03
2.732010306261e-03
2.731146699148e-03
2.730271340397e-03
2.729386342821e-03
2.746205916367e-03
2.745301034508e-03
2.744394663864e-03
2.743489749264e-03
2.742588931255e-03
2.741694224540e-03
2.740806856934e-03
2.739927362995e-03
2.739055828386e-03
2.738192285960e-03
2.756212023485e-03
2.755358014895e-03
2.754515009144e-03
2.753685290031e-03
2.752871119412e-03
2.752073974420e-03
2.751293930260e-03
2.750529309935e-03
2.749776926635e-03
2.749032764370e-03
2.767645968277e-03
2.766898583673e-03
2.766148470414e-03
2.765392471474e-03
2.764627347403e-03
2.763849840733e-03
2.763057083143e-03
2.762246929876e-03
2.761417841953e-03
2.760568252768e-03
2.781104982944e-03
2.780198543746e-03
2.779261769945e-03
2.778291007928e-03
2.777284235663e-03
2.776241707579e-03
2.775165555931e-03
2.774058900457e-03
2.772924860437e-03
2.771766255080e-03
2.794865487488e-03
2.793659555039e-03
2.792440087887e-03
2.791212052784e-03
2.789979997374e-03
2.788747552415e-03
2.787517524325e-03
2.786292911196e-03
2.785077993167e-03
2.783878682010e-03
2.806003248054e-03
2.804848632195e-03
2.803728069409e-03
2.802644003737e-03
2.801597161181e-03
2.800587533216e-03
2.799615292759e-03
2.798680765522e-03
2.797783758922e-03
2.796922855111e-03
2.814692986078e-03
2.813888759476e-03
2.813111365185e-03
2.812358797769e-03
2.811629821849e-03
2.810922932440e-03
2.810235255765e-03
2.809562065352e-03
2.808897245416e-03
2.808234426311e-03
2.824123026357e-03
2.823441292719e-03
2.822748024585e-03
2.822040291790e-03
2.821315395579e-03
2.820571066536e-03
2.819805834747e-03
2.819019232618e-03
2.818211569775e-03
2.817383304887e-03
2.835783070850e-03
2.834905000839e-03
2.834005126203e-03
2.833083005896e-03
2.832138766507e-03
2.831172991534e-03
2.830186514814e-03
2.829180360038e-03
2.828156010537e-03
2.827115815705e-03
2.848760278823e-03
2.847690414967e-03
2.846615544399e-03
2.845537831547e-03
2.844457738206e-03
2.843374657118e-03
2.842287904627e-03
2.841197662235e-03
2.840104988650e-03
2.839011339574e-03
2.861918834810e-03
2.860816970610e-03
2.859715057525e-03
2.858613552291e-03
2.857514305219e-03
2.856420362207e-03
2.855334837705e-03
2.854259539959e-03
2.853194077545e-03
2.852136084471e-03
2.874664466219e-03
2.873606191315e-03
2.872549487563e-03
2.871495046861e-03
2.870444046209e-03
2.869397188363e-03
2.868354281532e-03
2.867314474315e-03
2.866276932536e-03
2.865241137329e-03
2.886906823733e-03
2.885867496332e-03
2.884827114542e-03
2.883782686638e-03
2.882730349882e-03
2.881666187250e-03
2.880586874426e-03
2.879490330713e-03
2.878375659805e-03
2.877242986017e-03
2.899188285085e-03
2.898016039808e-03
2.896827036807e-03
2.895620425193e-03
2.894394706857e-03
2.893148322926e-03
2.891880421373e-03
2.890591479627e-03
2.889283241359e-03
2.887958307269e-03
2.911384913318e-03
2.910027898452e-03
2.908661426943e-03
2.907288446295e-03
2.905913310144e-03
2.904541504506e-03
2.903178854638e-03
2.901830062854e-03
2.900497854569e-03
2.899183180091e-03
2.922714912813e-03
2.921430843344e-03
2.920169097081e-03
2.918934060347e-03
2.917730009983e-03
2.916559736207e-03
2.915423835475e-03
2.914321520791e-03
2.913251833888e-03
2.912214596734e-03
2.933965838679e-03
2.932988326506e-03
2.932042735267e-03
2.931125681584e-03
2.930232355254e-03
2.929357998198e-03
2.928499114489e-03
2.927653778727e-03
2.926820898949e-03
2.925999136608e-03
2.946821005139e-03
2.946006637444e-03
2.945194863798e-03
2.944383385852e-03
2.943570740797e-03
2.942755642835e-03
2.941936219202e-03
2.941109741698e-03
2.940273201318e-03
2.939424358999e-03
2.961342558422e-03
2.960461544831e-03
2.959570063808e-03
2.958669612724e-03
2.957761042978e-03
2.956844951086e-03
2.955922261492e-03
2.954994619017e-03
2.954063914785e-03
2.953131323409e-03
2.976350484289e-03
2.975405308860e-03
2.974454103423e-03
2.973495914489e-03
2.972531960779e-03
2.971565521307e-03
2.970600629396e-03
2.969640548656e-03
2.968686881161e-03
2.967739673579e-03
2.991282113101e-03
2.990340864926e-03
2.989406446545e-03
2.988479623070e-03
2.987560432075e-03
2.986647660634e-03
2.985739472422e-03
2.984834649851e-03
2.983933842415e-03
2.983039909793e-03
3.005395319292e-03
3.004521604851e-03
3.003665652159e-03
3.002827469174e-03
3.002004940981e-03
3.001195014633e-03
3.000394911624e-03
2.999602842976e-03
2.998818067056e-03
2.998040346540e-03
3.018245067722e-03
3.017473751413e-03
3.016708083351e-03
3.015947649828e-03
3.015192455962e-03
3.014442706728e-03
3.013698191637e-03
3.012957423323e-03
3.012217301261e-03
3.011473239951e-03
3.030761360549e-03
3.029988381400e-03
3.029199711989e-03
3.028395316960e-03
3.027576769853e-03
3.026746044782e-03
3.025904193350e-03
3.025050890471e-03
3.024184711535e-03
3.023304165026e-03
3.043162060465e-03
3.042244860524e-03
3.041312617484e-03
3.040364977835e-03
3.039400879459e-03
3.038419179916e-03
3.037419744430e-03
3.036404436727e-03
3.035376874777e-03
3.034341282273e-03
3.054117318925e-03
3.053066167467e-03
3.052009704277e-03
3.050945837117e-03
3.049873227951e-03
3.048792011498e-03
3.047703520849e-03
3.046609086198e-03
3.045509106983e-03
3.044403022102e-03
3.063472371593e-03
3.062345911985e-03
3.061215785806e-03
3.060085028380e-03
3.058955901167e-03
3.057828599538e-03
3.056701193032e-03
3.055571064579e-03
3.054436684010e-03
3.053298868281e-03
3.072190485966e-03
3.071045725108e-03
3.069906247617e-03
3.068773055077e-03
3.067646338877e-03
3.066526864018e-03
3.065416875359e-03
3.064319858595e-03
3.063239031519e-03
3.062175819366e-03
3.080319875096e-03
3.079278226210e-03
3.078249059399e-03
3.077232305714e-03
3.076230021009e-03
3.075245343098e-03
3.074280780936e-03
3.073336912735e-03
3.072412458266e-03
3.071505218884e-03
3.088354545241e-03
3.087467212879e-03
3.086593214789e-03
3.085731189344e-03
3.084878498839e-03
3.084031407241e-03
3.083185968649e-03
3.082339373520e-03
3.081490416207e-03
3.080639490236e-03
3.097673211244e-03
3.096811721718e-03
3.095949261535e-03
3.095084139659e-03
3.094213778354e-03
3.093335517917e-03
3.092447061192e-03
3.091546771657e-03
3.090633822353e-03
3.089708174343e-03
3.108345690919e-03
3.107387241755e-03
3.106419122275e-03
3.105443074446e-03
3.104461104101e-03
3.103475312116e-03
3.102487538627e-03
3.101498824776e-03
3.100508920113e-03
3.099516321811e-03
3.118927156152e-03
3.117913365770e-03
3.116892997696e-03
3.115867893200e-03
3.114841230683e-03
3.113816430869e-03
3.112796100197e-03
3.111781665098e-03
3.110773900630e-03
3.109773575545e-03
3.128839393298e-03
3.127847700057e-03
3.126865720844e-03
3.125892153150e-03
3.124924839256e-03
3.123962441009e-03
3.123005874784e-03
3.122058922315e-03
3.121127017607e-03
3.120215257638e-03
3.138295224232e-03
3.137421447661e-03
3.136570590982e-03
3.135742553184e-03
3.134938892458e-03
3.134162132369e-03
3.133413894318e-03
3.132693304622e-03
3.131997189769e-03
3.131322134038e-03
3.147663631012e-03
3.147024420571e-03
3.146414443620e-03
3.145839071294e-03
3.145299870653e-03
3.144793465879e-03
3.144313324356e-03
3.143853421193e-03
3.143411214069e-03
3.142987955130e-03
3.157753586436e-03
3.157366361393e-03
3.156996338532e-03
3.156636257131e-03
3.156279512098e-03
3.155923710608e-03
3.155571581203e-03
3.155228241781e-03
3.154896785816e-03
3.154574682242e-03
3.169577750725e-03
3.169243231468e-03
3.168892986650e-03
3.168525326998e-03
3.168143281073e-03
3.167750712919e-03
3.167348146917e-03
3.166931129613e-03
3.166492071728e-03
3.166024301493e-03
3.183255928661e-03
3.182723812699e-03
3.182166817510e-03
3.181586659252e-03
3.180980267643e-03
3.180340466770e-03
3.179659439240e-03
3.178932654066e-03
3.178160716004e-03
3.177348248016e-03
3.197450612220e-03
3.196565085375e-03
3.195644985738e-03
3.194686482743e-03
3.193686482575e-03
3.192645020306e-03
3.191565691282e-03
3.190453917568e-03
3.189314532392e-03
3.188150165442e-03
3.210798687689e-03
3.209580310795e-03
3.208340404456e-03
3.207084047006e-03
3.205818185563e-03
3.204549727968e-03
3.203283670985e-03
3.202022177049e-03
3.200765292263e-03
3.199512499862e-03
3.222950649160e-03
3.221702302255e-03
3.220463742480e-03
3.219238082977e-03
3.218027135745e-03
3.216830950635e-03
3.215648125206e-03
3.214476632309e-03
3.213314546485e-03
3.212160152145e-03
3.235664610827e-03
3.234511627795e-03
3.233356339024e-03
3.232192928863e-03
3.231015560118e-03
3.229819593685e-03
3.228602279648e-03
3.227362556743e-03
3.226100019504e-03
3.224813933173e-03
3.250738023098e-03
3.249392644250e-03
3.248018840111e-03
3.246616773083e-03
3.245188117830e-03
3.243735377566e-03
3.242260904926e-03
3.240766686133e-03
3.239254922505e-03
3.237729217346e-03
3.266483935931e-03
3.264942939438e-03
3.263411219962e-03
3.261896885249e-03
3.260406053471e-03
3.258943076332e-03
3.257511912466e-03
3.256117631224e-03
3.254766864416e-03
3.253466682793e-03
3.280493168347e-03
3.279302642227e-03
3.278171556246e-03
3.277098612955e-03
3.276083232947e-03
3.275126532969e-03
3.274230725651e-03
3.273397029545e-03
3.272623791872e-03
3.271905874044e-03
3.294200817834e-03
3.293568177412e-03
3.292971841176e-03
3.292409091671e-03
3.291877712229e-03
3.291373830905e-03
3.290890616995e-03
3.290418968220e-03
3.289949777638e-03
3.289476176519e-03
3.309387673028e-03
3.308893371695e-03
3.308389341214e-03
3.307873631684e-03
3.307342741948e-03
3.306792821888e-03
3.306221623745e-03
3.305629527688e-03
3.305019115317e-03
3.304393520864e-03
3.324323747506e-03
3.323666559879e-03
3.322994095981e-03
3.322305055235e-03
3.321599984304e-03
3.320881747811e-03
3.320154580706e-03
3.319422709808e-03
3.318689114053e-03
3.317955345722e-03
3.337702376427e-03
3.336964400546e-03
3.336228596709e-03
3.335495856618e-03
3.334766119451e-03
3.334037762386e-03
3.333307710193e-03
3.332572321938e-03
3.331828548085e-03
3.331074672133e-03
3.350661132686e-03
3.349879327516e-03
3.349087042466e-03
3.348283558068e-03
3.347467587162e-03
3.346637715197e-03
3.345792792629e-03
3.344931985566e-03
3.344054301920e-03
3.343158314181e-03
3.363823105246e-03
3.362877965799e-03
3.361910312890e-03
3.360921328692e-03
3.359914029545e-03
3.358892461392e-03
3.357860593667e-03
3.356821296165e-03
3.355776131798e-03
3.354725978852e-03
3.376601483239e-03
3.375538678370e-03
3.374476445117e-03
3.373417200237e-03
3.372362314792e-03
3.371311808053e-03
3.370264902173e-03
3.369221167020e-03
3.368181394421e-03
3.367147582026e-03
3.389246183474e-03
3.388224222306e-03
3.387210319431e-03
3.386201096873e-03
3.385192346229e-03
3.384180773821e-03
3.383164920251e-03
3.382144956277e-03
3.381121227619e-03
3.380092851330e-03
3.402857400943e-03
3.401805504893e-03
3.400737958657e-03
3.399652222470e-03
3.398547647294e-03
3.397424767854e-03
3.396283977224e-03
3.395124677809e-03
3.393945549590e-03
3.392745543579e-03
3.417350870109e-03
3.416108812246e-03
3.414852973947e-03
3.413587016269e-03
3.412313012291e-03
3.411031144594e-03
3.409740545919e-03
3.408440668125e-03
3.407132308553e-03
3.405817874977e-03
3.430920968015e-03
3.429599842434e-03
3.428282192999e-03
3.426970482792e-03
3.425667080307e-03
3.424374472161e-03
3.423094782477e-03
3.421828942578e-03
3.420576068436e-03
3.419333513364e-03
3.442571674668e-03
3.441334545471e-03
3.440098989643e-03
3.438864267366e-03
3.437630226074e-03
3.436396523739e-03
3.435162129904e-03
3.433925565844e-03
3.432685557470e-03
3.431441358714e-03
3.453420152653e-03
3.452159917174e-03
3.450890981412e-03
3.449609064432e-03
3.448309358589e-03
3.446988244491e-03
3.445644706233e-03
3.444280712131e-03
3.442900201946e-03
3.441507293473e-03
3.464754276422e-03
3.463336858829e-03
3.461909977261e-03
3.460473732162e-03
3.459030050749e-03
3.457582627618e-03
3.456135732790e-03
3.454692364130e-03
3.453253255657e-03
3.451817329051e-03
3.476710242069e-03
3.475274255038e-03
3.473845794701e-03
3.472431117871e-03
3.471035856649e-03
3.469662519876e-03
3.468309349216e-03
3.466971551461e-03
3.465644293613e-03
3.464325372306e-03
3.488959661297e-03
3.487658554263e-03
3.486373368958e-03
3.485102868183e-03
3.483841817854e-03
3.482583154153e-03
3.481321495087e-03
3.480055467662e-03
3.478787449865e-03
3.477520637716e-03
3.501094100613e-03
3.499821569278e-03
3.498540303497e-03
3.497244088464e-03
3.495931070916e-03
3.494604819593e-03
3.493272181458e-03
3.491939109551e-03
3.490607069750e-03
3.489272656111e-03
3.513083941755e-03
3.511724547536e-03
3.510355052356e-03
3.508981278344e-03
3.507610143799e-03
3.506245945346e-03
3.504888570831e-03
3.503535027448e-03
3.502182941418e-03
3.500833582621e-03
3.525822110078e-03
3.524488579956e-03
3.523171829158e-03
3.521869502379e-03
3.520574810580e-03
3.519280095247e-03
3.517980655602e-03
3.516676391484e-03
3.515370243576e-03
3.514064733679e-03
3.540356246560e-03
3.539041028546e-03
3.537716489916e-03
3.536379337788e-03
3.535029623777e-03
3.533669394471e-03
3.532299656399e-03
3.530917938463e-03
3.529518472192e-03
3.528095004356e-03
3.556168056832e-03
3.554687768997e-03
3.553190393916e-03
3.551684221122e-03
3.550175029659e-03
3.548664721848e-03
3.547152939916e-03
3.545640302548e-03
3.544130845341e-03
3.542631707887e-03
3.570591128209e-03
3.569127143237e-03
3.567686972531e-03
3.566269324665e-03
3.564874411552e-03
3.563507096658e-03
3.562177099298e-03
3.560895993246e-03
3.559672630388e-03
3.558509811114e-03
3.582754036302e-03
3.581695249977e-03
3.580683476969e-03
3.579718145545e-03
3.578802122945e-03
3.577938598823e-03
3.577127860979e-03
3.576366116135e-03
3.575647246350e-03
3.574966313863e-03
3.594746052158e-03
3.594136493746e-03
3.593569478824e-03
3.593045080208e-03
3.592557610091e-03
3.592096368379e-03
3.591649282669e-03
3.591207416662e-03
3.590767712353e-03
3.590332527210e-03
3.607463152036e-03
3.607043880208e-03
3.606635427957e-03
3.606233393214e-03
3.605832737776e-03
3.605430625555e-03
3.605027241633e-03
3.604624281763e-03
3.604221991054e-03
3.603816987606e-03
3.619880846145e-03
3.619444187279e-03
3.618987026584e-03
3.618510904005e-03
3.618022223520e-03
3.617528904499e-03
3.617036109972e-03
3.616543698513e-03
3.616046668583e-03
3.615538025201e-03
3.631418539499e-03
3.630867670665e-03
3.630298452094e-03
3.629711927601e-03
3.629107224469e-03
3.628481332839e-03
3.627831043957e-03
3.627155754771e-03
3.626458973713e-03
3.625747226522e-03
3.641821498832e-03
3.641088507663e-03
3.640346184397e-03
3.639587624434e-03
3.638805577452e-03
3.637996083853e-03
3.637159706727e-03
3.636300160565e-03
3.635421252000e-03
3.634524547124e-03
3.650924634769e-03
3.649983609137e-03
3.649023611729e-03
3.648048179286e-03
3.647062039477e-03
3.646067935165e-03
3.645064026102e-03
3.644043864256e-03
3.642999070053e-03
3.641923388102e-03
3.659558530103e-03
3.658416099768e-03
3.657250259550e-03
3.656065166240e-03
3.654861534585e-03
3.653637248760e-03
3.652389939077e-03
3.651119519304e-03
3.649828827236e-03
3.648521843729e-03
3.668220477209e-03
3.666878558533e-03
3.665516299861e-03
3.664128952039e-03
3.662715307314e-03
3.661279775088e-03
3.659831376012e-03
3.658380439390e-03
3.656934895105e-03
3.655498207081e-03
3.676152818912e-03
3.674727058581e-03
3.673309791907e-03
3.671904745602e-03
3.670517224805e-03
3.669151520171e-03
3.667809023511e-03
3.666488343868e-03
3.665187542708e-03
3.663906982354e-03
3.683046132835e-03
3.681815958657e-03
3.680624835908e-03
3.679476648415e-03
3.678370006526e-03
3.677299069125e-03
3.676256372898e-03
3.675236135280e-03
3.674235922347e-03
3.673256119157e-03
3.690062634064e-03
3.689118342947e-03
3.688191711944e-03
3.687278501104e-03
3.686375410098e-03
3.685481411367e-03
3.684597403833e-03
3.683724106793e-03
3.682859644414e-03
3.681998584852e-03
3.697717534521e-03
3.696832681612e-03
3.695931491734e-03
3.695013894230e-03
3.694082968082e-03
3.693142308975e-03
3.692193718678e-03
3.691236457314e-03
3.690268279399e-03
3.689287199052e-03
3.704828808736e-03
3.703812937601e-03
3.702783265055e-03
3.701737658787e-03
3.700672628781e-03
3.699584957928e-03
3.698473968313e-03
3.697342439807e-03
3.696195577220e-03
3.695038481794e-03
3.710924232905e-03
3.709742582657e-03
3.708548715849e-03
3.707339278890e-03
3.706112687155e-03
3.704869232820e-03
3.703609716922e-03
3.702333812839e-03
3.701039890245e-03
3.699726367472e-03
3.717143335336e-03
3.715788664692e-03
3.714426675856e-03
3.713064104659e-03
3.711704164232e-03
3.710345333275e-03
3.708982687783e-03
3.707611322170e-03
3.706229515728e-03
3.704839767408e-03
3.723555132694e-03
3.722156642709e-03
3.720763169724e-03
3.719375453954e-03
3.717994177578e-03
3.716622241086e-03
3.715265341327e-03
3.713930113747e-03
3.712621008106e-03
3.711337850291e-03
3.729715985230e-03
3.728460276307e-03
3.727214122591e-03
3.725976755504e-03
3.724751587526e-03
3.723543936928e-03
3.722358102038e-03
3.721195637866e-03
3.720055539304e-03
3.718935985660e-03
3.736684004025e-03
3.735594880538e-03
3.734525157199e-03
3.733473014847e-03
3.732433984965e-03
3.731401720927e-03
3.730369837740e-03
3.729334074194e-03
3.728293422114e-03
3.727249779104e-03
3.745039810042e-03
3.743991745466e-03
3.742948841477e-03
3.741910930103e-03
3.740876384882e-03
3.739842730056e-03
3.738807291938e-03
3.737767543214e-03
3.736721502037e-03
3.735667866749e-03
3.753782057800e-03
3.752705333227e-03
3.751622521008e-03
3.750536290624e-03
3.749450410112e-03
3.748369574623e-03
3.747298624091e-03
3.746241389933e-03
3.745199667208e-03
3.744172845586e-03
3.762046947713e-03
3.761035689877e-03
3.760032949629e-03
3.759039476051e-03
3.758057837103e-03
3.757091177988e-03
3.756141957922e-03
3.755211574969e-03
3.754300789012e-03
3.753410546096e-03
3.770114333804e-03
3.769262444280e-03
3.768433179573e-03
3.767623766919e-03
3.766829560902e-03
3.766045771386e-03
3.765269352698e-03
3.764499952865e-03
3.763739025146e-03
3.762987891889e-03
3.778015667763e-03
3.777273609956e-03
3.776533847031e-03
3.775793410512e-03
3.775051493960e-03
3.774308828497e-03
3.773565776100e-03
3.772820699851e-03
3.772069864851e-03
3.771309295075e-03
3.785671462310e-03
3.784883369235e-03
3.784089233875e-03
3.783292566425e-03
3.782493684469e-03
3.781688985896e-03
3.780873047447e-03
3.780041931861e-03
3.779195772552e-03
3.778338688164e-03
3.793176458828e-03
3.792306238267e-03
3.791433873914e-03
3.790556272577e-03
3.789670402796e-03
3.788775859562e-03
3.787875270291e-03
3.786972091461e-03
3.786067535543e-03
3.785158822723e-03
3.800740231554e-03
3.799800480749e-03
3.798843556183e-03
3.797872320092e-03
3.796892580056e-03
3.795909448684e-03
3.794924574038e-03
3.793935643785e-03
3.792938545530e-03
3.791930252760e-03
3.808480120711e-03
3.807445188329e-03
3.806402937357e-03
3.805353527582e-03
3.804294979602e-03
3.803224928959e-03
3.802143032942e-03
3.801052056588e-03
3.799957105912e-03
3.798863237876e-03
3.816010812841e-03
3.814919412946e-03
3.813831156606e-03
3.812745456685e-03
3.811663560157e-03
3.810587990586e-03
3.809520989535e-03
3.808463033977e-03
3.807412836466e-03
3.806368642131e-03
3.823471393844e-03
3.822435061238e-03
3.821409753243e-03
3.820398415826e-03
3.819402010322e-03
3.818419359106e-03
3.817448449581e-03
3.816488208258e-03
3.815539249956e-03
3.814603229159e-03
3.831335958921e-03
3.830420861732e-03
3.829513754624e-03
3.828609954212e-03
3.827706422271e-03
3.826803282834e-03
3.825903495510e-03
3.825011002732e-03
3.824128491146e-03
3.823256263729e-03
3.840071779678e-03
3.839210719377e-03
3.838355153732e-03
3.837505211152e-03
3.836661377022e-03
3.835823229736e-03
3.834988809103e-03
3.834155231289e-03
3.833320170941e-03
3.832483322526e-03
3.849902325783e-03
3.849066361795e-03
3.848238729688e-03
3.847421562057e-03
3.846614411714e-03
3.845814377542e-03
3.845017323897e-03
3.844219150551e-03
3.843416808820e-03
3.842608658772e-03
3.860855051073e-03
3.860030772330e-03
3.859201271098e-03
3.858367180101e-03
3.857529106767e-03
3.856687640450e-03
3.855843306724e-03
3.854996380142e-03
3.854146300057e-03
3.853291473263e-03
3.872525986708e-03
3.871648040388e-03
3.870756383606e-03
3.869850026717e-03
3.868930418321e-03
3.868001204069e-03
3.867067009139e-03
3.866131888685e-03
3.865198142876e-03
3.864266060361e-03
3.884483451372e-03
3.883545302301e-03
3.882605054059e-03
3.881662014408e-03
3.880715619346e-03
3.879765262184e-03
3.878810611752e-03
3.877852245239e-03
3.876892156597e-03
3.875933563847e-03
3.897381625734e-03
3.896428230917e-03
3.895481330801e-03
3.894538485838e-03
3.893596138766e-03
3.892651019953e-03
3.891700932513e-03
3.890744539433e-03
3.889780692646e-03
3.888807948385e-03
3.911397551178e-03
3.910397552090e-03
3.909388515240e-03
3.908373666377e-03
3.907356427874e-03
3.906338354000e-03
3.905317877070e-03
3.904290696539e-03
3.903251934048e-03
3.902198555295e-03
3.924589253529e-03
3.923503811450e-03
3.922410466430e-03
3.921311297120e-03
3.920206278792e-03
3.919094638377e-03
3.917977129618e-03
3.916857491959e-03
3.915741842434e-03
3.914636207469e-03
3.935165393898e-03
3.934078332748e-03
3.932998449670e-03
3.931921469700e-03
3.930846632329e-03
3.929777850658e-03
3.928722229716e-03
3.927686668192e-03
3.926674983688e-03
3.925687186324e-03
3.944316804848e-03
3.943366029489e-03
3.942438125250e-03
3.941537654782e-03
3.940669166411e-03
3.939834172570e-03
3.939029786977e-03
3.938250144245e-03
3.937489610223e-03
3.936745940791e-03
3.954245134878e-03
3.953538646726e-03
3.952860460117e-03
3.952211276783e-03
3.951587341589e-03
3.950982277615e-03
3.950389994088e-03
3.949806869286e-03
3.949231964611e-03
3.948665113569e-03
3.966022086161e-03
3.965456910805e-03
3.964887787447e-03
3.964309183516e-03
3.963718240414e-03
3.963115242186e-03
3.962502146749e-03
3.961880116492e-03
3.961247584357e-03
3.960600043513e-03
3.979819575932e-03
3.979118398775e-03
3.978390389079e-03
3.977636825141e-03
3.976860457442e-03
3.976063755147e-03
3.975248051916e-03
3.974413892024e-03
3.973562147337e-03
3.972694798620e-03
3.994347259493e-03
3.993450313601e-03
3.992545019400e-03
3.991630883831e-03
3.990706478589e-03
3.989770982514e-03
3.988825581018e-03
3.987873624396e-03
3.986919532565e-03
3.985967041388e-03
4.008180563289e-03
4.007229476315e-03
4.006280318436e-03
4.005331342569e-03
4.004381035031e-03
4.003427654141e-03
4.002468480223e-03
4.001499524975e-03
4.000516129395e-03
3.999514390216e-03
4.021975352600e-03
4.020930099841e-03
4.019867551392e-03
4.018789642942e-03
4.017696428605e-03
4.016585618047e-03
4.015453328066e-03
4.014295599347e-03
4.013109969492e-03
4.011895901783e-03
4.036350347292e-03
4.035079630000e-03
4.033785574279e-03
4.032470729840e-03
4.031138567029e-03
4.029794316750e-03
4.028444933681e-03
4.027098271422e-03
4.025761880769e-03
4.024441792694e-03
4.049898903133e-03
4.048617188232e-03
4.047359847505e-03
4.046129459141e-03
4.044930301291e-03
4.043768357235e-03
4.042650671465e-03
4.041584046320e-03
4.040574013061e-03
4.039624320797e-03
4.062055486770e-03
4.061228491082e-03
4.060466956957e-03
4.059772101130e-03
4.059144234247e-03
4.058581687559e-03
4.058080133859e-03
4.057632956403e-03
4.057232797379e-03
4.056873448974e-03
4.075495098448e-03
4.075205096171e-03
4.074950050551e-03
4.074727707177e-03
4.074533063601e-03
4.074358443461e-03
4.074195095995e-03
4.074034928294e-03
4.073871491300e-03
4.073699386936e-03
4.092752638485e-03
4.092540672559e-03
4.092297932800e-03
4.092016170091e-03
4.091689861525e-03
4.091317587893e-03
4.090901333598e-03
4.090444113729e-03
4.089947256261e-03
4.089408995867e-03
4.113009955176e-03
4.112370874793e-03
4.111677088133e-03
4.110927211968e-03
4.110121698091e-03
4.109261561439e-03
4.108347791714e-03
4.107381699384e-03
4.106366140945e-03
4.105306465590e-03
4.133776020069e-03
4.132645555785e-03
4.131492000283e-03
4.130317947784e-03
4.129122885900e-03
4.127905038047e-03
4.126663314935e-03
4.125398606959e-03
4.124113672617e-03
4.122812445814e-03
4.153693938861e-03
4.152367161339e-03
4.151037666986e-03
4.149711048456e-03
4.148392731963e-03
4.147086492310e-03
4.145792935560e-03
4.144509266780e-03
4.143230594309e-03
4.141952171096e-03
4.173165816326e-03
4.171877447902e-03
4.170589580951e-03
4.169305263247e-03
4.168026937180e-03
4.166756255813e-03
4.165494667745e-03
4.164243930177e-03
4.163005651549e-03
4.161780219533e-03
4.192728410771e-03
4.191515604930e-03
4.190305006659e-03
4.189093471155e-03
4.187881266603e-03
4.186672386993e-03
4.185472999154e-03
4.184289188402e-03
4.183125219186e-03
4.181983216768e-03
4.212605392581e-03
4.211504945033e-03
4.210428837212e-03
4.209377614814e-03
4.208350652618e-03
4.207345979410e-03
4.206361101694e-03
4.205394532562e-03
4.204447034908e-03
4.203521418106e-03
4.233002860531e-03
4.232125992246e-03
4.231275626637e-03
4.230448124360e-03
4.229638180050e-03
4.228840476287e-03
4.228050413019e-03
4.227263828909e-03
4.226476211102e-03
4.225682125877e-03
4.254072497076e-03
4.253244611448e-03
4.252396132074e-03
4.251525852396e-03
4.250633549361e-03
4.249718315066e-03
4.248777476960e-03
4.247806649573e-03
4.246800762758e-03
4.245755830880e-03
4.274799909638e-03
4.273666411450e-03
4.272491787276e-03
4.271276465090e-03
4.270020448189e-03
4.268723954794e-03
4.267388355686e-03
4.266016737859e-03
4.264613624798e-03
4.263183833928e-03
4.293862183602e-03
4.292380985760e-03
4.290878845723e-03
4.289354930108e-03
4.287808457661e-03
4.286239569069e-03
4.284649465887e-03
4.283039957102e-03
4.281412962314e-03
4.279769909999e-03
4.312425948058e-03
4.310746135445e-03
4.309053021814e-03
4.307347659562e-03
4.305630936358e-03
4.303902968161e-03
4.302162540284e-03
4.300406931520e-03
4.298632530208e-03
4.296836022377e-03
4.332009215148e-03
4.330159779272e-03
4.328291976549e-03
4.326411412592e-03
4.324523873095e-03
4.322633872675e-03
4.320744314384e-03
4.318856959628e-03
4.316973449818e-03
4.315095898505e-03
4.351376502655e-03
4.349511959504e-03
4.347660543374e-03
4.345823818198e-03
4.344003838412e-03
4.342204316686e-03
4.340430943842e-03
4.338690655914e-03
4.336989793785e-03
4.335332046253e-03
4.370025252456e-03
4.368444607678e-03
4.366898740216e-03
4.365382300819e-03
4.363890957563e-03
4.362421266705e-03
4.360970010111e-03
4.359533787920e-03
4.358108936003e-03
4.356692206329e-03
4.390723750191e-03
4.389311610623e-03
4.387901437269e-03
4.386489352555e-03
4.385069225634e-03
4.383633215696e-03
4.382173553438e-03
4.380684265072e-03
4.379162252462e-03
4.377607221045e-03
4.413641709334e-03
4.412019918846e-03
4.410371241534e-03
4.408698797192e-03
4.407006842712e-03
4.405300658505e-03
4.403585715238e-03
4.401866562375e-03
4.400145959153e-03
4.398425319550e-03
4.434713281398e-03
4.432992510658e-03
4.431282188307e-03
4.429590555333e-03
4.427926588619e-03
4.426298232602e-03
4.424711241995e-03
4.423169161271e-03
4.421674357275e-03
4.420228910931e-03
4.452751402539e-03
4.451405548707e-03
4.450112413906e-03
4.448869353212e-03
4.447671859396e-03
4.446515186828e-03
4.445395947073e-03
4.444313122917e-03
4.443267668591e-03
4.442260713290e-03
4.471137538758e-03
4.470199100865e-03
4.469288737084e-03
4.468398883716e-03
4.467522614902e-03
4.466654855321e-03
4.465792239671e-03
4.464932022017e-03
4.464070917322e-03
4.463204794945e-03
4.491451581202e-03
4.490561263538e-03
4.489660186096e-03
4.488751747488e-03
4.487840259344e-03
4.486928424456e-03
4.486015644886e-03
4.485097944212e-03
4.484169978355e-03
4.483227659989e-03
4.511919028630e-03
4.510944238234e-03
4.509960771941e-03
4.508972298311e-03
4.507980718017e-03
4.506986515878e-03
4.505990283519e-03
4.504994094304e-03
4.504001366911e-03
4.503015311968e-03
4.531566634455e-03
4.530587555735e-03
4.529606365111e-03
4.528616210564e-03
4.527612663139e-03
4.526595313223e-03
4.525567139979e-03
4.524532182472e-03
4.523492956594e-03
4.522449198248e-03
4.551189567110e-03
4.550124602076e-03
4.549046791738e-03
4.547954058580e-03
4.546843842377e-03
4.545711836215e-03
4.544552089101e-03
4.543358431022e-03
4.542126719855e-03
4.540856370227e-03
4.571345047395e-03
4.570003319031e-03
4.568633105691e-03
4.567234893102e-03
4.565806433391e-03
4.564344113930e-03
4.562844579368e-03
4.561305596724e-03
4.559725888100e-03
4.558104516320e-03
4.592147342464e-03
4.590435585669e-03
4.588682444535e-03
4.586891946360e-03
4.585070125017e-03
4.583223598445e-03
4.581357482266e-03
4.579474268041e-03
4.577573730558e-03
4.575654354028e-03
4.613227062009e-03
4.611260898400e-03
4.609277038412e-03
4.607278964386e-03
4.605270895127e-03
4.603257329791e-03
4.601243081993e-03
4.599233076533e-03
4.597231992477e-03
4.595243641973e-03
4.633460825858e-03
4.631495254330e-03
4.629544145587e-03
4.627605767439e-03
4.625678530658e-03
4.623761731011e-03
4.621855932385e-03
4.619963208427e-03
4.618086904031e-03
4.616231223451e-03
4.653039058951e-03
4.651227913143e-03
4.649444533356e-03
4.647686876012e-03
4.645951449959e-03
4.644234731018e-03
4.642534635877e-03
4.640850883391e-03
4.639184420682e-03
4.637536200846e-03
4.673333577102e-03
4.671715230529e-03
4.670115654164e-03
4.668536682402e-03
4.666981430432e-03
4.665452734400e-03
4.663951207647e-03
4.662474096449e-03
4.661015925592e-03
4.659570866352e-03
4.694954719071e-03
4.693522458297e-03
4.692102973252e-03
4.690699855530e-03
4.689314938446e-03
4.687947438981e-03
4.686595034627e-03
4.685255961363e-03
4.683930456224e-03
4.682620618382e-03
4.717352790919e-03
4.716072780866e-03
4.714807920436e-03
4.713553898739e-03
4.712307305113e-03
4.711067731023e-03
4.709838199403e-03
4.708623662623e-03
4.707428535710e-03
4.706255144299e-03
4.739707981628e-03
4.738572654048e-03
4.737458249906e-03
4.736365923009e-03
4.735297309537e-03
4.734253098206e-03
4.733231929379e-03
4.732230568379e-03
4.731245335790e-03
4.730273523933e-03
4.761342819165e-03
4.760392941819e-03
4.759456555462e-03
4.758532819267e-03
4.757619210181e-03
4.756711836819e-03
4.755806131982e-03
4.754897237319e-03
4.753979920906e-03
4.753048352143e-03
4.782293199582e-03
4.781310268868e-03
4.780294744194e-03
4.779243011740e-03
4.778153507402e-03
4.777026160525e-03
4.775861520500e-03
4.774660083228e-03
4.773422041694e-03
4.772147357869e-03
4.802886586958e-03
4.801534128831e-03
4.800145282047e-03
4.798720972076e-03
4.797263230842e-03
4.795776031472e-03
4.794265585645e-03
4.792740093762e-03
4.791208874906e-03
4.789681191994e-03
4.822338507040e-03
4.820836685155e-03
4.819360236070e-03
4.817914305647e-03
4.816502905555e-03
4.815128816460e-03
4.813793674145e-03
4.812498743945e-03
4.811245941255e-03
4.810038709650e-03
4.840511509030e-03
4.839405318194e-03
4.838357986387e-03
4.837369786856e-03
4.836437629592e-03
4.835556143746e-03
4.834719258099e-03
4.833921453894e-03
4.833157857774e-03
4.832423629978e-03
4.858507232143e-03
4.857810819942e-03
4.857126726620e-03
4.856451323747e-03
4.855783561823e-03
4.855124117569e-03
4.854473468640e-03
4.853829992101e-03
4.853189226992e-03
4.852544805601e-03
4.876317245362e-03
4.875646348580e-03
4.874962082567e-03
4.874266958041e-03
4.873564421644e-03
4.872857317594e-03
4.872147251660e-03
4.871435150335e-03
4.870722345686e-03
4.870011093487e-03
4.892904799647e-03
4.892201272185e-03
4.891505798753e-03
4.890817228898e-03
4.890132888477e-03
4.889449856535e-03
4.888766249280e-03
4.888081875379e-03
4.887398021140e-03
4.886716308420e-03
4.908688955766e-03
4.908007569213e-03
4.907324740657e-03
4.906636121746e-03
4.905937309331e-03
4.905224853928e-03
4.904496708718e-03
4.903751851089e-03
4.902989381492e-03
4.902207598775e-03
4.924006204817e-03
4.923172989550e-03
4.922312988924e-03
4.921426404849e-03
4.920515441995e-03
4.919583387391e-03
4.918632852650e-03
4.917664460322e-03
4.916676864866e-03
4.915667919761e-03
4.937838421199e-03
4.936780120090e-03
4.935703545812e-03
4.934612499596e-03
4.933509711861e-03
4.932395961703e-03
4.931270375494e-03
4.930131946537e-03
4.928980901013e-03
4.927818979979e-03
4.950888528185e-03
4.949704261094e-03
4.948511401494e-03
4.947306641782e-03
4.946085900372e-03
4.944846225499e-03
4.943586931915e-03
4.942309496641e-03
4.941016431928e-03
4.939709834673e-03
4.965272865149e-03
4.963934084856e-03
4.962582166286e-03
4.961216996890e-03
4.959838969910e-03
4.958448773777e-03
4.957047060941e-03
4.955634510964e-03
4.954212317557e-03
4.952782732119e-03
4.980671469809e-03
4.979231855032e-03
4.977797570689e-03
4.976372922556e-03
4.974961370351e-03
4.973565227999e-03
4.972185679321e-03
4.970822574819e-03
4.969474455777e-03
4.968138904871e-03
4.995975810402e-03
4.994652285632e-03
4.993336778682e-03
4.992030586209e-03
4.990735608260e-03
4.989452887060e-03
4.988181531360e-03
4.986918425232e-03
4.985658894782e-03
4.984397724456e-03
5.012247135255e-03
5.010961688697e-03
5.009660314840e-03
5.008338455582e-03
5.006992031042e-03
5.005618299606e-03
5.004216735131e-03
5.002789010177e-03
5.001338052693e-03
4.999866521018e-03
5.029182719170e-03
5.027664218687e-03
5.026123236178e-03
5.024557555146e-03
5.022965938281e-03
5.021348495745e-03
5.019706541134e-03
5.018042202437e-03
5.016358310968e-03
5.014658460595e-03
5.044806325827e-03
5.043080721066e-03
5.041352809826e-03
5.039625343954e-03
5.037898926730e-03
5.036172458972e-03
5.034443989359e-03
5.032711935030e-03
5.030975555428e-03
5.029234861695e-03
5.059949089400e-03
5.058192817103e-03
5.056432724814e-03
5.054669581796e-03
5.052905097216e-03
5.051141550780e-03
5.049380739422e-03
5.047622904044e-03
5.045866289493e-03
5.044107839694e-03
5.076840954018e-03
5.075064723201e-03
5.073283635397e-03
5.071500576264e-03
5.069718928894e-03
5.067941450193e-03
5.066169873032e-03
5.064405432222e-03
5.062649680553e-03
5.060905044274e-03
5.094816108397e-03
5.093095983682e-03
5.091393864802e-03
5.089709204924e-03
5.088040314718e-03
5.086385439654e-03
5.084743988562e-03
5.083116862068e-03
5.081505910880e-03
5.079912973144e-03
5.112911369906e-03
5.111348655248e-03
5.109800461412e-03
5.108263339764e-03
5.106734158744e-03
5.105210722547e-03
5.103691653460e-03
5.102175795400e-03
5.100661534186e-03
5.099146500527e-03
5.131543261939e-03
5.130013290852e-03
5.128477022879e-03
5.126935508770e-03
5.125390910109e-03
5.123845366938e-03
5.122299886466e-03
5.120754054701e-03
5.119206819472e-03
5.117657832443e-03
5.148703076429e-03
5.147151666847e-03
5.145608938790e-03
5.144079758452e-03
5.142567657344e-03
5.141074808080e-03
5.139602815177e-03
5.138153793382e-03
5.136730841116e-03
5.135337410650e-03
5.161687178884e-03
5.160353259953e-03
5.159051261501e-03
5.157779606122e-03
5.156537600953e-03
5.155326215515e-03
5.154147610881e-03
5.153003682722e-03
5.151894628568e-03
5.150818383470e-03
5.172686898788e-03
5.171659688415e-03
5.170654079677e-03
5.169666902191e-03
5.168694625752e-03
5.167732833115e-03
5.166776431338e-03
5.165821077242e-03
5.164864318544e-03
5.163906179632e-03
5.185724025921e-03
5.184761166106e-03
5.183797527764e-03
5.182829091439e-03
5.181850678298e-03
5.180857644916e-03
5.179847255420e-03
5.178818485717e-03
5.177770890270e-03
5.176703562881e-03
5.200723511450e-03
5.199608321448e-03
5.198473677297e-03
5.197324378742e-03
5.196166656560e-03
5.195005569988e-03
5.193842796189e-03
5.192676093600e-03
5.191501024797e-03
5.190313756600e-03
5.215477884406e-03
5.214261373510e-03
5.213038293334e-03
5.211812841651e-03
5.210587980798e-03
5.209365722635e-03
5.208148272459e-03
5.206938800995e-03
5.205740941847e-03
5.204556922592e-03
5.229344027953e-03
5.228177026083e-03
5.227012058242e-03
5.225842719597e-03
5.224665072035e-03
5.223478270977e-03
5.222283589262e-03
5.221082507603e-03
5.219875290948e-03
5.218660622120e-03
5.243439900426e-03
5.242198036967e-03
5.240939758664e-03
5.239660212339e-03
5.238352904883e-03
5.237010317614e-03
5.235625516946e-03
5.234194024297e-03
5.232714695865e-03
5.231189303458e-03
5.258137132557e-03
5.256522717730e-03
5.254868993234e-03
5.253176852079e-03
5.251447720468e-03
5.249684235878e-03
5.247889637189e-03
5.246066587461e-03
5.244216476854e-03
5.242339934568e-03
5.272247351172e-03
5.270320756267e-03
5.268383489920e-03
5.266446867324e-03
5.264521891036e-03
5.262616563698e-03
5.260734902947e-03
5.258878188840e-03
5.257047116515e-03
5.255243654517e-03
5.284928523679e-03
5.283184152859e-03
5.281474770754e-03
5.279798489369e-03
5.278151524863e-03
5.276530382730e-03
5.274933471128e-03
5.273361198533e-03
5.271814104560e-03
5.270290510907e-03
5.297475798443e-03
5.295973540399e-03
5.294469751732e-03
5.292955013829e-03
5.291422445396e-03
5.289867721160e-03
5.288287685175e-03
5.286679136248e-03
5.285038533430e-03
5.283362756074e-03
5.310860300369e-03
5.309106026402e-03
5.307318900975e-03
5.305502357885e-03
5.303659137041e-03
5.301790691647e-03
5.299897849852e-03
5.297982052866e-03
5.296046536898e-03
5.294096770797e-03
5.323003503804e-03
5.321041061791e-03
5.319088595115e-03
5.317154644672e-03
5.315247529325e-03
5.313375071239e-03
5.311543985613e-03
5.309759046895e-03
5.308022631255e-03
5.306334822819e-03
5.333649382294e-03
5.332047999218e-03
5.330491500388e-03
5.328980016202e-03
5.327514225314e-03
5.326094606687e-03
5.324720842452e-03
5.323391613729e-03
5.322104894219e-03
5.320858048265e-03
5.346322733146e-03
5.345139384303e-03
5.343982391821e-03
5.342844472182e-03
5.341718169632e-03
5.340597386009e-03
5.339479091333e-03
5.338363739213e-03
5.337254659025e-03
5.336156143358e-03
5.361809127862e-03
5.360735549175e-03
5.359676729427e-03
5.358631297611e-03
5.357598319449e-03
5.356578043745e-03
5.355571402220e-03
5.354579183575e-03
5.353601207787e-03
5.352636637156e-03
5.377678459070e-03
5.376736588744e-03
5.375810296300e-03
5.374902148958e-03
5.374013030405e-03
5.373140507288e-03
5.372278276695e-03
5.371417151252e-03
5.370547244695e-03
5.369659956500e-03
5.394375640094e-03
5.393432580377e-03
5.392456161758e-03
5.391441043400e-03
5.390380830363e-03
5.389268912836e-03
5.388099238132e-03
5.386866861556e-03
5.385567616543e-03
5.384197499041e-03
5.412865088658e-03
5.411336797749e-03
5.409726669768e-03
5.408034287029e-03
5.406261953226e-03
5.404414230554e-03
5.402497232922e-03
5.400517721739e-03
5.398482874909e-03
5.396400244933e-03
5.429920084453e-03
5.427760186876e-03
5.425576048879e-03
5.423374654242e-03
5.421162767107e-03
5.418947650583e-03
5.416737954647e-03
5.414543623601e-03
5.412374906143e-03
5.410240874255e-03
5.443366667009e-03
5.441314235895e-03
5.439311321481e-03
5.437361230463e-03
5.435467505947e-03
5.433633078951e-03
5.431858667350e-03
5.430141689260e-03
5.428476745180e-03
5.426857511566e-03
5.456432519907e-03
5.454886680695e-03
5.453378910033e-03
5.451908846567e-03
5.450474068198e-03
5.449069465044e-03
5.447688168488e-03
5.446323553940e-03
5.444970681651e-03
5.443626126066e-03
5.471705815637e-03
5.470360320260e-03
5.469007606848e-03
5.467640126085e-03
5.466252322208e-03
5.464842620881e-03
5.463413521966e-03
5.461969873977e-03
5.460516276685e-03
5.459055233132e-03
5.488110866679e-03
5.486628424137e-03
5.485137647668e-03
5.483639121337e-03
5.482133750888e-03
5.480621853451e-03
5.479102758045e-03
5.477575864973e-03
5.476042244197e-03
5.474505998905e-03
5.504082175719e-03
5.502555603982e-03
5.501048437338e-03
5.499564645788e-03
5.498104997400e-03
5.496668135436e-03
5.495252083563e-03
5.493855017107e-03
5.492475291305e-03
5.491110755145e-03
5.518889533846e-03
5.517540497863e-03
5.516200456668e-03
5.514870610796e-03
5.513554093397e-03
5.512254398695e-03
5.510973149796e-03
5.509708739908e-03
5.508456297946e-03
5.507208915731e-03
5.533078646351e-03
5.531815018571e-03
5.530539401718e-03
5.529248719029e-03
5.527940570801e-03
5.526613007646e-03
5.525264890707e-03
5.523896373063e-03
5.522508853744e-03
5.521104395996e-03
5.547803353465e-03
5.546362341761e-03
5.544905083696e-03
5.543428891713e-03
5.541930858499e-03
5.540408846684e-03
5.538862492131e-03
5.537293405666e-03
5.535705080206e-03
5.534102163324e-03
5.563217780320e-03
5.561592710706e-03
5.559965041471e-03
5.558336397996e-03
5.556707405901e-03
5.555078126974e-03
5.553448389321e-03
5.551817578578e-03
5.550184375863e-03
5.548546535636e-03
5.579313504882e-03
5.577651201747e-03
5.575977583703e-03
5.574292694632e-03
5.572597473417e-03
5.570892260721e-03
5.569175592484e-03
5.567443486427e-03
5.565690150434e-03
5.563909286195e-03
5.597382038218e-03
5.595524851572e-03
5.593629752809e-03
5.591696142687e-03
5.589724132790e-03
5.587714469812e-03
5.585669005484e-03
5.583590941910e-03
5.581484746017e-03
5.579355283601e-03
5.616510775894e-03
5.614339006740e-03
5.612154748803e-03
5.609960926904e-03
5.607761363706e-03
5.605561128618e-03
5.603366628520e-03
5.601185403293e-03
5.599026078357e-03
5.596898162480e-03
5.632803670380e-03
5.630760088081e-03
5.628774397792e-03
5.626850266140e-03
5.624987873148e-03
5.623185076900e-03
5.621439368213e-03
5.619749401205e-03
5.618115306959e-03
5.616537558979e-03
5.645404287748e-03
5.643929519920e-03
5.642504807895e-03
5.641126998455e-03
5.639794321723e-03
5.638505756224e-03
5.637259028163e-03
5.636048110716e-03
5.634862343811e-03
5.633687978161e-03
5.658032825636e-03
5.656839826202e-03
5.655631709885e-03
5.654409158410e-03
5.653174292718e-03
5.651927824772e-03
5.650668085309e-03
5.649392108182e-03
5.648097846290e-03
5.646785370175e-03
5.672262354949e-03
5.670911994571e-03
5.669543799058e-03
5.668153172792e-03
5.666734747479e-03
5.665285585167e-03
5.663807435610e-03
5.662306682893e-03
5.660792090907e-03
5.659271690604e-03
5.686056337368e-03
5.684530874248e-03
5.683005700291e-03
5.681479259863e-03
5.679949998125e-03
5.678416194996e-03
5.676875699578e-03
5.675326029973e-03
5.673765256518e-03
5.672193177077e-03
5.698667384820e-03
5.697075876412e-03
5.695484142336e-03
5.693896414073e-03
5.692315650322e-03
5.690743596460e-03
5.689181127991e-03
5.687628478483e-03
5.686085053981e-03
5.684549455509e-03
5.710529913983e-03
5.709001960497e-03
5.707482983780e-03
5.705979259403e-03
5.704499558192e-03
5.703052849526e-03
5.701645901127e-03
5.700282008149e-03
5.698961716348e-03
5.697684406471e-03
5.722010090835e-03
5.720815195787e-03
5.719664811579e-03
5.718558159799e-03
5.717492470353e-03
5.716464175919e-03
5.715470817051e-03
5.714512596171e-03
5.713592066911e-03
5.712712197749e-03
5.734457554922e-03
5.733652745334e-03
5.732878515914e-03
5.732125744714e-03
5.731385855370e-03
5.730652432305e-03
5.729921234490e-03
5.729189168164e-03
5.728453385359e-03
5.727711218015e-03
5.748989570861e-03
5.748226658795e-03
5.747456845427e-03
5.746682185020e-03
5.745903944273e-03
5.745121628593e-03
5.744333225550e-03
5.743536228465e-03
5.742728990697e-03
5.741911347002e-03
5.763636556424e-03
5.762798534988e-03
5.761957596860e-03
5.761118537691e-03
5.760287430121e-03
5.759471198417e-03
5.758676409414e-03
5.757907574548e-03
5.757166263436e-03
5.756451168224e-03
5.776656907244e-03
5.775981442468e-03
5.775326805178e-03
5.774694098989e-03
5.774085093208e-03
5.773501141391e-03
5.772942884676e-03
5.772410705731e-03
5.771905601819e-03
5.771429369645e-03
5.789776607401e-03
5.789356293064e-03
5.788963396242e-03
5.788591629937e-03
5.788232921418e-03
5.787879465458e-03
5.787525575215e-03
5.787168420170e-03
5.786807330367e-03
5.786442427109e-03
5.805344478460e-03
5.804964430581e-03
5.804575171055e-03
5.804172480282e-03
5.803751338817e-03
5.803306175210e-03
5.802830986966e-03
5.802319538361e-03
5.801765659442e-03
5.801163528872e-03
5.824178437535e-03
5.823460456156e-03
5.822682363032e-03
5.821843023853e-03
5.820942643197e-03
5.819982201501e-03
5.818962311821e-03
5.817882055567e-03
5.816738696637e-03
5.815528481548e-03
5.845112516795e-03
5.843756278637e-03
5.842333067335e-03
5.840848903858e-03
5.839310667966e-03
5.837724199750e-03
5.836093587789e-03
5.834422085229e-03
5.832713852158e-03
5.830975306253e-03
5.864857571908e-03
5.863077512515e-03
5.861291229166e-03
5.859502999783e-03
5.857715229695e-03
5.855930609130e-03
5.854153825169e-03
5.852391773885e-03
5.850651778246e-03
5.848939103203e-03
5.881907562525e-03
5.880245180435e-03
5.878606322653e-03
5.876988545708e-03
5.875391480345e-03
5.873816162818e-03
5.872263040885e-03
5.870730270487e-03
5.869213437165e-03
5.867706851461e-03
5.900010696109e-03
5.898505595496e-03
5.896999743811e-03
5.895490597027e-03
5.893974283765e-03
5.892445635538e-03
5.890899716121e-03
5.889333564369e-03
5.887747236898e-03
5.886143113116e-03
5.921916778732e-03
5.920278851988e-03
5.918628805546e-03
5.916966571533e-03
5.915293113048e-03
5.913611408914e-03
5.911926346528e-03
5.910243340793e-03
5.908566934863e-03
5.906900253592e-03
5.945544893052e-03
5.943897722773e-03
5.942269200318e-03
5.940664526918e-03
5.939088934269e-03
5.937546175005e-03
5.936037575111e-03
5.934562310983e-03
5.933118548228e-03
5.931704896625e-03
5.969140989407e-03
5.967781892252e-03
5.966453945121e-03
5.965156083050e-03
5.963884954497e-03
5.962635214360e-03
5.961400601223e-03
5.960175592065e-03
5.958956483425e-03
5.957741690565e-03
5.992579774329e-03
5.991367420279e-03
5.990157448082e-03
5.988946628861e-03
5.987730861705e-03
5.986506698093e-03
5.985272689998e-03
5.984029699391e-03
5.982779685837e-03
5.981523842195e-03
6.013493193052e-03
6.012215067017e-03
6.010924460327e-03
6.009621141288e-03
6.008309168465e-03
6.006996008523e-03
6.005689675931e-03
6.004395111518e-03
6.003112062047e-03
6.001835830716e-03
6.030164920389e-03
6.028881484951e-03
6.027595690739e-03
6.026311298172e-03
6.025032213813e-03
6.023759289008e-03
6.022489419991e-03
6.021217385523e-03
6.019939318548e-03
6.018655286766e-03
6.045386316828e-03
6.044098757684e-03
6.042816083436e-03
6.041534811970e-03
6.040246788530e-03
6.038942819771e-03
6.037616885067e-03
6.036268707703e-03
6.034902975273e-03
6.033526087776e-03
6.061894048685e-03
6.060500097988e-03
6.059098408798e-03
6.057687241650e-03
6.056267598069e-03
6.054843876086e-03
6.053422044033e-03
6.052006700713e-03
6.050598829063e-03
6.049195794049e-03
6.079650585207e-03
6.078242354135e-03
6.076834685643e-03
6.075433382421e-03
6.074046119238e-03
6.072679503347e-03
6.071337085132e-03
6.070019175013e-03
6.068724261297e-03
6.067451051649e-03
6.098379445802e-03
6.097145808496e-03
6.095935748931e-03
6.094748298324e-03
6.093580550100e-03
6.092428837121e-03
6.091290835855e-03
6.090167053799e-03
6.089061074704e-03
6.087977923755e-03
6.117450017996e-03
6.116417253054e-03
6.115411202359e-03
6.114428122999e-03
6.113464040425e-03
6.112516197788e-03
6.111583158713e-03
6.110664081177e-03
6.109757797162e-03
6.108862825670e-03
6.134786707207e-03
6.133908513164e-03
6.133045455044e-03
6.132202346976e-03
6.131382907540e-03
6.130587679877e-03
6.129813339044e-03
6.129054072915e-03
6.128304154686e-03
6.127560321204e-03
6.149688252094e-03
6.148952057458e-03
6.148224289632e-03
6.147504536557e-03
6.146791398180e-03
6.146084387012e-03
6.145385371951e-03
6.144698442426e-03
6.144027431787e-03
6.143373053249e-03
6.164180939720e-03
6.163538016096e-03
6.162891037832e-03
6.162235085185e-03
6.161570661448e-03
6.160902446027e-03
6.160235788229e-03
6.159573096681e-03
6.158912529884e-03
6.158249538828e-03
6.180683642754e-03
6.180001029065e-03
6.179311884523e-03
6.178617845990e-03
6.177917827756e-03
6.177206749669e-03
6.176477018698e-03
6.175722152818e-03
6.174940093501e-03
6.174134184164e-03
6.199549090638e-03
6.198710114461e-03
6.197862781335e-03
6.197005306831e-03
6.196133483513e-03
6.195243912259e-03
6.194336484327e-03
6.193414488337e-03
6.192483015695e-03
6.191546540606e-03
6.219266909284e-03
6.218321980441e-03
6.217377324219e-03
6.216436356510e-03
6.215504822535e-03
6.214589706360e-03
6.213697221085e-03
6.212831112350e-03
6.211992238150e-03
6.211179454169e-03
6.238136127536e-03
6.237367650272e-03
6.236624065821e-03
6.235907123994e-03
6.235218322445e-03
6.234557732398e-03
6.233923463583e-03
6.233311757967e-03
6.232717686430e-03
6.232135905293e-03
6.256493709657e-03
6.255917690055e-03
6.255338139169e-03
6.254748842196e-03
6.254142764760e-03
6.253512577644e-03
6.252851472993e-03
6.252153784715e-03
6.251415231191e-03
6.250632432682e-03
6.275898714421e-03
6.275013794550e-03
6.274073378222e-03
6.273073680404e-03
6.272012179863e-03
6.270887939820e-03
6.269701453675e-03
6.268453901953e-03
6.267146736946e-03
6.265781740240e-03
6.295476177570e-03
6.294000750302e-03
6.292479905539e-03
6.290919327341e-03
6.289323568012e-03
6.287695318974e-03
6.286035945891e-03
6.284346937548e-03
6.282631320346e-03
6.280893927453e-03
6.313493041091e-03
6.311721767531e-03
6.309939515404e-03
6.308145225773e-03
6.306337295882e-03
6.304515674287e-03
6.302682576575e-03
6.300841156246e-03
6.298992919369e-03
6.297135551051e-03
6.331132905984e-03
6.329232466669e-03
6.327304225124e-03
6.325347176926e-03
6.323364304592e-03
6.321359814990e-03
6.319335921830e-03
6.317291263429e-03
6.315222105911e-03
6.313125278893e-03
6.349866481116e-03
6.347712085130e-03
6.345539834626e-03
6.343354195792e-03
6.341156161966e-03
6.338943733567e-03
6.336714774989e-03
6.334470390868e-03
6.332216585520e-03
6.329963144765e-03
6.367904802062e-03
6.365673207540e-03
6.363463585728e-03
6.361275979373e-03
6.359109416792e-03
6.356964224778e-03
6.354842765404e-03
6.352748382028e-03
6.350683818710e-03
6.348650011887e-03
6.383871157368e-03
6.381890689227e-03
6.379941619855e-03
6.378027530104e-03
6.376153445558e-03
6.374324083879e-03
6.372541992903e-03
6.370806720895e-03
6.369115208258e-03
6.367463264496e-03
6.398195063127e-03
6.396608465593e-03
6.395058218402e-03
6.393548068274e-03
6.392083077628e-03
6.390668480549e-03
6.389308847247e-03
6.388007891019e-03
6.386768552431e-03
6.385593317930e-03
6.410813802120e-03
6.409767761625e-03
6.408788071383e-03
6.407872601471e-03
6.407018693324e-03
6.406224540228e-03
6.405490499390e-03
6.404819405873e-03
6.404215289024e-03
6.403681372660e-03
6.422675971351e-03
6.422278106982e-03
6.421942284362e-03
6.421661746913e-03
6.421430050636e-03
6.421241295243e-03
6.421089524849e-03
6.420967934105e-03
6.420869130068e-03
6.420786587796e-03
6.436800490462e-03
6.436739042044e-03
6.436689099701e-03
6.436650070555e-03
6.436617827262e-03
6.436584271398e-03
6.436539281481e-03
6.436474085660e-03
6.436383805465e-03
6.436267774120e-03
6.453982717971e-03
6.453815884640e-03
6.453623113600e-03
6.453400873170e-03
6.453146534284e-03
6.452860550041e-03
6.452546391017e-03
6.452207777386e-03
6.451845267236e-03
6.451454394096e-03
6.471912281199e-03
6.471436838638e-03
6.470912423765e-03
6.470340580506e-03
6.469726683179e-03
6.469075763107e-03
6.468388803114e-03
6.467661802674e-03
6.466887754243e-03
6.466060264017e-03
6.488917489264e-03
6.487972231980e-03
6.486970131675e-03
6.485909485889e-03
6.484785773353e-03
6.483593102644e-03
6.482327239155e-03
6.480987880479e-03
6.479578702340e-03
6.478105308418e-03
6.503965733600e-03
6.502370191242e-03
6.500715846300e-03
6.499000697602e-03
6.497223724352e-03
6.495386047561e-03
6.493490676576e-03
6.491541822868e-03
6.489544163969e-03
6.487502753544e-03
6.516411686334e-03
6.514295308591e-03
6.512154177642e-03
6.509994524379e-03
6.507821618527e-03
6.505639923148e-03
6.503453607991e-03
6.501266987414e-03
6.499084295967e-03
6.496908973929e-03
6.527282992352e-03
6.525122754681e-03
6.522975652501e-03
6.520846030696e-03
6.518741015100e-03
6.516669316056e-03
6.514638795636e-03
6.512654252106e-03
6.510716614969e-03
6.508824205468e-03
6.538890846741e-03
6.537080622991e-03
6.535316224415e-03
6.533600686510e-03
6.531935791600e-03
6.530321145021e-03
6.528754837859e-03
6.527235415604e-03
6.525763615912e-03
6.524342495879e-03
6.552186413160e-03
6.550871505681e-03
6.549609557680e-03
6.548393457138e-03
6.547213572787e-03
6.546060363917e-03
6.544926211632e-03
6.543805872980e-03
6.542695457313e-03
6.541590986842e-03
6.567382272806e-03
6.566270093060e-03
6.565145901675e-03
6.564002854134e-03
6.562834157762e-03
6.561632664273e-03
6.560390489767e-03
6.559098976822e-03
6.557749179137e-03
6.556332672574e-03
6.584352703840e-03
6.582779014423e-03
6.581123154490e-03
6.579384142242e-03
6.577562683219e-03
6.575660482099e-03
6.573679324561e-03
6.571620332181e-03
6.569483732733e-03
6.567269161337e-03
6.600510214184e-03
6.598135301829e-03
6.595688007849e-03
6.593174147497e-03
6.590600661809e-03
6.587974762908e-03
6.585303275472e-03
6.582592662539e-03
6.579849178593e-03
6.577079126373e-03
6.613266188310e-03
6.610453141320e-03
6.607629584721e-03
6.604799003924e-03
6.601964292543e-03
6.599128230505e-03
6.596293755933e-03
6.593463934337e-03
6.590641725666e-03
6.587829846922e-03
6.624121895129e-03
6.621330639632e-03
6.618556208139e-03
6.615799405267e-03
6.613059773429e-03
6.610335733853e-03
6.607625483696e-03
6.604928248521e-03
6.602245127851e-03
6.599579067597e-03
6.635657790127e-03
6.633028895180e-03
6.630424627360e-03
6.627845048740e-03
6.625290684667e-03
6.622764248448e-03
6.620271007421e-03
6.617817556162e-03
6.615409702079e-03
6.613050691840e-03
6.647075294552e-03
6.644808880424e-03
6.642593522997e-03
6.640433885138e-03
6.638337334437e-03
6.636311781961e-03
6.634363143405e-03
6.632494010660e-03
6.630704276517e-03
6.628993078493e-03
6.657489246948e-03
6.655932251874e-03
6.654458634330e-03
6.653069242077e-03
6.651761916203e-03
6.650531444848e-03
6.649371250887e-03
6.648275523730e-03
6.647240719815e-03
6.646265474785e-03
6.668934378069e-03
6.668070695412e-03
6.667260146116e-03
6.666495590594e-03
6.665767727725e-03
6.665066516177e-03
6.664382389488e-03
6.663707162431e-03
6.663034117366e-03
6.662357659138e-03
6.683218510261e-03
6.682515424700e-03
6.681793604571e-03
6.681048619953e-03
6.680277390785e-03
6.679478542992e-03
6.678651762797e-03
6.677796427880e-03
6.676910079250e-03
6.675987761128e-03
6.698919098028e-03
6.697902169492e-03
6.696834892807e-03
6.695719475942e-03
6.694561885638e-03
6.693369391940e-03
6.692148022182e-03
6.690901126490e-03
6.689630138794e-03
6.688336278046e-03
6.713815258649e-03
6.712479658518e-03
6.711130203939e-03
6.709767886093e-03
6.708391220286e-03
6.706997905155e-03
6.705587422118e-03
6.704162910523e-03
6.702730860354e-03
6.701298585256e-03
6.727452169002e-03
6.726026220690e-03
6.724603674627e-03
6.723181171878e-03
6.721756614525e-03
6.720329597385e-03
6.718899873249e-03
6.717465453164e-03
6.716022142143e-03
6.714565336779e-03
6.740858096578e-03
6.739368813896e-03
6.737873203804e-03
6.736378218648e-03
6.734887072923e-03
6.733397668825e-03
6.731904270907e-03
6.730401750474e-03
6.728889277724e-03
6.727371141551e-03
6.754100504963e-03
6.752583918512e-03
6.751073478313e-03
6.749566597648e-03
6.748061632948e-03
6.746561875445e-03
6.745076104892e-03
6.743615189521e-03
6.742186504596e-03
6.740790034030e-03
6.767097174588e-03
6.765735900672e-03
6.764385400402e-03
6.763047178310e-03
6.761728150195e-03
6.760435521755e-03
6.759171572639e-03
6.757931842515e-03
6.756707840054e-03
6.755492071420e-03
6.782024167933e-03
6.780815035086e-03
6.779616572715e-03
6.778427912536e-03
6.777242092369e-03
6.776047813275e-03
6.774834359192e-03
6.773596157814e-03
6.772334404729e-03
6.771054562194e-03
6.799820444712e-03
6.798510108638e-03
6.797185035850e-03
6.795840038762e-03
6.794471554713e-03
6.793079989563e-03
6.791669127722e-03
6.790243536784e-03
6.788805859799e-03
6.787355830852e-03
6.817751671235e-03
6.816266283408e-03
6.814767782089e-03
6.813261222476e-03
6.811753061470e-03
6.810248657075e-03
6.808750600158e-03
6.807258511969e-03
6.805770200231e-03
6.804283137399e-03
6.833216984603e-03
6.831720877301e-03
6.830220451263e-03
6.828712566858e-03
6.827192940193e-03
6.825656978208e-03
6.824100983920e-03
6.822522982645e-03
6.820922747181e-03
6.819300879670e-03
6.847479888961e-03
6.845806670185e-03
6.844106989035e-03
6.842376472548e-03
6.840611109567e-03
6.838808650230e-03
6.836968955554e-03
6.835093625057e-03
6.833185079074e-03
6.831245978390e-03
6.861504809876e-03
6.859509252877e-03
6.857499612977e-03
6.855486226982e-03
6.853480010989e-03
6.851489711039e-03
6.849519818275e-03
6.847570683306e-03
6.845640704114e-03
6.843729581647e-03
6.874044198923e-03
6.872177785397e-03
6.870348505004e-03
6.868561862916e-03
6.866819221386e-03
6.865118305996e-03
6.863456006442e-03
6.861830785624e-03
6.860242974881e-03
6.858692327285e-03
6.886343651217e-03
6.884842013221e-03
6.883346997995e-03
6.881841980260e-03
6.880314244881e-03
6.878757662150e-03
6.877171415056e-03
6.875555832380e-03
6.873907874194e-03
6.872219223681e-03
6.900901025915e-03
6.899089156491e-03
6.897206692940e-03
6.895252008576e-03
6.893226544435e-03
6.891131376619e-03
6.888965077735e-03
6.886724469666e-03
6.884407645941e-03
6.882017366365e-03
6.915007392479e-03
6.912492306299e-03
6.909939305160e-03
6.907359628144e-03
6.904760610723e-03
6.902146957543e-03
6.899523387006e-03
6.896896864646e-03
6.894277217782e-03
6.891676021269e-03
6.924464697533e-03
6.921925319205e-03
6.919433438782e-03
6.916995062682e-03
6.914615347966e-03
6.912299165663e-03
6.910051201771e-03
6.907875553907e-03
6.905775282007e-03
6.903751739628e-03
6.931222105948e-03
6.929342046362e-03
6.927531638837e-03
6.925786614374e-03
6.924103702431e-03
6.922481437869e-03
6.920919924482e-03
6.919419499866e-03
6.917978989065e-03
6.916594800828e-03
6.939059479237e-03
6.937765506962e-03
6.936512156415e-03
6.935297851214e-03
6.934122961582e-03
6.932988183053e-03
6.931892912291e-03
6.930835171431e-03
6.929813007673e-03
6.928826562955e-03
6.948025766690e-03
6.947118580911e-03
6.946262205645e-03
6.945460162058e-03
6.944712460893e-03
6.944016407942e-03
6.943368721124e-03
6.942767584803e-03
6.942213290472e-03
6.941707308215e-03
6.957442730652e-03
6.957031627394e-03
6.956668718715e-03
6.956352720977e-03
6.956082804834e-03
6.955858163678e-03
6.955676527866e-03
6.955532594191e-03
6.955417573636e-03
6.955320443183e-03
6.969206095732e-03
6.969109096531e-03
6.969001973857e-03
6.968878863574e-03
6.968734028021e-03
6.968561142344e-03
6.968353562002e-03
6.968105228964e-03
6.967811137997e-03
6.967466714286e-03
6.984299217038e-03
6.983830953857e-03
6.983288475851e-03
6.982660802464e-03
6.981938885190e-03
6.981117830492e-03
6.980197407358e-03
6.979180693804e-03
6.978071712524e-03
6.976873373731e-03
7.000549307691e-03
6.999169433641e-03
6.997702153456e-03
6.996149597569e-03
6.994515239285e-03
6.992802890068e-03
6.991015668405e-03
6.989155639872e-03
6.987224396255e-03
6.985224634036e-03
7.015167337272e-03
7.013041256130e-03
7.010868951852e-03
7.008660136762e-03
7.006422549239e-03
7.004160623296e-03
7.001875525987e-03
6.999566453999e-03
6.997232740332e-03
6.994875565454e-03
7.027681208058e-03
7.025281357585e-03
7.022870610911e-03
7.020450656000e-03
7.018020385260e-03
7.015577060940e-03
7.013118675388e-03
7.010645844446e-03
7.008161901183e-03
7.005671163256e-03
7.039644819088e-03
7.037136794850e-03
7.034618894295e-03
7.032085734181e-03
7.029534495530e-03
7.026966954982e-03
7.024389004755e-03
7.021807755734e-03
7.019228115610e-03
7.016651021104e-03
7.051721265441e-03
7.049135836610e-03
7.046551595579e-03
7.043975629927e-03
7.041418132644e-03
7.038888927582e-03
7.036394094087e-03
7.033935211098e-03
7.031511362129e-03
7.029122683605e-03
7.062910987713e-03
7.060600668467e-03
7.058346976748e-03
7.056157342674e-03
7.054034894622e-03
7.051978504080e-03
7.049985288404e-03
7.048053643985e-03
7.046184979231e-03
7.044383065818e-03
7.073145087418e-03
7.071477708450e-03
7.069878167556e-03
7.068340255387e-03
7.066857343432e-03
7.065424878590e-03
7.064041117815e-03
7.062705901149e-03
7.061418192905e-03
7.060174231356e-03
7.084703994281e-03
7.083519651701e-03
7.082357178263e-03
7.081212603509e-03
7.080084946381e-03
7.078974523267e-03
7.077880737882e-03
7.076800692175e-03
7.075729769326e-03
7.074663371043e-03
7.099081202966e-03
7.098012356494e-03
7.096945867033e-03
7.095881552402e-03
7.094816799622e-03
7.093746929229e-03
7.092667406084e-03
7.091576168989e-03
7.090474661823e-03
7.089366263699e-03
7.115360646367e-03
7.114235665881e-03
7.113099039032e-03
7.111942928361e-03
7.110760763794e-03
7.109549572135e-03
7.108309326668e-03
7.107040001074e-03
7.105738101416e-03
7.104395646422e-03
7.132785016609e-03
7.131325852583e-03
7.129804986619e-03
7.128225289819e-03
7.126591339272e-03
7.124904014006e-03
7.123157375815e-03
7.121339969956e-03
7.119440203383e-03
7.117452216960e-03
7.151030046487e-03
7.148871717959e-03
7.146645085527e-03
7.144353454066e-03
7.141993441735e-03
7.139558926099e-03
7.137047419917e-03
7.134464436092e-03
7.131822943279e-03
7.129137717754e-03
7.168089499544e-03
7.165330102850e-03
7.162534868655e-03
7.159700447630e-03
7.156830622989e-03
7.153938347813e-03
7.151042106045e-03
7.148158833786e-03
7.145298037472e-03
7.142460729312e-03
7.182617761885e-03
7.179811647347e-03
7.177030517710e-03
7.174286465954e-03
7.171593448390e-03
7.168961667105e-03
7.166394711248e-03
7.163890946799e-03
7.161448050738e-03
7.159067526857e-03
7.195484450506e-03
7.193245127780e-03
7.191092715800e-03
7.189029938218e-03
7.187053685414e-03
7.185157519245e-03
7.183335753041e-03
7.181586467823e-03
7.179912088077e-03
7.178317353691e-03
7.208859747664e-03
7.207428068909e-03
7.206077461205e-03
7.204801785974e-03
7.203594019245e-03
7.202447835482e-03
7.201358211944e-03
7.200320874460e-03
7.199331199104e-03
7.198383307411e-03
7.224911517483e-03
7.224021107163e-03
7.223150736024e-03
7.222295409974e-03
7.221452072372e-03
7.220618510985e-03
7.219791418606e-03
7.218964871811e-03
7.218130056799e-03
7.217276504775e-03
7.243935671909e-03
7.243013720654e-03
7.242052158972e-03
7.241049519735e-03
7.240005157882e-03
7.238917982420e-03
7.237786497058e-03
7.236609699987e-03
7.235387930848e-03
7.234122786997e-03
7.263982740369e-03
7.262628892533e-03
7.261230675795e-03
7.259784782377e-03
7.258289262666e-03
7.256745331858e-03
7.255157478994e-03
7.253531495394e-03
7.251872003621e-03
7.250181013319e-03
7.282827353549e-03
7.281069744977e-03
7.279285154482e-03
7.277479440631e-03
7.275658290155e-03
7.273824034485e-03
7.271974016248e-03
7.270102303835e-03
7.268203834144e-03
7.266278358202e-03
7.299790079628e-03
7.297825559874e-03
7.295855495897e-03
7.293881601868e-03
7.291900209339e-03
7.289906102130e-03
7.287897536855e-03
7.285878888752e-03
7.283859021527e-03
7.281846618696e-03
7.314718110536e-03
7.312719768379e-03
7.310723721048e-03
7.308726309475e-03
7.306730826485e-03
7.304747619287e-03
7.302790240090e-03
7.300869496930e-03
7.298989822289e-03
7.297149713224e-03
7.328719011866e-03
7.326946294597e-03
7.325214552736e-03
7.323532466273e-03
7.321908337474e-03
7.320346168342e-03
7.318844710881e-03
7.317399723320e-03
7.316007968768e-03
7.314670061305e-03
7.344366969392e-03
7.343147860354e-03
7.341996587854e-03
7.340911652989e-03
7.339886672014e-03
7.338912713806e-03
7.337981302669e-03
7.337086587938e-03
7.336225767347e-03
7.335397738643e-03
7.363728217911e-03
7.362956250120e-03
7.362207750475e-03
7.361476140261e-03
7.360754461786e-03
7.360036594889e-03
7.359317656665e-03
7.358593568824e-03
7.357860121431e-03
7.357112175839e-03
7.386098677443e-03
7.385298283907e-03
7.384466660767e-03
7.383602472373e-03
7.382707541240e-03
7.381785284224e-03
7.380838176232e-03
7.379865661449e-03
7.378863804206e-03
7.377826786410e-03
7.409503326471e-03
7.408377200193e-03
7.407208947541e-03
7.406000898300e-03
7.404755225650e-03
7.403472933220e-03
7.402154412716e-03
7.400800716198e-03
7.399414395877e-03
7.397998717181e-03
7.433551690042e-03
7.432072859956e-03
7.430559717875e-03
7.429005326571e-03
7.427404080943e-03
7.425754160522e-03
7.424057476157e-03
7.422317359271e-03
7.420535610095e-03
7.418711230571e-03
7.458752141872e-03
7.456828230261e-03
7.454857938910e-03
7.452844581621e-03
7.450791065992e-03
7.448696832739e-03
7.446556877596e-03
7.444364062337e-03
7.442113607055e-03
7.439806796981e-03
7.484428138127e-03
7.482028032371e-03
7.479599961528e-03
7.477148344947e-03
7.474673001411e-03
7.472172990447e-03
7.469651072540e-03
7.467115745499e-03
7.464579170914e-03
7.462052691608e-03
7.508922291095e-03
7.506422259155e-03
7.503938058790e-03
7.501470505758e-03
7.499026275241e-03
7.496617565891e-03
7.494258389045e-03
7.491959773404e-03
7.489727052473e-03
7.487560650475e-03
7.532274793448e-03
7.530233100908e-03
7.528262172741e-03
7.526368190440e-03
7.524555790837e-03
7.522825309309e-03
7.521172202985e-03
7.519589251672e-03
7.518069637513e-03
7.516609606455e-03
7.555772423530e-03
7.554427053833e-03
7.553144472809e-03
7.551923464348e-03
7.550759145374e-03
7.549643444747e-03
7.548566595574e-03
7.547518630759e-03
7.546490748211e-03
7.545475673908e-03
7.580738603792e-03
7.579725271910e-03
7.578705871822e-03
7.577672912703e-03
7.576618843018e-03
7.575537466153e-03
7.574424832512e-03
7.573279205928e-03
7.572099266781e-03
7.570881988897e-03
7.607329928476e-03
7.606009208359e-03
7.604623196812e-03
7.603162326632e-03
7.601621247204e-03
7.599999188358e-03
7.598298094990e-03
7.596519847880e-03
7.594664197200e-03
7.592728534121e-03
7.634017906582e-03
7.631906100016e-03
7.629708929244e-03
7.627428519186e-03
7.625067225717e-03
7.622626109026e-03
7.620104733121e-03
7.617502406163e-03
7.614819997627e-03
7.612061281691e-03
7.658778185657e-03
7.655878833191e-03
7.652926594972e-03
7.649929042032e-03
7.646892591595e-03
7.643822972796e-03
7.640725779538e-03
7.637606799904e-03
7.634472159282e-03
7.631328324578e-03
7.681551218411e-03
7.678399399481e-03
7.675260477754e-03
7.672141638693e-03
7.669048944706e-03
7.665987077189e-03
7.662959820152e-03
7.659970828115e-03
7.657024131049e-03
7.654124009775e-03
7.704857854037e-03
7.702048782448e-03
7.699290242158e-03
7.696579443632e-03
7.693913320566e-03
7.691290101945e-03
7.688709745196e-03
7.686173372861e-03
7.683681895003e-03
7.681234861138e-03
7.730764332848e-03
7.728389549811e-03
7.726050650376e-03
7.723744966995e-03
7.721470674142e-03
7.719226646145e-03
7.717012279329e-03
7.714827585119e-03
7.712673199876e-03
7.710550605793e-03
7.758057277499e-03
7.755995305160e-03
7.753972686487e-03
7.751993313775e-03
7.750061983074e-03
7.748183548415e-03
7.746361457919e-03
7.744596284113e-03
7.742885390428e-03
7.741224561357e-03
7.784107886607e-03
7.782533742329e-03
7.781014563136e-03
7.779558951029e-03
7.778173595966e-03
7.776859849002e-03
7.775612896637e-03
7.774424564275e-03
7.773287472617e-03
7.772197997724e-03
7.808761604110e-03
7.807757070168e-03
7.806793281304e-03
7.805859218820e-03
7.804941519453e-03
7.804030221337e-03
7.803123521967e-03
7.802227762227e-03
7.801352585545e-03
7.800503738906e-03
7.832894098442e-03
7.832072061206e-03
7.831246456419e-03
7.830406360029e-03
7.829549169742e-03
7.828679562920e-03
7.827804555973e-03
7.826928067175e-03
7.826049140590e-03
7.825164695703e-03
7.856376228176e-03
7.855479791090e-03
7.854595863705e-03
7.853736399284e-03
7.852907441020e-03
7.852105925053e-03
7.851321546639e-03
7.850542488200e-03
7.849761366970e-03
7.848977962396e-03
7.879542885462e-03
7.878765822340e-03
7.878000872438e-03
7.877246198177e-03
7.876496855829e-03
7.875747669061e-03
7.874994794577e-03
7.874235043801e-03
7.873463612782e-03
7.872672017527e-03
7.904720757836e-03
7.903847088073e-03
7.902917635079e-03
7.901926354123e-03
7.900872084406e-03
7.899756735299e-03
7.898582621067e-03
7.897350628866e-03
7.896059882114e-03
7.894708406695e-03
7.931520920920e-03
7.930037058543e-03
7.928488740049e-03
7.926875872386e-03
7.925198946168e-03
7.923459503161e-03
7.921661208456e-03
7.919810307953e-03
7.917915712028e-03
7.915987972410e-03
7.955561191693e-03
7.953590425927e-03
7.951612440422e-03
7.949630555117e-03
7.947646074001e-03
7.945659897757e-03
7.943673986631e-03
7.941691967687e-03
7.939718350144e-03
7.937757125831e-03
7.975085994360e-03
7.973147851033e-03
7.971224259563e-03
7.969316052254e-03
7.967426024948e-03
7.965557877242e-03
7.963713398226e-03
7.961889836110e-03
7.960079225143e-03
7.958270764846e-03
7.992205639709e-03
7.990374000428e-03
7.988534328319e-03
7.986692914358e-03
7.984854742972e-03
7.983019904373e-03
7.981183640084e-03
7.979340037764e-03
7.977487019161e-03
7.975628989016e-03
8.008009428465e-03
8.006162574134e-03
8.004330902850e-03
8.002509721393e-03
8.000690768426e-03
7.998868937818e-03
7.997047796948e-03
7.995240214143e-03
7.993463359924e-03
7.991731348511e-03
8.021931369740e-03
8.020292891899e-03
8.018696271449e-03
8.017138413834e-03
8.015622696405e-03
8.014157163757e-03
8.012748744022e-03
8.011397926623e-03
8.010097288775e-03
8.008835466057e-03
8.034630072075e-03
8.033423092627e-03
8.032252122803e-03
8.031126818992e-03
8.030052637309e-03
8.029025839960e-03
8.028033758819e-03
8.027059498318e-03
8.026088232612e-03
8.025111067525e-03
8.046832438765e-03
8.045831090953e-03
8.044815660298e-03
8.043778684169e-03
8.042710735879e-03
8.041604293510e-03
8.040456912227e-03
8.039271334951e-03
8.038052193626e-03
8.036801488856e-03
8.059250172721e-03
8.057914549056e-03
8.056523391474e-03
8.055068703982e-03
8.053548807595e-03
8.051968458858e-03
8.050335874714e-03
8.048658758753e-03
8.046941797090e-03
8.045186748916e-03
8.072368022226e-03
8.070536892831e-03
8.068678505936e-03
8.066800234133e-03
8.064907411210e-03
8.063001059782e-03
8.061078160893e-03
8.059134820542e-03
8.057170090126e-03
8.055188326978e-03
8.084914453093e-03
8.082917406625e-03
8.080923995692e-03
8.078931939110e-03
8.076934628946e-03
8.074925700328e-03
8.072903005143e-03
8.070869127039e-03
8.068828165676e-03
8.066780757304e-03
8.096049838514e-03
8.093959861071e-03
8.091835114215e-03
8.089669657465e-03
8.087465104609e-03
8.085227557785e-03
8.082961425316e-03
8.080664127078e-03
8.078325884412e-03
8.075934880992e-03
8.107010924334e-03
8.104497768727e-03
8.101940942936e-03
8.099353762304e-03
8.096742938164e-03
8.094105037628e-03
8.091429955755e-03
8.088709308822e-03
8.085944127458e-03
8.083146774823e-03
8.116752545959e-03
8.113935600704e-03
8.111126366543e-03
8.108321562531e-03
8.105515456691e-03
8.102708458694e-03
8.099911532554e-03
8.097143192060e-03
8.094420791792e-03
8.091752083942e-03
8.122654113663e-03
8.120065105686e-03
8.117503686890e-03
8.114970025474e-03
8.112475152529e-03
8.110034799927e-03
8.107660078906e-03
8.105351298582e-03
8.103098623792e-03
8.100889002947e-03
8.125888743393e-03
8.123743923875e-03
8.121642920685e-03
8.119593233403e-03
8.117595160741e-03
8.115639866617e-03
8.113713438036e-03
8.111804278940e-03
8.109908992537e-03
8.108033000894e-03
8.128980054607e-03
8.127162194114e-03
8.125379118610e-03
8.123623390304e-03
8.121885654191e-03
8.120160778276e-03
8.118450894699e-03
8.116763830117e-03
8.115108016113e-03
8.113487500111e-03
8.132382140559e-03
8.130815701179e-03
8.129271363032e-03
8.127749491678e-03
8.126256528442e-03
8.124801913709e-03
8.123393090898e-03
8.122031931180e-03
8.120714540155e-03
8.119434564605e-03
8.135721379972e-03
8.134502011160e-03
8.133319203580e-03
8.132176592881e-03
8.131073886830e-03
8.130005596797e-03
8.128963023296e-03
8.127938540952e-03
8.126929089826e-03
8.125936574629e-03
8.139857989818e-03
8.138902799601e-03
8.137963033164e-03
8.137027125827e-03
8.136081743544e-03
8.135116970095e-03
8.134129190864e-03
8.133120010370e-03
8.132091948596e-03
8.131044079107e-03
8.145319448943e-03
8.144207160171e-03
8.143053667709e-03
8.141857832527e-03
8.140623950510e-03
8.139357916434e-03
8.138062049284e-03
8.136732322100e-03
8.135360074107e-03
8.133937366836e-03
8.149448570578e-03
8.147925079982e-03
8.146370638542e-03
8.144799159197e-03
8.143219129693e-03
8.141631670640e-03
8.140033269058e-03
8.138421239266e-03
8.136798224257e-03
8.135172762650e-03
8.148245521227e-03
8.146642046142e-03
8.145059175945e-03
8.143495235117e-03
8.141947867273e-03
8.140418755943e-03
8.138915654229e-03
8.137450513743e-03
8.136034269342e-03
8.134671826383e-03
8.142547673117e-03
8.141273114688e-03
8.140029245396e-03
8.138809710374e-03
8.137614671853e-03
8.136449318613e-03
8.135319506039e-03
8.134227283733e-03
8.133168692837e-03
8.132135188760e-03
8.137288655007e-03
8.136277446340e-03
8.135275702330e-03
8.134286041582e-03
8.133310409391e-03
8.132346190337e-03
8.131385403487e-03
8.130417359553e-03
8.129433874956e-03
8.128433551974e-03
8.134339243838e-03
8.133323791583e-03
8.132316396143e-03
8.131318605933e-03
8.130324426531e-03
8.129324372817e-03
8.128311790529e-03
8.127287452851e-03
8.126259416713e-03
8.125238209061e-03
8.131689484856e-03
8.130689142888e-03
8.129694130787e-03
8.128696795211e-03
8.127694790687e-03
8.126693177019e-03
8.125701026984e-03
8.124724771562e-03
8.123762737057e-03
8.122804563186e-03
8.129220185879e-03
8.128225341352e-03
8.127207278505e-03
8.126170562832e-03
8.125121109458e-03
8.124059699696e-03
8.122979236305e-03
8.121867580769e-03
8.120713831374e-03
8.119513817292e-03
8.127763392167e-03
8.126477572318e-03
8.125157959626e-03
8.123800749104e-03
8.122396739850e-03
8.120936984767e-03
8.119418557726e-03
8.117846675361e-03
8.116231651968e-03
8.114583187478e-03
8.124695604351e-03
8.122982883208e-03
8.121237615853e-03
8.119460581156e-03
8.117658341519e-03
8.115841326401e-03
8.114019035929e-03
8.112195573574e-03
8.110368697885e-03
8.108533072118e-03
8.118352379597e-03
8.116489376789e-03
8.114623023687e-03
8.112762093049e-03
8.110912647453e-03
8.109075588152e-03
8.107247331623e-03
8.105422769006e-03
8.103598204968e-03
8.101772429598e-03
8.111464389515e-03
8.109631048853e-03
8.107791359976e-03
8.105938804079e-03
8.104066423641e-03
8.102169544429e-03
8.100247659002e-03
8.098304572229e-03
8.096346838897e-03
8.094381238777e-03
8.106836658499e-03
8.104861759023e-03
8.102882007620e-03
8.100893265009e-03
8.098892520195e-03
8.096880223491e-03
8.094861156962e-03
8.092843283805e-03
8.090835018606e-03
8.088842887616e-03
8.103480941429e-03
8.101528378006e-03
8.099604106405e-03
8.097716768532e-03
8.095877183962e-03
8.094094428031e-03
8.092371203986e-03
8.090701912806e-03
8.089075316207e-03
8.087480522022e-03
8.101037229210e-03
8.099497724970e-03
8.097999754909e-03
8.096552142604e-03
8.095156729780e-03
8.093806833188e-03
8.092491121261e-03
8.091199836315e-03
8.089929123230e-03
8.088680321521e-03
8.100208864505e-03
8.098997782270e-03
8.097792838839e-03
8.096577545871e-03
8.095338871499e-03
8.094073421319e-03
8.092788330259e-03
8.091496062434e-03
8.090206256838e-03
8.088920038176e-03
8.098855010189e-03
8.097545993110e-03
8.096215650710e-03
8.094864545967e-03
8.093499021697e-03
8.092125880182e-03
8.090747230483e-03
8.089359573944e-03
8.087957301029e-03
8.086538324790e-03
8.095050309691e-03
8.093613794983e-03
8.092188014189e-03
8.090779650047e-03
8.089387639643e-03
8.088004940305e-03
8.086623301438e-03
8.085237870944e-03
8.083848712545e-03
8.082458788351e-03
8.091075906634e-03
8.089682712864e-03
8.088285394592e-03
8.086879259452e-03
8.085462427573e-03
8.084037074582e-03
8.082607837423e-03
8.081178613452e-03
8.079749574847e-03
8.078316456306e-03
8.089549456656e-03
8.088083746770e-03
8.086597794488e-03
8.085092454792e-03
8.083571118334e-03
8.082037373583e-03
8.080493243256e-03
8.078939004292e-03
8.077374575521e-03
8.075801474092e-03
8.088627907000e-03
8.087047724530e-03
8.085474265044e-03
8.083909562117e-03
8.082351094231e-03
8.080792882879e-03
8.079228809038e-03
8.077656143485e-03
8.076077526766e-03
8.074499852171e-03
8.086967971508e-03
8.085408102659e-03
8.083859732153e-03
8.082317711001e-03
8.080776650786e-03
8.079234553406e-03
8.077693573057e-03
8.076157399273e-03
8.074626811720e-03
8.073096739452e-03
8.086462433823e-03
8.084900902759e-03
8.083316640921e-03
8.081714540936e-03
8.080105693750e-03
8.078500886995e-03
8.076904044572e-03
8.075309869071e-03
8.073707192352e-03
8.072085989113e-03
8.087537880556e-03
8.085875966060e-03
8.084207558511e-03
8.082539314273e-03
8.080871045479e-03
8.079196844278e-03
8.077510763826e-03
8.075812939978e-03
8.074111500832e-03
8.072418750658e-03
8.088085964516e-03
8.086426195064e-03
8.084776467683e-03
8.083124521704e-03
8.081461803897e-03
8.079788403791e-03
8.078112130988e-03
8.076442999425e-03
8.074786753184e-03
8.073141897512e-03
8.088771921905e-03
8.087125723989e-03
8.085474902487e-03
8.083821428102e-03
8.082168411136e-03
8.080515529116e-03
8.078856865438e-03
8.077182733530e-03
8.075484240067e-03
8.073757334444e-03
8.091210000771e-03
8.089429780227e-03
8.087631268552e-03
8.085814073695e-03
8.083973919611e-03
8.082105332619e-03
8.080204329019e-03
8.078269557018e-03
8.076300878713e-03
8.074297299174e-03
8.094041825416e-03
8.091953205223e-03
8.089820188104e-03
8.087643796046e-03
8.085428643710e-03
8.083180931806e-03
8.080905862585e-03
8.078606004688e-03
8.076281741864e-03
8.073933126809e-03
8.096122162613e-03
8.093725046081e-03
8.091311321436e-03
8.088883137020e-03
8.086440806039e-03
8.083983693496e-03
8.081512223214e-03
8.079029601333e-03
8.076542017648e-03
8.074057143745e-03
8.098395417619e-03
8.095928759701e-03
8.093477193540e-03
8.091039228304e-03
8.088612114136e-03
8.086193034671e-03
8.083779621074e-03
8.081370086813e-03
8.078962955551e-03
8.076557122081e-03
8.102357694838e-03
8.099947573669e-03
8.097538697427e-03
8.095132681319e-03
8.092731912257e-03
8.090338747024e-03
8.087954489440e-03
8.085578175724e-03
8.083205929950e-03
8.080831698464e-03
8.108101556047e-03
8.105702000705e-03
8.103291810471e-03
8.100877189065e-03
8.098467537593e-03
8.096072368005e-03
8.093698819494e-03
8.091350782252e-03
8.089030267001e-03
8.086739464261e-03
8.114986695091e-03
8.112761715722e-03
8.110578285880e-03
8.108437237979e-03
8.106336772016e-03
8.104274639663e-03
8.102251209607e-03
8.100271281705e-03
8.098343259462e-03
8.096475920297e-03
8.122783777480e-03
8.121041538459e-03
8.119356762791e-03
8.117719182337e-03
8.116118631847e-03
8.114547084574e-03
8.112998493118e-03
8.111467380559e-03
8.109947410276e-03
8.108431165226e-03
8.132033070638e-03
8.130498346077e-03
8.128949014406e-03
8.127381338227e-03
8.125790937925e-03
8.124171565498e-03
8.122515051298e-03
8.120812309642e-03
8.119054992619e-03
8.117236710461e-03
8.141857137616e-03
8.139903103313e-03
8.137885233225e-03
8.135807590122e-03
8.133675859881e-03
8.131496351439e-03
8.129274763462e-03
8.127015404455e-03
8.124721273816e-03
8.122395278292e-03
8.150017666992e-03
8.147635293710e-03
8.145238510053e-03
8.142834651608e-03
8.140429751791e-03
8.138028469091e-03
8.135635273561e-03
8.133256089252e-03
8.130898784941e-03
8.128572167891e-03
8.156175892736e-03
8.153921784185e-03
8.151708288779e-03
8.149532048378e-03
8.147389928354e-03
8.145281007046e-03
8.143206558429e-03
8.141168191912e-03
8.139165614750e-03
8.137195772065e-03
8.162194220006e-03
8.160271168208e-03
8.158372408161e-03
8.156500115888e-03
8.154657016121e-03
8.152843482833e-03
8.151056248494e-03
8.149289349376e-03
8.147536882745e-03
8.145795623875e-03
8.168963200319e-03
8.167240888440e-03
8.165533733006e-03
8.163841337478e-03
8.162161885082e-03
8.160494213485e-03
8.158839989562e-03
8.157203926203e-03
8.155591795344e-03
8.154007299822e-03
8.176035949475e-03
8.174495241406e-03
8.172970321311e-03
8.171456187085e-03
8.169951271952e-03
8.168457168154e-03
8.166976396126e-03
8.165509865194e-03
8.164055841178e-03
8.162610839975e-03
8.183382423113e-03
8.181943673947e-03
8.180511662829e-03
8.179088316467e-03
8.177673505998e-03
8.176263282394e-03
8.174850384933e-03
8.173426634755e-03
8.171986190348e-03
8.170527858681e-03
8.189911307909e-03
8.188425612673e-03
8.186936825666e-03
8.185447170717e-03
8.183955438881e-03
8.182458734041e-03
8.180955345665e-03
8.179446638849e-03
8.177936977575e-03
8.176431397999e-03
8.194678330995e-03
8.193181211027e-03
8.191685721670e-03
8.190187965965e-03
8.188688040320e-03
8.187191486059e-03
8.185707592986e-03
8.184245049563e-03
8.182807570279e-03
8.181392294887e-03
8.199359250511e-03
8.197963526811e-03
8.196574048952e-03
8.195194658015e-03
8.193832100176e-03
8.192491055013e-03
8.191170465807e-03
8.189863891801e-03
8.188563527483e-03
8.187265465097e-03
8.205470274618e-03
8.204185931731e-03
8.202921120585e-03
8.201677716954e-03
8.200450764775e-03
8.199231614810e-03
8.198013488879e-03
8.196795909555e-03
8.195584801172e-03
8.194388403012e-03
8.212155893034e-03
8.210992741454e-03
8.209840354311e-03
8.208691165521e-03
8.207542005039e-03
8.206395784043e-03
8.205258772080e-03
8.204135664926e-03
8.203025700311e-03
8.201922718513e-03
8.220423925422e-03
8.219309175672e-03
8.218188876128e-03
8.217066852524e-03
8.215946015127e-03
8.214824558536e-03
8.213695190193e-03
8.212548271672e-03
8.211376375527e-03
8.210177162368e-03
8.232271130282e-03
8.231019232880e-03
8.229745484073e-03
8.228445137433e-03
8.227110779956e-03
8.225736320924e-03
8.224320230681e-03
8.222865680011e-03
8.221377479344e-03
8.219857909239e-03
8.246473012321e-03
8.244873393778e-03
8.243227948356e-03
8.241534900833e-03
8.239798144473e-03
8.238025145488e-03
8.236222906021e-03
8.234394236297e-03
8.232537270089e-03
8.230648048766e-03
8.260891275938e-03
8.258930632678e-03
8.256947672976e-03
8.254951676236e-03
8.252948356017e-03
8.250937144851e-03
8.248912227259e-03
8.246866825061e-03
8.244798275371e-03
8.242710458944e-03
8.275407666133e-03
8.273301112979e-03
8.271198139312e-03
8.269096449453e-03
8.266989207982e-03
8.264870175196e-03
8.262738375379e-03
8.260599067512e-03
8.258460141008e-03
8.256326124467e-03
8.290488820251e-03
8.288339631406e-03
8.286168270843e-03
8.283966913609e-03
8.281737306334e-03
8.279489526785e-03
8.277235296305e-03
8.274980289741e-03
8.272720202740e-03
8.270443257004e-03
8.305767069999e-03
8.303420411835e-03
8.301044753750e-03
8.298649951200e-03
8.296243429243e-03
8.293824210739e-03
8.291383079495e-03
8.288909152157e-03
8.286398237885e-03
8.283857460981e-03
8.319960534607e-03
8.317400375518e-03
8.314850151464e-03
8.312306039727e-03
8.309757121367e-03
8.307194367376e-03
8.304618269335e-03
8.302039890737e-03
8.299474917862e-03
8.296934837404e-03
8.331590396494e-03
8.329089432664e-03
8.326601352962e-03
8.324125538024e-03
8.321670869122e-03
8.319251380499e-03
8.316878055666e-03
8.314552110903e-03
8.312264794313e-03
8.310003526731e-03
8.341343759810e-03
8.339111380678e-03
8.336906830834e-03
8.334739115298e-03
8.332610399862e-03
8.330513406804e-03
8.328435277406e-03
8.326364892184e-03
8.324298554669e-03
8.322240241512e-03
8.351211527668e-03
8.349176052775e-03
8.347151812416e-03
8.345127299663e-03
8.343091115421e-03
8.341038005028e-03
8.338970673094e-03
8.336896460094e-03
8.334821156325e-03
8.332744389861e-03
8.362952719722e-03
8.360841701176e-03
8.358708501646e-03
8.356555055911e-03
8.354389267879e-03
8.352220327765e-03
8.350053451693e-03
8.347887517459e-03
8.345716966630e-03
8.343536324332e-03
8.376292923685e-03
8.374086468564e-03
8.371883440702e-03
8.369691875487e-03
8.367514801307e-03
8.365349419762e-03
8.363189616432e-03
8.361030669676e-03
8.358872905717e-03
8.356722301187e-03
8.389305315177e-03
8.387184978346e-03
8.385088899161e-03
8.383012824993e-03
8.380950230730e-03
8.378897324519e-03
8.376856490429e-03
8.374835841437e-03
8.372845116241e-03
8.370890193703e-03
8.400760464326e-03
8.398860929901e-03
8.396981501619e-03
8.395119990666e-03
8.393282519080e-03
8.391481060642e-03
8.389727272458e-03
8.388026076261e-03
8.386373519613e-03
8.384760098863e-03
8.411179422694e-03
8.409620730276e-03
8.408097675499e-03
8.406619197103e-03
8.405189964321e-03
8.403806106458e-03
8.402456540978e-03
8.401129331673e-03
8.399818664202e-03
8.398527713666e-03
8.422239925267e-03
8.421006917331e-03
8.419806318329e-03
8.418625921138e-03
8.417448896751e-03
8.416261921013e-03
8.415060898301e-03
8.413850631484e-03
8.412638988489e-03
8.411429719217e-03
8.434973976023e-03
8.433747655545e-03
8.432502825315e-03
8.431238112394e-03
8.429959604257e-03
8.428676458891e-03
8.427394344437e-03
8.426111511994e-03
8.424820247967e-03
8.423512774755e-03
8.448562341812e-03
8.447221432732e-03
8.445883079901e-03
8.444559451107e-03
8.443256421344e-03
8.441972233982e-03
8.440700978497e-03
8.439438063419e-03
8.438183691908e-03
8.436942376306e-03
8.461476443756e-03
8.460266688303e-03
8.459070969991e-03
8.457881580512e-03
8.456692316315e-03
8.455501952312e-03
8.454314317476e-03
8.453134824947e-03
8.451965696963e-03
8.450803040034e-03
8.474753431017e-03
8.473569131922e-03
8.472362383770e-03
8.471130123951e-03
8.469874170146e-03
8.468598096954e-03
8.467303763950e-03
8.465989734304e-03
8.464652158864e-03
8.463287615314e-03
8.489454083701e-03
8.488033460083e-03
8.486595285717e-03
8.485144526333e-03
8.483682251835e-03
8.482204997051e-03
8.480706774151e-03
8.479182848816e-03
8.477632902384e-03
8.476061793772e-03
8.505215707601e-03
8.503617236784e-03
8.502012422753e-03
8.500396409772e-03
8.498761009548e-03
8.497098996145e-03
8.495407420071e-03
8.493687721057e-03
8.491942482692e-03
8.490170942537e-03
8.522707341228e-03
8.520850628543e-03
8.518937952317e-03
8.516962849285e-03
8.514926248665e-03
8.512834310125e-03
8.510693265180e-03
8.508504379961e-03
8.506262610467e-03
8.503959554048e-03
8.541392047107e-03
8.538944705435e-03
8.536437301473e-03
8.533879950505e-03
8.531280554109e-03
8.528641968951e-03
8.525963217267e-03
8.523244122387e-03
8.520489721946e-03
8.517711536683e-03
8.557111904679e-03
8.554319345819e-03
8.551539435473e-03
8.548773464611e-03
8.546019300979e-03
8.543275986199e-03
8.540546529616e-03
8.537837578274e-03
8.535156429275e-03
8.532507815914e-03
8.568948740958e-03
8.566355905828e-03
8.563793327539e-03
8.561260713464e-03
8.558759010725e-03
8.556288583975e-03
8.553847199721e-03
8.551429695501e-03
8.549029168137e-03
8.546639192502e-03
8.581300344815e-03
8.578912390988e-03
8.576529720301e-03
8.574153821826e-03
8.571786759035e-03
8.569431157810e-03
8.567090116969e-03
8.564766730046e-03
8.562463315968e-03
8.560181015241e-03
8.595198480123e-03
8.592952168158e-03
8.590733013136e-03
8.588547721899e-03
8.586404882351e-03
8.584313490587e-03
8.582281596489e-03
8.580315986706e-03
8.578422805954e-03
8.576608092824e-03
8.608285611501e-03
8.606634485659e-03
8.605070933072e-03
8.603591476174e-03
8.602190682097e-03
8.600863629965e-03
8.599607717315e-03
8.598422601892e-03
8.597308231742e-03
8.596262492347e-03
8.621953647378e-03
8.621019764234e-03
8.620131565522e-03
8.619280201231e-03
8.618457015871e-03
8.617652055534e-03
8.616852843431e-03
8.616044885969e-03
8.615214347401e-03
8.614351210269e-03
8.639418873656e-03
8.638475222995e-03
8.637495660082e-03
8.636478821757e-03
8.635419723930e-03
8.634311516005e-03
8.633148741126e-03
8.631929857813e-03
8.630656823243e-03
8.629332474698e-03
8.659059889681e-03
8.657625157582e-03
8.656136322315e-03
8.654595106748e-03
8.653009290128e-03
8.651391571107e-03
8.649755480121e-03
8.648110415550e-03
8.646459228942e-03
8.644799595345e-03
8.678504679665e-03
8.676812674992e-03
8.675112238450e-03
8.673409263508e-03
8.671708235795e-03
8.670010021717e-03
8.668312395116e-03
8.666613020239e-03
8.664912285269e-03
8.663214024239e-03
8.697805761869e-03
8.696117680643e-03
8.694438040948e-03
8.692760052327e-03
8.691074836975e-03
8.689374826929e-03
8.687655929407e-03
8.685917597859e-03
8.684161095914e-03
8.682387948852e-03
8.715987656160e-03
8.714176473745e-03
8.712351724398e-03
8.710515581356e-03
8.708670457509e-03
8.706818455721e-03
8.704960867760e-03
8.703098708679e-03
8.701233295767e-03
8.699366710630e-03
8.730441790931e-03
8.728575217617e-03
8.726719058188e-03
8.724880188311e-03
8.723067789219e-03
8.721292759844e-03
8.719565626166e-03
8.717894021629e-03
8.716281247700e-03
8.714727008453e-03
8.740929540750e-03
8.739484435125e-03
8.738100774849e-03
8.736783663892e-03
8.735536902975e-03
8.734360830545e-03
8.733252728291e-03
8.732209574987e-03
8.731231059755e-03
8.730320433585e-03
8.750853308413e-03
8.750082066285e-03
8.749376022763e-03
8.748720933113e-03
8.748099672914e-03
8.747497903983e-03
8.746907538523e-03
8.746325873119e-03
8.745751103390e-03
8.745177683863e-03
8.763658746261e-03
8.763049195579e-03
8.762407248241e-03
8.761728722959e-03
8.761014230856e-03
8.760264118905e-03
8.759473029272e-03
8.758628274904e-03
8.757713264060e-03
8.756714542642e-03
8.779695527892e-03
8.778519858765e-03
8.777270989810e-03
8.775957475507e-03
8.774581773253e-03
8.773140739606e-03
8.771630469596e-03
8.770051681779e-03
8.768411338224e-03
8.766719506866e-03
8.795705718342e-03
8.793919228310e-03
8.792081490697e-03
8.790183697556e-03
8.788221788166e-03
8.786200059603e-03
8.784129477817e-03
8.782021701393e-03
8.779882557405e-03
8.777709186177e-03
8.810943049298e-03
8.808664029516e-03
8.806323582121e-03
8.803920284322e-03
8.801455516732e-03
8.798928781232e-03
8.796334462716e-03
8.793662250127e-03
8.790901012333e-03
8.788043878496e-03
8.827474386635e-03
8.824422709949e-03
8.821290392405e-03
8.818083266874e-03
8.814801724611e-03
8.811441834496e-03
8.807999465773e-03
8.804475025727e-03
8.800876027522e-03
8.797216179801e-03
8.843335681320e-03
8.839587510693e-03
8.835817965519e-03
8.832033522935e-03
8.828241486810e-03
8.824453953025e-03
8.820689155300e-03
8.816968868587e-03
8.813313214432e-03
8.809735873115e-03
8.854324789979e-03
8.850905032602e-03
8.847572394700e-03
8.844333838624e-03
8.841202213887e-03
8.838192039320e-03
8.835313403893e-03
8.832567894217e-03
8.829949102790e-03
8.827447788690e-03
8.862594550692e-03
8.860308428723e-03
8.858138663641e-03
8.856087107347e-03
8.854147541456e-03
8.852304507570e-03
8.850538048932e-03
8.848831358648e-03
8.847176372797e-03
8.845573622921e-03
8.873394083935e-03
8.871894624463e-03
8.870439629334e-03
8.869012597017e-03
8.867597355163e-03
8.866184678311e-03
8.864774355573e-03
8.863370946244e-03
8.861976660910e-03
8.860586258436e-03
8.886219549652e-03
8.884794821540e-03
8.883344713354e-03
8.881874104134e-03
8.880394548839e-03
8.878916335163e-03
8.877441144875e-03
8.875960249895e-03
8.874459302490e-03
8.872926391973e-03
8.897735804226e-03
8.896130457458e-03
8.894501585587e-03
8.892852066424e-03
8.891176814473e-03
8.889465281356e-03
8.887707830354e-03
8.885901753501e-03
8.884052134476e-03
8.882167232628e-03
8.907562114643e-03
8.905603849144e-03
8.903597661345e-03
8.901529570153e-03
8.899391771251e-03
8.897186908541e-03
8.894926602920e-03
8.892625328201e-03
8.890293714046e-03
8.887935456130e-03
8.916452061897e-03
8.914028899198e-03
8.911581715950e-03
8.909121722638e-03
8.906663480957e-03
8.904219542160e-03
8.901796607233e-03
8.899395665253e-03
8.897016184619e-03
8.894661444458e-03
8.923042961214e-03
8.920766437484e-03
8.918559172628e-03
8.916433879506e-03
8.914394845647e-03
8.912438651066e-03
8.910558567436e-03
8.908750027956e-03
8.907013651594e-03
8.905354378498e-03
8.927951645660e-03
8.926449962644e-03
8.925024963844e-03
8.923665512953e-03
8.922360122142e-03
8.921101398585e-03
8.919887444506e-03
8.918719184294e-03
8.917595432706e-03
8.916508775087e-03
8.934105047388e-03
8.933040409204e-03
8.931967171122e-03
8.930877618809e-03
8.929770793145e-03
8.928648523067e-03
8.927510095930e-03
8.926349119861e-03
8.925154522217e-03
8.923915081539e-03
8.940757657456e-03
8.939409936147e-03
8.938016739990e-03
8.936583274703e-03
8.935110481048e-03
8.933594228495e-03
8.932028178378e-03
8.930408661513e-03
8.928737848237e-03
8.927023460387e-03
8.943718395528e-03
8.941937615077e-03
8.940132124280e-03
8.938300441798e-03
8.936441065202e-03
8.934556053759e-03
8.932651957252e-03
8.930737682135e-03
8.928820852475e-03
8.926905083570e-03
8.941563560541e-03
8.939642139353e-03
8.937719215226e-03
8.935798291986e-03
8.933885716147e-03
8.931987966776e-03
8.930108655534e-03
8.928247267988e-03
8.926400094765e-03
8.924562903758e-03
8.936943902597e-03
8.935116659416e-03
8.933298718375e-03
8.931491145347e-03
8.929692609513e-03
8.927899141554e-03
8.926105606349e-03
8.924307988025e-03
8.922505086275e-03
8.920698354189e-03
8.933681218593e-03
8.931866713510e-03
8.930048015657e-03
8.928218486176e-03
8.926370468089e-03
8.924498840770e-03
8.922603292547e-03
8.920688335934e-03
8.918760284757e-03
8.916823657785e-03
8.933777005041e-03
8.931814611572e-03
8.929836354355e-03
8.927841768525e-03
8.925835435150e-03
8.923824907470e-03
8.921816014549e-03
8.919808777136e-03
8.917796793014e-03
8.915771039767e-03
8.936565593103e-03
8.934497580242e-03
8.932421353222e-03
8.930347610885e-03
8.928281589760e-03
8.926219119303e-03
8.924148487381e-03
8.922056920824e-03
8.919937467056e-03
8.917791632314e-03
8.940717046357e-03
8.938529261400e-03
8.936321760018e-03
8.934082712358e-03
8.931798268804e-03
8.929460649995e-03
8.927072807410e-03
8.924646254286e-03
8.922193429726e-03
8.919719567302e-03
8.944804575947e-03
8.942260940955e-03
8.939671368523e-03
8.937036622228e-03
8.934368138057e-03
8.931682664524e-03
8.928994161124e-03
8.926308489833e-03
8.923624624913e-03
8.920941019028e-03
8.946687749358e-03
8.944020804790e-03
8.941391125177e-03
8.938814732687e-03
8.936299007473e-03
8.933842035503e-03
8.931437614820e-03
8.929082508644e-03
8.926780930381e-03
8.924543448131e-03
8.945766523766e-03
8.943680578398e-03
8.941674827099e-03
8.939741689915e-03
8.937872692229e-03
8.936062774296e-03
8.934310782820e-03
8.932616465245e-03
8.930976201043e-03
8.929380793631e-03
8.946041780177e-03
8.944491162424e-03
8.942949036168e-03
8.941411599096e-03
8.939879033790e-03
8.938351760605e-03
8.936827140474e-03
8.935298396068e-03
8.933756177612e-03
8.932191512315e-03
8.949280070794e-03
8.947650423124e-03
8.945988578716e-03
8.944294251023e-03
8.942566223141e-03
8.940802256461e-03
8.939000492433e-03
8.937161060146e-03
8.935287153406e-03
8.933384377997e-03
8.951957382919e-03
8.950006505245e-03
8.948034641207e-03
8.946036184057e-03
8.944003544514e-03
8.941930720312e-03
8.939816116538e-03
8.937662859012e-03
8.935476397710e-03
8.933260716503e-03
8.952344988074e-03
8.950060975906e-03
8.947738220911e-03
8.945374424059e-03
8.942972049567e-03
8.940536632110e-03
8.938072408114e-03
8.935578339560e-03
8.933047547259e-03
8.930471108499e-03
8.951743198736e-03
8.949065811976e-03
8.946355963417e-03
8.943630701367e-03
8.940903679047e-03
8.938180509858e-03
8.935459568875e-03
8.932737591408e-03
8.930016220347e-03
8.927304769372e-03
8.949527571531e-03
8.946873168952e-03
8.944261918884e-03
8.941691811231e-03
8.939157574730e-03
8.936657699394e-03
8.934198904910e-03
8.931794843022e-03
8.929459696105e-03
8.927200471874e-03
8.945479847398e-03
8.943347473689e-03
8.941258384027e-03
8.939201661349e-03
8.937173948198e-03
8.935176978468e-03
8.933211939052e-03
8.931274583972e-03
8.929354170732e-03
8.927436910028e-03
8.942584379497e-03
8.940639792911e-03
8.938678674212e-03
8.936700671029e-03
8.934702025783e-03
8.932673342997e-03
8.930601113150e-03
8.928471989861e-03
8.926277451621e-03
8.924016182732e-03
8.940772584481e-03
8.938391695665e-03
8.935963395345e-03
8.933490325546e-03
8.930971244524e-03
8.928403393099e-03
8.925785400891e-03
8.923119387987e-03
8.920411016049e-03
8.917667465312e-03
8.936754432852e-03
8.933952427583e-03
8.931127614062e-03
8.928282797569e-03
8.925424122026e-03
8.922561947259e-03
8.919708928431e-03
8.916876102830e-03
8.914069162984e-03
8.911287303135e-03
8.929986070257e-03
8.927236158627e-03
8.924503844923e-03
8.921796213031e-03
8.919123507326e-03
8.916494535924e-03
8.913913413608e-03
8.911380112352e-03
8.908893969704e-03
8.906457601597e-03
8.922697087826e-03
8.920377857123e-03
8.918128395919e-03
8.915946124944e-03
8.913822466582e-03
8.911748208050e-03
8.909719900657e-03
8.907742571353e-03
8.905826981163e-03
8.903982837865e-03
8.916301040131e-03
8.914595144972e-03
8.912948408749e-03
8.911354464715e-03
8.909814110154e-03
8.908333460056e-03
8.906917283184e-03
8.905562405175e-03
8.904256229300e-03
8.902982093900e-03
8.912386546456e-03
8.911147876859e-03
8.909938130557e-03
8.908769713003e-03
8.907648333889e-03
8.906568095085e-03
8.905514422736e-03
8.904472803920e-03
8.903437322203e-03
8.902412883970e-03
8.910448924894e-03
8.909469730725e-03
8.908513842414e-03
8.907567646645e-03
8.906616269428e-03
8.905653299337e-03
8.904685328162e-03
8.903728094083e-03
8.902796752750e-03
8.901896577356e-03
8.907835665184e-03
8.906964366759e-03
8.906088016943e-03
8.905202298479e-03
8.904312546065e-03
8.903427743007e-03
8.902552300242e-03
8.901681535690e-03
8.900803767460e-03
8.899907446050e-03
8.904601900781e-03
8.903662020032e-03
8.902715653051e-03
8.901771601700e-03
8.900830219886e-03
8.899882123103e-03
8.898912848224e-03
8.897909972632e-03
8.896868751208e-03
8.895792782141e-03
8.901922802352e-03
8.900797053627e-03
8.899655139601e-03
8.898495551477e-03
8.897315687307e-03
8.896115602568e-03
8.894899779136e-03
8.893675521108e-03
8.892449028338e-03
8.891221774093e-03
8.899480548848e-03
8.898230169621e-03
8.896960055210e-03
8.895668515152e-03
8.894360506304e-03
8.893045302329e-03
8.891732009602e-03
8.890425014386e-03
8.889122231380e-03
8.887816643835e-03
8.897394664643e-03
8.896057131892e-03
8.894701927886e-03
8.893328956560e-03
8.891936280747e-03
8.890518156761e-03
8.889066229813e-03
8.887573683126e-03
8.886039495678e-03
8.884469745965e-03
8.896599520597e-03
8.894982883930e-03
8.893352332393e-03
8.891702730693e-03
8.890025390315e-03
8.888314323087e-03
8.886570917525e-03
8.884803807121e-03
8.883024349359e-03
8.881240865435e-03
8.895221485659e-03
8.893428086708e-03
8.891633043106e-03
8.889843870350e-03
8.888074612798e-03
8.886340636934e-03
8.884651110407e-03
8.883004594054e-03
8.881390524550e-03
8.879796279928e-03
8.892016742891e-03
8.890445110126e-03
8.888897182885e-03
8.887380579949e-03
8.885895261585e-03
8.884431981187e-03
8.882976861059e-03
8.881518571684e-03
8.880053153234e-03
8.878583193905e-03
8.889458076283e-03
8.887977263100e-03
8.886478899456e-03
8.884944474119e-03
8.883357216973e-03
8.881709234856e-03
8.880003552520e-03
8.878250331804e-03
8.876459719033e-03
8.874635946199e-03
8.888126656359e-03
8.886221420084e-03
8.884272526075e-03
8.882284481558e-03
8.880268019368e-03
8.878235880616e-03
8.876197599761e-03
8.874156979289e-03
8.872113629764e-03
8.870067422322e-03
8.884192922039e-03
8.882156793675e-03
8.880149503170e-03
8.878186266372e-03
8.876276873195e-03
8.874423169061e-03
8.872620227919e-03
8.870860271657e-03
8.869137153283e-03
8.867448754415e-03
8.878147195844e-03
8.876527052337e-03
8.874941703141e-03
8.873383550792e-03
8.871841332336e-03
8.870303980359e-03
8.868764370561e-03
8.867220338630e-03
8.865671867909e-03
8.864116391123e-03
8.876028137195e-03
8.874419365725e-03
8.872760511679e-03
8.871037651204e-03
8.869245745586e-03
8.867388618796e-03
8.865474285471e-03
8.863508755894e-03
8.861492291544e-03
8.859420796796e-03
8.878495287433e-03
8.876302721546e-03
8.874062839652e-03
8.871787420617e-03
8.869484924219e-03
8.867156618805e-03
8.864798138632e-03
8.862405992659e-03
8.859984497803e-03
8.857548294657e-03
8.879354796534e-03
8.876942887241e-03
8.874566491954e-03
8.872225687753e-03
8.869915500497e-03
8.867633477337e-03
8.865384108788e-03
8.863177007981e-03
8.861020289885e-03
8.858914310224e-03
8.874923069982e-03
8.872884467394e-03
8.870872073771e-03
8.868891247744e-03
8.866955879057e-03
8.865079831935e-03
8.863267676361e-03
8.861510878717e-03
8.859792082262e-03
8.858094581399e-03
8.866999131214e-03
8.865324621468e-03
8.863672742734e-03
8.862046467073e-03
8.860440002763e-03
8.858841183212e-03
8.857239294969e-03
8.855632536552e-03
8.854029621318e-03
8.852443973751e-03
8.857555320560e-03
8.856013606419e-03
8.854481979711e-03
8.852943662873e-03
8.851387646018e-03
8.849813930112e-03
8.848231637160e-03
8.846651966167e-03
8.845081199183e-03
8.843518342587e-03
8.848902138027e-03
8.847337234329e-03
8.845775978102e-03
8.844227439226e-03
8.842701478216e-03
8.841203213251e-03
8.839730744000e-03
8.838277429902e-03
8.836837140109e-03
8.835408601840e-03
8.842132578025e-03
8.840741274355e-03
8.839383620000e-03
8.838065015198e-03
8.836787331063e-03
8.835550521781e-03
8.834354344117e-03
8.833198986622e-03
8.832084469589e-03
8.831009562812e-03
8.836704059320e-03
8.835695344430e-03
8.834716225635e-03
8.833763626569e-03
8.832834835005e-03
8.831926980577e-03
8.831036972651e-03
8.830161917615e-03
8.829299855563e-03
8.828449516216e-03
8.832720411817e-03
8.831882978996e-03
8.831045856539e-03
8.830200750538e-03
8.829339458373e-03
8.828456289223e-03
8.827549222701e-03
8.826619115951e-03
8.825667831729e-03
8.824696364286e-03
8.829271315562e-03
8.828253800573e-03
8.827215519773e-03
8.826158808347e-03
8.825087189109e-03
8.824003738141e-03
8.822909693606e-03
8.821804252875e-03
8.820685926196e-03
8.819554298725e-03
8.824215064578e-03
8.823060359362e-03
8.821904273020e-03
8.820752699478e-03
8.819610806768e-03
8.818482447907e-03
8.817369878557e-03
8.816273457512e-03
8.815191403812e-03
8.814120254726e-03
8.817702240322e-03
8.816636911774e-03
8.815573685581e-03
8.814513122957e-03
8.813456719793e-03
8.812405526385e-03
8.811359462413e-03
8.810317698249e-03
8.809279770787e-03
8.808246136027e-03
8.812284134535e-03
8.811255512398e-03
8.810228310836e-03
8.809196437880e-03
8.808152922768e-03
8.807092779023e-03
8.806015431389e-03
8.804924777905e-03
8.803827198847e-03
8.802728514524e-03
8.807911131953e-03
8.806810020985e-03
8.805708529849e-03
8.804604669535e-03
8.803497347287e-03
8.802385809190e-03
8.801268567993e-03
8.800142801363e-03
8.799004903892e-03
8.797851952068e-03
8.803090885635e-03
8.801899769708e-03
8.800695052059e-03
8.799477895138e-03
8.798248085895e-03
8.797004167434e-03
8.795743862436e-03
8.794464397738e-03
8.793162130814e-03
8.791832216332e-03
8.798705045479e-03
8.797296573391e-03
8.795847590761e-03
8.794359293631e-03
8.792835456291e-03
8.791279942386e-03
8.789694136965e-03
8.788076313635e-03
8.786423278082e-03
8.784733421692e-03
8.796548233875e-03
8.794787043598e-03
8.793001891661e-03
8.791194910941e-03
8.789363600840e-03
8.787502945438e-03
8.785609760253e-03
8.783686264678e-03
8.781740442430e-03
8.779782574322e-03
8.795978888259e-03
8.794006649453e-03
8.792028018490e-03
8.790038298628e-03
8.788036470833e-03
8.786027289034e-03
8.784019262805e-03
8.782020058675e-03
8.780032799791e-03
8.778055579398e-03
8.795960320299e-03
8.793988755087e-03
8.792029180199e-03
8.790092243942e-03
8.788189275890e-03
8.786327660118e-03
8.784508946917e-03
8.782730681048e-03
8.780990625837e-03
8.779290524956e-03
8.796052678065e-03
8.794448043261e-03
8.792907166878e-03
8.791434617081e-03
8.790031444789e-03
8.788697359080e-03
8.787433036616e-03
8.786240945199e-03
8.785123926657e-03
8.784082803174e-03
8.796461182783e-03
8.795553160155e-03
8.794702415912e-03
8.793901073773e-03
8.793144117476e-03
8.792429521634e-03
8.791756737367e-03
8.791124540096e-03
8.790529098121e-03
8.789963313689e-03
8.798727871977e-03
8.798185623505e-03
8.797641534500e-03
8.797086019968e-03
8.796510841876e-03
8.795908736147e-03
8.795273145211e-03
8.794598476243e-03
8.793881008160e-03
8.793120180997e-03
8.802348857387e-03
8.801505593283e-03
8.800631292559e-03
8.799727085773e-03
8.798789134005e-03
8.797809617420e-03
8.796780091416e-03
8.795695549111e-03
8.794556688031e-03
8.793369111913e-03
8.804546212275e-03
8.803273495744e-03
8.801966267640e-03
8.800623977265e-03
8.799246760191e-03
8.797837572786e-03
8.796401035397e-03
8.794939653626e-03
8.793449697919e-03
8.791920014744e-03
8.805635859801e-03
8.803975386911e-03
8.802242185652e-03
8.800440674634e-03
8.798580675091e-03
8.796670576601e-03
8.794711981466e-03
8.792699257469e-03
8.790623839730e-03
8.788480316412e-03
8.807056221883e-03
8.804777349781e-03
8.802444684534e-03
8.800060101919e-03
8.797619977088e-03
8.795119434808e-03
8.792558881396e-03
8.789948319077e-03
8.787306477075e-03
8.784654717601e-03
8.805116720112e-03
8.802478566395e-03
8.799854605058e-03
8.797242513594e-03
8.794644000659e-03
8.792067428487e-03
8.789525663190e-03
8.787030985559e-03
8.784590753919e-03
8.782206806416e-03
8.798383160411e-03
8.796106108548e-03
8.793892534072e-03
8.791751990884e-03
8.789693201152e-03
8.787719602537e-03
8.785827516249e-03
8.784008180555e-03
8.782252120625e-03
8.780553585439e-03
8.791643056497e-03
8.790057969350e-03
8.788538916860e-03
8.787088688678e-03
8.785707147467e-03
8.784392243740e-03
8.783142473533e-03
8.781958601332e-03
8.780843617672e-03
8.779801124376e-03
8.786735910803e-03
8.785836540028e-03
8.785006772200e-03
8.784243095988e-03
8.783544867754e-03
8.782915920392e-03
8.782363639853e-03
8.781896001722e-03
8.781517992190e-03
8.781229305953e-03
8.781092573543e-03
8.780960776335e-03
8.780899158751e-03
8.780903118975e-03
8.780968850886e-03
8.781090400078e-03
8.781257554347e-03
8.781456284794e-03
8.781672290240e-03
8.781895038169e-03
8.775522009159e-03
8.775743551439e-03
8.775964383346e-03
8.776176252070e-03
8.776363116056e-03
8.776504627917e-03
8.776582382950e-03
8.776585154578e-03
8.776509494169e-03
8.776355373413e-03
8.771033594826e-03
8.770704723418e-03
8.770276069413e-03
8.769739767502e-03
8.769096986896e-03
8.768358558484e-03
8.767539353869e-03
8.766649762322e-03
8.765689780773e-03
8.764650163187e-03
8.764137589822e-03
8.762908403298e-03
8.761593689314e-03
8.760210640332e-03
8.758776280445e-03
8.757299217223e-03
8.755777497868e-03
8.754204122681e-03
8.752575865572e-03
8.750899234940e-03
8.752812790760e-03
8.751078050011e-03
8.749328757347e-03
8.747556996582e-03
8.745746817226e-03
8.743884266892e-03
8.741965979198e-03
8.740000645673e-03
8.738002427322e-03
8.735981156519e-03
8.739646193760e-03
8.737561329838e-03
8.735429995738e-03
8.733247186058e-03
8.731018511639e-03
8.728756373273e-03
8.726471796138e-03
8.724167872970e-03
8.721839337625e-03
8.719478612875e-03
8.726702373792e-03
8.724275540317e-03
8.721839228656e-03
8.719410349897e-03
8.716999303545e-03
8.714607517561e-03
8.712231182244e-03
8.709868056087e-03
8.707522694408e-03
8.705206575542e-03
8.712715580145e-03
8.710488512463e-03
8.708316506898e-03
8.706196598382e-03
8.704125399788e-03
8.702103623648e-03
8.700137152744e-03
8.698233675318e-03
8.696397756921e-03
8.694627452144e-03
8.698260516837e-03
8.696591120611e-03
8.694964275662e-03
8.693379475403e-03
8.691840432959e-03
8.690351020959e-03
8.688911276693e-03
8.687516180999e-03
8.686157778357e-03
8.684829043943e-03
8.683969659785e-03
8.682690092996e-03
8.681441551460e-03
8.680224889815e-03
8.679036494925e-03
8.677868960490e-03
8.676714627484e-03
8.675569591219e-03
8.674435749469e-03
8.673319697607e-03
8.667812653641e-03
8.666743714684e-03
8.665700415179e-03
8.664676172032e-03
8.663664505207e-03
8.662663133293e-03
8.661674959740e-03
8.660705492446e-03
8.659758061242e-03
8.658830138529e-03
8.650334234176e-03
8.649413300532e-03
8.648488146548e-03
8.647560269651e-03
8.646636999117e-03
8.645726187297e-03
8.644830225649e-03
8.643943538175e-03
8.643055053028e-03
8.642154208474e-03
8.635696144836e-03
8.634757861159e-03
8.633809846970e-03
8.632854431539e-03
8.631887233719e-03
8.630898426077e-03
8.629878235411e-03
8.628822944388e-03
8.627737012262e-03
8.626629903745e-03
8.625025453568e-03
8.623887771307e-03
8.622731307867e-03
8.621546600409e-03
8.620327546225e-03
8.619075120578e-03
8.617796134047e-03
8.616498269930e-03
8.615185288761e-03
8.613855881265e-03
8.615425262519e-03
8.614051863788e-03
8.612665358271e-03
8.611276717090e-03
8.609896960877e-03
8.608532343032e-03
8.607183302900e-03
8.605847466697e-03
8.604524464829e-03
8.603218909172e-03
8.603734812880e-03
8.602485637255e-03
8.601276731156e-03
8.600108736971e-03
8.598980434385e-03
8.597892599084e-03
8.596849834703e-03
8.595858877470e-03
8.594924344379e-03
8.594045490327e-03
8.589877645647e-03
8.589085697508e-03
8.588330066118e-03
8.587609704477e-03
8.586926043108e-03
8.586278838436e-03
8.585662952953e-03
8.585068716116e-03
8.584485483766e-03
8.583905949536e-03
8.576753131308e-03
8.576171967263e-03
8.575591316969e-03
8.575005828789e-03
8.574406585410e-03
8.573784878877e-03
8.573136405118e-03
8.572462587381e-03
8.571768147590e-03
8.571056928872e-03
8.564514816726e-03
8.563762691097e-03
8.562989303698e-03
8.562197216975e-03
8.561393997809e-03
8.560589328681e-03
8.559790600430e-03
8.559000525281e-03
8.558218377516e-03
8.557443947780e-03
8.550816418392e-03
8.550067178987e-03
8.549345552183e-03
8.548656232335e-03
8.547998000324e-03
8.547365831191e-03
8.546755197756e-03
8.546165450014e-03
8.545599352487e-03
8.545058959839e-03
8.535721511464e-03
8.535208985791e-03
8.534692861190e-03
8.534159527812e-03
8.533601295881e-03
8.533016562126e-03
8.532405607809e-03
8.531765237990e-03
8.531086212258e-03
8.530355511596e-03
8.522137218336e-03
8.521268881566e-03
8.520332249702e-03
8.519330146896e-03
8.518262604014e-03
8.517124367756e-03
8.515907089020e-03
8.514604726770e-03
8.513218237567e-03
8.511756369330e-03
8.507952456966e-03
8.506372462421e-03
8.504748752159e-03
8.503083707069e-03
8.501378381425e-03
8.499635929297e-03
8.497862545369e-03
8.496065586655e-03
8.494250681792e-03
8.492420311939e-03
8.489312040126e-03
8.487448186372e-03
8.485573589667e-03
8.483693129449e-03
8.481811040156e-03
8.479928453028e-03
8.478043094442e-03
8.476150867580e-03
8.474247880656e-03
8.472331139444e-03
8.468509673207e-03
8.466548654781e-03
8.464556565229e-03
8.462525174195e-03
8.460449992015e-03
8.458332453131e-03
8.456178779852e-03
8.453995468130e-03
8.451784598606e-03
8.449542392100e-03
8.448295298479e-03
8.445969542606e-03
8.443606415199e-03
8.441216779261e-03
8.438813513692e-03
8.436405484588e-03
8.433994973814e-03
8.431580602917e-03
8.429163758706e-03
8.426753740480e-03
8.426790679550e-03
8.424442081036e-03
8.422147600243e-03
8.419908636597e-03
8.417718367411e-03
8.415569221484e-03
8.413460357986e-03
8.411399886370e-03
8.409400248013e-03
8.407470253189e-03
8.403443083068e-03
8.401638058785e-03
8.399880745685e-03
8.398163964557e-03
8.396488426399e-03
8.394859559019e-03
8.393280205496e-03
8.391744922335e-03
8.390240017093e-03
8.388749486244e-03
8.381423361072e-03
8.379936680001e-03
8.378461347320e-03
8.377006084061e-03
8.375574034972e-03
8.374160760809e-03
8.372758138307e-03
8.371361186732e-03
8.369972688229e-03
8.368602390988e-03
8.359089078454e-03
8.357779354924e-03
8.356503676112e-03
8.355256516836e-03
8.354034540275e-03
8.352842065278e-03
8.351691281916e-03
8.350597219362e-03
8.349570565088e-03
8.348612979830e-03
8.334162880317e-03
8.333316407914e-03
8.332516960138e-03
8.331764878392e-03
8.331064480160e-03
8.330418270134e-03
8.329821691063e-03
8.329262179245e-03
8.328723257023e-03
8.328191298915e-03
8.310283660308e-03
8.309750989156e-03
8.309225684400e-03
8.308707308004e-03
8.308185989847e-03
8.307643330568e-03
8.307058679691e-03
8.306417079666e-03
8.305713899347e-03
8.304953523862e-03
8.289695289875e-03
8.288831225741e-03
8.287912480796e-03
8.286927736890e-03
8.285868289761e-03
8.284735342670e-03
8.283541543562e-03
8.282305449086e-03
8.281041853422e-03
8.279754275236e-03
8.269080944558e-03
8.267712725228e-03
8.266295591739e-03
8.264838823663e-03
8.263364327547e-03
8.261897136038e-03
8.260453838659e-03
8.259036642698e-03
8.257636818598e-03
8.256245345137e-03
8.246036001765e-03
8.244673188017e-03
8.243353859598e-03
8.242092149430e-03
8.240887211286e-03
8.239723830684e-03
8.238582378397e-03
8.237451839250e-03
8.236336911466e-03
8.235254314627e-03
8.221345716606e-03
8.220360593782e-03
8.219414748908e-03
8.218484219071e-03
8.217547413210e-03
8.216595710792e-03
8.215634584531e-03
8.214674874466e-03
8.213720612503e-03
8.212762082110e-03
8.197687094196e-03
8.196655206007e-03
8.195569591578e-03
8.194436127894e-03
8.193268936679e-03
8.192078713762e-03
8.190863825916e-03
8.189610348211e-03
8.188300829829e-03
8.186925653774e-03
8.176625495651e-03
8.175139191337e-03
8.173623877610e-03
8.172088830634e-03
8.170532772851e-03
8.168949110143e-03
8.167334881250e-03
8.165697070638e-03
8.164051829567e-03
8.162417279323e-03
8.155799359201e-03
8.154207342727e-03
8.152634693658e-03
8.151077408002e-03
8.149539050351e-03
8.148031839596e-03
8.146571807345e-03
8.145171254853e-03
8.143833809584e-03
8.142554954816e-03
8.133841362223e-03
8.132655186841e-03
8.131516789376e-03
8.130431329732e-03
8.129402860277e-03
8.128429915359e-03
8.127504742561e-03
8.126616324375e-03
8.125755299602e-03
8.124917271005e-03
8.112302915720e-03
8.111509224477e-03
8.110741152848e-03
8.109993605217e-03
8.109257200488e-03
8.108521440363e-03
8.107778452825e-03
8.107025261779e-03
8.106263284958e-03
8.105495823827e-03
8.091787742330e-03
8.091008164968e-03
8.090221282146e-03
8.089424012098e-03
8.088615952772e-03
8.087800692294e-03
8.086984701663e-03
8.086174415439e-03
8.085373296808e-03
8.084580486468e-03
8.070154167001e-03
8.069362358071e-03
8.068570370369e-03
8.067781441468e-03
8.067001008726e-03
8.066233343982e-03
8.065478693538e-03
8.064732846719e-03
8.063989261984e-03
8.063242244191e-03
8.047745372437e-03
8.046981899838e-03
8.046211003034e-03
8.045429070648e-03
8.044628878906e-03
8.043801414146e-03
8.042939073960e-03
8.042038063024e-03
8.041098421586e-03
8.040121936688e-03
8.027385622256e-03
8.026332543750e-03
8.025239456288e-03
8.024104797130e-03
8.022929371521e-03
8.021716150097e-03
8.020468392317e-03
8.019188069056e-03
8.017876051326e-03
8.016533951889e-03
8.008004856435e-03
8.006616799435e-03
8.005221535825e-03
8.003827708023e-03
8.002440346047e-03
8.001061231539e-03
7.999691568330e-03
7.998334628667e-03
7.996996340012e-03
7.995682772048e-03
7.986337209900e-03
7.985071727035e-03
7.983824060091e-03
7.982588179686e-03
7.981363040130e-03
7.980153360336e-03
7.978966090093e-03
7.977804613915e-03
7.976664860792e-03
7.975535969933e-03
7.964487384641e-03
7.963343221888e-03
7.962187696364e-03
7.961024062126e-03
7.959854564831e-03
7.958675860834e-03
7.957479022537e-03
7.956254335568e-03
7.954997532579e-03
7.953712862104e-03
7.945561159204e-03
7.944248312128e-03
7.942931387618e-03
7.941605796816e-03
7.940262975922e-03
7.938897121846e-03
7.937509853264e-03
7.936109595846e-03
7.934706573280e-03
7.933306830182e-03
7.927843984589e-03
7.926442150449e-03
7.925036008089e-03
7.923628444814e-03
7.922227580707e-03
7.920842063015e-03
7.919475487370e-03
7.918124060438e-03
7.916779054256e-03
7.915432389893e-03
7.909747184442e-03
7.908391774777e-03
7.907041597434e-03
7.905700226445e-03
7.904366026253e-03
7.903033728610e-03
7.901698864032e-03
7.900361876978e-03
7.899028692407e-03
7.897707317909e-03
7.890774458986e-03
7.889482961048e-03
7.888203268578e-03
7.886930452230e-03
7.885664176001e-03
7.884410425675e-03
7.883179185853e-03
7.881979703257e-03
7.880816624606e-03
7.879689448714e-03
7.870530926198e-03
7.869465110957e-03
7.868434826776e-03
7.867446778789e-03
7.866507210792e-03
7.865617639197e-03
7.864773050756e-03
7.863963517423e-03
7.863178474679e-03
7.862411115013e-03
7.850253976358e-03
7.849518132673e-03
7.848803734134e-03
7.848108905591e-03
7.847425814703e-03
7.846742381616e-03
7.846046522957e-03
7.845330122507e-03
7.844590534546e-03
7.843828561477e-03
7.832293072397e-03
7.831477538275e-03
7.830624772396e-03
7.829723115037e-03
7.828764982548e-03
7.827751119578e-03
7.826690809338e-03
7.825596911005e-03
7.824478883094e-03
7.823337843831e-03
7.816511153067e-03
7.815297404591e-03
7.814040469839e-03
7.812745629906e-03
7.811425815817e-03
7.810094844672e-03
7.808760211788e-03
7.807420211861e-03
7.806067617480e-03
7.804697396296e-03
7.801950156306e-03
7.800560023384e-03
7.799183191651e-03
7.797828501907e-03
7.796493035130e-03
7.795163913784e-03
7.793826176794e-03
7.792472113636e-03
7.791105438514e-03
7.789737979863e-03
7.788920263863e-03
7.787572664768e-03
7.786231938212e-03
7.784886378602e-03
7.783527706010e-03
7.782156784401e-03
7.780782613224e-03
7.779415747393e-03
7.778060886267e-03
7.776713818714e-03
7.777693761739e-03
7.776330988747e-03
7.774959606138e-03
7.773589154851e-03
7.772232937668e-03
7.770900628771e-03
7.769593844955e-03
7.768307185131e-03
7.767033671371e-03
7.765770445133e-03
7.767699762383e-03
7.766466691237e-03
7.765259605435e-03
7.764078575917e-03
7.762918525657e-03
7.761772950289e-03
7.760637979686e-03
7.759514218264e-03
7.758404695153e-03
7.757311017599e-03
7.758988647140e-03
7.757909290547e-03
7.756826885384e-03
7.755734921204e-03
7.754631204421e-03
7.753517151741e-03
7.752395094599e-03
7.751265815671e-03
7.750127640975e-03
7.748977813264e-03
7.750976532293e-03
7.749794796439e-03
7.748602750269e-03
7.747403762437e-03
7.746200121517e-03
7.744992415155e-03
7.743780059741e-03
7.742562815167e-03
7.741342221550e-03
7.740122404755e-03
7.740531117179e-03
7.739326591320e-03
7.738141736979e-03
7.736979476817e-03
7.735839358872e-03
7.734718620441e-03
7.733614088977e-03
7.732524246364e-03
7.731449979190e-03
7.730393377585e-03
7.726644951163e-03
7.725617858000e-03
7.724600226368e-03
7.723584681855e-03
7.722566621851e-03
7.721546640425e-03
7.720529665676e-03
7.719520627290e-03
7.718519512423e-03
7.717519066375e-03
7.710693670845e-03
7.709654751125e-03
7.708588228581e-03
7.707497657634e-03
7.706391172633e-03
7.705274920681e-03
7.704148171172e-03
7.703003659287e-03
7.701833390570e-03
7.700635596336e-03
7.692393055720e-03
7.691165304891e-03
7.689943886760e-03
7.688731636449e-03
7.687520383854e-03
7.686296470467e-03
7.685049809595e-03
7.683780637763e-03
7.682499120051e-03
7.681218465279e-03
7.670633031580e-03
7.669361369835e-03
7.668085296359e-03
7.666795370483e-03
7.665490037141e-03
7.664176838944e-03
7.662866794647e-03
7.661565748265e-03
7.660268751579e-03
7.658961642790e-03
7.647707002945e-03
7.646335185939e-03
7.644932740845e-03
7.643511187780e-03
7.642082446296e-03
7.640651647534e-03
7.639215517884e-03
7.637766724372e-03
7.636300778870e-03
7.634820550777e-03
7.625649740305e-03
7.624163778587e-03
7.622687067851e-03
7.621216738983e-03
7.619745425359e-03
7.618267449402e-03
7.616783866752e-03
7.615303098419e-03
7.613837251142e-03
7.612396412640e-03
7.604884111913e-03
7.603494279806e-03
7.602127200528e-03
7.600779547204e-03
7.599451706426e-03
7.598147013312e-03
7.596869080658e-03
7.595618715925e-03
7.594392906071e-03
7.593185932706e-03
7.586436363738e-03
7.585247940426e-03
7.584071531539e-03
7.582911748045e-03
7.581773802599e-03
7.580660526287e-03
7.579570740290e-03
7.578499681927e-03
7.577441533329e-03
7.576392758892e-03
7.569231920968e-03
7.568203378241e-03
7.567195582283e-03
7.566211526864e-03
7.565249437732e-03
7.564304042774e-03
7.563370759954e-03
7.562449987006e-03
7.561548610795e-03
7.560677214826e-03
7.550568970771e-03
7.549771447202e-03
7.549007923672e-03
7.548268458777e-03
7.547545932653e-03
7.546840551015e-03
7.546159089941e-03
7.545509365741e-03
7.544893441889e-03
7.544304615806e-03
7.531061435486e-03
7.530485889163e-03
7.529910839821e-03
7.529342131591e-03
7.528789288983e-03
7.528257208776e-03
7.527740677290e-03
7.527225509989e-03
7.526695700108e-03
7.526141836877e-03
7.513476221902e-03
7.512879804835e-03
7.512276995783e-03
7.511668153541e-03
7.511044397404e-03
7.510392838981e-03
7.509704493543e-03
7.508979710792e-03
7.508227081132e-03
7.507456902488e-03
7.496810668158e-03
7.496004578400e-03
7.495170998311e-03
7.494301363351e-03
7.493394785286e-03
7.492459246009e-03
7.491507036491e-03
7.490547717964e-03
7.489583380448e-03
7.488609137226e-03
7.478790296148e-03
7.477773770916e-03
7.476741811956e-03
7.475704386991e-03
7.474672519322e-03
7.473653766397e-03
7.472650503644e-03
7.471661930879e-03
7.470687816692e-03
7.469731647973e-03
7.458278065883e-03
7.457376290233e-03
7.456515657793e-03
7.455698366755e-03
7.454921804879e-03
7.454181066976e-03
7.453472595216e-03
7.452796895791e-03
7.452159080344e-03
7.451566630664e-03
7.435652792367e-03
7.435159456691e-03
7.434712843292e-03
7.434302759975e-03
7.433918315144e-03
7.433551566976e-03
7.433198722254e-03
7.432857859271e-03
7.432524741034e-03
7.432189662666e-03
7.413017854901e-03
7.412631028785e-03
7.412203599813e-03
7.411734763139e-03
7.411229814807e-03
7.410693289557e-03
7.410121883538e-03
7.409502385769e-03
7.408816130635e-03
7.408048043715e-03
7.391491399176e-03
7.390556195162e-03
7.389556609382e-03
7.388502277649e-03
7.387393205590e-03
7.386221945978e-03
7.384982455392e-03
7.383679305008e-03
7.382330162784e-03
7.380959294721e-03
7.367239960161e-03
7.365865456620e-03
7.364484577579e-03
7.363084979943e-03
7.361663553525e-03
7.360233286079e-03
7.358819238959e-03
7.357445860521e-03
7.356124465844e-03
7.354849153558e-03
7.338105134806e-03
7.336875006786e-03
7.335664666755e-03
7.334488706363e-03
7.333363859175e-03
7.332295456422e-03
7.331271054568e-03
7.330265782912e-03
7.329256140679e-03
7.328232799296e-03
7.308268194834e-03
7.307246027381e-03
7.306244934398e-03
7.305259297880e-03
7.304268315238e-03
7.303247242021e-03
7.302181094985e-03
7.301071694428e-03
7.299933332490e-03
7.298780857525e-03
7.280113569323e-03
7.278928183041e-03
7.277708208619e-03
7.276444285139e-03
7.275141452794e-03
7.273818200588e-03
7.272497064776e-03
7.271193083852e-03
7.269907780938e-03
7.268632222690e-03
7.252026710262e-03
7.250746717659e-03
7.249476771790e-03
7.248235847612e-03
7.247041708581e-03
7.245903449473e-03
7.244819847756e-03
7.243784103480e-03
7.242791272631e-03
7.241843479619e-03
7.223079169989e-03
7.222247035941e-03
7.221484949184e-03
7.220789296866e-03
7.220148370095e-03
7.219547806301e-03
7.218977274022e-03
7.218434721665e-03
7.217925589259e-03
7.217457738989e-03
7.195504356162e-03
7.195118745983e-03
7.194760611128e-03
7.194414180049e-03
7.194067261196e-03
7.193715377412e-03
7.193360838869e-03
7.193007239493e-03
7.192652894162e-03
7.192287727094e-03
7.169862941964e-03
7.169428347936e-03
7.168949282971e-03
7.168432547019e-03
7.167890942810e-03
7.167333829159e-03
7.166759321194e-03
7.166153627054e-03
7.165498336633e-03
7.164781122810e-03
7.144055597962e-03
7.143225334858e-03
7.142361586432e-03
7.141471951002e-03
7.140551803900e-03
7.139589016901e-03
7.138574597207e-03
7.137511870553e-03
7.136417245192e-03
7.135311814579e-03
7.115864735283e-03
7.114759382830e-03
7.113641920625e-03
7.112498276229e-03
7.111325978713e-03
7.110138754570e-03
7.108960259927e-03
7.107811093363e-03
7.106698093139e-03
7.105613152817e-03
7.086044504604e-03
7.084975196108e-03
7.083918053127e-03
7.082889598223e-03
7.081905625625e-03
7.080970097434e-03
7.080071975622e-03
7.079192620495e-03
7.078318171352e-03
7.077448600057e-03
7.057192068089e-03
7.056369551947e-03
7.055586896854e-03
7.054835139229e-03
7.054094372336e-03
7.053345013560e-03
7.052578463060e-03
7.051799669682e-03
7.051020736242e-03
7.050250118368e-03
7.030214185647e-03
7.029440222652e-03
7.028647957895e-03
7.027833064512e-03
7.027003188796e-03
7.026173486167e-03
7.025357132591e-03
7.024557597504e-03
7.023767666226e-03
7.022975877135e-03
7.003891445379e-03
7.003083130485e-03
7.002284097439e-03
7.001510553323e-03
7.000773368475e-03
7.000074422194e-03
6.999409038258e-03
6.998772223540e-03
6.998164313245e-03
6.997592017569e-03
6.976262409580e-03
6.975781942913e-03
6.975350464927e-03
6.974959359411e-03
6.974597656608e-03
6.974258020932e-03
6.973940157593e-03
6.973649857287e-03
6.973394537056e-03
6.973178030023e-03
6.947306668053e-03
6.947150725011e-03
6.947014077014e-03
6.946891157213e-03
6.946782060822e-03
6.946691050814e-03
6.946622551595e-03
6.946577144845e-03
6.946550367161e-03
6.946535013640e-03
6.915880346924e-03
6.915874342042e-03
6.915883414081e-03
6.915918885340e-03
6.915989894367e-03
6.916098897989e-03
6.916241083843e-03
6.916408037057e-03
6.916593276628e-03
6.916795893517e-03
6.881334616480e-03
6.881579209733e-03
6.881848342971e-03
6.882133865588e-03
6.882422855881e-03
6.882703180054e-03
6.882968616537e-03
6.883219633153e-03
6.883459334915e-03
6.883687056074e-03
6.848080700820e-03
6.848245253707e-03
6.848353481814e-03
6.848390356936e-03
6.848348355902e-03
6.848225947124e-03
6.848022885265e-03
6.847735546387e-03
6.847356015328e-03
6.846875245344e-03
6.819161501483e-03
6.818465396179e-03
6.817672876252e-03
6.816793609573e-03
6.815834233748e-03
6.814796229946e-03
6.813678047138e-03
6.812479473410e-03
6.811205412930e-03
6.809866804815e-03
6.789124179136e-03
6.787695968683e-03
6.786245559965e-03
6.784783222656e-03
6.783318170847e-03
6.781860122373e-03
6.780419391077e-03
6.779005973215e-03
6.777628144391e-03
6.776291777442e-03
6.753529758441e-03
6.752281651131e-03
6.751083452741e-03
6.749937036602e-03
6.748844053959e-03
6.747806101544e-03
6.746825122661e-03
6.745903136050e-03
6.745041046941e-03
6.744236924476e-03
6.715114507983e-03
6.714400716930e-03
6.713719621814e-03
6.713064059056e-03
6.712431396011e-03
6.711822407283e-03
6.711237854631e-03
6.710675347051e-03
6.710128782174e-03
6.709591195772e-03
6.676597001729e-03
6.676067990725e-03
6.675552265506e-03
6.675055041171e-03
6.674576035266e-03
6.674108842958e-03
6.673644954503e-03
6.673180269502e-03
6.672719355265e-03
6.672274177049e-03
6.637272158912e-03
6.636887312311e-03
6.636536444375e-03
6.636212223441e-03
6.635909001147e-03
6.635628563060e-03
6.635380070406e-03
6.635173808149e-03
6.635013569053e-03
6.634892949137e-03
6.598296350717e-03
6.598213302254e-03
6.598144040026e-03
6.598097031997e-03
6.598084210680e-03
6.598111251719e-03
6.598171693554e-03
6.598249177841e-03
6.598326313451e-03
6.598394149933e-03
6.562325170819e-03
6.562383735513e-03
6.562450587410e-03
6.562520889076e-03
6.562579697516e-03
6.562610125286e-03
6.562603501152e-03
6.562564136857e-03
6.562505288059e-03
6.562439090089e-03
6.528203881373e-03
6.528109351905e-03
6.527981741158e-03
6.527809979957e-03
6.527595708349e-03
6.527352424087e-03
6.527096843456e-03
6.526838945831e-03
6.526577031138e-03
6.526301335668e-03
6.494843322457e-03
6.494517977558e-03
6.494183130883e-03
6.493856065049e-03
6.493549763661e-03
6.493266192081e-03
6.492996844997e-03
6.492729995045e-03
6.492459669460e-03
6.492190593576e-03
6.462301335489e-03
6.462070277166e-03
6.461874439083e-03
6.461709933149e-03
6.461565193092e-03
6.461428328862e-03
6.461293761333e-03
6.461164266511e-03
6.461047106541e-03
6.460947235155e-03
6.430359201374e-03
6.430271251588e-03
6.430170179499e-03
6.430043833802e-03
6.429888938044e-03
6.429711255862e-03
6.429520455299e-03
6.429322435110e-03
6.429114117282e-03
6.428883745002e-03
6.398164163670e-03
6.397846503319e-03
6.397484434103e-03
6.397088568235e-03
6.396672005167e-03
6.396242240328e-03
6.395796956269e-03
6.395327136090e-03
6.394825335406e-03
6.394294094491e-03
6.363983244341e-03
6.363439802612e-03
6.362922000392e-03
6.362435877918e-03
6.361974199365e-03
6.361524159104e-03
6.361078795123e-03
6.360644636743e-03
6.360240060246e-03
6.359885366237e-03
6.326586077023e-03
6.326341407430e-03
6.326136850248e-03
6.325958390107e-03
6.325804020378e-03
6.325685909019e-03
6.325622021052e-03
6.325622777240e-03
6.325681694477e-03
6.325776890719e-03
6.288382556590e-03
6.288476522855e-03
6.288566167996e-03
6.288665280863e-03
6.288787318340e-03
6.288932983693e-03
6.289086795903e-03
6.289225180353e-03
6.289330304071e-03
6.289400066180e-03
6.251368658241e-03
6.251405797741e-03
6.251445058695e-03
6.251477025785e-03
6.251479893081e-03
6.251432493457e-03
6.251327135601e-03
6.251173702708e-03
6.250992478726e-03
6.250800582507e-03
6.213874401226e-03
6.213651817859e-03
6.213392590666e-03
6.213086134721e-03
6.212736196744e-03
6.212358366554e-03
6.211969223273e-03
6.211574730571e-03
6.211165587899e-03
6.210722667447e-03
6.176029869096e-03
6.175477178715e-03
6.174879736761e-03
6.174256045199e-03
6.173620733705e-03
6.172975620871e-03
6.172309419753e-03
6.171605838801e-03
6.170854686161e-03
6.170058690373e-03
6.139075929582e-03
6.138230426700e-03
6.137378035135e-03
6.136514395280e-03
6.135626938146e-03
6.134704999852e-03
6.133749260016e-03
6.132774171704e-03
6.131801394247e-03
6.130848471287e-03
6.103096958384e-03
6.102178785056e-03
6.101259373111e-03
6.100328648472e-03
6.099389668975e-03
6.098457135465e-03
6.097547832439e-03
6.096669385272e-03
6.095815095819e-03
6.094968289801e-03
6.069729707349e-03
6.068858844628e-03
6.067985550544e-03
6.067124855292e-03
6.066284759470e-03
6.065457877639e-03
6.064623196096e-03
6.063757716163e-03
6.062849997363e-03
6.061906674233e-03
6.039736954051e-03
6.038775736840e-03
6.037823649535e-03
6.036871052743e-03
6.035901388884e-03
6.034905523677e-03
6.033891412301e-03
6.032882006423e-03
6.031902811742e-03
6.030967915251e-03
6.008351533126e-03
6.007481750942e-03
6.006634624612e-03
6.005821716201e-03
6.005072898461e-03
6.004423787886e-03
6.003898680319e-03
6.003500441921e-03
6.003214451596e-03
6.003023585038e-03
5.972014573445e-03
5.972014059978e-03
5.972142025314e-03
5.972414850362e-03
5.972829607856e-03
5.973364942406e-03
5.973994292617e-03
5.974702187302e-03
5.975491799006e-03
5.976378130413e-03
5.933350128942e-03
5.934435270717e-03
5.935587640067e-03
5.936766613047e-03
5.937939677608e-03
5.939094347411e-03
5.940236614322e-03
5.941377071395e-03
5.942515190043e-03
5.943632699882e-03
5.897143233994e-03
5.898130529488e-03
5.899035040215e-03
5.899866587129e-03
5.900641940684e-03
5.901369889330e-03
5.902042773414e-03
5.902640377542e-03
5.903143449018e-03
5.903547318439e-03
5.862031039783e-03
5.862286455624e-03
5.862505822165e-03
5.862698684780e-03
5.862859808076e-03
5.862978252253e-03
5.863049271852e-03
5.863080889185e-03
5.863090787273e-03
5.863096223493e-03
5.825156297988e-03
5.825156319361e-03
5.825139751437e-03
5.825096732508e-03
5.825027882054e-03
5.824943990490e-03
5.824858502876e-03
5.824778048350e-03
5.824697279991e-03
5.824601267648e-03
5.789862330346e-03
5.789687174797e-03
5.789468215767e-03
5.789210476394e-03
5.788918292865e-03
5.788589619726e-03
5.788215207815e-03
5.787783281676e-03
5.787286202576e-03
5.786724862958e-03
5.757248574696e-03
5.756581871196e-03
5.755876706644e-03
5.755131541889e-03
5.754338743543e-03
5.753490714710e-03
5.752586551068e-03
5.751634990531e-03
5.750651749793e-03
5.749652875977e-03
5.723708278765e-03
5.722694476731e-03
5.721674994390e-03
5.720650511421e-03
5.719629952182e-03
5.718630435695e-03
5.717671241484e-03
5.716765654483e-03
5.715916102417e-03
5.715116186707e-03
5.687511477674e-03
5.686791286337e-03
5.686128308696e-03
5.685543784125e-03
5.685056855441e-03
5.684675671603e-03
5.684395499713e-03
5.684205415491e-03
5.684098870802e-03
5.684081000425e-03
5.649114931316e-03
5.649314111963e-03
5.649639507681e-03
5.650082240550e-03
5.650623628298e-03
5.651247177354e-03
5.651949211938e-03
5.652740761491e-03
5.653639053946e-03
5.654654372393e-03
5.608883400726e-03
5.610093281859e-03
5.611370348845e-03
5.612699891458e-03
5.614082035208e-03
5.615526572456e-03
5.617040850495e-03
5.618619043844e-03
5.620240743383e-03
5.621879821661e-03
5.569164355904e-03
5.570788250623e-03
5.572416561790e-03
5.574060836409e-03
5.575722606409e-03
5.577388612892e-03
5.579036420897e-03
5.580646237888e-03
5.582210634373e-03
5.583735627397e-03
5.530444858778e-03
5.531912490483e-03
5.533353545275e-03
5.534753954976e-03
5.536099876906e-03
5.537386894446e-03
5.538622715164e-03
5.539821951459e-03
5.540996732918e-03
5.542149851522e-03
5.491308002377e-03
5.492388269204e-03
5.493426234239e-03
5.494426051882e-03
5.495398303083e-03
5.496353396666e-03
5.497295872544e-03
5.498223230177e-03
5.499129767315e-03
5.500012315849e-03
5.451614340529e-03
5.452456855778e-03
5.453295490668e-03
5.454135551588e-03
5.454976777571e-03
5.455815074924e-03
5.456646303401e-03
5.457469262410e-03
5.458286264684e-03
5.459101253621e-03
5.411741200987e-03
5.412552522785e-03
5.413363548712e-03
5.414172194548e-03
5.414977802161e-03
5.415781501142e-03
5.416585671298e-03
5.417392340632e-03
5.418201906991e-03
5.419012560878e-03
5.372117322338e-03
5.372912563246e-03
5.373697712116e-03
5.374471175116e-03
5.375233130053e-03
5.375984566740e-03
5.376725775420e-03
5.377455124858e-03
5.378168926427e-03
5.378862671876e-03
5.333645383587e-03
5.334284171170e-03
5.334898079354e-03
5.335487367745e-03
5.336050399421e-03
5.336583044311e-03
5.337080447134e-03
5.337539871334e-03
5.337962798308e-03
5.338354651087e-03
5.296880835772e-03
5.297221922035e-03
5.297542178937e-03
5.297838449962e-03
5.298108198474e-03
5.298353015576e-03
5.298579382270e-03
5.298796183695e-03
5.299010851047e-03
5.299226778732e-03
5.259557699446e-03
5.259772147781e-03
5.259993521975e-03
5.260231227453e-03
5.260496545986e-03
5.260798136078e-03
5.261138906292e-03
5.261516723635e-03
5.261928217180e-03
5.262373036828e-03
5.219228154829e-03
5.219749775392e-03
5.220322077321e-03
5.220946959810e-03
5.221622428451e-03
5.222345623565e-03
5.223116038337e-03
5.223936318487e-03
5.224809983133e-03
5.225737963087e-03
5.176991470535e-03
5.178006493963e-03
5.179057832265e-03
5.180141510721e-03
5.181256870628e-03
5.182404090760e-03
5.183581143342e-03
5.184782748984e-03
5.186002344487e-03
5.187235569622e-03
5.136444263769e-03
5.137697838109e-03
5.138966778475e-03
5.140245993346e-03
5.141525027000e-03
5.142792059701e-03
5.144039117852e-03
5.145264536679e-03
5.146470842590e-03
5.147659255670e-03
5.098770445102e-03
5.099895810417e-03
5.100977226448e-03
5.102009176596e-03
5.102994406741e-03
5.103940635138e-03
5.104853173634e-03
5.105728709680e-03
5.106554996416e-03
5.107316974772e-03
5.063711381354e-03
5.064321312886e-03
5.064868933630e-03
5.065364666109e-03
5.065811824750e-03
5.066204628179e-03
5.066533497484e-03
5.066793745300e-03
5.066991058243e-03
5.067139602772e-03
5.029443731189e-03
5.029523826806e-03
5.029569933356e-03
5.029570081945e-03
5.029515685692e-03
5.029408881967e-03
5.029262952405e-03
5.029095118289e-03
5.028917259040e-03
5.028730981564e-03
4.994057223200e-03
4.993829597481e-03
4.993582482712e-03
4.993325713770e-03
4.993072392949e-03
4.992830757089e-03
4.992599527270e-03
4.992369953015e-03
4.992133161977e-03
4.991887770871e-03
4.957066856150e-03
4.956829851096e-03
4.956621088752e-03
4.956446852020e-03
4.956305478856e-03
4.956191843064e-03
4.956103212805e-03
4.956042603055e-03
4.956017560403e-03
4.956035877683e-03
4.917998791029e-03
4.918105072193e-03
4.918256226233e-03
4.918452212280e-03
4.918697496464e-03
4.919000360189e-03
4.919369894026e-03
4.919812409128e-03
4.920329451124e-03
4.920917968150e-03
4.877618689932e-03
4.878325146422e-03
4.879085559537e-03
4.879897149067e-03
4.880759383695e-03
4.881672960266e-03
4.882638049310e-03
4.883652708827e-03
4.884711967122e-03
4.885808817960e-03
4.837706795684e-03
4.838853236436e-03
4.840023110830e-03
4.841214240969e-03
4.842421337116e-03
4.843633904613e-03
4.844837948497e-03
4.846020715036e-03
4.847176234534e-03
4.848307398788e-03
4.798898177967e-03
4.799998688156e-03
4.801091503509e-03
4.802168501442e-03
4.803217746314e-03
4.804230997081e-03
4.805208717357e-03
4.806158750455e-03
4.807089445421e-03
4.808002111588e-03
4.759472347359e-03
4.760312724159e-03
4.761106125727e-03
4.761855937886e-03
4.762576308053e-03
4.763283757484e-03
4.763986618798e-03
4.764679622099e-03
4.765347357761e-03
4.765974382565e-03
4.719436566290e-03
4.719969037467e-03
4.720471884582e-03
4.720951193008e-03
4.721401365543e-03
4.721807417013e-03
4.722154821366e-03
4.722439577336e-03
4.722671414299e-03
4.722867109649e-03
4.678349579819e-03
4.678489357730e-03
4.678590207732e-03
4.678635251253e-03
4.678616239573e-03
4.678539154611e-03
4.678419972265e-03
4.678273826812e-03
4.678105447510e-03
4.677908121721e-03
4.634498883831e-03
4.634213940790e-03
4.633898720670e-03
4.633574643606e-03
4.633261930849e-03
4.632968905412e-03
4.632689225559e-03
4.632409481360e-03
4.632121501629e-03
4.631831079905e-03
4.587629631885e-03
4.587385457626e-03
4.587191146470e-03
4.587044929849e-03
4.586935645023e-03
4.586854150887e-03
4.586803099187e-03
4.586797900004e-03
4.586858307334e-03
4.586996413536e-03
4.540208474282e-03
4.540473847953e-03
4.540784483027e-03
4.541136309228e-03
4.541540591902e-03
4.542017688209e-03
4.542584683634e-03
4.543244919887e-03
4.543986746626e-03
4.544791977878e-03
4.495452901324e-03
4.496354458865e-03
4.497322749557e-03
4.498373397382e-03
4.499512015400e-03
4.500729166011e-03
4.502005245627e-03
4.503322307130e-03
4.504674562270e-03
4.506070333036e-03
4.453788530100e-03
4.455300019117e-03
4.456868423404e-03
4.458470482632e-03
4.460078596026e-03
4.461674190793e-03
4.463255179132e-03
4.464832562746e-03
4.466418324796e-03
4.468012778887e-03
4.415262751365e-03
4.416809241661e-03
4.418300188377e-03
4.419727882294e-03
4.421100657737e-03
4.422433222544e-03
4.423732771841e-03
4.424990353129e-03
4.426183643432e-03
4.427289853652e-03
4.378638451783e-03
4.379556510003e-03
4.380412446551e-03
4.381227338740e-03
4.382006784624e-03
4.382738340780e-03
4.383401856103e-03
4.383985310085e-03
4.384495337604e-03
4.384955043975e-03
4.339219797373e-03
4.339637982639e-03
4.340039712645e-03
4.340407430277e-03
4.340727150861e-03
4.341002065757e-03
4.341253864879e-03
4.341511221753e-03
4.341792879075e-03
4.342097545646e-03
4.296112110012e-03
4.296401435965e-03
4.296672952478e-03
4.296942540236e-03
4.297237436049e-03
4.297579307547e-03
4.297971235019e-03
4.298397718401e-03
4.298837746433e-03
4.299281596275e-03
4.252788895371e-03
4.253278009230e-03
4.253828899152e-03
4.254448584561e-03
4.255124645852e-03
4.255835726667e-03
4.256568231710e-03
4.257327230789e-03
4.258133831001e-03
4.259011010163e-03
4.209750093253e-03
4.210767530594e-03
4.211830249801e-03
4.212918960377e-03
4.214031060599e-03
4.215181399331e-03
4.216390678039e-03
4.217669678553e-03
4.219010637939e-03
4.220391615490e-03
4.167999950539e-03
4.169399977059e-03
4.170817565353e-03
4.172269891569e-03
4.173768362023e-03
4.175308536048e-03
4.176871235018e-03
4.178433934328e-03
4.179984202835e-03
4.181525795673e-03
4.127821516931e-03
4.129381430801e-03
4.130962217744e-03
4.132550828331e-03
4.134127844054e-03
4.135679383808e-03
4.137204819870e-03
4.138715326860e-03
4.140224441301e-03
4.141737461509e-03
4.087870113040e-03
4.089352352821e-03
4.090798269033e-03
4.092200406774e-03
4.093561583886e-03
4.094889585758e-03
4.096188667347e-03
4.097453934151e-03
4.098671891825e-03
4.099826657068e-03
4.048002092418e-03
4.048999951010e-03
4.049925817810e-03
4.050784925255e-03
4.051577255723e-03
4.052295102554e-03
4.052925772214e-03
4.053457298539e-03
4.053883865993e-03
4.054207694196e-03
4.006985486683e-03
4.007123240228e-03
4.007180593021e-03
4.007158764409e-03
4.007057150091e-03
4.006877885274e-03
4.006629428886e-03
4.006326783440e-03
4.005988176573e-03
4.005630031997e-03
3.961349820088e-03
3.960974901929e-03
3.960601037988e-03
3.960235905538e-03
3.959893936212e-03
3.959595340177e-03
3.959361381021e-03
3.959208736546e-03
3.959146653415e-03
3.959178574235e-03
3.910293789545e-03
3.910517977715e-03
3.910854427829e-03
3.911314653408e-03
3.911905711334e-03
3.912626185581e-03
3.913466888832e-03
3.914415576730e-03
3.915463055421e-03
3.916605985353e-03
3.859379270921e-03
3.860706499722e-03
3.862122636008e-03
3.863613846477e-03
3.865162382681e-03
3.866752048509e-03
3.868371796329e-03
3.870015157418e-03
3.871676138033e-03
3.873344957583e-03
3.814147020876e-03
3.815776983345e-03
3.817368515797e-03
3.818913908503e-03
3.820411944275e-03
3.821864433746e-03
3.823271867873e-03
3.824631398743e-03
3.825938014984e-03
3.827188064520e-03
3.773456249633e-03
3.774591895422e-03
3.775681933860e-03
3.776731661276e-03
3.777744181662e-03
3.778721878007e-03
3.779668933532e-03
3.780592992939e-03
3.781504760013e-03
3.782415670855e-03
3.732054352781e-03
3.732983931059e-03
3.733935216417e-03
3.734913708740e-03
3.735925352714e-03
3.736975763275e-03
3.738068959592e-03
3.739206802550e-03
3.740389927600e-03
3.741619390382e-03
3.688250172218e-03
3.689571847644e-03
3.690946068957e-03
3.692370554290e-03
3.693839525624e-03
3.695345431481e-03
3.696881364021e-03
3.698442022710e-03
3.700022415501e-03
3.701615370574e-03
3.644175889065e-03
3.645749629015e-03
3.647298612293e-03
3.648813656525e-03
3.650289889833e-03
3.651724209760e-03
3.653111149958e-03
3.654440484809e-03
3.655698171031e-03
3.656870466671e-03
3.601864740745e-03
3.602837272638e-03
3.603713677023e-03
3.604494748799e-03
3.605178105090e-03
3.605758996059e-03
3.606234248537e-03
3.606606444748e-03
3.606884937028e-03
3.607082718418e-03
3.558815319764e-03
3.558874515249e-03
3.558872350425e-03
3.558810576408e-03
3.558695879917e-03
3.558541842551e-03
3.558366547281e-03
3.558187526437e-03
3.558017869864e-03
3.557866217932e-03
3.511189252777e-03
3.511093051145e-03
3.511046692893e-03
3.511065711052e-03
3.511162247264e-03
3.511341737351e-03
3.511603561662e-03
3.511945246828e-03
3.512367100882e-03
3.512873955344e-03
3.459822500986e-03
3.460512938261e-03
3.461301577090e-03
3.462184103228e-03
3.463154367353e-03
3.464207988259e-03
3.465343439473e-03
3.466560121240e-03
3.467854901032e-03
3.469220014665e-03
3.409150964728e-03
3.410614724601e-03
3.412118622464e-03
3.413660041645e-03
3.415239420349e-03
3.416856877720e-03
3.418510124447e-03
3.420194762555e-03
3.421906519407e-03
3.423643483984e-03
3.360348008243e-03
3.362129896800e-03
3.363939846508e-03
3.365776165595e-03
3.367635957545e-03
3.369517198792e-03
3.371420372901e-03
3.373348286630e-03
3.375304643555e-03
3.377292537948e-03
3.310661404100e-03
3.312708956742e-03
3.314794104142e-03
3.316919401925e-03
3.319086080523e-03
3.321292784449e-03
3.323535516586e-03
3.325809627427e-03
3.328112043903e-03
3.330442274375e-03
3.259850135919e-03
3.262225500976e-03
3.264624436611e-03
3.267040622234e-03
3.269468349231e-03
3.271905529857e-03
3.274353898064e-03
3.276815655283e-03
3.279288732585e-03
3.281763964708e-03
3.210116090372e-03
3.212540418701e-03
3.214930367051e-03
3.217285960318e-03
3.219611380359e-03
3.221908128978e-03
3.224170326916e-03
3.226385203675e-03
3.228539069880e-03
3.230624137132e-03
3.163350167085e-03
3.165293006475e-03
3.167174492432e-03
3.168986825756e-03
3.170713210579e-03
3.172335154886e-03
3.173841675959e-03
3.175234466482e-03
3.176524700962e-03
3.177724063335e-03
3.119146904623e-03
3.120155614397e-03
3.121056686666e-03
3.121841621294e-03
3.122512715038e-03
3.123082253410e-03
3.123564883367e-03
3.123969007845e-03
3.124293451322e-03
3.124531948856e-03
3.075377910591e-03
3.075444034721e-03
3.075452494443e-03
3.075428455816e-03
3.075391419031e-03
3.075349400149e-03
3.075300877242e-03
3.075242833404e-03
3.075179071857e-03
3.075123257247e-03
3.028158620396e-03
3.028168903313e-03
3.028232593692e-03
3.028350328634e-03
3.028519680527e-03
3.028741846094e-03
3.029024808541e-03
3.029380660905e-03
3.029819229823e-03
3.030342096054e-03
2.977744735745e-03
2.978399278049e-03
2.979103837788e-03
2.979851763769e-03
2.980642612783e-03
2.981478420622e-03
2.982358485497e-03
2.983276304917e-03
2.984220034875e-03
2.985176284938e-03
2.929336230579e-03
2.930280981843e-03
2.931217096034e-03
2.932141223482e-03
2.933047085435e-03
2.933924659146e-03
2.934762302061e-03
2.935550382858e-03
2.936284799375e-03
2.936967778624e-03
2.884784984872e-03
2.885377571204e-03
2.885934063784e-03
2.886452114637e-03
2.886926816814e-03
2.887355225596e-03
2.887740219876e-03
2.888091135276e-03
2.888420376564e-03
2.888738247066e-03
2.841169600856e-03
2.841466918255e-03
2.841756324074e-03
2.842042803934e-03
2.842339447056e-03
2.842664172249e-03
2.843032538294e-03
2.843451125727e-03
2.843916309075e-03
2.844419698306e-03
2.796555659756e-03
2.797124664596e-03
2.797747737077e-03
2.798440988272e-03
2.799212310094e-03
2.800056888930e-03
2.800961418814e-03
2.801913997985e-03
2.802913144137e-03
2.803969042134e-03
2.751590028026e-03
2.752783725498e-03
2.754045177085e-03
2.755352973736e-03
2.756684413271e-03
2.758027945788e-03
2.759388284289e-03
2.760780267010e-03
2.762215718917e-03
2.763692102008e-03
2.707873545830e-03
2.709358858795e-03
2.710825389386e-03
2.712272536769e-03
2.713713080141e-03
2.715160995820e-03
2.716618416287e-03
2.718071119091e-03
2.719495700546e-03
2.720873762996e-03
2.666634073933e-03
2.667918969962e-03
2.669191543589e-03
2.670465235099e-03
2.671736870013e-03
2.672989366886e-03
2.674203639856e-03
2.675371396208e-03
2.676500117275e-03
2.677607275984e-03
2.625482753672e-03
2.626570451696e-03
2.627643807386e-03
2.628687248034e-03
2.629691721779e-03
2.630661595674e-03
2.631612267862e-03
2.632560402958e-03
2.633513555168e-03
2.634465807375e-03
2.582154037214e-03
2.583052388104e-03
2.583915186335e-03
2.584748303548e-03
2.585563718185e-03
2.586371133077e-03
2.587172250458e-03
2.587960694598e-03
2.588727634077e-03
2.589468565247e-03
2.535415210673e-03
2.536114360453e-03
2.536810777599e-03
2.537509326316e-03
2.538207138628e-03
2.538896219676e-03
2.539568981945e-03
2.540223457061e-03
2.540865038782e-03
2.541503842110e-03
2.484781442263e-03
2.485432779565e-03
2.486093791447e-03
2.486759234500e-03
2.487424802325e-03
2.488090703423e-03
2.488761821326e-03
2.489444259595e-03
2.490140649115e-03
2.490847363902e-03
2.432714380348e-03
2.433408855723e-03
2.434091987254e-03
2.434767145871e-03
2.435442526235e-03
2.436125529925e-03
2.436817724401e-03
2.437513756036e-03
2.438205232068e-03
2.438886794664e-03
2.381945532250e-03
2.382610775442e-03
2.383284559528e-03
2.383970873439e-03
2.384666660930e-03
2.385365474311e-03
2.386064365794e-03
2.386769280406e-03
2.387494715038e-03
2.388257493976e-03
2.330767129024e-03
2.331619247286e-03
2.332514918464e-03
2.333448244542e-03
2.334420314241e-03
2.335440710965e-03
2.336522088740e-03
2.337671942882e-03
2.338887532403e-03
2.340157787785e-03
2.278161844913e-03
2.279503698901e-03
2.280889601366e-03
2.282329455625e-03
2.283828295333e-03
2.285379462535e-03
2.286965325823e-03
2.288564859327e-03
2.290162919735e-03
2.291754678197e-03
2.227223130035e-03
2.228796846282e-03
2.230359601185e-03
2.231895749446e-03
2.233387986735e-03
2.234825965104e-03
2.236210490992e-03
2.237550163784e-03
2.238853041774e-03
2.240119062606e-03
2.178946715105e-03
2.180100062560e-03
2.181188436680e-03
2.182215555422e-03
2.183193565827e-03
2.184135984635e-03
2.185051039078e-03
2.185940205777e-03
2.186802911922e-03
2.187643275192e-03
2.130140460963e-03
2.130968811571e-03
2.131817746886e-03
2.132693061583e-03
2.133591468862e-03
2.134506280299e-03
2.135434810043e-03
2.136382364711e-03
2.137359681342e-03
2.138376150810e-03
2.079482604756e-03
2.080565957328e-03
2.081676089801e-03
2.082808542809e-03
2.083965700194e-03
2.085153447354e-03
2.086374242197e-03
2.087621604687e-03
2.088880786118e-03
2.090135475896e-03
2.030693246127e-03
2.031910179653e-03
2.033122341743e-03
2.034338025226e-03
2.035558165915e-03
2.036775135196e-03
2.037978066539e-03
2.039160695801e-03
2.040325957637e-03
2.041483947494e-03
1.983545836026e-03
1.984702157017e-03
1.985858766432e-03
1.987006553804e-03
1.988140664423e-03
1.989265965562e-03
1.990395816449e-03
1.991545091869e-03
1.992722147463e-03
1.993924947271e-03
1.935870665704e-03
1.937085166958e-03
1.938302694668e-03
1.939528004925e-03
1.940769586440e-03
1.942032852753e-03
1.943315499886e-03
1.944608369854e-03
1.945900705209e-03
1.947186291147e-03
1.889330496454e-03
1.890599914532e-03
1.891874071873e-03
1.893151809440e-03
1.894424980435e-03
1.895682087309e-03
1.896914226393e-03
1.898119428461e-03
1.899302784125e-03
1.900472551426e-03
1.844664388045e-03
1.845810419525e-03
1.846944858357e-03
1.848062402246e-03
1.849161440873e-03
1.850246139725e-03
1.851324868255e-03
1.852405829254e-03
1.853492849591e-03
1.854584159332e-03
1.799773137066e-03
1.800851336895e-03
1.801927275437e-03
1.803008416061e-03
1.804104308917e-03
1.805221330926e-03
1.806359451109e-03
1.807512796915e-03
1.808674220399e-03
1.809840486771e-03
1.753898175366e-03
1.755079421457e-03
1.756282413623e-03
1.757507789591e-03
1.758749467228e-03
1.759998610567e-03
1.761249932713e-03
1.762506186310e-03
1.763777430256e-03
1.765075510264e-03
1.707332559079e-03
1.708688236363e-03
1.710069874093e-03
1.711472267914e-03
1.712897345044e-03
1.714355078889e-03
1.715858549460e-03
1.717416500526e-03
1.719028743366e-03
1.720687902036e-03
1.659761389931e-03
1.661488203467e-03
1.663262841362e-03
1.665099978766e-03
1.667010982374e-03
1.668996709952e-03
1.671047015634e-03
1.673146815961e-03
1.675284735711e-03
1.677458223355e-03
1.612363365439e-03
1.614607762804e-03
1.616892014511e-03
1.619202619452e-03
1.621521116590e-03
1.623832559687e-03
1.626131611943e-03
1.628421949476e-03
1.630709294886e-03
1.632992977818e-03
1.567254751478e-03
1.569475558028e-03
1.571643511625e-03
1.573748098338e-03
1.575789430660e-03
1.577774391706e-03
1.579709210148e-03
1.581594128766e-03
1.583423234933e-03
1.585189669640e-03
1.522868366010e-03
1.524500901951e-03
1.526088616117e-03
1.527644180726e-03
1.529174521295e-03
1.530679116399e-03
1.532153259689e-03
1.533593996328e-03
1.535004807636e-03
1.536396445545e-03
1.474791265025e-03
1.476174602260e-03
1.477573276986e-03
1.478988855752e-03
1.480419785423e-03
1.481865328742e-03
1.483327964024e-03
1.484812989474e-03
1.486325541691e-03
1.487867060007e-03
1.424364038940e-03
1.425934591396e-03
1.427511762017e-03
1.429089456281e-03
1.430667001785e-03
1.432248023093e-03
1.433836390845e-03
1.435431641369e-03
1.437026625922e-03
1.438609002435e-03
1.376812682054e-03
1.378324755365e-03
1.379800746463e-03
1.381242795503e-03
1.382652183281e-03
1.384025098901e-03
1.385352385455e-03
1.386623946530e-03
1.387834972491e-03
1.388989553959e-03
1.332733121558e-03
1.333800379655e-03
1.334839097410e-03
1.335844900382e-03
1.336807894461e-03
1.337720717004e-03
1.338585359974e-03
1.339413991843e-03
1.340222915644e-03
1.341024070882e-03
1.288583774794e-03
1.289361413683e-03
1.290124509012e-03
1.290877354450e-03
1.291634560801e-03
1.292414906686e-03
1.293231441991e-03
1.294084493054e-03
1.294963150713e-03
1.295854199611e-03
1.244390302475e-03
1.245295760100e-03
1.246233171287e-03
1.247216911281e-03
1.248249968455e-03
1.249322727688e-03
1.250420421286e-03
1.251533992331e-03
1.252666223365e-03
1.253828638028e-03
1.202282469706e-03
1.203514355836e-03
1.204770610059e-03
1.206030709284e-03
1.207280112169e-03
1.208518294050e-03
1.209757394577e-03
1.211012318549e-03
1.212289202044e-03
1.213580470960e-03
1.162510147310e-03
1.163772645782e-03
1.165015290781e-03
1.166246737114e-03
1.167479576736e-03
1.168719679413e-03
1.169960716084e-03
1.171187878469e-03
1.172388089685e-03
1.173559474807e-03
1.122833348916e-03
1.123976828865e-03
1.125131183642e-03
1.126295529104e-03
1.127457780512e-03
1.128603498898e-03
1.129725650742e-03
1.130828600765e-03
1.131923867717e-03
1.133020738848e-03
1.081829694556e-03
1.082910685795e-03
1.083972235108e-03
1.085009378016e-03
1.086028211546e-03
1.087042410973e-03
1.088064723888e-03
1.089099159799e-03
1.090139195867e-03
1.091173397469e-03
1.041568227890e-03
1.042567065497e-03
1.043565801638e-03
1.044578632445e-03
1.045614922134e-03
1.046675654266e-03
1.047756183084e-03
1.048852980375e-03
1.049969471580e-03
1.051116862072e-03
1.001951912258e-03
1.003187237302e-03
1.004478052550e-03
1.005817449879e-03
1.007196449052e-03
1.008610828080e-03
1.010064297532e-03
1.011566207467e-03
1.013125322402e-03
1.014743652604e-03
9.621752626572e-04
9.638739144293e-04
9.656016171107e-04
9.673530433361e-04
9.691291312492e-04
9.709329097518e-04
9.727634374599e-04
9.746121925787e-04
9.764645728865e-04
9.783056553943e-04
9.234878792199e-04
9.252774216293e-04
9.270533209929e-04
9.288215605352e-04
9.305816832921e-04
9.323254766400e-04
9.340413625978e-04
9.357216167700e-04
9.373677611393e-04
9.389900827159e-04
8.845477934187e-04
8.861469480053e-04
8.877437798560e-04
8.893323781649e-04
8.909081280422e-04
8.924745961849e-04
8.940449101829e-04
8.956365026620e-04
8.972622349006e-04
8.989243855240e-04
8.428852116822e-04
8.445829278685e-04
8.462950457329e-04
8.480275446345e-04
8.497924906692e-04
8.515990697333e-04
8.534457716110e-04
8.553195551713e-04
8.572024917157e-04
8.590816796641e-04
8.012367165975e-04
8.030978404463e-04
8.049655760374e-04
8.068363327993e-04
8.086942808632e-04
8.105173231456e-04
8.122878527388e-04
8.140006248709e-04
8.156624298294e-04
8.172836689937e-04
7.620572063161e-04
7.635868892066e-04
7.650575436173e-04
7.664576381785e-04
7.677876191110e-04
7.690609627389e-04
7.702964441592e-04
7.715074179941e-04
7.726953210181e-04
7.738523988792e-04
7.227757531609e-04
7.238522851480e-04
7.249105428855e-04
7.259741156531e-04
7.270625935689e-04
7.281834417086e-04
7.293321950215e-04
7.305004583600e-04
7.316859447428e-04
7.328970978620e-04
6.807640277771e-04
6.820603913411e-04
6.834122615942e-04
6.848101176047e-04
6.862391977620e-04
6.876891303023e-04
6.891596651712e-04
6.906587913704e-04
6.921946978196e-04
6.937673306311e-04
6.387868033926e-04
6.403794587868e-04
6.419624435807e-04
6.435277259698e-04
6.450765922068e-04
6.466145386526e-04
6.481441050141e-04
6.496607882127e-04
6.511547071568e-04
6.526163585931e-04
5.991516712811e-04
6.005350563782e-04
6.018963566135e-04
6.032434029066e-04
6.045783756008e-04
6.058975725978e-04
6.071953437754e-04
6.084694539368e-04
6.097242873579e-04
6.109702181902e-04
5.592661403853e-04
5.605173076901e-04
5.617849032546e-04
5.630681080788e-04
5.643646848625e-04
5.656746948262e-04
5.670022291042e-04
5.683543106443e-04
5.697374847387e-04
5.711547453870e-04
5.192317107117e-04
5.206963714386e-04
5.221845174219e-04
5.236966511575e-04
5.252382887875e-04
5.268172802175e-04
5.284392813678e-04
5.301041379653e-04
5.318056356032e-04
5.335354630347e-04
4.815701249754e-04
4.833346328610e-04
4.851323653270e-04
4.869729673374e-04
4.888615098366e-04
4.907956505349e-04
4.927679531193e-04
4.947719783104e-04
4.968079930450e-04
4.988838877011e-04
4.452295831356e-04
4.473971790162e-04
4.496173537518e-04
4.518782631067e-04
4.541669167679e-04
4.564772197568e-04
4.588132405274e-04
4.611850682181e-04
4.635997138962e-04
4.660534441427e-04
4.085073965143e-04
4.109715232516e-04
4.134240579674e-04
4.158608902571e-04
4.182866016436e-04
4.207055804955e-04
4.231128609717e-04
4.254915089064e-04
4.278186835904e-04
4.300763819742e-04
3.726691596171e-04
3.747692515503e-04
3.768109443172e-04
3.787960308159e-04
3.807134274894e-04
3.825436010629e-04
3.842694487162e-04
3.858860342802e-04
3.874022078776e-04
3.888332889233e-04
3.361270805158e-04
3.373974060992e-04
3.385824417705e-04
3.396730629674e-04
3.406708548255e-04
3.415911018010e-04
3.424564858392e-04
3.432858781593e-04
3.440862591901e-04
3.448532036145e-04
2.963492821095e-04
2.970268670879e-04
2.976773837986e-04
2.983223974411e-04
2.989821516621e-04
2.996670834818e-04
3.003766177585e-04
3.011057399931e-04
3.018545370423e-04
3.026334411516e-04
2.538385038520e-04
2.547213963453e-04
2.556764254678e-04
2.566993873643e-04
2.577798210268e-04
2.589099408965e-04
2.600909125476e-04
2.613322621983e-04
2.626451706647e-04
2.640346700105e-04
2.116351981840e-04
2.131466695801e-04
2.147101097307e-04
2.163231126247e-04
2.179904421951e-04
2.197188906052e-04
2.215103230014e-04
2.233582537770e-04
2.252499776318e-04
2.271730284633e-04
1.726799719677e-04
1.746394943325e-04
1.766317055285e-04
1.786613505601e-04
1.807273988561e-04
1.828232647085e-04
1.849412024626e-04
1.870774160011e-04
1.892345289889e-04
1.914195138966e-04
1.363748302197e-04
1.386124064311e-04
1.408816514754e-04
1.431759699244e-04
1.454911212022e-04
1.478286574184e-04
1.501958128642e-04
1.526016101820e-04
1.550523228389e-04
1.575485524654e-04
1.010539918411e-04
1.036100936744e-04
1.062005437120e-04
1.088278933139e-04
1.114971615266e-04
1.142117388895e-04
1.169697831642e-04
1.197638436565e-04
1.225838062737e-04
1.254215463860e-04
6.651299196392e-05
6.936482145647e-05
7.223585367910e-05
7.512495608353e-05
7.802462459949e-05
8.092231115597e-05
8.380500355543e-05
8.666392727719e-05
8.949619916621e-05
9.230232183199e-05
3.292830808732e-05
3.565866893496e-05
3.834469572439e-05
4.097413915360e-05
4.353890653874e-05
4.603786806001e-05
4.847509330830e-05
5.085466426635e-05
5.317564699681e-05
5.543079493009e-05
8.978479399957e-07
1.185666235415e-06
3.186054186699e-06
5.109807432291e-06
6.965266379666e-06
8.757057628372e-06
1.048361218636e-05
1.213976253212e-05
1.372207276518e-05
1.523337033404e-05
3.700697288878e-05
3.561879452718e-05
3.427510478105e-05
3.297578280126e-05
3.172505154225e-05
3.052584929719e-05
2.937487664667e-05
2.826203348150e-05
2.717463820545e-05
2.610329556774e-05
7.645408493318e-05
7.541988094317e-05
7.440213232712e-05
7.339674027662e-05
7.239361985967e-05
7.138087266867e-05
7.035053471327e-05
6.930161913488e-05
6.823806785405e-05
6.716298889842e-05
1.185119094771e-04
1.174078930148e-04
1.162680193261e-04
1.150840809032e-04
1.138552844395e-04
1.125866695020e-04
1.112834731885e-04
1.099457933265e-04
1.085675115178e-04
1.071405233120e-04
1.623262696739e-04
1.608092129572e-04
1.592530713879e-04
1.576671913881e-04
1.560548183193e-04
1.544115544334e-04
1.527292054107e-04
1.510023085416e-04
1.492326250627e-04
1.474283862422e-04
2.058237248548e-04
2.039870126396e-04
2.021275442416e-04
2.002388047231e-04
1.983159686461e-04
1.963600455497e-04
1.943775039877e-04
1.923755340840e-04
1.903564537997e-04
1.883153155973e-04
2.484727583578e-04
2.463747503043e-04
2.442333643558e-04
2.420515031645e-04
2.398348098609e-04
2.375868172066e-04
2.353061333338e-04
2.329875810005e-04
2.306260774390e-04
2.282203375330e-04
2.911822869009e-04
2.887205435513e-04
2.862283445211e-04
2.837064496930e-04
2.811530884514e-04
2.785669607874e-04
2.759501854825e-04
2.733088101081e-04
2.706510495045e-04
2.679841982740e-04
3.329426710934e-04
3.302919612906e-04
3.276398577441e-04
3.249886661365e-04
3.223424950534e-04
3.197063363132e-04
3.170842962277e-04
3.144786585381e-04
3.118899282413e-04
3.093180425253e-04
3.734392023489e-04
3.709233289442e-04
3.684255286203e-04
3.659449289444e-04
3.634790428464e-04
3.610241588490e-04
3.585762352714e-04
3.561316884202e-04
3.536877038641e-04
3.512421066034e-04
4.138372773355e-04
4.114012996297e-04
4.089589514251e-04
4.065086849323e-04
4.040487420411e-04
4.015773222363e-04
3.990930113105e-04
3.965954275031e-04
3.940856313420e-04
3.915658633105e-04
4.533496954764e-04
4.508348272907e-04
4.483163876330e-04
4.457961778712e-04
4.432775426153e-04
4.407659666867e-04
4.382680975255e-04
4.357897867067e-04
4.333341340157e-04
4.309012488193e-04
4.903868519364e-04
4.880136270913e-04
4.856656208858e-04
4.833483861262e-04
4.810667739434e-04
4.788217771647e-04
4.766096453181e-04
4.744239058141e-04
4.722593018869e-04
4.701148855020e-04
5.271298955449e-04
5.250514219028e-04
5.230016246855e-04
5.209759627292e-04
5.189662397243e-04
5.169650989387e-04
5.149702075187e-04
5.129849627110e-04
5.110152878842e-04
5.090645276482e-04
5.657213049517e-04
5.638123898279e-04
5.619064443181e-04
5.600023584975e-04
5.581066881177e-04
5.562310191749e-04
5.543860787611e-04
5.525768669941e-04
5.508016849376e-04
5.490557802545e-04
6.051025023339e-04
6.034298855297e-04
6.017951603212e-04
6.002060052879e-04
5.986651594867e-04
5.971689108151e-04
5.957097154123e-04
5.942812749709e-04
5.928824456873e-04
5.915172080790e-04
6.445042660062e-04
6.432311113826e-04
6.419926697276e-04
6.407777900677e-04
6.395736460263e-04
6.383700228980e-04
6.371612096814e-04
6.359444263921e-04
6.347165992793e-04
6.334714155400e-04
6.855298523760e-04
6.842336717341e-04
6.828934074292e-04
6.815060788767e-04
6.800725032576e-04
6.785946576997e-04
6.770727494541e-04
6.755039082122e-04
6.738832176438e-04
6.722062366293e-04
7.276719184119e-04
7.258982247436e-04
7.240745594572e-04
7.222067118846e-04
7.202994775071e-04
7.183563308786e-04
7.163803908270e-04
7.143760434474e-04
7.123499808017e-04
7.103106673298e-04
7.682216551643e-04
7.661983301546e-04
7.641794766755e-04
7.621651345175e-04
7.601545150351e-04
7.581482887531e-04
7.561495573327e-04
7.541630108108e-04
7.521927425955e-04
7.502401422812e-04
8.073078112147e-04
8.054032037990e-04
8.035085685378e-04
8.016230583507e-04
7.997472657166e-04
7.978808995404e-04
7.960202881350e-04
7.941578615487e-04
7.922839781713e-04
7.903904744921e-04
8.472540130242e-04
8.453341065433e-04
8.433922479867e-04
8.414275650352e-04
8.394351181664e-04
8.374071121011e-04
8.353364826235e-04
8.332200663972e-04
8.310593063356e-04
8.288576074733e-04
8.883818774166e-04
8.861219671417e-04
8.838147260803e-04
8.814556046559e-04
8.790450489187e-04
8.765892810061e-04
8.740974717512e-04
8.715768844922e-04
8.690295901488e-04
8.664531101203e-04
9.293907693291e-04
9.267766795915e-04
9.241392207286e-04
9.214888740416e-04
9.188347641498e-04
9.161809572902e-04
9.135266842577e-04
9.108701254377e-04
9.082129342346e-04
9.055620571985e-04
9.692476738792e-04
9.666621686506e-04
9.641016562796e-04
9.615618233170e-04
9.590368873660e-04
9.565244475311e-04
9.540278401801e-04
9.515537993821e-04
9.491073119534e-04
9.466876537090e-04
1.008583345083e-03
1.006219698240e-03
1.003862890855e-03
1.001513457709e-03
9.991752684755e-04
9.968505237907e-04
9.945357233505e-04
9.922217835765e-04
9.898984426968e-04
9.875598310032e-04
1.049003231060e-03
1.046664293597e-03
1.044322300970e-03
1.041977052353e-03
1.039622684686e-03
1.037251714536e-03
1.034860761308e-03
1.032453549556e-03
1.030039061447e-03
1.027626119139e-03
1.089513377224e-03
1.087129185237e-03
1.084743053013e-03
1.082353440438e-03
1.079965658050e-03
1.077590735576e-03
1.075240344619e-03
1.072921385287e-03
1.070634141115e-03
1.068374882266e-03
1.128675842153e-03
1.126489436615e-03
1.124339828493e-03
1.122236365291e-03
1.120184521483e-03
1.118183406277e-03
1.116227238356e-03
1.114309787965e-03
1.112428341685e-03
1.110584836852e-03
1.166488857734e-03
1.164747209884e-03
1.163047127250e-03
1.161381788677e-03
1.159743069536e-03
1.158124975746e-03
1.156525155750e-03
1.154943818165e-03
1.153380902906e-03
1.151833468782e-03
1.203633832176e-03
1.202110591350e-03
1.200580617990e-03
1.199038727123e-03
1.197482530756e-03
1.195911226034e-03
1.194323828543e-03
1.192717917434e-03
1.191089705628e-03
1.189435069477e-03
1.239572036127e-03
1.237871687636e-03
1.236140897333e-03
1.234380336086e-03
1.232589705978e-03
1.230767030222e-03
1.228908942267e-03
1.227011954597e-03
1.225074264539e-03
1.223096780734e-03
1.273287895913e-03
1.271258960003e-03
1.269200695504e-03
1.267113379015e-03
1.264995609233e-03
1.262846195459e-03
1.260666031101e-03
1.258458483790e-03
1.256227694228e-03
1.253976185978e-03
1.304956696572e-03
1.302681194545e-03
1.300379452687e-03
1.298052726327e-03
1.295706709243e-03
1.293349259470e-03
1.290986417132e-03
1.288619265097e-03
1.286244123321e-03
1.283855988902e-03
1.335709680404e-03
1.333319495586e-03
1.330925605487e-03
1.328534237757e-03
1.326146421491e-03
1.323757452951e-03
1.321360742907e-03
1.318953357099e-03
1.316539474203e-03
1.314128752995e-03
1.366223058653e-03
1.363862926780e-03
1.361513724930e-03
1.359166211103e-03
1.356813701989e-03
1.354457550406e-03
1.352107009950e-03
1.349773762001e-03
1.347464481000e-03
1.345177091878e-03
1.396799517465e-03
1.394551975125e-03
1.392309522146e-03
1.390080241777e-03
1.387876208469e-03
1.385705611710e-03
1.383567459470e-03
1.381452323869e-03
1.379349055640e-03
1.377252418706e-03
1.427566488303e-03
1.425522043803e-03
1.423507616664e-03
1.421523944714e-03
1.419562533101e-03
1.417610595297e-03
1.415658679491e-03
1.413705468224e-03
1.411756685570e-03
1.409818874947e-03
1.457970674153e-03
1.456066619539e-03
1.454154071155e-03
1.452222315208e-03
1.450268020335e-03
1.448295812338e-03
1.446313557210e-03
1.444325919692e-03
1.442330460577e-03
1.440318945015e-03
1.488196973014e-03
1.486150216351e-03
1.484079143665e-03
1.481991898402e-03
1.479895903515e-03
1.477793729066e-03
1.475682920386e-03
1.473559548003e-03
1.471423096234e-03
1.469278959974e-03
1.517721884397e-03
1.515609442947e-03
1.513514634723e-03
1.511436977580e-03
1.509372305520e-03
1.507317127107e-03
1.505272246447e-03
1.503243157799e-03
1.501237172192e-03
1.499259221816e-03
1.546360536622e-03
1.544448431162e-03
1.542553865704e-03
1.540673851537e-03
1.538809581916e-03
1.536964845968e-03
1.535142078694e-03
1.533338998058e-03
1.531548125797e-03
1.529759713208e-03
1.575310339149e-03
1.573525151457e-03
1.571736622338e-03
1.569949405052e-03
1.568165039032e-03
1.566379308201e-03
1.564583812183e-03
1.562770417024e-03
1.560935851899e-03
1.559083252857e-03
1.604442568578e-03
1.602591591507e-03
1.600734354099e-03
1.598864709308e-03
1.596975146413e-03
1.595062210413e-03
1.593129567368e-03
1.591185960763e-03
1.589239507496e-03
1.587292049294e-03
1.632914309823e-03
1.630964516892e-03
1.628990878430e-03
1.626993804848e-03
1.624980944030e-03
1.622961754833e-03
1.620940488237e-03
1.618912565505e-03
1.616867116127e-03
1.614793742476e-03
1.661707215931e-03
1.659601066592e-03
1.657477259869e-03
1.655340648654e-03
1.653187873103e-03
1.651008755516e-03
1.648792959827e-03
1.646537124941e-03
1.644247509546e-03
1.641936023134e-03
1.690514980908e-03
1.688211303417e-03
1.685889305918e-03
1.683538845839e-03
1.681155108145e-03
1.678742885531e-03
1.676314117219e-03
1.673880570991e-03
1.671446968828e-03
1.669009360739e-03
1.717750469254e-03
1.715317639594e-03
1.712874180839e-03
1.710431934839e-03
1.708002885380e-03
1.705591878363e-03
1.703194168385e-03
1.700799565583e-03
1.698400206635e-03
1.695996587159e-03
1.743049326990e-03
1.740690329427e-03
1.738351925837e-03
1.736031064468e-03
1.733718717730e-03
1.731406816759e-03
1.729094448137e-03
1.726788658345e-03
1.724499434658e-03
1.722232586189e-03
1.767100411882e-03
1.764882872010e-03
1.762666435411e-03
1.760448593075e-03
1.758235403315e-03
1.756037898531e-03
1.753864947489e-03
1.751718182277e-03
1.749592151327e-03
1.747479449705e-03
1.790974947824e-03
1.788904954140e-03
1.786858628350e-03
1.784843744701e-03
1.782861514982e-03
1.780905827047e-03
1.778967388645e-03
1.777040038462e-03
1.775124599817e-03
1.773228052912e-03
1.814902899355e-03
1.813078437294e-03
1.811279281242e-03
1.809496144801e-03
1.807720040233e-03
1.805946819957e-03
1.804178100826e-03
1.802417884392e-03
1.800667825535e-03
1.798924060665e-03
1.839233160183e-03
1.837491996980e-03
1.835736382702e-03
1.833968456310e-03
1.832194448752e-03
1.830420001738e-03
1.828645983892e-03
1.826867485988e-03
1.825076623277e-03
1.823267304474e-03
1.863238533417e-03
1.861412915730e-03
1.859579483948e-03
1.857742731318e-03
1.855902583998e-03
1.854055244223e-03
1.852196691914e-03
1.850326205442e-03
1.848447648001e-03
1.846567227176e-03
1.885660092114e-03
1.883803079068e-03
1.881942465275e-03
1.880070399523e-03
1.878181342192e-03
1.876275053007e-03
1.874356064889e-03
1.872430009030e-03
1.870499256142e-03
1.868560765502e-03
1.907290961697e-03
1.905335261881e-03
1.903355225863e-03
1.901352639948e-03
1.899331726406e-03
1.897295116862e-03
1.895241064403e-03
1.893164000990e-03
1.891058100284e-03
1.888921574277e-03
1.928785042253e-03
1.926626050135e-03
1.924456843540e-03
1.922281101940e-03
1.920097478319e-03
1.917902299965e-03
1.915693700653e-03
1.913474541709e-03
1.911251895478e-03
1.909033728907e-03
1.949075234563e-03
1.946902076440e-03
1.944737013162e-03
1.942578766034e-03
1.940429814738e-03
1.938296458150e-03
1.936185882073e-03
1.934102409223e-03
1.932045459682e-03
1.930010561466e-03
1.968783142217e-03
1.966805288703e-03
1.964842425878e-03
1.962896756311e-03
1.960969244237e-03
1.959057808165e-03
1.957157836443e-03
1.955264620563e-03
1.953375745074e-03
1.951491697014e-03
1.989274025277e-03
1.987427310894e-03
1.985584873694e-03
1.983741641368e-03
1.981892223171e-03
1.980033241239e-03
1.978164297668e-03
1.976287044272e-03
1.974403345343e-03
1.972513898011e-03
2.009734571061e-03
2.007853925988e-03
2.005968457695e-03
2.004081329233e-03
2.002196209673e-03
2.000315676128e-03
1.998440178397e-03
1.996568554091e-03
1.994699600914e-03
1.992833619340e-03
2.028796237880e-03
2.026963527953e-03
2.025143489675e-03
2.023338630522e-03
2.021550243683e-03
2.019778965234e-03
2.018025450298e-03
2.016290627580e-03
2.014575147541e-03
2.012878831636e-03
2.047306076292e-03
2.045661442935e-03
2.044031425214e-03
2.042415120172e-03
2.040812555322e-03
2.039224385953e-03
2.037651423564e-03
2.036094229481e-03
2.034553017268e-03
2.033027531127e-03
2.066917230081e-03
2.065437053943e-03
2.063968522293e-03
2.062510137023e-03
2.061061384893e-03
2.059623123841e-03
2.058197106749e-03
2.056785032948e-03
2.055387573819e-03
2.054004311958e-03
2.087321796751e-03
2.085981641642e-03
2.084655230021e-03
2.083343912034e-03
2.082048274701e-03
2.080767075540e-03
2.079497179921e-03
2.078234891542e-03
2.076977739819e-03
2.075725519205e-03
2.107597169129e-03
2.106376065910e-03
2.105161027828e-03
2.103947586249e-03
2.102729431158e-03
2.101500617414e-03
2.100257352367e-03
2.098997940266e-03
2.097721146697e-03
2.096424166382e-03
2.127421459534e-03
2.126085377768e-03
2.124712285081e-03
2.123299606183e-03
2.121847617559e-03
2.120357504225e-03
2.118828975767e-03
2.117259015961e-03
2.115642766796e-03
2.113975801876e-03
2.145947975464e-03
2.144197373241e-03
2.142398984631e-03
2.140555419771e-03
2.138667610438e-03
2.136735412137e-03
2.134759410978e-03
2.132742657238e-03
2.130690753518e-03
2.128610179852e-03
2.161300202772e-03
2.159195401362e-03
2.157069680379e-03
2.154923240084e-03
2.152758185048e-03
2.150579037504e-03
2.148391570017e-03
2.146200784296e-03
2.144009651488e-03
2.141819507074e-03
2.173532615529e-03
2.171369491919e-03
2.169216048401e-03
2.167077025945e-03
2.164955512683e-03
2.162851871958e-03
2.160764324515e-03
2.158690990143e-03
2.156631824107e-03
2.154589282384e-03
2.184607295760e-03
2.182628987043e-03
2.180676763828e-03
2.178750699215e-03
2.176850580724e-03
2.174977331606e-03
2.173133675740e-03
2.171323144125e-03
2.169548627592e-03
2.167811095433e-03
2.195795331090e-03
2.194151058177e-03
2.192542551029e-03
2.190971900120e-03
2.189442449207e-03
2.187957210197e-03
2.186517540338e-03
2.185122754668e-03
2.183770924262e-03
2.182460271683e-03
2.207446302066e-03
2.206238582801e-03
2.205070801779e-03
2.203941335551e-03
2.202846853663e-03
2.201782909026e-03
2.200745127880e-03
2.199729922665e-03
2.198734513740e-03
2.197756123451e-03
2.220149744460e-03
2.219209563123e-03
2.218270601873e-03
2.217326826894e-03
2.216373595616e-03
2.215407921824e-03
2.214427921672e-03
2.213431623090e-03
2.212416023156e-03
2.211377099400e-03
2.234145580417e-03
2.233063032520e-03
2.231948643328e-03
2.230802624240e-03
2.229625582231e-03
2.228417293281e-03
2.227176338920e-03
2.225900896178e-03
2.224590282992e-03
2.223246150891e-03
2.248094314155e-03
2.246713114062e-03
2.245310729052e-03
2.243887925090e-03
2.242443242153e-03
2.240974879612e-03
2.239482743562e-03
2.237969274802e-03
2.236438490570e-03
2.234893577736e-03
2.260952735298e-03
2.259398189722e-03
2.257824407707e-03
2.256229917577e-03
2.254616731932e-03
2.252989579063e-03
2.251353069255e-03
2.249708791567e-03
2.248054165364e-03
2.246384242483e-03
2.273558777631e-03
2.271872652443e-03
2.270172337205e-03
2.268463841745e-03
2.266751169316e-03
2.265034418485e-03
2.263310715080e-03
2.261577786101e-03
2.259837362374e-03
2.258096060473e-03
2.286112269132e-03
2.284418220881e-03
2.282741977297e-03
2.281081310912e-03
2.279432758598e-03
2.277795804446e-03
2.276174886276e-03
2.274577634580e-03
2.273010745228e-03
2.271476190458e-03
2.298158654867e-03
2.296697639167e-03
2.295255546642e-03
2.293832897521e-03
2.292433836828e-03
2.291062191034e-03
2.289717453323e-03
2.288393299182e-03
2.287080081317e-03
2.285769082164e-03
2.310979263143e-03
2.309682051475e-03
2.308383680770e-03
2.307082206471e-03
2.305770778150e-03
2.304439381930e-03
2.303079011995e-03
2.301685327609e-03
2.300259401750e-03
2.298804920770e-03
2.324885793712e-03
2.323394812606e-03
2.321870024673e-03
2.320305768421e-03
2.318700006754e-03
2.317055680180e-03
2.315378911305e-03
2.313675356447e-03
2.311947483349e-03
2.310194536506e-03
2.337861704973e-03
2.336080070449e-03
2.334280702087e-03
2.332473005197e-03
2.330666067962e-03
2.328865446600e-03
2.327072291394e-03
2.325285147037e-03
2.323503165201e-03
2.321728377126e-03
2.348454650644e-03
2.346731892487e-03
2.345030473350e-03
2.343350922445e-03
2.341691355525e-03
2.340049674615e-03
2.338425412290e-03
2.336820100709e-03
2.335235770772e-03
2.333672860232e-03
2.358096819250e-03
2.356587629208e-03
2.355086808336e-03
2.353590104178e-03
2.352095698939e-03
2.350603855064e-03
2.349115390416e-03
2.347630189718e-03
2.346146667492e-03
2.344662170515e-03
2.368470970566e-03
2.367000140623e-03
2.365524702100e-03
2.364045444494e-03
2.362563204940e-03
2.361078242302e-03
2.359590419928e-03
2.358099755099e-03
2.356607169077e-03
2.355114870738e-03
2.379117200633e-03
2.377656020712e-03
2.376203487927e-03
2.374760622331e-03
2.373327437397e-03
2.371903594849e-03
2.370489163354e-03
2.369084889665e-03
2.367691998074e-03
2.366311480159e-03
2.389591400402e-03
2.388254792947e-03
2.386929085276e-03
2.385613292574e-03
2.384306835381e-03
2.383009291066e-03
2.381719763946e-03
2.380436250519e-03
2.379155598931e-03
2.377874080594e-03
2.400093222775e-03
2.398821119584e-03
2.397541792220e-03
2.396254494329e-03
2.394958058630e-03
2.393650596048e-03
2.392329899067e-03
2.390994332245e-03
2.389643395531e-03
2.388277642183e-03
2.409720778644e-03
2.408348625863e-03
2.406960131964e-03
2.405552516393e-03
2.404123472274e-03
2.402672290259e-03
2.401200157351e-03
2.399709389522e-03
2.398202019435e-03
2.396679007063e-03
2.417368833392e-03
2.415838226966e-03
2.414291951197e-03
2.412731335596e-03
2.411157819211e-03
2.409571960470e-03
2.407972553385e-03
2.406357058646e-03
2.404722898007e-03
2.403068958415e-03
2.423607217793e-03
2.421943761760e-03
2.420268158460e-03
2.418583100223e-03
2.416890028428e-03
2.415189512192e-03
2.413482103293e-03
2.411768977481e-03
2.410051881270e-03
2.408332665027e-03
2.429482145089e-03
2.427784673557e-03
2.426089026585e-03
2.424398018434e-03
2.422716094884e-03
2.421048809083e-03
2.419402096507e-03
2.417781247345e-03
2.416190602162e-03
2.414633578326e-03
2.435405925951e-03
2.433943426183e-03
2.432521923424e-03
2.431142859052e-03
2.429807133581e-03
2.428515415374e-03
2.427268752569e-03
2.426068737464e-03
2.424917226392e-03
2.423815577458e-03
2.442066311346e-03
2.441080495771e-03
2.440140530496e-03
2.439243242236e-03
2.438385433891e-03
2.437563804733e-03
2.436774234695e-03
2.436011516238e-03
2.435269241573e-03
2.434540720515e-03
2.450752536106e-03
2.450053519624e-03
2.449355111821e-03
2.448654772650e-03
2.447949404882e-03
2.447234832118e-03
2.446506150307e-03
2.445758679812e-03
2.444988642537e-03
2.444193486212e-03
2.461081961997e-03
2.460252144488e-03
2.459391213108e-03
2.458496601037e-03
2.457566497469e-03
2.456600820494e-03
2.455601378756e-03
2.454571245096e-03
2.453513701596e-03
2.452431065421e-03
2.470803333722e-03
2.469697219624e-03
2.468567344067e-03
2.467414186356e-03
2.466238922636e-03
2.465043126506e-03
2.463828228713e-03
2.462595366410e-03
2.461345457846e-03
2.460079695595e-03
2.478566995705e-03
2.477298938459e-03
2.476020624329e-03
2.474733112763e-03
2.473436205605e-03
2.472128429531e-03
2.470807783482e-03
2.469472487689e-03
2.468121780396e-03
2.466756143519e-03
2.484631176287e-03
2.483262986289e-03
2.481884518943e-03
2.480496688975e-03
2.479100042819e-03
2.477695109917e-03
2.476282739792e-03
2.474863925045e-03
2.473439654182e-03
2.472010593749e-03
2.489246397431e-03
2.487833662428e-03
2.486419270724e-03
2.485006391964e-03
2.483599358357e-03
2.482202831459e-03
2.480820611595e-03
2.479454882007e-03
2.478106175374e-03
2.476774103684e-03
2.492665660611e-03
2.491391341550e-03
2.490134832215e-03
2.488897429316e-03
2.487679920080e-03
2.486482480720e-03
2.485304963898e-03
2.484147614496e-03
2.483011361392e-03
2.481897365215e-03
2.496250785896e-03
2.495201442684e-03
2.494169562226e-03
2.493150228361e-03
2.492138236732e-03
2.491129552993e-03
2.490121712867e-03
2.489113602053e-03
2.488104500401e-03
2.487093236539e-03
2.501285304220e-03
2.500281354230e-03
2.499269927284e-03
2.498250091207e-03
2.497221173257e-03
2.496181989670e-03
2.495130265061e-03
2.494062727294e-03
2.492975866176e-03
2.491867037918e-03
2.506939607258e-03
2.505803675945e-03
2.504648401725e-03
2.503476798665e-03
2.502291765438e-03
2.501095866080e-03
2.499891151160e-03
2.498679423240e-03
2.497462151098e-03
2.496240378207e-03
2.511318287645e-03
2.510107064268e-03
2.508892298522e-03
2.507674567653e-03
2.506455155356e-03
2.505236240893e-03
2.504020776030e-03
2.502812203772e-03
2.501614072060e-03
2.500429509269e-03
2.514195158028e-03
2.513062998162e-03
2.511947291509e-03
2.510846195662e-03
2.509757204166e-03
2.508677999685e-03
2.507607065866e-03
2.506543906975e-03
2.505488722079e-03
2.504441957058e-03
2.516880635085e-03
2.515873523464e-03
2.514875130146e-03
2.513885433530e-03
2.512904326068e-03
2.511931175945e-03
2.510964353064e-03
2.510001140706e-03
2.509038244966e-03
2.508072722662e-03
2.520303970414e-03
2.519352465583e-03
2.518398174345e-03
2.517443002660e-03
2.516488394065e-03
2.515534996974e-03
2.514582835090e-03
2.513631896250e-03
2.512682621727e-03
2.511735816995e-03
2.524201433005e-03
2.523283314019e-03
2.522368655207e-03
2.521457007447e-03
2.520548529048e-03
2.519644355345e-03
2.518746656733e-03
2.517857963142e-03
2.516980242376e-03
2.516114469813e-03
2.528062662861e-03
2.527244659973e-03
2.526438221423e-03
2.525643756371e-03
2.524862090524e-03
2.524094076023e-03
2.523340063988e-03
2.522599914869e-03
2.521873330409e-03
2.521160274569e-03
2.531823205970e-03
2.531166034146e-03
2.530524049291e-03
2.529896833892e-03
2.529282951343e-03
2.528680611988e-03
2.528088098984e-03
2.527504532054e-03
2.526929790235e-03
2.526364175196e-03
2.535441234215e-03
2.534918134643e-03
2.534401925857e-03
2.533890847360e-03
2.533383191633e-03
2.532877425438e-03
2.532371939253e-03
2.531864703997e-03
2.531353015229e-03
2.530833781975e-03
2.538702210074e-03
2.538180682052e-03
2.537645348582e-03
2.537096198751e-03
2.536533525870e-03
2.535957254736e-03
2.535366501206e-03
2.534759775529e-03
2.534135381495e-03
2.533491864369e-03
2.541360942359e-03
2.540696746848e-03
2.540011811277e-03
2.539306051460e-03
2.538579800898e-03
2.537834153884e-03
2.537071248412e-03
2.536294085360e-03
2.535506148376e-03
2.534710781276e-03
2.543194488624e-03
2.542412474838e-03
2.541628721417e-03
2.540843934355e-03
2.540058779800e-03
2.539273965226e-03
2.538490285986e-03
2.537708545105e-03
2.536929648500e-03
2.536154508334e-03
2.544475639922e-03
2.543733191544e-03
2.542997222918e-03
2.542267734668e-03
2.541543977088e-03
2.540824372204e-03
2.540106638776e-03
2.539387868637e-03
2.538664825238e-03
2.537934013731e-03
2.546155946732e-03
2.545423308732e-03
2.544673966270e-03
2.543906184428e-03
2.543118878521e-03
2.542311378932e-03
2.541483098526e-03
2.540633378999e-03
2.539761408514e-03
2.538866362670e-03
2.548397891474e-03
2.547478810754e-03
2.546535049248e-03
2.545566487584e-03
2.544573445618e-03
2.543556991156e-03
2.542519082340e-03
2.541462584588e-03
2.540390976662e-03
2.539307840436e-03
2.549794103118e-03
2.548719566676e-03
2.547641536410e-03
2.546562019575e-03
2.545482798780e-03
2.544405404763e-03
2.543331043000e-03
2.542260664370e-03
2.541195244135e-03
2.540136021423e-03
2.549699218662e-03
2.548678301082e-03
2.547669143041e-03
2.546672625954e-03
2.545688519774e-03
2.544715712077e-03
2.543752976806e-03
2.542799442494e-03
2.541854893309e-03
2.540919534624e-03
2.549050605296e-03
2.548152334157e-03
2.547262445830e-03
2.546380562819e-03
2.545506991339e-03
2.544642654073e-03
2.543788435901e-03
2.542944591596e-03
2.542110220190e-03
2.541283709320e-03
2.548301874583e-03
2.547505284099e-03
2.546715160179e-03
2.545933203805e-03
2.545161030980e-03
2.544399309613e-03
2.543647490768e-03
2.542904223787e-03
2.542167978902e-03
2.541437545631e-03
2.547157498611e-03
2.546455364495e-03
2.545755433403e-03
2.545055102871e-03
2.544351603490e-03
2.543642687442e-03
2.542927015440e-03
2.542203907865e-03
2.541472673897e-03
2.540732064006e-03
2.545784460949e-03
2.545040162602e-03
2.544279345784e-03
2.543500187926e-03
2.542701536527e-03
2.541882604760e-03
2.541042579310e-03
2.540180568474e-03
2.539295855172e-03
2.538388276207e-03
2.544177792629e-03
2.543252521548e-03
2.542307845374e-03
2.541344886083e-03
2.540364544132e-03
2.539368054613e-03
2.538357303024e-03
2.537334952081e-03
2.536303942406e-03
2.535266758116e-03
2.541820610531e-03
2.540805517924e-03
2.539787250043e-03
2.538766698933e-03
2.537745677557e-03
2.536726647122e-03
2.535712117322e-03
2.534703982292e-03
2.533703490769e-03
2.532711564243e-03
2.538982119631e-03
2.538039050251e-03
2.537108711067e-03
2.536192197113e-03
2.535289147488e-03
2.534397686247e-03
2.533515230198e-03
2.532639618096e-03
2.531770051064e-03
2.530907173934e-03
2.536165155732e-03
2.535341896078e-03
2.534527586533e-03
2.533721179759e-03
2.532921228521e-03
2.532126635970e-03
2.531336997322e-03
2.530552176097e-03
2.529771552474e-03
2.528993482542e-03
2.533376664417e-03
2.532617238103e-03
2.531854386518e-03
2.531088606077e-03
2.530321799156e-03
2.529556168156e-03
2.528793176680e-03
2.528033087629e-03
2.527275410785e-03
2.526519882622e-03
2.530588179695e-03
2.529858257105e-03
2.529134455983e-03
2.528418082193e-03
2.527709290632e-03
2.527007644630e-03
2.526313042381e-03
2.525626788326e-03
2.524951696500e-03
2.524291270788e-03
2.527634059106e-03
2.527026157679e-03
2.526437230415e-03
2.525866747476e-03
2.525314810555e-03
2.524782470516e-03
2.524271148616e-03
2.523781409650e-03
2.523311993514e-03
2.522860114539e-03
2.524632644111e-03
2.524223286116e-03
2.523826559354e-03
2.523443880989e-03
2.523076500665e-03
2.522723777588e-03
2.522382852248e-03
2.522049514198e-03
2.521719984713e-03
2.521392149220e-03
2.522024156747e-03
2.521715455146e-03
2.521407107338e-03
2.521096471753e-03
2.520780188036e-03
2.520455986200e-03
2.520123938950e-03
2.519786593780e-03
2.519447210943e-03
2.519107853288e-03
2.519429685378e-03
2.519105284307e-03
2.518775519491e-03
2.518439563062e-03
2.518099181486e-03
2.517757821295e-03
2.517418771049e-03
2.517083509247e-03
2.516751492180e-03
2.516421382666e-03
2.516408830445e-03
2.516103336689e-03
2.515801930201e-03
2.515505652354e-03
2.515213436141e-03
2.514921953150e-03
2.514626901018e-03
2.514324690083e-03
2.514013588495e-03
2.513693466767e-03
2.513586431292e-03
2.513272909368e-03
2.512946116326e-03
2.512601280387e-03
2.512233539392e-03
2.511839021906e-03
2.511415150479e-03
2.510960073437e-03
2.510471821097e-03
2.509948073566e-03
2.511403475239e-03
2.510829648315e-03
2.510215975235e-03
2.509563304329e-03
2.508872815213e-03
2.508145377021e-03
2.507381122371e-03
2.506580008799e-03
2.505742462063e-03
2.504870010625e-03
2.508439311100e-03
2.507531844060e-03
2.506599316121e-03
2.505645678980e-03
2.504675073396e-03
2.503691955837e-03
2.502700799255e-03
2.501705657096e-03
2.500709728793e-03
2.499715302008e-03
2.503410040561e-03
2.502449987787e-03
2.501497872515e-03
2.500556914015e-03
2.499630539148e-03
2.498721687630e-03
2.497832694132e-03
2.496965304260e-03
2.496121030902e-03
2.495301097895e-03
2.497189643236e-03
2.496444132646e-03
2.495720706690e-03
2.495016190323e-03
2.494327315105e-03
2.493651609257e-03
2.492987814435e-03
2.492335612772e-03
2.491694749835e-03
2.491064246726e-03
2.491278062962e-03
2.490684542863e-03
2.490093724191e-03
2.489502803201e-03
2.488908728708e-03
2.488307826354e-03
2.487695636546e-03
2.487067502102e-03
2.486419590412e-03
2.485749722723e-03
2.485969779173e-03
2.485277151777e-03
2.484565226894e-03
2.483835303963e-03
2.483087978135e-03
2.482323368724e-03
2.481541521718e-03
2.480742670912e-03
2.479927187039e-03
2.479095441970e-03
2.480144326569e-03
2.479301388007e-03
2.478446344071e-03
2.477583314430e-03
2.476717693298e-03
2.475855350554e-03
2.475001645848e-03
2.474161047815e-03
2.473336989226e-03
2.472532130128e-03
2.473012813084e-03
2.472271247257e-03
2.471552444888e-03
2.470855781496e-03
2.470180397211e-03
2.469525990080e-03
2.468893529112e-03
2.468284830456e-03
2.467701619423e-03
2.467144159993e-03
2.465606750718e-03
2.465114479151e-03
2.464638125105e-03
2.464173609951e-03
2.463717396154e-03
2.463265860683e-03
2.462814384728e-03
2.462357154798e-03
2.461887844959e-03
2.461401267965e-03
2.459470542760e-03
2.458962209289e-03
2.458434006257e-03
2.457886040872e-03
2.457316318896e-03
2.456721084343e-03
2.456096376420e-03
2.455440033998e-03
2.454752662572e-03
2.454037027917e-03
2.453591048379e-03
2.452843952085e-03
2.452074302028e-03
2.451282262541e-03
2.450469379824e-03
2.449639875749e-03
2.448800220861e-03
2.447957206357e-03
2.447115807740e-03
2.446278079901e-03
2.446034757156e-03
2.445222479025e-03
2.444414672709e-03
2.443614994206e-03
2.442828522419e-03
2.442059836824e-03
2.441311223379e-03
2.440582306974e-03
2.439871281013e-03
2.439176712642e-03
2.437400463464e-03
2.436765633547e-03
2.436152411860e-03
2.435561496270e-03
2.434990808013e-03
2.434436117255e-03
2.433892886984e-03
2.433358485632e-03
2.432833151317e-03
2.432319345303e-03
2.429413452660e-03
2.428955509799e-03
2.428510165373e-03
2.428073138560e-03
2.427640307985e-03
2.427209702205e-03
2.426782027271e-03
2.426359413050e-03
2.425943211620e-03
2.425532448854e-03
2.422326014312e-03
2.421941912644e-03
2.421554288333e-03
2.421164482655e-03
2.420776023939e-03
2.420392076772e-03
2.420012878872e-03
2.419634871217e-03
2.419252252025e-03
2.418859863383e-03
2.415485839208e-03
2.415095540300e-03
2.414697905806e-03
2.414294797973e-03
2.413885049918e-03
2.413464983931e-03
2.413030820207e-03
2.412581259989e-03
2.412118139318e-03
2.411644882500e-03
2.408115605647e-03
2.407649270538e-03
2.407169697392e-03
2.406672314521e-03
2.406155112055e-03
2.405620115496e-03
2.405072154431e-03
2.404515882574e-03
2.403953112719e-03
2.403382377850e-03
2.399896151530e-03
2.399326012323e-03
2.398744518359e-03
2.398155363608e-03
2.397562009094e-03
2.396965228513e-03
2.396362614718e-03
2.395750398705e-03
2.395126274337e-03
2.394491094606e-03
2.391515626584e-03
2.390892615324e-03
2.390266398436e-03
2.389634684334e-03
2.388993661043e-03
2.388340680170e-03
2.387676169803e-03
2.387003155889e-03
2.386324869690e-03
2.385642394017e-03
2.383998988364e-03
2.383323523475e-03
2.382636268635e-03
2.381938247140e-03
2.381233277902e-03
2.380525721946e-03
2.379817911731e-03
2.379109384663e-03
2.378398336191e-03
2.377684176111e-03
2.377480024791e-03
2.376789460925e-03
2.376107643613e-03
2.375436942316e-03
2.374776240060e-03
2.374122443712e-03
2.373473314208e-03
2.372829643150e-03
2.372195177657e-03
2.371574444794e-03
2.371085164725e-03
2.370516846497e-03
2.369961296949e-03
2.369415759460e-03
2.368879679409e-03
2.368355001693e-03
2.367844167509e-03
2.367347624499e-03
2.366862540327e-03
2.366383798972e-03
2.364773816566e-03
2.364316369381e-03
2.363859221987e-03
2.363405378958e-03
2.362957091520e-03
2.362513908452e-03
2.362072600192e-03
2.361628960500e-03
2.361179988668e-03
2.360725022527e-03
2.358496346972e-03
2.358052967054e-03
2.357604585598e-03
2.357148202748e-03
2.356680050127e-03
2.356197486051e-03
2.355700397629e-03
2.355190983110e-03
2.354672236777e-03
2.354146116318e-03
2.351777409388e-03
2.351254764108e-03
2.350719474180e-03
2.350169556962e-03
2.349604578171e-03
2.349025364708e-03
2.348433028885e-03
2.347828007260e-03
2.347209813877e-03
2.346577650371e-03
2.344222432100e-03
2.343584681114e-03
2.342937305741e-03
2.342284052020e-03
2.341627975113e-03
2.340970436364e-03
2.340310905311e-03
2.339647688530e-03
2.338979236640e-03
2.338305265823e-03
2.335433595988e-03
2.334775587258e-03
2.334117604789e-03
2.333460651641e-03
2.332804724062e-03
2.332149533402e-03
2.331495320220e-03
2.330843194216e-03
2.330194422598e-03
2.329549233139e-03
2.326121032354e-03
2.325499419612e-03
2.324870634936e-03
2.324230396425e-03
2.323576330866e-03
2.322907971347e-03
2.322225725777e-03
2.321529496783e-03
2.320817969064e-03
2.320088981435e-03
2.317716684331e-03
2.316971427547e-03
2.316205681836e-03
2.315419971239e-03
2.314614024726e-03
2.313786471234e-03
2.312935525822e-03
2.312060324925e-03
2.311162013882e-03
2.310243976126e-03
2.309342942851e-03
2.308421265241e-03
2.307492223508e-03
2.306558350142e-03
2.305622167910e-03
2.304686928142e-03
2.303756758579e-03
2.302835996773e-03
2.301928243810e-03
2.301035911785e-03
2.298888404198e-03
2.298054060816e-03
2.297240710391e-03
2.296451413542e-03
2.295689186383e-03
2.294956039464e-03
2.294252547927e-03
2.293578137312e-03
2.292931910119e-03
2.292313111127e-03
2.286834138204e-03
2.286291356143e-03
2.285772698485e-03
2.285275375584e-03
2.284796025720e-03
2.284331547457e-03
2.283879388017e-03
2.283437403605e-03
2.283003194464e-03
2.282573761761e-03
2.275161348621e-03
2.274754252028e-03
2.274341303007e-03
2.273919943264e-03
2.273488063338e-03
2.273043531716e-03
2.272584040497e-03
2.272107296506e-03
2.271611635706e-03
2.271096187087e-03
2.264319906715e-03
2.263788338723e-03
2.263235994917e-03
2.262661705572e-03
2.262064313868e-03
2.261443165992e-03
2.260798426164e-03
2.260130769230e-03
2.259440967180e-03
2.258729672633e-03
2.253343469079e-03
2.252615438977e-03
2.251871416263e-03
2.251115171589e-03
2.250350188490e-03
2.249578693579e-03
2.248801507335e-03
2.248018909881e-03
2.247231913998e-03
2.246443080992e-03
2.241389676044e-03
2.240629001108e-03
2.239876660838e-03
2.239134316824e-03
2.238403657088e-03
2.237687873958e-03
2.236991925827e-03
2.236321525515e-03
2.235680923832e-03
2.235071297150e-03
2.228550110544e-03
2.228018600135e-03
2.227512085824e-03
2.227031837947e-03
2.226581019613e-03
2.226162360898e-03
2.225775845545e-03
2.225418599323e-03
2.225086599140e-03
2.224777420906e-03
2.216446928571e-03
2.216214497196e-03
2.216009381243e-03
2.215829443003e-03
2.215668713859e-03
2.215519703327e-03
2.215376991217e-03
2.215239289683e-03
2.215108814596e-03
2.214988206219e-03
2.205823035183e-03
2.205746733239e-03
2.205670698913e-03
2.205591192933e-03
2.205508660040e-03
2.205427159254e-03
2.205351311090e-03
2.205282919363e-03
2.205219730854e-03
2.205157281537e-03
2.195721172200e-03
2.195678364728e-03
2.195637474415e-03
2.195603271332e-03
2.195577767395e-03
2.195558889753e-03
2.195542297727e-03
2.195524726631e-03
2.195506647126e-03
2.195491888017e-03
2.185106786442e-03
2.185131144245e-03
2.185161108969e-03
2.185190564376e-03
2.185214047529e-03
2.185229412817e-03
2.185237865604e-03
2.185241266034e-03
2.185239011169e-03
2.185226838776e-03
2.174378662573e-03
2.174354363547e-03
2.174308900749e-03
2.174245462754e-03
2.174167887119e-03
2.174077086522e-03
2.173969690602e-03
2.173839927025e-03
2.173683381329e-03
2.173499980870e-03
2.163621880584e-03
2.163422388776e-03
2.163209303092e-03
2.162981957952e-03
2.162736997036e-03
2.162471963288e-03
2.162188391821e-03
2.161892036213e-03
2.161589948457e-03
2.161286683929e-03
2.151855352565e-03
2.151565739041e-03
2.151267447573e-03
2.150960850770e-03
2.150651129455e-03
2.150345703910e-03
2.150050187254e-03
2.149765477384e-03
2.149488005443e-03
2.149212872553e-03
2.139386239833e-03
2.139131166757e-03
2.138883195187e-03
2.138647174093e-03
2.138424434747e-03
2.138212258046e-03
2.138006243626e-03
2.137803894755e-03
2.137606802989e-03
2.137419991413e-03
2.126671394365e-03
2.126535805303e-03
2.126415283726e-03
2.126303979082e-03
2.126196311906e-03
2.126090113279e-03
2.125987374427e-03
2.125892250717e-03
2.125807811581e-03
2.125733653145e-03
2.113985917447e-03
2.113939178685e-03
2.113891577380e-03
2.113843724089e-03
2.113798378787e-03
2.113757353754e-03
2.113718895487e-03
2.113677156785e-03
2.113624455262e-03
2.113554784444e-03
2.102009237944e-03
2.101926039018e-03
2.101831240793e-03
2.101727421461e-03
2.101613436650e-03
2.101485308572e-03
2.101339218541e-03
2.101174475513e-03
2.100994318369e-03
2.100803800886e-03
2.090540229347e-03
2.090358057728e-03
2.090164331435e-03
2.089955019301e-03
2.089730016053e-03
2.089494995175e-03
2.089259468960e-03
2.089032504330e-03
2.088818758409e-03
2.088617610639e-03
2.078679331248e-03
2.078516823303e-03
2.078365044497e-03
2.078230863560e-03
2.078120760700e-03
2.078036659952e-03
2.077974611382e-03
2.077927741993e-03
2.077891379088e-03
2.077866799766e-03
2.066408277926e-03
2.066448413757e-03
2.066518029380e-03
2.066612750411e-03
2.066722775965e-03
2.066838536223e-03
2.066955861778e-03
2.067076899095e-03
2.067206401875e-03
2.067345897387e-03
2.054507819707e-03
2.054666212814e-03
2.054809069875e-03
2.054932700958e-03
2.055041344420e-03
2.055143294911e-03
2.055244321809e-03
2.055342736298e-03
2.055429928475e-03
2.055495877357e-03
2.043666650763e-03
2.043701578316e-03
2.043722604185e-03
2.043737999827e-03
2.043749644827e-03
2.043752455677e-03
2.043739160968e-03
2.043707024427e-03
2.043661547702e-03
2.043614448496e-03
2.032739401272e-03
2.032732762302e-03
2.032737325578e-03
2.032745437305e-03
2.032752158129e-03
2.032760079373e-03
2.032778625903e-03
2.032818546866e-03
2.032885501137e-03
2.032977444401e-03
2.020914111824e-03
2.021052787313e-03
2.021204790140e-03
2.021377585493e-03
2.021580415203e-03
2.021817984030e-03
2.022087061448e-03
2.022378442007e-03
2.022682722270e-03
2.022995820596e-03
2.008566618258e-03
2.008928209307e-03
2.009312022949e-03
2.009715910901e-03
2.010131818963e-03
2.010550200168e-03
2.010965209251e-03
2.011376841551e-03
2.011788959237e-03
2.012204570917e-03
1.995913754740e-03
1.996347540683e-03
1.996767022149e-03
1.997165972284e-03
1.997543897346e-03
1.997905170242e-03
1.998255320700e-03
1.998596916224e-03
1.998927802845e-03
1.999242795534e-03
1.982849357319e-03
1.983144080782e-03
1.983421012710e-03
1.983686354947e-03
1.983945496534e-03
1.984200479342e-03
1.984450264786e-03
1.984692923486e-03
1.984928501884e-03
1.985160491813e-03
1.968246698482e-03
1.968511920552e-03
1.968789244131e-03
1.969078076115e-03
1.969374950079e-03
1.969676235092e-03
1.969980999604e-03
1.970291822204e-03
1.970613549474e-03
1.970950248335e-03
1.952181098204e-03
1.952570835954e-03
1.952967086538e-03
1.953364683004e-03
1.953761656523e-03
1.954159428692e-03
1.954560440311e-03
1.954964882998e-03
1.955368747929e-03
1.955764734021e-03
1.936373090928e-03
1.936761396678e-03
1.937132722730e-03
1.937492481943e-03
1.937845414830e-03
1.938191788327e-03
1.938526724530e-03
1.938843151265e-03
1.939136500482e-03
1.939407923771e-03
1.921362204030e-03
1.921632875735e-03
1.921898307103e-03
1.922155930060e-03
1.922399380021e-03
1.922623602297e-03
1.922829529633e-03
1.923024701227e-03
1.923219461730e-03
1.923421137803e-03
1.906520038062e-03
1.906750836270e-03
1.906975181726e-03
1.907189874942e-03
1.907398454591e-03
1.907608777628e-03
1.907827355865e-03
1.908054609373e-03
1.908284319882e-03
1.908507900623e-03
1.892468474352e-03
1.892690746729e-03
1.892913297809e-03
1.893145830422e-03
1.893392750560e-03
1.893650629199e-03
1.893910762647e-03
1.894165145700e-03
1.894411701528e-03
1.894655289789e-03
1.878958807083e-03
1.879235943989e-03
1.879524936669e-03
1.879820990553e-03
1.880118611666e-03
1.880416630172e-03
1.880720266229e-03
1.881038811632e-03
1.881380426880e-03
1.881747445850e-03
1.865075085561e-03
1.865493790717e-03
1.865918638202e-03
1.866348413898e-03
1.866787633105e-03
1.867243069341e-03
1.867719051234e-03
1.868214544913e-03
1.868723834377e-03
1.869239995244e-03
1.851358022293e-03
1.851900744384e-03
1.852450479703e-03
1.853010250272e-03
1.853578914790e-03
1.854150426936e-03
1.854716206537e-03
1.855269274074e-03
1.855807386335e-03
1.856333280045e-03
1.838133053468e-03
1.838668679000e-03
1.839197684092e-03
1.839713814718e-03
1.840210015075e-03
1.840682376610e-03
1.841132139475e-03
1.841564299298e-03
1.841983785255e-03
1.842391856712e-03
1.824724402582e-03
1.825118916543e-03
1.825488706913e-03
1.825834437568e-03
1.826161091458e-03
1.826474471102e-03
1.826777040606e-03
1.827066100589e-03
1.827335723590e-03
1.827581056034e-03
1.810989056025e-03
1.811212490793e-03
1.811424813980e-03
1.811630884788e-03
1.811829950839e-03
1.812016623205e-03
1.812185429628e-03
1.812335309808e-03
1.812470868003e-03
1.812599485390e-03
1.796913205169e-03
1.797056397550e-03
1.797191623780e-03
1.797313518182e-03
1.797421833317e-03
1.797523196615e-03
1.797627733595e-03
1.797743236068e-03
1.797870606651e-03
1.798004259513e-03
1.782705221274e-03
1.782850700636e-03
1.782996956535e-03
1.783153068288e-03
1.783326346356e-03
1.783517022830e-03
1.783718238016e-03
1.783921107744e-03
1.784121583796e-03
1.784323933180e-03
1.768693363431e-03
1.768944245839e-03
1.769217519325e-03
1.769505906282e-03
1.769798361806e-03
1.770087649618e-03
1.770375203819e-03
1.770669650341e-03
1.770980135632e-03
1.771309232993e-03
1.754677096358e-03
1.755038577357e-03
1.755394831605e-03
1.755747605557e-03
1.756107080439e-03
1.756485347642e-03
1.756888557850e-03
1.757313425458e-03
1.757750347849e-03
1.758190997919e-03
1.740512329775e-03
1.740987889718e-03
1.741485457785e-03
1.742011593194e-03
1.742563954394e-03
1.743133327409e-03
1.743710343135e-03
1.744292178216e-03
1.744884331742e-03
1.745496361252e-03
1.725694556967e-03
1.726382589709e-03
1.727086237679e-03
1.727794218823e-03
1.728499679018e-03
1.729203071136e-03
1.729909468111e-03
1.730622620983e-03
1.731340146421e-03
1.732053308615e-03
1.711093592348e-03
1.711795814742e-03
1.712475054035e-03
1.713136016008e-03
1.713783651837e-03
1.714418420477e-03
1.715035083691e-03
1.715625622353e-03
1.716183883843e-03
1.716708808942e-03
1.696673585627e-03
1.697168734552e-03
1.697641063060e-03
1.698088984426e-03
1.698508478000e-03
1.698896810751e-03
1.699255041331e-03
1.699588153031e-03
1.699902479288e-03
1.700202544043e-03
1.681031313126e-03
1.681324562810e-03
1.681599858784e-03
1.681856898585e-03
1.682098373010e-03
1.682328664799e-03
1.682551784825e-03
1.682769608919e-03
1.682981725423e-03
1.683186781065e-03
1.664160913833e-03
1.664371102834e-03
1.664577361339e-03
1.664782778676e-03
1.664989279675e-03
1.665196934255e-03
1.665404376638e-03
1.665610216833e-03
1.665814402656e-03
1.666018881735e-03
1.647013181469e-03
1.647246818777e-03
1.647489744414e-03
1.647742045179e-03
1.648002330342e-03
1.648269361567e-03
1.648543525505e-03
1.648827514487e-03
1.649125460006e-03
1.649441135328e-03
1.630259682599e-03
1.630633291029e-03
1.631024907624e-03
1.631434208264e-03
1.631863080718e-03
1.632315186271e-03
1.632794030570e-03
1.633300842627e-03
1.633833701987e-03
1.634388850619e-03
1.614463700548e-03
1.615076656662e-03
1.615710582428e-03
1.616369031183e-03
1.617053889674e-03
1.617763808838e-03
1.618494631145e-03
1.619241735170e-03
1.620002518166e-03
1.620777212906e-03
1.599927130428e-03
1.600754030903e-03
1.601594681404e-03
1.602444014623e-03
1.603296523115e-03
1.604148712261e-03
1.605000311883e-03
1.605853212823e-03
1.606708931604e-03
1.607566639279e-03
1.586281543041e-03
1.587152657351e-03
1.588014558422e-03
1.588866484951e-03
1.589709389691e-03
1.590543993757e-03
1.591369001403e-03
1.592181046931e-03
1.592976228437e-03
1.593752052429e-03
1.573249871967e-03
1.574009610863e-03
1.574753220837e-03
1.575480770384e-03
1.576190552839e-03
1.576880113646e-03
1.577547833563e-03
1.578193550415e-03
1.578818023802e-03
1.579421421752e-03
1.560956712126e-03
1.561532394248e-03
1.562080130668e-03
1.562598881833e-03
1.563089653530e-03
1.563554718473e-03
1.563996004847e-03
1.564413882249e-03
1.564807033049e-03
1.565173495976e-03
1.549845594184e-03
1.550173290582e-03
1.550474263183e-03
1.550749963371e-03
1.551001164046e-03
1.551227824677e-03
1.551429840504e-03
1.551608099362e-03
1.551765153579e-03
1.551905059671e-03
1.539258475759e-03
1.539392288294e-03
1.539520559390e-03
1.539644797845e-03
1.539765922644e-03
1.539885352543e-03
1.540006102005e-03
1.540133088952e-03
1.540272709462e-03
1.540431376839e-03
1.527608804622e-03
1.527833334023e-03
1.528086755570e-03
1.528370679353e-03
1.528688278938e-03
1.529044641245e-03
1.529445438507e-03
1.529894754015e-03
1.530393286430e-03
1.530938519409e-03
1.514595145238e-03
1.515240938943e-03
1.515930835467e-03
1.516669607440e-03
1.517461109870e-03
1.518304859360e-03
1.519194890022e-03
1.520122267777e-03
1.521079430233e-03
1.522063681989e-03
1.502148210079e-03
1.503210544797e-03
1.504304414652e-03
1.505423179367e-03
1.506556086781e-03
1.507693487838e-03
1.508831389458e-03
1.509972306167e-03
1.511121383089e-03
1.512280597808e-03
1.491108463028e-03
1.492287014742e-03
1.493451352417e-03
1.494598066586e-03
1.495731552723e-03
1.496860222687e-03
1.497989677318e-03
1.499118017819e-03
1.500236527079e-03
1.501335568719e-03
1.480163282565e-03
1.481240182954e-03
1.482308017955e-03
1.483373929887e-03
1.484436914495e-03
1.485487984496e-03
1.486516207422e-03
1.487516251473e-03
1.488491765485e-03
1.489451931207e-03
1.467703027515e-03
1.468664431343e-03
1.469604017984e-03
1.470507771387e-03
1.471367673162e-03
1.472186215949e-03
1.472973553632e-03
1.473738912296e-03
1.474482718152e-03
1.475195218973e-03
1.454734209460e-03
1.455366638538e-03
1.455948076114e-03
1.456490603232e-03
1.457007055365e-03
1.457501758182e-03
1.457968040938e-03
1.458393826340e-03
1.458771719854e-03
1.459106252696e-03
1.442142308747e-03
1.442456968675e-03
1.442772108533e-03
1.443085567132e-03
1.443386902224e-03
1.443667530737e-03
1.443929384436e-03
1.444186177821e-03
1.444456079071e-03
1.444751510633e-03
1.428949801948e-03
1.429304418593e-03
1.429665008857e-03
1.430030023130e-03
1.430409521049e-03
1.430819618008e-03
1.431272574564e-03
1.431769203805e-03
1.432299330304e-03
1.432849346315e-03
1.415961285545e-03
1.416554787340e-03
1.417176299128e-03
1.417837376493e-03
1.418541230919e-03
1.419280644711e-03
1.420043374594e-03
1.420820574992e-03
1.421612514548e-03
1.422427690443e-03
1.403338573994e-03
1.404238858584e-03
1.405170562577e-03
1.406121797231e-03
1.407081876835e-03
1.408047614120e-03
1.409024336738e-03
1.410021150321e-03
1.411043825158e-03
1.412090082738e-03
1.391163379765e-03
1.392244402439e-03
1.393321209207e-03
1.394393719011e-03
1.395466370582e-03
1.396542421730e-03
1.397619078489e-03
1.398686883419e-03
1.399733595179e-03
1.400750030939e-03
1.380714688423e-03
1.381688029937e-03
1.382636807364e-03
1.383561299576e-03
1.384454888409e-03
1.385306248551e-03
1.386104863343e-03
1.386846084813e-03
1.387532576246e-03
1.388170973314e-03
1.371812014156e-03
1.372379877239e-03
1.372898711338e-03
1.373362256402e-03
1.373768981864e-03
1.374124822121e-03
1.374440998347e-03
1.374728344672e-03
1.374991959949e-03
1.375229959137e-03
1.362274517589e-03
1.362463067892e-03
1.362625106140e-03
1.362774038455e-03
1.362925145827e-03
1.363088624373e-03
1.363266216629e-03
1.363453475960e-03
1.363646239838e-03
1.363846711570e-03
1.350819005779e-03
1.351082204508e-03
1.351384419081e-03
1.351725344477e-03
1.352097045242e-03
1.352490426484e-03
1.352902620170e-03
1.353339727245e-03
1.353812895672e-03
1.354330512356e-03
1.339007509671e-03
1.339618589952e-03
1.340249303780e-03
1.340890767267e-03
1.341543290437e-03
1.342214308181e-03
1.342910736298e-03
1.343631983161e-03
1.344368415005e-03
1.345106637643e-03
1.329824100424e-03
1.330564597822e-03
1.331307800285e-03
1.332063475161e-03
1.332834195239e-03
1.333612580709e-03
1.334385900520e-03
1.335144488564e-03
1.335888084952e-03
1.336625587214e-03
1.322706954909e-03
1.323476905782e-03
1.324254711847e-03
1.325031415206e-03
1.325800295206e-03
1.326563381269e-03
1.327331455172e-03
1.328117867502e-03
1.328930162117e-03
1.329765842456e-03
1.315256734983e-03
1.316128551309e-03
1.317003280917e-03
1.317888633196e-03
1.318796337046e-03
1.319734274432e-03
1.320701471229e-03
1.321689797976e-03
1.322690421659e-03
1.323700605155e-03
1.306949600234e-03
1.308016718099e-03
1.309112504885e-03
1.310233635706e-03
1.311369186055e-03
1.312506649981e-03
1.313638735098e-03
1.314766152404e-03
1.315894751770e-03
1.317029317534e-03
1.298849614273e-03
1.300003861786e-03
1.301144914123e-03
1.302265779714e-03
1.303365082549e-03
1.304445367566e-03
1.305508635539e-03
1.306552758820e-03
1.307571300401e-03
1.308556674758e-03
1.292689701813e-03
1.293616018359e-03
1.294507644957e-03
1.295367952366e-03
1.296197687509e-03
1.296994759514e-03
1.297756367819e-03
1.298481509480e-03
1.299171718074e-03
1.299829799564e-03
1.287433391781e-03
1.288046421848e-03
1.288629530336e-03
1.289184046129e-03
1.289713976860e-03
1.290224998399e-03
1.290722053398e-03
1.291207146949e-03
1.291679398207e-03
1.292137415192e-03
1.281144079428e-03
1.281592012276e-03
1.282038171951e-03
1.282488446634e-03
1.282944977390e-03
1.283406265941e-03
1.283869978749e-03
1.284336703748e-03
1.284811264384e-03
1.285301076166e-03
1.273452070620e-03
1.273996080158e-03
1.274557803072e-03
1.275130957254e-03
1.275711876588e-03
1.276302311567e-03
1.276908431294e-03
1.277536834266e-03
1.278190202868e-03
1.278865563393e-03
1.265945496584e-03
1.266658333066e-03
1.267378619048e-03
1.268108621332e-03
1.268851975624e-03
1.269609812084e-03
1.270378534514e-03
1.271150925334e-03
1.271919650151e-03
1.272680932288e-03
1.259836194777e-03
1.260602871014e-03
1.261370398595e-03
1.262138618813e-03
1.262903411316e-03
1.263658904122e-03
1.264400608648e-03
1.265127482213e-03
1.265841700103e-03
1.266546512454e-03
1.254081475565e-03
1.254786243123e-03
1.255480379314e-03
1.256162134325e-03
1.256832230979e-03
1.257494139850e-03
1.258152795742e-03
1.258812285812e-03
1.259474377150e-03
1.260138537475e-03
1.247241937392e-03
1.247924488325e-03
1.248608451590e-03
1.249296727451e-03
1.249992111525e-03
1.250695899330e-03
1.251407290283e-03
1.252124320956e-03
1.252845446857e-03
1.253570555491e-03
1.239492486604e-03
1.240247496071e-03
1.241007848989e-03
1.241770369290e-03
1.242530244951e-03
1.243282926680e-03
1.244025679455e-03
1.244757808990e-03
1.245479424028e-03
1.246189534299e-03
1.232460788060e-03
1.233153141868e-03
1.233821925155e-03
1.234465375717e-03
1.235084265375e-03
1.235680626223e-03
1.236255331662e-03
1.236806761483e-03
1.237331363768e-03
1.237825917599e-03
1.226854056597e-03
1.227302372399e-03
1.227727375806e-03
1.228133048755e-03
1.228520668292e-03
1.228889017000e-03
1.229236557435e-03
1.229563989057e-03
1.229875086267e-03
1.230175430067e-03
1.221421321304e-03
1.221720832632e-03
1.222014736015e-03
1.222301408916e-03
1.222581291643e-03
1.222857673895e-03
1.223135423913e-03
1.223418381755e-03
1.223707722943e-03
1.224002348124e-03
1.215187035029e-03
1.215500594355e-03
1.215823295297e-03
1.216159787646e-03
1.216512921076e-03
1.216882615836e-03
1.217267073230e-03
1.217665563843e-03
1.218080497779e-03
1.218517045970e-03
1.207430832835e-03
1.207934272372e-03
1.208465155230e-03
1.209020530041e-03
1.209599989636e-03
1.210207795850e-03
1.210851467363e-03
1.211537395534e-03
1.212266585298e-03
1.213033928650e-03
1.197907709297e-03
1.198747772605e-03
1.199616380859e-03
1.200520586622e-03
1.201466619932e-03
1.202454161159e-03
1.203474913098e-03
1.204517161966e-03
1.205572930019e-03
1.206642944965e-03
1.188204989887e-03
1.189347823981e-03
1.190522021432e-03
1.191717990366e-03
1.192920328208e-03
1.194116932822e-03
1.195306029103e-03
1.196496204500e-03
1.197699134025e-03
1.198920285788e-03
1.179217768822e-03
1.180470919564e-03
1.181713015342e-03
1.182943977540e-03
1.184175638969e-03
1.185424550272e-03
1.186701314396e-03
1.188003877701e-03
1.189319893285e-03
1.190636264482e-03
1.170587568595e-03
1.171922888943e-03
1.173279946102e-03
1.174671024671e-03
1.176096388576e-03
1.177544701136e-03
1.179001563571e-03
1.180459982493e-03
1.181924977516e-03
1.183408879115e-03
1.161534187247e-03
1.163086457950e-03
1.164647181213e-03
1.166195009887e-03
1.167714715223e-03
1.169203639790e-03
1.170669218425e-03
1.172119336275e-03
1.173552830551e-03
1.174956808995e-03
1.153743819032e-03
1.155050807654e-03
1.156292470739e-03
1.157476161723e-03
1.158611042626e-03
1.159698725644e-03
1.160729820867e-03
1.161688968637e-03
1.162564685956e-03
1.163357139205e-03
1.147100041976e-03
1.147776719847e-03
1.148411850806e-03
1.149008110644e-03
1.149560621570e-03
1.150064905062e-03
1.150524605634e-03
1.150953260435e-03
1.151369175773e-03
1.151787210063e-03
1.138254428099e-03
1.138693392534e-03
1.139134527989e-03
1.139580416918e-03
1.140042713644e-03
1.140538765071e-03
1.141083908180e-03
1.141685198149e-03
1.142340287629e-03
1.143042071021e-03
1.127219188561e-03
1.128015370739e-03
1.128863256440e-03
1.129770953014e-03
1.130740871474e-03
1.131767243749e-03
1.132838894762e-03
1.133945021763e-03
1.135080417271e-03
1.136246244585e-03
1.116176951712e-03
1.117424294364e-03
1.118700289737e-03
1.119992363101e-03
1.121286497494e-03
1.122573048576e-03
1.123849407804e-03
1.125118308721e-03
1.126382504424e-03
1.127639613856e-03
1.105946822634e-03
1.107175002062e-03
1.108364831452e-03
1.109513455162e-03
1.110625490583e-03
1.111708566498e-03
1.112767155917e-03
1.113798869937e-03
1.114795790443e-03
1.115749991129e-03
1.095622887760e-03
1.096510955620e-03
1.097373390337e-03
1.098220600738e-03
1.099055431496e-03
1.099872243969e-03
1.100662266424e-03
1.101421371175e-03
1.102155151898e-03
1.102877417168e-03
1.083720158931e-03
1.084471886259e-03
1.085231393517e-03
1.085988577472e-03
1.086734974308e-03
1.087471397284e-03
1.088208989415e-03
1.088962896802e-03
1.089742577960e-03
1.090545685940e-03
1.070688362347e-03
1.071513109821e-03
1.072329308897e-03
1.073144022598e-03
1.073972237180e-03
1.074826458648e-03
1.075707971040e-03
1.076605681703e-03
1.077503567501e-03
1.078391559702e-03
1.058783667474e-03
1.059683502433e-03
1.060605251212e-03
1.061555167666e-03
1.062526170813e-03
1.063502905481e-03
1.064472453834e-03
1.065433426447e-03
1.066397161310e-03
1.067380358336e-03
1.048152517626e-03
1.049208428299e-03
1.050282508345e-03
1.051361406894e-03
1.052439755256e-03
1.053524117253e-03
1.054628603526e-03
1.055765182116e-03
1.056935694407e-03
1.058130366118e-03
1.038856353603e-03
1.040071417549e-03
1.041283369830e-03
1.042500286530e-03
1.043732367805e-03
1.044983778229e-03
1.046248744672e-03
1.047514303650e-03
1.048767413181e-03
1.050001614772e-03
1.031526462612e-03
1.032747842771e-03
1.033964241572e-03
1.035173908804e-03
1.036367849849e-03
1.037534482634e-03
1.038665655642e-03
1.039760776052e-03
1.040826325266e-03
1.041871411530e-03
1.024800727066e-03
1.025832936818e-03
1.026846775403e-03
1.027836971787e-03
1.028802387623e-03
1.029748405358e-03
1.030685151761e-03
1.031622999960e-03
1.032567886341e-03
1.033519663395e-03
1.015662073087e-03
1.016634851624e-03
1.017610389340e-03
1.018597957398e-03
1.019609938339e-03
1.020656052845e-03
1.021738881946e-03
1.022853713778e-03
1.023992871581e-03
1.025151845454e-03
1.003533518428e-03
1.004766784263e-03
1.006037764910e-03
1.007347805739e-03
1.008689844355e-03
1.010051946025e-03
1.011424399223e-03
1.012805479718e-03
1.014201654641e-03
1.015621718579e-03
9.912770630649e-04
9.927665693681e-04
9.942610944336e-04
9.957459072325e-04
9.972143952268e-04
9.986706274958e-04
1.000124410780e-03
1.001582370350e-03
1.003041195759e-03
1.004488298065e-03
9.817554537221e-04
9.831603241537e-04
9.845364137391e-04
9.858961886380e-04
9.872499789481e-04
9.885973229302e-04
9.899257166808e-04
9.912179934872e-04
9.924631322633e-04
9.936631038840e-04
9.747631347636e-04
9.759240859353e-04
9.770711891974e-04
9.781960740156e-04
9.792826895136e-04
9.803181271195e-04
9.813012180189e-04
9.822426915207e-04
9.831567336391e-04
9.840501773510e-04
9.684818554092e-04
9.693158258415e-04
9.700930157237e-04
9.708102818422e-04
9.714781269281e-04
9.721139746262e-04
9.727311285701e-04
9.733309208286e-04
9.739034337599e-04
9.744359999786e-04
9.624516530380e-04
9.629098960886e-04
9.633449218995e-04
9.637711765436e-04
9.641941288692e-04
9.646088392401e-04
9.650060476929e-04
9.653811821408e-04
9.657400521519e-04
9.660972975780e-04
9.554719721336e-04
9.558773675167e-04
9.563054410933e-04
9.567482960620e-04
9.571985028742e-04
9.576554008390e-04
9.581263677774e-04
9.586224998657e-04
9.591524014922e-04
9.597180205674e-04
9.473008319674e-04
9.479366191272e-04
9.485969077900e-04
9.492854393329e-04
9.500096574016e-04
9.507762617318e-04
9.515874030512e-04
9.524398744816e-04
9.533274483715e-04
9.542447780859e-04
9.385530932491e-04
9.395441720130e-04
9.405704170149e-04
9.416352061180e-04
9.427387574874e-04
9.438780408573e-04
9.450484407125e-04
9.462459443625e-04
9.474687466877e-04
9.487170684679e-04
9.297385637979e-04
9.310573364587e-04
9.323993847374e-04
9.337595890315e-04
9.351321384656e-04
9.365122949134e-04
9.378976661765e-04
9.392876858669e-04
9.406820988715e-04
9.420789896240e-04
9.219581072557e-04
9.233640411708e-04
9.247560028598e-04
9.261305081623e-04
9.274868652369e-04
9.288259031450e-04
9.301477959411e-04
9.314504550275e-04
9.327294814625e-04
9.339799771624e-04
9.158045097024e-04
9.170069458833e-04
9.181768056692e-04
9.193147202495e-04
9.204199394617e-04
9.214903629982e-04
9.225240957562e-04
9.235212086196e-04
9.244841334635e-04
9.254164022536e-04
9.105655127541e-04
9.114552833580e-04
9.123139279836e-04
9.131384867374e-04
9.139275662164e-04
9.146821921604e-04
9.154048181585e-04
9.160975812392e-04
9.167612352030e-04
9.173957430448e-04
9.056456926828e-04
9.062386527035e-04
9.068115238051e-04
9.073695499069e-04
9.079157996439e-04
9.084502988230e-04
9.089714048969e-04
9.094784304011e-04
9.099736461167e-04
9.104622213272e-04
9.002130690305e-04
9.007164613308e-04
9.012268773745e-04
9.017462171528e-04
9.022777463201e-04
9.028272809815e-04
9.034020617946e-04
9.040081241096e-04
9.046478891719e-04
9.053201613938e-04
8.935180254639e-04
8.942615872911e-04
8.950371073411e-04
8.958490922737e-04
8.967008539003e-04
8.975919832324e-04
8.985186788664e-04
8.994765606758e-04
9.004638460510e-04
9.014822779818e-04
8.865095693409e-04
8.876095083110e-04
8.887383952469e-04
8.898868752567e-04
8.910457515867e-04
8.922103506279e-04
8.933816599210e-04
8.945632696395e-04
8.957562144474e-04
8.969558321610e-04
8.801908505234e-04
8.813902081215e-04
8.825762806168e-04
8.837541278695e-04
8.849321709476e-04
8.861156987336e-04
8.873024078184e-04
8.884837005780e-04
8.896506455471e-04
8.908008186381e-04
8.739578620407e-04
8.751109765512e-04
8.762736874246e-04
8.774463221926e-04
8.786210320864e-04
8.797880518046e-04
8.809434465888e-04
8.820926629483e-04
8.832471019105e-04
8.844161561115e-04
8.672037415067e-04
8.684061193662e-04
8.695999519546e-04
8.707760015909e-04
8.719347186457e-04
8.730844616593e-04
8.742339651917e-04
8.753846819900e-04
8.765282767058e-04
8.776511733686e-04
8.625634959571e-04
8.636346905746e-04
8.646799126950e-04
8.657088684458e-04
8.667262056861e-04
8.677279550398e-04
8.687042960105e-04
8.696466423999e-04
8.705538352842e-04
8.714332710156e-04
8.606110949358e-04
8.614778862466e-04
8.623392758977e-04
8.631912551778e-04
8.640288914989e-04
8.648517056713e-04
8.656657780080e-04
8.664813864812e-04
8.673080747599e-04
8.681507133019e-04
8.592260173259e-04
8.601083636677e-04
8.610019414164e-04
8.619086659678e-04
8.628333273464e-04
8.637811045560e-04
8.647549825014e-04
8.657547648454e-04
8.667779009102e-04
8.678212653308e-04
8.578297144481e-04
8.589230871507e-04
8.600349881362e-04
8.611667298624e-04
8.623192094319e-04
8.634920995405e-04
8.646832906720e-04
8.658889824460e-04
8.671047721123e-04
8.683274707550e-04
8.567721372401e-04
8.580263001363e-04
8.592924294817e-04
8.605722391053e-04
8.618639416227e-04
8.631627068780e-04
8.644635515793e-04
8.657648609187e-04
8.670698458673e-04
8.683846931490e-04
8.553569002174e-04
8.567164434226e-04
8.580841115986e-04
8.594516404514e-04
8.608137594592e-04
8.621716891639e-04
8.635317997800e-04
8.649005185362e-04
8.662786913192e-04
8.676596318651e-04
8.534125587403e-04
8.547835644777e-04
8.561371328710e-04
8.574798221730e-04
8.588201520183e-04
8.601614003396e-04
8.614980155812e-04
8.628181386712e-04
8.641107216931e-04
8.653723785415e-04
8.521139210416e-04
8.533495432630e-04
8.545770716637e-04
8.557946973156e-04
8.569931538318e-04
8.581625370425e-04
8.592999390657e-04
8.604124197404e-04
8.615128826932e-04
8.626117946733e-04
8.516870617541e-04
8.527901430284e-04
8.538720537103e-04
8.549257198069e-04
8.559541138879e-04
8.569683667474e-04
8.579801831843e-04
8.589940869683e-04
8.600047852383e-04
8.610015481736e-04
8.530048647799e-04
8.539704956547e-04
8.549237161333e-04
8.558756463799e-04
8.568313214141e-04
8.577856959278e-04
8.587264877065e-04
8.596420969411e-04
8.605291672552e-04
8.613948394895e-04
8.554704559742e-04
8.563416176344e-04
8.572181482123e-04
8.580945085441e-04
8.589626802973e-04
8.598195628338e-04
8.606710197796e-04
8.615295827781e-04
8.624076546084e-04
8.633107970013e-04
8.563705914071e-04
8.573209076417e-04
8.582811549900e-04
8.592556828830e-04
8.602575554164e-04
8.613026722060e-04
8.624020420029e-04
8.635571138029e-04
8.647612835375e-04
8.660065115009e-04
8.551405880439e-04
8.564796609107e-04
8.578732080764e-04
8.593291784678e-04
8.608472002720e-04
8.624180337051e-04
8.640290309927e-04
8.656718101179e-04
8.673469778842e-04
8.690623068333e-04
8.541052957298e-04
8.559302320919e-04
8.577936245047e-04
8.596784938391e-04
8.615693179195e-04
8.634590850534e-04
8.653502579818e-04
8.672490938011e-04
8.691571159147e-04
8.710658464679e-04
8.554013143680e-04
8.572752039981e-04
8.591069656632e-04
8.608984872467e-04
8.626581224576e-04
8.643916075357e-04
8.660947991075e-04
8.677534449362e-04
8.693502188635e-04
8.708743897046e-04
8.584992307306e-04
8.599042188280e-04
8.612580176077e-04
8.625624864749e-04
8.638086533779e-04
8.649824922031e-04
8.660748596867e-04
8.670883587456e-04
8.680364940119e-04
8.689354979197e-04
8.608081319608e-04
8.616386155609e-04
8.624186896782e-04
8.631419522089e-04
8.638123514970e-04
8.644448351447e-04
8.650583921508e-04
8.656664611522e-04
8.662716430194e-04
8.668684852182e-04
8.616954864920e-04
8.622830278568e-04
8.628772322936e-04
8.634982589228e-04
8.641615493161e-04
8.648716598145e-04
8.656235541480e-04
8.664103448837e-04
8.672316504317e-04
8.680963176744e-04
8.621602540302e-04
8.631611923988e-04
8.642290167131e-04
8.653550864892e-04
8.665289569194e-04
8.677462753326e-04
8.690116870298e-04
8.703346750849e-04
8.717215465026e-04
8.731692670381e-04
8.643634927239e-04
8.659063749974e-04
8.674737817955e-04
8.690648634797e-04
8.706843710229e-04
8.723356199880e-04
8.740147994786e-04
8.757108795976e-04
8.774112067726e-04
8.791084295581e-04
8.693989337871e-04
8.711100006167e-04
8.728307471415e-04
8.745592464834e-04
8.762860238107e-04
8.779990555468e-04
8.796906240036e-04
8.813609281901e-04
8.830160540469e-04
8.846621809653e-04
8.750656049301e-04
8.767009232429e-04
8.783135521071e-04
8.798981610880e-04
8.814559233201e-04
8.829929786884e-04
8.845154085293e-04
8.860242037940e-04
8.875140363216e-04
8.889764017681e-04
8.806928242393e-04
8.820992350138e-04
8.834751461109e-04
8.848262819470e-04
8.861556354418e-04
8.874618774257e-04
8.887410775742e-04
8.899904396458e-04
8.912109182120e-04
8.924069899763e-04
8.864992293525e-04
8.876740558890e-04
8.888330291370e-04
8.899737599108e-04
8.910942381135e-04
8.921949063279e-04
8.932788549032e-04
8.943503750629e-04
8.954129902463e-04
8.964684935222e-04
8.922181756361e-04
8.932729309095e-04
8.943211927317e-04
8.953634394970e-04
8.963995206273e-04
8.974279473932e-04
8.984460701527e-04
8.994508237379e-04
9.004395285501e-04
9.014101189564e-04
8.980888195538e-04
8.990288033033e-04
8.999446832263e-04
9.008343889150e-04
9.016964056627e-04
9.025298735992e-04
9.033341347617e-04
9.041080754741e-04
9.048499848632e-04
9.055580492259e-04
9.042496295706e-04
9.048978088799e-04
9.055141669592e-04
9.061022587957e-04
9.066661462498e-04
9.072099161358e-04
9.077378458073e-04
9.082546755508e-04
9.087656055726e-04
9.092759407281e-04
9.091764280811e-04
9.097081916138e-04
9.102527598088e-04
9.108146003314e-04
9.113985792624e-04
9.120093886850e-04
9.126506399753e-04
9.133242485291e-04
9.140308445126e-04
9.147707912689e-04
9.130538438740e-04
9.138739745254e-04
9.147304502903e-04
9.156214712220e-04
9.165424863795e-04
9.174873387110e-04
9.184506802740e-04
9.194296602573e-04
9.204237687186e-04
9.214327948257e-04
9.189605361826e-04
9.200016840509e-04
9.210418774614e-04
9.220748367511e-04
9.230983812927e-04
9.241146283898e-04
9.251275470774e-04
9.261394390592e-04
9.271492535845e-04
9.281537798529e-04
9.272573858539e-04
9.282643098913e-04
9.292745288576e-04
9.302977044285e-04
9.313413672771e-04
9.324084486479e-04
9.334983568579e-04
9.346107533474e-04
9.357492685353e-04
9.369222438522e-04
9.348806195248e-04
9.361632330069e-04
9.374997634382e-04
9.388872423415e-04
9.403216481587e-04
9.418018478868e-04
9.433307635618e-04
9.449127971379e-04
9.465495103882e-04
9.482369139278e-04
9.425061474531e-04
9.442811636973e-04
9.460818300226e-04
9.479058139163e-04
9.497526330051e-04
9.516194560319e-04
9.534984244510e-04
9.553776436633e-04
9.572451540407e-04
9.590930437753e-04
9.538081068285e-04
9.556255414509e-04
9.574198874702e-04
9.591861347644e-04
9.609160541686e-04
9.626017204027e-04
9.642392461160e-04
9.658298219506e-04
9.673773139980e-04
9.688844010611e-04
9.676392843971e-04
9.690713197301e-04
9.704544960414e-04
9.717893891548e-04
9.730813372926e-04
9.743382011038e-04
9.755664898989e-04
9.767690008857e-04
9.779452862517e-04
9.790944541805e-04
9.804518753072e-04
9.815642673630e-04
9.826619447040e-04
9.837497763101e-04
9.848296990072e-04
9.859014171525e-04
9.869646278275e-04
9.880209582889e-04
9.890740008132e-04
9.901276855544e-04
9.907952139088e-04
9.918653575482e-04
9.929374576814e-04
9.940109224544e-04
9.950864531447e-04
9.961652909851e-04
9.972476706821e-04
9.983320142624e-04
9.994157538813e-04
1.000497190319e-03
9.995809994052e-04
1.000674464024e-03
1.001769228310e-03
1.002863161034e-03
1.003950970130e-03
1.005026763266e-03
1.006087405869e-03
1.007134159067e-03
1.008170882187e-03
1.009199961175e-03
1.007832142818e-03
1.008849522066e-03
1.009841849395e-03
1.010805628937e-03
1.011744021923e-03
1.012664290613e-03
1.013571969395e-03
1.014465866149e-03
1.015337999092e-03
1.016178719340e-03
1.016628668424e-03
1.017418095955e-03
1.018188507601e-03
1.018950845150e-03
1.019708332933e-03
1.020454951288e-03
1.021180995281e-03
1.021881507029e-03
1.022561826233e-03
1.023235674893e-03
1.025628474338e-03
1.026336829000e-03
1.027051924098e-03
1.027761506521e-03
1.028456963070e-03
1.029140930086e-03
1.029826855927e-03
1.030530819605e-03
1.031261241678e-03
1.032013872589e-03
1.034632468986e-03
1.035405035623e-03
1.036173722696e-03
1.036949213301e-03
1.037746819691e-03
1.038575603729e-03
1.039431783283e-03
1.040301136186e-03
1.041169016162e-03
1.042030865733e-03
1.043927415935e-03
1.044824792928e-03
1.045755944062e-03
1.046722806734e-03
1.047715430900e-03
1.048720412143e-03
1.049731575961e-03
1.050755190192e-03
1.051806327496e-03
1.052898670935e-03
1.051482248158e-03
1.052666519456e-03
1.053870660883e-03
1.055084875190e-03
1.056311541959e-03
1.057563584709e-03
1.058855505562e-03
1.060193273190e-03
1.061570139768e-03
1.062970873193e-03
1.057398944113e-03
1.058829091278e-03
1.060269684899e-03
1.061729861703e-03
1.063213223631e-03
1.064712449192e-03
1.066211614614e-03
1.067694641904e-03
1.069153934225e-03
1.070593425084e-03
1.063332876583e-03
1.064779274316e-03
1.066226453190e-03
1.067665044843e-03
1.069082115066e-03
1.070469750516e-03
1.071830208389e-03
1.073174495332e-03
1.074515327105e-03
1.075859505306e-03
1.069069581888e-03
1.070422786029e-03
1.071764490007e-03
1.073097956407e-03
1.074435688395e-03
1.075794061535e-03
1.077185290285e-03
1.078611995581e-03
1.080067959549e-03
1.081544306714e-03
1.074233549673e-03
1.075760347021e-03
1.077317991303e-03
1.078915283131e-03
1.080552963003e-03
1.082221832746e-03
1.083907164343e-03
1.085596320877e-03
1.087284614584e-03
1.088975170205e-03
1.080820304082e-03
1.082539178526e-03
1.084255231262e-03
1.085951134598e-03
1.087609545209e-03
1.089220486676e-03
1.090783748282e-03
1.092304748681e-03
1.093786644162e-03
1.095224268056e-03
1.090543072394e-03
1.091862196745e-03
1.093100305980e-03
1.094260542118e-03
1.095354846200e-03
1.096396184323e-03
1.097390593884e-03
1.098334777510e-03
1.099220771891e-03
1.100044373743e-03
1.100981113439e-03
1.101715556217e-03
1.102425422118e-03
1.103121439314e-03
1.103803898843e-03
1.104465891956e-03
1.105101933717e-03
1.105715544725e-03
1.106320564190e-03
1.106935194798e-03
1.108717980969e-03
1.109388758834e-03
1.110076454381e-03
1.110770815330e-03
1.111467714111e-03
1.112172759349e-03
1.112897328881e-03
1.113650202512e-03
1.114430765540e-03
1.115228652395e-03
1.114894773480e-03
1.115700944524e-03
1.116503996627e-03
1.117313470047e-03
1.118139153448e-03
1.118983406172e-03
1.119838821523e-03
1.120692516849e-03
1.121534046490e-03
1.122361331682e-03
1.120995763984e-03
1.121826728138e-03
1.122663708259e-03
1.123503614679e-03
1.124337702322e-03
1.125157675574e-03
1.125961580669e-03
1.126755221151e-03
1.127548516592e-03
1.128349436101e-03
1.126517222247e-03
1.127342985171e-03
1.128166829801e-03
1.128985342064e-03
1.129801092532e-03
1.130621349773e-03
1.131454108190e-03
1.132303958912e-03
1.133170675246e-03
1.134050992505e-03
1.132274775671e-03
1.133190029236e-03
1.134123162103e-03
1.135082416340e-03
1.136075254919e-03
1.137105861574e-03
1.138174532116e-03
1.139279259519e-03
1.140418714272e-03
1.141594488104e-03
1.139217987259e-03
1.140496332482e-03
1.141829327764e-03
1.143219422374e-03
1.144664657147e-03
1.146160467272e-03
1.147703062372e-03
1.149292088144e-03
1.150931107475e-03
1.152624859117e-03
1.148096473742e-03
1.149911395203e-03
1.151768785007e-03
1.153657315285e-03
1.155568989816e-03
1.157501893999e-03
1.159458584482e-03
1.161440894350e-03
1.163444749409e-03
1.165458668140e-03
1.160072104426e-03
1.162074309491e-03
1.164053655202e-03
1.166013044781e-03
1.167957622613e-03
1.169887707988e-03
1.171795140351e-03
1.173665979479e-03
1.175487885462e-03
1.177257161999e-03
1.174058282629e-03
1.175757357714e-03
1.177429622885e-03
1.179073190826e-03
1.180677662660e-03
1.182231773385e-03
1.183732386210e-03
1.185188068519e-03
1.186614877668e-03
1.188026787986e-03
1.185709118715e-03
1.187102243648e-03
1.188465938071e-03
1.189794986033e-03
1.191096027242e-03
1.192384853823e-03
1.193676994262e-03
1.194978318892e-03
1.196282102342e-03
1.197575078379e-03
1.193719643595e-03
1.194986744622e-03
1.196249853592e-03
1.197525215332e-03
1.198821226751e-03
1.200133397674e-03
1.201448259224e-03
1.202753500422e-03
1.204047047281e-03
1.205338751276e-03
1.199048914259e-03
1.200390414283e-03
1.201753561190e-03
1.203126690029e-03
1.204496859600e-03
1.205859151071e-03
1.207220211256e-03
1.208593416493e-03
1.209989488700e-03
1.211408807137e-03
1.203045667069e-03
1.204488608039e-03
1.205919904351e-03
1.207339713289e-03
1.208755815355e-03
1.210176069605e-03
1.211600942895e-03
1.213021520073e-03
1.214423828571e-03
1.215796521251e-03
1.208617715974e-03
1.209937916997e-03
1.211234811990e-03
1.212509431355e-03
1.213755034655e-03
1.214959607012e-03
1.216112084649e-03
1.217207809191e-03
1.218249563181e-03
1.219244129857e-03
1.216665582604e-03
1.217584193682e-03
1.218457705988e-03
1.219282402417e-03
1.220058749709e-03
1.220792870356e-03
1.221494129197e-03
1.222170830033e-03
1.222826984190e-03
1.223462200755e-03
1.224749810490e-03
1.225348142725e-03
1.225930218254e-03
1.226505252077e-03
1.227082718799e-03
1.227669022796e-03
1.228266363853e-03
1.228874186609e-03
1.229492152959e-03
1.230122401637e-03
1.231131078839e-03
1.231807533088e-03
1.232505740688e-03
1.233222347878e-03
1.233951093013e-03
1.234686116220e-03
1.235425082882e-03
1.236170040158e-03
1.236925529724e-03
1.237695037503e-03
1.237616281401e-03
1.238419254662e-03
1.239226556606e-03
1.240035113426e-03
1.240846217115e-03
1.241664464999e-03
1.242494553992e-03
1.243337979531e-03
1.244192268530e-03
1.245053423531e-03
1.245202591974e-03
1.246089224367e-03
1.246995519068e-03
1.247932524961e-03
1.248907826948e-03
1.249922727993e-03
1.250973670722e-03
1.252056720659e-03
1.253171845633e-03
1.254324180593e-03
1.252693570962e-03
1.253947960663e-03
1.255248812527e-03
1.256588327408e-03
1.257957616474e-03
1.259351813530e-03
1.260772116098e-03
1.262223197614e-03
1.263707548674e-03
1.265220969913e-03
1.261135754078e-03
1.262679752472e-03
1.264217458527e-03
1.265744993816e-03
1.267263452348e-03
1.268773671711e-03
1.270271515693e-03
1.271747085980e-03
1.273188748257e-03
1.274588929334e-03
1.271999337064e-03
1.273330076629e-03
1.274631025979e-03
1.275903244220e-03
1.277141484309e-03
1.278337935105e-03
1.279488207331e-03
1.280595031119e-03
1.281666942361e-03
1.282712850639e-03
1.282998651675e-03
1.284006401136e-03
1.284984248855e-03
1.285930468043e-03
1.286850524139e-03
1.287755545036e-03
1.288656271754e-03
1.289557160021e-03
1.290454760806e-03
1.291341869603e-03
1.293317924990e-03
1.294188775717e-03
1.295057756465e-03
1.295934660959e-03
1.296823252915e-03
1.297719429772e-03
1.298615304734e-03
1.299506362841e-03
1.300396377758e-03
1.301296247448e-03
1.303648732971e-03
1.304606315500e-03
1.305586891419e-03
1.306581756637e-03
1.307584878703e-03
1.308598555795e-03
1.309633229312e-03
1.310701361149e-03
1.311809859260e-03
1.312956709853e-03
1.313522353598e-03
1.314732380422e-03
1.315967457003e-03
1.317236195462e-03
1.318549061466e-03
1.319910579525e-03
1.321315480766e-03
1.322751329553e-03
1.324205836681e-03
1.325673627946e-03
1.323043221987e-03
1.324558167653e-03
1.326097727940e-03
1.327655590671e-03
1.329218516162e-03
1.330772698680e-03
1.332310215616e-03
1.333830837325e-03
1.335337880107e-03
1.336831416836e-03
1.333204916421e-03
1.334651435457e-03
1.336049038855e-03
1.337390408651e-03
1.338677367585e-03
1.339917495159e-03
1.341117471384e-03
1.342278041136e-03
1.343393955665e-03
1.344458847655e-03
1.344004330292e-03
1.344978324255e-03
1.345916028129e-03
1.346827044131e-03
1.347715351017e-03
1.348579114563e-03
1.349415182517e-03
1.350224996770e-03
1.351017561660e-03
1.351807496178e-03
1.353305046678e-03
1.354136145608e-03
1.354990166192e-03
1.355865084463e-03
1.356760034582e-03
1.357679011676e-03
1.358630216089e-03
1.359621976349e-03
1.360658166334e-03
1.361736565229e-03
1.362050886314e-03
1.363205737505e-03
1.364391887932e-03
1.365613990970e-03
1.366878006138e-03
1.368186251852e-03
1.369534741457e-03
1.370914209133e-03
1.372314107527e-03
1.373726752263e-03
1.373661894490e-03
1.375102238171e-03
1.376550277939e-03
1.378000758223e-03
1.379444552640e-03
1.380871493438e-03
1.382274133050e-03
1.383649554896e-03
1.384998384992e-03
1.386321366169e-03
1.388924399350e-03
1.390191811538e-03
1.391416300919e-03
1.392591458284e-03
1.393715498864e-03
1.394791289954e-03
1.395823796713e-03
1.396816538659e-03
1.397769708149e-03
1.398681209366e-03
1.405331783076e-03
1.406166225479e-03
1.406968318406e-03
1.407748265649e-03
1.408515158118e-03
1.409274324146e-03
1.410027540032e-03
1.410776179284e-03
1.411524657613e-03
1.412281957244e-03
1.419342824647e-03
1.420158056703e-03
1.421009047476e-03
1.421895113253e-03
1.422812984174e-03
1.423761319074e-03
1.424743575683e-03
1.425766967486e-03
1.426838318196e-03
1.427959304237e-03
1.430837369469e-03
1.432047959270e-03
1.433284836139e-03
1.434543518258e-03
1.435824091288e-03
1.437127307668e-03
1.438449530212e-03
1.439780301610e-03
1.441104423918e-03
1.442407696402e-03
1.443677332361e-03
1.444934788708e-03
1.446166977303e-03
1.447376133399e-03
1.448558716731e-03
1.449705740299e-03
1.450807506217e-03
1.451859219230e-03
1.452863531426e-03
1.453828377407e-03
1.458550476571e-03
1.459467876998e-03
1.460356227199e-03
1.461213327048e-03
1.462041265768e-03
1.462849220900e-03
1.463651791369e-03
1.464463898799e-03
1.465295754144e-03
1.466151109128e-03
1.472840735062e-03
1.473753550044e-03
1.474693897933e-03
1.475669186561e-03
1.476687030333e-03
1.477751559150e-03
1.478862179681e-03
1.480015337961e-03
1.481207667496e-03
1.482438164601e-03
1.486777758203e-03
1.488095497905e-03
1.489448827670e-03
1.490830562091e-03
1.492231409998e-03
1.493642563389e-03
1.495057019781e-03
1.496469261440e-03
1.497873552466e-03
1.499263099447e-03
1.502607282191e-03
1.503955832334e-03
1.505274414171e-03
1.506562842280e-03
1.507821045550e-03
1.509046894569e-03
1.510235950150e-03
1.511383647824e-03
1.512488349647e-03
1.513552824179e-03
1.519177207570e-03
1.520185739196e-03
1.521166981888e-03
1.522119541619e-03
1.523041813869e-03
1.523935871944e-03
1.524808970771e-03
1.525671066190e-03
1.526529647720e-03
1.527385928341e-03
1.534066185002e-03
1.534908579856e-03
1.535733184880e-03
1.536543133739e-03
1.537345826591e-03
1.538147256156e-03
1.538947077620e-03
1.539738045608e-03
1.540510541986e-03
1.541258902421e-03
1.548292419386e-03
1.549011013594e-03
1.549719667139e-03
1.550417477233e-03
1.551096060382e-03
1.551744431708e-03
1.552356337697e-03
1.552934542872e-03
1.553489282514e-03
1.554031670992e-03
1.561335140423e-03
1.561869871125e-03
1.562389129219e-03
1.562890307127e-03
1.563378837602e-03
1.563866847846e-03
1.564366845571e-03
1.564884905974e-03
1.565418715643e-03
1.565961665449e-03
1.572153386007e-03
1.572722367825e-03
1.573314821258e-03
1.573944336428e-03
1.574618092945e-03
1.575333860899e-03
1.576083238547e-03
1.576858923329e-03
1.577660345049e-03
1.578493801105e-03
1.583129594508e-03
1.584055142246e-03
1.585017474042e-03
1.586006138211e-03
1.587012658035e-03
1.588036175178e-03
1.589083720830e-03
1.590164894196e-03
1.591284870415e-03
1.592440654179e-03
1.597798952787e-03
1.599008598248e-03
1.600233200691e-03
1.601477131942e-03
1.602748313246e-03
1.604052360904e-03
1.605389233248e-03
1.606754414922e-03
1.608143833323e-03
1.609558295911e-03
1.615841135447e-03
1.617334860384e-03
1.618873941993e-03
1.620457215381e-03
1.622078209664e-03
1.623729371261e-03
1.625406451751e-03
1.627109918559e-03
1.628842478169e-03
1.630605307753e-03
1.635379120842e-03
1.637197126172e-03
1.639029452861e-03
1.640871949974e-03
1.642723314035e-03
1.644582898223e-03
1.646447507255e-03
1.648310155190e-03
1.650161438988e-03
1.651992722827e-03
1.656873431216e-03
1.658659361908e-03
1.660419204939e-03
1.662152125732e-03
1.663854951630e-03
1.665523232077e-03
1.667153623373e-03
1.668745737049e-03
1.670301802790e-03
1.671824524067e-03
1.679164892721e-03
1.680626676205e-03
1.682051521072e-03
1.683438021132e-03
1.684787961324e-03
1.686105932265e-03
1.687397398598e-03
1.688666116195e-03
1.689913147629e-03
1.691137562034e-03
1.700388354436e-03
1.701572841739e-03
1.702736651282e-03
1.703882473919e-03
1.705011957597e-03
1.706124902341e-03
1.707219618424e-03
1.708294139235e-03
1.709347364113e-03
1.710379442670e-03
1.720422937410e-03
1.721424924256e-03
1.722408886110e-03
1.723374542792e-03
1.724320712356e-03
1.725245509419e-03
1.726147055479e-03
1.727024179729e-03
1.727877159567e-03
1.728707919142e-03
1.739266238872e-03
1.740070118331e-03
1.740857628874e-03
1.741627870729e-03
1.742379641883e-03
1.743113342172e-03
1.743832325928e-03
1.744542018855e-03
1.745247715178e-03
1.745951768498e-03
1.756130439048e-03
1.756833186676e-03
1.757526731922e-03
1.758212785262e-03
1.758897385400e-03
1.759588237519e-03
1.760290541313e-03
1.761004680304e-03
1.761727072903e-03
1.762454021616e-03
1.771952694810e-03
1.772702037272e-03
1.773468958277e-03
1.774258976695e-03
1.775071941154e-03
1.775902349436e-03
1.776743385506e-03
1.777592091003e-03
1.778451887674e-03
1.779330841998e-03
1.788096431142e-03
1.789039658888e-03
1.790009019146e-03
1.790997704575e-03
1.792000552541e-03
1.793017491650e-03
1.794052739399e-03
1.795110795626e-03
1.796191849678e-03
1.797290178899e-03
1.805394296582e-03
1.806507789240e-03
1.807618955638e-03
1.808730442463e-03
1.809846699928e-03
1.810969448570e-03
1.812095307912e-03
1.813216962034e-03
1.814326846784e-03
1.815420687251e-03
1.824785166377e-03
1.825853885578e-03
1.826908312353e-03
1.827945421553e-03
1.828959976081e-03
1.829947311080e-03
1.830906159284e-03
1.831839181250e-03
1.832751150630e-03
1.833646105410e-03
1.845782246335e-03
1.846651850599e-03
1.847504550483e-03
1.848341094046e-03
1.849164152986e-03
1.849976995970e-03
1.850781713017e-03
1.851578379274e-03
1.852365978550e-03
1.853144146423e-03
1.866690937447e-03
1.867465151236e-03
1.868238643851e-03
1.869013558405e-03
1.869790092428e-03
1.870567121045e-03
1.871343858340e-03
1.872120643327e-03
1.872898640727e-03
1.873678593086e-03
1.886634792868e-03
1.887423409073e-03
1.888208175330e-03
1.888988064650e-03
1.889764543478e-03
1.890541329033e-03
1.891322924450e-03
1.892113176950e-03
1.892914709515e-03
1.893729357960e-03
1.905914779286e-03
1.906771701613e-03
1.907651627107e-03
1.908559382287e-03
1.909499289184e-03
1.910474797683e-03
1.911488633482e-03
1.912543447759e-03
1.913642364570e-03
1.914789188163e-03
1.924808867329e-03
1.926073157904e-03
1.927397155498e-03
1.928782357083e-03
1.930227855041e-03
1.931730522813e-03
1.933285693667e-03
1.934888490496e-03
1.936534704498e-03
1.938220967816e-03
1.946061416049e-03
1.947825172465e-03
1.949612177100e-03
1.951412430856e-03
1.953215850222e-03
1.955014412886e-03
1.956802908694e-03
1.958577838025e-03
1.960334696662e-03
1.962066001738e-03
1.972610028474e-03
1.974267754065e-03
1.975871682646e-03
1.977419983348e-03
1.978915154837e-03
1.980360444463e-03
1.981755987970e-03
1.983097762206e-03
1.984379907924e-03
1.985599231148e-03
2.001569376148e-03
2.002684420290e-03
2.003757793034e-03
2.004796085259e-03
2.005799941514e-03
2.006765992462e-03
2.007691743870e-03
2.008580083668e-03
2.009439805363e-03
2.010281672653e-03
2.027406187040e-03
2.028232414318e-03
2.029039699266e-03
2.029819888207e-03
2.030569813599e-03
2.031293488415e-03
2.031998969471e-03
2.032692162459e-03
2.033371856839e-03
2.034029687366e-03
2.050402809857e-03
2.050997185620e-03
2.051554554669e-03
2.052082060288e-03
2.052586365608e-03
2.053068085218e-03
2.053520482264e-03
2.053934070091e-03
2.054303478758e-03
2.054632174179e-03
2.072790186617e-03
2.073081942626e-03
2.073366865091e-03
2.073646159090e-03
2.073916142308e-03
2.074174603308e-03
2.074426315232e-03
2.074683494413e-03
2.074961152402e-03
2.075270313924e-03
2.093913373528e-03
2.094296266023e-03
2.094705911190e-03
2.095143562769e-03
2.095618096405e-03
2.096142617063e-03
2.096727747471e-03
2.097376358620e-03
2.098082843077e-03
2.098837866924e-03
2.115120322742e-03
2.115967529619e-03
2.116861914374e-03
2.117809139747e-03
2.118809492742e-03
2.119855607475e-03
2.120935412620e-03
2.122038168977e-03
2.123159608004e-03
2.124302825735e-03
2.138390513210e-03
2.139603910393e-03
2.140846462623e-03
2.142108701491e-03
2.143379599772e-03
2.144652644859e-03
2.145929130506e-03
2.147216563571e-03
2.148523278606e-03
2.149852757952e-03
2.162533186606e-03
2.163902641598e-03
2.165276974722e-03
2.166656201496e-03
2.168047509031e-03
2.169461254482e-03
2.170904566526e-03
2.172376792373e-03
2.173870020840e-03
2.175374213607e-03
2.186237446097e-03
2.187762795586e-03
2.189304017975e-03
2.190869192304e-03
2.192459789399e-03
2.194068205597e-03
2.195681364128e-03
2.197287707475e-03
2.198883252902e-03
2.200472296636e-03
2.210051811858e-03
2.211654147516e-03
2.213255413608e-03
2.214842568321e-03
2.216401768635e-03
2.217925829882e-03
2.219417388631e-03
2.220885382371e-03
2.222337078138e-03
2.223771288527e-03
2.234050865866e-03
2.235422013030e-03
2.236741045010e-03
2.238008760855e-03
2.239235035915e-03
2.240431399287e-03
2.241602583808e-03
2.242742965791e-03
2.243840122105e-03
2.244883380286e-03
2.257718984993e-03
2.258666999921e-03
2.259580040061e-03
2.260465822417e-03
2.261322056086e-03
2.262138337528e-03
2.262903793962e-03
2.263615448385e-03
2.264281309863e-03
2.264916047807e-03
2.280512364337e-03
2.281121979593e-03
2.281710101499e-03
2.282266438783e-03
2.282785540842e-03
2.283272012846e-03
2.283738861706e-03
2.284200431632e-03
2.284664962758e-03
2.285131787289e-03
2.302416548218e-03
2.302882097695e-03
2.303344704274e-03
2.303816441895e-03
2.304311689272e-03
2.304839890201e-03
2.305401406261e-03
2.305989332967e-03
2.306595594348e-03
2.307217388989e-03
2.323341413614e-03
2.324022984226e-03
2.324743465977e-03
2.325505719625e-03
2.326305780400e-03
2.327136378995e-03
2.327991871198e-03
2.328871365194e-03
2.329778110436e-03
2.330715729784e-03
2.343999557468e-03
2.345001703304e-03
2.346019749666e-03
2.347044665498e-03
2.348071489109e-03
2.349100719414e-03
2.350136654343e-03
2.351183871951e-03
2.352243996086e-03
2.353314610843e-03
2.365593781860e-03
2.366678561259e-03
2.367761312712e-03
2.368843244142e-03
2.369927564644e-03
2.371016823247e-03
2.372110555882e-03
2.373205051583e-03
2.374295258562e-03
2.375378090903e-03
2.387781369180e-03
2.388866192632e-03
2.389957826495e-03
2.391061023786e-03
2.392175243131e-03
2.393294863509e-03
2.394412468504e-03
2.395523071243e-03
2.396626533027e-03
2.397726511163e-03
2.410356823759e-03
2.411464021975e-03
2.412564734811e-03
2.413651188874e-03
2.414718637510e-03
2.415769113668e-03
2.416810851344e-03
2.417853429790e-03
2.418901657734e-03
2.419952577554e-03
2.433665629951e-03
2.434704054792e-03
2.435726539147e-03
2.436738956760e-03
2.437751153820e-03
2.438770272022e-03
2.439796411636e-03
2.440823585573e-03
2.441845759392e-03
2.442863320823e-03
2.457038620093e-03
2.458085523131e-03
2.459159884609e-03
2.460261411613e-03
2.461379652175e-03
2.462500494460e-03
2.463614855458e-03
2.464723405183e-03
2.465834410657e-03
2.466955816544e-03
2.479932959318e-03
2.481072298451e-03
2.482197965207e-03
2.483299820597e-03
2.484377735698e-03
2.485440066039e-03
2.486495740641e-03
2.487545503186e-03
2.488578618966e-03
2.489577819006e-03
2.503979342066e-03
2.504887018972e-03
2.505753818525e-03
2.506594513591e-03
2.507419240658e-03
2.508227840337e-03
2.509012117912e-03
2.509764427373e-03
2.510486177471e-03
2.511190140012e-03
2.527901381882e-03
2.528628976052e-03
2.529375445988e-03
2.530134715130e-03
2.530898781572e-03
2.531667192898e-03
2.532451067054e-03
2.533269286346e-03
2.534139074498e-03
2.535067751012e-03
2.549433720958e-03
2.550470261838e-03
2.551545380243e-03
2.552661756511e-03
2.553829506382e-03
2.555058661528e-03
2.556351164856e-03
2.557698394753e-03
2.559085336941e-03
2.560499322158e-03
2.570644484138e-03
2.572117714635e-03
2.573626541846e-03
2.575173270884e-03
2.576750514606e-03
2.578343575294e-03
2.579937571682e-03
2.581524430468e-03
2.583104860491e-03
2.584684382271e-03
2.592691394341e-03
2.594279595542e-03
2.595855961260e-03
2.597409322220e-03
2.598934295463e-03
2.600434102362e-03
2.601917761922e-03
2.603393425090e-03
2.604862662110e-03
2.606319191557e-03
2.614164443287e-03
2.615575801315e-03
2.616957292616e-03
2.618315253699e-03
2.619657345974e-03
2.620986864372e-03
2.622300081441e-03
2.623588865220e-03
2.624846028368e-03
2.626070100291e-03
2.634657673354e-03
2.635839326103e-03
2.637002751555e-03
2.638143739432e-03
2.639251970379e-03
2.640316252950e-03
2.641330461870e-03
2.642296049430e-03
2.643219626975e-03
2.644107453477e-03
2.654771943412e-03
2.655592849806e-03
2.656365801386e-03
2.657086129773e-03
2.657756066071e-03
2.658383727351e-03
2.658978155182e-03
2.659543918355e-03
2.660078917927e-03
2.660577320285e-03
2.673561243000e-03
2.673991680695e-03
2.674395859913e-03
2.674787554838e-03
2.675177254673e-03
2.675568145662e-03
2.675957239376e-03
2.676340664436e-03
2.676719516955e-03
2.677102137284e-03
2.689286580107e-03
2.689723651258e-03
2.690193029139e-03
2.690692468491e-03
2.691217297979e-03
2.691766353848e-03
2.692345204991e-03
2.692964319124e-03
2.693633399929e-03
2.694355951462e-03
2.702880673610e-03
2.703703805139e-03
2.704562491090e-03
2.705457722072e-03
2.706396649785e-03
2.707387696091e-03
2.708434555075e-03
2.709533529696e-03
2.710675753974e-03
2.711852636025e-03
2.717103211069e-03
2.718352664886e-03
2.719638233202e-03
2.720959864462e-03
2.722311336868e-03
2.723681857788e-03
2.725061106389e-03
2.726443745644e-03
2.727830262018e-03
2.729223704250e-03
2.732919377308e-03
2.734330096644e-03
2.735732564702e-03
2.737115959803e-03
2.738473182717e-03
2.739802464191e-03
2.741105009079e-03
2.742381081077e-03
2.743627173516e-03
2.744836758438e-03
2.749881046725e-03
2.751010530289e-03
2.752097549262e-03
2.753147220801e-03
2.754163568852e-03
2.755147148889e-03
2.756095661880e-03
2.757007015589e-03
2.757882213928e-03
2.758726149580e-03
2.766292562569e-03
2.767101158611e-03
2.767892497104e-03
2.768666110228e-03
2.769421929656e-03
2.770162674835e-03
2.770893965874e-03
2.771622148430e-03
2.772351318299e-03
2.773082122360e-03
2.781932217090e-03
2.782671821308e-03
2.783412472752e-03
2.784158026884e-03
2.784911652611e-03
2.785672974312e-03
2.786437339637e-03
2.787198032706e-03
2.787949979677e-03
2.788692181014e-03
2.798686724248e-03
2.799427295145e-03
2.800164548432e-03
2.800895211806e-03
2.801614303905e-03
2.802318536055e-03
2.803008662681e-03
2.803688587960e-03
2.804362013876e-03
2.805028971238e-03
2.816312912955e-03
2.816960663949e-03
2.817586693766e-03
2.818192352095e-03
2.818784187866e-03
2.819370430245e-03
2.819956670521e-03
2.820543739006e-03
2.821129047447e-03
2.821710190744e-03
2.832855438839e-03
2.833443938641e-03
2.834038391882e-03
2.834640879144e-03
2.835248948656e-03
2.835857000434e-03
2.836460088190e-03
2.837057198860e-03
2.837652027949e-03
2.838250482682e-03
2.847555539290e-03
2.848180819399e-03
2.848811783338e-03
2.849444296771e-03
2.850076047878e-03
2.850707900564e-03
2.851342558017e-03
2.851982303412e-03
2.852627096956e-03
2.853274879101e-03
2.861262768590e-03
2.861922685213e-03
2.862587107927e-03
2.863261582945e-03
2.863951742370e-03
2.864661411081e-03
2.865392129365e-03
2.866144170014e-03
2.866917977542e-03
2.867714970819e-03
2.874302212263e-03
2.875161575332e-03
2.876047902305e-03
2.876959919149e-03
2.877895539200e-03
2.878852951312e-03
2.879831082225e-03
2.880829372089e-03
2.881847053914e-03
2.882882462245e-03
2.887857241205e-03
2.888928150639e-03
2.890004632093e-03
2.891081221094e-03
2.892152183279e-03
2.893211864546e-03
2.894254896830e-03
2.895276447703e-03
2.896272524993e-03
2.897239943195e-03
2.902781193995e-03
2.903695280963e-03
2.904577349227e-03
2.905428668498e-03
2.906251212949e-03
2.907047014730e-03
2.907817545747e-03
2.908563632388e-03
2.909286214390e-03
2.909987475334e-03
2.916137868226e-03
2.916820566725e-03
2.917500730291e-03
2.918186158581e-03
2.918883675875e-03
2.919599248628e-03
2.920338723300e-03
2.921108633302e-03
2.921915849356e-03
2.922766433869e-03
2.925376884093e-03
2.926330803575e-03
2.927331522415e-03
2.928377840192e-03
2.929470240872e-03
2.930611335444e-03
2.931804315836e-03
2.933050850231e-03
2.934349403802e-03
2.935695295946e-03
2.933863129215e-03
2.935294051269e-03
2.936755516203e-03
2.938243518031e-03
2.939753296289e-03
2.941278381286e-03
2.942810982688e-03
2.944343549757e-03
2.945870464657e-03
2.947388654547e-03
2.945610016809e-03
2.947115288976e-03
2.948605478593e-03
2.950075764943e-03
2.951520806391e-03
2.952936123620e-03
2.954318818070e-03
2.955667330639e-03
2.956980612453e-03
2.958257785792e-03
2.959280248660e-03
2.960494135550e-03
2.961672991148e-03
2.962818257117e-03
2.963930554643e-03
2.965009230195e-03
2.966052869795e-03
2.967060675189e-03
2.968033437980e-03
2.968973312932e-03
2.971811845441e-03
2.972700713656e-03
2.973557051519e-03
2.974378281351e-03
2.975163591429e-03
2.975915361446e-03
2.976638158430e-03
2.977335893831e-03
2.978008966295e-03
2.978653653372e-03
2.982428049961e-03
2.983012921504e-03
2.983563676707e-03
2.984087317145e-03
2.984591309882e-03
2.985078975541e-03
2.985547604169e-03
2.985991035928e-03
2.986404865283e-03
2.986790681348e-03
2.991684952349e-03
2.992048748638e-03
2.992407020884e-03
2.992757817992e-03
2.993094023964e-03
2.993409378462e-03
2.993704132848e-03
2.993986171987e-03
2.994266476151e-03
2.994552166001e-03
3.000163321303e-03
3.000456996460e-03
3.000737221726e-03
3.001001252528e-03
3.001255362904e-03
3.001511124182e-03
3.001777911493e-03
3.002056909963e-03
3.002341018146e-03
3.002620713062e-03
3.009008733102e-03
3.009284711595e-03
3.009568382311e-03
3.009870799133e-03
3.010195901254e-03
3.010539207480e-03
3.010892728980e-03
3.011252460965e-03
3.011623107398e-03
3.012016417699e-03
3.017152537552e-03
3.017630561146e-03
3.018145235501e-03
3.018687912856e-03
3.019252200943e-03
3.019839451042e-03
3.020458610536e-03
3.021120571987e-03
3.021831342551e-03
3.022588752174e-03
3.024279780220e-03
3.025116207482e-03
3.025981045198e-03
3.026877866091e-03
3.027811948357e-03
3.028784530613e-03
3.029789798688e-03
3.030816888327e-03
3.031855210963e-03
3.032899506081e-03
3.033196544607e-03
3.034267951989e-03
3.035351748224e-03
3.036443512826e-03
3.037533621068e-03
3.038611236263e-03
3.039668643964e-03
3.040702729947e-03
3.041713144285e-03
3.042698756929e-03
3.045735588387e-03
3.046665130796e-03
3.047551760289e-03
3.048391874643e-03
3.049185841178e-03
3.049936216087e-03
3.050644865880e-03
3.051310858609e-03
3.051930774916e-03
3.052500760873e-03
3.060399650678e-03
3.060875691176e-03
3.061303471100e-03
3.061686375361e-03
3.062027469468e-03
3.062329681427e-03
3.062596708730e-03
3.062833599927e-03
3.063046305670e-03
3.063240601932e-03
3.073228365110e-03
3.073408551131e-03
3.073584020910e-03
3.073760475047e-03
3.073944702692e-03
3.074143462811e-03
3.074362408540e-03
3.074605910228e-03
3.074877990628e-03
3.075183753083e-03
3.082183990898e-03
3.082585560207e-03
3.083039055696e-03
3.083545759978e-03
3.084103649996e-03
3.084709511029e-03
3.085361582407e-03
3.086060557450e-03
3.086808273679e-03
3.087604815107e-03
3.089337863855e-03
3.090225428650e-03
3.091140498157e-03
3.092075604229e-03
3.093026804152e-03
3.093992447418e-03
3.094969822882e-03
3.095952323633e-03
3.096929311255e-03
3.097888900299e-03
3.098540369706e-03
3.099453023367e-03
3.100336045293e-03
3.101191047165e-03
3.102017147739e-03
3.102809932898e-03
3.103563710738e-03
3.104275464466e-03
3.104947655572e-03
3.105587842811e-03
3.109057570896e-03
3.109669009177e-03
3.110268248747e-03
3.110856246224e-03
3.111435212702e-03
3.112011770384e-03
3.112597200925e-03
3.113204722865e-03
3.113845617065e-03
3.114526676939e-03
3.117691851116e-03
3.118469701235e-03
3.119295507872e-03
3.120175267270e-03
3.121115940928e-03
3.122122336890e-03
3.123194832426e-03
3.124329336742e-03
3.125519617356e-03
3.126760111002e-03
3.126664347917e-03
3.128006404268e-03
3.129390696131e-03
3.130811303095e-03
3.132258383289e-03
3.133719489767e-03
3.135182054621e-03
3.136635449209e-03
3.138071626267e-03
3.139484064661e-03
3.140875325528e-03
3.142228868910e-03
3.143535091112e-03
3.144784991946e-03
3.145971270214e-03
3.147089431479e-03
3.148137471896e-03
3.149114694509e-03
3.150020002522e-03
3.150851101680e-03
3.159243201253e-03
3.159926326475e-03
3.160530307412e-03
3.161059384922e-03
3.161520905280e-03
3.161923201105e-03
3.162272951613e-03
3.162573656709e-03
3.162826235496e-03
3.163031205645e-03
3.176357744564e-03
3.176488400925e-03
3.176588743202e-03
3.176666388185e-03
3.176725819571e-03
3.176767945149e-03
3.176792288116e-03
3.176800465326e-03
3.176798264633e-03
3.176794964247e-03
3.190346463100e-03
3.190373399718e-03
3.190412016295e-03
3.190456909181e-03
3.190503283179e-03
3.190551529030e-03
3.190608563443e-03
3.190684891649e-03
3.190789636903e-03
3.190926526202e-03
3.202636763376e-03
3.202840184485e-03
3.203070473489e-03
3.203333524709e-03
3.203639312062e-03
3.203996923844e-03
3.204409673288e-03
3.204873823563e-03
3.205382029762e-03
3.205929164324e-03
3.214752892973e-03
3.215397031056e-03
3.216099013173e-03
3.216864306751e-03
3.217690605709e-03
3.218569179978e-03
3.219489899095e-03
3.220446597823e-03
3.221439113588e-03
3.222470812318e-03
3.228277991298e-03
3.229395140295e-03
3.230539329195e-03
3.231698484740e-03
3.232863581331e-03
3.234031919476e-03
3.235206234194e-03
3.236390415168e-03
3.237584838814e-03
3.238784255359e-03
3.244330449036e-03
3.245520485621e-03
3.246694661527e-03
3.247855363156e-03
3.249008544742e-03
3.250159549111e-03
3.251309848906e-03
3.252456775215e-03
3.253596136233e-03
3.254726092905e-03
3.261291039394e-03
3.262421225031e-03
3.263559444179e-03
3.264710570420e-03
3.265874712611e-03
3.267048040811e-03
3.268225979411e-03
3.269406524737e-03
3.270591616854e-03
3.271785579386e-03
3.277987497256e-03
3.279211795871e-03
3.280441810887e-03
3.281668963723e-03
3.282885595013e-03
3.284087947350e-03
3.285276315466e-03
3.286452214013e-03
3.287614391752e-03
3.288756292022e-03
3.295744440948e-03
3.296821420236e-03
3.297849601381e-03
3.298828661059e-03
3.299762787833e-03
3.300655967621e-03
3.301507614367e-03
3.302311589209e-03
3.303059608243e-03
3.303746717108e-03
3.313860762546e-03
3.314449146728e-03
3.314998394728e-03
3.315514660187e-03
3.315997055552e-03
3.316440190019e-03
3.316840695788e-03
3.317203017218e-03
3.317540492105e-03
3.317870301203e-03
3.329247687589e-03
3.329600856205e-03
3.329958036886e-03
3.330312123467e-03
3.330661954919e-03
3.331016192021e-03
3.331389955576e-03
3.331796707926e-03
3.332240573570e-03
3.332714992212e-03
3.342550015816e-03
3.343063016132e-03
3.343591042267e-03
3.344146272752e-03
3.344741586034e-03
3.345381053066e-03
3.346055904672e-03
3.346748713057e-03
3.347443537734e-03
3.348134900079e-03
3.356606522004e-03
3.357325377124e-03
3.358067622571e-03
3.358829005720e-03
3.359594586982e-03
3.360347421221e-03
3.361078601870e-03
3.361791853592e-03
3.362499364755e-03
3.363211912870e-03
3.371194680426e-03
3.371917090476e-03
3.372618355172e-03
3.373288279647e-03
3.373929074598e-03
3.374554053266e-03
3.375178951160e-03
3.375811965157e-03
3.376449279017e-03
3.377078957726e-03
3.385931952948e-03
3.386533777245e-03
3.387127349015e-03
3.387728923258e-03
3.388350775481e-03
3.388994871273e-03
3.389653679221e-03
3.390317460742e-03
3.390982840131e-03
3.391656468864e-03
3.401362813804e-03
3.402100338803e-03
3.402874131552e-03
3.403677091455e-03
3.404497341819e-03
3.405326503753e-03
3.406165220838e-03
3.407022256170e-03
3.407907940300e-03
3.408826352711e-03
3.418928062160e-03
3.419896245418e-03
3.420865089424e-03
3.421827776776e-03
3.422785523583e-03
3.423743543351e-03
3.424704231179e-03
3.425662325185e-03
3.426605502398e-03
3.427520005744e-03
3.440342073361e-03
3.441190471619e-03
3.442008085699e-03
3.442800898995e-03
3.443568505020e-03
3.444302402841e-03
3.444990107766e-03
3.445621943399e-03
3.446196521963e-03
3.446720792624e-03
3.464219088528e-03
3.464677501199e-03
3.465102109089e-03
3.465486457856e-03
3.465824320870e-03
3.466115841320e-03
3.466369752459e-03
3.466599706599e-03
3.466817421099e-03
3.467027012960e-03
3.487488574081e-03
3.487674980590e-03
3.487839484080e-03
3.487987788901e-03
3.488132658049e-03
3.488287437619e-03
3.488458890104e-03
3.488644246545e-03
3.488834523182e-03
3.489021852090e-03
3.509581014839e-03
3.509779318506e-03
3.509994819353e-03
3.510235397698e-03
3.510499763081e-03
3.510778506609e-03
3.511060557969e-03
3.511340632372e-03
3.511622647125e-03
3.511916645152e-03
3.531543537463e-03
3.531889572741e-03
3.532250115768e-03
3.532613973789e-03
3.532974144775e-03
3.533333054520e-03
3.533701438243e-03
3.534091918709e-03
3.534511384089e-03
3.534957448892e-03
3.553661979709e-03
3.554144488362e-03
3.554635456851e-03
3.555141984350e-03
3.555675012421e-03
3.556242183720e-03
3.556843162414e-03
3.557470299768e-03
3.558114457292e-03
3.558771316023e-03
3.574932021081e-03
3.575639433905e-03
3.576378776756e-03
3.577150382000e-03
3.577946543146e-03
3.578755563012e-03
3.579567772420e-03
3.580379806010e-03
3.581194152503e-03
3.582014762742e-03
3.594702661019e-03
3.595540563310e-03
3.596368265619e-03
3.597175853031e-03
3.597958534442e-03
3.598717788691e-03
3.599458767724e-03
3.600185628272e-03
3.600898007505e-03
3.601590691119e-03
3.613781238187e-03
3.614426373190e-03
3.615039590613e-03
3.615625226473e-03
3.616189192314e-03
3.616735572052e-03
3.617264831576e-03
3.617774567715e-03
3.618262462339e-03
3.618729230311e-03
3.632399997969e-03
3.632853448266e-03
3.633307134578e-03
3.633765409631e-03
3.634227369673e-03
3.634688101556e-03
3.635141923212e-03
3.635586027542e-03
3.636022327953e-03
3.636456234119e-03
3.650738019303e-03
3.651190287087e-03
3.651645073489e-03
3.652096517328e-03
3.652539581026e-03
3.652973470821e-03
3.653402246641e-03
3.653831758413e-03
3.654264894351e-03
3.654698313653e-03
3.669459129810e-03
3.669876109768e-03
3.670270039720e-03
3.670644430883e-03
3.671009457776e-03
3.671376172520e-03
3.671750338754e-03
3.672129990662e-03
3.672508277361e-03
3.672879918781e-03
3.688588853606e-03
3.688970441999e-03
3.689368093205e-03
3.689789835676e-03
3.690235588579e-03
3.690698895241e-03
3.691173205993e-03
3.691658734454e-03
3.692164727624e-03
3.692705493904e-03
3.707547149475e-03
3.708192476836e-03
3.708878711336e-03
3.709594127542e-03
3.710330768740e-03
3.711089386059e-03
3.711877953322e-03
3.712704906206e-03
3.713571871799e-03
3.714471213812e-03
3.727601369803e-03
3.728537321194e-03
3.729477766399e-03
3.730426899210e-03
3.731390871735e-03
3.732370482794e-03
3.733357287672e-03
3.734336235141e-03
3.735292677675e-03
3.736219220059e-03
3.749728208049e-03
3.750614975274e-03
3.751484787017e-03
3.752334919113e-03
3.753155884851e-03
3.753936768533e-03
3.754671741319e-03
3.755362894822e-03
3.756017796377e-03
3.756643533848e-03
3.771737990917e-03
3.772312655713e-03
3.772848104120e-03
3.773341426324e-03
3.773797209590e-03
3.774226321241e-03
3.774640854886e-03
3.775048867055e-03
3.775452275477e-03
3.775849320959e-03
3.791277319067e-03
3.791672402656e-03
3.792074139255e-03
3.792493597132e-03
3.792939072298e-03
3.793413673293e-03
3.793916514610e-03
3.794446468646e-03
3.795005858080e-03
3.795601519585e-03
3.807728576362e-03
3.808430321328e-03
3.809188035461e-03
3.809999642897e-03
3.810860311546e-03
3.811765639796e-03
3.812713661830e-03
3.813704598258e-03
3.814738684127e-03
3.815813790538e-03
3.823573975069e-03
3.824720841124e-03
3.825887627670e-03
3.827068456246e-03
3.828260011971e-03
3.829460380928e-03
3.830666794272e-03
3.831873695958e-03
3.833072367286e-03
3.834252176432e-03
3.842243737950e-03
3.843366589763e-03
3.844449136636e-03
3.845490180424e-03
3.846489378418e-03
3.847445453403e-03
3.848355639889e-03
3.849216670972e-03
3.850026655186e-03
3.850786468377e-03
3.863335048266e-03
3.864014563135e-03
3.864655935786e-03
3.865260369707e-03
3.865827249228e-03
3.866356548258e-03
3.866851365444e-03
3.867319110952e-03
3.867770244028e-03
3.868215267687e-03
3.883376310171e-03
3.883835710667e-03
3.884300867696e-03
3.884772659603e-03
3.885254245233e-03
3.885751306314e-03
3.886269975055e-03
3.886814181953e-03
3.887384173538e-03
3.887977480076e-03
3.901775063525e-03
3.902417121651e-03
3.903082713862e-03
3.903775584092e-03
3.904497334645e-03
3.905245134547e-03
3.906012056063e-03
3.906789620203e-03
3.907571012746e-03
3.908352885844e-03
3.920800374487e-03
3.921588303740e-03
3.922373843466e-03
3.923152317157e-03
3.923917933548e-03
3.924666007322e-03
3.925394431462e-03
3.926103318520e-03
3.926792974596e-03
3.927462046477e-03
3.940770385498e-03
3.941392796378e-03
3.941982904848e-03
3.942540080175e-03
3.943066778049e-03
3.943567150827e-03
3.944045194601e-03
3.944503593516e-03
3.944943743079e-03
3.945366640721e-03
3.960078471664e-03
3.960479674163e-03
3.960870753815e-03
3.961254407784e-03
3.961632912478e-03
3.962008354790e-03
3.962383374983e-03
3.962761502521e-03
3.963147159197e-03
3.963545219335e-03
3.978018023020e-03
3.978463110627e-03
3.978934373663e-03
3.979435373083e-03
3.979968717090e-03
3.980535667949e-03
3.981136330822e-03
3.981770403868e-03
3.982438255662e-03
3.983141704907e-03
3.995188154761e-03
3.995980469085e-03
3.996816956942e-03
3.997698077512e-03
3.998622781978e-03
3.999589711270e-03
4.000598088282e-03
4.001647553821e-03
4.002736961695e-03
4.003862972695e-03
4.012675881256e-03
4.013863367504e-03
4.015066038846e-03
4.016278927111e-03
4.017500003613e-03
4.018728826168e-03
4.019964139559e-03
4.021201939622e-03
4.022435396280e-03
4.023656312825e-03
4.032262957253e-03
4.033447207746e-03
4.034602724971e-03
4.035725742540e-03
4.036810847879e-03
4.037850954774e-03
4.038838831264e-03
4.039769648955e-03
4.040642334360e-03
4.041459324355e-03
4.053877766012e-03
4.054601280643e-03
4.055274742541e-03
4.055895228589e-03
4.056459373658e-03
4.056965574478e-03
4.057415121565e-03
4.057811584914e-03
4.058159130182e-03
4.058461034219e-03
4.074902981699e-03
4.075128582258e-03
4.075315751209e-03
4.075469877193e-03
4.075598083887e-03
4.075707546576e-03
4.075803468936e-03
4.075887852764e-03
4.075960075909e-03
4.076018713931e-03
4.093836611219e-03
4.093880891901e-03
4.093919608579e-03
4.093958688657e-03
4.094002707745e-03
4.094053730228e-03
4.094111683116e-03
4.094175914361e-03
4.094246988586e-03
4.094327148380e-03
4.111770387567e-03
4.111887265935e-03
4.112016519286e-03
4.112154019140e-03
4.112294917093e-03
4.112436504045e-03
4.112579943751e-03
4.112729685858e-03
4.112890640613e-03
4.113064928106e-03
4.130039203119e-03
4.130241153632e-03
4.130442717269e-03
4.130641306290e-03
4.130838313415e-03
4.131037097579e-03
4.131239460094e-03
4.131443222946e-03
4.131642791833e-03
4.131832549092e-03
4.149002955955e-03
4.149184056757e-03
4.149364743569e-03
4.149551150022e-03
4.149744308904e-03
4.149939518868e-03
4.150129850586e-03
4.150311372769e-03
4.150486608353e-03
4.150663743189e-03
4.167720183773e-03
4.167934536895e-03
4.168164514908e-03
4.168405752353e-03
4.168655670185e-03
4.168917816799e-03
4.169202019909e-03
4.169519970162e-03
4.169879201811e-03
4.170279825587e-03
4.184894206958e-03
4.185369535548e-03
4.185875195674e-03
4.186418610061e-03
4.187010800365e-03
4.187659838237e-03
4.188365943946e-03
4.189121674983e-03
4.189917254337e-03
4.190747007954e-03
4.200728138755e-03
4.201644582679e-03
4.202609338677e-03
4.203620970031e-03
4.204669740432e-03
4.205742007628e-03
4.206827040321e-03
4.207921565069e-03
4.209028892603e-03
4.210153166753e-03
4.216846838517e-03
4.217999523974e-03
4.219142495458e-03
4.220262394597e-03
4.221353551941e-03
4.222419017651e-03
4.223465870268e-03
4.224498183078e-03
4.225512474022e-03
4.226498694152e-03
4.235030912071e-03
4.235941686602e-03
4.236811847761e-03
4.237650633229e-03
4.238466565937e-03
4.239262011652e-03
4.240032169491e-03
4.240769508783e-03
4.241470434067e-03
4.242139658857e-03
4.253851102874e-03
4.254502930451e-03
4.255158159765e-03
4.255817452588e-03
4.256475165903e-03
4.257125382310e-03
4.257767867045e-03
4.258410095133e-03
4.259063938491e-03
4.259739453403e-03
4.270279899458e-03
4.271008204569e-03
4.271749104987e-03
4.272497984402e-03
4.273257445107e-03
4.274036475806e-03
4.274845284783e-03
4.275688871758e-03
4.276563770304e-03
4.277460016567e-03
4.284216198869e-03
4.285138198611e-03
4.286070155274e-03
4.287020635502e-03
4.287996788662e-03
4.288998543757e-03
4.290017524283e-03
4.291041432339e-03
4.292061072761e-03
4.293075573230e-03
4.297687575729e-03
4.298725087438e-03
4.299779505970e-03
4.300846793456e-03
4.301915658345e-03
4.302974091445e-03
4.304016774540e-03
4.305047794276e-03
4.306077295212e-03
4.307113794198e-03
4.312220339898e-03
4.313271014666e-03
4.314307043330e-03
4.315320087869e-03
4.316312041738e-03
4.317294211944e-03
4.318280175710e-03
4.319277248612e-03
4.320281993103e-03
4.321283058744e-03
4.328370110443e-03
4.329346781390e-03
4.330313055675e-03
4.331281973350e-03
4.332263472634e-03
4.333258000997e-03
4.334256692914e-03
4.335248137124e-03
4.336227178044e-03
4.337199379620e-03
4.344962089021e-03
4.345969292615e-03
4.347000441498e-03
4.348048424276e-03
4.349099507863e-03
4.350142201929e-03
4.351174038334e-03
4.352201991026e-03
4.353236187910e-03
4.354281543556e-03
4.361142668131e-03
4.362196898171e-03
4.363231963225e-03
4.364242020017e-03
4.365230519682e-03
4.366206017494e-03
4.367174422725e-03
4.368132969262e-03
4.369070210373e-03
4.369971653944e-03
4.378440273058e-03
4.379258130996e-03
4.380035936208e-03
4.380781448845e-03
4.381497431666e-03
4.382179184972e-03
4.382817566011e-03
4.383405207932e-03
4.383941346873e-03
4.384432597647e-03
4.396919511464e-03
4.397357155256e-03
4.397768803813e-03
4.398150303018e-03
4.398496359670e-03
4.398805406765e-03
4.399082122177e-03
4.399335853293e-03
4.399576464778e-03
4.399809994027e-03
4.415077566478e-03
4.415304387919e-03
4.415518545272e-03
4.415720636416e-03
4.415915948414e-03
4.416112416379e-03
4.416316989250e-03
4.416532374421e-03
4.416756299293e-03
4.416983400176e-03
4.432481095535e-03
4.432713659128e-03
4.432946619602e-03
4.433185412154e-03
4.433434071018e-03
4.433692212899e-03
4.433954630031e-03
4.434213778097e-03
4.434464062911e-03
4.434704873574e-03
4.449138190864e-03
4.449385598946e-03
4.449638279766e-03
4.449894107950e-03
4.450145825103e-03
4.450385252198e-03
4.450608414459e-03
4.450818051794e-03
4.451021793216e-03
4.451226931906e-03
4.464341685264e-03
4.464557530639e-03
4.464761913141e-03
4.464947822271e-03
4.465115289179e-03
4.465271525078e-03
4.465426157026e-03
4.465584620220e-03
4.465744185097e-03
4.465895549572e-03
4.479126292267e-03
4.479247167239e-03
4.479350036377e-03
4.479443542891e-03
4.479534068366e-03
4.479620248901e-03
4.479692961525e-03
4.479740617626e-03
4.479756633486e-03
4.479743480772e-03
4.495248979140e-03
4.495217192982e-03
4.495179915352e-03
4.495132293243e-03
4.495064674302e-03
4.494969783025e-03
4.494848243894e-03
4.494708606558e-03
4.494561916317e-03
4.494414739497e-03
4.511589474873e-03
4.511443055264e-03
4.511282461806e-03
4.511109134228e-03
4.510932982782e-03
4.510767838951e-03
4.510624338820e-03
4.510505056658e-03
4.510405094436e-03
4.510317660845e-03
4.526475020100e-03
4.526424731864e-03
4.526400513669e-03
4.526411689199e-03
4.526461259843e-03
4.526545011629e-03
4.526655573898e-03
4.526788270994e-03
4.526944889676e-03
4.527132611599e-03
4.540036580863e-03
4.540313241534e-03
4.540626518065e-03
4.540967551748e-03
4.541328326411e-03
4.541706178657e-03
4.542104461905e-03
4.542529104185e-03
4.542983643830e-03
4.543465962456e-03
4.553633245678e-03
4.554155456276e-03
4.554684637640e-03
4.555221045621e-03
4.555769171020e-03
4.556333853259e-03
4.556916773083e-03
4.557515330532e-03
4.558124409357e-03
4.558739807123e-03
4.567241283212e-03
4.567877884654e-03
4.568528695529e-03
4.569197014803e-03
4.569882121643e-03
4.570579401729e-03
4.571282779409e-03
4.571988014277e-03
4.572694904255e-03
4.573407152805e-03
4.580082756092e-03
4.580826001927e-03
4.581583079698e-03
4.582349783220e-03
4.583120261600e-03
4.583890051492e-03
4.584658036890e-03
4.585426019389e-03
4.586196234072e-03
4.586968354999e-03
4.592828570367e-03
4.593595701522e-03
4.594346680165e-03
4.595078597163e-03
4.595793579824e-03
4.596496948750e-03
4.597193282450e-03
4.597882999235e-03
4.598561463126e-03
4.599221649471e-03
4.606505694881e-03
4.607127296765e-03
4.607730682608e-03
4.608322527474e-03
4.608906758222e-03
4.609481907153e-03
4.610042481545e-03
4.610583156307e-03
4.611103352374e-03
4.611608819630e-03
4.620438696463e-03
4.620952380776e-03
4.621472844690e-03
4.621997419918e-03
4.622520941723e-03
4.623040789511e-03
4.623559978484e-03
4.624086151409e-03
4.624627038595e-03
4.625185523480e-03
4.633589591890e-03
4.634178726803e-03
4.634766899244e-03
4.635353441984e-03
4.635944599215e-03
4.636549566101e-03
4.637174717971e-03
4.637819377024e-03
4.638476198863e-03
4.639135623449e-03
4.646773986053e-03
4.647437530082e-03
4.648101233499e-03
4.648768683865e-03
4.649438282172e-03
4.650102199093e-03
4.650749909501e-03
4.651373812806e-03
4.651973434704e-03
4.652555070606e-03
4.660314929026e-03
4.660891558672e-03
4.661459025272e-03
4.662007403113e-03
4.662525879496e-03
4.663008653665e-03
4.663457719744e-03
4.663880618978e-03
4.664284807291e-03
4.664672499644e-03
4.673132979633e-03
4.673479539633e-03
4.673792765573e-03
4.674074711374e-03
4.674334106653e-03
4.674581388599e-03
4.674822679078e-03
4.675056169106e-03
4.675273875364e-03
4.675467550896e-03
4.684867906008e-03
4.685023090474e-03
4.685170070843e-03
4.685319429029e-03
4.685474565918e-03
4.685630205245e-03
4.685776567612e-03
4.685906271675e-03
4.686019646499e-03
4.686124722980e-03
4.696115033937e-03
4.696239072075e-03
4.696369623730e-03
4.696498397038e-03
4.696617006573e-03
4.696723587074e-03
4.696824789619e-03
4.696932078900e-03
4.697054364726e-03
4.697192169374e-03
4.707721163413e-03
4.707870769892e-03
4.708009543492e-03
4.708140249932e-03
4.708274014433e-03
4.708423804459e-03
4.708596991406e-03
4.708792174938e-03
4.709001962112e-03
4.709220001814e-03
4.720256808696e-03
4.720510394975e-03
4.720792289618e-03
4.721108977719e-03
4.721458060317e-03
4.721829814684e-03
4.722213842399e-03
4.722606134351e-03
4.723011775013e-03
4.723441446004e-03
4.733319390425e-03
4.733826715494e-03
4.734360964619e-03
4.734911134676e-03
4.735469362913e-03
4.736035053725e-03
4.736613140267e-03
4.737208287338e-03
4.737818750016e-03
4.738434898968e-03
4.747015766611e-03
4.747616106442e-03
4.748196025332e-03
4.748761323469e-03
4.749320463304e-03
4.749877875213e-03
4.750430473507e-03
4.750969642942e-03
4.751486988198e-03
4.751980008109e-03
4.760827010102e-03
4.761298420306e-03
4.761763727402e-03
4.762222191857e-03
4.762667714601e-03
4.763094026600e-03
4.763500521051e-03
4.763894672806e-03
4.764289305172e-03
4.764696601057e-03
4.773039924260e-03
4.773492435902e-03
4.773956865677e-03
4.774429156157e-03
4.774910550680e-03
4.775407415252e-03
4.775927248147e-03
4.776473902552e-03
4.777045249739e-03
4.777634827860e-03
4.784412228901e-03
4.785031485142e-03
4.785663173607e-03
4.786312631325e-03
4.786982904193e-03
4.787671244287e-03
4.788368961840e-03
4.789064639965e-03
4.789748818041e-03
4.790417012998e-03
4.797413981350e-03
4.798062031057e-03
4.798698178490e-03
4.799319152028e-03
4.799918126309e-03
4.800487678722e-03
4.801023140828e-03
4.801524233301e-03
4.801994086279e-03
4.802436473540e-03
4.811931567758e-03
4.812329477545e-03
4.812697201316e-03
4.813033324467e-03
4.813340721398e-03
4.813626888961e-03
4.813901726607e-03
4.814173863451e-03
4.814447788590e-03
4.814723296931e-03
4.825065715295e-03
4.825348150234e-03
4.825631263543e-03
4.825922045598e-03
4.826229268076e-03
4.826559988601e-03
4.826917241871e-03
4.827300338718e-03
4.827707373352e-03
4.828138218613e-03
4.835765240671e-03
4.836263588629e-03
4.836794610355e-03
4.837355894722e-03
4.837940209939e-03
4.838538239483e-03
4.839142493893e-03
4.839750068697e-03
4.840362418747e-03
4.840982406733e-03
4.845738418112e-03
4.846380698723e-03
4.847019595559e-03
4.847647069141e-03
4.848257676940e-03
4.848849771975e-03
4.849423776648e-03
4.849979331766e-03
4.850513128360e-03
4.851019296098e-03
4.856151298100e-03
4.856597577771e-03
4.857009413229e-03
4.857392034353e-03
4.857751181987e-03
4.858090110758e-03
4.858408749840e-03
4.858705271374e-03
4.858978808613e-03
4.859231452031e-03
4.866261843347e-03
4.866499805701e-03
4.866732682217e-03
4.866962266192e-03
4.867188291541e-03
4.867410448071e-03
4.867630464560e-03
4.867852697828e-03
4.868082964208e-03
4.868326500059e-03
4.875480006092e-03
4.875767721728e-03
4.876071408205e-03
4.876390337415e-03
4.876724946826e-03
4.877076629157e-03
4.877446671003e-03
4.877834970671e-03
4.878239559503e-03
4.878656953053e-03
4.884597079354e-03
4.885041790885e-03
4.885492344613e-03
4.885949221602e-03
4.886413214649e-03
4.886884064831e-03
4.887359672637e-03
4.887836098590e-03
4.888308494117e-03
4.888772404399e-03
4.894768491056e-03
4.895219909656e-03
4.895658001431e-03
4.896081975687e-03
4.896489980524e-03
4.896879250737e-03
4.897247155782e-03
4.897592584769e-03
4.897916333789e-03
4.898220595408e-03
4.906246878249e-03
4.906527563378e-03
4.906788133269e-03
4.907025197383e-03
4.907236499662e-03
4.907422705116e-03
4.907587523405e-03
4.907736091013e-03
4.907872617423e-03
4.907998827605e-03
4.917821603442e-03
4.917937374842e-03
4.918041520284e-03
4.918136578283e-03
4.918226383779e-03
4.918314223971e-03
4.918401376926e-03
4.918487352541e-03
4.918571501378e-03
4.918654995890e-03
4.927972266216e-03
4.928080655759e-03
4.928201854057e-03
4.928337654860e-03
4.928486828760e-03
4.928646668759e-03
4.928814992581e-03
4.928991500492e-03
4.929177341523e-03
4.929373839843e-03
4.936076658964e-03
4.936307291132e-03
4.936546589136e-03
4.936794889375e-03
4.937054148797e-03
4.937326824120e-03
4.937613817219e-03
4.937913377375e-03
4.938221471377e-03
4.938533741267e-03
4.943074553296e-03
4.943402183699e-03
4.943731902358e-03
4.944064215124e-03
4.944397942154e-03
4.944730852571e-03
4.945061550643e-03
4.945391161755e-03
4.945723312801e-03
4.946062011641e-03
4.950294282423e-03
4.950660074087e-03
4.951027570939e-03
4.951392267913e-03
4.951752592547e-03
4.952110679255e-03
4.952470720127e-03
4.952835853601e-03
4.953206304435e-03
4.953579917810e-03
4.958779357310e-03
4.959169819870e-03
4.959567734943e-03
4.959979439491e-03
4.960409099851e-03
4.960856288051e-03
4.961316355207e-03
4.961783693034e-03
4.962255540022e-03
4.962733698392e-03
4.968608007573e-03
4.969127217294e-03
4.969663839177e-03
4.970215873129e-03
4.970780386259e-03
4.971356808653e-03
4.971948434445e-03
4.972560794897e-03
4.973197983361e-03
4.973859492225e-03
4.979321664905e-03
4.980026727651e-03
4.980738511108e-03
4.981456970938e-03
4.982186191796e-03
4.982930947847e-03
4.983693079055e-03
4.984470242448e-03
4.985257854344e-03
4.986052425352e-03
4.990930332383e-03
4.991751947614e-03
4.992585209834e-03
4.993428502644e-03
4.994275437753e-03
4.995117293959e-03
4.995947338102e-03
4.996763763529e-03
4.997569725390e-03
4.998369950613e-03
5.002988955312e-03
5.003787806004e-03
5.004573441340e-03
5.005339046932e-03
5.006080964051e-03
5.006799518526e-03
5.007496793837e-03
5.008173124736e-03
5.008825046559e-03
5.009446316990e-03
5.014889802794e-03
5.015446155596e-03
5.015969030637e-03
5.016465328708e-03
5.016940580333e-03
5.017395770153e-03
5.017827096708e-03
5.018228929600e-03
5.018597973333e-03
5.018935720670e-03
5.025285792044e-03
5.025588242574e-03
5.025876631237e-03
5.026152013897e-03
5.026413480039e-03
5.026661182569e-03
5.026898856556e-03
5.027133534782e-03
5.027372941527e-03
5.027621987381e-03
5.033174274388e-03
5.033448603342e-03
5.033726315276e-03
5.034006969538e-03
5.034294424604e-03
5.034595268341e-03
5.034915560088e-03
5.035257835061e-03
5.035620442754e-03
5.035999341146e-03
5.039906430795e-03
5.040318323552e-03
5.040744120663e-03
5.041185950347e-03
5.041643603022e-03
5.042113193952e-03
5.042588239860e-03
5.043062390371e-03
5.043532036211e-03
5.043997154644e-03
5.047465022074e-03
5.047934281606e-03
5.048399740190e-03
5.048855892198e-03
5.049296101788e-03
5.049715730877e-03
5.050113936989e-03
5.050493235217e-03
5.050856804871e-03
5.051205539928e-03
5.056158294167e-03
5.056476174730e-03
5.056766767666e-03
5.057028927638e-03
5.057265834921e-03
5.057483090241e-03
5.057685628344e-03
5.057875307898e-03
5.058051004653e-03
5.058210959987e-03
5.064892707537e-03
5.065038749649e-03
5.065181184932e-03
5.065325979501e-03
5.065475145273e-03
5.065626118494e-03
5.065774125626e-03
5.065916105877e-03
5.066053732719e-03
5.066193395407e-03
5.072569672450e-03
5.072748760824e-03
5.072945132156e-03
5.073155927334e-03
5.073377412316e-03
5.073608285954e-03
5.073850856377e-03
5.074109310101e-03
5.074386211220e-03
5.074680145697e-03
5.079235650896e-03
5.079560668548e-03
5.079889901367e-03
5.080226574250e-03
5.080577866295e-03
5.080951007812e-03
5.081349254056e-03
5.081770500453e-03
5.082209296802e-03
5.082660752748e-03
5.085566781020e-03
5.086055809443e-03
5.086564332487e-03
5.087095580905e-03
5.087648989502e-03
5.088221186213e-03
5.088809002586e-03
5.089412513712e-03
5.090035885132e-03
5.090685022708e-03
5.091787732965e-03
5.092506578876e-03
5.093249319941e-03
5.094008890012e-03
5.094780104628e-03
5.095562014390e-03
5.096357054583e-03
5.097168133602e-03
5.097995230642e-03
5.098834156456e-03
5.098664026377e-03
5.099517027816e-03
5.100365311591e-03
5.101209007989e-03
5.102049437824e-03
5.102885935855e-03
5.103713929884e-03
5.104525647312e-03
5.105312941453e-03
5.106070664681e-03
5.106714348358e-03
5.107424250809e-03
5.108108683544e-03
5.108767125989e-03
5.109395340753e-03
5.109987264348e-03
5.110538275972e-03
5.111047735568e-03
5.111519014804e-03
5.111956970666e-03
5.114761393941e-03
5.115148497282e-03
5.115500617137e-03
5.115813853649e-03
5.116087676811e-03
5.116326429800e-03
5.116537767492e-03
5.116729072085e-03
5.116904032775e-03
5.117061645194e-03
5.121611226912e-03
5.121736096328e-03
5.121839478193e-03
5.121927374830e-03
5.122007243529e-03
5.122084167908e-03
5.122158608174e-03
5.122227228071e-03
5.122286643598e-03
5.122337204170e-03
5.127356013645e-03
5.127421542738e-03
5.127500314131e-03
5.127594679891e-03
5.127701003346e-03
5.127812576404e-03
5.127924500300e-03
5.128037312886e-03
5.128156957994e-03
5.128291415872e-03
5.132099096613e-03
5.132285648017e-03
5.132487748028e-03
5.132700819615e-03
5.132924054863e-03
5.133161670074e-03
5.133420333038e-03
5.133704473565e-03
5.134012799715e-03
5.134338270693e-03
5.135881565423e-03
5.136229307254e-03
5.136580512954e-03
5.136941141416e-03
5.137317932508e-03
5.137713576801e-03
5.138124440180e-03
5.138542441216e-03
5.138959413159e-03
5.139371270161e-03
5.139057275812e-03
5.139474397993e-03
5.139891314968e-03
5.140304540078e-03
5.140706582495e-03
5.141089774781e-03
5.141450301551e-03
5.141789963204e-03
5.142114229216e-03
5.142428053603e-03
5.141669580155e-03
5.141970585612e-03
5.142250161668e-03
5.142503271486e-03
5.142729970316e-03
5.142935558467e-03
5.143127444228e-03
5.143311233610e-03
5.143488280623e-03
5.143656660607e-03
5.143380257664e-03
5.143540813037e-03
5.143697328435e-03
5.143857804569e-03
5.144029413145e-03
5.144215574433e-03
5.144415737902e-03
5.144627819561e-03
5.144851655530e-03
5.145091230531e-03
5.144206778084e-03
5.144512579022e-03
5.144853484580e-03
5.145228585548e-03
5.145633031930e-03
5.146061372841e-03
5.146511188343e-03
5.146984329315e-03
5.147485498753e-03
5.148018629541e-03
5.145709757755e-03
5.146312899342e-03
5.146936309302e-03
5.147573879185e-03
5.148223044273e-03
5.148884744528e-03
5.149560726693e-03
5.150250192344e-03
5.150947969753e-03
5.151645843398e-03
5.149357193261e-03
5.150045942457e-03
5.150726253817e-03
5.151404076742e-03
5.152084598535e-03
5.152768442088e-03
5.153450937996e-03
5.154124805529e-03
5.154784824185e-03
5.155431130504e-03
5.153601144002e-03
5.154248829172e-03
5.154902314700e-03
5.155562788048e-03
5.156227827740e-03
5.156895140146e-03
5.157566359685e-03
5.158248123166e-03
5.158949466079e-03
5.159677253914e-03
5.155651722532e-03
5.156441723614e-03
5.157248843147e-03
5.158069983509e-03
5.158908037743e-03
5.159770797889e-03
5.160666382096e-03
5.161598467396e-03
5.162564045577e-03
5.163555539866e-03
5.155939097108e-03
5.156976315050e-03
5.158028716664e-03
5.159098827164e-03
5.160186873809e-03
5.161288090164e-03
5.162393756564e-03
5.163495166187e-03
5.164587502065e-03
5.165671343036e-03
5.156987081818e-03
5.158076518740e-03
5.159160212031e-03
5.160230050024e-03
5.161275811361e-03
5.162289732880e-03
5.163269395894e-03
5.164217231197e-03
5.165137328106e-03
5.166031697229e-03
5.159792225754e-03
5.160639906933e-03
5.161453170729e-03
5.162232413511e-03
5.162981571630e-03
5.163705768268e-03
5.164408139137e-03
5.165088101421e-03
5.165742311647e-03
5.166367386096e-03
5.163260548670e-03
5.163840893260e-03
5.164401471177e-03
5.164948240406e-03
5.165484619340e-03
5.166010874461e-03
5.166525428365e-03
5.167027091431e-03
5.167516603308e-03
5.167996357613e-03
5.166142518249e-03
5.166620040768e-03
5.167091219562e-03
5.167553992237e-03
5.168006421343e-03
5.168448162237e-03
5.168880804206e-03
5.169307222900e-03
5.169730251339e-03
5.170151528489e-03
5.168633733319e-03
5.169061564118e-03
5.169485757278e-03
5.169905892501e-03
5.170322680783e-03
5.170737706067e-03
5.171152781429e-03
5.171569359732e-03
5.171988101495e-03
5.172409131660e-03
5.170898277754e-03
5.171336294097e-03
5.171780115688e-03
5.172233029214e-03
5.172698436809e-03
5.173178552980e-03
5.173673577701e-03
5.174181808968e-03
5.174700501641e-03
5.175227445136e-03
5.172635605959e-03
5.173189619768e-03
5.173753225279e-03
5.174326814824e-03
5.174909018137e-03
5.175497037612e-03
5.176087730888e-03
5.176678995042e-03
5.177270164211e-03
5.177861304048e-03
5.174014747581e-03
5.174613141037e-03
5.175202951875e-03
5.175778255477e-03
5.176334267048e-03
5.176868930221e-03
5.177383183252e-03
5.177879629798e-03
5.178360590946e-03
5.178826490180e-03
5.175237471747e-03
5.175678785974e-03
5.176099022322e-03
5.176498480353e-03
5.176879650094e-03
5.177245914240e-03
5.177600062723e-03
5.177943298634e-03
5.178275618107e-03
5.178597134261e-03
5.176012968718e-03
5.176331588984e-03
5.176650652459e-03
5.176975263339e-03
5.177308300574e-03
5.177649504219e-03
5.177996337068e-03
5.178345946035e-03
5.178697193855e-03
5.179051529694e-03
5.176816608184e-03
5.177197240528e-03
5.177587053197e-03
5.177983036447e-03
5.178380030998e-03
5.178772916338e-03
5.179158527994e-03
5.179536092896e-03
5.179905887303e-03
5.180267014566e-03
5.179014950897e-03
5.179357163968e-03
5.179675905310e-03
5.179967809227e-03
5.180233013391e-03
5.180474212750e-03
5.180694106230e-03
5.180893116290e-03
5.181068641207e-03
5.181216848428e-03
5.182285270337e-03
5.182386829574e-03
5.182466345332e-03
5.182531545586e-03
5.182589236313e-03
5.182643499666e-03
5.182696152417e-03
5.182748906691e-03
5.182805601862e-03
5.182872836883e-03
5.184094012066e-03
5.184214973326e-03
5.184364485558e-03
5.184543534710e-03
5.184752666821e-03
5.184994380897e-03
5.185273936661e-03
5.185597950344e-03
5.185971510230e-03
5.186395772455e-03
5.183929150292e-03
5.184452727349e-03
5.185013393657e-03
5.185607928013e-03
5.186234619657e-03
5.186891176436e-03
5.187572886427e-03
5.188272406826e-03
5.188981292179e-03
5.189692337012e-03
5.184452516289e-03
5.185163399688e-03
5.185864869077e-03
5.186550441920e-03
5.187210553515e-03
5.187834437834e-03
5.188412978725e-03
5.188940819608e-03
5.189416258361e-03
5.189839169816e-03
5.186295688020e-03
5.186616889432e-03
5.186878872507e-03
5.187079845541e-03
5.187221249514e-03
5.187307508436e-03
5.187344135379e-03
5.187335412529e-03
5.187283266082e-03
5.187188345644e-03
5.186822743042e-03
5.186659750734e-03
5.186468796069e-03
5.186259650941e-03
5.186041253467e-03
5.185819977271e-03
5.185599877848e-03
5.185384429922e-03
5.185178266629e-03
5.184987908876e-03
5.184569587641e-03
5.184442183577e-03
5.184347090449e-03
5.184284772952e-03
5.184254343590e-03
5.184255316010e-03
5.184288708506e-03
5.184356461029e-03
5.184460299006e-03
5.184600355960e-03
5.182072375419e-03
5.182290179732e-03
5.182537192695e-03
5.182811540863e-03
5.183111823101e-03
5.183436277775e-03
5.183781879623e-03
5.184144153304e-03
5.184517891394e-03
5.184898213770e-03
5.182123633460e-03
5.182519284972e-03
5.182915434830e-03
5.183312321208e-03
5.183710489462e-03
5.184110460561e-03
5.184512480469e-03
5.184916256155e-03
5.185320859766e-03
5.185724719354e-03
5.184199879295e-03
5.184608349509e-03
5.185011649189e-03
5.185409622868e-03
5.185802884228e-03
5.186192593442e-03
5.186580454620e-03
5.186968592227e-03
5.187359395165e-03
5.187754932422e-03
5.186830140303e-03
5.187247528681e-03
5.187665496408e-03
5.188078803030e-03
5.188482097481e-03
5.188871561131e-03
5.189245660915e-03
5.189604723398e-03
5.189949671035e-03
5.190280766101e-03
5.189810377260e-03
5.190122653687e-03
5.190416676669e-03
5.190691043765e-03
5.190944396361e-03
5.191174413483e-03
5.191377226367e-03
5.191547865991e-03
5.191681970985e-03
5.191777671087e-03
5.192653697918e-03
5.192693488198e-03
5.192707893514e-03
5.192701927456e-03
5.192678112621e-03
5.192636609252e-03
5.192576720276e-03
5.192498508563e-03
5.192403594208e-03
5.192294648111e-03
5.193525046820e-03
5.193405825651e-03
5.193278018226e-03
5.193143585188e-03
5.193006418494e-03
5.192872603288e-03
5.192749166156e-03
5.192641964413e-03
5.192553899803e-03
5.192484349095e-03
5.192122006179e-03
5.192089340142e-03
5.192066667121e-03
5.192054178906e-03
5.192053550672e-03
5.192066770178e-03
5.192094952633e-03
5.192138223094e-03
5.192196255109e-03
5.192269150029e-03
5.190535003351e-03
5.190649070357e-03
5.190780336591e-03
5.190927270746e-03
5.191086306127e-03
5.191252782822e-03
5.191422503401e-03
5.191593336917e-03
5.191765935194e-03
5.191943226293e-03
5.190162822885e-03
5.190368526371e-03
5.190587356992e-03
5.190819194922e-03
5.191063266466e-03
5.191319035532e-03
5.191586587216e-03
5.191866160544e-03
5.192157283147e-03
5.192458052193e-03
5.190462650091e-03
5.190782813543e-03
5.191106125721e-03
5.191434297785e-03
5.191771126078e-03
5.192120604931e-03
5.192484865120e-03
5.192862748572e-03
5.193250031425e-03
5.193641106075e-03
5.191081776445e-03
5.191476075709e-03
5.191863058997e-03
5.192240577571e-03
5.192605812169e-03
5.192955295399e-03
5.193286150472e-03
5.193597487335e-03
5.193890878047e-03
5.194169304218e-03
5.192357206568e-03
5.192620081289e-03
5.192865379570e-03
5.193086890586e-03
5.193278768729e-03
5.193437818662e-03
5.193564145088e-03
5.193660403506e-03
5.193729920222e-03
5.193775466921e-03
5.193812704476e-03
5.193826994230e-03
5.193824679793e-03
5.193810007484e-03
5.193786983682e-03
5.193757876953e-03
5.193722347599e-03
5.193677971874e-03
5.193622135266e-03
5.193554081586e-03
5.194364706313e-03
5.194290874158e-03
5.194217395115e-03
5.194148850990e-03
5.194087803034e-03
5.194034955593e-03
5.193990028658e-03
5.193952597324e-03
5.193922302226e-03
5.193898424693e-03
5.193889413874e-03
5.193882109438e-03
5.193875084785e-03
5.193866686341e-03
5.193856519270e-03
5.193845396036e-03
5.193834592774e-03
5.193825020683e-03
5.193816532426e-03
5.193807920080e-03
5.193005484671e-03
5.192999958922e-03
5.192987937789e-03
5.192967893265e-03
5.192939096332e-03
5.192901751457e-03
5.192856761141e-03
5.192805359741e-03
5.192748510126e-03
5.192686560918e-03
5.191420264737e-03
5.191358339403e-03
5.191291569417e-03
5.191221482733e-03
5.191150258270e-03
5.191079831832e-03
5.191011400825e-03
5.190945196773e-03
5.190881223939e-03
5.190820202984e-03
5.188826583776e-03
5.188788811836e-03
5.188760419287e-03
5.188741983886e-03
5.188732426404e-03
5.188730018915e-03
5.188733893590e-03
5.188745184739e-03
5.188766780748e-03
5.188801844611e-03
5.186037777094e-03
5.186112859462e-03
5.186199555794e-03
5.186294906139e-03
5.186397291482e-03
5.186506964947e-03
5.186625205170e-03
5.186752775955e-03
5.186888893491e-03
5.187031471223e-03
5.184157703582e-03
5.184318086947e-03
5.184483703886e-03
5.184656781296e-03
5.184838648233e-03
5.185028353367e-03
5.185222902469e-03
5.185418681492e-03
5.185613557842e-03
5.185807844668e-03
5.183027005160e-03
5.183236362200e-03
5.183451129255e-03
5.183670699125e-03
5.183893439948e-03
5.184118234070e-03
5.184345383213e-03
5.184576310796e-03
5.184812273967e-03
5.185053081789e-03
5.181708375062e-03
5.181962026029e-03
5.182214752324e-03
5.182467248517e-03
5.182721905953e-03
5.182981363021e-03
5.183246700824e-03
5.183516639363e-03
5.183788156728e-03
5.184058260511e-03
5.180100667019e-03
5.180374172880e-03
5.180645528583e-03
5.180914924097e-03
5.181180986199e-03
5.181441265165e-03
5.181693512895e-03
5.181937006114e-03
5.182172763057e-03
5.182402473281e-03
5.178655690202e-03
5.178883404540e-03
5.179101174008e-03
5.179305218292e-03
5.179493112450e-03
5.179664784748e-03
5.179822169964e-03
5.179967627328e-03
5.180102392615e-03
5.180226002437e-03
5.177428295553e-03
5.177536243764e-03
5.177631396691e-03
5.177716287619e-03
5.177794050212e-03
5.177866701729e-03
5.177934183337e-03
5.177994891540e-03
5.178047132119e-03
5.178091098173e-03
5.175791571958e-03
5.175839413198e-03
5.175890711939e-03
5.175948065357e-03
5.176011691844e-03
5.176080373872e-03
5.176153324101e-03
5.176231670021e-03
5.176318461963e-03
5.176417121049e-03
5.173667366478e-03
5.173802120567e-03
5.173946585217e-03
5.174097649331e-03
5.174254298765e-03
5.174418518209e-03
5.174594105426e-03
5.174784233986e-03
5.174989149793e-03
5.175205700255e-03
5.172315243783e-03
5.172550107602e-03
5.172785333230e-03
5.173021561916e-03
5.173260043136e-03
5.173500149567e-03
5.173738172630e-03
5.173968469819e-03
5.174186085526e-03
5.174389211220e-03
5.172483511558e-03
5.172675333938e-03
5.172859950562e-03
5.173035342693e-03
5.173195709972e-03
5.173333984544e-03
5.173445293963e-03
5.173528895909e-03
5.173587593845e-03
5.173625044620e-03
5.172928467573e-03
5.172936704753e-03
5.172920886082e-03
5.172879436600e-03
5.172814222419e-03
5.172730290155e-03
5.172633310963e-03
5.172526272816e-03
5.172408101600e-03
5.172274809865e-03
5.172161318967e-03
5.172003150392e-03
5.171831195639e-03
5.171653136870e-03
5.171476237308e-03
5.171304671364e-03
5.171139064657e-03
5.170978531737e-03
5.170823289177e-03
5.170676164482e-03
5.169992245499e-03
5.169886732801e-03
5.169798672739e-03
5.169725698124e-03
5.169664003517e-03
5.169611222243e-03
5.169568253848e-03
5.169539052133e-03
5.169528262854e-03
5.169538496489e-03
5.167850093642e-03
5.167909039699e-03
5.167979841076e-03
5.168059167886e-03
5.168145559367e-03
5.168238384044e-03
5.168336114423e-03
5.168435312157e-03
5.168531115260e-03
5.168618807204e-03
5.167347158647e-03
5.167425924071e-03
5.167494688067e-03
5.167554517925e-03
5.167605038480e-03
5.167644169262e-03
5.167669142622e-03
5.167677711029e-03
5.167669041612e-03
5.167643450363e-03
5.167995032593e-03
5.167952250929e-03
5.167893047485e-03
5.167817093309e-03
5.167725178069e-03
5.167619801796e-03
5.167504914368e-03
5.167385054278e-03
5.167264393094e-03
5.167146045608e-03
5.168120592089e-03
5.168029497099e-03
5.167946160725e-03
5.167872000300e-03
5.167808196461e-03
5.167755473792e-03
5.167714144022e-03
5.167684370520e-03
5.167666771570e-03
5.167662692884e-03
5.166991161161e-03
5.167036983778e-03
5.167102698863e-03
5.167189075394e-03
5.167295325805e-03
5.167419106044e-03
5.167557031427e-03
5.167705165036e-03
5.167859605990e-03
5.168016795722e-03
5.165278964114e-03
5.165447358479e-03
5.165610990616e-03
5.165768596555e-03
5.165919504236e-03
5.166063564104e-03
5.166200637007e-03
5.166330060092e-03
5.166450009710e-03
5.166557385678e-03
5.163452773502e-03
5.163534851306e-03
5.163593915199e-03
5.163629117362e-03
5.163641301920e-03
5.163632303095e-03
5.163604243194e-03
5.163559035850e-03
5.163498493459e-03
5.163424490206e-03
5.160651584617e-03
5.160567435155e-03
5.160475161745e-03
5.160374861362e-03
5.160265736720e-03
5.160147137246e-03
5.160019741538e-03
5.159886163881e-03
5.159750545658e-03
5.159617359254e-03
5.155971611146e-03
5.155863382981e-03
5.155762745972e-03
5.155669602232e-03
5.155584413956e-03
5.155508328983e-03
5.155442458260e-03
5.155386907688e-03
5.155340588033e-03
5.155302089179e-03
5.150193948737e-03
5.150184944000e-03
5.150187774973e-03
5.150205500684e-03
5.150239462978e-03
5.150288373613e-03
5.150348977963e-03
5.150417917378e-03
5.150493453755e-03
5.150576182359e-03
5.144788382722e-03
5.144903744679e-03
5.145029352548e-03
5.145163440318e-03
5.145304166433e-03
5.145451169994e-03
5.145606082863e-03
5.145771491527e-03
5.145948976804e-03
5.146137609927e-03
5.140545965617e-03
5.140758459618e-03
5.140972136246e-03
5.141187276308e-03
5.141406460837e-03
5.141632482150e-03
5.141866391682e-03
5.142106615892e-03
5.142349865309e-03
5.142593145706e-03
5.137677563368e-03
5.137931495540e-03
5.138186523538e-03
5.138442832447e-03
5.138698378744e-03
5.138949481932e-03
5.139192425759e-03
5.139425099799e-03
5.139647462386e-03
5.139860604800e-03
5.135662771522e-03
5.135868126899e-03
5.136060174436e-03
5.136235153486e-03
5.136390233417e-03
5.136524379736e-03
5.136638119211e-03
5.136732354913e-03
5.136807195754e-03
5.136861407095e-03
5.133741958502e-03
5.133757758074e-03
5.133746904392e-03
5.133708924291e-03
5.133644080900e-03
5.133552742052e-03
5.133435008815e-03
5.133290684796e-03
5.133119612424e-03
5.132921995084e-03
5.131054866183e-03
5.130816552935e-03
5.130555660458e-03
5.130273774512e-03
5.129972124507e-03
5.129651323841e-03
5.129311352846e-03
5.128951875065e-03
5.128572811998e-03
5.128174757090e-03
5.126903965277e-03
5.126482641629e-03
5.126048395994e-03
5.125602908436e-03
5.125147070999e-03
5.124681298071e-03
5.124206289054e-03
5.123723600661e-03
5.123235559040e-03
5.122744532855e-03
5.121561792919e-03
5.121077187368e-03
5.120590546369e-03
5.120101318880e-03
5.119610279735e-03
5.119119792596e-03
5.118633270342e-03
5.118153985165e-03
5.117684257073e-03
5.117225399431e-03
5.116190780427e-03
5.115768731741e-03
5.115365034669e-03
5.114984010277e-03
5.114629301374e-03
5.114302765719e-03
5.114004530128e-03
5.113734026395e-03
5.113491633495e-03
5.113279411660e-03
5.111483414055e-03
5.111354402459e-03
5.111265337177e-03
5.111216937451e-03
5.111208827998e-03
5.111240799408e-03
5.111313488271e-03
5.111427973816e-03
5.111584434587e-03
5.111780875382e-03
5.107807124432e-03
5.108081649780e-03
5.108379507362e-03
5.108696301988e-03
5.109029271409e-03
5.109376215216e-03
5.109733868778e-03
5.110097182921e-03
5.110459616674e-03
5.110814647139e-03
5.105678742552e-03
5.106017891251e-03
5.106336877532e-03
5.106631312856e-03
5.106895053643e-03
5.107120738728e-03
5.107301271437e-03
5.107431480496e-03
5.107508838421e-03
5.107532822876e-03
5.103526955509e-03
5.103457060841e-03
5.103332120370e-03
5.103151133653e-03
5.102914506097e-03
5.102624653034e-03
5.102285431860e-03
5.101900734473e-03
5.101473246782e-03
5.101004130950e-03
5.098432792522e-03
5.097895530525e-03
5.097321506412e-03
5.096715749573e-03
5.096084169395e-03
5.095432365579e-03
5.094764797775e-03
5.094084982147e-03
5.093396151210e-03
5.092702123875e-03
5.090058426617e-03
5.089378199671e-03
5.088703438616e-03
5.088034841378e-03
5.087371542913e-03
5.086712347122e-03
5.086057016229e-03
5.085406889066e-03
5.084764603851e-03
5.084132961883e-03
5.080697036249e-03
5.080102147645e-03
5.079520024310e-03
5.078950320751e-03
5.078393442830e-03
5.077850648092e-03
5.077323535090e-03
5.076813143603e-03
5.076319680882e-03
5.075842856684e-03
5.071542665803e-03
5.071111904215e-03
5.070703047636e-03
5.070320396896e-03
5.069967863790e-03
5.069647882408e-03
5.069361159087e-03
5.069107583950e-03
5.068887581444e-03
5.068703215500e-03
5.062076381193e-03
5.061984550309e-03
5.061938815572e-03
5.061939868597e-03
5.061986250894e-03
5.062075641945e-03
5.062206101115e-03
5.062376772173e-03
5.062587170471e-03
5.062835898229e-03
5.052880777612e-03
5.053203399314e-03
5.053549657703e-03
5.053915117912e-03
5.054297713002e-03
5.054697292337e-03
5.055113445451e-03
5.055543380820e-03
5.055980731299e-03
5.056416532000e-03
5.045712567721e-03
5.046128424453e-03
5.046522160683e-03
5.046892024723e-03
5.047236702865e-03
5.047553788017e-03
5.047839774079e-03
5.048091565129e-03
5.048308331595e-03
5.048492104379e-03
5.040370569247e-03
5.040507227477e-03
5.040617031852e-03
5.040696264473e-03
5.040739811307e-03
5.040744192627e-03
5.040709838113e-03
5.040641255789e-03
5.040544944507e-03
5.040426629478e-03
5.034755803877e-03
5.034610663074e-03
5.034448737206e-03
5.034272385558e-03
5.034085835632e-03
5.033893466020e-03
5.033697406930e-03
5.033496176054e-03
5.033285455511e-03
5.033060863866e-03
5.028218068503e-03
5.027976620966e-03
5.027727804759e-03
5.027476778139e-03
5.027225816036e-03
5.026973578993e-03
5.026716792543e-03
5.026452896516e-03
5.026181860273e-03
5.025905716820e-03
5.021495120275e-03
5.021224842835e-03
5.020947338096e-03
5.020657692342e-03
5.020352663905e-03
5.020033094411e-03
5.019703804066e-03
5.019371051333e-03
5.019039243450e-03
5.018708718296e-03
5.014914316746e-03
5.014589437167e-03
5.014257596031e-03
5.013920913768e-03
5.013583552568e-03
5.013248948615e-03
5.012917423755e-03
5.012586047428e-03
5.012251010214e-03
5.011910756934e-03
5.008197386132e-03
5.007869043368e-03
5.007548714559e-03
5.007238447263e-03
5.006935640722e-03
5.006634608776e-03
5.006329966591e-03
5.006019625171e-03
5.005705475639e-03
5.005391495388e-03
5.000686489666e-03
5.000388402493e-03
5.000089455109e-03
4.999785792506e-03
4.999475941588e-03
4.999162125330e-03
4.998849073502e-03
4.998540917938e-03
4.998238569044e-03
4.997939162195e-03
4.991443417680e-03
4.991146519444e-03
4.990845555881e-03
4.990545281601e-03
4.990252163054e-03
4.989971243560e-03
4.989704329034e-03
4.989450361052e-03
4.989207716733e-03
4.988976528580e-03
4.979705745484e-03
4.979516839001e-03
4.979349802284e-03
4.979205215420e-03
4.979080844805e-03
4.978973543643e-03
4.978881712418e-03
4.978806645227e-03
4.978751953217e-03
4.978721433645e-03
4.966339798727e-03
4.966369740373e-03
4.966420634275e-03
4.966488611501e-03
4.966571272575e-03
4.966667991084e-03
4.966778909704e-03
4.966903331194e-03
4.967038864606e-03
4.967181894472e-03
4.953503387355e-03
4.953662477533e-03
4.953824187282e-03
4.953990003287e-03
4.954161103569e-03
4.954337241486e-03
4.954516713667e-03
4.954697370010e-03
4.954877865202e-03
4.955058223970e-03
4.942083419678e-03
4.942275807593e-03
4.942470807805e-03
4.942668100568e-03
4.942867316629e-03
4.943069004185e-03
4.943275053620e-03
4.943488348545e-03
4.943711757676e-03
4.943947249501e-03
4.931692072660e-03
4.931961773138e-03
4.932244036013e-03
4.932538899709e-03
4.932846599502e-03
4.933167010392e-03
4.933499212484e-03
4.933841481147e-03
4.934191902066e-03
4.934548890674e-03
4.922140673102e-03
4.922517235343e-03
4.922898561347e-03
4.923283460926e-03
4.923669841276e-03
4.924054985395e-03
4.924435879389e-03
4.924809516638e-03
4.925172836238e-03
4.925522645806e-03
4.913245531725e-03
4.913567091421e-03
4.913866402774e-03
4.914142189421e-03
4.914394119510e-03
4.914622305364e-03
4.914826690083e-03
4.915006877752e-03
4.915162337852e-03
4.915292999556e-03
4.904026943336e-03
4.904119374771e-03
4.904190152217e-03
4.904240011456e-03
4.904269186454e-03
4.904278183687e-03
4.904268480459e-03
4.904243165981e-03
4.904206622030e-03
4.904163391359e-03
4.893066528723e-03
4.893027961543e-03
4.892989016980e-03
4.892950603164e-03
4.892914682046e-03
4.892884446235e-03
4.892863517227e-03
4.892854525110e-03
4.892858410471e-03
4.892874481129e-03
4.880394765109e-03
4.880441845444e-03
4.880501991295e-03
4.880578319899e-03
4.880673675871e-03
4.880789234676e-03
4.880924075906e-03
4.881076071115e-03
4.881243464069e-03
4.881426169959e-03
4.867426487635e-03
4.867654496138e-03
4.867903670402e-03
4.868173682382e-03
4.868462496290e-03
4.868767744142e-03
4.869088358646e-03
4.869425415222e-03
4.869781691013e-03
4.870160129485e-03
4.855026942550e-03
4.855461493264e-03
4.855917458315e-03
4.856392979491e-03
4.856887531503e-03
4.857402193409e-03
4.857938763450e-03
4.858498214162e-03
4.859079526398e-03
4.859679680010e-03
4.843503638199e-03
4.844139511704e-03
4.844784973784e-03
4.845439622784e-03
4.846103336206e-03
4.846774850478e-03
4.847450934051e-03
4.848126715558e-03
4.848796847796e-03
4.849456835359e-03
4.833321919818e-03
4.833963000635e-03
4.834586764559e-03
4.835190054621e-03
4.835768462669e-03
4.836317072773e-03
4.836831765886e-03
4.837310200401e-03
4.837751955847e-03
4.838157718609e-03
4.823946944043e-03
4.824290769307e-03
4.824597914649e-03
4.824867460457e-03
4.825099487618e-03
4.825295618843e-03
4.825458696644e-03
4.825591930057e-03
4.825698132208e-03
4.825779395844e-03
4.813503270043e-03
4.813549184519e-03
4.813577581274e-03
4.813592721348e-03
4.813599151248e-03
4.813600869795e-03
4.813600916520e-03
4.813601353987e-03
4.813603791149e-03
4.813609715427e-03
4.801357071926e-03
4.801382415735e-03
4.801414618214e-03
4.801453487858e-03
4.801498160646e-03
4.801547548425e-03
4.801600653082e-03
4.801656683810e-03
4.801714744019e-03
4.801773701956e-03
4.789029236633e-03
4.789093021259e-03
4.789152484193e-03
4.789205968564e-03
4.789251826139e-03
4.789288266181e-03
4.789313287404e-03
4.789324985779e-03
4.789322037141e-03
4.789304173016e-03
4.777098696763e-03
4.777063524671e-03
4.777018213645e-03
4.776964689540e-03
4.776904755090e-03
4.776840477064e-03
4.776774588663e-03
4.776710445924e-03
4.776651699274e-03
4.776601494257e-03
4.764289479738e-03
4.764273164142e-03
4.764271440251e-03
4.764286906493e-03
4.764323073459e-03
4.764383808833e-03
4.764472345300e-03
4.764590427385e-03
4.764738188328e-03
4.764914781617e-03
4.750804160665e-03
4.751047606021e-03
4.751318263118e-03
4.751615179941e-03
4.751935942409e-03
4.752276555735e-03
4.752632139912e-03
4.752997978301e-03
4.753370275409e-03
4.753746235963e-03
4.738413480538e-03
4.738799346740e-03
4.739177552722e-03
4.739542402035e-03
4.739888645759e-03
4.740212491697e-03
4.740511927594e-03
4.740786048956e-03
4.741033794915e-03
4.741253233988e-03
4.727184411649e-03
4.727349219820e-03
4.727478104371e-03
4.727571323940e-03
4.727630813761e-03
4.727659450111e-03
4.727659973184e-03
4.727634651488e-03
4.727585626370e-03
4.727515601019e-03
4.715442720112e-03
4.715353257552e-03
4.715256592419e-03
4.715156817497e-03
4.715056542523e-03
4.714957006570e-03
4.714858977366e-03
4.714763824268e-03
4.714674140303e-03
4.714593584197e-03
4.702788928626e-03
4.702747959414e-03
4.702725710558e-03
4.702723054947e-03
4.702739816196e-03
4.702775238002e-03
4.702828145867e-03
4.702896969093e-03
4.702979493118e-03
4.703072866960e-03
4.690681443833e-03
4.690796516229e-03
4.690913027616e-03
4.691029174637e-03
4.691143984303e-03
4.691257009483e-03
4.691367670148e-03
4.691474646336e-03
4.691575517995e-03
4.691666881399e-03
4.679794944082e-03
4.679865571973e-03
4.679915808936e-03
4.679943768508e-03
4.679948793864e-03
4.679931127953e-03
4.679891492628e-03
4.679830754753e-03
4.679749819502e-03
4.679649815102e-03
4.669049544020e-03
4.668927037869e-03
4.668790064557e-03
4.668639396698e-03
4.668474929133e-03
4.668295789713e-03
4.668101066557e-03
4.667890726125e-03
4.667666295347e-03
4.667430860820e-03
4.657378841102e-03
4.657145509327e-03
4.656911708878e-03
4.656678733397e-03
4.656446896490e-03
4.656216268074e-03
4.655987273452e-03
4.655760738444e-03
4.655537381382e-03
4.655317166339e-03
4.645074267330e-03
4.644869486697e-03
4.644665572300e-03
4.644463899922e-03
4.644267573894e-03
4.644080543528e-03
4.643906074648e-03
4.643745570036e-03
4.643598219445e-03
4.643461893863e-03
4.633096875637e-03
4.632988576873e-03
4.632888851233e-03
4.632799080014e-03
4.632720522181e-03
4.632653756232e-03
4.632599175011e-03
4.632557825289e-03
4.632532177709e-03
4.632525924137e-03
4.621643030703e-03
4.621695233539e-03
4.621772388077e-03
4.621872024188e-03
4.621991066813e-03
4.622127668654e-03
4.622282211926e-03
4.622457184382e-03
4.622655713831e-03
4.622880320596e-03
4.610239268118e-03
4.610527615910e-03
4.610844124386e-03
4.611190204173e-03
4.611567659822e-03
4.611977494449e-03
4.612418691693e-03
4.612888095039e-03
4.613381610113e-03
4.613896160606e-03
4.598734800368e-03
4.599300803591e-03
4.599892413751e-03
4.600511957847e-03
4.601159628749e-03
4.601833555114e-03
4.602531059049e-03
4.603250149273e-03
4.603990011560e-03
4.604750308488e-03
4.587301427023e-03
4.588106438234e-03
4.588923364565e-03
4.589748014894e-03
4.590578027262e-03
4.591413556170e-03
4.592256361775e-03
4.593107838105e-03
4.593967341407e-03
4.594831659290e-03
4.576313062444e-03
4.577184028676e-03
4.578048496171e-03
4.578905675999e-03
4.579755304349e-03
4.580596129017e-03
4.581425277479e-03
4.582238863065e-03
4.583033559982e-03
4.583807835786e-03
4.565866391204e-03
4.566613669226e-03
4.567343412646e-03
4.568055053994e-03
4.568746717723e-03
4.569416304491e-03
4.570062714777e-03
4.570686463865e-03
4.571289147748e-03
4.571872375323e-03
4.555556851130e-03
4.556114819366e-03
4.556653468455e-03
4.557173107344e-03
4.557675509773e-03
4.558163809008e-03
4.558641832659e-03
4.559113143102e-03
4.559580567275e-03
4.560046169502e-03
4.544887671159e-03
4.545366785237e-03
4.545848639054e-03
4.546334921940e-03
4.546827362503e-03
4.547327650869e-03
4.547837518658e-03
4.548358656734e-03
4.548892747550e-03
4.549441404436e-03
4.533594104032e-03
4.534188358434e-03
4.534802129285e-03
4.535436724950e-03
4.536092675892e-03
4.536769285721e-03
4.537464816678e-03
4.538177008612e-03
4.538903994217e-03
4.539645037653e-03
4.522234968988e-03
4.523015931397e-03
4.523811930710e-03
4.524621563121e-03
4.525442323484e-03
4.526271481950e-03
4.527107347826e-03
4.527949540773e-03
4.528798394347e-03
4.529653685324e-03
4.511691667233e-03
4.512562626985e-03
4.513431244959e-03
4.514295062847e-03
4.515153657735e-03
4.516008016708e-03
4.516859063983e-03
4.517706094873e-03
4.518546371060e-03
4.519376216649e-03
4.502220763072e-03
4.503033354126e-03
4.503834433592e-03
4.504626450284e-03
4.505410332115e-03
4.506184308866e-03
4.506944523484e-03
4.507686984084e-03
4.508409608491e-03
4.509112895448e-03
4.493110605210e-03
4.493791633195e-03
4.494457132694e-03
4.495105118565e-03
4.495733365900e-03
4.496341228958e-03
4.496930676055e-03
4.497505396955e-03
4.498068696705e-03
4.498621621678e-03
4.483582298235e-03
4.484120755706e-03
4.484642005309e-03
4.485146735703e-03
4.485638660412e-03
4.486122909100e-03
4.486603906912e-03
4.487083944696e-03
4.487563295527e-03
4.488041735954e-03
4.473531864676e-03
4.474027642630e-03
4.474529560298e-03
4.475040499244e-03
4.475561460595e-03
4.476091542017e-03
4.476629221415e-03
4.477173923192e-03
4.477727019321e-03
4.478291496753e-03
4.463454580957e-03
4.464064803415e-03
4.464689901283e-03
4.465326850607e-03
4.465971954858e-03
4.466622147220e-03
4.467275766899e-03
4.467932121770e-03
4.468590574334e-03
4.469249675140e-03
4.454475791363e-03
4.455143490190e-03
4.455803308872e-03
4.456453149089e-03
4.457091570828e-03
4.457717227467e-03
4.458328224985e-03
4.458921781975e-03
4.459494708669e-03
4.460044154087e-03
4.446812071080e-03
4.447325666206e-03
4.447815206220e-03
4.448282376131e-03
4.448728573607e-03
4.449154508848e-03
4.449560262515e-03
4.449945832164e-03
4.450311645087e-03
4.450658875953e-03
4.438914067919e-03
4.439242341846e-03
4.439557592832e-03
4.439861793344e-03
4.440157170052e-03
4.440446498336e-03
4.440732964497e-03
4.441019885917e-03
4.441309944809e-03
4.441604868759e-03
4.429492631971e-03
4.429810889690e-03
4.430135068787e-03
4.430465868154e-03
4.430804556534e-03
4.431152460086e-03
4.431510606423e-03
4.431879513220e-03
4.432259409896e-03
4.432650614092e-03
4.418925501852e-03
4.419353116646e-03
4.419793390468e-03
4.420245521885e-03
4.420707930819e-03
4.421178749965e-03
4.421656735644e-03
4.422141898658e-03
4.422635240132e-03
4.423138146592e-03
4.407995011832e-03
4.408530370767e-03
4.409075324702e-03
4.409629214308e-03
4.410192118883e-03
4.410764875047e-03
4.411348548217e-03
4.411943568016e-03
4.412549507720e-03
4.413165373251e-03
4.397008626256e-03
4.397655749074e-03
4.398314853006e-03
4.398988361061e-03
4.399677999459e-03
4.400383898485e-03
4.401104650867e-03
4.401838124352e-03
4.402582601244e-03
4.403337307849e-03
4.386162051105e-03
4.386950029243e-03
4.387747565147e-03
4.388552960279e-03
4.389364349095e-03
4.390180356040e-03
4.391000691783e-03
4.391825546577e-03
4.392654679236e-03
4.393486378660e-03
4.375893435224e-03
4.376731902312e-03
4.377560849605e-03
4.378377192836e-03
4.379179250975e-03
4.379966214685e-03
4.380737280712e-03
4.381491166441e-03
4.382226212442e-03
4.382940911796e-03
4.366470475304e-03
4.367155677585e-03
4.367818783237e-03
4.368458520219e-03
4.369072583700e-03
4.369657993834e-03
4.370212022252e-03
4.370733170617e-03
4.371221603719e-03
4.371678905329e-03
4.357108660827e-03
4.357525205990e-03
4.357917197751e-03
4.358286302192e-03
4.358634084952e-03
4.358962283220e-03
4.359272637373e-03
4.359566721575e-03
4.359845806277e-03
4.360110989069e-03
4.346581506468e-03
4.346837575724e-03
4.347085882330e-03
4.347330387702e-03
4.347575658016e-03
4.347826364153e-03
4.348086831044e-03
4.348360539211e-03
4.348650022223e-03
4.348956925185e-03
4.334771145693e-03
4.335127165859e-03
4.335502710092e-03
4.335898697661e-03
4.336316176534e-03
4.336756074395e-03
4.337218988383e-03
4.337705078456e-03
4.338214272821e-03
4.338746482290e-03
4.322963198774e-03
4.323552388598e-03
4.324163058641e-03
4.324792748093e-03
4.325437768216e-03
4.326093792258e-03
4.326756821399e-03
4.327423850611e-03
4.328093011679e-03
4.328762935870e-03
4.312028857669e-03
4.312706627445e-03
4.313377385472e-03
4.314037755819e-03
4.314685263125e-03
4.315318661725e-03
4.315937593219e-03
4.316541548008e-03
4.317129250751e-03
4.317698518093e-03
4.301421065804e-03
4.301959613713e-03
4.302476225519e-03
4.302972263190e-03
4.303449369615e-03
4.303908375391e-03
4.304348949802e-03
4.304770154022e-03
4.305171384658e-03
4.305553336224e-03
4.290331025459e-03
4.290692100426e-03
4.291040217538e-03
4.291376005199e-03
4.291698904922e-03
4.292007849870e-03
4.292302132455e-03
4.292581786729e-03
4.292847198712e-03
4.293098504320e-03
4.278822270635e-03
4.279054292624e-03
4.279268859818e-03
4.279465354102e-03
4.279644177473e-03
4.279806349587e-03
4.279952844740e-03
4.280083914182e-03
4.280198948379e-03
4.280296894592e-03
4.267212916318e-03
4.267286489608e-03
4.267342581386e-03
4.267382260707e-03
4.267406806434e-03
4.267417757433e-03
4.267417113908e-03
4.267407633051e-03
4.267392724785e-03
4.267376142479e-03
4.255011489079e-03
4.255011949226e-03
4.255019305447e-03
4.255035651852e-03
4.255063334654e-03
4.255105181755e-03
4.255164320966e-03
4.255243834962e-03
4.255346471382e-03
4.255474664149e-03
4.242113883151e-03
4.242310667451e-03
4.242540455039e-03
4.242805461047e-03
4.243106948820e-03
4.243444979522e-03
4.243818620807e-03
4.244226445167e-03
4.244667242517e-03
4.245140223986e-03
4.229605903220e-03
4.230152134141e-03
4.230728255038e-03
4.231332551456e-03
4.231963035238e-03
4.232617932416e-03
4.233295836912e-03
4.233995486288e-03
4.234715244650e-03
4.235452713658e-03
4.218118004019e-03
4.218891501637e-03
4.219673454884e-03
4.220462029025e-03
4.221256299502e-03
4.222055926448e-03
4.222860428285e-03
4.223669013243e-03
4.224480526375e-03
4.225293881177e-03
4.206931214014e-03
4.207756114170e-03
4.208580755346e-03
4.209403623406e-03
4.210222243785e-03
4.211033552565e-03
4.211834628222e-03
4.212623417459e-03
4.213398978266e-03
4.214161156540e-03
4.195335461418e-03
4.196080289148e-03
4.196808816801e-03
4.197518389049e-03
4.198206104945e-03
4.198869211677e-03
4.199505077850e-03
4.200110780744e-03
4.200682882413e-03
4.201217461627e-03
4.183322971073e-03
4.183784012355e-03
4.184200581506e-03
4.184573652424e-03
4.184905087868e-03
4.185196448475e-03
4.185448183023e-03
4.185659590235e-03
4.185829603841e-03
4.185957806158e-03
4.170417174635e-03
4.170478130959e-03
4.170503592945e-03
4.170496643269e-03
4.170460324758e-03
4.170398073086e-03
4.170314591363e-03
4.170216192620e-03
4.170110310383e-03
4.170004349248e-03
4.155604901484e-03
4.155526380714e-03
4.155460122547e-03
4.155408364795e-03
4.155374464347e-03
4.155363443260e-03
4.155381325972e-03
4.155433788867e-03
4.155525043757e-03
4.155657369154e-03
4.139390725982e-03
4.139618442593e-03
4.139891026796e-03
4.140210349988e-03
4.140577510839e-03
4.140991715133e-03
4.141450149632e-03
4.141948727295e-03
4.142483681562e-03
4.143052562426e-03
4.124277050323e-03
4.124920117647e-03
4.125593165384e-03
4.126291850639e-03
4.127009922399e-03
4.127740546778e-03
4.128477918073e-03
4.129217999662e-03
4.129958189196e-03
4.130696122672e-03
4.111906207640e-03
4.112639112066e-03
4.113358479401e-03
4.114061299958e-03
4.114746396965e-03
4.115413862621e-03
4.116063851313e-03
4.116695283756e-03
4.117305471596e-03
4.117890954205e-03
4.100922168163e-03
4.101462407277e-03
4.101975904973e-03
4.102465316294e-03
4.102933071067e-03
4.103380451113e-03
4.103807618776e-03
4.104214413985e-03
4.104601401821e-03
4.104970140929e-03
4.088966155734e-03
4.089312981534e-03
4.089643160569e-03
4.089953923085e-03
4.090241708639e-03
4.090503566204e-03
4.090738115679e-03
4.090945432836e-03
4.091126253627e-03
4.091280812702e-03
4.075516955652e-03
4.075626011286e-03
4.075704434626e-03
4.075750991319e-03
4.075765127652e-03
4.075746364720e-03
4.075693597088e-03
4.075604539082e-03
4.075476260653e-03
4.075306093853e-03
4.060620212556e-03
4.060376445636e-03
4.060094153999e-03
4.059778265457e-03
4.059434272392e-03
4.059067446860e-03
4.058682470998e-03
4.058283569066e-03
4.057874775583e-03
4.057460029742e-03
4.043470415525e-03
4.043067031375e-03
4.042668866134e-03
4.042279448186e-03
4.041902745030e-03
4.041543505082e-03
4.041207590376e-03
4.040901725659e-03
4.040633022896e-03
4.040408098263e-03
4.024650257122e-03
4.024537787757e-03
4.024478299243e-03
4.024470747140e-03
4.024512987030e-03
4.024602602044e-03
4.024737508303e-03
4.024916106175e-03
4.025136990265e-03
4.025398484714e-03
4.006837810266e-03
4.007185407715e-03
4.007566045289e-03
4.007977088918e-03
4.008415983492e-03
4.008879836363e-03
4.009364769331e-03
4.009865650858e-03
4.010376394660e-03
4.010890867221e-03
3.991846285885e-03
3.992366974899e-03
3.992881460306e-03
3.993389296511e-03
3.993890127163e-03
3.994383053737e-03
3.994866795324e-03
3.995340338577e-03
3.995803759040e-03
3.996258516054e-03
3.978396663229e-03
3.978852506350e-03
3.979305652194e-03
3.979756250999e-03
3.980203737115e-03
3.980647818310e-03
3.981089204615e-03
3.981529714736e-03
3.981971613200e-03
3.982416663973e-03
3.964062758712e-03
3.964525309357e-03
3.964990402721e-03
3.965457594632e-03
3.965927093759e-03
3.966399335638e-03
3.966874105458e-03
3.967349732022e-03
3.967822952973e-03
3.968289358454e-03
3.948448781159e-03
3.948897650048e-03
3.949328563010e-03
3.949739478685e-03
3.950128480312e-03
3.950493278637e-03
3.950831276256e-03
3.951139905837e-03
3.951417188489e-03
3.951661829035e-03
3.932403043621e-03
3.932587425822e-03
3.932737037530e-03
3.932851013474e-03
3.932928667666e-03
3.932969901030e-03
3.932975445252e-03
3.932946825387e-03
3.932886085181e-03
3.932795624223e-03
3.915831499910e-03
3.915696340641e-03
3.915540173580e-03
3.915366553542e-03
3.915179130104e-03
3.914981456035e-03
3.914776991110e-03
3.914569098868e-03
3.914361344641e-03
3.914157336112e-03
3.898775454900e-03
3.898596973841e-03
3.898430958998e-03
3.898278865393e-03
3.898141818922e-03
3.898021307293e-03
3.897919403357e-03
3.897838565706e-03
3.897781177102e-03
3.897748830354e-03
3.882653223116e-03
3.882682446715e-03
3.882737963067e-03
3.882820382387e-03
3.882930593250e-03
3.883069003109e-03
3.883234841851e-03
3.883425881611e-03
3.883638952459e-03
3.883871011851e-03
3.868526028896e-03
3.868803237765e-03
3.869097588620e-03
3.869409487777e-03
3.869738443768e-03
3.870083033121e-03
3.870441373465e-03
3.870812014839e-03
3.871194142732e-03
3.871587088383e-03
3.855837995673e-03
3.856258424150e-03
3.856680719366e-03
3.857100058553e-03
3.857512602735e-03
3.857916635241e-03
3.858312374177e-03
3.858700986086e-03
3.859083199870e-03
3.859458532361e-03
3.843434922885e-03
3.843801499386e-03
3.844156124671e-03
3.844497880777e-03
3.844825679323e-03
3.845137502310e-03
3.845430190722e-03
3.845700108741e-03
3.845944654984e-03
3.846163445075e-03
3.829976033956e-03
3.830159828681e-03
3.830327115452e-03
3.830479971043e-03
3.830618713948e-03
3.830742644936e-03
3.830851350585e-03
3.830945440257e-03
3.831026425985e-03
3.831095938892e-03
3.814260109436e-03
3.814317944205e-03
3.814366894574e-03
3.814409462336e-03
3.814450176947e-03
3.814494798007e-03
3.814548706885e-03
3.814615371880e-03
3.814695877395e-03
3.814789742933e-03
3.796394461403e-03
3.796524313600e-03
3.796670995200e-03
3.796838221660e-03
3.797029211796e-03
3.797245863041e-03
3.797488887983e-03
3.797758725739e-03
3.798056339122e-03
3.798383155015e-03
3.777924733356e-03
3.778320159938e-03
3.778741919859e-03
3.779185325470e-03
3.779645828331e-03
3.780120623389e-03
3.780609271189e-03
3.781112819127e-03
3.781632035782e-03
3.782165770190e-03
3.761302910959e-03
3.761863600630e-03
3.762425004709e-03
3.762982549745e-03
3.763532418986e-03
3.764070669149e-03
3.764592712912e-03
3.765093299762e-03
3.765567960500e-03
3.766014360224e-03
3.747610916832e-03
3.748015933354e-03
3.748399374274e-03
3.748762813188e-03
3.749105270003e-03
3.749423642432e-03
3.749714356161e-03
3.749975053495e-03
3.750205251436e-03
3.750405949404e-03
3.734729213249e-03
3.734885992003e-03
3.735017225608e-03
3.735125465937e-03
3.735215246934e-03
3.735292876627e-03
3.735364968236e-03
3.735436514773e-03
3.735509368710e-03
3.735582299328e-03
3.720632575039e-03
3.720707224772e-03
3.720775763043e-03
3.720839399762e-03
3.720900405483e-03
3.720960848739e-03
3.721022140837e-03
3.721085337531e-03
3.721151960463e-03
3.721224594187e-03
3.705770043211e-03
3.705872238356e-03
3.705985885802e-03
3.706108571748e-03
3.706236062840e-03
3.706364116226e-03
3.706490036564e-03
3.706613733925e-03
3.706737193056e-03
3.706863501009e-03
3.690646402163e-03
3.690795792181e-03
3.690955133322e-03
3.691126305227e-03
3.691311442481e-03
3.691512560749e-03
3.691730930598e-03
3.691966580732e-03
3.692218367291e-03
3.692484787223e-03
3.674836294749e-03
3.675140283008e-03
3.675460214936e-03
3.675798588972e-03
3.676157633038e-03
3.676538736670e-03
3.676942061702e-03
3.677366605018e-03
3.677810493627e-03
3.678271090166e-03
3.658838270667e-03
3.659332347922e-03
3.659832472977e-03
3.660335105792e-03
3.660837187738e-03
3.661336187406e-03
3.661829702025e-03
3.662315173358e-03
3.662789669704e-03
3.663249884255e-03
3.643794456764e-03
3.644226722486e-03
3.644635359478e-03
3.645017567692e-03
3.645370543836e-03
3.645691719782e-03
3.645979145745e-03
3.646232086965e-03
3.646451283828e-03
3.646638541170e-03
3.629287358251e-03
3.629427040664e-03
3.629538738039e-03
3.629622062590e-03
3.629676764263e-03
3.629703564343e-03
3.629704426658e-03
3.629682270059e-03
3.629640022950e-03
3.629579943777e-03
3.614218706900e-03
3.614139048864e-03
3.614045798486e-03
3.613941203355e-03
3.613827826030e-03
3.613707688942e-03
3.613581366096e-03
3.613447768828e-03
3.613304748740e-03
3.613150249976e-03
3.598937296488e-03
3.598770939675e-03
3.598594246853e-03
3.598408681341e-03
3.598214826127e-03
3.598012247721e-03
3.597800119280e-03
3.597577998335e-03
3.597346530000e-03
3.597107205564e-03
3.584020465041e-03
3.583780913686e-03
3.583536508131e-03
3.583287183119e-03
3.583033345649e-03
3.582776729502e-03
3.582520627958e-03
3.582269258743e-03
3.582027016193e-03
3.581797530160e-03
3.568700783433e-03
3.568514013068e-03
3.568346492671e-03
3.568200260418e-03
3.568077526097e-03
3.567980123478e-03
3.567909106209e-03
3.567864554327e-03
3.567845711359e-03
3.567851549690e-03
3.552541998829e-03
3.552604252491e-03
3.552688730792e-03
3.552794134009e-03
3.552918312778e-03
3.553058138039e-03
3.553209714426e-03
3.553368586950e-03
3.553529981446e-03
3.553689031605e-03
3.536681284913e-03
3.536830917483e-03
3.536964238890e-03
3.537077441990e-03
3.537167220088e-03
3.537230584641e-03
3.537264674833e-03
3.537266845058e-03
3.537234768089e-03
3.537166792171e-03
3.521426662530e-03
3.521295815972e-03
3.521128768057e-03
3.520926102169e-03
3.520688506285e-03
3.520417159336e-03
3.520114233368e-03
3.519783250624e-03
3.519428744653e-03
3.519055571985e-03
3.505235239174e-03
3.504848390264e-03
3.504452117568e-03
3.504048461082e-03
3.503640306690e-03
3.503231807144e-03
3.502827769523e-03
3.502432666949e-03
3.502049623648e-03
3.501680200998e-03
3.488042935771e-03
3.487715831852e-03
3.487405459168e-03
3.487113660469e-03
3.486841509471e-03
3.486588134365e-03
3.486350471746e-03
3.486124217829e-03
3.485905489811e-03
3.485692237064e-03
3.471920101845e-03
3.471730218280e-03
3.471547632216e-03
3.471371085880e-03
3.471197432987e-03
3.471022807560e-03
3.470844113792e-03
3.470659800200e-03
3.470469435456e-03
3.470272446123e-03
3.457395890848e-03
3.457189236428e-03
3.456968715739e-03
3.456733890459e-03
3.456487414155e-03
3.456234724013e-03
3.455982016249e-03
3.455734146200e-03
3.455493344177e-03
3.455259596080e-03
3.442893934221e-03
3.442684095148e-03
3.442484097434e-03
3.442297912784e-03
3.442129362611e-03
3.441981105937e-03
3.441854727214e-03
3.441751944422e-03
3.441676037255e-03
3.441632132933e-03
3.427514177304e-03
3.427561650369e-03
3.427653127119e-03
3.427786439374e-03
3.427957145277e-03
3.428160633746e-03
3.428394017305e-03
3.428656514018e-03
3.428948500925e-03
3.429269737751e-03
3.412351436054e-03
3.412735483550e-03
3.413139342967e-03
3.413559614728e-03
3.413993809488e-03
3.414439546759e-03
3.414893177876e-03
3.415348900035e-03
3.415799129357e-03
3.416236016619e-03
3.398594822954e-03
3.399000972365e-03
3.399383146984e-03
3.399741390297e-03
3.400075036041e-03
3.400381761821e-03
3.400657970190e-03
3.400899983092e-03
3.401105375190e-03
3.401273419286e-03
3.385158995343e-03
3.385264911060e-03
3.385334805500e-03
3.385368317083e-03
3.385365354745e-03
3.385327139085e-03
3.385256573097e-03
3.385157660659e-03
3.385034396103e-03
3.384889486142e-03
3.370091890986e-03
3.369915704923e-03
3.369719671696e-03
3.369505689818e-03
3.369277288130e-03
3.369038883307e-03
3.368794564551e-03
3.368547094681e-03
3.368297680879e-03
3.368046623166e-03
3.353359758023e-03
3.353116047776e-03
3.352873847462e-03
3.352635065482e-03
3.352401070572e-03
3.352172480106e-03
3.351949622925e-03
3.351733318766e-03
3.351525373432e-03
3.351328568044e-03
3.336343046954e-03
3.336184631735e-03
3.336042427236e-03
3.335915467517e-03
3.335802517654e-03
3.335703103915e-03
3.335618300184e-03
3.335550484167e-03
3.335502513835e-03
3.335476770474e-03
3.319893850801e-03
3.319925046696e-03
3.319980794515e-03
3.320061647514e-03
3.320168237622e-03
3.320300822793e-03
3.320458470057e-03
3.320639027436e-03
3.320839547143e-03
3.321057298479e-03
3.304556915339e-03
3.304816012928e-03
3.305090025663e-03
3.305378112600e-03
3.305677927301e-03
3.305985538816e-03
3.306296199582e-03
3.306605300509e-03
3.306909034961e-03
3.307204393593e-03
3.290938086877e-03
3.291219443895e-03
3.291482313500e-03
3.291722705171e-03
3.291937427775e-03
3.292124603888e-03
3.292283584585e-03
3.292414226507e-03
3.292516041313e-03
3.292587783449e-03
3.278202131412e-03
3.278220131619e-03
3.278205331128e-03
3.278159553247e-03
3.278085643728e-03
3.277986691103e-03
3.277865100074e-03
3.277722539394e-03
3.277560336869e-03
3.277380263455e-03
3.264021265579e-03
3.263824673240e-03
3.263620727466e-03
3.263413090622e-03
3.263204638813e-03
3.262997540048e-03
3.262793858596e-03
3.262596033267e-03
3.262406990700e-03
3.262229798224e-03
3.247598123835e-03
3.247461237947e-03
3.247340583755e-03
3.247235870674e-03
3.247146915442e-03
3.247074264607e-03
3.247019291223e-03
3.246984032273e-03
3.246970405939e-03
3.246979672497e-03
3.230452694027e-03
3.230519816384e-03
3.230610511764e-03
3.230725272147e-03
3.230865114233e-03
3.231031197913e-03
3.231224284548e-03
3.231444361973e-03
3.231690863458e-03
3.231963188227e-03
3.213758185723e-03
3.214095692158e-03
3.214462558446e-03
3.214861033882e-03
3.215292635900e-03
3.215757530029e-03
3.216254570361e-03
3.216782036645e-03
3.217338357501e-03
3.217922386057e-03
3.197903642956e-03
3.198552441233e-03
3.199224175148e-03
3.199915476046e-03
3.200622836516e-03
3.201343442754e-03
3.202075786930e-03
3.202819185674e-03
3.203572807479e-03
3.204334427892e-03
3.183711950271e-03
3.184487654835e-03
3.185256247605e-03
3.186013248012e-03
3.186755657339e-03
3.187481538760e-03
3.188189138825e-03
3.188876268098e-03
3.189540370613e-03
3.190179302919e-03
3.171312156667e-03
3.171909712762e-03
3.172482161688e-03
3.173029507025e-03
3.173550192685e-03
3.174041301065e-03
3.174499827935e-03
3.174924117616e-03
3.175314733426e-03
3.175674162321e-03
3.159168637978e-03
3.159484404364e-03
3.159774749349e-03
3.160039236832e-03
3.160277387735e-03
3.160489502704e-03
3.160676596337e-03
3.160839553118e-03
3.160978228777e-03
3.161091249240e-03
3.146082368630e-03
3.146149893041e-03
3.146191225653e-03
3.146210038835e-03
3.146210635123e-03
3.146196015393e-03
3.146166720285e-03
3.146121104066e-03
3.146056864693e-03
3.145972821017e-03
3.131900202902e-03
3.131789223517e-03
3.131665292017e-03
3.131531137683e-03
3.131388713427e-03
3.131239957554e-03
3.131087847521e-03
3.130936902892e-03
3.130792369120e-03
3.130658613316e-03
3.116408212065e-03
3.116307792652e-03
3.116218051389e-03
3.116137836912e-03
3.116068276483e-03
3.116013155761e-03
3.115977716448e-03
3.115966834116e-03
3.115983502028e-03
3.116028485920e-03
3.099861885914e-03
3.099971146867e-03
3.100107453577e-03
3.100271083383e-03
3.100461716201e-03
3.100677610746e-03
3.100915632558e-03
3.101172200672e-03
3.101444671074e-03
3.101732240054e-03
3.083141532045e-03
3.083472850221e-03
3.083821893597e-03
3.084186930380e-03
3.084564303322e-03
3.084949521337e-03
3.085338679966e-03
3.085729405996e-03
3.086120920841e-03
3.086513145263e-03
3.067044104512e-03
3.067446480543e-03
3.067845958469e-03
3.068240416269e-03
3.068628413985e-03
3.069009490900e-03
3.069383772925e-03
3.069751467876e-03
3.070112061096e-03
3.070464331415e-03
3.052056151716e-03
3.052399389958e-03
3.052731883031e-03
3.053054706072e-03
3.053369238160e-03
3.053676186994e-03
3.053974823786e-03
3.054262849503e-03
3.054537268099e-03
3.054795485809e-03
3.037954980357e-03
3.038191461883e-03
3.038412983983e-03
3.038621547830e-03
3.038818310131e-03
3.039003267588e-03
3.039175556637e-03
3.039334080597e-03
3.039478078222e-03
3.039607158257e-03
3.023709525223e-03
3.023818710744e-03
3.023909351214e-03
3.023979569377e-03
3.024028457503e-03
3.024056989716e-03
3.024068057584e-03
3.024065425336e-03
3.024052368403e-03
3.024030355107e-03
3.008524393522e-03
3.008493206380e-03
3.008448552805e-03
3.008389558886e-03
3.008316783735e-03
3.008231780143e-03
3.008136292010e-03
3.008031775551e-03
3.007919595461e-03
3.007801579599e-03
2.992313848154e-03
2.992205007160e-03
2.992100009749e-03
2.992001036887e-03
2.991908562080e-03
2.991821626097e-03
2.991739102526e-03
2.991660965790e-03
2.991589022429e-03
2.991526544065e-03
2.975095988916e-03
2.975073659115e-03
2.975068533658e-03
2.975080834346e-03
2.975110277134e-03
2.975156792218e-03
2.975220495841e-03
2.975301128856e-03
2.975397623970e-03
2.975507878148e-03
2.957438894668e-03
2.957580337522e-03
2.957730144658e-03
2.957888362459e-03
2.958054882129e-03
2.958228383648e-03
2.958405506547e-03
2.958581227517e-03
2.958749855907e-03
2.958906364938e-03
2.940526339785e-03
2.940659931710e-03
2.940773607406e-03
2.940865509572e-03
2.940933575417e-03
2.940975916431e-03
2.940991348851e-03
2.940979640016e-03
2.940941006557e-03
2.940875299487e-03
2.924620174610e-03
2.924507467753e-03
2.924362091107e-03
2.924183219818e-03
2.923972334372e-03
2.923733332864e-03
2.923471518898e-03
2.923192282651e-03
2.922900098213e-03
2.922598326734e-03
2.908690909635e-03
2.908391160361e-03
2.908091410859e-03
2.907795515682e-03
2.907506861902e-03
2.907227755600e-03
2.906959556412e-03
2.906703580209e-03
2.906462129090e-03
2.906239045103e-03
2.892104338741e-03
2.891944797966e-03
2.891816276247e-03
2.891719585705e-03
2.891653659674e-03
2.891616723616e-03
2.891607547781e-03
2.891625978236e-03
2.891672489000e-03
2.891747117815e-03
2.875685369759e-03
2.875822245528e-03
2.875980414444e-03
2.876157685591e-03
2.876353473312e-03
2.876568510828e-03
2.876803681943e-03
2.877058701870e-03
2.877331465186e-03
2.877618596585e-03
2.860325462223e-03
2.860642310281e-03
2.860967886363e-03
2.861302899134e-03
2.861647687553e-03
2.862000945981e-03
2.862359821222e-03
2.862720977248e-03
2.863082279703e-03
2.863443737226e-03
2.845638857423e-03
2.846015543923e-03
2.846397077519e-03
2.846781762855e-03
2.847166062736e-03
2.847546210148e-03
2.847919780152e-03
2.848286356141e-03
2.848646629616e-03
2.849000863648e-03
2.830827591879e-03
2.831172185211e-03
2.831502393747e-03
2.831815983541e-03
2.832113082036e-03
2.832395637427e-03
2.832665613596e-03
2.832923150834e-03
2.833165777645e-03
2.833389323712e-03
2.815441727819e-03
2.815625859739e-03
2.815786449389e-03
2.815926009987e-03
2.816046556802e-03
2.816148079944e-03
2.816228583470e-03
2.816285364418e-03
2.816317022962e-03
2.816324338653e-03
2.798811836556e-03
2.798785828929e-03
2.798741400966e-03
2.798677235660e-03
2.798590719806e-03
2.798479776061e-03
2.798344278801e-03
2.798186163545e-03
2.798008155651e-03
2.797811990149e-03
2.780515301595e-03
2.780288099473e-03
2.780038319599e-03
2.779765415085e-03
2.779471228337e-03
2.779159332590e-03
2.778833418802e-03
2.778495868540e-03
2.778147164065e-03
2.777786683282e-03
2.760837483152e-03
2.760461450578e-03
2.760076869947e-03
2.759687173580e-03
2.759295629971e-03
2.758904691916e-03
2.758516236611e-03
2.758132378858e-03
2.757756139943e-03
2.757391550233e-03
2.740158455765e-03
2.739837323645e-03
2.739537523325e-03
2.739259211751e-03
2.739001562418e-03
2.738763974094e-03
2.738546816261e-03
2.738351706796e-03
2.738181039945e-03
2.738037219274e-03
2.719533338166e-03
2.719455994793e-03
2.719407230757e-03
2.719385726039e-03
2.719389622257e-03
2.719416741456e-03
2.719464523011e-03
2.719530180400e-03
2.719610942336e-03
2.719704304752e-03
2.700471917251e-03
2.700596043098e-03
2.700730208744e-03
2.700874870698e-03
2.701030227286e-03
2.701195620261e-03
2.701369222507e-03
2.701548254038e-03
2.701729534976e-03
2.701910293524e-03
2.683408808309e-03
2.683594690154e-03
2.683778107780e-03
2.683959677086e-03
2.684139824339e-03
2.684318622471e-03
2.684495893163e-03
2.684671441784e-03
2.684845028057e-03
2.685016149428e-03
2.667936558623e-03
2.668107877071e-03
2.668271084644e-03
2.668424010210e-03
2.668565288502e-03
2.668694547083e-03
2.668811852459e-03
2.668916950938e-03
2.669008467649e-03
2.669083863282e-03
2.653662138982e-03
2.653705905345e-03
2.653726544395e-03
2.653723785954e-03
2.653697939081e-03
2.653649081424e-03
2.653576682917e-03
2.653479883350e-03
2.653358154305e-03
2.653211787276e-03
2.639398671022e-03
2.639216297780e-03
2.639012360305e-03
2.638786917998e-03
2.638539999907e-03
2.638272635863e-03
2.637987772175e-03
2.637690195058e-03
2.637385577486e-03
2.637079025135e-03
2.623450576266e-03
2.623160244127e-03
2.622873503867e-03
2.622591107865e-03
2.622314838163e-03
2.622047465479e-03
2.621792045034e-03
2.621551118125e-03
2.621326513747e-03
2.621119895423e-03
2.605831513506e-03
2.605681074215e-03
2.605557407605e-03
2.605463328450e-03
2.605399775916e-03
2.605365495754e-03
2.605357666084e-03
2.605373404265e-03
2.605411140053e-03
2.605471161985e-03
2.588188490620e-03
2.588309507075e-03
2.588456583794e-03
2.588628869887e-03
2.588824560576e-03
2.589041814304e-03
2.589279310257e-03
2.589536191806e-03
2.589811549058e-03
2.590103665682e-03
2.571964080062e-03
2.572291294598e-03
2.572626941458e-03
2.572969727964e-03
2.573319639794e-03
2.573677128851e-03
2.574041898129e-03
2.574412072590e-03
2.574784072749e-03
2.575153492160e-03
2.557428804266e-03
2.557790980632e-03
2.558142144096e-03
2.558481862877e-03
2.558809675918e-03
2.559124426341e-03
2.559424174081e-03
2.559706633633e-03
2.559969930815e-03
2.560212926937e-03
2.543591747440e-03
2.543799915998e-03
2.543984229078e-03
2.544141883902e-03
2.544269752605e-03
2.544365527683e-03
2.544428615920e-03
2.544460299930e-03
2.544462973731e-03
2.544438920552e-03
2.528873084032e-03
2.528804443614e-03
2.528707836063e-03
2.528581732292e-03
2.528425422554e-03
2.528239118817e-03
2.528023215007e-03
2.527777398257e-03
2.527500213318e-03
2.527189609111e-03
2.512448308494e-03
2.512075497407e-03
2.511669996920e-03
2.511235036650e-03
2.510773486676e-03
2.510286605059e-03
2.509773624240e-03
2.509232525313e-03
2.508661373270e-03
2.508059484683e-03
2.494720198285e-03
2.494067335988e-03
2.493386820504e-03
2.492679084526e-03
2.491944388169e-03
2.491184148369e-03
2.490401868329e-03
2.489603220113e-03
2.488794979627e-03
2.487983201036e-03
2.476223324777e-03
2.475422558234e-03
2.474624317927e-03
2.473829151540e-03
2.473039063148e-03
2.472257780539e-03
2.471490019389e-03
2.470740475076e-03
2.470013154721e-03
2.469311660036e-03
2.456957999982e-03
2.456329407323e-03
2.455740911500e-03
2.455197852555e-03
2.454703924968e-03
2.454260312902e-03
2.453865833786e-03
2.453518147888e-03
2.453215294452e-03
2.452956877960e-03
2.437154154563e-03
2.436997595339e-03
2.436890684066e-03
2.436834246737e-03
2.436827917620e-03
2.436870754025e-03
2.436961853391e-03
2.437100634836e-03
2.437286486213e-03
2.437518087049e-03
2.417808588973e-03
2.418130302431e-03
2.418487580996e-03
2.418876957904e-03
2.419296154983e-03
2.419744085216e-03
2.420220154534e-03
2.420723368402e-03
2.421251648968e-03
2.421801671574e-03
2.399754953103e-03
2.400342874296e-03
2.400941043959e-03
2.401546648457e-03
2.402157052416e-03
2.402769303558e-03
2.403379573934e-03
2.403983310899e-03
2.404575586411e-03
2.405151735502e-03
2.383280007621e-03
2.383818294788e-03
2.384330021982e-03
2.384812251989e-03
2.385261835343e-03
2.385675591938e-03
2.386050724226e-03
2.386385296063e-03
2.386678426888e-03
2.386930019895e-03
2.368222174653e-03
2.368396377221e-03
2.368528740817e-03
2.368618438368e-03
2.368665010636e-03
2.368669073292e-03
2.368632822879e-03
2.368559972069e-03
2.368455155420e-03
2.368323214341e-03
2.353366275486e-03
2.353197792502e-03
2.353013586230e-03
2.352817113490e-03
2.352612197228e-03
2.352402956433e-03
2.352193243496e-03
2.351986196970e-03
2.351783973950e-03
2.351588116881e-03
2.337617610692e-03
2.337446476417e-03
2.337288553633e-03
2.337146954233e-03
2.337023850941e-03
2.336919622621e-03
2.336832664753e-03
2.336760012327e-03
2.336698592956e-03
2.336646284562e-03
2.321456766424e-03
2.321428757398e-03
2.321408516593e-03
2.321394537603e-03
2.321384101890e-03
2.321373989275e-03
2.321361317343e-03
2.321344218331e-03
2.321321487273e-03
2.321291828594e-03
2.305199625596e-03
2.305157064427e-03
2.305098701072e-03
2.305022314886e-03
2.304927953617e-03
2.304817931702e-03
2.304695677822e-03
2.304564108556e-03
2.304424335534e-03
2.304275472625e-03
2.288144837507e-03
2.287981051836e-03
2.287804062746e-03
2.287614898705e-03
2.287415241028e-03
2.287206626022e-03
2.286990110633e-03
2.286766613281e-03
2.286537885198e-03
2.286306959661e-03
2.270127526799e-03
2.269912779809e-03
2.269706242544e-03
2.269508238953e-03
2.269317174637e-03
2.269130770401e-03
2.268947426387e-03
2.268767203873e-03
2.268591720110e-03
2.268423528790e-03
2.251478205494e-03
2.251339417626e-03
2.251213720683e-03
2.251102256082e-03
2.251006200538e-03
2.250926621514e-03
2.250864112284e-03
2.250818372829e-03
2.250788061758e-03
2.250771175568e-03
2.232595384726e-03
2.232606770576e-03
2.232626293733e-03
2.232653235069e-03
2.232687080436e-03
2.232727273849e-03
2.232772886259e-03
2.232822569169e-03
2.232874416507e-03
2.232926048180e-03
2.214582862280e-03
2.214633899371e-03
2.214676571725e-03
2.214708564964e-03
2.214727857336e-03
2.214732254913e-03
2.214719270341e-03
2.214686200091e-03
2.214630607227e-03
2.214550964197e-03
2.198193070058e-03
2.198075055105e-03
2.197935651964e-03
2.197776432695e-03
2.197598245857e-03
2.197401580759e-03
2.197187066599e-03
2.196956201203e-03
2.196711556110e-03
2.196456230593e-03
2.182378524026e-03
2.182119174563e-03
2.181855012680e-03
2.181587270115e-03
2.181318085320e-03
2.181051032949e-03
2.180790607156e-03
2.180541002247e-03
2.180305067782e-03
2.180083880035e-03
2.166138957705e-03
2.165957007833e-03
2.165789917115e-03
2.165639075542e-03
2.165505896016e-03
2.165390791220e-03
2.165292448865e-03
2.165208099655e-03
2.165134500785e-03
2.165068914508e-03
2.149805269198e-03
2.149761133012e-03
2.149721260878e-03
2.149683807488e-03
2.149646199484e-03
2.149605848558e-03
2.149561026954e-03
2.149511222171e-03
2.149456690347e-03
2.149397394703e-03
2.133605431709e-03
2.133538947987e-03
2.133459267668e-03
2.133362732138e-03
2.133247079200e-03
2.133111980925e-03
2.132958734819e-03
2.132789374798e-03
2.132605992642e-03
2.132410443210e-03
2.116998823169e-03
2.116791167623e-03
2.116576776700e-03
2.116357094678e-03
2.116132538617e-03
2.115902006949e-03
2.115663305460e-03
2.115414075035e-03
2.115152953763e-03
2.114880536396e-03
2.099090535808e-03
2.098811147903e-03
2.098530905641e-03
2.098253056943e-03
2.097979606447e-03
2.097711466945e-03
2.097448926008e-03
2.097192099200e-03
2.096940990896e-03
2.096695394755e-03
2.079545128879e-03
2.079314745174e-03
2.079087399750e-03
2.078863104373e-03
2.078643319123e-03
2.078430786412e-03
2.078228971016e-03
2.078040977437e-03
2.077868740287e-03
2.077712627226e-03
2.059310094012e-03
2.059189789748e-03
2.059082910137e-03
2.058989253214e-03
2.058908897652e-03
2.058841430994e-03
2.058785635938e-03
2.058739561676e-03
2.058701206863e-03
2.058669418773e-03
2.039873703723e-03
2.039862835659e-03
2.039861379615e-03
2.039870145211e-03
2.039888743752e-03
2.039915695093e-03
2.039949161258e-03
2.039987766011e-03
2.040030973092e-03
2.040078814446e-03
2.021852860480e-03
2.021916968317e-03
2.021984351870e-03
2.022054276608e-03
2.022127078476e-03
2.022204756543e-03
2.022290753814e-03
2.022389058880e-03
2.022502970306e-03
2.022634212153e-03
2.004817893351e-03
2.004991942215e-03
2.005182174514e-03
2.005388910504e-03
2.005613456276e-03
2.005857530321e-03
2.006122474256e-03
2.006408719524e-03
2.006715838831e-03
2.007043133347e-03
1.988440568368e-03
1.988816531707e-03
1.989212401668e-03
1.989627735782e-03
1.990060850801e-03
1.990508671042e-03
1.990967426138e-03
1.991433600722e-03
1.991904763770e-03
1.992379789044e-03
1.973151993013e-03
1.973641766824e-03
1.974131405916e-03
1.974616983944e-03
1.975093776764e-03
1.975557496962e-03
1.976005274742e-03
1.976436023824e-03
1.976849808386e-03
1.977246802028e-03
1.958757403656e-03
1.959127396844e-03
1.959477641947e-03
1.959807621290e-03
1.960117854765e-03
1.960409434446e-03
1.960682987828e-03
1.960937749288e-03
1.961171520691e-03
1.961381635681e-03
1.943829734898e-03
1.943997790875e-03
1.944143791377e-03
1.944271715786e-03
1.944384997500e-03
1.944485343756e-03
1.944572716468e-03
1.944646270545e-03
1.944705753147e-03
1.944752140503e-03
1.927714147030e-03
1.927747462275e-03
1.927771852479e-03
1.927786461977e-03
1.927790111381e-03
1.927782795804e-03
1.927766770223e-03
1.927746271804e-03
1.927726263204e-03
1.927710760469e-03
1.911029470307e-03
1.911035409535e-03
1.911049364480e-03
1.911073316478e-03
1.911110930052e-03
1.911166583511e-03
1.911243737482e-03
1.911343761094e-03
1.911465985017e-03
1.911609047966e-03
1.894374041342e-03
1.894568791442e-03
1.894789594417e-03
1.895040405770e-03
1.895323859685e-03
1.895640609234e-03
1.895989749244e-03
1.896370090947e-03
1.896781099106e-03
1.897222807031e-03
