-420.663517053482
-420.663517051799
-420.663517050794
-420.663517050526
-420.663517050856
-420.663517051592
-420.663517052524
-420.663517053588
-420.663517054776
-420.663517056250
-420.663516819906
-420.663516832245
-420.663516845323
-420.663516859046
-420.663516873223
-420.663516887715
-420.663516902517
-420.663516917865
-420.663516934024
-420.663516951282
-420.663516523579
-420.663516556579
-420.663516591027
-420.663516626666
-420.663516663335
-420.663516701115
-420.663516740187
-420.663516780687
-420.663516822639
-420.663516865857
-420.663516257083
-420.663516320254
-420.663516385061
-420.663516451725
-420.663516520473
-420.663516591409
-420.663516664433
-420.663516739191
-420.663516815331
-420.663516892558
-420.663516143614
-420.663516248791
-420.663516355773
-420.663516464469
-420.663516574559
-420.663516685646
-420.663516797369
-420.663516909535
-420.663517022143
-420.663517135245
-420.663516274427
-420.663516418485
-420.663516562248
-420.663516705007
-420.663516846247
-420.663516985861
-420.663517123948
-420.663517260779
-420.663517396454
-420.663517530793
-420.663516606531
-420.663516764022
-420.663516918258
-420.663517069153
-420.663517216889
-420.663517361712
-420.663517503676
-420.663517642596
-420.663517778192
-420.663517910265
-420.663516988450
-420.663517135141
-420.663517278968
-420.663517420233
-420.663517558854
-420.663517694345
-420.663517826124
-420.663517953941
-420.663518078018
-420.663518199017
-420.663517278418
-420.663517411039
-420.663517541563
-420.663517669694
-420.663517795109
-420.663517917707
-420.663518037649
-420.663518155229
-420.663518270576
-420.663518383494
-420.663517402116
-420.663517521296
-420.663517637038
-420.663517749804
-420.663517860251
-420.663517968878
-420.663518075716
-420.663518180388
-420.663518282323
-420.663518381112
-420.663517329004
-420.663517429951
-420.663517527695
-420.663517622364
-420.663517714034
-420.663517802812
-420.663517888979
-420.663517973066
-420.663518055612
-420.663518136998
-420.663517000263
-420.663517085651
-420.663517169131
-420.663517250620
-420.663517330426
-420.663517409079
-420.663517487124
-420.663517564983
-420.663517642826
-420.663517720836
-420.663516417457
-420.663516503980
-420.663516591881
-420.663516681404
-420.663516772391
-420.663516864432
-420.663516957173
-420.663517050563
-420.663517144948
-420.663517240885
-420.663515725028
-420.663515833827
-420.663515944682
-420.663516057264
-420.663516171404
-420.663516287257
-420.663516405164
-420.663516525289
-420.663516647508
-420.663516771377
-420.663515078925
-420.663515214720
-420.663515351743
-420.663515490477
-420.663515631361
-420.663515774486
-420.663515919574
-420.663516066148
-420.663516213900
-420.663516362911
-420.663514538888
-420.663514702089
-420.663514867394
-420.663515034419
-420.663515202434
-420.663515370922
-420.663515539746
-420.663515709230
-420.663515879877
-420.663516052007
-420.663514098258
-420.663514283958
-420.663514470067
-420.663514656286
-420.663514842613
-420.663515029229
-420.663515216106
-420.663515402912
-420.663515588944
-420.663515773596
-420.663513727379
-420.663513919803
-420.663514111212
-420.663514302190
-420.663514493043
-420.663514683538
-420.663514873058
-420.663515060946
-420.663515246702
-420.663515430139
-420.663513372956
-420.663513561765
-420.663513747911
-420.663513931159
-420.663514111414
-420.663514288868
-420.663514464042
-420.663514637428
-420.663514809367
-420.663514979605
-420.663512957848
-420.663513131147
-420.663513300311
-420.663513465003
-420.663513625393
-420.663513781881
-420.663513934890
-420.663514084678
-420.663514231398
-420.663514375233
-420.663512325365
-420.663512471976
-420.663512616756
-420.663512759694
-420.663512900338
-420.663513038042
-420.663513172343
-420.663513303388
-420.663513431957
-420.663513559233
-420.663511342740
-420.663511478115
-420.663511613978
-420.663511750121
-420.663511886501
-420.663512023506
-420.663512161739
-420.663512301706
-420.663512443423
-420.663512586485
-420.663510151977
-420.663510305380
-420.663510460039
-420.663510617216
-420.663510778166
-420.663510943526
-420.663511112983
-420.663511285546
-420.663511460332
-420.663511637139
-420.663508982757
-420.663509175801
-420.663509373656
-420.663509576337
-420.663509783027
-420.663509992809
-420.663510205492
-420.663510421899
-420.663510643537
-420.663510871694
-420.663508040447
-420.663508292180
-420.663508548608
-420.663508808733
-420.663509072716
-420.663509341794
-420.663509617508
-420.663509900572
-420.663510190376
-420.663510485302
-420.663507527327
-420.663507841793
-420.663508159867
-420.663508482815
-420.663508811417
-420.663509145164
-420.663509482148
-420.663509820051
-420.663510157255
-420.663510493452
-420.663507405675
-420.663507757928
-420.663508111033
-420.663508463643
-420.663508813657
-420.663509159306
-420.663509500092
-420.663509836736
-420.663510170472
-420.663510501875
-420.663507318520
-420.663507657008
-420.663507988831
-420.663508313397
-420.663508631672
-420.663508945567
-420.663509256816
-420.663509566052
-420.663509872662
-420.663510175476
-420.663506930613
-420.663507237319
-420.663507541346
-420.663507844155
-420.663508146305
-420.663508447097
-420.663508745226
-420.663509039833
-420.663509331289
-420.663509621188
-420.663506335713
-420.663506638051
-420.663506941044
-420.663507242756
-420.663507541102
-420.663507834894
-420.663508124430
-420.663508410877
-420.663508695162
-420.663508977078
-420.663505675239
-420.663505958151
-420.663506234516
-420.663506504908
-420.663506771069
-420.663507034691
-420.663507296128
-420.663507554120
-420.663507806487
-420.663508051569
-420.663504767668
-420.663505008657
-420.663505247246
-420.663505485688
-420.663505724522
-420.663505962760
-420.663506199155
-420.663506433511
-420.663506667551
-420.663506904066
-420.663503656211
-420.663503911577
-420.663504171976
-420.663504435522
-420.663504701183
-420.663504969937
-420.663505244497
-420.663505528010
-420.663505822159
-420.663506126339
-420.663502817406
-420.663503144116
-420.663503475422
-420.663503812573
-420.663504157966
-420.663504513292
-420.663504878183
-420.663505250117
-420.663505625848
-420.663506003256
-420.663502450563
-420.663502845340
-420.663503245656
-420.663503651796
-420.663504061804
-420.663504472331
-420.663504880505
-420.663505285314
-420.663505687847
-420.663506089953
-420.663502267601
-420.663502682097
-420.663503092433
-420.663503495342
-420.663503889276
-420.663504274983
-420.663504654806
-420.663505030799
-420.663505403178
-420.663505770014
-420.663501893140
-420.663502252193
-420.663502600241
-420.663502938825
-420.663503269789
-420.663503593820
-420.663503909825
-420.663504215667
-420.663504509786
-420.663504792440
-420.663501053756
-420.663501330288
-420.663501602150
-420.663501869036
-420.663502128826
-420.663502378935
-420.663502618149
-420.663502847301
-420.663503068834
-420.663503285243
-420.663499654924
-420.663499872482
-420.663500084512
-420.663500290271
-420.663500490583
-420.663500687528
-420.663500883362
-420.663501079035
-420.663501273632
-420.663501464969
-420.663497696786
-420.663497886788
-420.663498073051
-420.663498258735
-420.663498446768
-420.663498638390
-420.663498832862
-420.663499028389
-420.663499223448
-420.663499417990
-420.663495299388
-420.663495507517
-420.663495719527
-420.663495935096
-420.663496152943
-420.663496371901
-420.663496592129
-420.663496815444
-420.663497044563
-420.663497281643
-420.663492900834
-420.663493163410
-420.663493430707
-420.663493700919
-420.663493973890
-420.663494251174
-420.663494535062
-420.663494827229
-420.663495127925
-420.663495436154
-420.663491022755
-420.663491352753
-420.663491689600
-420.663492034856
-420.663492389638
-420.663492753735
-420.663493125627
-420.663493503416
-420.663493885998
-420.663494273810
-420.663489842840
-420.663490256245
-420.663490679330
-420.663491111402
-420.663491550723
-420.663491995606
-420.663492445417
-420.663492900547
-420.663493361740
-420.663493829026
-420.663489263047
-420.663489749490
-420.663490236921
-420.663490724509
-420.663491212704
-420.663491702463
-420.663492194050
-420.663492686302
-420.663493176794
-420.663493662865
-420.663489031275
-420.663489515746
-420.663489993912
-420.663490465864
-420.663490930505
-420.663491385482
-420.663491828286
-420.663492257475
-420.663492673410
-420.663493077757
-420.663488569997
-420.663488963661
-420.663489346107
-420.663489714928
-420.663490068346
-420.663490406240
-420.663490730285
-420.663491042845
-420.663491345620
-420.663491638779
-420.663487257998
-420.663487537187
-420.663487806292
-420.663488068124
-420.663488326395
-420.663488584016
-420.663488841913
-420.663489098989
-420.663489353379
-420.663489604194
-420.663485077118
-420.663485333607
-420.663485594282
-420.663485861809
-420.663486137083
-420.663486419683
-420.663486709059
-420.663487005624
-420.663487311001
-420.663487627271
-420.663482788572
-420.663483137249
-420.663483496337
-420.663483863876
-420.663484239090
-420.663484623056
-420.663485018411
-420.663485428036
-420.663485853820
-420.663486295912
-420.663481227785
-420.663481708634
-420.663482201717
-420.663482706856
-420.663483224574
-420.663483755399
-420.663484299258
-420.663484855310
-420.663485422573
-420.663486000463
-420.663480647011
-420.663481261597
-420.663481888999
-420.663482529143
-420.663483180682
-420.663483841255
-420.663484508214
-420.663485179451
-420.663485853758
-420.663486530748
-420.663480725438
-420.663481423457
-420.663482122602
-420.663482821409
-420.663483518400
-420.663484212491
-420.663484903009
-420.663485589411
-420.663486270898
-420.663486946223
-420.663480666311
-420.663481340423
-420.663482004506
-420.663482658660
-420.663483303548
-420.663483939793
-420.663484567604
-420.663485186693
-420.663485796601
-420.663486397148
-420.663479839655
-420.663480437512
-420.663481028208
-420.663481612179
-420.663482189258
-420.663482758980
-420.663483321171
-420.663483876411
-420.663484425926
-420.663484971075
-420.663478440934
-420.663478991685
-420.663479537900
-420.663480078775
-420.663480614124
-420.663481144525
-420.663481670882
-420.663482193707
-420.663482712677
-420.663483226788
-420.663476872854
-420.663477386729
-420.663477895519
-420.663478400914
-420.663478904378
-420.663479406274
-420.663479905753
-420.663480401415
-420.663480892272
-420.663481378546
-420.663475134202
-420.663475626588
-420.663476118749
-420.663476611184
-420.663477103928
-420.663477597285
-420.663478092410
-420.663478591183
-420.663479095370
-420.663479605653
-420.663473357185
-420.663473887161
-420.663474418725
-420.663474951288
-420.663475485929
-420.663476024822
-420.663476570031
-420.663477122510
-420.663477681912
-420.663478247129
-420.663472035294
-420.663472621165
-420.663473211481
-420.663473805783
-420.663474402618
-420.663474999655
-420.663475594578
-420.663476186300
-420.663476775586
-420.663477364723
-420.663471208833
-420.663471815043
-420.663472424639
-420.663473035608
-420.663473645528
-420.663474252735
-420.663474856848
-420.663475458437
-420.663476058142
-420.663476656037
-420.663470364730
-420.663470968560
-420.663471570514
-420.663472172408
-420.663472776489
-420.663473384403
-420.663473996176
-420.663474610071
-420.663475223466
-420.663475834073
-420.663469178439
-420.663469794112
-420.663470408643
-420.663471023718
-420.663471640155
-420.663472257664
-420.663472875385
-420.663473492558
-420.663474108899
-420.663474724557
-420.663467594293
-420.663468221172
-420.663468845854
-420.663469467013
-420.663470083728
-420.663470696020
-420.663471304867
-420.663471911751
-420.663472517948
-420.663473123952
-420.663465574895
-420.663466191796
-420.663466805561
-420.663467415335
-420.663468021033
-420.663468623228
-420.663469222809
-420.663469820512
-420.663470416608
-420.663471010912
-420.663463173042
-420.663463775241
-420.663464374770
-420.663464972025
-420.663465567560
-420.663466161728
-420.663466754391
-420.663467344972
-420.663467932764
-420.663468517403
-420.663460678648
-420.663461269992
-420.663461860334
-420.663462450483
-420.663463040654
-420.663463630571
-420.663464219933
-420.663464808903
-420.663465398332
-420.663465989647
-420.663458478349
-420.663459087384
-420.663459700887
-420.663460318424
-420.663460939596
-420.663461564418
-420.663462193572
-420.663462828238
-420.663463469699
-420.663464119038
-420.663456957292
-420.663457634135
-420.663458320095
-420.663459015180
-420.663459719142
-420.663460431507
-420.663461151531
-420.663461878386
-420.663462611457
-420.663463350417
-420.663456350499
-420.663457112289
-420.663457879948
-420.663458653228
-420.663459431753
-420.663460215289
-420.663461003636
-420.663461796326
-420.663462592233
-420.663463389461
-420.663456306044
-420.663457110757
-420.663457911440
-420.663458708592
-420.663459503660
-420.663460297952
-420.663461091681
-420.663461883534
-420.663462671280
-420.663463452920
-420.663456088588
-420.663456868120
-420.663457642166
-420.663458411009
-420.663459173372
-420.663459926773
-420.663460668754
-420.663461398486
-420.663462117310
-420.663462828215
-420.663455165284
-420.663455877566
-420.663456584172
-420.663457282244
-420.663457969484
-420.663458645865
-420.663459313802
-420.663459976999
-420.663460638269
-420.663461298201
-420.663453468553
-420.663454131400
-420.663454789562
-420.663455445761
-420.663456104834
-420.663456771575
-420.663457448622
-420.663458135715
-420.663458830786
-420.663459532106
-420.663451649919
-420.663452378897
-420.663453122225
-420.663453883074
-420.663454662016
-420.663455457265
-420.663456266390
-420.663457088464
-420.663457924838
-420.663458778372
-420.663450835763
-420.663451741454
-420.663452663974
-420.663453598906
-420.663454542546
-420.663455493442
-420.663456452412
-420.663457420978
-420.663458399524
-420.663459386204
-420.663451382035
-420.663452389085
-420.663453394407
-420.663454397285
-420.663455397896
-420.663456395746
-420.663457388720
-420.663458373428
-420.663459346706
-420.663460307023
-420.663452499639
-420.663453450813
-420.663454393067
-420.663455326242
-420.663456248223
-420.663457156046
-420.663458047511
-420.663458922108
-420.663459780873
-420.663460625132
-420.663453226539
-420.663454052897
-420.663454863688
-420.663455658906
-420.663456440182
-420.663457210228
-420.663457971544
-420.663458724835
-420.663459468559
-420.663460199698
-420.663452922639
-420.663453630879
-420.663454324474
-420.663455006527
-420.663455679950
-420.663456346261
-420.663457005305
-420.663457656198
-420.663458298514
-420.663458933040
-420.663451476801
-420.663452107572
-420.663452732820
-420.663453350597
-420.663453958232
-420.663454554029
-420.663455138432
-420.663455714102
-420.663456284788
-420.663456853471
-420.663449261185
-420.663449833568
-420.663450400756
-420.663450960414
-420.663451511654
-420.663452055166
-420.663452592297
-420.663453123958
-420.663453649885
-420.663454169053
-420.663446408672
-420.663446920763
-420.663447428224
-420.663447934092
-420.663448440779
-420.663448948836
-420.663449456934
-420.663449962833
-420.663450465093
-420.663450964265
-420.663442849503
-420.663443359515
-420.663443875446
-420.663444398576
-420.663444928704
-420.663445465377
-420.663446009190
-420.663446562236
-420.663447127421
-420.663447707050
-420.663439425101
-420.663440042449
-420.663440671508
-420.663441311267
-420.663441962550
-420.663442627709
-420.663443309031
-420.663444007087
-420.663444720190
-420.663445445252
-420.663437387389
-420.663438139727
-420.663438901770
-420.663439675206
-420.663440460341
-420.663441254998
-420.663442054989
-420.663442856100
-420.663443655929
-420.663444454678
-420.663436621089
-420.663437432135
-420.663438244068
-420.663439053642
-420.663439856972
-420.663440651747
-420.663441438470
-420.663442219736
-420.663442998130
-420.663443773958
-420.663435981084
-420.663436751088
-420.663437508194
-420.663438252154
-420.663438985915
-420.663439713809
-420.663440438908
-420.663441161237
-420.663441878158
-420.663442586353
-420.663434770985
-420.663435467671
-420.663436158513
-420.663436846584
-420.663437532755
-420.663438215267
-420.663438891276
-420.663439559118
-420.663440219922
-420.663440877288
-420.663433123144
-420.663433791359
-420.663434461633
-420.663435130628
-420.663435794648
-420.663436451962
-420.663437103845
-420.663437753803
-420.663438405607
-420.663439061507
-420.663431302799
-420.663431972591
-420.663432643810
-420.663433316357
-420.663433991432
-420.663434670428
-420.663435353666
-420.663436039767
-420.663436726261
-420.663437410990
-420.663429403856
-420.663430093721
-420.663430786476
-420.663431485235
-420.663432191405
-420.663432904069
-420.663433620607
-420.663434337897
-420.663435053620
-420.663435766697
-420.663427529979
-420.663428245891
-420.663428958797
-420.663429668395
-420.663430374861
-420.663431079446
-420.663431784283
-420.663432491611
-420.663433202508
-420.663433916152
-420.663425596853
-420.663426317146
-420.663427032900
-420.663427744021
-420.663428452061
-420.663429159136
-420.663429866824
-420.663430575711
-420.663431285929
-420.663431998167
-420.663423682409
-420.663424413483
-420.663425152133
-420.663425897760
-420.663426647516
-420.663427397551
-420.663428145143
-420.663428890236
-420.663429635463
-420.663430384450
-420.663422167259
-420.663422936517
-420.663423708721
-420.663424480783
-420.663425251513
-420.663426022288
-420.663426795769
-420.663427573571
-420.663428354359
-420.663429134048
-420.663421128045
-420.663421901972
-420.663422669038
-420.663423433558
-420.663424200028
-420.663424970169
-420.663425741946
-420.663426511078
-420.663427274030
-420.663428030410
-420.663420161146
-420.663420922335
-420.663421685877
-420.663422450283
-420.663423211465
-420.663423965481
-420.663424711413
-420.663425452041
-420.663426192201
-420.663426935671
-420.663418816351
-420.663419572214
-420.663420324125
-420.663421069409
-420.663421808577
-420.663422544576
-420.663423280208
-420.663424016008
-420.663424749830
-420.663425478539
-420.663416786650
-420.663417510842
-420.663418233241
-420.663418957389
-420.663419684371
-420.663420412023
-420.663421136434
-420.663421854442
-420.663422565601
-420.663423272111
-420.663413803760
-420.663414516776
-420.663415230060
-420.663415942009
-420.663416651475
-420.663417359214
-420.663418067715
-420.663418779525
-420.663419495297
-420.663420212980
-420.663409894940
-420.663410614675
-420.663411328959
-420.663412040192
-420.663412752358
-420.663413468775
-420.663414190573
-420.663414916830
-420.663415645923
-420.663416377241
-420.663405535910
-420.663406285806
-420.663407042165
-420.663407804714
-420.663408571777
-420.663409341627
-420.663410114208
-420.663410891719
-420.663411677951
-420.663412476631
-420.663401699162
-420.663402537199
-420.663403387694
-420.663404248598
-420.663405118892
-420.663405998814
-420.663406889200
-420.663407790542
-420.663408702406
-420.663409623561
-420.663399194989
-420.663400141525
-420.663401095004
-420.663402055566
-420.663403022879
-420.663403995682
-420.663404971798
-420.663405948594
-420.663406923805
-420.663407895961
-420.663397595001
-420.663398569999
-420.663399540983
-420.663400507358
-420.663401468130
-420.663402422189
-420.663403368938
-420.663404308475
-420.663405241697
-420.663406169950
-420.663395842223
-420.663396774642
-420.663397705736
-420.663398636717
-420.663399569213
-420.663400505305
-420.663401447258
-420.663402397005
-420.663403355915
-420.663404325015
-420.663393717130
-420.663394721784
-420.663395743026
-420.663396784343
-420.663397848718
-420.663398937694
-420.663400051260
-420.663401188486
-420.663402348712
-420.663403532267
-420.663392019240
-420.663393266981
-420.663394541312
-420.663395841149
-420.663397164478
-420.663398509597
-420.663399876110
-420.663401264888
-420.663402676933
-420.663404111751
-420.663391360276
-420.663392847799
-420.663394346478
-420.663395853756
-420.663397369760
-420.663398896465
-420.663400435650
-420.663401987138
-420.663403548245
-420.663405114898
-420.663391472131
-420.663393060009
-420.663394648485
-420.663396238306
-420.663397829111
-420.663399418737
-420.663401003993
-420.663402582388
-420.663404153538
-420.663405719288
-420.663391942350
-420.663393522593
-420.663395100257
-420.663396671862
-420.663398233223
-420.663399781234
-420.663401315070
-420.663402835816
-420.663404345210
-420.663405844403
-420.663392309613
-420.663393805313
-420.663395290058
-420.663396764588
-420.663398230183
-420.663399687707
-420.663401136890
-420.663402576131
-420.663404003475
-420.663405417669
-420.663392148055
-420.663393553983
-420.663394951287
-420.663396342082
-420.663397727528
-420.663399107928
-420.663400483176
-420.663401853270
-420.663403218378
-420.663404578328
-420.663391916585
-420.663393276479
-420.663394626671
-420.663395966010
-420.663397294605
-420.663398613892
-420.663399925754
-420.663401231428
-420.663402530671
-420.663403821682
-420.663391809730
-420.663393088808
-420.663394353456
-420.663395603682
-420.663396840056
-420.663398062754
-420.663399271054
-420.663400463599
-420.663401639462
-420.663402799054
-420.663390665447
-420.663391810869
-420.663392947554
-420.663394075846
-420.663395193775
-420.663396298047
-420.663397386271
-420.663398458683
-420.663399518548
-420.663400570758
-420.663387889392
-420.663388947727
-420.663390002967
-420.663391052755
-420.663392095932
-420.663393133999
-420.663394170674
-420.663395209464
-420.663396251370
-420.663397293823
-420.663384463328
-420.663385505387
-420.663386540165
-420.663387572417
-420.663388608923
-420.663389654759
-420.663390710543
-420.663391772192
-420.663392833755
-420.663393891039
-420.663381400377
-420.663382462970
-420.663383528912
-420.663384599735
-420.663385673108
-420.663386744549
-420.663387810795
-420.663388872585
-420.663389934747
-420.663391003322
-420.663379064904
-420.663380161261
-420.663381259367
-420.663382351909
-420.663383434354
-420.663384506912
-420.663385573395
-420.663386638051
-420.663387702449
-420.663388764758
-420.663377226364
-420.663378284342
-420.663379334362
-420.663380379401
-420.663381422560
-420.663382464352
-420.663383501736
-420.663384529614
-420.663385543741
-420.663386543190
-420.663375412044
-420.663376402193
-420.663377389944
-420.663378377251
-420.663379363683
-420.663380348049
-420.663381330337
-420.663382312468
-420.663383297440
-420.663384287735
-420.663373642155
-420.663374652075
-420.663375665574
-420.663376682916
-420.663377706695
-420.663378741125
-420.663379790199
-420.663380856225
-420.663381939203
-420.663383037666
-420.663372332888
-420.663373468890
-420.663374619574
-420.663375786127
-420.663376968855
-420.663378166813
-420.663379378183
-420.663380601477
-420.663381836392
-420.663383083913
-420.663371517472
-420.663372804722
-420.663374105856
-420.663375418490
-420.663376739766
-420.663378067591
-420.663379401301
-420.663380741587
-420.663382089574
-420.663383445839
-420.663370665429
-420.663372048450
-420.663373436910
-420.663374830410
-420.663376229466
-420.663377634863
-420.663379046789
-420.663380464229
-420.663381885097
-420.663383307171
-420.663369659280
-420.663371094996
-420.663372532507
-420.663373973525
-420.663375418664
-420.663376866977
-420.663378316226
-420.663379764123
-420.663381209112
-420.663382650763
-420.663368707588
-420.663370155223
-420.663371596970
-420.663373030474
-420.663374453889
-420.663375867097
-420.663377271809
-420.663378670638
-420.663380065477
-420.663381456204
-420.663367497636
-420.663368885937
-420.663370262900
-420.663371628208
-420.663372983049
-420.663374328839
-420.663375665847
-420.663376993013
-420.663378308976
-420.663379613732
-420.663365541730
-420.663366845045
-420.663368146606
-420.663369447720
-420.663370746610
-420.663372039424
-420.663373322349
-420.663374593744
-420.663375854584
-420.663377107366
-420.663362781265
-420.663364035799
-420.663365283213
-420.663366522135
-420.663367752940
-420.663368978349
-420.663370202309
-420.663371427825
-420.663372655175
-420.663373881643
-420.663359401086
-420.663360627884
-420.663361846181
-420.663363058648
-420.663364269464
-420.663365482351
-420.663366699274
-420.663367920506
-420.663369145900
-420.663370376099
-420.663356008680
-420.663357267250
-420.663358536619
-420.663359816370
-420.663361103965
-420.663362395857
-420.663363689034
-420.663364982423
-420.663366277171
-420.663367575946
-420.663353522821
-420.663354848182
-420.663356181726
-420.663357521442
-420.663358864404
-420.663360207680
-420.663361549043
-420.663362887083
-420.663364220787
-420.663365548942
-420.663351577213
-420.663352899944
-420.663354212264
-420.663355514531
-420.663356808927
-420.663358098754
-420.663359387060
-420.663360675058
-420.663361961607
-420.663363243797
-420.663349278420
-420.663350555419
-420.663351824834
-420.663353089767
-420.663354353750
-420.663355619397
-420.663356887947
-420.663358159839
-420.663359435930
-420.663360718030
-420.663347088840
-420.663348400579
-420.663349723025
-420.663351054515
-420.663352392449
-420.663353734871
-420.663355081716
-420.663356434774
-420.663357796698
-420.663359169485
-420.663346044794
-420.663347451038
-420.663348867381
-420.663350293262
-420.663351728432
-420.663353172322
-420.663354623478
-420.663356079677
-420.663357538919
-420.663359000701
-420.663346461934
-420.663347945084
-420.663349436796
-420.663350937504
-420.663352445757
-420.663353959313
-420.663355476514
-420.663356997153
-420.663358521810
-420.663360050350
-420.663347874353
-420.663349413928
-420.663350947356
-420.663352472567
-420.663353990492
-420.663355504233
-420.663357016474
-420.663358527069
-420.663360032179
-420.663361525581
-420.663349360923
-420.663350827063
-420.663352272658
-420.663353698967
-420.663355106075
-420.663356491443
-420.663357850687
-420.663359180008
-420.663360478721
-420.663361749805
-420.663349561867
-420.663350800819
-420.663352021688
-420.663353221480
-420.663354395649
-420.663355541106
-420.663356658162
-420.663357750531
-420.663358823217
-420.663359880077
-420.663347517872
-420.663348554130
-420.663349575631
-420.663350584220
-420.663351583921
-420.663352579652
-420.663353575074
-420.663354571029
-420.663355565559
-420.663356555423
-420.663343898665
-420.663344881862
-420.663345859208
-420.663346833569
-420.663347807330
-420.663348781438
-420.663349755228
-420.663350727327
-420.663351696517
-420.663352662358
-420.663340051421
-420.663341018369
-420.663341981566
-420.663342939336
-420.663343889344
-420.663344829348
-420.663345758219
-420.663346676403
-420.663347585823
-420.663348489125
-420.663336385639
-420.663337288735
-420.663338188654
-420.663339084277
-420.663339974582
-420.663340859352
-420.663341739349
-420.663342615806
-420.663343489737
-420.663344361486
-420.663332971600
-420.663333844731
-420.663334716361
-420.663335588230
-420.663336462485
-420.663337340664
-420.663338222962
-420.663339108251
-420.663339994683
-420.663340880786
-420.663330026224
-420.663330917546
-420.663331810116
-420.663332705146
-420.663333603418
-420.663334505326
-420.663335411248
-420.663336321779
-420.663337237537
-420.663338158885
-420.663327157847
-420.663328095822
-420.663329037861
-420.663329983927
-420.663330935036
-420.663331892963
-420.663332859880
-420.663333837686
-420.663334827803
-420.663335831136
-420.663323938354
-420.663324976256
-420.663326027242
-420.663327090103
-420.663328163320
-420.663329245595
-420.663330336578
-420.663331437083
-420.663332548819
-420.663333673635
-420.663320718553
-420.663321880599
-420.663323056570
-420.663324245442
-420.663325446119
-420.663326657395
-420.663327877695
-420.663329104961
-420.663330337146
-420.663331572997
-420.663317911250
-420.663319166611
-420.663320430931
-420.663321706635
-420.663322994559
-420.663324293716
-420.663325602038
-420.663326917508
-420.663328238988
-420.663329566168
-420.663315993189
-420.663317340227
-420.663318690672
-420.663320043331
-420.663321398008
-420.663322755898
-420.663324118978
-420.663325488604
-420.663326864327
-420.663328243661
-420.663315393126
-420.663316777737
-420.663318156695
-420.663319529540
-420.663320896691
-420.663322258283
-420.663323613523
-420.663324961080
-420.663326299862
-420.663327629741
-420.663315419887
-420.663316742477
-420.663318058020
-420.663319365614
-420.663320663805
-420.663321951563
-420.663323229053
-420.663324497682
-420.663325759444
-420.663327015962
-420.663315172852
-420.663316428166
-420.663317679772
-420.663318928589
-420.663320175884
-420.663321422699
-420.663322669253
-420.663323914962
-420.663325158903
-420.663326400647
-420.663314513114
-420.663315759995
-420.663317006975
-420.663318253891
-420.663319499645
-420.663320742821
-420.663321982634
-420.663323219229
-420.663324453312
-420.663325685097
-420.663313028340
-420.663314259806
-420.663315483370
-420.663316697757
-420.663317903460
-420.663319102616
-420.663320297808
-420.663321490915
-420.663322682582
-420.663323872700
-420.663309870870
-420.663311068516
-420.663312267684
-420.663313470428
-420.663314677913
-420.663315890071
-420.663317106180
-420.663318326108
-420.663319551270
-420.663320784893
-420.663305288556
-420.663306562121
-420.663307854332
-420.663309165511
-420.663310494697
-420.663311840473
-420.663313201760
-420.663314578049
-420.663315969265
-420.663317375444
-420.663300792128
-420.663302241480
-420.663303707180
-420.663305190540
-420.663306693104
-420.663308216191
-420.663309760345
-420.663311325245
-420.663312909833
-420.663314512643
-420.663297911079
-420.663299560140
-420.663301224816
-420.663302905812
-420.663304604810
-420.663306324105
-420.663308065972
-420.663309831960
-420.663311622298
-420.663313435748
-420.663297719959
-420.663299587337
-420.663301471452
-420.663303371200
-420.663305286004
-420.663307215158
-420.663309157394
-420.663311110700
-420.663313072740
-420.663315041338
-420.663300368533
-420.663302359108
-420.663304350220
-420.663306338447
-420.663308319213
-420.663310287521
-420.663312238958
-420.663314170764
-420.663316082041
-420.663317973119
-420.663303879166
-420.663305742313
-420.663307583017
-420.663309398461
-420.663311186201
-420.663312945195
-420.663314676210
-420.663316381259
-420.663318062480
-420.663319721216
-420.663305545505
-420.663307169740
-420.663308773173
-420.663310358773
-420.663311930954
-420.663313494413
-420.663315052659
-420.663316607170
-420.663318157808
-420.663319704067
-420.663305234832
-420.663306784922
-420.663308337221
-420.663309895117
-420.663311460367
-420.663313032775
-420.663314611079
-420.663316194451
-420.663317783679
-420.663319381142
-420.663304374107
-420.663306004985
-420.663307647911
-420.663309300304
-420.663310959004
-420.663312621669
-420.663314287630
-420.663315957550
-420.663317632475
-420.663319312789
-420.663303302052
-420.663305002228
-420.663306706132
-420.663308414166
-420.663310127388
-420.663311846420
-420.663313570990
-420.663315299588
-420.663317029872
-420.663318759553
-420.663301889322
-420.663303624990
-420.663305357376
-420.663307086905
-420.663308814389
-420.663310540786
-420.663312266839
-420.663313992525
-420.663315716459
-420.663317436095
-420.663300516408
-420.663302230266
-420.663303933382
-420.663305626381
-420.663307310491
-420.663308986342
-420.663310653310
-420.663312310068
-420.663313955775
-420.663315591311
-420.663299039148
-420.663300673543
-420.663302304700
-420.663303931758
-420.663305552231
-420.663307164149
-420.663308768122
-420.663310368092
-420.663311969882
-420.663313578367
-420.663297366895
-420.663299001376
-420.663300638997
-420.663302277612
-420.663303918215
-420.663305564486
-420.663307220553
-420.663308888380
-420.663310566790
-420.663312252768
-420.663296591635
-420.663298298592
-420.663300014008
-420.663301741075
-420.663303480419
-420.663305228746
-420.663306980023
-420.663308728385
-420.663310470986
-420.663312208863
-420.663297126750
-420.663298874361
-420.663300623375
-420.663302371124
-420.663304113988
-420.663305849800
-420.663307578733
-420.663309302458
-420.663311021896
-420.663312735751
-420.663297859291
-420.663299560907
-420.663301247967
-420.663302921799
-420.663304585870
-420.663306243640
-420.663307896674
-420.663309544216
-420.663311184467
-420.663312816345
-420.663297411174
-420.663299039203
-420.663300663152
-420.663302283168
-420.663303897851
-420.663305505447
-420.663307105433
-420.663308699203
-420.663310289460
-420.663311878712
-420.663295355824
-420.663296955177
-420.663298553472
-420.663300151052
-420.663301749764
-420.663303352246
-420.663304960441
-420.663306574531
-420.663308193124
-420.663309814470
-420.663292191566
-420.663293829962
-420.663295473935
-420.663297125235
-420.663298784249
-420.663300450065
-420.663302121659
-420.663303799147
-420.663305484092
-420.663307178573
-420.663288931451
-420.663290658203
-420.663292391826
-420.663294129051
-420.663295867694
-420.663297607442
-420.663299349285
-420.663301094125
-420.663302841856
-420.663304591151
-420.663286573880
-420.663288333989
-420.663290094308
-420.663291856458
-420.663293621665
-420.663295389792
-420.663297159322
-420.663298928279
-420.663300695375
-420.663302460700
-420.663285337440
-420.663287113285
-420.663288890907
-420.663290670622
-420.663292452630
-420.663294237522
-420.663296026373
-420.663297820361
-420.663299620015
-420.663301424938
-420.663285299201
-420.663287120828
-420.663288943999
-420.663290767940
-420.663292591816
-420.663294414373
-420.663296234037
-420.663298049393
-420.663299859737
-420.663301665049
-420.663286258056
-420.663288062096
-420.663289857899
-420.663291642135
-420.663293411600
-420.663295164419
-420.663296900365
-420.663298620198
-420.663300324344
-420.663302012036
-420.663287000181
-420.663288658721
-420.663290297503
-420.663291918456
-420.663293524482
-420.663295117704
-420.663296698282
-420.663298264518
-420.663299814445
-420.663301347776
-420.663286316848
-420.663287834805
-420.663289347500
-420.663290857568
-420.663292365032
-420.663293868201
-420.663295365629
-420.663296857563
-420.663298346074
-420.663299833769
-420.663284033021
-420.663285531037
-420.663287027338
-420.663288520323
-420.663290010080
-420.663291498678
-420.663292989020
-420.663294483164
-420.663295981023
-420.663297480470
-420.663280515078
-420.663282019965
-420.663283520503
-420.663285017616
-420.663286512995
-420.663288008193
-420.663289504163
-420.663291001446
-420.663292500623
-420.663294002505
-420.663276621725
-420.663278141616
-420.663279665962
-420.663281194778
-420.663282728112
-420.663284266289
-420.663285809843
-420.663287359342
-420.663288915267
-420.663290478231
-420.663273862859
-420.663275452444
-420.663277053569
-420.663278667339
-420.663280293404
-420.663281929930
-420.663283574479
-420.663285225423
-420.663286882860
-420.663288548621
-420.663273108683
-420.663274805447
-420.663276513669
-420.663278231194
-420.663279955766
-420.663281686574
-420.663283424787
-420.663285172725
-420.663286932106
-420.663288702709
-420.663274105152
-420.663275899303
-420.663277697456
-420.663279500015
-420.663281309387
-420.663283128239
-420.663284957561
-420.663286795618
-420.663288638626
-420.663290482548
-420.663276207834
-420.663278057856
-420.663279907383
-420.663281757293
-420.663283606559
-420.663285451946
-420.663287289028
-420.663289114043
-420.663290925035
-420.663292722024
-420.663278257283
-420.663280037266
-420.663281802061
-420.663283548092
-420.663285271291
-420.663286968848
-420.663288640059
-420.663290286207
-420.663291909374
-420.663293511032
-420.663278582120
-420.663280148439
-420.663281691026
-420.663283210094
-420.663284707714
-420.663286187271
-420.663287652161
-420.663289104422
-420.663290544230
-420.663291970619
-420.663276806331
-420.663278213950
-420.663279611644
-420.663281003779
-420.663282394265
-420.663283785187
-420.663285176551
-420.663286567183
-420.663287956263
-420.663289344290
-420.663274370677
-420.663275769375
-420.663277170135
-420.663278571039
-420.663279969212
-420.663281362440
-420.663282750610
-420.663284135694
-420.663285520364
-420.663286906025
-420.663272221119
-420.663273611458
-420.663274995523
-420.663276371494
-420.663277739655
-420.663279101597
-420.663280458455
-420.663281809713
-420.663283153523
-420.663284488240
-420.663269975471
-420.663271302325
-420.663272626995
-420.663273952361
-420.663275278466
-420.663276602675
-420.663277921615
-420.663279233626
-420.663280540093
-420.663281844615
-420.663267579018
-420.663268894664
-420.663270211570
-420.663271527041
-420.663272839687
-420.663274150970
-420.663275464456
-420.663276783421
-420.663278108340
-420.663279436216
-420.663265451655
-420.663266779792
-420.663268103634
-420.663269427299
-420.663270755869
-420.663272092168
-420.663273435214
-420.663274781177
-420.663276126453
-420.663277470371
-420.663263230876
-420.663264589131
-420.663265955554
-420.663267328945
-420.663268705237
-420.663270080408
-420.663271453658
-420.663272828191
-420.663274209298
-420.663275600772
-420.663260553344
-420.663261968395
-420.663263383256
-420.663264794562
-420.663266203081
-420.663267612760
-420.663269027224
-420.663270446928
-420.663271868365
-420.663273286486
-420.663257684264
-420.663259099337
-420.663260514012
-420.663261933708
-420.663263360952
-420.663264793799
-420.663266227638
-420.663267658701
-420.663269087287
-420.663270518205
-420.663254522018
-420.663255985520
-420.663257464905
-420.663258957999
-420.663260462128
-420.663261977418
-420.663263508161
-420.663265061399
-420.663266643493
-420.663268257111
-420.663251389703
-420.663253068365
-420.663254769490
-420.663256493161
-420.663258242886
-420.663260023243
-420.663261836893
-420.663263682935
-420.663265557341
-420.663267455274
-420.663249335410
-420.663251285052
-420.663253256389
-420.663255250251
-420.663257264863
-420.663259295246
-420.663261334675
-420.663263377093
-420.663265419224
-420.663267460933
-420.663248396548
-420.663250454703
-420.663252515644
-420.663254576631
-420.663256633394
-420.663258682007
-420.663260720287
-420.663262748231
-420.663264767086
-420.663266778032
-420.663247722631
-420.663249727972
-420.663251723253
-420.663253708713
-420.663255686685
-420.663257661077
-420.663259635823
-420.663261613034
-420.663263592124
-420.663265570242
-420.663246986591
-420.663248964569
-420.663250937348
-420.663252908078
-420.663254880668
-420.663256857957
-420.663258840864
-420.663260828632
-420.663262820055
-420.663264814374
-420.663246611542
-420.663248621070
-420.663250631411
-420.663252639756
-420.663254642878
-420.663256638727
-420.663258627554
-420.663260611831
-420.663262594841
-420.663264578743
-420.663246501786
-420.663248494938
-420.663250483110
-420.663252463433
-420.663254434268
-420.663256394778
-420.663258344107
-420.663260281058
-420.663262204639
-420.663264115350
-420.663245944434
-420.663247849011
-420.663249751851
-420.663251654560
-420.663253555053
-420.663255448557
-420.663257330105
-420.663259197283
-420.663261051391
-420.663262896497
-420.663244612094
-420.663246460199
-420.663248306696
-420.663250151333
-420.663251995295
-420.663253842208
-420.663255696992
-420.663257563213
-420.663259440661
-420.663261325034
-420.663242712491
-420.663244604949
-420.663246495856
-420.663248391664
-420.663250301144
-420.663252231065
-420.663254183251
-420.663256154576
-420.663258139857
-420.663260135477
-420.663241419150
-420.663243448847
-420.663245494753
-420.663247556386
-420.663249629222
-420.663251706786
-420.663253784519
-420.663255862650
-420.663257946259
-420.663260042200
-420.663241692933
-420.663243831100
-420.663245978262
-420.663248126468
-420.663250270470
-420.663252410366
-420.663254550717
-420.663256697033
-420.663258851897
-420.663261013340
-420.663243185518
-420.663245357027
-420.663247527617
-420.663249703420
-420.663251893008
-420.663254102953
-420.663256334586
-420.663258583880
-420.663260844812
-420.663263113645
-420.663245378385
-420.663247681755
-420.663250005746
-420.663252352840
-420.663254720454
-420.663257102772
-420.663259494899
-420.663261896261
-420.663264310993
-420.663266744675
-420.663248186619
-420.663250671148
-420.663253163413
-420.663255652218
-420.663258129678
-420.663260593931
-420.663263047795
-420.663265494540
-420.663267933814
-420.663270360330
-420.663250922886
-420.663253314004
-420.663255676413
-420.663258012624
-420.663260325625
-420.663262614868
-420.663264874368
-420.663267095156
-420.663269269960
-420.663271397565
-420.663251996030
-420.663254060024
-420.663256098102
-420.663258111508
-420.663260095748
-420.663262044369
-420.663263953656
-420.663265825043
-420.663267663961
-420.663269475772
-420.663251049242
-420.663252817676
-420.663254554991
-420.663256260533
-420.663257938772
-420.663259597973
-420.663261245802
-420.663262884949
-420.663264511506
-420.663266117654
-420.663248792958
-420.663250352133
-420.663251887573
-420.663253407523
-420.663254919218
-420.663256425743
-420.663257926276
-420.663259419062
-420.663260904636
-420.663262387012
-420.663245754552
-420.663247254911
-420.663248761364
-420.663250270032
-420.663251776711
-420.663253280756
-420.663254787009
-420.663256304343
-420.663257841848
-420.663259404950
-420.663243270074
-420.663244890547
-420.663246530065
-420.663248187646
-420.663249865366
-420.663251566290
-420.663253291799
-420.663255040069
-420.663256807001
-420.663258588730
-420.663242459298
-420.663244279270
-420.663246118211
-420.663247978025
-420.663249856989
-420.663251749921
-420.663253650555
-420.663255554424
-420.663257460792
-420.663259371879
-420.663242435901
-420.663244371856
-420.663246312989
-420.663248254054
-420.663250190193
-420.663252119589
-420.663254044400
-420.663255969344
-420.663257899044
-420.663259835670
-420.663241832214
-420.663243788691
-420.663245748403
-420.663247713332
-420.663249687996
-420.663251677025
-420.663253682360
-420.663255701988
-420.663257731060
-420.663259765204
-420.663240965252
-420.663243022358
-420.663245095469
-420.663247191221
-420.663249311820
-420.663251453727
-420.663253609469
-420.663255771739
-420.663257936649
-420.663260104626
-420.663241006053
-420.663243195847
-420.663245388408
-420.663247576446
-420.663249751920
-420.663251909924
-420.663254050410
-420.663256176614
-420.663258291132
-420.663260391951
-420.663241837624
-420.663243894981
-420.663245912086
-420.663247885934
-420.663249819698
-420.663251719333
-420.663253588941
-420.663255427342
-420.663257228424
-420.663258984555
-420.663241452208
-420.663243119186
-420.663244742877
-420.663246329878
-420.663247884393
-420.663249407001
-420.663250896348
-420.663252352393
-420.663253778809
-420.663255182691
-420.663238661048
-420.663240048837
-420.663241426389
-420.663242790291
-420.663244137256
-420.663245467763
-420.663246787488
-420.663248105990
-420.663249433355
-420.663250776921
-420.663235223780
-420.663236614370
-420.663238023760
-420.663239451901
-420.663240899831
-420.663242368547
-420.663243857676
-420.663245365314
-420.663246889075
-420.663248428104
-420.663233324737
-420.663234910183
-420.663236523119
-420.663238167255
-420.663239842590
-420.663241545481
-420.663243270294
-420.663245011661
-420.663246766236
-420.663248532961
-420.663232990240
-420.663234789039
-420.663236599640
-420.663238420968
-420.663240252760
-420.663242096377
-420.663243954658
-420.663245830346
-420.663247724239
-420.663249634086
-420.663232776553
-420.663234712328
-420.663236652261
-420.663238597601
-420.663240552392
-420.663242520797
-420.663244504369
-420.663246500901
-420.663248505750
-420.663250514784
-420.663231846818
-420.663233874712
-420.663235912606
-420.663237962551
-420.663240022335
-420.663242085749
-420.663244145776
-420.663246198358
-420.663248244204
-420.663250287310
-420.663230268078
-420.663232322492
-420.663234370109
-420.663236402376
-420.663238413325
-420.663240403298
-420.663242378677
-420.663244347659
-420.663246314783
-420.663248277623
-420.663228187899
-420.663230128667
-420.663232044867
-420.663233940057
-420.663235822659
-420.663237700605
-420.663239576680
-420.663241447757
-420.663243308388
-420.663245156128
-420.663226007131
-420.663227854972
-420.663229710842
-420.663231577751
-420.663233451261
-420.663235322490
-420.663237184029
-420.663239035078
-420.663240882124
-420.663242735054
-420.663224936775
-420.663226823897
-420.663228718029
-420.663230610671
-420.663232496227
-420.663234374677
-420.663236249798
-420.663238124977
-420.663239999440
-420.663241867853
-420.663225552835
-420.663227398736
-420.663229230606
-420.663231055271
-420.663232879708
-420.663234706510
-420.663236532021
-420.663238348433
-420.663240148378
-420.663241929009
-420.663226262808
-420.663228022719
-420.663229778255
-420.663231532089
-420.663233283537
-420.663235030866
-420.663236774014
-420.663238515767
-420.663240260442
-420.663242011062
-420.663225979028
-420.663227742563
-420.663229501483
-420.663231251759
-420.663232993470
-420.663234730746
-420.663236469410
-420.663238213876
-420.663239964823
-420.663241719135
-420.663225288777
-420.663227041808
-420.663228786393
-420.663230522678
-420.663232251680
-420.663233973462
-420.663235686164
-420.663237386675
-420.663239072357
-420.663240742864
-420.663224667950
-420.663226323663
-420.663227974014
-420.663229619354
-420.663231256651
-420.663232880959
-420.663234488207
-420.663236077725
-420.663237652680
-420.663239218360
-420.663224327125
-420.663225890369
-420.663227448298
-420.663228997593
-420.663230536301
-420.663232065627
-420.663233589200
-420.663235110654
-420.663236630873
-420.663238147105
-420.663224145227
-420.663225645293
-420.663227133050
-420.663228612349
-420.663230088257
-420.663231563695
-420.663233037438
-420.663234504850
-420.663235961084
-420.663237404203
-420.663223771076
-420.663225201252
-420.663226628010
-420.663228051095
-420.663229466953
-420.663230871534
-420.663232263717
-420.663233646761
-420.663235026897
-420.663236409668
-420.663223240180
-420.663224634640
-420.663226027714
-420.663227417613
-420.663228806581
-420.663230199881
-420.663231602490
-420.663233015861
-420.663234437317
-420.663235862600
-420.663223172494
-420.663224609605
-420.663226059429
-420.663227529868
-420.663229024975
-420.663230542907
-420.663232077777
-420.663233623897
-420.663235179564
-420.663236747788
-420.663224116535
-420.663225728122
-420.663227359312
-420.663229005452
-420.663230662223
-420.663232329468
-420.663234012321
-420.663235718440
-420.663237453247
-420.663239216030
-420.663225977082
-420.663227777138
-420.663229580466
-420.663231385111
-420.663233194694
-420.663235014851
-420.663236848945
-420.663238695772
-420.663240550477
-420.663242407878
-420.663228352523
-420.663230217655
-420.663232087332
-420.663233962416
-420.663235839298
-420.663237710286
-420.663239566670
-420.663241402561
-420.663243217272
-420.663245014835
-420.663230156832
-420.663231940742
-420.663233716571
-420.663235480307
-420.663237226737
-420.663238952261
-420.663240656546
-420.663242341948
-420.663244011692
-420.663245667798
-420.663230128445
-420.663231761533
-420.663233379083
-420.663234982627
-420.663236576247
-420.663238165329
-420.663239754727
-420.663241347097
-420.663242942657
-420.663244540338
-420.663228612585
-420.663230220550
-420.663231835381
-420.663233461926
-420.663235104338
-420.663236764697
-420.663238442831
-420.663240137354
-420.663241847245
-420.663243573013
-420.663227285588
-420.663229056245
-420.663230849925
-420.663232667465
-420.663234508239
-420.663236370992
-420.663238254589
-420.663240158403
-420.663242082221
-420.663244025658
-420.663226925362
-420.663228912820
-420.663230917207
-420.663232938323
-420.663234976647
-420.663237032939
-420.663239107583
-420.663241200239
-420.663243309878
-420.663245434995
-420.663226945752
-420.663229105751
-420.663231276379
-420.663233456261
-420.663235644766
-420.663237842338
-420.663240050516
-420.663242271238
-420.663244505518
-420.663246752380
-420.663227093255
-420.663229363417
-420.663231633752
-420.663233901641
-420.663236166786
-420.663238430411
-420.663240693856
-420.663242957452
-420.663245220497
-420.663247482052
-420.663227419504
-420.663229686752
-420.663231952087
-420.663234213465
-420.663236466372
-420.663238705023
-420.663240924630
-420.663243123753
-420.663245305185
-420.663247474646
-420.663227623234
-420.663229791867
-420.663231956991
-420.663234115461
-420.663236263641
-420.663238399262
-420.663240521689
-420.663242630857
-420.663244725886
-420.663246804827
-420.663227252703
-420.663229304736
-420.663231344523
-420.663233379670
-420.663235417792
-420.663237463257
-420.663239515435
-420.663241569533
-420.663243619767
-420.663245662935
-420.663226045098
-420.663228088574
-420.663230136356
-420.663232192608
-420.663234259243
-420.663236337255
-420.663238428962
-420.663240539313
-420.663242675059
-420.663244842036
-420.663225067184
-420.663227307719
-420.663229574901
-420.663231864777
-420.663234177415
-420.663236517681
-420.663238893112
-420.663241310224
-420.663243771565
-420.663246275197
-420.663226228016
-420.663228815033
-420.663231437542
-420.663234098722
-420.663236801959
-420.663239547569
-420.663242331344
-420.663245145855
-420.663247983826
-420.663250841194
-420.663230124951
-420.663233035985
-420.663235970671
-420.663238926848
-420.663241898582
-420.663244878787
-420.663247862594
-420.663250849280
-420.663253841159
-420.663256840321
-420.663235799291
-420.663238816208
-420.663241822694
-420.663244810372
-420.663247775675
-420.663250720468
-420.663253649745
-420.663256567626
-420.663259474549
-420.663262367307
-420.663241523588
-420.663244389479
-420.663247235545
-420.663250064290
-420.663252876488
-420.663255668912
-420.663258434843
-420.663261167648
-420.663263864848
-420.663266530170
-420.663245139222
-420.663247776163
-420.663250400892
-420.663253010768
-420.663255599305
-420.663258160490
-420.663260692343
-420.663263197052
-420.663265678108
-420.663268136446
-420.663245559121
-420.663247971202
-420.663250349249
-420.663252695847
-420.663255018859
-420.663257327345
-420.663259626018
-420.663261912110
-420.663264176588
-420.663266409491
-420.663243530125
-420.663245701920
-420.663247847084
-420.663249973469
-420.663252084088
-420.663254175950
-420.663256243157
-420.663258282085
-420.663260294786
-420.663262288207
-420.663240442667
-420.663242423676
-420.663244391245
-420.663246336990
-420.663248253919
-420.663250141444
-420.663252006660
-420.663253860860
-420.663255713766
-420.663257568895
-420.663237143708
-420.663238999140
-420.663240844128
-420.663242681125
-420.663244517954
-420.663246363895
-420.663248224919
-420.663250101343
-420.663251989370
-420.663253885225
-420.663234594392
-420.663236520868
-420.663238471430
-420.663240454819
-420.663242475135
-420.663244530834
-420.663246617027
-420.663248729514
-420.663250867882
-420.663253036049
-420.663235039015
-420.663237289908
-420.663239579091
-420.663241901587
-420.663244251209
-420.663246624362
-420.663249022207
-420.663251449744
-420.663253912488
-420.663256412382
-420.663239691644
-420.663242260174
-420.663244844872
-420.663247439580
-420.663250042814
-420.663252656793
-420.663255284166
-420.663257924988
-420.663260576116
-420.663263233014
-420.663246745178
-420.663249418920
-420.663252099404
-420.663254789106
-420.663257486345
-420.663260184148
-420.663262872512
-420.663265542863
-420.663268191844
-420.663270822113
-420.663253475899
-420.663256094509
-420.663258705237
-420.663261304164
-420.663263885883
-420.663266446731
-420.663268985991
-420.663271503996
-420.663273998970
-420.663276464979
-420.663258405306
-420.663260796799
-420.663263141616
-420.663265444954
-420.663267715848
-420.663269961664
-420.663272183597
-420.663274376324
-420.663276531607
-420.663278643849
-420.663260526248
-420.663262564428
-420.663264569781
-420.663266543757
-420.663268483062
-420.663270383184
-420.663272243436
-420.663274070104
-420.663275874626
-420.663277667970
-420.663259753179
-420.663261535657
-420.663263298034
-420.663265032505
-420.663266738440
-420.663268422999
-420.663270096525
-420.663271765931
-420.663273430703
-420.663275084176
-420.663257854370
-420.663259475006
-420.663261079894
-420.663262677790
-420.663264275007
-420.663265870932
-420.663267458276
-420.663269028084
-420.663270575828
-420.663272104555
-420.663255622600
-420.663257144512
-420.663258666322
-420.663260183874
-420.663261690116
-420.663263181189
-420.663264660421
-420.663266137731
-420.663267624810
-420.663269129585
-420.663252628934
-420.663254174997
-420.663255733484
-420.663257305229
-420.663258896060
-420.663260514022
-420.663262165209
-420.663263851437
-420.663265571412
-420.663267324290
-420.663249933636
-420.663251772375
-420.663253663788
-420.663255614212
-420.663257623957
-420.663259687489
-420.663261796688
-420.663263945059
-420.663266130349
-420.663268354117
-420.663249814362
-420.663252129186
-420.663254485128
-420.663256878787
-420.663259306930
-420.663261767752
-420.663264260564
-420.663266783888
-420.663269333599
-420.663271902427
-420.663252995482
-420.663255584499
-420.663258170718
-420.663260753592
-420.663263335669
-420.663265920195
-420.663268508597
-420.663271099246
-420.663273687736
-420.663276268265
-420.663257267216
-420.663259825232
-420.663262363830
-420.663264881866
-420.663267378202
-420.663269851280
-420.663272299395
-420.663274721488
-420.663277117965
-420.663279490608
-420.663260124358
-420.663262461927
-420.663264776174
-420.663267062137
-420.663269313740
-420.663271526306
-420.663273698597
-420.663275833291
-420.663277935282
-420.663280009091
-420.663260767884
-420.663262795955
-420.663264794693
-420.663266762844
-420.663268701592
-420.663270614164
-420.663272503961
-420.663274372649
-420.663276219684
-420.663278043806
-420.663259150939
-420.663260941362
-420.663262719906
-420.663264493936
-420.663266268471
-420.663268044771
-420.663269821209
-420.663271595845
-420.663273369050
-420.663275144199
-420.663256333977
-420.663258134471
-420.663259946878
-420.663261769668
-420.663263600791
-420.663265440060
-420.663267290065
-420.663269154939
-420.663271037758
-420.663272938550
-420.663254333653
-420.663256267504
-420.663258209460
-420.663260159885
-420.663262121364
-420.663264096274
-420.663266084529
-420.663268083058
-420.663270087540
-420.663272095225
-420.663254014675
-420.663256041039
-420.663258079888
-420.663260133752
-420.663262201576
-420.663264279478
-420.663266363446
-420.663268451968
-420.663270546908
-420.663272652188
-420.663254976901
-420.663257116591
-420.663259268570
-420.663261429857
-420.663263599023
-420.663265777658
-420.663267969694
-420.663270178949
-420.663272406386
-420.663274648834
-420.663257027430
-420.663259287581
-420.663261546815
-420.663263805428
-420.663266066404
-420.663268332643
-420.663270604163
-420.663272877103
-420.663275144813
-420.663277400425
-420.663259998307
-420.663262225198
-420.663264434063
-420.663266624572
-420.663268793929
-420.663270936665
-420.663273046419
-420.663275118484
-420.663277151612
-420.663279147587
-420.663262402104
-420.663264335434
-420.663266231285
-420.663268083094
-420.663269884054
-420.663271630381
-420.663273323188
-420.663274967798
-420.663276570853
-420.663278136930
-420.663262043377
-420.663263541125
-420.663264997981
-420.663266413681
-420.663267791418
-420.663269136789
-420.663270455357
-420.663271750556
-420.663273023435
-420.663274274448
-420.663258334760
-420.663259558685
-420.663260776375
-420.663261995896
-420.663263222676
-420.663264458083
-420.663265700305
-420.663266947025
-420.663268198161
-420.663269457224
-420.663253085077
-420.663254386397
-420.663255714365
-420.663257071498
-420.663258457859
-420.663259872400
-420.663261314346
-420.663262783645
-420.663264280725
-420.663265805746
-420.663248319068
-420.663249904983
-420.663251518233
-420.663253160396
-420.663254834404
-420.663256543789
-420.663258291339
-420.663260078126
-420.663261902974
-420.663263762873
-420.663244731419
-420.663246657142
-420.663248609526
-420.663250589560
-420.663252600634
-420.663254647748
-420.663256736233
-420.663258870367
-420.663261052383
-420.663263282252
-420.663243130503
-420.663245456271
-420.663247822013
-420.663250225218
-420.663252664205
-420.663255138119
-420.663257647096
-420.663260192380
-420.663262776260
-420.663265401672
-420.663244755749
-420.663247477809
-420.663250242879
-420.663253046202
-420.663255881000
-420.663258740063
-420.663261617406
-420.663264509314
-420.663267414333
-420.663270332559
-420.663249203872
-420.663252158590
-420.663255126771
-420.663258106990
-420.663261097177
-420.663264094560
-420.663267095629
-420.663270096343
-420.663273092525
-420.663276080516
-420.663254487357
-420.663257462203
-420.663260425488
-420.663263378013
-420.663266320565
-420.663269253323
-420.663272175744
-420.663275086752
-420.663277985084
-420.663280869600
-420.663259286185
-420.663262150133
-420.663264998327
-420.663267830322
-420.663270645485
-420.663273442935
-420.663276221457
-420.663278979642
-420.663281716231
-420.663284430416
-420.663263190213
-420.663265869101
-420.663268527468
-420.663271166810
-420.663273788373
-420.663276392741
-420.663278979664
-420.663281548080
-420.663284096277
-420.663286622319
-420.663266021783
-420.663268507604
-420.663270969487
-420.663273409810
-420.663275832389
-420.663278241750
-420.663280642131
-420.663283036401
-420.663285425494
-420.663287808357
-420.663268085813
-420.663270455876
-420.663272811752
-420.663275152107
-420.663277477107
-420.663279788402
-420.663282088671
-420.663284381140
-420.663286668692
-420.663288953132
-420.663270309863
-420.663272592713
-420.663274865783
-420.663277123188
-420.663279358803
-420.663281567575
-420.663283746734
-420.663285896277
-420.663288018619
-420.663290117359
-420.663272556776
-420.663274622505
-420.663276668399
-420.663278691295
-420.663280686822
-420.663282650518
-420.663284578851
-420.663286469704
-420.663288322713
-420.663290139185
-420.663273680345
-420.663275440854
-420.663277179424
-420.663278902691
-420.663280616008
-420.663282322036
-420.663284020192
-420.663285707543
-420.663287380721
-420.663289038043
-420.663274035727
-420.663275673328
-420.663277307243
-420.663278944025
-420.663280589190
-420.663282247024
-420.663283920953
-420.663285613739
-420.663287327330
-420.663289061878
-420.663274624992
-420.663276397548
-420.663278180789
-420.663279972086
-420.663281771706
-420.663283582561
-420.663285408552
-420.663287252521
-420.663289115053
-420.663290994713
-420.663275885471
-420.663277798453
-420.663279724534
-420.663281662915
-420.663283611151
-420.663285564687
-420.663287518074
-420.663289466990
-420.663291410086
-420.663293349118
-420.663277432210
-420.663279377264
-420.663281324354
-420.663283272116
-420.663285219487
-420.663287167668
-420.663289120086
-420.663291080591
-420.663293050503
-420.663295027044
-420.663278637070
-420.663280615110
-420.663282586581
-420.663284555470
-420.663286529993
-420.663288518867
-420.663290527889
-420.663292558540
-420.663294609764
-420.663296680963
-420.663279722133
-420.663281846397
-420.663283998271
-420.663286175995
-420.663288373403
-420.663290582855
-420.663292799937
-420.663295026984
-420.663297272738
-420.663299548391
-420.663281107196
-420.663283465680
-420.663285856172
-420.663288268717
-420.663290694722
-420.663293129878
-420.663295573785
-420.663298026998
-420.663300488172
-420.663302953492
-420.663283164909
-420.663285636538
-420.663288110383
-420.663290592580
-420.663293087936
-420.663295595787
-420.663298108568
-420.663300614134
-420.663303100708
-420.663305561640
-420.663285742575
-420.663288166349
-420.663290578205
-420.663292983495
-420.663295383827
-420.663297778030
-420.663300164112
-420.663302540803
-420.663304907463
-420.663307262829
-420.663288067672
-420.663290396995
-420.663292703487
-420.663294985898
-420.663297247408
-420.663299495098
-420.663301737705
-420.663303982506
-420.663306233162
-420.663308488988
-420.663289582839
-420.663291843229
-420.663294095971
-420.663296339010
-420.663298572545
-420.663300798692
-420.663303020816
-420.663305242925
-420.663307469300
-420.663309704033
-420.663290892229
-420.663293160459
-420.663295444583
-420.663297744441
-420.663300058491
-420.663302384106
-420.663304718264
-420.663307058581
-420.663309404107
-420.663311755681
-420.663293140398
-420.663295519089
-420.663297911044
-420.663300316989
-420.663302736262
-420.663305167408
-420.663307608965
-420.663310059715
-420.663312518115
-420.663314981621
-420.663296352904
-420.663298820320
-420.663301277189
-420.663303718916
-420.663306143003
-420.663308549031
-420.663310937740
-420.663313309886
-420.663315665695
-420.663318004733
-420.663299991202
-420.663302300935
-420.663304589589
-420.663306853323
-420.663309086288
-420.663311281741
-420.663313433744
-420.663315539283
-420.663317599301
-420.663319618131
-420.663303208281
-420.663305167183
-420.663307099062
-420.663309004756
-420.663310883558
-420.663312733899
-420.663314553503
-420.663316339015
-420.663318085956
-420.663319789588
-420.663304728950
-420.663306345307
-420.663307921927
-420.663309467803
-420.663310992100
-420.663312500779
-420.663313994605
-420.663315469693
-420.663316920135
-420.663318341192
-420.663303600320
-420.663304963646
-420.663306298809
-420.663307608077
-420.663308893811
-420.663310159545
-420.663311411333
-420.663312657553
-420.663313906808
-420.663315164866
-420.663299915840
-420.663301193392
-420.663302470714
-420.663303744366
-420.663305016352
-420.663306294360
-420.663307589208
-420.663308911077
-420.663310266692
-420.663311658969
-420.663296064955
-420.663297537285
-420.663299049877
-420.663300605121
-420.663302203975
-420.663303844770
-420.663305523844
-420.663307237935
-420.663308986771
-420.663310774191
-420.663295404347
-420.663297291391
-420.663299230918
-420.663301219275
-420.663303248647
-420.663305310176
-420.663307397124
-420.663309506085
-420.663311636214
-420.663313787034
-420.663298331546
-420.663300520034
-420.663302719069
-420.663304925100
-420.663307136302
-420.663309351743
-420.663311569868
-420.663313786925
-420.663315997028
-420.663318193483
-420.663302511627
-420.663304671586
-420.663306810046
-420.663308928322
-420.663311026984
-420.663313104406
-420.663315156901
-420.663317180052
-420.663319170381
-420.663321126407
-420.663306174267
-420.663308067839
-420.663309929720
-420.663311760075
-420.663313558338
-420.663315323756
-420.663317055846
-420.663318754522
-420.663320419657
-420.663322050781
-420.663308496615
-420.663310062038
-420.663311592536
-420.663313090138
-420.663314558440
-420.663316001937
-420.663317424924
-420.663318830629
-420.663320220683
-420.663321595335
-420.663309153227
-420.663310500520
-420.663311831577
-420.663313147692
-420.663314451294
-420.663315745877
-420.663317035482
-420.663318324361
-420.663319616293
-420.663320914040
-420.663308905348
-420.663310222012
-420.663311544806
-420.663312872223
-420.663314202903
-420.663315536169
-420.663316872132
-420.663318211519
-420.663319555406
-420.663320904846
-420.663308618071
-420.663309984516
-420.663311357538
-420.663312736154
-420.663314118546
-420.663315502241
-420.663316884829
-420.663318264696
-420.663319641716
-420.663321017497
-420.663307841702
-420.663309227791
-420.663310620543
-420.663312020763
-420.663313428098
-420.663314842099
-420.663316263015
-420.663317692450
-420.663319133025
-420.663320587860
-420.663305730061
-420.663307227161
-420.663308746636
-420.663310291765
-420.663311866618
-420.663313475423
-420.663315121549
-420.663316806423
-420.663318529335
-420.663320288331
-420.663303566170
-420.663305399637
-420.663307268598
-420.663309175542
-420.663311122522
-420.663313109912
-420.663315136080
-420.663317198107
-420.663319292940
-420.663321418199
-420.663304290682
-420.663306478016
-420.663308688731
-420.663310918001
-420.663313159870
-420.663315408383
-420.663317658811
-420.663319907992
-420.663322154054
-420.663324395530
-420.663308534498
-420.663310767354
-420.663312987906
-420.663315193247
-420.663317381068
-420.663319549741
-420.663321697845
-420.663323823669
-420.663325924874
-420.663327998551
-420.663313551326
-420.663315568658
-420.663317553460
-420.663319507699
-420.663321435403
-420.663323341744
-420.663325231723
-420.663327108915
-420.663328974542
-420.663330827697
-420.663316799361
-420.663318627039
-420.663320437666
-420.663322232172
-420.663324012554
-420.663325781009
-420.663327539593
-420.663329290529
-420.663331036914
-420.663332783039
-420.663318741851
-420.663320505423
-420.663322277470
-420.663324054359
-420.663325829395
-420.663327595434
-420.663329347777
-420.663331086021
-420.663332813666
-420.663334535915
-420.663320779490
-420.663322505009
-420.663324229391
-420.663325950117
-420.663327664993
-420.663329372691
-420.663331071949
-420.663332760280
-420.663334433569
-420.663336087112
-420.663322942655
-420.663324555093
-420.663326149353
-420.663327732000
-420.663329308889
-420.663330882420
-420.663332450786
-420.663334009058
-420.663335551761
-420.663337075133
-420.663324622029
-420.663326110227
-420.663327581630
-420.663329038829
-420.663330484585
-420.663331922072
-420.663333354897
-420.663334786445
-420.663336218590
-420.663337650815
-420.663325475263
-420.663326901885
-420.663328317942
-420.663329722240
-420.663331116292
-420.663332503885
-420.663333889973
-420.663335279770
-420.663336678207
-420.663338089600
-420.663325566043
-420.663327015470
-420.663328481931
-420.663329962679
-420.663331454142
-420.663332953974
-420.663334462748
-420.663335984414
-420.663337525223
-420.663339091726
-420.663325326520
-420.663326961113
-420.663328630201
-420.663330334445
-420.663332074700
-420.663333851701
-420.663335664859
-420.663337511428
-420.663339386937
-420.663341286701
-420.663326193656
-420.663328141414
-420.663330113947
-420.663332114359
-420.663334143765
-420.663336199947
-420.663338277875
-420.663340371806
-420.663342477058
-420.663344590972
-420.663328694637
-420.663330826065
-420.663332959069
-420.663335088409
-420.663337208830
-420.663339316770
-420.663341411385
-420.663343494127
-420.663345567287
-420.663347632284
-420.663330819818
-420.663332872708
-420.663334915496
-420.663336948507
-420.663338973364
-420.663340992062
-420.663343006091
-420.663345015835
-420.663347021113
-420.663349022254
-420.663331268482
-420.663333274139
-420.663335285435
-420.663337306744
-420.663339341437
-420.663341391401
-420.663343457283
-420.663345538914
-420.663347635511
-420.663349745737
-420.663331648549
-420.663333785655
-420.663335930240
-420.663338081028
-420.663340237608
-420.663342400000
-420.663344567787
-420.663346739352
-420.663348911640
-420.663351080643
-420.663333992792
-420.663336148807
-420.663338291255
-420.663340417849
-420.663342526315
-420.663344614372
-420.663346680057
-420.663348722376
-420.663350741476
-420.663352738184
-420.663337111982
-420.663339069323
-420.663341002395
-420.663342909002
-420.663344787955
-420.663346640308
-420.663348469412
-420.663350280069
-420.663352076837
-420.663353862854
-420.663338877254
-420.663340649792
-420.663342413232
-420.663344168374
-420.663345916501
-420.663347658943
-420.663349396560
-420.663351129853
-420.663352859789
-420.663354588612
-420.663339753435
-420.663341496842
-420.663343250436
-420.663345015325
-420.663346789973
-420.663348571087
-420.663350355309
-420.663352140640
-420.663353927075
-420.663355716088
-420.663340580855
-420.663342385821
-420.663344197957
-420.663346018348
-420.663347848298
-420.663349689149
-420.663351541523
-420.663353404598
-420.663355276070
-420.663357152981
-420.663341377993
-420.663343267198
-420.663345161847
-420.663347065384
-420.663348981126
-420.663350910907
-420.663352854840
-420.663354811824
-420.663356780377
-420.663358759335
-420.663342627203
-420.663344629718
-420.663346639701
-420.663348656077
-420.663350678501
-420.663352707684
-420.663354745313
-420.663356793302
-420.663358852825
-420.663360923650
-420.663344909231
-420.663347002596
-420.663349101222
-420.663351203401
-420.663353308025
-420.663355414530
-420.663357522962
-420.663359634169
-420.663361749881
-420.663363872285
-420.663347822958
-420.663349968546
-420.663352122819
-420.663354284312
-420.663356451726
-420.663358624944
-420.663360804896
-420.663362992657
-420.663365188153
-420.663367389710
-420.663350762162
-420.663352974760
-420.663355190575
-420.663357413173
-420.663359646892
-420.663361894509
-420.663364155535
-420.663366426687
-420.663368703953
-420.663370985022
-420.663353547227
-420.663355844772
-420.663358150546
-420.663360463232
-420.663362778698
-420.663365092498
-420.663367403119
-420.663369713887
-420.663372031978
-420.663374364812
-420.663355954389
-420.663358328033
-420.663360712226
-420.663363100371
-420.663365488931
-420.663367878881
-420.663370273959
-420.663372677617
-420.663375090709
-420.663377511503
-420.663358245998
-420.663360685095
-420.663363134958
-420.663365601528
-420.663368089049
-420.663370597041
-420.663373120018
-420.663375649969
-420.663378180259
-420.663380708635
-420.663361332452
-420.663363873510
-420.663366424536
-420.663368987157
-420.663371560182
-420.663374141076
-420.663376727786
-420.663379319459
-420.663381915795
-420.663384515845
-420.663365741607
-420.663368348694
-420.663370951970
-420.663373551220
-420.663376148523
-420.663378747157
-420.663381349903
-420.663383957688
-420.663386569239
-420.663389181774
-420.663370226176
-420.663372838852
-420.663375445245
-420.663378044969
-420.663380638704
-420.663383228120
-420.663385815664
-420.663388403934
-420.663390994777
-420.663393588332
-420.663372823765
-420.663375422009
-420.663378012999
-420.663380593088
-420.663383160175
-420.663385713914
-420.663388255309
-420.663390786016
-420.663393307899
-420.663395822623
-420.663373724888
-420.663376235658
-420.663378740880
-420.663381238924
-420.663383726995
-420.663386201599
-420.663388659339
-420.663391097658
-420.663393515453
-420.663395913376
-420.663374749665
-420.663377122475
-420.663379484092
-420.663381836771
-420.663384180954
-420.663386515013
-420.663388835953
-420.663391140651
-420.663393427114
-420.663395694875
-420.663376800990
-420.663379039105
-420.663381257565
-420.663383453786
-420.663385625372
-420.663387771833
-420.663389895443
-420.663392000186
-420.663394089558
-420.663396164148
-420.663379512925
-420.663381553924
-420.663383568422
-420.663385555380
-420.663387516786
-420.663389455394
-420.663391371882
-420.663393263646
-420.663395126262
-420.663396956918
-420.663382085855
-420.663383868989
-420.663385638204
-420.663387400504
-420.663389157312
-420.663390904517
-420.663392635898
-420.663394347504
-420.663396040252
-420.663397719021
-420.663383671325
-420.663385339784
-420.663387000695
-420.663388652019
-420.663390294763
-420.663391935225
-420.663393583406
-420.663395248525
-420.663396934244
-420.663398637082
-420.663384065018
-420.663385783367
-420.663387501666
-420.663389224631
-420.663390960493
-420.663392716215
-420.663394494204
-420.663396292793
-420.663398109538
-420.663399945041
-420.663383945141
-420.663385839635
-420.663387768375
-420.663389729921
-420.663391717686
-420.663393723800
-420.663395743748
-420.663397779073
-420.663399836030
-420.663401921623
-420.663384248746
-420.663386402402
-420.663388580364
-420.663390776946
-420.663392989526
-420.663395219063
-420.663397467912
-420.663399736625
-420.663402022038
-420.663404317835
-420.663385498088
-420.663387803265
-420.663390106443
-420.663392409049
-420.663394712491
-420.663397015964
-420.663399315775
-420.663401606527
-420.663403883049
-420.663406142048
-420.663387698418
-420.663389926815
-420.663392135700
-420.663394322658
-420.663396483463
-420.663398613112
-420.663400707504
-420.663402764731
-420.663404785473
-420.663406772260
-420.663391103383
-420.663393035145
-420.663394935830
-420.663396802198
-420.663398630311
-420.663400417191
-420.663402161848
-420.663403865205
-420.663405528903
-420.663407154109
-420.663395425967
-420.663396979751
-420.663398497101
-420.663399981776
-420.663401439010
-420.663402873389
-420.663404286691
-420.663405676913
-420.663407039607
-420.663408370893
-420.663398450003
-420.663399725291
-420.663400979651
-420.663402220593
-420.663403453603
-420.663404681689
-420.663405906615
-420.663407130780
-420.663408357725
-420.663409590939
-420.663398305813
-420.663399556204
-420.663400808539
-420.663402060268
-420.663403313335
-420.663404575111
-420.663405856081
-420.663407165499
-420.663408507844
-420.663409882003
-420.663396500424
-420.663397930901
-420.663399385806
-420.663400867767
-420.663402379169
-420.663403919448
-420.663405485062
-420.663407072407
-420.663408681898
-420.663410319881
-420.663395843355
-420.663397572060
-420.663399350330
-420.663401172081
-420.663403026235
-420.663404902935
-420.663406798740
-420.663408717700
-420.663410667695
-420.663412654775
-420.663396682845
-420.663398746197
-420.663400838208
-420.663402957964
-420.663405109654
-420.663407299435
-420.663409529993
-420.663411796733
-420.663414088535
-420.663416393021
-420.663397830379
-420.663400152457
-420.663402489222
-420.663404849856
-420.663407238486
-420.663409651559
-420.663412079910
-420.663414513934
-420.663416947966
-420.663419381255
-420.663398892919
-420.663401332030
-420.663403765121
-420.663406183661
-420.663408580087
-420.663410951830
-420.663413302229
-420.663415637761
-420.663417963268
-420.663420278302
-420.663400344495
-420.663402623093
-420.663404868827
-420.663407078390
-420.663409252429
-420.663411392991
-420.663413500789
-420.663415574293
-420.663417611030
-420.663419610074
-420.663402404712
-420.663404342271
-420.663406253496
-420.663408140455
-420.663410001507
-420.663411832360
-420.663413628644
-420.663415388138
-420.663417111427
-420.663418800796
-420.663404141335
-420.663405772803
-420.663407373719
-420.663408944995
-420.663410489583
-420.663412012409
-420.663413518875
-420.663415012630
-420.663416494118
-420.663417960935
-420.663404366747
-420.663405800094
-420.663407214692
-420.663408614279
-420.663410003805
-420.663411387797
-420.663412769799
-420.663414153026
-420.663415541685
-420.663416941613
-420.663402811546
-420.663404257337
-420.663405729459
-420.663407226975
-420.663408746526
-420.663410285136
-420.663411842633
-420.663413422784
-420.663415032393
-420.663416678900
-420.663401179397
-420.663402918898
-420.663404705627
-420.663406540107
-420.663408423177
-420.663410355873
-420.663412338006
-420.663414367065
-420.663416438182
-420.663418545593
-420.663402333735
-420.663404509614
-420.663406719725
-420.663408968545
-420.663411259363
-420.663413592061
-420.663415962673
-420.663418364560
-420.663420790665
-420.663423235064
-420.663407265633
-420.663409740367
-420.663412220768
-420.663414701692
-420.663417178143
-420.663419646423
-420.663422104988
-420.663424553760
-420.663426992478
-420.663429418791
-420.663414343634
-420.663416733152
-420.663419089251
-420.663421405700
-420.663423679081
-420.663425908510
-420.663428094214
-420.663430236187
-420.663432333412
-420.663434384301
-420.663420906223
-420.663422866031
-420.663424778412
-420.663426644377
-420.663428464457
-420.663430238508
-420.663431966106
-420.663433647660
-420.663435285432
-420.663436883780
-420.663425546300
-420.663427086403
-420.663428603149
-420.663430099040
-420.663431574933
-420.663433031172
-420.663434469041
-420.663435891604
-420.663437303572
-420.663438710140
-420.663428733658
-420.663430143237
-420.663431555244
-420.663432970074
-420.663434388781
-420.663435813513
-420.663437246905
-420.663438690585
-420.663440143971
-420.663441604034
-420.663431313553
-420.663432778479
-420.663434242624
-420.663435708212
-420.663437178534
-420.663438655393
-420.663440137707
-420.663441621708
-420.663443103185
-420.663444579731
-420.663433277106
-420.663434750710
-420.663436225789
-420.663437702592
-420.663439178290
-420.663440648602
-420.663442110547
-420.663443564602
-420.663445014861
-420.663446467075
-420.663434541267
-420.663436011106
-420.663437489172
-420.663438974402
-420.663440467076
-420.663441969282
-420.663443483563
-420.663445010850
-420.663446549103
-420.663448093937
-420.663435865119
-420.663437414027
-420.663438964139
-420.663440519592
-420.663442084974
-420.663443663113
-420.663445253941
-420.663446854932
-420.663448462282
-420.663450071665
-420.663437779516
-420.663439380840
-420.663440968147
-420.663442536114
-420.663444081737
-420.663445605529
-420.663447111249
-420.663448604037
-420.663450088007
-420.663451564496
-420.663440282960
-420.663441740778
-420.663443182790
-420.663444606120
-420.663446008155
-420.663447385911
-420.663448736297
-420.663450057463
-420.663451350812
-420.663452622019
-420.663442728689
-420.663443984999
-420.663445243055
-420.663446503256
-420.663447761111
-420.663449010150
-420.663450245390
-420.663451465367
-420.663452671763
-420.663453867447
-420.663443941173
-420.663445122090
-420.663446295027
-420.663447461858
-420.663448626881
-420.663449795697
-420.663450972675
-420.663452158478
-420.663453349613
-420.663454540111
-420.663443652426
-420.663444832558
-420.663446007815
-420.663447183759
-420.663448366222
-420.663449559130
-420.663450763742
-420.663451979705
-420.663453206610
-420.663454445403
-420.663442809370
-420.663444082830
-420.663445374784
-420.663446685675
-420.663448014849
-420.663449361489
-420.663450725541
-420.663452108140
-420.663453511274
-420.663454937024
-420.663442279234
-420.663443757093
-420.663445258017
-420.663446780471
-420.663448323072
-420.663449885276
-420.663451467452
-420.663453070390
-420.663454694420
-420.663456338622
-420.663442243027
-420.663443923930
-420.663445616744
-420.663447320170
-420.663449034740
-420.663450762283
-420.663452504635
-420.663454262528
-420.663456035206
-420.663457820771
-420.663443078696
-420.663444889237
-420.663446708854
-420.663448537332
-420.663450374185
-420.663452218607
-420.663454069890
-420.663455928017
-420.663457793872
-420.663459668702
-420.663445655663
-420.663447553450
-420.663449457125
-420.663451363175
-420.663453268323
-420.663455170269
-420.663457067649
-420.663458959554
-420.663460844985
-420.663462722905
-420.663449763130
-420.663451629793
-420.663453488388
-420.663455338360
-420.663457177261
-420.663459000698
-420.663460803491
-420.663462581854
-420.663464335144
-420.663466066099
-420.663453169527
-420.663454873628
-420.663456565560
-420.663458244525
-420.663459909016
-420.663461558562
-420.663463194780
-420.663464820474
-420.663466437959
-420.663468047786
-420.663454784977
-420.663456382123
-420.663457973529
-420.663459565567
-420.663461166447
-420.663462782923
-420.663464417490
-420.663466067756
-420.663467728415
-420.663469394809
-420.663456080742
-420.663457762546
-420.663459455841
-420.663461164443
-420.663462889773
-420.663464631165
-420.663466387434
-420.663468158423
-420.663469944945
-420.663471747237
-420.663457920393
-420.663459747150
-420.663461573539
-420.663463392570
-420.663465200865
-420.663466999563
-420.663468792914
-420.663470585404
-420.663472379215
-420.663474173230
-420.663459730032
-420.663461516426
-420.663463291138
-420.663465051338
-420.663466794708
-420.663468519030
-420.663470222363
-420.663471903947
-420.663473565180
-420.663475209853
-420.663461000974
-420.663462632702
-420.663464262636
-420.663465892464
-420.663467521794
-420.663469148870
-420.663470771743
-420.663472389180
-420.663474001387
-420.663475610451
-420.663461702222
-420.663463322552
-420.663464954499
-420.663466602807
-420.663468270799
-420.663469960479
-420.663471673316
-420.663473410920
-420.663475175063
-420.663476966924
-420.663462331730
-420.663464180082
-420.663466049301
-420.663467936716
-420.663469842412
-420.663471769663
-420.663473723123
-420.663475705972
-420.663477717627
-420.663479753627
-420.663464412058
-420.663466484073
-420.663468566821
-420.663470660243
-420.663472763543
-420.663474872498
-420.663476978946
-420.663479073065
-420.663481147452
-420.663483200151
-420.663468713015
-420.663470738328
-420.663472752733
-420.663474752979
-420.663476730807
-420.663478676699
-420.663480584109
-420.663482451513
-420.663484280936
-420.663486074311
-420.663473213985
-420.663474931732
-420.663476602866
-420.663478226233
-420.663479806442
-420.663481352396
-420.663482872924
-420.663484372355
-420.663485848528
-420.663487294988
-420.663475425661
-420.663476800434
-420.663478140797
-420.663479454222
-420.663480748384
-420.663482028434
-420.663483296861
-420.663484555321
-420.663485806961
-420.663487056853
-420.663475487856
-420.663476750253
-420.663478018382
-420.663479288024
-420.663480554567
-420.663481816153
-420.663483075296
-420.663484338082
-420.663485611513
-420.663486901079
-420.663476091146
-420.663477422186
-420.663478772974
-420.663480142879
-420.663481530391
-420.663482932070
-420.663484342561
-420.663485756110
-420.663487169021
-420.663488581587
-420.663478773149
-420.663480203400
-420.663481648588
-420.663483109984
-420.663484585352
-420.663486070804
-420.663487563086
-420.663489060380
-420.663490561409
-420.663492063378
-420.663482182045
-420.663483673040
-420.663485149022
-420.663486610569
-420.663488063822
-420.663489518000
-420.663490980875
-420.663492454916
-420.663493936519
-420.663495418464
-420.663485289252
-420.663486760486
-420.663488224872
-420.663489685635
-420.663491144136
-420.663492598455
-420.663494045087
-420.663495482472
-420.663496913955
-420.663498347730
-420.663488523227
-420.663489990953
-420.663491476505
-420.663492973481
-420.663494473240
-420.663495969605
-420.663497461588
-420.663498952638
-420.663500447256
-420.663501947544
-420.663491784193
-420.663493293814
-420.663494803123
-420.663496314546
-420.663497833647
-420.663499365922
-420.663500913061
-420.663502471255
-420.663504032750
-420.663505589594
-420.663493414180
-420.663494957014
-420.663496494923
-420.663498031882
-420.663499569732
-420.663501107928
-420.663502645384
-420.663504182565
-420.663505722307
-420.663507268309
-420.663492618249
-420.663494183262
-420.663495750382
-420.663497313781
-420.663498869584
-420.663500417754
-420.663501961763
-420.663503506429
-420.663505055640
-420.663506611116
-420.663491139137
-420.663492711443
-420.663494291173
-420.663495879773
-420.663497477891
-420.663499083850
-420.663500693736
-420.663502302893
-420.663503908315
-420.663505510362
-420.663490381633
-420.663491994406
-420.663493618591
-420.663495257098
-420.663496910319
-420.663498577000
-420.663500255631
-420.663501945147
-420.663503644812
-420.663505353526
-420.663490359838
-420.663492085517
-420.663493815358
-420.663495550609
-420.663497295139
-420.663499054534
-420.663500834119
-420.663502637021
-420.663504462939
-420.663506308253
-420.663491213889
-420.663493086320
-420.663494962550
-420.663496840324
-420.663498719280
-420.663500600171
-420.663502484199
-420.663504372622
-420.663506266848
-420.663508168489
-420.663493330657
-420.663495256472
-420.663497190814
-420.663499129649
-420.663501066603
-420.663502994541
-420.663504908135
-420.663506806019
-420.663508691483
-420.663510571210
-420.663495989541
-420.663497883580
-420.663499787617
-420.663501701820
-420.663503625663
-420.663505559391
-420.663507504134
-420.663509460794
-420.663511428538
-420.663513404668
-420.663497985947
-420.663499977833
-420.663501979450
-420.663503999706
-420.663506048804
-420.663508134063
-420.663510256925
-420.663512412969
-420.663514594956
-420.663516796811
-420.663499621768
-420.663501864609
-420.663504126499
-420.663506405792
-420.663508697712
-420.663510996555
-420.663513299364
-420.663515607989
-420.663517927982
-420.663520264484
-420.663502079631
-420.663504448860
-420.663506816475
-420.663509171191
-420.663511506802
-420.663513823863
-420.663516127207
-420.663518421328
-420.663520706638
-420.663522979418
-420.663505660677
-420.663507902942
-420.663510130197
-420.663512349684
-420.663514567582
-420.663516784746
-420.663518995817
-420.663521192326
-420.663523367953
-420.663525522550
-420.663509962794
-420.663512102535
-420.663514243812
-420.663516388291
-420.663518532709
-420.663520672269
-420.663522804605
-420.663524931232
-420.663527055855
-420.663529180719
-420.663515193583
-420.663517314045
-420.663519417929
-420.663521499838
-420.663523559751
-420.663525602428
-420.663527634176
-420.663529658796
-420.663531675304
-420.663533678481
-420.663520601054
-420.663522565264
-420.663524501778
-420.663526410561
-420.663528291981
-420.663530145254
-420.663531968461
-420.663533760030
-420.663535520710
-420.663537254336
-420.663524283001
-420.663525986664
-420.663527678199
-420.663529356837
-420.663531018664
-420.663532658763
-420.663534273647
-420.663535862828
-420.663537428759
-420.663538975789
-420.663525542656
-420.663527070891
-420.663528593220
-420.663530113452
-420.663531635406
-420.663533162305
-420.663534695591
-420.663536234188
-420.663537774651
-420.663539312584
-420.663525035553
-420.663526566462
-420.663528095512
-420.663529629044
-420.663531173860
-420.663532735372
-420.663534316890
-420.663535920062
-420.663537545882
-420.663539195221
-420.663524281676
-420.663525980940
-420.663527699105
-420.663529431725
-420.663531175489
-420.663532930662
-420.663534701917
-420.663536496815
-420.663538322608
-420.663540183017
-420.663525075287
-420.663527001570
-420.663528951029
-420.663530920008
-420.663532906993
-420.663534910925
-420.663536928733
-420.663538954426
-420.663540980755
-420.663543002648
-420.663528070311
-420.663530091590
-420.663532119541
-420.663534157290
-420.663536201535
-420.663538242838
-420.663540269535
-420.663542272674
-420.663544248922
-420.663546199546
-420.663531859858
-420.663533766325
-420.663535644542
-420.663537489400
-420.663539299228
-420.663541078236
-420.663542835222
-420.663544578750
-420.663546312072
-420.663548031010
-420.663534880343
-420.663536546800
-420.663538178763
-420.663539780882
-420.663541362234
-420.663542931425
-420.663544492907
-420.663546047206
-420.663547594185
-420.663549136864
-420.663536774803
-420.663538334645
-420.663539911564
-420.663541504401
-420.663543105927
-420.663544707239
-420.663546303384
-420.663547896572
-420.663549495095
-420.663551108772
-420.663537893011
-420.663539554404
-420.663541236428
-420.663542936421
-420.663544654056
-420.663546391031
-420.663548148209
-420.663549922517
-420.663551706424
-420.663553490834
-420.663538582787
-420.663540359864
-420.663542138616
-420.663543928389
-420.663545736117
-420.663547563239
-420.663549405961
-420.663551258513
-420.663553116657
-420.663554979143
-420.663538753958
-420.663540629452
-420.663542506406
-420.663544380552
-420.663546249383
-420.663548115114
-420.663549985233
-420.663551869761
-420.663553776747
-420.663555708668
-420.663539425236
-420.663541395890
-420.663543373979
-420.663545356451
-420.663547344111
-420.663549339333
-420.663551343459
-420.663553355671
-420.663555374135
-420.663557398333
-420.663541668895
-420.663543716953
-420.663545781778
-420.663547863619
-420.663549957322
-420.663552053497
-420.663554141911
-420.663556215143
-420.663558270541
-420.663560309471
-420.663544743072
-420.663546759191
-420.663548761826
-420.663550747882
-420.663552714204
-420.663554659113
-420.663556582417
-420.663558483911
-420.663560361457
-420.663562210092
-420.663547360169
-420.663549134483
-420.663550864263
-420.663552551383
-420.663554201466
-420.663555821378
-420.663557416167
-420.663558987337
-420.663560533088
-420.663562050230
-420.663548991560
-420.663550449999
-420.663551879716
-420.663553283060
-420.663554661133
-420.663556013418
-420.663557338984
-420.663558638681
-420.663559916600
-420.663561179874
-420.663550572396
-420.663551830366
-420.663553087370
-420.663554339389
-420.663555580420
-420.663556806023
-420.663558015864
-420.663559213822
-420.663560405757
-420.663561596486
-420.663553226596
-420.663554421679
-420.663555616440
-420.663556812675
-420.663558014992
-420.663559228931
-420.663560457652
-420.663561699617
-420.663562948873
-420.663564198188
-420.663556970098
-420.663558216651
-420.663559467630
-420.663560731940
-420.663562016133
-420.663563321791
-420.663564645966
-420.663565984269
-420.663567334091
-420.663568695971
-420.663561567511
-420.663562962030
-420.663564367991
-420.663565778696
-420.663567187136
-420.663568589882
-420.663569989273
-420.663571392115
-420.663572805681
-420.663574233331
-420.663566308993
-420.663567754265
-420.663569194448
-420.663570623552
-420.663572039892
-420.663573444719
-420.663574839370
-420.663576223141
-420.663577593405
-420.663578947886
-420.663569176685
-420.663570507901
-420.663571835917
-420.663573166521
-420.663574501123
-420.663575836026
-420.663577164529
-420.663578480683
-420.663579782301
-420.663581071890
-420.663568916338
-420.663570200770
-420.663571488447
-420.663572781450
-420.663574081140
-420.663575389261
-420.663576708184
-420.663578039635
-420.663579383051
-420.663580734794
-420.663567173302
-420.663568527581
-420.663569876229
-420.663571220178
-420.663572563407
-420.663573910768
-420.663575265976
-420.663576630409
-420.663578003153
-420.663579381799
-420.663565868014
-420.663567251392
-420.663568629552
-420.663569998183
-420.663571353872
-420.663572695493
-420.663574025029
-420.663575347350
-420.663576668670
-420.663577994630
-420.663565589422
-420.663566935728
-420.663568289609
-420.663569648879
-420.663571011306
-420.663572375059
-420.663573738791
-420.663575102149
-420.663576466463
-420.663577835535
-420.663567171882
-420.663568574239
-420.663570002231
-420.663571459699
-420.663572946297
-420.663574457999
-420.663575988949
-420.663577533710
-420.663579088639
-420.663580652221
-420.663571018514
-420.663572603058
-420.663574197345
-420.663575802546
-420.663577420352
-420.663579052377
-420.663580698821
-420.663582357124
-420.663584021305
-420.663585682801
-420.663575849979
-420.663577483659
-420.663579093414
-420.663580678064
-420.663582238561
-420.663583776442
-420.663585292570
-420.663586786742
-420.663588257592
-420.663589702912
-420.663578965227
-420.663580352745
-420.663581702716
-420.663583010204
-420.663584271303
-420.663585484056
-420.663586648931
-420.663587768375
-420.663588845929
-420.663589885250
-420.663578833382
-420.663579807449
-420.663580749731
-420.663581660650
-420.663582539795
-420.663583386154
-420.663584198828
-420.663584977967
-420.663585725589
-420.663586445758
-420.663576278168
-420.663576962095
-420.663577634558
-420.663578299455
-420.663578959939
-420.663579619138
-420.663580280463
-420.663580947146
-420.663581621511
-420.663582304310
-420.663572605113
-420.663573305467
-420.663574014591
-420.663574735660
-420.663575473538
-420.663576233428
-420.663577019405
-420.663577833757
-420.663578677229
-420.663579550083
-420.663569485384
-420.663570420524
-420.663571386003
-420.663572380229
-420.663573400114
-420.663574442085
-420.663575503597
-420.663576584376
-420.663577686419
-420.663578812992
-420.663568696930
-420.663569882801
-420.663571096945
-420.663572337457
-420.663573601803
-420.663574887017
-420.663576189564
-420.663577505136
-420.663578828983
-420.663580156909
-420.663570862613
-420.663572198158
-420.663573537404
-420.663574882913
-420.663576236220
-420.663577596842
-420.663578962182
-420.663580328381
-420.663581691080
-420.663583045770
-420.663574892261
-420.663576219730
-420.663577522856
-420.663578796901
-420.663580039397
-420.663581250965
-420.663582434416
-420.663583592862
-420.663584727642
-420.663585837012
-420.663578743748
-420.663579791998
-420.663580801020
-420.663581768462
-420.663582693371
-420.663583575087
-420.663584412332
-420.663585203590
-420.663585948460
-420.663586649355
-420.663580409541
-420.663581043626
-420.663581653537
-420.663582243370
-420.663582813627
-420.663583362401
-420.663583887801
-420.663584390359
-420.663584873706
-420.663585343488
-420.663579164930
-420.663579625212
-420.663580084175
-420.663580544107
-420.663581008963
-420.663581485372
-420.663581981442
-420.663582504517
-420.663583058479
-420.663583642838
-420.663577198447
-420.663577834061
-420.663578491443
-420.663579173281
-420.663579885107
-420.663580632594
-420.663581419132
-420.663582244999
-420.663583108624
-420.663584008828
-420.663577729197
-420.663578708997
-420.663579731480
-420.663580796275
-420.663581899087
-420.663583032930
-420.663584191242
-420.663585371055
-420.663586574201
-420.663587805673
-420.663581962848
-420.663583264234
-420.663584596087
-420.663585951327
-420.663587322819
-420.663588705961
-420.663590099290
-420.663591502819
-420.663592915492
-420.663594333628
-420.663588307169
-420.663589723361
-420.663591133047
-420.663592537949
-420.663593941152
-420.663595343730
-420.663596742277
-420.663598128896
-420.663599493943
-420.663600829892
-420.663593476790
-420.663594753254
-420.663596004590
-420.663597234840
-420.663598445621
-420.663599636446
-420.663600806431
-420.663601955949
-420.663603086655
-420.663604200079
-420.663595073260
-420.663596150021
-420.663597202020
-420.663598227096
-420.663599227477
-420.663600210174
-420.663601185211
-420.663602162395
-420.663603148594
-420.663604146810
-420.663593965494
-420.663594989469
-420.663596024010
-420.663597068875
-420.663598123647
-420.663599187261
-420.663600258792
-420.663601338963
-420.663602431463
-420.663603543066
-420.663592889000
-420.663594065053
-420.663595277852
-420.663596525941
-420.663597804767
-420.663599108708
-420.663600432844
-420.663601773379
-420.663603127296
-420.663604491744
-420.663593056503
-420.663594441118
-420.663595834860
-420.663597241915
-420.663598667224
-420.663600113984
-420.663601581594
-420.663603065296
-420.663604557909
-420.663606052239
-420.663594290261
-420.663595780224
-420.663597263626
-420.663598739979
-420.663600208551
-420.663601669129
-420.663603123363
-420.663604575386
-420.663606030939
-420.663607494859
-420.663596479850
-420.663597964353
-420.663599449622
-420.663600929246
-420.663602399334
-420.663603859809
-420.663605313581
-420.663606764324
-420.663608214632
-420.663609665738
-420.663599793569
-420.663601253942
-420.663602722211
-420.663604202631
-420.663605697424
-420.663607204821
-420.663608719086
-420.663610232720
-420.663611739720
-420.663613237959
-420.663603720712
-420.663605213448
-420.663606707693
-420.663608204786
-420.663609703516
-420.663611201558
-420.663612696962
-420.663614188820
-420.663615676099
-420.663617156118
-420.663607197207
-420.663608648381
-420.663610073556
-420.663611469303
-420.663612836310
-420.663614178247
-420.663615499356
-420.663616801916
-420.663618085026
-420.663619345293
-420.663609219069
-420.663610425121
-420.663611598893
-420.663612739059
-420.663613844158
-420.663614912506
-420.663615943031
-420.663616936617
-420.663617896663
-420.663618828409
-420.663608896104
-420.663609788366
-420.663610661738
-420.663611514771
-420.663612345498
-420.663613152900
-420.663613937542
-420.663614701245
-420.663615446222
-420.663616174805
-420.663607308348
-420.663608016728
-420.663608720702
-420.663609425944
-420.663610136955
-420.663610855732
-420.663611581574
-420.663612312324
-420.663613046310
-420.663613783830
-420.663606512091
-420.663607267862
-420.663608036162
-420.663608819009
-420.663609617840
-420.663610434349
-420.663611271196
-420.663612131378
-420.663613016879
-420.663613927322
-420.663607535705
-420.663608489484
-420.663609458268
-420.663610441428
-420.663611440822
-420.663612459283
-420.663613498805
-420.663614559383
-420.663615639419
-420.663616736986
-420.663610635438
-420.663611768895
-420.663612917775
-420.663614079982
-420.663615251920
-420.663616429557
-420.663617610307
-420.663618794164
-420.663619983299
-420.663621180262
-420.663615197739
-420.663616414353
-420.663617635717
-420.663618859356
-420.663620084438
-420.663621311583
-420.663622541649
-420.663623774124
-420.663625007134
-420.663626238689
-420.663620032731
-420.663621267490
-420.663622509383
-420.663623763291
-420.663625031074
-420.663626310709
-420.663627597882
-420.663628888842
-420.663630182756
-420.663631481705
-420.663623645123
-420.663624964136
-420.663626290947
-420.663627622348
-420.663628956126
-420.663630293083
-420.663631636745
-420.663632990688
-420.663634355134
-420.663635725227
-420.663625506812
-420.663626864753
-420.663628205068
-420.663629526650
-420.663630831336
-420.663632120799
-420.663633393894
-420.663634646668
-420.663635874595
-420.663637075134
-420.663626279134
-420.663627430797
-420.663628558024
-420.663629657542
-420.663630722487
-420.663631745291
-420.663632721105
-420.663633649868
-420.663634535610
-420.663635383778
-420.663626279789
-420.663627065063
-420.663627818246
-420.663628540050
-420.663629233000
-420.663629900929
-420.663630546767
-420.663631170776
-420.663631770465
-420.663632342534
-420.663625568290
-420.663626087416
-420.663626585710
-420.663627069992
-420.663627545735
-420.663628016011
-420.663628482118
-420.663628945285
-420.663629407657
-420.663629871910
-420.663624810049
-420.663625282775
-420.663625754541
-420.663626221172
-420.663626680375
-420.663627133280
-420.663627584152
-420.663628038394
-420.663628500181
-420.663628971320
-420.663625105331
-420.663625597575
-420.663626098959
-420.663626610494
-420.663627132577
-420.663627663801
-420.663628200771
-420.663628739421
-420.663629277198
-420.663629814534
-420.663626127010
-420.663626678183
-420.663627241762
-420.663627820222
-420.663628414093
-420.663629022775
-420.663629645649
-420.663630282318
-420.663630932148
-420.663631593627
-420.663626638054
-420.663627317522
-420.663628001963
-420.663628692035
-420.663629390475
-420.663630101072
-420.663630827239
-420.663631570942
-420.663632332603
-420.663633111465
-420.663626655914
-420.663627467269
-420.663628291303
-420.663629125869
-420.663629968803
-420.663630818468
-420.663631674689
-420.663632538937
-420.663633413943
-420.663634302639
-420.663626428298
-420.663627350565
-420.663628287619
-420.663629237212
-420.663630196817
-420.663631164088
-420.663632137027
-420.663633114068
-420.663634094039
-420.663635076378
-420.663625936486
-420.663626927087
-420.663627922354
-420.663628923152
-420.663629929466
-420.663630940102
-420.663631952531
-420.663632963344
-420.663633968845
-420.663634965853
-420.663625637793
-420.663626616889
-420.663627587161
-420.663628551255
-420.663629511637
-420.663630469612
-420.663631424750
-420.663632375134
-420.663633318265
-420.663634252022
-420.663626284504
-420.663627199394
-420.663628102397
-420.663628992861
-420.663629870410
-420.663630735797
-420.663631591589
-420.663632441772
-420.663633290450
-420.663634139842
-420.663628511673
-420.663629358892
-420.663630195503
-420.663631016360
-420.663631818972
-420.663632603905
-420.663633373679
-420.663634130972
-420.663634877274
-420.663635612771
-420.663631810568
-420.663632526166
-420.663633230880
-420.663633924831
-420.663634606783
-420.663635273459
-420.663635920083
-420.663636542130
-420.663637137173
-420.663637706076
-420.663634735589
-420.663635267689
-420.663635787896
-420.663636299662
-420.663636804453
-420.663637302251
-420.663637792481
-420.663638274777
-420.663638749514
-420.663639217816
-420.663636619795
-420.663637083626
-420.663637548593
-420.663638018305
-420.663638496843
-420.663638988552
-420.663639497944
-420.663640029388
-420.663640586524
-420.663641171737
-420.663638035905
-420.663638679417
-420.663639349022
-420.663640043606
-420.663640763594
-420.663641511219
-420.663642289603
-420.663643101233
-420.663643946641
-420.663644824082
-420.663639651594
-420.663640586295
-420.663641545241
-420.663642527675
-420.663643532607
-420.663644557604
-420.663645598118
-420.663646648433
-420.663647703318
-420.663648759643
-420.663641409625
-420.663642470803
-420.663643533596
-420.663644596088
-420.663645654256
-420.663646703235
-420.663647738970
-420.663648759383
-420.663649764161
-420.663650753569
-420.663642786383
-420.663643745234
-420.663644685461
-420.663645606641
-420.663646510256
-420.663647399516
-420.663648277965
-420.663649148082
-420.663650010366
-420.663650863720
-420.663643507543
-420.663644340745
-420.663645163046
-420.663645976266
-420.663646782993
-420.663647586000
-420.663648388120
-420.663649192366
-420.663650001762
-420.663650818850
-420.663643953879
-420.663644790480
-420.663645633175
-420.663646478645
-420.663647323832
-420.663648166857
-420.663649007444
-420.663649846693
-420.663650686495
-420.663651529160
-420.663644328320
-420.663645186535
-420.663646053989
-420.663646931092
-420.663647816303
-420.663648706018
-420.663649595461
-420.663650480173
-420.663651357571
-420.663652227932
-420.663643807282
-420.663644676848
-420.663645551638
-420.663646435550
-420.663647331270
-420.663648240465
-420.663649164051
-420.663650102106
-420.663651053730
-420.663652016890
-420.663641677006
-420.663642658785
-420.663643646978
-420.663644643628
-420.663645652949
-420.663646680053
-420.663647729376
-420.663648803477
-420.663649902763
-420.663651026145
-420.663639081027
-420.663640250697
-420.663641439654
-420.663642646320
-420.663643868731
-420.663645104923
-420.663646353483
-420.663647614327
-420.663648888881
-420.663650179389
-420.663637820401
-420.663639150378
-420.663640498287
-420.663641862187
-420.663643239970
-420.663644630162
-420.663646032101
-420.663647445287
-420.663648868789
-420.663650300745
-420.663638500946
-420.663639945994
-420.663641394410
-420.663642846962
-420.663644305455
-420.663645771474
-420.663647245470
-420.663648726279
-420.663650211506
-420.663651698105
-420.663641120619
-420.663642604684
-420.663644081371
-420.663645547523
-420.663646999933
-420.663648435824
-420.663649853436
-420.663651252321
-420.663652632965
-420.663653996042
-420.663645406358
-420.663646735987
-420.663648043810
-420.663649326233
-420.663650579494
-420.663651800167
-420.663652985713
-420.663654134940
-420.663655248478
-420.663656328792
-420.663650004994
-420.663651034218
-420.663652041550
-420.663653028345
-420.663653994177
-420.663654937822
-420.663655858760
-420.663656758097
-420.663657638551
-420.663658503484
-420.663652969838
-420.663653815729
-420.663654653382
-420.663655485999
-420.663656318340
-420.663657155767
-420.663658002313
-420.663658858552
-420.663659721253
-420.663660585186
-420.663653838252
-420.663654700705
-420.663655564929
-420.663656438047
-420.663657326199
-420.663658231512
-420.663659151569
-420.663660081686
-420.663661018090
-420.663661960099
-420.663653130146
-420.663654094429
-420.663655069003
-420.663656051184
-420.663657037384
-420.663658026412
-420.663659021814
-420.663660031430
-420.663661063962
-420.663662124843
-420.663651493186
-420.663652610192
-420.663653744373
-420.663654892908
-420.663656058217
-420.663657246837
-420.663658466110
-420.663659720937
-420.663661012745
-420.663662340824
-420.663650543918
-420.663651950878
-420.663653399223
-420.663654891740
-420.663656428194
-420.663658004892
-420.663659616247
-420.663661257523
-420.663662926851
-420.663664625285
-420.663651688252
-420.663653454692
-420.663655250666
-420.663657071530
-420.663658911800
-420.663660766653
-420.663662632373
-420.663664505701
-420.663666382836
-420.663668259218
-420.663654624695
-420.663656491311
-420.663658346035
-420.663660187230
-420.663662013005
-420.663663820279
-420.663665605146
-420.663667364107
-420.663669095570
-420.663670800170
-420.663657392655
-420.663659053423
-420.663660690035
-420.663662300100
-420.663663880792
-420.663665430765
-420.663666950897
-420.663668443796
-420.663669912135
-420.663671357350
-420.663658747920
-420.663660151933
-420.663661535272
-420.663662902171
-420.663664257920
-420.663665606613
-420.663666949109
-420.663668282821
-420.663669603305
-420.663670906980
-420.663659660674
-420.663660936145
-420.663662201889
-420.663663462828
-420.663664722415
-420.663665982248
-420.663667242692
-420.663668503728
-420.663669765101
-420.663671025926
-420.663660979233
-420.663662235909
-420.663663484559
-420.663664723815
-420.663665954647
-420.663667180252
-420.663668405089
-420.663669633460
-420.663670868429
-420.663672111159
-420.663662107081
-420.663663365866
-420.663664626506
-420.663665885516
-420.663667140120
-420.663668389461
-420.663669635329
-420.663670882090
-420.663672135274
-420.663673399752
-420.663662697245
-420.663663992780
-420.663665299569
-420.663666614912
-420.663667936819
-420.663669264421
-420.663670597442
-420.663671935678
-420.663673279108
-420.663674628657
-420.663663869665
-420.663665244697
-420.663666637817
-420.663668051897
-420.663669486156
-420.663670936071
-420.663672395239
-420.663673858127
-420.663675322469
-420.663676789725
-420.663666513708
-420.663668002286
-420.663669504827
-420.663671022585
-420.663672555825
-420.663674104493
-420.663675668176
-420.663677245252
-420.663678832096
-420.663680423326
-420.663669502804
-420.663671091965
-420.663672676555
-420.663674260361
-420.663675849027
-420.663677447511
-420.663679058135
-420.663680680353
-420.663682311530
-420.663683948342
-420.663671370368
-420.663673013028
-420.663674651259
-420.663676281288
-420.663677900200
-420.663679507379
-420.663681105247
-420.663682698647
-420.663684292826
-420.663685891059
-420.663672699107
-420.663674307607
-420.663675913326
-420.663677512605
-420.663679102955
-420.663680682682
-420.663682249813
-420.663683801735
-420.663685335844
-420.663686851081
-420.663674664091
-420.663676153365
-420.663677633552
-420.663679107474
-420.663680574838
-420.663682032537
-420.663683476375
-420.663684902996
-420.663686310780
-420.663687699096
-420.663676811511
-420.663678160466
-420.663679483041
-420.663680776774
-420.663682041978
-420.663683282494
-420.663684504309
-420.663685712761
-420.663686910134
-420.663688094665
-420.663679028190
-420.663680176725
-420.663681300226
-420.663682397832
-420.663683469656
-420.663684515141
-420.663685532537
-420.663686520002
-420.663687477739
-420.663688409565
-420.663682322779
-420.663683227137
-420.663684124409
-420.663685013412
-420.663685887639
-420.663686738175
-420.663687557711
-420.663688343435
-420.663689097263
-420.663689823723
-420.663685838393
-420.663686522464
-420.663687184737
-420.663687825097
-420.663688445370
-420.663689049265
-420.663689640151
-420.663690217946
-420.663690777276
-420.663691308690
-420.663687488324
-420.663687942949
-420.663688357856
-420.663688741864
-420.663689105810
-420.663689457233
-420.663689797187
-420.663690120838
-420.663690421090
-420.663690692878
-420.663686460592
-420.663686680010
-420.663686874862
-420.663687044817
-420.663687186907
-420.663687298331
-420.663687380371
-420.663687440262
-420.663687489441
-420.663687538673
-420.663682974254
-420.663683033900
-420.663683085870
-420.663683120770
-420.663683134786
-420.663683132143
-420.663683123332
-420.663683120110
-420.663683130865
-420.663683159084
-420.663678057346
-420.663678126013
-420.663678218426
-420.663678341568
-420.663678501535
-420.663678699962
-420.663678933068
-420.663679194503
-420.663679480364
-420.663679793182
-420.663673511878
-420.663673913088
-420.663674374152
-420.663674899399
-420.663675486512
-420.663676129684
-420.663676824087
-420.663677568469
-420.663678364677
-420.663679214574
-420.663671805521
-420.663672759551
-420.663673756172
-420.663674791798
-420.663675867126
-420.663676986044
-420.663678152142
-420.663679364925
-420.663680618420
-420.663681903009
-420.663674579411
-420.663675906333
-420.663677248519
-420.663678606858
-420.663679980498
-420.663681364627
-420.663682750924
-420.663684130783
-420.663685498715
-420.663686853546
-420.663679564919
-420.663680901141
-420.663682223742
-420.663683526399
-420.663684801911
-420.663686045635
-420.663687257304
-420.663688439731
-420.663689595383
-420.663690723027
-420.663682740777
-420.663683795830
-420.663684804227
-420.663685766353
-420.663686688166
-420.663687577934
-420.663688441682
-420.663689280490
-420.663690091030
-420.663690869126
-420.663683358658
-420.663684074555
-420.663684766614
-420.663685440651
-420.663686098942
-420.663686739948
-420.663687361157
-420.663687962818
-420.663688550148
-420.663689132003
-420.663683107365
-420.663683701717
-420.663684302042
-420.663684902942
-420.663685499682
-420.663686092026
-420.663686685386
-420.663687288289
-420.663687908044
-420.663688547491
-420.663683301617
-420.663683974071
-420.663684656104
-420.663685347410
-420.663686050310
-420.663686767105
-420.663687497755
-420.663688239445
-420.663688988570
-420.663689743909
-420.663684091351
-420.663684874519
-420.663685680065
-420.663686511217
-420.663687365660
-420.663688236460
-420.663689115298
-420.663689996110
-420.663690877130
-420.663691760597
-420.663685307614
-420.663686210898
-420.663687127019
-420.663688057580
-420.663689004160
-420.663689968849
-420.663690953284
-420.663691957069
-420.663692976587
-420.663694005177
-420.663687698072
-420.663688725836
-420.663689745805
-420.663690759236
-420.663691770115
-420.663692782765
-420.663693799760
-420.663694820837
-420.663695843045
-420.663696861826
-420.663691571406
-420.663692571192
-420.663693552456
-420.663694510376
-420.663695440286
-420.663696338079
-420.663697200878
-420.663698027562
-420.663698818673
-420.663699575756
-420.663695004400
-420.663695699062
-420.663696359496
-420.663696982748
-420.663697565753
-420.663698106564
-420.663698605190
-420.663699063274
-420.663699483045
-420.663699866051
-420.663695432142
-420.663695743918
-420.663696018593
-420.663696258048
-420.663696466631
-420.663696650313
-420.663696815202
-420.663696966095
-420.663697105881
-420.663697236288
-420.663693531721
-420.663693651168
-420.663693767766
-420.663693883257
-420.663693997646
-420.663694109436
-420.663694217292
-420.663694322020
-420.663694427771
-420.663694541400
-420.663692374508
-420.663692525285
-420.663692696395
-420.663692884765
-420.663693085579
-420.663693294441
-420.663693508508
-420.663693726015
-420.663693945274
-420.663694164158
-420.663693102440
-420.663693319284
-420.663693535740
-420.663693755828
-420.663693982988
-420.663694217470
-420.663694455008
-420.663694688092
-420.663694908985
-420.663695112872
-420.663693839807
-420.663694013920
-420.663694176178
-420.663694328250
-420.663694469845
-420.663694600225
-420.663694719846
-420.663694830889
-420.663694935704
-420.663695034592
-420.663692742182
-420.663692820284
-420.663692880129
-420.663692922022
-420.663692951786
-420.663692978762
-420.663693011519
-420.663693054110
-420.663693104966
-420.663693158968
-420.663690797655
-420.663690848628
-420.663690897878
-420.663690948584
-420.663691002647
-420.663691059877
-420.663691119235
-420.663691181588
-420.663691251266
-420.663691335059
-420.663689845148
-420.663689972710
-420.663690116690
-420.663690267868
-420.663690416960
-420.663690558700
-420.663690693546
-420.663690826171
-420.663690962015
-420.663691104396
-420.663690164743
-420.663690322366
-420.663690484512
-420.663690651490
-420.663690824013
-420.663691001355
-420.663691180052
-420.663691354490
-420.663691519277
-420.663691671766
-420.663690675720
-420.663690813631
-420.663690949918
-420.663691087773
-420.663691227777
-420.663691368769
-420.663691509382
-420.663691649115
-420.663691788234
-420.663691926723
-420.663691182686
-420.663691319178
-420.663691450374
-420.663691575843
-420.663691696705
-420.663691814650
-420.663691930575
-420.663692043669
-420.663692151980
-420.663692253927
-420.663692535815
-420.663692630711
-420.663692724140
-420.663692817357
-420.663692908878
-420.663692994841
-420.663693070729
-420.663693133510
-420.663693182607
-420.663693219394
-420.663694003979
-420.663694023389
-420.663694032401
-420.663694030719
-420.663694019720
-420.663694002918
-420.663693984869
-420.663693968875
-420.663693955020
-420.663693939924
-420.663694492832
-420.663694464250
-420.663694424987
-420.663694378862
-420.663694332426
-420.663694292379
-420.663694263361
-420.663694247247
-420.663694244026
-420.663694253359
-420.663694742995
-420.663694782389
-420.663694836887
-420.663694906404
-420.663694989590
-420.663695084867
-420.663695191968
-420.663695313055
-420.663695452626
-420.663695616034
-420.663695805884
-420.663696028494
-420.663696277133
-420.663696546811
-420.663696832434
-420.663697130911
-420.663697442159
-420.663697768576
-420.663698113417
-420.663698478949
-420.663697614350
-420.663698022614
-420.663698447411
-420.663698886393
-420.663699338077
-420.663699801339
-420.663700274510
-420.663700754716
-420.663701238150
-420.663701721388
-420.663700251489
-420.663700735258
-420.663701221139
-420.663701711640
-420.663702206767
-420.663702702644
-420.663703192356
-420.663703668120
-420.663704124098
-420.663704558067
-420.663703672743
-420.663704070820
-420.663704452496
-420.663704817480
-420.663705163541
-420.663705487922
-420.663705788881
-420.663706066069
-420.663706319785
-420.663706549557
-420.663706198248
-420.663706376031
-420.663706521654
-420.663706635117
-420.663706720011
-420.663706782566
-420.663706829398
-420.663706864795
-420.663706889489
-420.663706901232
-420.663706275193
-420.663706258140
-420.663706225870
-420.663706183029
-420.663706135265
-420.663706087372
-420.663706042264
-420.663706001374
-420.663705965892
-420.663705937918
-420.663705209675
-420.663705210322
-420.663705226001
-420.663705256009
-420.663705297890
-420.663705349147
-420.663705408862
-420.663705478793
-420.663705562620
-420.663705664061
-420.663705561461
-420.663705704457
-420.663705860777
-420.663706024938
-420.663706192376
-420.663706360614
-420.663706529139
-420.663706698129
-420.663706867163
-420.663707034456
-420.663706925584
-420.663707085667
-420.663707237277
-420.663707380216
-420.663707514696
-420.663707640331
-420.663707755475
-420.663707857577
-420.663707944428
-420.663708015256
-420.663706832923
-420.663706880765
-420.663706920642
-420.663706955167
-420.663706985447
-420.663707011408
-420.663707032967
-420.663707051025
-420.663707067975
-420.663707087464
-420.663705250885
-420.663705289870
-420.663705342503
-420.663705411172
-420.663705497661
-420.663705603187
-420.663705728424
-420.663705873374
-420.663706037687
-420.663706221026
-420.663704639893
-420.663704864196
-420.663705109885
-420.663705378179
-420.663705669582
-420.663705983532
-420.663706318506
-420.663706672084
-420.663707041173
-420.663707421867
-420.663705915496
-420.663706305900
-420.663706693152
-420.663707073830
-420.663707446617
-420.663707812195
-420.663708172074
-420.663708526836
-420.663708874823
-420.663709211964
-420.663707617438
-420.663707918538
-420.663708195687
-420.663708448267
-420.663708677043
-420.663708882786
-420.663709065393
-420.663709224143
-420.663709358951
-420.663709471431
-420.663708953118
-420.663709034494
-420.663709104014
-420.663709161774
-420.663709205338
-420.663709231564
-420.663709239019
-420.663709229573
-420.663709208020
-420.663709179880
-420.663710656779
-420.663710625778
-420.663710588635
-420.663710541455
-420.663710482001
-420.663710410935
-420.663710330938
-420.663710244465
-420.663710151725
-420.663710050211
-420.663713120385
-420.663712994270
-420.663712852393
-420.663712696381
-420.663712527639
-420.663712345024
-420.663712143943
-420.663711917824
-420.663711661148
-420.663711372122
-420.663714878202
-420.663714538579
-420.663714179266
-420.663713801573
-420.663713403102
-420.663712979511
-420.663712527232
-420.663712045265
-420.663711534827
-420.663710997550
-420.663714201666
-420.663713612862
-420.663712993544
-420.663712343893
-420.663711667705
-420.663710971473
-420.663710261632
-420.663709541524
-420.663708810040
-420.663708062940
-420.663711415335
-420.663710631248
-420.663709827934
-420.663709009802
-420.663708180918
-420.663707343391
-420.663706497662
-420.663705644456
-420.663704786663
-420.663703929689
-420.663707394647
-420.663706560087
-420.663705737155
-420.663704923665
-420.663704117403
-420.663703319109
-420.663702533597
-420.663701768323
-420.663701030280
-420.663700323323
-420.663702861482
-420.663702219717
-420.663701608295
-420.663701030399
-420.663700491382
-420.663699996187
-420.663699546777
-420.663699141572
-420.663698777292
-420.663698451832
-420.663699086386
-420.663698845976
-420.663698651670
-420.663698503201
-420.663698395868
-420.663698322235
-420.663698275576
-420.663698252712
-420.663698254448
-420.663698283395
-420.663696617896
-420.663696701797
-420.663696804545
-420.663696918700
-420.663697038681
-420.663697162146
-420.663697288889
-420.663697418536
-420.663697548500
-420.663697673969
-420.663694729182
-420.663694834945
-420.663694930218
-420.663695019436
-420.663695107531
-420.663695197055
-420.663695287130
-420.663695374429
-420.663695455614
-420.663695529790
-420.663692705333
-420.663692777058
-420.663692854173
-420.663692940667
-420.663693038770
-420.663693149629
-420.663693274530
-420.663693415706
-420.663693576260
-420.663693759263
-420.663691335591
-420.663691570338
-420.663691828777
-420.663692109207
-420.663692410630
-420.663692733672
-420.663693080631
-420.663693454698
-420.663693858460
-420.663694292417
-420.663691190254
-420.663691678697
-420.663692185806
-420.663692708260
-420.663693245380
-420.663693798746
-420.663694370337
-420.663694960438
-420.663695566738
-420.663696185242
-420.663690901693
-420.663691541263
-420.663692191830
-420.663692857363
-420.663693540144
-420.663694238638
-420.663694947638
-420.663695661118
-420.663696375939
-420.663697093878
-420.663689208543
-420.663689955146
-420.663690720370
-420.663691502849
-420.663692298220
-420.663693103044
-420.663693917985
-420.663694748156
-420.663695600088
-420.663696477434
-420.663687061157
-420.663687982532
-420.663688913572
-420.663689851154
-420.663690798314
-420.663691762601
-420.663692751675
-420.663693769116
-420.663694813282
-420.663695879542
-420.663687017477
-420.663688124053
-420.663689252191
-420.663690405094
-420.663691582493
-420.663692779499
-420.663693988975
-420.663695205671
-420.663696429788
-420.663697667142
-420.663689842622
-420.663691133720
-420.663692453493
-420.663693797601
-420.663695159278
-420.663696532850
-420.663697915634
-420.663699307212
-420.663700707166
-420.663702113533
-420.663693876945
-420.663695291959
-420.663696707929
-420.663698128740
-420.663699559541
-420.663701003412
-420.663702458772
-420.663703919211
-420.663705376068
-420.663706821921
-420.663697350622
-420.663698771400
-420.663700179309
-420.663701576046
-420.663702961981
-420.663704336711
-420.663705700255
-420.663707053577
-420.663708397523
-420.663709730895
-420.663699776484
-420.663701075836
-420.663702344718
-420.663703578214
-420.663704776243
-420.663705943026
-420.663707084434
-420.663708204564
-420.663709303772
-420.663710378693
-420.663701855456
-420.663702870417
-420.663703847648
-420.663704784519
-420.663705678304
-420.663706525802
-420.663707324395
-420.663708073874
-420.663708777687
-420.663709442491
-420.663703377526
-420.663703987915
-420.663704571970
-420.663705125286
-420.663705641091
-420.663706113727
-420.663706541409
-420.663706927018
-420.663707276904
-420.663707598836
-420.663703206943
-420.663703498250
-420.663703782382
-420.663704065842
-420.663704354838
-420.663704654074
-420.663704965450
-420.663705287845
-420.663705618318
-420.663705954555
-420.663701434866
-420.663701793055
-420.663702172090
-420.663702582118
-420.663703031671
-420.663703525655
-420.663704065017
-420.663704647756
-420.663705270530
-420.663705929866
-420.663700090329
-420.663700816766
-420.663701568736
-420.663702341890
-420.663703132629
-420.663703939200
-420.663704762088
-420.663705603149
-420.663706463864
-420.663707343388
-420.663700597081
-420.663701503615
-420.663702409361
-420.663703306722
-420.663704190256
-420.663705056709
-420.663705904190
-420.663706731116
-420.663707535686
-420.663708316356
-420.663701464911
-420.663702202817
-420.663702920916
-420.663703622489
-420.663704309358
-420.663704980871
-420.663705634150
-420.663706265375
-420.663706871734
-420.663707452585
-420.663700965131
-420.663701504870
-420.663702027253
-420.663702535217
-420.663703031372
-420.663703518543
-420.663704000224
-420.663704480101
-420.663704960833
-420.663705442729
-420.663699611523
-420.663700088488
-420.663700554073
-420.663701005022
-420.663701441252
-420.663701865845
-420.663702283752
-420.663702700067
-420.663703118653
-420.663703541599
-420.663698627537
-420.663699062648
-420.663699501186
-420.663699941189
-420.663700379939
-420.663700814407
-420.663701242469
-420.663701664248
-420.663702083082
-420.663702505313
-420.663698150275
-420.663698605796
-420.663699085516
-420.663699591603
-420.663700123462
-420.663700678868
-420.663701255344
-420.663701850982
-420.663702465025
-420.663703097904
-420.663698470977
-420.663699152364
-420.663699862526
-420.663700606921
-420.663701390404
-420.663702215700
-420.663703082273
-420.663703986344
-420.663704921898
-420.663705882668
-420.663700348162
-420.663701351082
-420.663702370845
-420.663703407765
-420.663704462423
-420.663705535118
-420.663706625924
-420.663707734761
-420.663708861164
-420.663710003554
-420.663703207508
-420.663704374859
-420.663705543402
-420.663706707398
-420.663707863330
-420.663709010826
-420.663710152076
-420.663711290466
-420.663712428648
-420.663713567432
-420.663705689535
-420.663706830944
-420.663707968397
-420.663709101191
-420.663710229222
-420.663711352129
-420.663712468482
-420.663713575806
-420.663714671392
-420.663715753593
-420.663707501770
-420.663708565358
-420.663709620884
-420.663710670381
-420.663711713828
-420.663712748821
-420.663713771508
-420.663714777993
-420.663715765471
-420.663716732515
-420.663709156394
-420.663710084515
-420.663710988125
-420.663711864262
-420.663712710477
-420.663713526227
-420.663714313805
-420.663715077586
-420.663715822268
-420.663716550553
-420.663710038921
-420.663710732893
-420.663711401095
-420.663712039960
-420.663712649165
-420.663713231852
-420.663713793375
-420.663714339270
-420.663714874028
-420.663715401034
-420.663709909350
-420.663710435503
-420.663710967246
-420.663711509449
-420.663712064108
-420.663712629132
-420.663713199026
-420.663713767597
-420.663714331471
-420.663714892365
-420.663710474902
-420.663711055123
-420.663711655018
-420.663712277862
-420.663712922313
-420.663713583880
-420.663714257194
-420.663714937357
-420.663715619919
-420.663716299937
-420.663712751380
-420.663713411547
-420.663714051797
-420.663714670570
-420.663715270262
-420.663715855705
-420.663716431179
-420.663716997627
-420.663717551376
-420.663718085023
-420.663715378205
-420.663715850486
-420.663716281412
-420.663716668645
-420.663717011711
-420.663717311286
-420.663717569067
-420.663717787910
-420.663717971602
-420.663718124099
-420.663716219025
-420.663716318617
-420.663716388760
-420.663716426790
-420.663716430348
-420.663716398608
-420.663716332392
-420.663716233576
-420.663716104415
-420.663715947222
-420.663714894855
-420.663714692997
-420.663714472825
-420.663714237650
-420.663713989232
-420.663713727465
-420.663713451163
-420.663713159562
-420.663712853682
-420.663712536456
-420.663712486197
-420.663712158719
-420.663711826515
-420.663711488122
-420.663711142045
-420.663710788528
-420.663710430331
-420.663710071781
-420.663709716824
-420.663709367621
-420.663710402021
-420.663710066336
-420.663709736112
-420.663709412937
-420.663709098831
-420.663708794444
-420.663708497789
-420.663708204758
-420.663707911206
-420.663707615394
-420.663709997407
-420.663709707285
-420.663709425296
-420.663709153033
-420.663708888566
-420.663708627447
-420.663708365093
-420.663708098356
-420.663707825670
-420.663707545827
-420.663711496381
-420.663711196910
-420.663710881610
-420.663710549685
-420.663710203612
-420.663709848033
-420.663709487278
-420.663709122741
-420.663708751921
-420.663708370050
-420.663713389500
-420.663712978936
-420.663712554510
-420.663712120986
-420.663711683160
-420.663711244400
-420.663710806755
-420.663710372383
-420.663709944728
-420.663709528189
-420.663713686041
-420.663713303910
-420.663712936066
-420.663712578825
-420.663712229363
-420.663711887985
-420.663711558574
-420.663711246837
-420.663710957381
-420.663710691502
-420.663712711206
-420.663712486367
-420.663712272976
-420.663712066877
-420.663711864505
-420.663711661756
-420.663711453344
-420.663711233327
-420.663710996826
-420.663710741525
-420.663711580851
-420.663711294113
-420.663710990997
-420.663710668593
-420.663710320611
-420.663709939345
-420.663709518290
-420.663709054056
-420.663708546540
-420.663707997590
-420.663709225413
-420.663708603331
-420.663707945202
-420.663707253737
-420.663706533370
-420.663705789795
-420.663705028289
-420.663704252252
-420.663703462759
-420.663702659793
-420.663705362573
-420.663704543133
-420.663703723172
-420.663702912198
-420.663702119266
-420.663701350800
-420.663700610033
-420.663699897978
-420.663699215169
-420.663698563171
-420.663702781277
-420.663702203359
-420.663701664786
-420.663701166311
-420.663700707309
-420.663700286877
-420.663699904929
-420.663699562560
-420.663699261166
-420.663699000866
-420.663704108371
-420.663703923352
-420.663703763988
-420.663703622987
-420.663703495365
-420.663703379219
-420.663703275031
-420.663703183731
-420.663703104475
-420.663703033580
-420.663708247762
-420.663708179188
-420.663708101788
-420.663708013321
-420.663707913327
-420.663707801227
-420.663707674452
-420.663707528049
-420.663707356055
-420.663707153896
-420.663711461727
-420.663711202671
-420.663710918276
-420.663710610889
-420.663710279507
-420.663709919878
-420.663709526961
-420.663709097857
-420.663708633467
-420.663708137688
-420.663711212015
-420.663710664988
-420.663710087559
-420.663709473636
-420.663708818261
-420.663708120993
-420.663707386826
-420.663706624231
-420.663705841067
-420.663705041414
-420.663707456793
-420.663706623731
-420.663705768780
-420.663704893078
-420.663704000473
-420.663703095188
-420.663702178953
-420.663701250306
-420.663700306634
-420.663699347817
-420.663701592165
-420.663700627805
-420.663699676522
-420.663698748158
-420.663697846395
-420.663696968607
-420.663696108915
-420.663695262410
-420.663694428071
-420.663693608794
-420.663695848196
-420.663695074721
-420.663694325245
-420.663693599953
-420.663692900485
-420.663692231411
-420.663691599203
-420.663691009123
-420.663690461857
-420.663689952209
-420.663693425238
-420.663692966943
-420.663692523052
-420.663692094050
-420.663691684169
-420.663691297863
-420.663690936748
-420.663690598885
-420.663690280531
-420.663689978754
-420.663695878551
-420.663695613284
-420.663695364106
-420.663695127685
-420.663694897829
-420.663694667921
-420.663694434072
-420.663694196912
-420.663693960411
-420.663693728689
-420.663701237433
-420.663701017180
-420.663700791314
-420.663700553039
-420.663700298896
-420.663700029632
-420.663699748209
-420.663699456691
-420.663699154195
-420.663698837085
-420.663706593538
-420.663706240732
-420.663705867436
-420.663705475146
-420.663705063715
-420.663704629658
-420.663704166828
-420.663703669285
-420.663703134611
-420.663702565358
-420.663709135490
-420.663708519221
-420.663707884267
-420.663707229615
-420.663706551495
-420.663705846486
-420.663705113903
-420.663704356305
-420.663703577594
-420.663702780670
-420.663707292821
-420.663706463971
-420.663705618263
-420.663704759574
-420.663703894845
-420.663703031936
-420.663702176833
-420.663701331942
-420.663700496719
-420.663699670119
-420.663702770309
-420.663701971497
-420.663701193347
-420.663700441469
-420.663699718354
-420.663699022853
-420.663698351929
-420.663697703422
-420.663697077943
-420.663696478873
-420.663699332591
-420.663698801995
-420.663698305452
-420.663697841181
-420.663697406922
-420.663697001352
-420.663696624068
-420.663696274088
-420.663695947801
-420.663695638221
-420.663699072102
-420.663698772820
-420.663698467219
-420.663698155533
-420.663697842374
-420.663697533602
-420.663697232888
-420.663696939446
-420.663696648124
-420.663696351375
-420.663700603851
-420.663700280845
-420.663699935889
-420.663699566339
-420.663699169614
-420.663698743591
-420.663698288022
-420.663697806309
-420.663697305845
-420.663696796256
-420.663701523908
-420.663701021472
-420.663700519433
-420.663700010248
-420.663699485170
-420.663698938639
-420.663698370853
-420.663697787525
-420.663697197107
-420.663696607466
-420.663700682421
-420.663700111778
-420.663699552314
-420.663699007169
-420.663698480201
-420.663697974140
-420.663697488396
-420.663697018335
-420.663696557009
-420.663696098944
-420.663698155416
-420.663697711292
-420.663697283941
-420.663696881613
-420.663696508125
-420.663696161454
-420.663695835663
-420.663695524504
-420.663695224371
-420.663694934940
-420.663694436218
-420.663694173693
-420.663693920631
-420.663693673364
-420.663693429378
-420.663693189207
-420.663692956245
-420.663692734205
-420.663692523906
-420.663692321671
-420.663690618469
-420.663690414675
-420.663690201155
-420.663689978795
-420.663689751516
-420.663689523069
-420.663689294455
-420.663689063487
-420.663688826769
-420.663688582286
-420.663687508157
-420.663687256413
-420.663687002677
-420.663686746603
-420.663686485400
-420.663686215832
-420.663685937133
-420.663685652285
-420.663685366983
-420.663685086737
-420.663685020362
-420.663684758504
-420.663684499900
-420.663684242656
-420.663683988409
-420.663683742074
-420.663683509527
-420.663683294516
-420.663683097190
-420.663682914955
-420.663684062808
-420.663683909367
-420.663683770463
-420.663683649991
-420.663683550617
-420.663683472156
-420.663683411933
-420.663683366929
-420.663683335924
-420.663683320349
-420.663686063299
-420.663686089546
-420.663686133212
-420.663686188831
-420.663686249377
-420.663686308961
-420.663686364840
-420.663686417500
-420.663686469025
-420.663686520956
-420.663690921882
-420.663690975988
-420.663691023913
-420.663691062441
-420.663691089249
-420.663691102767
-420.663691101433
-420.663691083351
-420.663691046611
-420.663690990103
-420.663696316094
-420.663696228839
-420.663696128753
-420.663696019975
-420.663695905659
-420.663695787227
-420.663695664250
-420.663695535097
-420.663695398053
-420.663695252520
-420.663699872996
-420.663699721007
-420.663699570026
-420.663699425271
-420.663699291091
-420.663699170224
-420.663699063635
-420.663698971145
-420.663698892105
-420.663698825920
-420.663701188561
-420.663701150241
-420.663701123143
-420.663701106992
-420.663701102514
-420.663701111887
-420.663701138384
-420.663701185345
-420.663701254548
-420.663701345242
-420.663700287030
-420.663700413292
-420.663700549877
-420.663700695165
-420.663700849956
-420.663701016596
-420.663701197912
-420.663701396286
-420.663701613501
-420.663701851047
-420.663697516061
-420.663697801796
-420.663698110248
-420.663698439994
-420.663698788572
-420.663699153664
-420.663699534440
-420.663699932373
-420.663700350892
-420.663700793878
-420.663695396904
-420.663695899605
-420.663696429466
-420.663696984305
-420.663697561664
-420.663698159182
-420.663698774344
-420.663699404110
-420.663700045247
-420.663700694945
-420.663696945887
-420.663697614125
-420.663698290455
-420.663698974900
-420.663699665141
-420.663700356210
-420.663701041309
-420.663701713699
-420.663702368086
-420.663703001191
-420.663701548412
-420.663702137273
-420.663702699170
-420.663703231793
-420.663703733286
-420.663704202639
-420.663704639410
-420.663705042470
-420.663705408996
-420.663705734290
-420.663705663262
-420.663705894039
-420.663706072078
-420.663706198801
-420.663706277556
-420.663706311710
-420.663706303221
-420.663706252404
-420.663706158760
-420.663706022218
-420.663707117075
-420.663706900925
-420.663706644611
-420.663706347702
-420.663706009146
-420.663705628715
-420.663705208447
-420.663704753142
-420.663704269221
-420.663703762844
-420.663706185993
-420.663705647607
-420.663705091884
-420.663704518480
-420.663703928439
-420.663703324391
-420.663702709585
-420.663702086671
-420.663701457000
-420.663700821198
-420.663703781245
-420.663703141457
-420.663702503339
-420.663701871486
-420.663701249315
-420.663700637939
-420.663700036286
-420.663699442266
-420.663698854307
-420.663698272336
-420.663700389412
-420.663699826718
-420.663699273087
-420.663698727652
-420.663698188573
-420.663697654220
-420.663697124109
-420.663696599064
-420.663696080605
-420.663695569814
-420.663696854509
-420.663696360020
-420.663695868871
-420.663695378669
-420.663694887736
-420.663694395411
-420.663693901750
-420.663693407076
-420.663692911657
-420.663692415742
-420.663693717464
-420.663693225354
-420.663692736129
-420.663692251959
-420.663691774999
-420.663691306760
-420.663690847935
-420.663690398284
-420.663689957108
-420.663689523930
-420.663690418443
-420.663690006947
-420.663689608991
-420.663689228456
-420.663688869129
-420.663688533827
-420.663688224057
-420.663687940331
-420.663687682770
-420.663687451699
-420.663687378868
-420.663687207180
-420.663687064247
-420.663686949898
-420.663686863450
-420.663686804434
-420.663686773215
-420.663686771152
-420.663686799986
-420.663686860689
-420.663686161660
-420.663686286184
-420.663686435266
-420.663686605043
-420.663686792701
-420.663686996635
-420.663687215894
-420.663687448996
-420.663687693353
-420.663687945231
-420.663687231008
-420.663687490084
-420.663687746154
-420.663687996780
-420.663688239281
-420.663688470127
-420.663688684973
-420.663688879456
-420.663689049800
-420.663689193191
-420.663688882632
-420.663688969029
-420.663689020957
-420.663689035291
-420.663689009374
-420.663688941789
-420.663688832643
-420.663688682920
-420.663688493740
-420.663688265636
-420.663688903220
-420.663688601008
-420.663688260459
-420.663687882805
-420.663687469526
-420.663687021739
-420.663686540253
-420.663686026340
-420.663685482913
-420.663684915218
-420.663687019316
-420.663686428298
-420.663685832591
-420.663685234583
-420.663684634036
-420.663684029664
-420.663683420902
-420.663682808829
-420.663682195819
-420.663681584436
-420.663684279268
-420.663683681402
-420.663683091066
-420.663682512174
-420.663681949915
-420.663681409003
-420.663680891335
-420.663680394577
-420.663679912806
-420.663679438989
-420.663681223535
-420.663680759205
-420.663680299635
-420.663679849512
-420.663679413236
-420.663678993707
-420.663678592673
-420.663678211802
-420.663677853286
-420.663677519214
-420.663678052917
-420.663677769637
-420.663677503907
-420.663677251158
-420.663677009825
-420.663676783115
-420.663676578319
-420.663676404063
-420.663676267112
-420.663676170375
-420.663676505482
-420.663676489497
-420.663676508652
-420.663676561418
-420.663676646060
-420.663676759585
-420.663676897616
-420.663677055847
-420.663677232166
-420.663677427876
-420.663678198135
-420.663678447381
-420.663678722483
-420.663679017776
-420.663679323543
-420.663679628975
-420.663679925325
-420.663680207218
-420.663680471818
-420.663680716773
-420.663681566298
-420.663681765370
-420.663681933926
-420.663682070903
-420.663682177227
-420.663682253832
-420.663682299021
-420.663682307130
-420.663682269690
-420.663682178809
-420.663683367393
-420.663683167305
-420.663682917616
-420.663682625560
-420.663682296641
-420.663681933480
-420.663681537095
-420.663681108869
-420.663680651914
-420.663680170400
-420.663682305419
-420.663681784900
-420.663681241081
-420.663680671514
-420.663680076607
-420.663679461589
-420.663678835670
-420.663678209189
-420.663677589931
-420.663676981152
-420.663680858995
-420.663680270924
-420.663679688371
-420.663679111367
-420.663678540862
-420.663677976787
-420.663677417093
-420.663676858533
-420.663676298823
-420.663675738931
-420.663681172148
-420.663680632421
-420.663680110283
-420.663679608250
-420.663679124372
-420.663678653373
-420.663678189248
-420.663677727567
-420.663677266328
-420.663676805347
-420.663681643003
-420.663681187005
-420.663680731635
-420.663680278111
-420.663679829748
-420.663679391958
-420.663678970602
-420.663678569846
-420.663678190120
-420.663677827645
-420.663680695262
-420.663680350206
-420.663680003682
-420.663679654276
-420.663679304104
-420.663678957408
-420.663678618838
-420.663678292213
-420.663677979989
-420.663677683629
-420.663679430730
-420.663679171104
-420.663678926498
-420.663678693157
-420.663678465055
-420.663678235123
-420.663677997345
-420.663677749130
-420.663677492529
-420.663677233679
-420.663679101371
-420.663678863887
-420.663678642197
-420.663678435630
-420.663678240476
-420.663678052031
-420.663677866237
-420.663677680382
-420.663677492979
-420.663677303170
-420.663678913686
-420.663678723019
-420.663678535387
-420.663678357265
-420.663678196387
-420.663678059482
-420.663677949905
-420.663677866640
-420.663677804881
-420.663677758342
-420.663677945360
-420.663677918070
-420.663677898627
-420.663677889561
-420.663677894313
-420.663677916281
-420.663677958644
-420.663678024253
-420.663678115239
-420.663678232268
-420.663677551788
-420.663677714625
-420.663677890398
-420.663678072023
-420.663678253802
-420.663678432641
-420.663678608124
-420.663678781645
-420.663678955203
-420.663679130480
-420.663679729304
-420.663679912909
-420.663680098754
-420.663680284800
-420.663680467307
-420.663680640931
-420.663680799500
-420.663680937538
-420.663681051589
-420.663681141021
-420.663683641925
-420.663683692524
-420.663683726659
-420.663683746569
-420.663683753452
-420.663683747798
-420.663683729608
-420.663683698296
-420.663683652311
-420.663683588758
-420.663686571906
-420.663686465287
-420.663686330709
-420.663686168052
-420.663685979835
-420.663685770526
-420.663685545030
-420.663685307152
-420.663685058759
-420.663684799628
-420.663687542684
-420.663687259762
-420.663686959605
-420.663686640004
-420.663686298814
-420.663685934146
-420.663685544538
-420.663685129785
-420.663684691602
-420.663684233883
-420.663686865551
-420.663686389051
-420.663685908883
-420.663685426671
-420.663684940999
-420.663684448271
-420.663683944681
-420.663683427940
-420.663682898323
-420.663682358425
-420.663684284242
-420.663683738552
-420.663683193745
-420.663682653228
-420.663682121112
-420.663681602408
-420.663681102150
-420.663680623847
-420.663680167858
-420.663679731076
-420.663680279467
-420.663679869533
-420.663679468096
-420.663679077983
-420.663678704913
-420.663678355019
-420.663678032473
-420.663677738386
-420.663677471668
-420.663677230754
-420.663677396599
-420.663677208318
-420.663677044093
-420.663676900795
-420.663676772795
-420.663676653605
-420.663676538464
-420.663676426537
-420.663676321006
-420.663676226926
-420.663677843854
-420.663677783086
-420.663677732897
-420.663677686274
-420.663677636515
-420.663677579025
-420.663677511437
-420.663677432136
-420.663677338570
-420.663677226821
-420.663680629711
-420.663680475355
-420.663680298371
-420.663680102766
-420.663679892733
-420.663679669444
-420.663679429603
-420.663679166049
-420.663678870737
-420.663678537857
-420.663682557718
-420.663682151717
-420.663681711762
-420.663681240716
-420.663680740093
-420.663680210809
-420.663679654760
-420.663679075621
-420.663678477996
-420.663677865240
-420.663681529763
-420.663680887045
-420.663680220448
-420.663679525825
-420.663678803047
-420.663678056785
-420.663677295094
-420.663676526565
-420.663675757857
-420.663674992747
-420.663677839668
-420.663677090203
-420.663676348307
-420.663675615186
-420.663674890843
-420.663674173284
-420.663673458917
-420.663672744533
-420.663672029517
-420.663671317222
-420.663672568230
-420.663671887144
-420.663671229873
-420.663670599470
-420.663669995445
-420.663669415007
-420.663668854614
-420.663668311064
-420.663667781547
-420.663667263463
-420.663667279986
-420.663666782276
-420.663666293109
-420.663665816080
-420.663665357108
-420.663664922638
-420.663664517647
-420.663664144017
-420.663663800448
-420.663663483418
-420.663664430043
-420.663664156933
-420.663663899311
-420.663663655023
-420.663663422875
-420.663663203179
-420.663662998373
-420.663662813021
-420.663662652803
-420.663662522605
-420.663665457980
-420.663665393919
-420.663665355463
-420.663665336000
-420.663665329263
-420.663665330377
-420.663665336035
-420.663665344095
-420.663665353103
-420.663665362552
-420.663669194493
-420.663669213354
-420.663669239636
-420.663669275781
-420.663669321341
-420.663669372183
-420.663669421293
-420.663669460766
-420.663669484246
-420.663669488278
-420.663673050571
-420.663673019740
-420.663672972543
-420.663672911231
-420.663672838215
-420.663672756140
-420.663672667535
-420.663672573765
-420.663672473918
-420.663672364497
-420.663676020083
-420.663675879890
-420.663675717217
-420.663675532131
-420.663675327109
-420.663675105624
-420.663674870803
-420.663674624744
-420.663674368667
-420.663674103207
-420.663678273214
-420.663677991727
-420.663677696286
-420.663677382264
-420.663677044915
-420.663676681311
-420.663676291595
-420.663675878984
-420.663675448060
-420.663675002751
-420.663678675796
-420.663678209116
-420.663677728081
-420.663677232009
-420.663676721339
-420.663676197041
-420.663675659501
-420.663675108099
-420.663674542146
-420.663673962550
-420.663676593993
-420.663676006182
-420.663675423623
-420.663674852492
-420.663674295235
-420.663673750519
-420.663673215193
-420.663672686821
-420.663672165339
-420.663671652969
-420.663673770985
-420.663673288829
-420.663672821660
-420.663672369492
-420.663671933140
-420.663671514763
-420.663671117119
-420.663670741625
-420.663670386526
-420.663670046535
-420.663672469520
-420.663672141349
-420.663671809068
-420.663671471087
-420.663671128125
-420.663670781498
-420.663670431891
-420.663670079057
-420.663669722387
-420.663669361465
-420.663672927713
-420.663672560760
-420.663672186639
-420.663671801930
-420.663671402787
-420.663670986296
-420.663670551958
-420.663670101913
-420.663669640466
-420.663669172853
-420.663673858359
-420.663673397125
-420.663672943657
-420.663672501336
-420.663672072467
-420.663671657786
-420.663671256368
-420.663670866143
-420.663670485158
-420.663670112886
-420.663675048889
-420.663674704386
-420.663674377614
-420.663674071923
-420.663673789302
-420.663673530289
-420.663673294416
-420.663673080403
-420.663672885999
-420.663672707455
-420.663676911257
-420.663676751039
-420.663676588855
-420.663676420383
-420.663676243845
-420.663676059604
-420.663675868872
-420.663675672116
-420.663675468093
-420.663675253876
-420.663678637014
-420.663678394719
-420.663678131566
-420.663677845120
-420.663677533257
-420.663677194008
-420.663676825951
-420.663676428703
-420.663676003541
-420.663675553238
-420.663678805671
-420.663678320025
-420.663677818787
-420.663677303062
-420.663676773030
-420.663676228812
-420.663675671174
-420.663675101994
-420.663674524175
-420.663673941129
-420.663677463694
-420.663676884792
-420.663676309177
-420.663675738429
-420.663675173818
-420.663674616521
-420.663674067815
-420.663673528939
-420.663673000874
-420.663672484189
-420.663676239111
-420.663675750616
-420.663675274239
-420.663674810834
-420.663674361430
-420.663673926532
-420.663673505478
-420.663673096122
-420.663672695354
-420.663672300137
-420.663676372535
-420.663675988123
-420.663675608007
-420.663675233423
-420.663674864752
-420.663674501087
-420.663674140507
-420.663673781108
-420.663673421577
-420.663673061306
-420.663677842777
-420.663677482230
-420.663677116548
-420.663676742610
-420.663676357878
-420.663675961422
-420.663675554223
-420.663675138318
-420.663674715406
-420.663674285578
-420.663679310586
-420.663678864089
-420.663678403002
-420.663677925481
-420.663677430891
-420.663676919113
-420.663676389521
-420.663675840578
-420.663675270126
-420.663674676317
-420.663679042375
-420.663678405459
-420.663677747390
-420.663677069800
-420.663676373164
-420.663675656444
-420.663674917833
-420.663674155650
-420.663673369475
-420.663672560234
-420.663676330682
-420.663675486122
-420.663674624543
-420.663673747026
-420.663672854416
-420.663671948042
-420.663671030190
-420.663670104044
-420.663669172969
-420.663668239830
-420.663672221860
-420.663671293919
-420.663670366877
-420.663669441773
-420.663668520840
-420.663667607225
-420.663666704283
-420.663665814458
-420.663664938584
-420.663664076021
-420.663669039810
-420.663668205052
-420.663667380755
-420.663666567312
-420.663665765223
-420.663664974213
-420.663664192956
-420.663663419315
-420.663662651106
-420.663661886584
-420.663668199007
-420.663667442705
-420.663666684327
-420.663665919618
-420.663665143318
-420.663664350355
-420.663663537031
-420.663662701682
-420.663661844307
-420.663660965514
-420.663668852630
-420.663667935962
-420.663666995360
-420.663666028854
-420.663665034875
-420.663664012265
-420.663662960007
-420.663661876938
-420.663660761909
-420.663659614463
-420.663668730006
-420.663667529412
-420.663666305647
-420.663665063877
-420.663663808401
-420.663662541736
-420.663661264980
-420.663659978529
-420.663658683262
-420.663657380982
-420.663666426446
-420.663665124560
-420.663663823326
-420.663662524939
-420.663661231948
-420.663659947759
-420.663658676527
-420.663657422316
-420.663656188034
-420.663654974609
-420.663662820653
-420.663661653040
-420.663660503385
-420.663659372776
-420.663658263858
-420.663657179750
-420.663656122666
-420.663655093076
-420.663654089872
-420.663653111292
-420.663659690863
-420.663658765241
-420.663657863054
-420.663656984576
-420.663656129379
-420.663655296387
-420.663654484554
-420.663653693816
-420.663652925332
-420.663652180918
-420.663657688693
-420.663656998935
-420.663656329512
-420.663655674947
-420.663655029700
-420.663654389828
-420.663653754009
-420.663653123118
-420.663652499069
-420.663651883299
-420.663656762800
-420.663656167683
-420.663655577896
-420.663654991319
-420.663654405679
-420.663653818045
-420.663653224343
-420.663652619360
-420.663651997773
-420.663651355586
-420.663656733580
-420.663656054361
-420.663655358884
-420.663654651399
-420.663653934753
-420.663653209294
-420.663652472947
-420.663651722224
-420.663650953446
-420.663650163650
-420.663656790904
-420.663655959219
-420.663655102542
-420.663654221062
-420.663653316251
-420.663652391374
-420.663651451130
-420.663650500808
-420.663649544911
-420.663648585648
-420.663656344903
-420.663655381238
-420.663654407579
-420.663653421087
-420.663652420750
-420.663651407732
-420.663650384945
-420.663649356217
-420.663648325610
-420.663647296928
-420.663655645465
-420.663654637921
-420.663653642434
-420.663652661059
-420.663651694227
-420.663650740648
-420.663649797774
-420.663648863145
-420.663647935768
-420.663647017101
-420.663655519551
-420.663654638686
-420.663653780566
-420.663652948287
-420.663652142660
-420.663651362674
-420.663650606594
-420.663649872806
-420.663649160069
-420.663648467035
-420.663656779404
-420.663656126138
-420.663655485453
-420.663654856156
-420.663654238929
-420.663653636026
-420.663653049657
-420.663652480068
-420.663651924447
-420.663651377280
-420.663659192298
-420.663658649828
-420.663658101910
-420.663657548799
-420.663656991983
-420.663656432610
-420.663655870594
-420.663655305149
-420.663654735837
-420.663654163343
-420.663661141672
-420.663660571389
-420.663659999459
-420.663659422967
-420.663658838335
-420.663658243463
-420.663657639598
-420.663657031349
-420.663656425167
-420.663655826787
-420.663661816173
-420.663661243457
-420.663660679566
-420.663660122128
-420.663659569409
-420.663659020052
-420.663658472284
-420.663657923333
-420.663657370053
-420.663656810252
-420.663662155748
-420.663661589098
-420.663661021439
-420.663660454125
-420.663659885171
-420.663659308967
-420.663658717941
-420.663658104721
-420.663657463690
-420.663656791125
-420.663662122793
-420.663661382923
-420.663660603616
-420.663659783697
-420.663658924486
-420.663658029799
-420.663657104324
-420.663656151206
-420.663655170149
-420.663654157581
-420.663660582561
-420.663659499743
-420.663658378712
-420.663657224092
-420.663656042334
-420.663654839552
-420.663653620524
-420.663652389428
-420.663651151634
-420.663649914637
-420.663657698041
-420.663656495025
-420.663655314211
-420.663654155601
-420.663653016409
-420.663651894154
-420.663650789704
-420.663649708165
-420.663648657248
-420.663647644315
-420.663655728550
-420.663654808417
-420.663653930702
-420.663653094582
-420.663652300516
-420.663651549632
-420.663650841741
-420.663650173609
-420.663649538978
-420.663648930447
-420.663656736811
-420.663656173352
-420.663655629508
-420.663655108241
-420.663654611295
-420.663654137417
-420.663653682212
-420.663653239726
-420.663652804282
-420.663652371722
-420.663659906575
-420.663659477913
-420.663659044211
-420.663658602329
-420.663658149546
-420.663657684632
-420.663657208261
-420.663656722459
-420.663656229204
-420.663655729083
-420.663662710523
-420.663662196411
-420.663661666657
-420.663661117760
-420.663660547524
-420.663659955345
-420.663659341945
-420.663658708845
-420.663658057914
-420.663657390965
-420.663663327959
-420.663662637447
-420.663661932779
-420.663661212987
-420.663660476492
-420.663659721557
-420.663658946716
-420.663658151159
-420.663657334943
-420.663656499064
-420.663661114126
-420.663660249839
-420.663659373661
-420.663658488780
-420.663657597899
-420.663656702764
-420.663655803983
-420.663654901225
-420.663653993698
-420.663653080971
-420.663656581706
-420.663655666242
-420.663654751221
-420.663653840557
-420.663652938262
-420.663652047974
-420.663651172646
-420.663650314536
-420.663649475493
-420.663648657049
-420.663651372098
-420.663650602316
-420.663649854260
-420.663649126700
-420.663648418130
-420.663647727653
-420.663647055718
-420.663646404326
-420.663645776460
-420.663645175024
-420.663647199405
-420.663646659014
-420.663646144742
-420.663645653937
-420.663645183983
-420.663644732624
-420.663644297701
-420.663643876724
-420.663643466567
-420.663643064033
-420.663644916727
-420.663644529974
-420.663644150176
-420.663643780412
-420.663643423389
-420.663643079823
-420.663642747662
-420.663642422748
-420.663642100147
-420.663641775660
-420.663644084435
-420.663643754950
-420.663643419315
-420.663643077385
-420.663642729447
-420.663642376574
-420.663642021043
-420.663641666015
-420.663641314454
-420.663640967697
-420.663643914934
-420.663643576832
-420.663643233386
-420.663642879802
-420.663642513248
-420.663642133226
-420.663641741360
-420.663641340236
-420.663640932475
-420.663640519992
-420.663644268646
-420.663643854932
-420.663643437966
-420.663643016722
-420.663642589180
-420.663642152269
-420.663641702388
-420.663641236181
-420.663640751518
-420.663640248219
-420.663645055426
-420.663644526770
-420.663643987689
-420.663643440621
-420.663642886261
-420.663642323547
-420.663641750266
-420.663641163947
-420.663640562781
-420.663639945989
-420.663645882974
-420.663645240353
-420.663644582614
-420.663643909796
-420.663643222382
-420.663642521584
-420.663641809600
-420.663641088735
-420.663640360438
-420.663639624294
-420.663646382819
-420.663645628143
-420.663644857049
-420.663644068384
-420.663643262986
-420.663642442704
-420.663641608964
-420.663640761750
-420.663639899576
-420.663639020591
-420.663646352893
-420.663645445199
-420.663644522109
-420.663643584891
-420.663642633071
-420.663641664221
-420.663640675021
-420.663639662981
-420.663638627804
-420.663637571514
-420.663645240564
-420.663644158404
-420.663643062571
-420.663641953015
-420.663640829326
-420.663639691972
-420.663638542771
-420.663637384315
-420.663636218799
-420.663635047144
-420.663642675311
-420.663641497548
-420.663640313193
-420.663639124692
-420.663637936326
-420.663636753038
-420.663635579230
-420.663634417814
-420.663633270092
-420.663632136318
-420.663639448226
-420.663638349078
-420.663637263685
-420.663636192151
-420.663635134773
-420.663634092251
-420.663633065890
-420.663632057683
-420.663631069875
-420.663630104500
-420.663637212046
-420.663636300745
-420.663635412062
-420.663634543942
-420.663633693419
-420.663632857025
-420.663632031040
-420.663631212240
-420.663630398560
-420.663629589513
-420.663636855622
-420.663636066732
-420.663635286371
-420.663634514111
-420.663633747611
-420.663632983062
-420.663632216128
-420.663631442961
-420.663630660488
-420.663629866432
-420.663637074895
-420.663636259837
-420.663635428559
-420.663634581085
-420.663633718840
-420.663632844347
-420.663631960296
-420.663631068422
-420.663630168691
-420.663629259470
-420.663635988257
-420.663635060999
-420.663634120138
-420.663633167465
-420.663632206185
-420.663631240180
-420.663630273264
-420.663629309019
-420.663628350920
-420.663627402539
-420.663633429618
-420.663632518121
-420.663631626256
-420.663630755920
-420.663629908285
-420.663629084400
-420.663628285812
-420.663627515086
-420.663626775641
-420.663626071329
-420.663631029097
-420.663630410999
-420.663629836099
-420.663629305293
-420.663628818894
-420.663628376782
-420.663627978504
-420.663627623182
-420.663627309657
-420.663627036707
-420.663630768084
-420.663630579650
-420.663630430090
-420.663630318987
-420.663630245325
-420.663630207039
-420.663630201205
-420.663630224559
-420.663630273961
-420.663630346726
-420.663633116518
-420.663633234436
-420.663633367655
-420.663633512876
-420.663633667224
-420.663633828825
-420.663633996850
-420.663634170807
-420.663634349442
-420.663634529694
-420.663636945972
-420.663637120355
-420.663637280896
-420.663637424415
-420.663637549530
-420.663637655702
-420.663637741767
-420.663637805228
-420.663637842538
-420.663637850451
-420.663640715010
-420.663640666669
-420.663640586542
-420.663640473276
-420.663640323019
-420.663640129960
-420.663639888118
-420.663639593660
-420.663639246096
-420.663638847806
-420.663642605109
-420.663642121450
-420.663641592918
-420.663641018462
-420.663640397403
-420.663639730765
-420.663639021310
-420.663638272304
-420.663637485851
-420.663636662298
-420.663641186350
-420.663640295413
-420.663639370921
-420.663638419617
-420.663637450166
-420.663636470870
-420.663635487931
-420.663634505018
-420.663633524412
-420.663632548506
-420.663637014502
-420.663636066429
-420.663635135375
-420.663634224568
-420.663633336174
-420.663632472100
-420.663631635232
-420.663630829838
-420.663630060918
-420.663629332822
-420.663632590616
-420.663631954968
-420.663631360709
-420.663630805794
-420.663630288758
-420.663629808942
-420.663629366055
-420.663628959477
-420.663628588094
-420.663628250460
-420.663630106184
-420.663629837979
-420.663629599851
-420.663629390004
-420.663629205775
-420.663629043877
-420.663628901107
-420.663628775019
-420.663628664181
-420.663628567876
-420.663630042423
-420.663629978843
-420.663629927046
-420.663629885547
-420.663629852745
-420.663629826837
-420.663629805481
-420.663629785760
-420.663629764633
-420.663629739816
-420.663631801992
-420.663631775104
-420.663631745433
-420.663631713286
-420.663631677249
-420.663631634143
-420.663631580022
-420.663631511197
-420.663631424960
-420.663631319082
-420.663633921310
-420.663633774804
-420.663633599275
-420.663633391818
-420.663633151433
-420.663632879192
-420.663632576894
-420.663632245115
-420.663631881699
-420.663631481878
-420.663634773470
-420.663634291396
-420.663633762217
-420.663633188101
-420.663632572588
-420.663631918454
-420.663631226653
-420.663630496919
-420.663629729342
-420.663628925714
-420.663633796725
-420.663632938223
-420.663632053994
-420.663631144618
-420.663630209467
-420.663629248688
-420.663628265156
-420.663627264863
-420.663626255557
-420.663625244091
-420.663631600565
-420.663630600317
-420.663629600719
-420.663628600122
-420.663627598692
-420.663626598716
-420.663625603707
-420.663624617065
-420.663623641296
-420.663622678090
-420.663629408478
-420.663628483600
-420.663627577387
-420.663626691297
-420.663625825012
-420.663624976057
-420.663624140757
-420.663623315704
-420.663622499271
-420.663621692240
-420.663628309744
-420.663627538381
-420.663626786969
-420.663626058427
-420.663625354473
-420.663624675775
-420.663624021978
-420.663623391926
-420.663622783870
-420.663622196105
-420.663629167251
-420.663628626001
-420.663628107345
-420.663627615145
-420.663627153607
-420.663626726246
-420.663626335227
-420.663625981318
-420.663625664406
-420.663625384020
-420.663632646939
-420.663632445292
-420.663632277193
-420.663632140489
-420.663632032882
-420.663631952519
-420.663631898470
-420.663631870585
-420.663631868704
-420.663631891491
-420.663638243301
-420.663638312532
-420.663638392484
-420.663638477955
-420.663638565270
-420.663638652287
-420.663638737356
-420.663638817848
-420.663638889250
-420.663638945360
-420.663643704332
-420.663643719173
-420.663643702717
-420.663643653500
-420.663643570973
-420.663643454322
-420.663643301821
-420.663643111319
-420.663642881321
-420.663642612081
-420.663646355353
-420.663646021992
-420.663645654943
-420.663645253346
-420.663644814570
-420.663644336108
-420.663643817731
-420.663643262846
-420.663642677970
-420.663642070823
-420.663645270013
-420.663644642273
-420.663644003974
-420.663643355728
-420.663642698945
-420.663642036464
-420.663641371848
-420.663640707756
-420.663640045015
-420.663639382694
-420.663642317479
-420.663641659829
-420.663641004687
-420.663640356306
-420.663639718474
-420.663639092534
-420.663638476774
-420.663637867460
-420.663637260829
-420.663636654789
-420.663640262020
-420.663639662299
-420.663639064084
-420.663638465491
-420.663637862888
-420.663637252351
-420.663636631295
-420.663635999211
-420.663635357141
-420.663634706289
-420.663639466770
-420.663638801332
-420.663638124626
-420.663637436039
-420.663636736559
-420.663636028373
-420.663635313565
-420.663634592707
-420.663633864513
-420.663633126500
-420.663638355753
-420.663637598676
-420.663636832715
-420.663636061986
-420.663635290702
-420.663634521607
-420.663633755638
-420.663632992409
-420.663632231294
-420.663631472127
-420.663636672121
-420.663635922952
-420.663635175759
-420.663634428894
-420.663633680360
-420.663632928871
-420.663632174620
-420.663631419216
-420.663630664682
-420.663629912103
-420.663635684849
-420.663634938410
-420.663634186517
-420.663633426004
-420.663632655394
-420.663631874931
-420.663631085800
-420.663630288834
-420.663629483742
-420.663628669108
-420.663635674566
-420.663634843877
-420.663633999093
-420.663633139642
-420.663632264814
-420.663631373352
-420.663630463798
-420.663629535283
-420.663628588371
-420.663627625167
-420.663635914671
-420.663634935829
-420.663633945709
-420.663632941995
-420.663631920786
-420.663630878013
-420.663629810883
-420.663628718518
-420.663627601674
-420.663626462057
-420.663636062492
-420.663634892290
-420.663633706027
-420.663632506617
-420.663631296915
-420.663630078621
-420.663628851537
-420.663627613388
-420.663626360907
-420.663625091513
-420.663635699392
-420.663634406828
-420.663633105088
-420.663631800167
-420.663630497481
-420.663629201075
-420.663627913822
-420.663626638035
-420.663625375886
-420.663624129138
-420.663634592071
-420.663633384503
-420.663632190801
-420.663631009220
-420.663629839425
-420.663628683238
-420.663627544379
-420.663626426908
-420.663625333673
-420.663624265068
-420.663633308817
-420.663632288497
-420.663631283908
-420.663630292629
-420.663629313183
-420.663628344296
-420.663627384055
-420.663626429523
-420.663625477089
-420.663624523462
-420.663632416978
-420.663631462040
-420.663630502795
-420.663629538970
-420.663628569206
-420.663627591058
-420.663626601575
-420.663625598360
-420.663624580642
-420.663623549216
-420.663631709164
-420.663630661697
-420.663629603695
-420.663628533804
-420.663627450042
-420.663626351134
-420.663625237630
-420.663624112035
-420.663622977859
-420.663621838215
-420.663630767826
-420.663629627351
-420.663628482327
-420.663627332608
-420.663626179285
-420.663625024501
-420.663623870307
-420.663622717418
-420.663621564903
-420.663620410807
-420.663629766856
-420.663628613948
-420.663627459895
-420.663626307252
-420.663625157944
-420.663624012189
-420.663622868867
-420.663621726525
-420.663620584854
-420.663619445087
-420.663628937911
-420.663627816045
-420.663626700963
-420.663625591923
-420.663624487549
-420.663623387050
-420.663622290725
-420.663621199792
-420.663620115442
-420.663619038292
-420.663628400015
-420.663627345866
-420.663626300978
-420.663625267768
-420.663624248618
-420.663623244374
-420.663622253672
-420.663621273172
-420.663620299054
-420.663619328492
-420.663628175790
-420.663627217976
-420.663626262466
-420.663625308349
-420.663624354055
-420.663623398760
-420.663622443266
-420.663621490022
-420.663620541560
-420.663619598420
-420.663628096675
-420.663627161127
-420.663626217271
-420.663625262010
-420.663624296051
-420.663623323369
-420.663622348790
-420.663621375832
-420.663620405943
-420.663619439542
-420.663627995907
-420.663627049793
-420.663626116704
-420.663625200893
-420.663624303981
-420.663623424376
-420.663622558806
-420.663621705049
-420.663620864092
-420.663620040228
-420.663627863046
-420.663627095466
-420.663626355715
-420.663625641515
-420.663624949352
-420.663624276484
-420.663623621980
-420.663622985855
-420.663622367195
-420.663621762757
-420.663628308297
-420.663627721215
-420.663627131116
-420.663626534667
-420.663625930074
-420.663625315448
-420.663624687455
-420.663624041107
-420.663623370831
-420.663622672112
-420.663629224672
-420.663628470837
-420.663627685904
-420.663626869327
-420.663626019283
-420.663625133141
-420.663624208715
-420.663623245199
-420.663622243534
-420.663621205879
-420.663628876282
-420.663627782739
-420.663626662367
-420.663625519530
-420.663624359694
-420.663623189024
-420.663622013263
-420.663620836936
-420.663619662864
-420.663618492731
-420.663626580931
-420.663625431419
-420.663624292823
-420.663623169535
-420.663622066387
-420.663620988039
-420.663619938513
-420.663618920876
-420.663617937206
-420.663616988219
-420.663623927251
-420.663623051972
-420.663622206109
-420.663621386474
-420.663620590139
-420.663619814864
-420.663619059274
-420.663618322727
-420.663617604854
-420.663616904988
-420.663622055926
-420.663621392952
-420.663620738963
-420.663620088322
-420.663619435022
-420.663618773792
-420.663618100934
-420.663617414659
-420.663616714861
-420.663616002204
-420.663619897283
-420.663619167114
-420.663618424122
-420.663617667067
-420.663616894406
-420.663616104319
-420.663615294742
-420.663614463650
-420.663613609544
-420.663612732307
-420.663616519397
-420.663615609969
-420.663614687952
-420.663613758060
-420.663612823516
-420.663611885251
-420.663610942249
-420.663609992412
-420.663609033670
-420.663608064851
-420.663613386786
-420.663612404811
-420.663611415598
-420.663610421595
-420.663609425695
-420.663608430931
-420.663607439806
-420.663606453559
-420.663605471612
-420.663604491541
-420.663612302461
-420.663611321219
-420.663610332062
-420.663609333853
-420.663608326810
-420.663607311972
-420.663606290550
-420.663605263494
-420.663604231287
-420.663603193900
-420.663612729385
-420.663611685047
-420.663610630433
-420.663609562144
-420.663608476879
-420.663607372255
-420.663606247496
-420.663605103406
-420.663603941712
-420.663602764096
-420.663612570006
-420.663611369087
-420.663610151430
-420.663608915906
-420.663607662079
-420.663606390309
-420.663605101476
-420.663603796411
-420.663602475661
-420.663601139698
-420.663610878978
-420.663609524139
-420.663608159682
-420.663606788927
-420.663605414927
-420.663604039744
-420.663602664460
-420.663601289806
-420.663599917145
-420.663598549154
-420.663608451646
-420.663607113523
-420.663605792488
-420.663604490938
-420.663603209748
-420.663601949145
-420.663600709903
-420.663599494064
-420.663598304981
-420.663597146234
-420.663606860547
-420.663605776660
-420.663604726765
-420.663603710101
-420.663602726228
-420.663601775505
-420.663600858521
-420.663599975309
-420.663599124616
-420.663598303948
-420.663607369974
-420.663606608605
-420.663605871691
-420.663605159524
-420.663604472273
-420.663603808885
-420.663603166543
-420.663602541218
-420.663601928691
-420.663601325710
-420.663609373018
-420.663608790980
-420.663608215071
-420.663607644358
-420.663607077554
-420.663606513336
-420.663605950688
-420.663605388861
-420.663604827150
-420.663604264391
-420.663610934254
-420.663610370844
-420.663609802368
-420.663609228943
-420.663608651541
-420.663608071186
-420.663607488300
-420.663606902350
-420.663606312196
-420.663605716608
-420.663610923208
-420.663610320106
-420.663609709382
-420.663609089802
-420.663608459805
-420.663607818207
-420.663607164932
-420.663606501144
-420.663605828417
-420.663605147376
-420.663609866224
-420.663609168557
-420.663608453483
-420.663607717502
-420.663606959420
-420.663606180509
-420.663605383574
-420.663604571513
-420.663603746331
-420.663602909133
-420.663608431262
-420.663607581223
-420.663606725096
-420.663605865945
-420.663605005927
-420.663604145716
-420.663603285147
-420.663602424762
-420.663601567453
-420.663600719167
-420.663606818040
-420.663606020238
-420.663605255256
-420.663604527315
-420.663603838292
-420.663603188849
-420.663602579961
-420.663602013455
-420.663601491829
-420.663601017397
-420.663606259267
-420.663605890073
-420.663605570827
-420.663605302715
-420.663605087733
-420.663604928121
-420.663604825065
-420.663604777579
-420.663604782054
-420.663604832965
-420.663608726870
-420.663608859444
-420.663609023487
-420.663609216623
-420.663609436657
-420.663609680480
-420.663609943620
-420.663610220627
-420.663610506185
-420.663610795878
-420.663614057262
-420.663614351485
-420.663614640825
-420.663614920771
-420.663615185619
-420.663615429508
-420.663615647675
-420.663615837155
-420.663615996368
-420.663616123875
-420.663618830673
-420.663618890642
-420.663618908302
-420.663618880624
-420.663618807000
-420.663618689119
-420.663618529455
-420.663618329084
-420.663618086481
-420.663617797878
-420.663619914217
-420.663619527872
-420.663619089267
-420.663618600749
-420.663618064965
-420.663617483293
-420.663616855742
-420.663616182313
-420.663615464788
-420.663614707642
-420.663617009130
-420.663616196133
-420.663615356898
-420.663614490095
-420.663613592715
-420.663612663076
-420.663611703081
-420.663610718458
-420.663609716676
-420.663608704168
-420.663612100356
-420.663611081866
-420.663610058221
-420.663609031710
-420.663608006587
-420.663606987489
-420.663605977137
-420.663604974986
-420.663603977973
-420.663602983155
-420.663607555805
-420.663606575684
-420.663605606724
-420.663604653876
-420.663603718793
-420.663602799504
-420.663601892164
-420.663600993699
-420.663600103467
-420.663599222948
-420.663604287707
-420.663603436352
-420.663602593552
-420.663601756218
-420.663600922959
-420.663600095478
-420.663599277971
-420.663598474803
-420.663597688085
-420.663596916780
-420.663602011916
-420.663601269785
-420.663600538334
-420.663599820947
-420.663599122283
-420.663598446021
-420.663597793432
-420.663597164035
-420.663596557469
-420.663595975347
-420.663600396909
-420.663599882225
-420.663599403589
-420.663598961066
-420.663598551877
-420.663598172310
-420.663597819881
-420.663597494454
-420.663597197544
-420.663596930342
-420.663600043260
-420.663599836490
-420.663599650117
-420.663599479679
-420.663599322425
-420.663599177251
-420.663599043159
-420.663598917437
-420.663598794641
-420.663598667239
-420.663601091540
-420.663600939802
-420.663600765813
-420.663600568267
-420.663600346801
-420.663600100511
-420.663599827199
-420.663599523931
-420.663599188077
-420.663598818292
-420.663601725104
-420.663601296595
-420.663600835591
-420.663600341131
-420.663599811230
-420.663599244146
-420.663598640019
-420.663598002122
-420.663597336717
-420.663596651665
-420.663600299683
-420.663599603806
-420.663598903434
-420.663598199340
-420.663597492132
-420.663596783464
-420.663596076255
-420.663595374001
-420.663594679629
-420.663593995009
-420.663598052503
-420.663597399926
-420.663596764472
-420.663596151585
-420.663595566655
-420.663595012856
-420.663594489585
-420.663593992605
-420.663593515824
-420.663593053803
-420.663597830438
-420.663597397605
-420.663596976743
-420.663596568153
-420.663596170653
-420.663595781919
-420.663595399638
-420.663595022318
-420.663594649061
-420.663594278198
-420.663600187192
-420.663599813378
-420.663599424584
-420.663599014645
-420.663598580558
-420.663598122940
-420.663597644597
-420.663597148244
-420.663596634626
-420.663596102389
-420.663602705596
-420.663602136024
-420.663601543371
-420.663600928061
-420.663600290075
-420.663599628033
-420.663598939864
-420.663598224425
-420.663597483305
-420.663596721304
-420.663602935167
-420.663602157157
-420.663601373391
-420.663600583184
-420.663599783903
-420.663598973453
-420.663598152093
-420.663597322446
-420.663596488057
-420.663595651444
-420.663600828500
-420.663599995833
-420.663599161889
-420.663598329355
-420.663597502788
-420.663596686641
-420.663595882774
-420.663595089428
-420.663594302083
-420.663593516166
-420.663597896164
-420.663597118426
-420.663596346192
-420.663595583631
-420.663594832535
-420.663594091799
-420.663593358871
-420.663592631975
-420.663591911643
-420.663591200170
-420.663595190734
-420.663594508744
-420.663593834782
-420.663593164388
-420.663592494223
-420.663591824081
-420.663591157149
-420.663590497957
-420.663589849674
-420.663589212137
-420.663593039242
-420.663592420451
-420.663591802601
-420.663591186095
-420.663590573350
-420.663589966538
-420.663589365459
-420.663588767100
-420.663588167170
-420.663587562804
-420.663591029443
-420.663590427885
-420.663589829036
-420.663589234694
-420.663588643262
-420.663588050465
-420.663587451847
-420.663586845219
-420.663586231405
-420.663585612922
-420.663588795486
-420.663588178334
-420.663587553287
-420.663586915718
-420.663586262946
-420.663585595646
-420.663584917112
-420.663584230610
-420.663583536649
-420.663582831932
-420.663586968190
-420.663586232877
-420.663585472421
-420.663584687178
-420.663583879240
-420.663583049837
-420.663582197572
-420.663581318649
-420.663580408980
-420.663579466560
-420.663585541267
-420.663584547591
-420.663583527765
-420.663582481388
-420.663581404955
-420.663580293587
-420.663579143950
-420.663577956523
-420.663576735588
-420.663575487306
-420.663583155324
-420.663581875584
-420.663580576556
-420.663579257969
-420.663577921360
-420.663576570980
-420.663575212969
-420.663573853301
-420.663572496113
-420.663571143519
-420.663579327773
-420.663578001201
-420.663576689663
-420.663575401192
-420.663574143987
-420.663572924019
-420.663571743909
-420.663570603623
-420.663569502611
-420.663568441960
-420.663576111355
-420.663575153841
-420.663574249985
-420.663573402087
-420.663572609733
-420.663571870693
-420.663571182754
-420.663570544915
-420.663569957208
-420.663569419412
-420.663576131815
-420.663575694675
-420.663575295151
-420.663574928036
-420.663574590411
-420.663574281767
-420.663574002611
-420.663573752084
-420.663573526137
-420.663573317754
-420.663579218419
-420.663579029934
-420.663578839694
-420.663578646753
-420.663578451447
-420.663578253384
-420.663578050384
-420.663577839117
-420.663577617038
-420.663577383699
-420.663582501711
-420.663582258218
-420.663582006812
-420.663581744285
-420.663581465287
-420.663581165129
-420.663580842709
-420.663580501517
-420.663580148320
-420.663579789801
-420.663583972638
-420.663583616843
-420.663583256300
-420.663582888580
-420.663582513744
-420.663582134276
-420.663581753046
-420.663581370936
-420.663580985884
-420.663580594481
-420.663584375975
-420.663583975890
-420.663583575012
-420.663583179973
-420.663582794930
-420.663582419068
-420.663582047311
-420.663581673284
-420.663581292875
-420.663580906047
-420.663584936548
-420.663584551475
-420.663584166570
-420.663583779302
-420.663583385956
-420.663582984455
-420.663582575960
-420.663582164086
-420.663581752137
-420.663581340322
-420.663585897055
-420.663585478221
-420.663585045754
-420.663584598746
-420.663584140006
-420.663583673818
-420.663583202989
-420.663582727263
-420.663582243972
-420.663581750531
-420.663586875832
-420.663586370369
-420.663585861470
-420.663585352137
-420.663584842738
-420.663584331353
-420.663583815987
-420.663583296739
-420.663582776669
-420.663582260512
-420.663587409020
-420.663586916693
-420.663586433449
-420.663585957707
-420.663585489138
-420.663585029648
-420.663584582676
-420.663584151211
-420.663583736167
-420.663583335987
-420.663587746071
-420.663587374785
-420.663587014331
-420.663586666771
-420.663586334202
-420.663586017017
-420.663585713079
-420.663585418515
-420.663585129341
-420.663584842890
-420.663587959153
-420.663587682354
-420.663587406076
-420.663587128198
-420.663586845662
-420.663586555653
-420.663586256716
-420.663585949101
-420.663585633967
-420.663585312088
-420.663587575049
-420.663587242363
-420.663586895846
-420.663586532383
-420.663586150588
-420.663585751330
-420.663585337276
-420.663584911796
-420.663584477965
-420.663584037981
-420.663586300932
-420.663585859667
-420.663585416006
-420.663584971416
-420.663584527264
-420.663584084154
-420.663583641726
-420.663583198895
-420.663582754898
-420.663582310391
-420.663584726611
-420.663584297007
-420.663583877734
-420.663583471241
-420.663583077139
-420.663582692319
-420.663582312248
-420.663581932825
-420.663581551438
-420.663581167172
-420.663584366936
-420.663583981741
-420.663583590188
-420.663583189650
-420.663582778095
-420.663582354852
-420.663581920294
-420.663581474496
-420.663581015658
-420.663580539657
-420.663585631395
-420.663585112916
-420.663584565181
-420.663583989502
-420.663583389188
-420.663582767499
-420.663582125967
-420.663581463989
-420.663580780087
-420.663580073534
-420.663586969388
-420.663586230272
-420.663585474944
-420.663584705145
-420.663583921615
-420.663583125175
-420.663582318246
-420.663581505538
-420.663580693068
-420.663579886303
-420.663587174781
-420.663586393688
-420.663585619589
-420.663584851074
-420.663584088638
-420.663583335158
-420.663582594549
-420.663581870239
-420.663581164034
-420.663580476387
-420.663587366832
-420.663586725282
-420.663586104259
-420.663585504269
-420.663584923926
-420.663584359332
-420.663583805135
-420.663583256288
-420.663582709845
-420.663582165461
-420.663589048684
-420.663588519865
-420.663587994699
-420.663587470314
-420.663586942597
-420.663586407337
-420.663585861136
-420.663585301174
-420.663584724467
-420.663584127104
-420.663591582597
-420.663590938786
-420.663590263259
-420.663589555879
-420.663588818337
-420.663588052861
-420.663587260676
-420.663586441294
-420.663585592967
-420.663584713810
-420.663593032839
-420.663592098866
-420.663591135263
-420.663590143744
-420.663589125696
-420.663588082337
-420.663587015418
-420.663585927911
-420.663584824246
-420.663583709615
-420.663592462273
-420.663591347015
-420.663590230733
-420.663589114152
-420.663587997946
-420.663586883637
-420.663585773667
-420.663584670746
-420.663583576953
-420.663582493177
-420.663590986987
-420.663589931218
-420.663588885601
-420.663587851483
-420.663586830540
-420.663585823483
-420.663584829098
-420.663583844087
-420.663582863902
-420.663581884293
-420.663589901303
-420.663588923579
-420.663587940830
-420.663586951283
-420.663585951683
-420.663584937815
-420.663583905632
-420.663582852707
-420.663581778503
-420.663580683566
-420.663588819952
-420.663587689891
-420.663586533738
-420.663585347450
-420.663584128404
-420.663582876720
-420.663581594978
-420.663580286702
-420.663578954446
-420.663577598919
-420.663586183144
-420.663584789199
-420.663583373770
-420.663581941575
-420.663580498635
-420.663579050284
-420.663577599622
-420.663576147617
-420.663574694544
-420.663573242053
-420.663581568689
-420.663580141659
-420.663578730972
-420.663577340676
-420.663575972255
-420.663574625723
-420.663573301582
-420.663572002318
-420.663570732554
-420.663569497556
-420.663577041343
-420.663575894645
-420.663574786212
-420.663573713588
-420.663572675188
-420.663571671265
-420.663570703432
-420.663569773225
-420.663568880718
-420.663568024247
-420.663574858852
-420.663574076598
-420.663573325385
-420.663572606065
-420.663571919428
-420.663571264594
-420.663570638176
-420.663570034792
-420.663569448655
-420.663568875216
-420.663575267332
-420.663574723326
-420.663574188314
-420.663573660885
-420.663573138238
-420.663572616655
-420.663572092680
-420.663571563656
-420.663571027743
-420.663570483007
-420.663576293391
-420.663575731007
-420.663575146865
-420.663574536347
-420.663573897000
-420.663573228877
-420.663572533701
-420.663571813176
-420.663571067573
-420.663570295319
-420.663575198027
-420.663574376406
-420.663573522957
-420.663572638893
-420.663571726262
-420.663570786628
-420.663569820636
-420.663568828580
-420.663567811763
-420.663566773528
-420.663571003214
-420.663569950077
-420.663568891033
-420.663567827846
-420.663566759906
-420.663565686031
-420.663564606660
-420.663563524955
-420.663562446280
-420.663561376292
-420.663565859055
-420.663564827032
-420.663563809425
-420.663562806342
-420.663561819105
-420.663560850062
-420.663559901127
-420.663558972186
-420.663558060552
-420.663557162155
-420.663562698835
-420.663561830462
-420.663560974658
-420.663560135431
-420.663559315654
-420.663558515111
-420.663557730560
-420.663556957321
-420.663556191436
-420.663555431014
-420.663562229067
-420.663561488688
-420.663560752402
-420.663560018223
-420.663559284423
-420.663558551201
-420.663557821365
-420.663557099379
-420.663556389212
-420.663555692395
-420.663563965553
-420.663563298732
-420.663562636852
-420.663561978396
-420.663561324170
-420.663560676345
-420.663560037051
-420.663559407485
-420.663558788051
-420.663558179302
-420.663567129222
-420.663566557101
-420.663566001149
-420.663565461509
-420.663564935998
-420.663564420574
-420.663563910733
-420.663563402985
-420.663562895534
-420.663562387942
-420.663570078489
-420.663569580414
-420.663569080620
-420.663568577506
-420.663568069525
-420.663567555556
-420.663567034661
-420.663566505602
-420.663565966452
-420.663565414659
-420.663570926763
-420.663570351002
-420.663569755591
-420.663569139897
-420.663568504175
-420.663567849441
-420.663567177199
-420.663566489077
-420.663565786696
-420.663565071328
-420.663569242869
-420.663568513182
-420.663567773238
-420.663567024072
-420.663566266775
-420.663565502106
-420.663564730276
-420.663563951178
-420.663563164868
-420.663562372388
-420.663566441468
-420.663565652283
-420.663564865350
-420.663564082558
-420.663563304141
-420.663562529073
-420.663561756032
-420.663560984281
-420.663560213963
-420.663559445438
-420.663563706859
-420.663562948127
-420.663562188354
-420.663561426344
-420.663560662192
-420.663559897419
-420.663559134086
-420.663558373496
-420.663557615394
-420.663556858098
-420.663561188317
-420.663560435240
-420.663559680119
-420.663558924193
-420.663558168585
-420.663557413489
-420.663556658122
-420.663555901449
-420.663555143150
-420.663554383849
-420.663558728761
-420.663557978849
-420.663557229458
-420.663556479417
-420.663555727670
-420.663554974143
-420.663554219968
-420.663553466570
-420.663552714501
-420.663551962705
-420.663556025166
-420.663555275253
-420.663554519289
-420.663553757368
-420.663552990495
-420.663552219362
-420.663551443696
-420.663550662594
-420.663549875671
-420.663549084253
-420.663552856600
-420.663552075166
-420.663551298266
-420.663550525856
-420.663549755889
-420.663548986154
-420.663548216348
-420.663547449096
-420.663546689228
-420.663545941827
-420.663549795380
-420.663549091072
-420.663548404407
-420.663547736333
-420.663547089620
-420.663546468371
-420.663545876258
-420.663545314622
-420.663544781774
-420.663544274123
-420.663548369602
-420.663547915499
-420.663547484342
-420.663547079191
-420.663546701942
-420.663546351740
-420.663546024875
-420.663545716360
-420.663545422057
-420.663545139798
-420.663549111264
-420.663548862249
-420.663548621742
-420.663548385212
-420.663548146974
-420.663547902081
-420.663547647905
-420.663547384391
-420.663547112858
-420.663546834240
-420.663550219007
-420.663549933193
-420.663549634566
-420.663549321778
-420.663548995737
-420.663548659192
-420.663548315398
-420.663547966646
-420.663547613594
-420.663547256011
-420.663549907051
-420.663549552917
-420.663549200184
-420.663548853793
-420.663548518246
-420.663548196411
-420.663547889325
-420.663547597061
-420.663547319958
-420.663547059491
-420.663549144509
-420.663548934252
-420.663548746531
-420.663548580658
-420.663548434685
-420.663548306653
-420.663548195575
-420.663548101837
-420.663548026230
-420.663547968744
-420.663550203935
-420.663550185113
-420.663550175018
-420.663550170483
-420.663550170000
-420.663550173416
-420.663550180742
-420.663550190944
-420.663550201655
-420.663550209724
-420.663552770164
-420.663552775527
-420.663552775111
-420.663552769860
-420.663552759904
-420.663552744021
-420.663552720072
-420.663552686333
-420.663552642629
-420.663552590461
-420.663555172852
-420.663555116778
-420.663555055341
-420.663554986349
-420.663554907099
-420.663554815779
-420.663554712242
-420.663554597498
-420.663554472433
-420.663554336590
-420.663557669565
-420.663557512243
-420.663557336467
-420.663557141033
-420.663556925931
-420.663556691297
-420.663556436237
-420.663556158371
-420.663555854446
-420.663555521693
-420.663560907266
-420.663560524127
-420.663560114041
-420.663559678592
-420.663559218087
-420.663558731452
-420.663558217237
-420.663557675028
-420.663557106143
-420.663556513577
-420.663563910475
-420.663563290608
-420.663562656123
-420.663562008479
-420.663561349295
-420.663560681029
-420.663560007093
-420.663559331063
-420.663558655709
-420.663557982324
-420.663565443164
-420.663564782352
-420.663564123671
-420.663563469270
-420.663562822508
-420.663562186862
-420.663561564486
-420.663560955462
-420.663560357958
-420.663559769284
-420.663565543118
-420.663564973487
-420.663564408416
-420.663563847421
-420.663563289326
-420.663562732269
-420.663562174330
-420.663561614679
-420.663561053963
-420.663560493949
-420.663564073922
-420.663563524683
-420.663562974877
-420.663562420541
-420.663561857964
-420.663561285393
-420.663560703804
-420.663560116153
-420.663559525822
-420.663558935166
-420.663560730213
-420.663560148206
-420.663559567689
-420.663558990252
-420.663558418014
-420.663557852309
-420.663557292537
-420.663556736179
-420.663556180199
-420.663555622949
-420.663556723770
-420.663556178104
-420.663555640433
-420.663555113859
-420.663554598872
-420.663554093469
-420.663553594579
-420.663553099707
-420.663552607566
-420.663552117655
-420.663553949795
-420.663553470276
-420.663552988049
-420.663552501552
-420.663552011260
-420.663551519929
-420.663551031431
-420.663550548755
-420.663550072545
-420.663549600890
-420.663553083980
-420.663552622083
-420.663552157346
-420.663551690339
-420.663551222560
-420.663550755357
-420.663550289680
-420.663549826397
-420.663549367071
-420.663548914205
-420.663553762099
-420.663553339260
-420.663552926499
-420.663552520957
-420.663552118472
-420.663551715258
-420.663551309076
-420.663550899479
-420.663550486985
-420.663550071938
-420.663555583411
-420.663555170232
-420.663554750814
-420.663554323564
-420.663553886961
-420.663553438912
-420.663552976181
-420.663552494401
-420.663551988765
-420.663551455356
-420.663556989795
-420.663556405338
-420.663555792787
-420.663555153971
-420.663554489976
-420.663553800638
-420.663553084991
-420.663552342062
-420.663551571550
-420.663550774105
-420.663555791172
-420.663554952919
-420.663554092985
-420.663553213514
-420.663552317212
-420.663551407754
-420.663550489846
-420.663549568766
-420.663548649485
-420.663547735881
-420.663551287788
-420.663550400010
-420.663549522000
-420.663548655459
-420.663547803863
-420.663546972211
-420.663546166047
-420.663545390051
-420.663544647085
-420.663543938254
-420.663545115430
-420.663544485017
-420.663543891384
-420.663543336665
-420.663542822367
-420.663542348166
-420.663541911974
-420.663541511143
-420.663541144100
-420.663540811483
-420.663540378847
-420.663540130655
-420.663539921976
-420.663539749889
-420.663539609069
-420.663539493813
-420.663539400230
-420.663539326840
-420.663539273693
-420.663539240118
-420.663538998411
-420.663539001442
-420.663539010916
-420.663539023124
-420.663539036962
-420.663539052980
-420.663539071208
-420.663539089184
-420.663539101607
-420.663539101928
-420.663540081930
-420.663540053022
-420.663540004118
-420.663539936009
-420.663539848090
-420.663539737436
-420.663539599797
-420.663539431726
-420.663539232287
-420.663539003078
-420.663541100063
-420.663540826247
-420.663540525024
-420.663540193346
-420.663539828513
-420.663539429925
-420.663538999586
-420.663538540917
-420.663538056773
-420.663537548201
-420.663540621616
-420.663540072838
-420.663539500844
-420.663538909633
-420.663538304402
-420.663537689509
-420.663537067110
-420.663536437294
-420.663535799652
-420.663535155098
-420.663538984507
-420.663538346620
-420.663537713868
-420.663537088995
-420.663536472920
-420.663535865838
-420.663535268784
-420.663534684439
-420.663534116510
-420.663533568247
-420.663537329187
-420.663536831365
-420.663536351767
-420.663535888887
-420.663535442681
-420.663535014568
-420.663534606156
-420.663534217829
-420.663533848094
-420.663533494124
-420.663536737486
-420.663536415748
-420.663536104799
-420.663535804940
-420.663535515871
-420.663535235848
-420.663534961884
-420.663534690640
-420.663534419575
-420.663534147415
-420.663537103842
-420.663536835740
-420.663536564577
-420.663536288108
-420.663536003662
-420.663535709227
-420.663535404108
-420.663535089058
-420.663534765341
-420.663534433702
-420.663537194068
-420.663536850408
-420.663536494502
-420.663536124664
-420.663535740402
-420.663535342258
-420.663534931087
-420.663534507109
-420.663534069638
-420.663533617237
-420.663535782264
-420.663535302796
-420.663534807420
-420.663534297273
-420.663533772793
-420.663533232900
-420.663532675066
-420.663532096294
-420.663531494621
-420.663530869867
-420.663532764179
-420.663532105066
-420.663531427871
-420.663530732106
-420.663530016039
-420.663529278139
-420.663528518444
-420.663527738963
-420.663526942928
-420.663526133235
-420.663529000010
-420.663528173392
-420.663527334481
-420.663526484551
-420.663525627212
-420.663524767719
-420.663523911115
-420.663523060664
-420.663522217194
-420.663521380224
-420.663525404586
-420.663524591196
-420.663523791110
-420.663523009543
-420.663522250421
-420.663521515248
-420.663520803250
-420.663520113031
-420.663519444223
-420.663518798110
-420.663523060536
-420.663522473426
-420.663521911661
-420.663521372399
-420.663520852127
-420.663520348304
-420.663519860400
-420.663519389300
-420.663518935799
-420.663518498977
-420.663522315196
-420.663521909167
-420.663521508372
-420.663521110448
-420.663520714769
-420.663520321528
-420.663519930438
-420.663519540029
-420.663519148025
-420.663518752525
-420.663521910433
-420.663521515450
-420.663521118548
-420.663520720413
-420.663520320436
-420.663519917047
-420.663519508764
-420.663519095374
-420.663518678193
-420.663518259356
-420.663520515301
-420.663520104824
-420.663519694443
-420.663519283277
-420.663518871343
-420.663518459942
-420.663518051192
-420.663517646761
-420.663517246935
-420.663516850475
-420.663517909472
-420.663517522749
-420.663517137702
-420.663516756760
-420.663516382556
-420.663516016611
-420.663515658674
-420.663515307461
-420.663514962165
-420.663514623831
-420.663514657906
-420.663514350874
-420.663514060582
-420.663513787417
-420.663513529449
-420.663513284057
-420.663513050132
-420.663512829351
-420.663512625627
-420.663512443178
-420.663512005159
-420.663511875870
-420.663511766601
-420.663511674461
-420.663511598471
-420.663511539766
-420.663511500140
-420.663511479498
-420.663511474338
-420.663511478132
-420.663511105780
-420.663511114390
-420.663511119683
-420.663511124137
-420.663511130537
-420.663511138873
-420.663511145097
-420.663511142486
-420.663511124495
-420.663511087513
-420.663510857791
-420.663510788597
-420.663510702989
-420.663510599366
-420.663510474282
-420.663510324970
-420.663510152118
-420.663509960956
-420.663509759626
-420.663509555771
-420.663509294795
-420.663509098549
-420.663508902172
-420.663508704730
-420.663508508863
-420.663508320839
-420.663508148437
-420.663507998023
-420.663507873000
-420.663507774464
-420.663507364982
-420.663507328872
-420.663507328474
-420.663507369389
-420.663507454973
-420.663507584498
-420.663507753591
-420.663507956536
-420.663508189089
-420.663508449838
-420.663507775993
-420.663508100545
-420.663508452941
-420.663508828355
-420.663509220107
-420.663509621761
-420.663510028714
-420.663510438116
-420.663510847473
-420.663511252857
-420.663510740559
-420.663511125245
-420.663511486793
-420.663511821569
-420.663512128801
-420.663512409363
-420.663512663778
-420.663512890911
-420.663513088013
-420.663513252135
-420.663513534016
-420.663513637059
-420.663513710240
-420.663513757447
-420.663513781798
-420.663513784987
-420.663513768004
-420.663513732390
-420.663513681217
-420.663513619021
-420.663514566154
-420.663514501522
-420.663514435876
-420.663514369103
-420.663514300748
-420.663514231521
-420.663514163988
-420.663514101956
-420.663514048895
-420.663514006536
-420.663515065525
-420.663515046977
-420.663515033479
-420.663515023463
-420.663515016547
-420.663515012749
-420.663515011068
-420.663515008938
-420.663515002532
-420.663514988383
-420.663515988146
-420.663515961404
-420.663515927974
-420.663515889616
-420.663515846204
-420.663515795393
-420.663515733891
-420.663515659404
-420.663515571973
-420.663515474001
-420.663516489918
-420.663516384233
-420.663516273893
-420.663516158431
-420.663516038243
-420.663515916020
-420.663515796894
-420.663515686685
-420.663515589676
-420.663515507120
-420.663516185485
-420.663516131691
-420.663516089369
-420.663516061234
-420.663516051580
-420.663516063877
-420.663516098754
-420.663516153762
-420.663516225150
-420.663516310302
-420.663516289972
-420.663516409295
-420.663516546368
-420.663516700177
-420.663516866146
-420.663517037490
-420.663517207994
-420.663517374249
-420.663517535850
-420.663517693452
-420.663517358044
-420.663517507434
-420.663517640732
-420.663517751074
-420.663517834392
-420.663517890375
-420.663517921294
-420.663517929191
-420.663517913568
-420.663517871031
-420.663517915607
-420.663517815105
-420.663517680313
-420.663517514190
-420.663517320407
-420.663517100914
-420.663516854920
-420.663516579921
-420.663516274080
-420.663515938371
-420.663516468919
-420.663516097143
-420.663515711155
-420.663515313678
-420.663514904647
-420.663514482618
-420.663514046849
-420.663513598510
-420.663513140549
-420.663512676216
-420.663513330276
-420.663512866493
-420.663512397267
-420.663511922022
-420.663511442114
-420.663510961078
-420.663510483544
-420.663510013578
-420.663509553195
-420.663509102232
-420.663509718586
-420.663509291630
-420.663508872200
-420.663508462577
-420.663508065988
-420.663507685402
-420.663507322859
-420.663506979826
-420.663506657867
-420.663506359816
-420.663506463769
-420.663506233675
-420.663506039051
-420.663505881199
-420.663505759412
-420.663505672003
-420.663505617879
-420.663505597527
-420.663505612832
-420.663505666004
-420.663504744121
-420.663504881366
-420.663505054988
-420.663505262853
-420.663505503616
-420.663505776719
-420.663506081312
-420.663506414975
-420.663506773141
-420.663507149945
-420.663505368590
-420.663505775165
-420.663506191091
-420.663506616953
-420.663507052515
-420.663507495212
-420.663507940195
-420.663508382010
-420.663508816779
-420.663509243296
-420.663507038132
-420.663507457914
-420.663507870450
-420.663508272845
-420.663508661585
-420.663509034897
-420.663509393985
-420.663509742639
-420.663510084663
-420.663510421346
-420.663508036577
-420.663508360504
-420.663508666924
-420.663508954074
-420.663509223677
-420.663509479324
-420.663509723639
-420.663509956071
-420.663510172936
-420.663510369520
-420.663507936664
-420.663508093706
-420.663508227741
-420.663508339378
-420.663508426535
-420.663508483976
-420.663508505270
-420.663508485470
-420.663508423249
-420.663508320751
-420.663506243348
-420.663506079061
-420.663505880597
-420.663505645617
-420.663505371606
-420.663505058057
-420.663504707367
-420.663504323966
-420.663503912380
-420.663503475660
-420.663502163810
-420.663501690110
-420.663501195601
-420.663500684746
-420.663500164049
-420.663499640602
-420.663499120356
-420.663498607201
-420.663498103255
-420.663497610149
-420.663497279851
-420.663496826559
-420.663496393840
-420.663495985021
-420.663495601699
-420.663495243560
-420.663494909089
-420.663494596809
-420.663494306350
-420.663494038452
-420.663494236288
-420.663494026118
-420.663493839234
-420.663493672989
-420.663493523759
-420.663493388025
-420.663493263044
-420.663493146749
-420.663493037069
-420.663492931192
-420.663493046053
-420.663492945590
-420.663492838171
-420.663492722787
-420.663492600453
-420.663492473167
-420.663492342361
-420.663492207616
-420.663492066688
-420.663491916457
-420.663492142623
-420.663491977941
-420.663491801213
-420.663491613333
-420.663491414439
-420.663491203617
-420.663490979831
-420.663490743173
-420.663490495675
-420.663490240814
-420.663491082458
-420.663490830714
-420.663490574570
-420.663490310364
-420.663490034298
-420.663489744161
-420.663489440043
-420.663489123542
-420.663488796106
-420.663488458050
-420.663490108694
-420.663489757580
-420.663489395022
-420.663489023272
-420.663488645289
-420.663488263025
-420.663487876271
-420.663487482743
-420.663487079630
-420.663486665301
-420.663488632870
-420.663488211137
-420.663487784834
-420.663487356578
-420.663486927831
-420.663486499474
-420.663486072661
-420.663485649310
-420.663485231604
-420.663484820913
-420.663486581704
-420.663486193927
-420.663485808533
-420.663485423916
-420.663485039984
-420.663484657917
-420.663484279152
-420.663483904373
-420.663483533343
-420.663483165199
-420.663484714217
-420.663484362051
-420.663484011320
-420.663483660665
-420.663483307481
-420.663482948250
-420.663482579818
-420.663482200547
-420.663481810776
-420.663481412182
-420.663483218339
-420.663482819052
-420.663482413327
-420.663482000240
-420.663481579219
-420.663481150354
-420.663480714163
-420.663480270886
-420.663479820061
-420.663479360706
-420.663481717390
-420.663481253398
-420.663480782888
-420.663480308788
-420.663479833915
-420.663479360035
-420.663478887529
-420.663478415798
-420.663477943934
-420.663477471240
-420.663479794606
-420.663479332316
-420.663478868583
-420.663478403613
-420.663477938099
-420.663477473166
-420.663477010079
-420.663476549681
-420.663476092046
-420.663475636516
-420.663477436354
-420.663476994472
-420.663476552444
-420.663476110091
-420.663475667058
-420.663475222659
-420.663474776320
-420.663474328230
-420.663473879680
-420.663473432850
-420.663474873892
-420.663474446839
-420.663474023474
-420.663473601612
-420.663473179015
-420.663472754685
-420.663472329261
-420.663471904349
-420.663471481404
-420.663471060770
-420.663472149493
-420.663471740937
-420.663471332005
-420.663470923159
-420.663470515366
-420.663470109151
-420.663469703646
-420.663469296638
-420.663468885412
-420.663468467837
-420.663468889795
-420.663468468610
-420.663468042192
-420.663467611299
-420.663467175807
-420.663466734864
-420.663466287493
-420.663465832899
-420.663465370644
-420.663464900430
-420.663464785067
-420.663464308079
-420.663463822681
-420.663463329422
-420.663462829250
-420.663462323200
-420.663461812200
-420.663461297170
-420.663460779303
-420.663460260430
-420.663460326438
-420.663459822736
-420.663459323570
-420.663458829099
-420.663458338948
-420.663457853262
-420.663457373646
-420.663456903168
-420.663456445515
-420.663456003600
-420.663456923992
-420.663456526159
-420.663456144332
-420.663455778830
-420.663455431352
-420.663455104445
-420.663454799812
-420.663454517250
-420.663454254475
-420.663454008317
-420.663456063372
-420.663455855068
-420.663455661223
-420.663455482893
-420.663455319624
-420.663455168782
-420.663455026192
-420.663454887514
-420.663454749645
-420.663454610958
-420.663457724607
-420.663457591879
-420.663457452942
-420.663457303531
-420.663457139117
-420.663456956151
-420.663456752726
-420.663456528246
-420.663456282513
-420.663456015006
-420.663459983654
-420.663459680591
-420.663459352064
-420.663458997946
-420.663458618998
-420.663458216411
-420.663457791538
-420.663457345483
-420.663456879263
-420.663456394092
-420.663461035975
-420.663460530451
-420.663460012578
-420.663459485716
-420.663458953510
-420.663458419700
-420.663457887730
-420.663457360366
-420.663456839578
-420.663456326801
-420.663461006459
-420.663460524679
-420.663460054965
-420.663459598962
-420.663459158055
-420.663458733213
-420.663458325097
-420.663457934487
-420.663457562479
-420.663457210362
-420.663460977663
-420.663460677658
-420.663460397816
-420.663460136451
-420.663459891737
-420.663459662488
-420.663459448258
-420.663459249172
-420.663459065409
-420.663458896885
-420.663461261748
-420.663461132344
-420.663461018216
-420.663460920014
-420.663460837991
-420.663460771587
-420.663460719371
-420.663460679540
-420.663460650810
-420.663460632759
-420.663462011504
-420.663462025075
-420.663462049658
-420.663462083740
-420.663462125165
-420.663462172003
-420.663462222988
-420.663462277233
-420.663462333469
-420.663462389156
-420.663463608263
-420.663463660514
-420.663463700523
-420.663463726185
-420.663463736660
-420.663463731309
-420.663463708416
-420.663463664787
-420.663463596417
-420.663463499822
-420.663464799479
-420.663464652896
-420.663464476532
-420.663464270360
-420.663464033228
-420.663463763390
-420.663463459780
-420.663463123156
-420.663462756160
-420.663462362361
-420.663463771735
-420.663463342626
-420.663462891363
-420.663462418133
-420.663461924398
-420.663461413166
-420.663460888460
-420.663460353776
-420.663459811236
-420.663459261619
-420.663461123781
-420.663460573079
-420.663460019732
-420.663459467257
-420.663458918562
-420.663458374872
-420.663457835455
-420.663457298492
-420.663456762381
-420.663456226615
-420.663458697129
-420.663458174719
-420.663457654312
-420.663457135037
-420.663456615424
-420.663456094340
-420.663455571782
-420.663455048844
-420.663454527002
-420.663454006989
-420.663456632564
-420.663456123188
-420.663455610883
-420.663455094255
-420.663454573427
-420.663454050119
-420.663453527017
-420.663453006906
-420.663452491979
-420.663451983718
-420.663454215704
-420.663453733915
-420.663453262868
-420.663452804521
-420.663452360686
-420.663451932497
-420.663451520197
-420.663451123483
-420.663450742357
-420.663450377890
-420.663451720975
-420.663451407239
-420.663451119728
-420.663450860831
-420.663450631020
-420.663450429137
-420.663450253292
-420.663450102129
-420.663449975564
-420.663449874668
-420.663449925816
-420.663449887528
-420.663449876126
-420.663449890434
-420.663449929589
-420.663449993888
-420.663450084618
-420.663450203230
-420.663450350034
-420.663450523546
-420.663449337331
-420.663449563109
-420.663449807318
-420.663450069626
-420.663450351020
-420.663450652623
-420.663450974498
-420.663451315055
-420.663451671535
-420.663452040937
-420.663449850202
-420.663450247390
-420.663450652358
-420.663451063550
-420.663451478612
-420.663451894653
-420.663452308953
-420.663452719363
-420.663453124506
-420.663453523311
-420.663451067468
-420.663451457624
-420.663451834934
-420.663452196089
-420.663452537878
-420.663452857529
-420.663453152882
-420.663453422303
-420.663453664673
-420.663453879362
-420.663452063898
-420.663452232915
-420.663452374468
-420.663452488173
-420.663452573145
-420.663452628099
-420.663452651879
-420.663452643832
-420.663452604040
-420.663452533161
-420.663451299662
-420.663451179204
-420.663451030803
-420.663450856144
-420.663450657670
-420.663450438350
-420.663450201272
-420.663449948932
-420.663449682747
-420.663449403009
-420.663448074529
-420.663447776305
-420.663447464685
-420.663447141412
-420.663446809148
-420.663446470917
-420.663446129640
-420.663445787723
-420.663445446915
-420.663445108548
-420.663443619065
-420.663443297407
-420.663442980473
-420.663442668097
-420.663442359303
-420.663442052373
-420.663441745294
-420.663441436551
-420.663441125812
-420.663440814150
-420.663439738674
-420.663439440006
-420.663439145014
-420.663438852605
-420.663438560077
-420.663438264099
-420.663437961883
-420.663437651805
-420.663437333325
-420.663437006314
-420.663436374371
-420.663436037524
-420.663435690094
-420.663435332324
-420.663434966014
-420.663434594019
-420.663434219310
-420.663433843537
-420.663433466516
-420.663433086775
-420.663432271175
-420.663431892066
-420.663431510962
-420.663431131709
-420.663430758557
-420.663430395059
-420.663430043586
-420.663429705675
-420.663429382865
-420.663429077180
-420.663427479969
-420.663427224706
-420.663426992895
-420.663426785019
-420.663426601048
-420.663426441143
-420.663426306365
-420.663426198576
-420.663426119923
-420.663426071979
-420.663423243861
-420.663423266757
-420.663423318981
-420.663423399085
-420.663423505822
-420.663423638259
-420.663423795753
-420.663423977787
-420.663424184048
-420.663424414357
-420.663420157740
-420.663420444305
-420.663420753309
-420.663421083243
-420.663421432222
-420.663421798424
-420.663422180299
-420.663422576770
-420.663422987049
-420.663423410497
-420.663417900110
-420.663418357162
-420.663418826008
-420.663419306399
-420.663419797898
-420.663420299527
-420.663420809490
-420.663421325358
-420.663421844515
-420.663422364708
-420.663416083200
-420.663416610653
-420.663417136495
-420.663417660413
-420.663418181776
-420.663418699543
-420.663419212319
-420.663419718423
-420.663420215913
-420.663420702686
-420.663414462529
-420.663414930877
-420.663415383035
-420.663415818196
-420.663416236095
-420.663416636703
-420.663417020004
-420.663417385891
-420.663417734206
-420.663418064858
-420.663412809396
-420.663413114050
-420.663413400294
-420.663413667504
-420.663413915327
-420.663414144174
-420.663414355545
-420.663414551702
-420.663414735210
-420.663414908099
-420.663410804095
-420.663410968850
-420.663411125399
-420.663411274894
-420.663411419249
-420.663411560769
-420.663411701714
-420.663411843918
-420.663411989060
-420.663412139220
-420.663408470011
-420.663408649142
-420.663408842691
-420.663409053123
-420.663409281634
-420.663409528640
-420.663409794520
-420.663410080476
-420.663410388627
-420.663410721612
-420.663407202557
-420.663407600565
-420.663408027293
-420.663408482833
-420.663408967433
-420.663409481475
-420.663410024889
-420.663410596556
-420.663411194009
-420.663411814056
-420.663408454200
-420.663409121526
-420.663409805779
-420.663410506529
-420.663411222681
-420.663411951803
-420.663412690178
-420.663413433657
-420.663414178515
-420.663414921705
-420.663411088309
-420.663411829580
-420.663412559779
-420.663413274974
-420.663413971865
-420.663414648585
-420.663415304809
-420.663415941111
-420.663416557812
-420.663417154144
-420.663412222198
-420.663412780045
-420.663413311048
-420.663413814135
-420.663414289145
-420.663414736393
-420.663415156254
-420.663415549090
-420.663415915664
-420.663416257334
-420.663410699241
-420.663411005015
-420.663411292024
-420.663411561265
-420.663411812881
-420.663412046565
-420.663412262035
-420.663412459370
-420.663412639112
-420.663412802249
-420.663407401045
-420.663407543684
-420.663407676375
-420.663407802544
-420.663407925651
-420.663408048472
-420.663408172857
-420.663408299892
-420.663408430508
-420.663408566158
-420.663403058479
-420.663403219709
-420.663403394097
-420.663403584744
-420.663403794877
-420.663404028276
-420.663404289393
-420.663404583020
-420.663404913492
-420.663405283754
-420.663399023395
-420.663399484169
-420.663399984056
-420.663400521988
-420.663401097610
-420.663401711168
-420.663402362966
-420.663403052866
-420.663403780065
-420.663404543165
-420.663397413496
-420.663398252130
-420.663399118708
-420.663400008417
-420.663400915288
-420.663401832698
-420.663402754178
-420.663403673999
-420.663404587483
-420.663405490789
-420.663397662501
-420.663398546581
-420.663399412643
-420.663400259111
-420.663401084467
-420.663401886759
-420.663402663172
-420.663403410269
-420.663404124880
-420.663404805298
-420.663396386226
-420.663397012070
-420.663397610781
-420.663398186196
-420.663398741405
-420.663399278947
-420.663399801501
-420.663400312499
-420.663400815827
-420.663401314930
-420.663392568752
-420.663393073356
-420.663393574604
-420.663394072045
-420.663394567219
-420.663395063633
-420.663395565496
-420.663396075771
-420.663396594804
-420.663397120347
-420.663388478038
-420.663389016456
-420.663389553068
-420.663390086931
-420.663390616693
-420.663391139659
-420.663391651993
-420.663392150008
-420.663392631595
-420.663393096978
-420.663385330035
-420.663385778272
-420.663386214179
-420.663386636211
-420.663387042037
-420.663387430165
-420.663387801177
-420.663388157665
-420.663388503122
-420.663388840694
-420.663382776922
-420.663383116145
-420.663383454381
-420.663383795580
-420.663384144754
-420.663384506760
-420.663384885122
-420.663385281443
-420.663385695985
-420.663386128939
-420.663381442416
-420.663381928082
-420.663382437222
-420.663382971008
-420.663383529133
-420.663384110052
-420.663384711854
-420.663385333028
-420.663385972550
-420.663386629292
-420.663382327793
-420.663383023292
-420.663383725462
-420.663384429104
-420.663385129768
-420.663385824261
-420.663386510513
-420.663387186956
-420.663387851836
-420.663388502997
-420.663383926430
-420.663384554658
-420.663385163925
-420.663385754095
-420.663386325377
-420.663386877843
-420.663387411052
-420.663387924231
-420.663388416796
-420.663388889078
-420.663383191834
-420.663383639925
-420.663384076390
-420.663384504916
-420.663384928221
-420.663385347642
-420.663385763575
-420.663386175979
-420.663386585175
-420.663386991872
-420.663379593877
-420.663380006626
-420.663380417343
-420.663380824855
-420.663381228188
-420.663381627326
-420.663382023471
-420.663382418217
-420.663382812384
-420.663383204951
-420.663375244403
-420.663375632168
-420.663376007555
-420.663376368628
-420.663376715281
-420.663377048430
-420.663377368882
-420.663377676744
-420.663377971769
-420.663378254362
-420.663371458793
-420.663371732072
-420.663372001634
-420.663372269888
-420.663372537485
-420.663372803725
-420.663373068178
-420.663373332057
-420.663373598799
-420.663373873271
-420.663368291990
-420.663368603559
-420.663368933030
-420.663369281869
-420.663369651979
-420.663370046087
-420.663370467173
-420.663370916884
-420.663371394879
-420.663371898800
-420.663366673491
-420.663367229775
-420.663367806693
-420.663368405367
-420.663369026818
-420.663369670817
-420.663370335350
-420.663371017418
-420.663371714197
-420.663372423739
-420.663367670338
-420.663368409276
-420.663369155653
-420.663369905565
-420.663370654724
-420.663371399914
-420.663372139959
-420.663372875622
-420.663373608723
-420.663374340712
-420.663370185685
-420.663370922401
-420.663371656385
-420.663372386800
-420.663373113436
-420.663373836372
-420.663374555473
-420.663375270204
-420.663375979850
-420.663376684078
-420.663372293746
-420.663372996263
-420.663373696656
-420.663374396060
-420.663375094624
-420.663375791205
-420.663376483435
-420.663377168139
-420.663377841621
-420.663378500186
-420.663373390605
-420.663374017560
-420.663374622399
-420.663375204324
-420.663375762735
-420.663376296598
-420.663376804306
-420.663377283641
-420.663377732230
-420.663378147930
-420.663372895749
-420.663373248272
-420.663373563044
-420.663373838918
-420.663374075694
-420.663374274830
-420.663374439778
-420.663374575347
-420.663374686855
-420.663374778867
-420.663369785077
-420.663369854722
-420.663369911874
-420.663369958790
-420.663369998654
-420.663370035307
-420.663370072770
-420.663370114966
-420.663370165851
-420.663370229662
-420.663365168063
-420.663365279433
-420.663365416809
-420.663365582353
-420.663365776440
-420.663365998050
-420.663366245627
-420.663366517685
-420.663366812977
-420.663367130191
-420.663362106763
-420.663362470615
-420.663362851242
-420.663363247625
-420.663363659177
-420.663364085133
-420.663364523543
-420.663364970848
-420.663365422461
-420.663365873746
-420.663361418671
-420.663361869770
-420.663362314817
-420.663362753127
-420.663363183211
-420.663363603091
-420.663364011500
-420.663364408828
-420.663364797398
-420.663365180367
-420.663361559236
-420.663361945319
-420.663362326493
-420.663362700394
-420.663363065874
-420.663363423808
-420.663363776618
-420.663364126742
-420.663364475087
-420.663364820848
-420.663361491584
-420.663361837809
-420.663362179775
-420.663362519503
-420.663362858598
-420.663363196604
-420.663363530495
-420.663363855566
-420.663364167294
-420.663364462792
-420.663360387313
-420.663360658198
-420.663360911868
-420.663361147075
-420.663361361667
-420.663361553633
-420.663361722065
-420.663361867183
-420.663361989630
-420.663362089362
-420.663356909637
-420.663356968726
-420.663356999757
-420.663357002097
-420.663356976921
-420.663356926744
-420.663356854464
-420.663356762720
-420.663356653594
-420.663356528814
-420.663350802063
-420.663350661858
-420.663350511870
-420.663350353576
-420.663350187901
-420.663350015557
-420.663349837610
-420.663349655982
-420.663349473498
-420.663349293508
-420.663343685159
-420.663343530159
-420.663343386002
-420.663343254266
-420.663343136168
-420.663343032656
-420.663342944527
-420.663342872505
-420.663342817491
-420.663342780652
-420.663337352057
-420.663337367049
-420.663337406176
-420.663337471948
-420.663337566851
-420.663337693045
-420.663337852058
-420.663338044498
-420.663338269864
-420.663338526792
-420.663333117850
-420.663333442819
-420.663333796105
-420.663334178201
-420.663334589703
-420.663335030554
-420.663335499607
-420.663335994857
-420.663336514097
-420.663337055438
-420.663331316245
-420.663331904952
-420.663332507722
-420.663333118915
-420.663333732037
-420.663334341353
-420.663334943323
-420.663335536879
-420.663336122292
-420.663336699442
-420.663330277697
-420.663330839492
-420.663331383168
-420.663331905618
-420.663332405625
-420.663332883275
-420.663333338409
-420.663333769404
-420.663334173268
-420.663334547228
-420.663327833821
-420.663328158880
-420.663328461720
-420.663328748098
-420.663329021772
-420.663329283473
-420.663329531773
-420.663329765082
-420.663329983568
-420.663330189382
-420.663324043626
-420.663324241311
-420.663324431568
-420.663324613089
-420.663324784839
-420.663324947502
-420.663325103713
-420.663325256701
-420.663325408131
-420.663325556810
-420.663320410646
-420.663320548982
-420.663320671419
-420.663320775931
-420.663320862350
-420.663320931086
-420.663320981768
-420.663321012846
-420.663321022170
-420.663321008138
-420.663316953212
-420.663316899157
-420.663316822196
-420.663316721997
-420.663316597256
-420.663316446467
-420.663316269037
-420.663316066010
-420.663315840006
-420.663315594509
-420.663312517299
-420.663312249773
-420.663311970944
-420.663311682556
-420.663311386324
-420.663311084071
-420.663310777578
-420.663310468515
-420.663310158545
-420.663309849556
-420.663306889135
-420.663306598270
-420.663306316509
-420.663306046167
-420.663305788622
-420.663305544269
-420.663305312777
-420.663305093505
-420.663304885666
-420.663304688556
-420.663301152201
-420.663300983890
-420.663300824584
-420.663300674416
-420.663300534009
-420.663300404348
-420.663300286403
-420.663300180730
-420.663300087167
-420.663300004935
-420.663296230559
-420.663296177272
-420.663296132392
-420.663296096084
-420.663296069374
-420.663296054089
-420.663296052361
-420.663296066387
-420.663296098058
-420.663296148910
-420.663292304525
-420.663292407345
-420.663292533660
-420.663292684675
-420.663292860812
-420.663293061466
-420.663293285168
-420.663293530337
-420.663293796096
-420.663294082706
-420.663289762960
-420.663290103003
-420.663290465258
-420.663290847501
-420.663291246363
-420.663291658377
-420.663292080943
-420.663292512387
-420.663292951033
-420.663293394039
-420.663289063203
-420.663289508247
-420.663289942174
-420.663290361906
-420.663290766911
-420.663291158374
-420.663291537413
-420.663291903609
-420.663292254872
-420.663292588628
-420.663289316706
-420.663289620750
-420.663289908874
-420.663290183679
-420.663290446456
-420.663290697046
-420.663290934931
-420.663291161185
-420.663291379791
-420.663291597244
-420.663289096411
-420.663289339098
-420.663289596881
-420.663289870527
-420.663290160008
-420.663290466215
-420.663290791418
-420.663291138683
-420.663291510217
-420.663291906526
-420.663288732012
-420.663289181428
-420.663289652780
-420.663290147242
-420.663290666610
-420.663291211606
-420.663291780513
-420.663292368900
-420.663292970759
-420.663293580143
-420.663289302771
-420.663289922893
-420.663290541369
-420.663291156392
-420.663291765493
-420.663292365928
-420.663292955353
-420.663293532347
-420.663294096503
-420.663294647663
-420.663289869507
-420.663290399657
-420.663290912437
-420.663291406044
-420.663291880045
-420.663292335841
-420.663292776396
-420.663293205458
-420.663293626726
-420.663294043229
-420.663289047298
-420.663289468775
-420.663289891119
-420.663290315813
-420.663290744120
-420.663291176789
-420.663291613926
-420.663292055195
-420.663292500177
-420.663292948986
-420.663287733116
-420.663288200549
-420.663288674548
-420.663289154869
-420.663289639737
-420.663290126031
-420.663290609942
-420.663291087873
-420.663291556907
-420.663292014830
-420.663286720717
-420.663287158380
-420.663287578100
-420.663287977755
-420.663288356420
-420.663288714723
-420.663289054400
-420.663289377209
-420.663289683765
-420.663289973245
-420.663284947834
-420.663285207120
-420.663285447283
-420.663285670952
-420.663285881785
-420.663286083193
-420.663286277421
-420.663286465806
-420.663286649949
-420.663286832676
-420.663282421311
-420.663282622658
-420.663282834556
-420.663283057354
-420.663283288812
-420.663283525793
-420.663283766208
-420.663284010094
-420.663284259193
-420.663284515184
-420.663280630762
-420.663280906566
-420.663281183713
-420.663281459250
-420.663281731911
-420.663282001711
-420.663282268485
-420.663282530243
-420.663282782709
-420.663283020453
-420.663278925146
-420.663279131326
-420.663279318466
-420.663279489825
-420.663279648163
-420.663279794458
-420.663279928000
-420.663280047858
-420.663280154550
-420.663280250618
-420.663275605981
-420.663275699993
-420.663275792724
-420.663275884949
-420.663275977510
-420.663276072920
-420.663276175861
-420.663276292362
-420.663276427979
-420.663276586076
-420.663271308662
-420.663271520810
-420.663271754469
-420.663272009996
-420.663272289078
-420.663272593818
-420.663272925388
-420.663273283435
-420.663273666440
-420.663274072781
-420.663267235350
-420.663267696095
-420.663268179168
-420.663268683206
-420.663269205043
-420.663269740026
-420.663270283385
-420.663270831473
-420.663271382638
-420.663271936872
-420.663263039673
-420.663263611677
-420.663264186222
-420.663264761234
-420.663265334550
-420.663265904660
-420.663266471002
-420.663267033546
-420.663267592163
-420.663268146109
-420.663258359909
-420.663258911429
-420.663259456465
-420.663259996920
-420.663260535926
-420.663261076786
-420.663261621829
-420.663262171717
-420.663262725712
-420.663263282674
-420.663254153049
-420.663254724400
-420.663255300571
-420.663255883246
-420.663256473299
-420.663257070608
-420.663257674731
-420.663258285906
-420.663258905656
-420.663259536439
-420.663251335941
-420.663252001900
-420.663252681297
-420.663253372000
-420.663254072034
-420.663254780776
-420.663255499171
-420.663256228992
-420.663256971455
-420.663257726374
-420.663250101852
-420.663250884926
-420.663251678070
-420.663252483057
-420.663253302383
-420.663254137710
-420.663254988654
-420.663255852875
-420.663256727454
-420.663257610572
-420.663250569161
-420.663251478440
-420.663252399360
-420.663253331670
-420.663254273200
-420.663255221019
-420.663256173039
-420.663257129170
-420.663258090828
-420.663259059254
-420.663252666740
-420.663253652075
-420.663254635294
-420.663255612090
-420.663256580420
-420.663257540731
-420.663258494386
-420.663259441637
-420.663260380390
-420.663261306574
-420.663255315297
-420.663256214844
-420.663257095563
-420.663257959252
-420.663258807395
-420.663259639423
-420.663260452735
-420.663261244053
-420.663262011623
-420.663262756326
-420.663256553095
-420.663257271150
-420.663257974706
-420.663258663018
-420.663259333739
-420.663259984841
-420.663260616558
-420.663261231883
-420.663261835333
-420.663262431118
-420.663255437556
-420.663256030632
-420.663256616401
-420.663257193987
-420.663257764157
-420.663258329019
-420.663258890721
-420.663259449897
-420.663260004968
-420.663260552913
-420.663252974154
-420.663253509266
-420.663254034718
-420.663254553161
-420.663255066669
-420.663255575000
-420.663256075303
-420.663256563095
-420.663257034201
-420.663257486282
-420.663250309365
-420.663250731881
-420.663251137159
-420.663251524673
-420.663251892845
-420.663252240341
-420.663252567550
-420.663252877139
-420.663253173112
-420.663253459123
-420.663247059145
-420.663247335830
-420.663247602085
-420.663247857440
-420.663248104070
-420.663248346616
-420.663248590682
-420.663248840778
-420.663249099089
-420.663249365861
-420.663242900882
-420.663243194157
-420.663243499873
-420.663243821305
-420.663244160356
-420.663244516336
-420.663244886242
-420.663245266565
-420.663245655186
-420.663246052164
-420.663238912882
-420.663239338252
-420.663239772036
-420.663240209582
-420.663240645087
-420.663241073719
-420.663241493075
-420.663241902741
-420.663242302624
-420.663242691060
-420.663234881512
-420.663235242441
-420.663235579826
-420.663235892865
-420.663236183396
-420.663236454206
-420.663236706900
-420.663236940992
-420.663237154555
-420.663237346321
-420.663228998510
-420.663229160107
-420.663229310564
-420.663229454639
-420.663229594830
-420.663229731507
-420.663229864573
-420.663229995454
-420.663230127929
-420.663230267376
-420.663222015605
-420.663222188560
-420.663222376193
-420.663222576941
-420.663222789514
-420.663223014323
-420.663223253436
-420.663223509202
-420.663223782603
-420.663224072348
-420.663216683596
-420.663217004244
-420.663217333683
-420.663217672410
-420.663218022126
-420.663218384127
-420.663218757787
-420.663219140357
-420.663219527942
-420.663219917255
-420.663213210449
-420.663213609826
-420.663214013179
-420.663214422784
-420.663214839660
-420.663215263543
-420.663215693871
-420.663216131054
-420.663216577126
-420.663217035261
-420.663209800161
-420.663210298523
-420.663210811978
-420.663211337932
-420.663211874101
-420.663212420269
-420.663212978781
-420.663213553557
-420.663214148004
-420.663214763301
-420.663206379845
-420.663207040083
-420.663207713835
-420.663208399995
-420.663209099051
-420.663209811537
-420.663210536407
-420.663211270309
-420.663212008788
-420.663212748382
-420.663203742362
-420.663204494217
-420.663205253304
-420.663206022452
-420.663206801521
-420.663207587421
-420.663208376258
-420.663209165720
-420.663209956392
-420.663210751054
-420.663201721687
-420.663202537982
-420.663203360634
-420.663204187655
-420.663205018681
-420.663205856158
-420.663206704578
-420.663207568009
-420.663208447619
-420.663209340828
-420.663199942330
-420.663200855039
-420.663201770031
-420.663202688204
-420.663203611673
-420.663204541197
-420.663205475030
-420.663206409395
-420.663207340601
-420.663208266855
-420.663197736836
-420.663198661568
-420.663199582163
-420.663200495291
-420.663201395571
-420.663202277866
-420.663203139681
-420.663203981962
-420.663204807983
-420.663205621035
-420.663194183405
-420.663194979385
-420.663195761380
-420.663196528640
-420.663197282150
-420.663198024209
-420.663198756820
-420.663199480435
-420.663200193987
-420.663200896150
-420.663189403054
-420.663190092244
-420.663190777628
-420.663191463904
-420.663192153964
-420.663192848013
-420.663193544077
-420.663194239391
-420.663194931784
-420.663195620197
-420.663184739083
-420.663185424332
-420.663186103752
-420.663186776098
-420.663187440630
-420.663188097690
-420.663188748777
-420.663189395798
-420.663190040010
-420.663190681106
-420.663180841578
-420.663181474629
-420.663182096106
-420.663182703887
-420.663183297715
-420.663183879222
-420.663184451469
-420.663185017996
-420.663185582052
-420.663186146257
-420.663177954154
-420.663178530012
-420.663179112385
-420.663179703442
-420.663180304672
-420.663180916228
-420.663181536946
-420.663182165081
-420.663182799858
-420.663183442615
-420.663176704561
-420.663177380602
-420.663178076979
-420.663178795054
-420.663179533220
-420.663180288122
-420.663181056482
-420.663181836322
-420.663182626858
-420.663183427093
-420.663176371953
-420.663177187104
-420.663177999035
-420.663178803762
-420.663179600464
-420.663180391020
-420.663181177963
-420.663181961643
-420.663182738833
-420.663183503471
-420.663174860557
-420.663175589605
-420.663176294997
-420.663176978231
-420.663177640614
-420.663178281298
-420.663178897554
-420.663179486686
-420.663180048638
-420.663180586975
-420.663171198516
-420.663171714111
-420.663172220418
-420.663172716641
-420.663173200336
-420.663173670275
-420.663174128566
-420.663174580577
-420.663175032836
-420.663175490497
-420.663166556103
-420.663167036657
-420.663167526883
-420.663168029984
-420.663168551479
-420.663169097495
-420.663169672375
-420.663170277266
-420.663170910469
-420.663171569474
-420.663162736176
-420.663163451282
-420.663164194961
-420.663164969799
-420.663165776557
-420.663166613797
-420.663167478811
-420.663168369091
-420.663169283174
-420.663170220450
-420.663160971038
-420.663161956372
-420.663162957714
-420.663163970090
-420.663164988940
-420.663166011125
-420.663167035359
-420.663168061496
-420.663169089585
-420.663170119042
-420.663160901905
-420.663161935031
-420.663162964184
-420.663163988068
-420.663165006083
-420.663166018071
-420.663167023946
-420.663168023504
-420.663169016502
-420.663170003129
-420.663161175222
-420.663162159066
-420.663163142469
-420.663164128161
-420.663165117923
-420.663166111801
-420.663167108316
-420.663168105184
-420.663169100353
-420.663170092750
-420.663161458666
-420.663162451459
-420.663163440914
-420.663164425366
-420.663165402535
-420.663166370369
-420.663167327722
-420.663168274150
-420.663169208838
-420.663170129249
-420.663161634549
-420.663162517783
-420.663163370646
-420.663164190052
-420.663164975909
-420.663165730137
-420.663166454824
-420.663167150614
-420.663167816544
-420.663168451221
-420.663160271890
-420.663160852184
-420.663161405996
-420.663161936055
-420.663162443257
-420.663162926640
-420.663163385030
-420.663163819277
-420.663164233576
-420.663164634869
-420.663156671506
-420.663157073151
-420.663157476584
-420.663157881258
-420.663158286087
-420.663158691270
-420.663159098787
-420.663159511326
-420.663159930456
-420.663160355818
-420.663152445904
-420.663152884510
-420.663153326841
-420.663153775751
-420.663154234913
-420.663154706706
-420.663155190682
-420.663155683826
-420.663156182084
-420.663156682451
-420.663149256170
-420.663149765759
-420.663150279627
-420.663150799212
-420.663151325248
-420.663151858395
-420.663152400116
-420.663152952980
-420.663153520064
-420.663154103694
-420.663147807273
-420.663148429663
-420.663149066747
-420.663149717464
-420.663150382103
-420.663151062095
-420.663151759237
-420.663152474881
-420.663153209391
-420.663153962418
-420.663148555844
-420.663149347945
-420.663150154773
-420.663150973618
-420.663151800718
-420.663152631528
-420.663153461617
-420.663154287112
-420.663155105091
-420.663155913255
-420.663149993935
-420.663150780688
-420.663151551060
-420.663152302760
-420.663153033650
-420.663153741688
-420.663154424866
-420.663155081148
-420.663155708823
-420.663156306864
-420.663148671436
-420.663149216360
-420.663149734567
-420.663150228059
-420.663150698863
-420.663151149103
-420.663151581288
-420.663151998361
-420.663152403520
-420.663152799701
-420.663143647731
-420.663144038955
-420.663144426704
-420.663144812736
-420.663145199354
-420.663145589124
-420.663145984341
-420.663146386332
-420.663146795532
-420.663147211945
-420.663137177306
-420.663137616556
-420.663138065085
-420.663138523587
-420.663138991789
-420.663139468329
-420.663139951356
-420.663140439136
-420.663140930611
-420.663141425312
-420.663130786076
-420.663131293046
-420.663131801591
-420.663132311096
-420.663132821442
-420.663133333200
-420.663133847246
-420.663134364141
-420.663134883758
-420.663135405367
-420.663124553242
-420.663125083194
-420.663125613738
-420.663126145194
-420.663126677851
-420.663127211717
-420.663127746846
-420.663128283678
-420.663128823251
-420.663129366661
-420.663119031083
-420.663119587711
-420.663120145107
-420.663120700406
-420.663121251315
-420.663121797015
-420.663122337765
-420.663122874167
-420.663123406061
-420.663123932191
-420.663114327710
-420.663114842083
-420.663115347082
-420.663115843313
-420.663116331229
-420.663116810005
-420.663117277316
-420.663117730030
-420.663118165924
-420.663118584835
-420.663109458834
-420.663109856163
-420.663110244636
-420.663110625108
-420.663110996613
-420.663111357342
-420.663111706020
-420.663112042787
-420.663112368860
-420.663112685564
-420.663103954470
-420.663104258587
-420.663104553249
-420.663104838834
-420.663105117210
-420.663105391434
-420.663105664710
-420.663105939191
-420.663106215383
-420.663106492288
-420.663097741026
-420.663098021538
-420.663098301155
-420.663098581928
-420.663098866834
-420.663099159102
-420.663099461726
-420.663099777130
-420.663100107306
-420.663100453904
-420.663091227440
-420.663091617778
-420.663092028638
-420.663092460709
-420.663092914161
-420.663093388725
-420.663093884170
-420.663094400775
-420.663094939816
-420.663095503440
-420.663085866467
-420.663086492619
-420.663087147655
-420.663087829883
-420.663088536236
-420.663089263296
-420.663090008211
-420.663090769155
-420.663091545122
-420.663092335239
-420.663082466145
-420.663083288496
-420.663084121480
-420.663084964692
-420.663085818450
-420.663086683157
-420.663087558420
-420.663088442544
-420.663089332732
-420.663090226033
-420.663079671019
-420.663080574243
-420.663081478989
-420.663082386907
-420.663083299749
-420.663084218924
-420.663085145642
-420.663086081024
-420.663087026037
-420.663087981064
-420.663076094483
-420.663077075293
-420.663078060816
-420.663079048817
-420.663080038387
-420.663081030099
-420.663082025420
-420.663083025588
-420.663084030960
-420.663085040855
-420.663072242673
-420.663073268825
-420.663074297110
-420.663075326632
-420.663076355498
-420.663077380616
-420.663078398465
-420.663079406695
-420.663080405362
-420.663081397313
-420.663069010557
-420.663070012681
-420.663071019329
-420.663072030603
-420.663073045157
-420.663074061706
-420.663075080350
-420.663076102511
-420.663077130131
-420.663078164491
-420.663066975986
-420.663068033488
-420.663069097721
-420.663070170729
-420.663071255996
-420.663072357163
-420.663073475980
-420.663074611004
-420.663075757651
-420.663076909632
-420.663066686765
-420.663067843256
-420.663068993446
-420.663070136857
-420.663071272761
-420.663072399131
-420.663073512466
-420.663074608701
-420.663075684243
-420.663076736458
-420.663067142365
-420.663068150998
-420.663069128757
-420.663070071357
-420.663070974419
-420.663071835033
-420.663072652999
-420.663073430975
-420.663074173519
-420.663074885413
-420.663065780331
-420.663066448262
-420.663067091389
-420.663067710525
-420.663068307827
-420.663068887067
-420.663069453127
-420.663070010838
-420.663070564404
-420.663071117328
-420.663061843992
-420.663062415186
-420.663062998635
-420.663063599636
-420.663064222408
-420.663064869200
-420.663065540131
-420.663066234065
-420.663066949791
-420.663067687012
-420.663057133298
-420.663057924051
-420.663058738051
-420.663059574367
-420.663060431052
-420.663061305867
-420.663062196699
-420.663063101693
-420.663064018695
-420.663064944721
-420.663052555855
-420.663053496533
-420.663054434224
-420.663055366131
-420.663056290627
-420.663057206637
-420.663058112985
-420.663059008152
-420.663059890513
-420.663060758969
-420.663047072622
-420.663047922107
-420.663048758465
-420.663049581588
-420.663050390593
-420.663051184316
-420.663051962353
-420.663052725588
-420.663053476389
-420.663054217760
-420.663040464658
-420.663041204081
-420.663041940907
-420.663042676891
-420.663043414218
-420.663044155471
-420.663044903078
-420.663045658489
-420.663046421911
-420.663047192566
-420.663034559968
-420.663035352145
-420.663036152119
-420.663036962074
-420.663037784293
-420.663038620331
-420.663039470546
-420.663040334154
-420.663041209508
-420.663042094513
-420.663031309743
-420.663032214629
-420.663033121000
-420.663034025918
-420.663034926730
-420.663035821437
-420.663036708799
-420.663037588299
-420.663038459823
-420.663039323363
-420.663030015496
-420.663030869506
-420.663031712505
-420.663032542224
-420.663033356407
-420.663034153547
-420.663034933586
-420.663035698210
-420.663036450591
-420.663037194757
-420.663028237015
-420.663028984406
-420.663029734515
-420.663030490517
-420.663031255639
-420.663032033149
-420.663032825904
-420.663033636054
-420.663034465147
-420.663035314734
-420.663026052311
-420.663026958752
-420.663027895524
-420.663028866295
-420.663029873050
-420.663030915584
-420.663031991739
-420.663033098397
-420.663034232434
-420.663035391040
-420.663025755601
-420.663026961536
-420.663028181003
-420.663029409034
-420.663030641087
-420.663031873539
-420.663033103564
-420.663034328176
-420.663035543097
-420.663036742400
-420.663026672641
-420.663027827241
-420.663028947813
-420.663030031868
-420.663031078720
-420.663032088345
-420.663033060592
-420.663033995114
-420.663034892116
-420.663035753021
-420.663025354419
-420.663026158651
-420.663026936040
-420.663027688612
-420.663028417585
-420.663029124477
-420.663029812147
-420.663030485348
-420.663031150162
-420.663031812982
-420.663021238393
-420.663021920123
-420.663022613391
-420.663023321125
-420.663024046015
-420.663024790351
-420.663025555586
-420.663026342190
-420.663027149853
-420.663027978114
-420.663016554041
-420.663017432111
-420.663018331981
-420.663019254102
-420.663020198341
-420.663021164116
-420.663022150593
-420.663023156744
-420.663024181102
-420.663025221293
-420.663012505179
-420.663013575033
-420.663014649908
-420.663015727619
-420.663016807712
-420.663017890801
-420.663018977550
-420.663020067794
-420.663021160462
-420.663022254111
-420.663009320033
-420.663010421897
-420.663011523811
-420.663012625315
-420.663013724561
-420.663014818512
-420.663015904030
-420.663016979326
-420.663018044800
-420.663019102774
-420.663007416147
-420.663008474404
-420.663009531118
-420.663010585560
-420.663011636558
-420.663012683415
-420.663013726326
-420.663014766130
-420.663015803670
-420.663016839463
-420.663006341539
-420.663007380866
-420.663008421251
-420.663009465679
-420.663010518012
-420.663011582180
-420.663012661485
-420.663013758039
-420.663014872716
-420.663016005376
-420.663005834644
-420.663007006877
-420.663008195887
-420.663009402494
-420.663010628213
-420.663011874595
-420.663013142492
-420.663014431446
-420.663015739679
-420.663017064616
-420.663007333260
-420.663008690276
-420.663010056752
-420.663011429723
-420.663012804865
-420.663014176672
-420.663015539316
-420.663016888109
-420.663018220323
-420.663019534998
-420.663010571519
-420.663011855594
-420.663013117344
-420.663014352373
-420.663015556421
-420.663016726695
-420.663017862587
-420.663018964904
-420.663020034593
-420.663021071839
-420.663012186465
-420.663013163974
-420.663014109565
-420.663015026625
-420.663015919954
-420.663016794307
-420.663017653187
-420.663018498527
-420.663019331399
-420.663020153165
-420.663010288568
-420.663011102938
-420.663011914709
-420.663012726183
-420.663013538829
-420.663014353931
-420.663015173354
-420.663015999833
-420.663016836373
-420.663017685208
-420.663007116986
-420.663007998007
-420.663008889480
-420.663009789931
-420.663010698502
-420.663011614597
-420.663012537286
-420.663013464924
-420.663014395635
-420.663015328222
-420.663005285152
-420.663006230334
-420.663007181532
-420.663008139722
-420.663009103673
-420.663010070109
-420.663011035003
-420.663011995085
-420.663012948751
-420.663013895963
-420.663004371238
-420.663005312476
-420.663006246905
-420.663007173724
-420.663008092923
-420.663009005689
-420.663009913873
-420.663010818701
-420.663011719504
-420.663012613440
-420.663002212255
-420.663003085972
-420.663003941917
-420.663004780101
-420.663005602637
-420.663006412560
-420.663007212665
-420.663008004732
-420.663008789508
-420.663009567226
-420.662997923607
-420.662998694931
-420.662999460586
-420.663000221022
-420.663000976220
-420.663001725962
-420.663002470491
-420.663003211249
-420.663003951375
-420.663004695431
-420.662993100584
-420.662993873567
-420.662994662240
-420.662995466630
-420.662996285177
-420.662997115899
-420.662997957748
-420.662998811059
-420.662999677235
-420.663000557784
-420.662989560557
-420.662990477747
-420.662991409996
-420.662992357627
-420.662993321735
-420.662994303429
-420.662995302869
-420.662996318181
-420.662997345737
-420.662998381334
-420.662987143244
-420.662988194390
-420.662989250857
-420.662990314718
-420.662991387336
-420.662992468550
-420.662993557037
-420.662994651473
-420.662995751457
-420.662996857540
-420.662984890929
-420.662986017388
-420.662987147516
-420.662988278276
-420.662989407397
-420.662990534708
-420.662991662105
-420.662992792237
-420.662993926619
-420.662995064434
-420.662982424160
-420.662983568924
-420.662984708394
-420.662985841587
-420.662986968299
-420.662988087780
-420.662989197762
-420.662990294789
-420.662991375616
-420.662992438823
-420.662979310151
-420.662980351790
-420.662981380967
-420.662982397718
-420.662983399999
-420.662984384681
-420.662985349244
-420.662986293113
-420.662987217567
-420.662988124802
-420.662975225123
-420.662976112455
-420.662976986454
-420.662977848475
-420.662978701167
-420.662979548259
-420.662980393690
-420.662981240289
-420.662982089243
-420.662982940171
-420.662970878787
-420.662971740286
-420.662972602733
-420.662973467864
-420.662974338219
-420.662975216477
-420.662976104939
-420.662977005232
-420.662977918175
-420.662978843827
-420.662967270763
-420.662968229204
-420.662969197322
-420.662970173375
-420.662971155349
-420.662972141139
-420.662973128915
-420.662974117625
-420.662975107527
-420.662976100125
-420.662964200319
-420.662965214111
-420.662966234477
-420.662967259585
-420.662968286244
-420.662969311044
-420.662970331378
-420.662971345804
-420.662972353570
-420.662973353895
-420.662960610500
-420.662961602189
-420.662962584174
-420.662963557742
-420.662964525052
-420.662965487453
-420.662966444015
-420.662967390972
-420.662968322870
-420.662969234631
-420.662955246422
-420.662956120207
-420.662956971056
-420.662957799097
-420.662958602759
-420.662959379525
-420.662960127761
-420.662960848343
-420.662961544469
-420.662962219518
-420.662947183559
-420.662947822785
-420.662948432749
-420.662949008123
-420.662949547333
-420.662950053730
-420.662950533876
-420.662950993780
-420.662951435974
-420.662951859243
-420.662937049815
-420.662937437038
-420.662937807057
-420.662938167137
-420.662938523889
-420.662938879682
-420.662939231821
-420.662939575152
-420.662939906614
-420.662940228713
-420.662926677263
-420.662927011779
-420.662927362021
-420.662927729677
-420.662928111725
-420.662928504296
-420.662928906861
-420.662929323876
-420.662929762937
-420.662930230710
-420.662917674519
-420.662918206633
-420.662918763634
-420.662919343791
-420.662919950183
-420.662920589977
-420.662921271011
-420.662921997803
-420.662922769736
-420.662923582210
-420.662911523201
-420.662912408722
-420.662913328829
-420.662914287338
-420.662915287333
-420.662916328798
-420.662917408122
-420.662918519900
-420.662919659279
-420.662920823651
-420.662909322651
-420.662910541024
-420.662911780929
-420.662913037290
-420.662914303148
-420.662915571606
-420.662916837666
-420.662918099156
-420.662919356042
-420.662920608830
-420.662909454922
-420.662910703274
-420.662911941823
-420.662913167488
-420.662914378429
-420.662915574619
-420.662916757441
-420.662917928938
-420.662919091021
-420.662920245411
-420.662908886949
-420.662910039936
-420.662911195224
-420.662912358630
-420.662913536005
-420.662914731975
-420.662915949286
-420.662917189008
-420.662918451540
-420.662919737627
-420.662907954068
-420.662909299457
-420.662910673259
-420.662912075323
-420.662913503970
-420.662914956721
-420.662916431191
-420.662917925406
-420.662919437173
-420.662920962878
-420.662908999205
-420.662910540207
-420.662912071921
-420.662913586250
-420.662915077086
-420.662916540066
-420.662917971233
-420.662919365504
-420.662920716279
-420.662922016464
-420.662910292538
-420.662911483055
-420.662912614150
-420.662913687095
-420.662914702471
-420.662915659167
-420.662916554987
-420.662917388677
-420.662918161918
-420.662918879827
-420.662907954243
-420.662908586891
-420.662909183229
-420.662909745984
-420.662910277351
-420.662910781232
-420.662911264443
-420.662911736095
-420.662912205289
-420.662912678893
-420.662902667823
-420.662903162110
-420.662903666148
-420.662904181855
-420.662904712753
-420.662905262667
-420.662905833872
-420.662906425964
-420.662907036384
-420.662907661973
-420.662898200748
-420.662898857940
-420.662899530404
-420.662900219450
-420.662900924513
-420.662901642755
-420.662902369920
-420.662903101794
-420.662903835387
-420.662904569155
-420.662895644699
-420.662896382675
-420.662897118473
-420.662897851221
-420.662898580956
-420.662899309310
-420.662900039365
-420.662900774749
-420.662901518525
-420.662902272399
-420.662893774524
-420.662894556319
-420.662895348607
-420.662896152097
-420.662896968064
-420.662897797938
-420.662898642857
-420.662899503669
-420.662900381344
-420.662901277332
-420.662892473715
-420.662893418859
-420.662894386510
-420.662895375499
-420.662896382795
-420.662897404366
-420.662898436230
-420.662899475531
-420.662900520691
-420.662901570846
-420.662891959102
-420.662893021907
-420.662894084143
-420.662895143388
-420.662896198271
-420.662897248779
-420.662898295685
-420.662899339419
-420.662900379192
-420.662901413007
-420.662891185494
-420.662892207455
-420.662893221354
-420.662894230574
-420.662895239330
-420.662896250893
-420.662897266750
-420.662898286721
-420.662899310451
-420.662900338827
-420.662889386240
-420.662890438134
-420.662891505684
-420.662892591421
-420.662893695999
-420.662894818881
-420.662895959666
-420.662897118960
-420.662898298099
-420.662899498097
-420.662887573438
-420.662888815491
-420.662890071329
-420.662891337278
-420.662892611292
-420.662893893158
-420.662895183753
-420.662896483638
-420.662897791992
-420.662899106428
-420.662886712633
-420.662888033757
-420.662889351415
-420.662890663121
-420.662891966527
-420.662893259128
-420.662894538818
-420.662895804653
-420.662897057540
-420.662898300082
-420.662886188647
-420.662887425768
-420.662888661320
-420.662889896051
-420.662891130082
-420.662892363785
-420.662893598180
-420.662894834754
-420.662896074751
-420.662897318953
-420.662885601956
-420.662886862194
-420.662888131130
-420.662889413051
-420.662890712753
-420.662892033861
-420.662893377407
-420.662894741399
-420.662896121911
-420.662897514820
-420.662886030405
-420.662887447812
-420.662888874697
-420.662890310943
-420.662891754631
-420.662893202051
-420.662894648942
-420.662896092318
-420.662897531428
-420.662898967354
-420.662887383033
-420.662888819021
-420.662890247474
-420.662891662154
-420.662893057412
-420.662894430750
-420.662895783923
-420.662897121717
-420.662898448986
-420.662899767901
-420.662887120602
-420.662888421701
-420.662889706895
-420.662890977392
-420.662892238443
-420.662893497109
-420.662894758761
-420.662896024792
-420.662897292800
-420.662898559617
-420.662884442845
-420.662885715374
-420.662886996647
-420.662888292861
-420.662889605874
-420.662890932124
-420.662892264762
-420.662893597842
-420.662894929878
-420.662896264290
-420.662881288238
-420.662882647640
-420.662884017126
-420.662885390906
-420.662886762035
-420.662888126231
-420.662889483605
-420.662890837152
-420.662892189244
-420.662893538601
-420.662878262776
-420.662879596298
-420.662880913056
-420.662882215381
-420.662883510067
-420.662884804796
-420.662886104225
-420.662887408486
-420.662888714641
-420.662890020151
-420.662875011969
-420.662876327189
-420.662877651730
-420.662878988881
-420.662880338590
-420.662881698818
-420.662883068560
-420.662884450265
-420.662885849740
-420.662887273213
-420.662873283324
-420.662874763610
-420.662876260978
-420.662877767154
-420.662879276348
-420.662880786660
-420.662882298438
-420.662883811067
-420.662885320524
-420.662886819675
-420.662874010112
-420.662875474097
-420.662876914261
-420.662878331915
-420.662879726823
-420.662881094149
-420.662882424146
-420.662883705241
-420.662884928603
-420.662886091426
-420.662874397960
-420.662875456753
-420.662876468527
-420.662877433861
-420.662878349870
-420.662879213398
-420.662880024140
-420.662880785891
-420.662881504753
-420.662882185687
-420.662871583454
-420.662872193020
-420.662872760031
-420.662873284431
-420.662873771900
-420.662874233144
-420.662874680234
-420.662875122097
-420.662875561804
-420.662875996988
-420.662865609394
-420.662866028672
-420.662866437119
-420.662866839155
-420.662867239812
-420.662867641926
-420.662868045309
-420.662868448268
-420.662868850564
-420.662869255558
-420.662858089924
-420.662858526579
-420.662858983743
-420.662859459873
-420.662859948546
-420.662860441860
-420.662860934665
-420.662861427068
-420.662861924104
-420.662862432742
-420.662850815881
-420.662851366752
-420.662851935964
-420.662852522491
-420.662853127192
-420.662853753091
-420.662854403373
-420.662855078667
-420.662855775444
-420.662856487194
-420.662844671787
-420.662845404776
-420.662846147095
-420.662846905664
-420.662847687707
-420.662848497199
-420.662849333578
-420.662850193123
-420.662851072035
-420.662851968736
-420.662839031679
-420.662839972696
-420.662840932701
-420.662841908134
-420.662842894269
-420.662843888375
-420.662844892283
-420.662845912448
-420.662846957234
-420.662848032920
-420.662833797356
-420.662834939785
-420.662836105633
-420.662837290722
-420.662838494351
-420.662839718630
-420.662840965947
-420.662842236365
-420.662843527061
-420.662844834039
-420.662830327299
-420.662831669224
-420.662833031473
-420.662834418834
-420.662835832469
-420.662837268002
-420.662838716403
-420.662840167328
-420.662841612879
-420.662843049570
-420.662828701619
-420.662830127371
-420.662831544643
-420.662832949688
-420.662834337215
-420.662835702918
-420.662837045415
-420.662838366096
-420.662839666893
-420.662840947451
-420.662826365011
-420.662827595189
-420.662828786308
-420.662829934501
-420.662831041141
-420.662832112074
-420.662833154769
-420.662834175014
-420.662835175217
-420.662836155029
-420.662821477988
-420.662822422271
-420.662823348903
-420.662824262117
-420.662825165214
-420.662826059209
-420.662826943218
-420.662827816516
-420.662828680971
-420.662829542034
-420.662814817728
-420.662815702580
-420.662816603761
-420.662817521366
-420.662818452289
-420.662819392949
-420.662820341535
-420.662821298802
-420.662822266975
-420.662823248062
-420.662807951057
-420.662808966929
-420.662809996603
-420.662811042207
-420.662812107235
-420.662813194907
-420.662814305901
-420.662815437431
-420.662816584280
-420.662817741384
-420.662802394323
-420.662803575976
-420.662804769842
-420.662805979274
-420.662807205868
-420.662808449327
-420.662809708846
-420.662810984742
-420.662812278669
-420.662813592185
-420.662799541871
-420.662800896539
-420.662802258539
-420.662803621104
-420.662804981038
-420.662806339869
-420.662807702523
-420.662809073888
-420.662810455694
-420.662811845451
-420.662799021144
-420.662800419641
-420.662801813105
-420.662803200816
-420.662804582104
-420.662805954040
-420.662807310936
-420.662808646167
-420.662809955272
-420.662811238426
-420.662798116923
-420.662799372634
-420.662800618782
-420.662801856147
-420.662803081328
-420.662804288970
-420.662805474802
-420.662806637269
-420.662807777369
-420.662808896926
-420.662794731884
-420.662795821010
-420.662796890738
-420.662797942875
-420.662798981899
-420.662800014162
-420.662801046051
-420.662802081816
-420.662803122467
-420.662804166109
-420.662789673607
-420.662790721659
-420.662791764577
-420.662792802488
-420.662793837040
-420.662794870687
-420.662795906121
-420.662796945870
-420.662797991912
-420.662799045552
-420.662785365235
-420.662786441957
-420.662787524770
-420.662788611003
-420.662789696879
-420.662790777717
-420.662791848666
-420.662792905892
-420.662793947621
-420.662794974438
-420.662782517881
-420.662783529130
-420.662784531883
-420.662785525353
-420.662786506986
-420.662787473647
-420.662788422866
-420.662789353248
-420.662790264032
-420.662791154278
-420.662779831760
-420.662780683653
-420.662781512912
-420.662782322334
-420.662783116535
-420.662783900322
-420.662784676746
-420.662785446144
-420.662786207075
-420.662786958208
-420.662776867090
-420.662777609156
-420.662778348917
-420.662779089355
-420.662779831266
-420.662780573933
-420.662781316992
-420.662782062063
-420.662782812900
-420.662783573466
-420.662774496133
-420.662775284217
-420.662776078361
-420.662776875022
-420.662777673905
-420.662778478608
-420.662779294538
-420.662780125655
-420.662780971818
-420.662781828899
-420.662772862895
-420.662773733104
-420.662774605479
-420.662775483072
-420.662776368942
-420.662777263485
-420.662778164081
-420.662779067255
-420.662779971817
-420.662780880528
-420.662771215518
-420.662772155272
-420.662773112193
-420.662774083426
-420.662775063164
-420.662776046293
-420.662777031174
-420.662778020101
-420.662779017208
-420.662780025495
-420.662769637669
-420.662770672600
-420.662771714856
-420.662772764262
-420.662773822811
-420.662774892859
-420.662775974753
-420.662777065732
-420.662778160682
-420.662779254543
-420.662768326276
-420.662769417672
-420.662770505929
-420.662771591636
-420.662772673530
-420.662773749090
-420.662774816102
-420.662775874054
-420.662776924251
-420.662777968441
-420.662766641500
-420.662767677826
-420.662768703131
-420.662769714471
-420.662770710873
-420.662771693530
-420.662772664440
-420.662773624676
-420.662774573633
-420.662775509656
-420.662764775648
-420.662765690750
-420.662766597847
-420.662767501661
-420.662768405193
-420.662769308327
-420.662770208111
-420.662771100612
-420.662771983120
-420.662772855352
-420.662763730448
-420.662764591507
-420.662765447071
-420.662766297012
-420.662767140842
-420.662767978992
-420.662768813411
-420.662769646989
-420.662770482046
-420.662771318901
-420.662762880029
-420.662763715991
-420.662764543624
-420.662765360783
-420.662766167944
-420.662766967976
-420.662767765027
-420.662768563201
-420.662769365545
-420.662770173702
-420.662761066269
-420.662761890545
-420.662762720051
-420.662763554131
-420.662764392212
-420.662765233677
-420.662766078004
-420.662766924938
-420.662767775006
-420.662768629843
-420.662759335674
-420.662760213618
-420.662761105275
-420.662762011639
-420.662762931244
-420.662763860454
-420.662764794646
-420.662765729766
-420.662766663517
-420.662767595605
-420.662758491259
-420.662759429409
-420.662760369661
-420.662761312705
-420.662762259104
-420.662763209455
-420.662764164108
-420.662765122469
-420.662766082557
-420.662767041151
-420.662756967354
-420.662757920741
-420.662758867641
-420.662759810489
-420.662760752834
-420.662761697950
-420.662762648037
-420.662763604433
-420.662764568278
-420.662765541023
-420.662754529232
-420.662755529213
-420.662756538255
-420.662757553109
-420.662758570349
-420.662759588417
-420.662760608903
-420.662761636077
-420.662762674841
-420.662763728216
-420.662753237917
-420.662754323358
-420.662755416696
-420.662756515870
-420.662757620897
-420.662758732534
-420.662759850037
-420.662760969686
-420.662762085327
-420.662763190970
-420.662753490093
-420.662754577151
-420.662755657045
-420.662756734027
-420.662757808860
-420.662758877641
-420.662759933263
-420.662760968817
-420.662761980501
-420.662762968305
-420.662753256483
-420.662754207258
-420.662755135163
-420.662756035632
-420.662756904127
-420.662757739118
-420.662758543506
-420.662759323141
-420.662760083673
-420.662760827346
-420.662750798087
-420.662751504579
-420.662752182752
-420.662752831947
-420.662753455876
-420.662754060940
-420.662754653233
-420.662755236347
-420.662755811259
-420.662756378104
-420.662746150785
-420.662746715964
-420.662747285097
-420.662747863690
-420.662748454631
-420.662749057640
-420.662749670728
-420.662750292760
-420.662750925298
-420.662751572835
-420.662740872301
-420.662741573482
-420.662742301486
-420.662743055051
-420.662743831419
-420.662744628126
-420.662745443827
-420.662746277991
-420.662747129727
-420.662747997083
-420.662736780238
-420.662737677187
-420.662738582486
-420.662739496625
-420.662740421032
-420.662741356518
-420.662742301927
-420.662743253883
-420.662744207974
-420.662745160470
-420.662733689999
-420.662734641079
-420.662735590244
-420.662736539214
-420.662737489524
-420.662738442907
-420.662739402084
-420.662740371044
-420.662741354434
-420.662742356171
-420.662731044960
-420.662732090203
-420.662733152754
-420.662734230669
-420.662735323881
-420.662736434678
-420.662737566983
-420.662738724704
-420.662739910334
-420.662741124407
-420.662730860687
-420.662732131406
-420.662733425460
-420.662734740307
-420.662736072474
-420.662737416714
-420.662738766097
-420.662740112757
-420.662741449153
-420.662742769243
-420.662734026759
-420.662735308463
-420.662736565811
-420.662737796196
-420.662738995354
-420.662740157292
-420.662741274987
-420.662742341607
-420.662743351646
-420.662744301332
-420.662736485276
-420.662737312276
-420.662738073799
-420.662738768669
-420.662739396534
-420.662739959069
-420.662740460630
-420.662740907816
-420.662741307971
-420.662741667308
-420.662733891896
-420.662734181904
-420.662734436946
-420.662734659284
-420.662734853933
-420.662735028554
-420.662735191892
-420.662735352067
-420.662735515499
-420.662735687609
-420.662727341619
-420.662727553590
-420.662727796327
-420.662728078087
-420.662728404398
-420.662728776663
-420.662729192924
-420.662729650147
-420.662730147000
-420.662730685263
-420.662721169456
-420.662721808546
-420.662722502325
-420.662723252200
-420.662724057718
-420.662724917849
-420.662725831619
-420.662726797712
-420.662727813273
-420.662728872937
-420.662718161258
-420.662719291733
-420.662720445283
-420.662721619338
-420.662722814398
-420.662724032241
-420.662725273967
-420.662726538681
-420.662727823604
-420.662729124840
-420.662717681673
-420.662719008445
-420.662720337947
-420.662721664569
-420.662722982882
-420.662724289117
-420.662725582674
-420.662726866352
-420.662728145025
-420.662729423443
-420.662716982779
-420.662718271151
-420.662719559013
-420.662720843334
-420.662722121660
-420.662723392340
-420.662724653932
-420.662725904673
-420.662727142946
-420.662728368368
-420.662714603496
-420.662715816297
-420.662717026894
-420.662718238436
-420.662719450629
-420.662720659506
-420.662721858902
-420.662723042714
-420.662724206682
-420.662725348682
-420.662711319584
-420.662712420032
-420.662713496136
-420.662714547368
-420.662715574328
-420.662716579002
-420.662717563877
-420.662718530445
-420.662719477949
-420.662720403556
-420.662707143449
-420.662708020321
-420.662708870678
-420.662709698191
-420.662710508128
-420.662711305830
-420.662712095896
-420.662712882478
-420.662713670104
-420.662714464183
-420.662701446893
-420.662702274776
-420.662703123260
-420.662703993535
-420.662704885845
-420.662705801076
-420.662706741904
-420.662707712737
-420.662708718623
-420.662709763562
-420.662695955962
-420.662697089466
-420.662698264087
-420.662699479411
-420.662700735432
-420.662702031921
-420.662703367525
-420.662704739139
-420.662706142244
-420.662707572041
-420.662692466272
-420.662693947480
-420.662695449610
-420.662696973539
-420.662698520005
-420.662700088889
-420.662701678992
-420.662703288501
-420.662704915504
-420.662706558547
-420.662690253864
-420.662691933686
-420.662693626798
-420.662695332161
-420.662697048881
-420.662698776851
-420.662700517281
-420.662702272886
-420.662704047285
-420.662705843792
-420.662689568338
-420.662691417773
-420.662693285586
-420.662695166144
-420.662697053682
-420.662698943681
-420.662700833241
-420.662702720599
-420.662704604103
-420.662706481658
-420.662692048104
-420.662693912655
-420.662695764060
-420.662697600789
-420.662699420765
-420.662701220290
-420.662702993665
-420.662704733956
-420.662706434816
-420.662708092555
-420.662695528485
-420.662697109130
-420.662698655002
-420.662700171438
-420.662701662778
-420.662703132475
-420.662704583724
-420.662706019947
-420.662707444806
-420.662708861535
-420.662696569547
-420.662697981689
-420.662699391863
-420.662700803940
-420.662702224077
-420.662703660080
-420.662705119743
-420.662706609042
-420.662708131045
-420.662709686074
-420.662696900950
-420.662698522738
-420.662700171419
-420.662701843861
-420.662703535820
-420.662705242009
-420.662706956945
-420.662708676096
-420.662710396697
-420.662712117344
-420.662699088929
-420.662700809698
-420.662702520019
-420.662704211651
-420.662705875618
-420.662707503968
-420.662709090964
-420.662710633042
-420.662712127850
-420.662713573292
-420.662700414637
-420.662701760497
-420.662703053630
-420.662704296699
-420.662705494184
-420.662706650856
-420.662707770095
-420.662708852924
-420.662709898377
-420.662710905331
-420.662698318305
-420.662699256739
-420.662700167098
-420.662701056952
-420.662701933219
-420.662702800973
-420.662703663595
-420.662704523812
-420.662705384917
-420.662706251037
-420.662695431414
-420.662696321733
-420.662697222809
-420.662698131253
-420.662699042743
-420.662699954572
-420.662700867360
-420.662701785050
-420.662702713020
-420.662703655339
-420.662694754225
-420.662695729024
-420.662696712486
-420.662697700962
-420.662698692542
-420.662699686744
-420.662700682976
-420.662701679172
-420.662702671885
-420.662703657946
-420.662695541860
-420.662696520933
-420.662697502119
-420.662698492277
-420.662699495819
-420.662700513181
-420.662701541347
-420.662702576302
-420.662703615536
-420.662704659292
-420.662696007383
-420.662697072346
-420.662698150165
-420.662699242896
-420.662700353111
-420.662701485118
-420.662702644867
-420.662703838525
-420.662705070234
-420.662706340591
-420.662696817072
-420.662698158806
-420.662699529016
-420.662700927230
-420.662702355688
-420.662703818004
-420.662705317540
-420.662706856527
-420.662708436237
-420.662710057603
-420.662699785685
-420.662701497446
-420.662703250578
-420.662705041086
-420.662706862903
-420.662708709437
-420.662710575546
-420.662712458764
-420.662714359297
-420.662716278672
-420.662704986441
-420.662706952597
-420.662708936461
-420.662710934532
-420.662712942609
-420.662714956169
-420.662716970419
-420.662718980420
-420.662720981503
-420.662722969856
-420.662710174003
-420.662712139577
-420.662714090693
-420.662716029069
-420.662717956304
-420.662719873106
-420.662721778900
-420.662723671627
-420.662725547921
-420.662727403611
-420.662713688209
-420.662715499353
-420.662717282741
-420.662719040393
-420.662720775821
-420.662722492545
-420.662724192636
-420.662725876386
-420.662727542848
-420.662729191064
-420.662716363795
-420.662717982149
-420.662719581722
-420.662721160700
-420.662722715952
-420.662724244643
-420.662725746173
-420.662727223292
-420.662728681453
-420.662730126516
-420.662719225484
-420.662720657735
-420.662722077219
-420.662723480342
-420.662724865255
-420.662726232762
-420.662727585162
-420.662728924233
-420.662730249740
-420.662731559575
-420.662721997666
-420.662723277686
-420.662724542548
-420.662725796573
-420.662727043153
-420.662728282724
-420.662729512268
-420.662730726801
-420.662731921932
-420.662733095322
-420.662723762686
-420.662724898020
-420.662726012422
-420.662727104750
-420.662728173361
-420.662729217569
-420.662730238743
-420.662731240101
-420.662732225337
-420.662733197135
-420.662723209252
-420.662724159123
-420.662725095517
-420.662726019253
-420.662726932863
-420.662727840228
-420.662728745938
-420.662729654838
-420.662730572151
-420.662731503718
-420.662720013285
-420.662720996207
-420.662722011741
-420.662723063467
-420.662724152981
-420.662725280326
-420.662726444966
-420.662727646401
-420.662728884438
-420.662730159123
-420.662717217612
-420.662718570082
-420.662719958921
-420.662721383228
-420.662722840969
-420.662724328166
-420.662725838614
-420.662727364108
-420.662728895326
-420.662730423011
-420.662717197300
-420.662718699128
-420.662720175575
-420.662721621502
-420.662723032905
-420.662724406993
-420.662725742136
-420.662727037068
-420.662728289872
-420.662729497111
-420.662716449936
-420.662717556129
-420.662718603457
-420.662719591656
-420.662720523821
-420.662721405296
-420.662722242182
-420.662723039989
-420.662723803594
-420.662724537819
-420.662711391669
-420.662712088079
-420.662712772184
-420.662713447575
-420.662714115340
-420.662714774788
-420.662715425440
-420.662716068906
-420.662716709670
-420.662717354091
-420.662704470891
-420.662705141792
-420.662705826058
-420.662706521180
-420.662707223716
-420.662707930818
-420.662708640891
-420.662709352978
-420.662710065797
-420.662710777042
-420.662698565575
-420.662699269094
-420.662699964577
-420.662700653142
-420.662701337479
-420.662702020519
-420.662702704126
-420.662703388493
-420.662704072343
-420.662704754062
-420.662692916036
-420.662693597428
-420.662694280257
-420.662694968869
-420.662695667695
-420.662696380150
-420.662697108287
-420.662697853142
-420.662698615615
-420.662699397395
-420.662687562369
-420.662688395593
-420.662689255583
-420.662690142171
-420.662691053130
-420.662691985183
-420.662692935712
-420.662693904117
-420.662694891708
-420.662695900654
-420.662683880434
-420.662684938720
-420.662686015306
-420.662687106352
-420.662688209142
-420.662689322886
-420.662690448481
-420.662691586904
-420.662692737954
-420.662693899868
-420.662681071047
-420.662682255315
-420.662683448181
-420.662684652944
-420.662685873680
-420.662687113357
-420.662688372652
-420.662689650081
-420.662690943156
-420.662692249745
-420.662678185073
-420.662679523850
-420.662680875765
-420.662682240944
-420.662683618966
-420.662685009162
-420.662686410866
-420.662687823422
-420.662689245604
-420.662690675205
-420.662676231414
-420.662677671028
-420.662679105304
-420.662680529957
-420.662681941515
-420.662683337656
-420.662684717205
-420.662686080309
-420.662687428427
-420.662688763980
-420.662675393032
-420.662676716552
-420.662678032057
-420.662679338247
-420.662680633227
-420.662681915954
-420.662683187313
-420.662684450413
-420.662685709937
-420.662686971115
-420.662675160929
-420.662676446378
-420.662677747752
-420.662679069604
-420.662680416029
-420.662681789767
-420.662683191326
-420.662684619055
-420.662686070009
-420.662687541538
-420.662676503621
-420.662678022121
-420.662679563105
-420.662681128781
-420.662682720403
-420.662684337854
-420.662685979803
-420.662687644134
-420.662689328036
-420.662691027874
-420.662679727533
-420.662681453138
-420.662683181057
-420.662684908521
-420.662686634939
-420.662688361406
-420.662690089878
-420.662691821931
-420.662693558311
-420.662695299009
-420.662683039448
-420.662684795725
-420.662686555816
-420.662688318955
-420.662690083439
-420.662691846982
-420.662693607794
-420.662695365634
-420.662697122243
-420.662698880700
-420.662685678201
-420.662687454430
-420.662689235515
-420.662691018567
-420.662692800222
-420.662694577707
-420.662696349279
-420.662698113720
-420.662699869478
-420.662701614109
-420.662687988428
-420.662689708546
-420.662691410668
-420.662693095324
-420.662694764221
-420.662696419097
-420.662698060549
-420.662699687668
-420.662701298619
-420.662702891565
-420.662689078596
-420.662690641308
-420.662692189510
-420.662693726633
-420.662695255815
-420.662696779246
-420.662698298318
-420.662699814172
-420.662701328434
-420.662702843472
-420.662688399596
-420.662689929565
-420.662691465838
-420.662693007341
-420.662694551949
-420.662696097491
-420.662697642970
-420.662699188805
-420.662700736028
-420.662702285023
-420.662687197256
-420.662688748674
-420.662690291395
-420.662691820577
-420.662693332682
-420.662694825521
-420.662696297518
-420.662697746540
-420.662699169488
-420.662700562918
-420.662685930630
-420.662687264551
-420.662688566548
-420.662689838196
-420.662691080208
-420.662692291585
-420.662693470192
-420.662694614123
-420.662695723180
-420.662696799424
-420.662683387826
-420.662684415035
-420.662685420652
-420.662686407820
-420.662687380099
-420.662688341897
-420.662689298287
-420.662690253646
-420.662691210399
-420.662692168544
-420.662679737290
-420.662680700155
-420.662681663795
-420.662682632232
-420.662683610644
-420.662684603675
-420.662685614072
-420.662686642836
-420.662687690435
-420.662688757761
-420.662676974460
-420.662678089644
-420.662679224291
-420.662680373595
-420.662681531315
-420.662682692397
-420.662683855168
-420.662685021865
-420.662686196946
-420.662687384207
-420.662676488738
-420.662677705248
-420.662678928335
-420.662680153792
-420.662681378647
-420.662682600903
-420.662683818356
-420.662685027830
-420.662686225687
-420.662687409714
-420.662676798757
-420.662677965749
-420.662679130719
-420.662680300053
-420.662681477703
-420.662682664505
-420.662683859184
-420.662685060270
-420.662686267485
-420.662687482150
-420.662675672045
-420.662676913908
-420.662678172195
-420.662679451746
-420.662680759054
-420.662682101630
-420.662683486437
-420.662684917930
-420.662686397253
-420.662687922647
-420.662674973449
-420.662676587861
-420.662678241578
-420.662679933725
-420.662681662854
-420.662683426334
-420.662685220938
-420.662687043987
-420.662688894102
-420.662690770644
-420.662678112128
-420.662680038725
-420.662681975991
-420.662683912616
-420.662685837595
-420.662687742920
-420.662689624576
-420.662691481298
-420.662693312374
-420.662695115824
-420.662683012709
-420.662684757080
-420.662686466459
-420.662688142745
-420.662689789704
-420.662691410852
-420.662693007757
-420.662694580037
-420.662696127129
-420.662697650724
-420.662685069298
-420.662686571565
-420.662688075342
-420.662689590085
-420.662691122652
-420.662692677375
-420.662694257416
-420.662695865957
-420.662697506560
-420.662699182337
-420.662685804990
-420.662687559259
-420.662689346385
-420.662691162919
-420.662693006138
-420.662694874585
-420.662696767433
-420.662698683236
-420.662700618743
-420.662702568520
-420.662689101902
-420.662691064345
-420.662693016805
-420.662694950752
-420.662696857863
-420.662698730324
-420.662700561419
-420.662702346359
-420.662704082770
-420.662705770580
-420.662692585181
-420.662694186561
-420.662695743059
-420.662697254553
-420.662698720338
-420.662700139959
-420.662701513717
-420.662702842943
-420.662704129670
-420.662705376513
-420.662692234003
-420.662693417348
-420.662694574343
-420.662695712261
-420.662696838570
-420.662697959347
-420.662699077646
-420.662700193006
-420.662701302074
-420.662702400591
-420.662689638430
-420.662690712016
-420.662691770832
-420.662692816262
-420.662693849240
-420.662694869512
-420.662695876150
-420.662696868378
-420.662697846349
-420.662698810922
-420.662686945466
-420.662687887335
-420.662688813623
-420.662689721775
-420.662690610900
-420.662691483409
-420.662692345651
-420.662693206779
-420.662694076680
-420.662694963966
-420.662683561684
-420.662684504748
-420.662685481164
-420.662686496287
-420.662687556485
-420.662688668419
-420.662689838089
-420.662691070467
-420.662692369709
-420.662693739828
-420.662681943851
-420.662683472146
-420.662685082271
-420.662686774651
-420.662688546994
-420.662690394712
-420.662692311708
-420.662694291220
-420.662696326063
-420.662698408694
-420.662685685533
-420.662687845442
-420.662690029576
-420.662692230962
-420.662694442860
-420.662696657969
-420.662698867670
-420.662701061997
-420.662703230713
-420.662705364741
-420.662691680845
-420.662693733274
-420.662695736183
-420.662697686275
-420.662699580003
-420.662701414427
-420.662703188841
-420.662704905823
-420.662706570764
-420.662708190001
-420.662694122735
-420.662695668577
-420.662697176349
-420.662698646407
-420.662700081178
-420.662701485790
-420.662702867087
-420.662704231701
-420.662705584570
-420.662706929129
-420.662692878140
-420.662694223642
-420.662695576345
-420.662696943828
-420.662698331632
-420.662699741337
-420.662701170436
-420.662702614082
-420.662704067685
-420.662705528719
-420.662691209301
-420.662692691749
-420.662694182515
-420.662695681048
-420.662697186411
-420.662698698308
-420.662700217397
-420.662701744298
-420.662703277918
-420.662704814165
-420.662690358939
-420.662691885514
-420.662693392679
-420.662694876469
-420.662696336129
-420.662697772976
-420.662699189035
-420.662700586091
-420.662701965824
-420.662703330357
-420.662689435107
-420.662690784137
-420.662692124187
-420.662693454030
-420.662694770541
-420.662696070243
-420.662697351492
-420.662698615898
-420.662699868345
-420.662701115723
-420.662687508133
-420.662688771768
-420.662690047388
-420.662691338067
-420.662692646222
-420.662693973777
-420.662695321888
-420.662696690412
-420.662698077928
-420.662699482394
-420.662684909980
-420.662686350994
-420.662687808247
-420.662689284446
-420.662690782470
-420.662692304483
-420.662693850838
-420.662695419921
-420.662697008252
-420.662698611173
-420.662682786763
-420.662684411833
-420.662686039497
-420.662687668142
-420.662689297127
-420.662690926406
-420.662692556147
-420.662694186956
-420.662695820157
-420.662697458006
-420.662681461435
-420.662683123738
-420.662684797354
-420.662686482243
-420.662688177467
-420.662689882678
-420.662691599346
-420.662693331455
-420.662695084797
-420.662696865656
-420.662681818614
-420.662683675791
-420.662685570899
-420.662687504503
-420.662689476516
-420.662691486177
-420.662693531644
-420.662695609703
-420.662697715896
-420.662699845366
-420.662685571455
-420.662687743214
-420.662689927483
-420.662692121294
-420.662694320863
-420.662696521099
-420.662698715598
-420.662700896820
-420.662703056151
-420.662705184058
-420.662691268304
-420.662693311877
-420.662695297577
-420.662697221714
-420.662699084100
-420.662700886897
-420.662702632610
-420.662704322568
-420.662705956673
-420.662707534420
-420.662694688718
-420.662696163482
-420.662697588194
-420.662698966000
-420.662700298685
-420.662701587246
-420.662702833974
-420.662704044893
-420.662705230661
-420.662706405028
-420.662694671291
-420.662695864283
-420.662697072408
-420.662698294955
-420.662699529826
-420.662700776290
-420.662702036032
-420.662703312005
-420.662704606269
-420.662705918751
-420.662694117245
-420.662695467608
-420.662696835795
-420.662698226420
-420.662699644852
-420.662701094006
-420.662702572153
-420.662704072907
-420.662705587504
-420.662707107900
-420.662694754091
-420.662696279545
-420.662697804718
-420.662699331160
-420.662700860427
-420.662702394227
-420.662703934722
-420.662705484397
-420.662707045168
-420.662708617244
-420.662696460630
-420.662698052140
-420.662699643873
-420.662701231598
-420.662702812365
-420.662704384420
-420.662705946889
-420.662707499532
-420.662709042955
-420.662710578555
-420.662699198826
-420.662700726787
-420.662702245759
-420.662703749480
-420.662705229190
-420.662706675893
-420.662708082845
-420.662709446732
-420.662710767030
-420.662712044339
-420.662701179120
-420.662702374009
-420.662703524394
-420.662704631054
-420.662705696736
-420.662706725046
-420.662707718387
-420.662708676614
-420.662709597149
-420.662710477020
-420.662699928648
-420.662700733449
-420.662701507671
-420.662702260453
-420.662703000336
-420.662703733763
-420.662704464959
-420.662705197027
-420.662705932809
-420.662706674981
-420.662696587869
-420.662697350786
-420.662698120602
-420.662698895258
-420.662699673496
-420.662700455816
-420.662701244219
-420.662702041208
-420.662702848448
-420.662703666099
-420.662693727099
-420.662694565121
-420.662695406056
-420.662696245116
-420.662697076222
-420.662697892449
-420.662698687246
-420.662699456078
-420.662700197385
-420.662700912484
-420.662690656382
-420.662691331840
-420.662691986487
-420.662692619189
-420.662693228192
-420.662693812147
-420.662694370415
-420.662694902578
-420.662695407692
-420.662695883912
-420.662685507814
-420.662685928140
-420.662686321031
-420.662686692797
-420.662687051497
-420.662687404966
-420.662687758848
-420.662688116003
-420.662688477092
-420.662688841992
-420.662678891088
-420.662679271131
-420.662679660391
-420.662680063084
-420.662680484226
-420.662680929386
-420.662681404578
-420.662681916026
-420.662682469915
-420.662683072041
-420.662673797112
-420.662674515098
-420.662675293180
-420.662676132524
-420.662677032908
-420.662677993342
-420.662679013238
-420.662680093497
-420.662681236851
-420.662682447062
-420.662673477194
-420.662674833437
-420.662676256650
-420.662677740805
-420.662679279045
-420.662680865512
-420.662682496125
-420.662684167631
-420.662685875856
-420.662687614412
-420.662678406726
-420.662680186783
-420.662681973069
-420.662683761294
-420.662685549060
-420.662687333684
-420.662689110468
-420.662690872530
-420.662692612518
-420.662694325191
-420.662685433848
-420.662687096236
-420.662688735101
-420.662690352872
-420.662691949932
-420.662693525258
-420.662695078380
-420.662696611155
-420.662698127981
-420.662699634565
-420.662692533590
-420.662694038693
-420.662695544538
-420.662697053691
-420.662698570005
-420.662700098655
-420.662701644573
-420.662703210724
-420.662704797052
-420.662706401182
-420.662701379827
-420.662703017753
-420.662704667807
-420.662706330041
-420.662708003505
-420.662709685207
-420.662711370267
-420.662713053269
-420.662714729672
-420.662716396363
-420.662712173001
-420.662713820167
-420.662715448688
-420.662717053363
-420.662718628957
-420.662720171713
-420.662721680316
-420.662723155578
-420.662724599343
-420.662726012988
-420.662721678404
-420.662723037507
-420.662724365449
-420.662725663308
-420.662726934445
-420.662728184181
-420.662729418799
-420.662730643806
-420.662731862913
-420.662733077711
-420.662728939573
-420.662730151923
-420.662731361894
-420.662732572723
-420.662733788481
-420.662735012654
-420.662736246651
-420.662737489645
-420.662738739658
-420.662739995499
-420.662735975094
-420.662737253229
-420.662738543838
-420.662739847146
-420.662741159128
-420.662742472287
-420.662743778620
-420.662745073186
-420.662746356230
-420.662747632463
-420.662742362779
-420.662743646220
-420.662744932012
-420.662746216409
-420.662747495487
-420.662748768415
-420.662750038284
-420.662751310317
-420.662752588381
-420.662753872426
-420.662746242500
-420.662747530057
-420.662748812734
-420.662750094008
-420.662751382026
-420.662752686001
-420.662754011936
-420.662755360110
-420.662756725842
-420.662758102723
-420.662749072521
-420.662750466480
-420.662751868162
-420.662753279330
-420.662754698975
-420.662756122699
-420.662757544533
-420.662758959867
-420.662760367741
-420.662761770771
-420.662753056089
-420.662754464316
-420.662755871975
-420.662757273289
-420.662758660551
-420.662760027167
-420.662761369587
-420.662762687501
-420.662763982410
-420.662765255618
-420.662757121355
-420.662758354998
-420.662759565052
-420.662760752508
-420.662761920254
-420.662763071962
-420.662764209966
-420.662765333738
-420.662766439725
-420.662767522883
-420.662759664173
-420.662760696942
-420.662761702990
-420.662762686072
-420.662763650152
-420.662764598001
-420.662765531037
-420.662766450108
-420.662767356390
-420.662768251365
-420.662761074854
-420.662761953045
-420.662762816097
-420.662763659208
-420.662764478656
-420.662765273877
-420.662766048217
-420.662766807487
-420.662767557404
-420.662768301239
-420.662762365935
-420.662763102124
-420.662763829894
-420.662764549653
-420.662765262785
-420.662765969793
-420.662766668804
-420.662767355744
-420.662768026755
-420.662768681135
-420.662762853176
-420.662763496099
-420.662764143082
-420.662764799026
-420.662765463453
-420.662766131664
-420.662766798325
-420.662767461016
-420.662768121583
-420.662768784571
-420.662761258290
-420.662761940901
-420.662762630041
-420.662763324082
-420.662764024100
-420.662764735178
-420.662765464915
-420.662766219776
-420.662767001839
-420.662767807746
-420.662758755038
-420.662759594008
-420.662760441344
-420.662761298821
-420.662762170640
-420.662763060206
-420.662763967636
-420.662764889626
-420.662765821103
-420.662766757578
-420.662757228089
-420.662758173016
-420.662759117669
-420.662760058634
-420.662760990173
-420.662761905290
-420.662762797778
-420.662763663882
-420.662764502757
-420.662765315544
-420.662755388234
-420.662756156719
-420.662756900293
-420.662757617237
-420.662758306036
-420.662758966629
-420.662759600902
-420.662760212601
-420.662760806680
-420.662761388461
-420.662751395514
-420.662751971536
-420.662752551087
-420.662753140389
-420.662753746468
-420.662754376650
-420.662755037758
-420.662755735439
-420.662756473991
-420.662757256796
-420.662748241151
-420.662749126069
-420.662750066490
-420.662751066179
-420.662752127686
-420.662753251924
-420.662754438416
-420.662755685961
-420.662756993120
-420.662758358124
-420.662749941189
-420.662751416619
-420.662752937469
-420.662754498042
-420.662756093803
-420.662757722053
-420.662759381421
-420.662761070432
-420.662762786049
-420.662764523442
-420.662755659676
-420.662757430953
-420.662759213200
-420.662761007501
-420.662762815422
-420.662764637045
-420.662766470135
-420.662768311557
-420.662770159798
-420.662772017167
-420.662763237520
-420.662765137952
-420.662767066196
-420.662769023238
-420.662771006112
-420.662773010604
-420.662775034496
-420.662777079147
-420.662779148308
-420.662781245139
-420.662773736631
-420.662775891037
-420.662778063286
-420.662780248921
-420.662782446955
-420.662784659393
-420.662786888342
-420.662789132725
-420.662791386534
-420.662793639970
-420.662787348384
-420.662789579977
-420.662791789598
-420.662793977206
-420.662796143764
-420.662798288962
-420.662800410420
-420.662802504797
-420.662804569367
-420.662806603167
-420.662800697664
-420.662802678129
-420.662804627197
-420.662806541291
-420.662808415374
-420.662810244734
-420.662812026826
-420.662813762093
-420.662815453611
-420.662817105554
-420.662811332443
-420.662812919037
-420.662814469290
-420.662815979435
-420.662817444427
-420.662818859020
-420.662820218656
-420.662821519615
-420.662822758953
-420.662823934192
-420.662818250403
-420.662819296445
-420.662820276136
-420.662821191606
-420.662822045519
-420.662822839666
-420.662823573706
-420.662824244804
-420.662824848914
-420.662825382836
-420.662819148290
-420.662819546156
-420.662819881973
-420.662820162503
-420.662820394206
-420.662820582962
-420.662820734731
-420.662820856329
-420.662820955132
-420.662821037669
-420.662813328042
-420.662813389497
-420.662813439444
-420.662813478465
-420.662813510709
-420.662813544265
-420.662813589258
-420.662813654451
-420.662813744733
-420.662813860759
-420.662803961656
-420.662804128487
-420.662804321251
-420.662804543496
-420.662804797842
-420.662805083815
-420.662805397972
-420.662805736588
-420.662806099102
-420.662806489973
-420.662794495437
-420.662794970893
-420.662795495302
-420.662796067140
-420.662796681036
-420.662797331970
-420.662798018909
-420.662798745923
-420.662799519966
-420.662800347451
-420.662787635066
-420.662788580319
-420.662789582425
-420.662790643070
-420.662791766780
-420.662792959448
-420.662794225307
-420.662795564675
-420.662796973850
-420.662798447238
-420.662786432562
-420.662788028101
-420.662789682453
-420.662791397597
-420.662793174572
-420.662795012253
-420.662796907615
-420.662798856467
-420.662800854129
-420.662802895537
-420.662791955210
-420.662794071589
-420.662796212722
-420.662798372380
-420.662800545281
-420.662802726973
-420.662804913299
-420.662807099915
-420.662809282604
-420.662811457929
-420.662801207197
-420.662803367433
-420.662805514532
-420.662807644155
-420.662809749179
-420.662811820877
-420.662813851402
-420.662815835935
-420.662817773577
-420.662819665989
-420.662809175967
-420.662810986197
-420.662812750595
-420.662814466135
-420.662816131023
-420.662817745671
-420.662819311988
-420.662820831403
-420.662822303203
-420.662823724326
-420.662812360463
-420.662813675370
-420.662814937320
-420.662816153420
-420.662817333299
-420.662818486509
-420.662819620668
-420.662820741005
-420.662821851420
-420.662822955890
-420.662811583057
-420.662812695232
-420.662813819427
-420.662814962477
-420.662816131170
-420.662817332667
-420.662818574840
-420.662819866352
-420.662821216155
-420.662822632657
-420.662812163011
-420.662813736700
-420.662815392560
-420.662817131574
-420.662818953025
-420.662820855235
-420.662822836388
-420.662824895372
-420.662827031989
-420.662829246558
-420.662818863310
-420.662821238221
-420.662823685516
-420.662826199375
-420.662828772856
-420.662831398753
-420.662834070247
-420.662836780853
-420.662839524332
-420.662842294397
-420.662830730345
-420.662833543388
-420.662836366946
-420.662839197523
-420.662842032234
-420.662844868294
-420.662847702774
-420.662850532596
-420.662853354805
-420.662856166671
-420.662843337477
-420.662846128729
-420.662848903161
-420.662851659965
-420.662854399596
-420.662857123636
-420.662859833884
-420.662862531130
-420.662865214238
-420.662867880311
-420.662854732398
-420.662857361294
-420.662859965564
-420.662862545141
-420.662865099502
-420.662867625934
-420.662870119174
-420.662872572625
-420.662874980480
-420.662877339493
-420.662864947537
-420.662867213951
-420.662869429305
-420.662871588947
-420.662873685490
-420.662875711039
-420.662877659690
-420.662879528813
-420.662881318553
-420.662883029752
-420.662871813099
-420.662873370103
-420.662874843723
-420.662876233107
-420.662877540443
-420.662878770904
-420.662879931099
-420.662881026821
-420.662882061630
-420.662883036880
-420.662872363684
-420.662873227363
-420.662874037917
-420.662874802468
-420.662875530322
-420.662876231539
-420.662876915671
-420.662877590904
-420.662878263944
-420.662878940398
-420.662868547501
-420.662869250588
-420.662869972402
-420.662870717390
-420.662871488614
-420.662872287466
-420.662873114246
-420.662873969580
-420.662874855934
-420.662875778254
-420.662866207914
-420.662867224839
-420.662868292117
-420.662869407522
-420.662870565115
-420.662871757607
-420.662872978991
-420.662874225881
-420.662875496861
-420.662876790719
-420.662867457483
-420.662868793073
-420.662870142529
-420.662871504848
-420.662872881506
-420.662874274825
-420.662875685316
-420.662877109824
-420.662878541865
-420.662879974149
-420.662869621214
-420.662871047170
-420.662872469718
-420.662873892219
-420.662875316773
-420.662876743793
-420.662878173512
-420.662879607935
-420.662881051244
-420.662882508052
-420.662871920712
-420.662873410001
-420.662874905599
-420.662876400587
-420.662877891736
-420.662879381145
-420.662880874538
-420.662882377059
-420.662883889527
-420.662885407660
-420.662876617987
-420.662878134568
-420.662879645006
-420.662881151888
-420.662882656855
-420.662884156612
-420.662885642383
-420.662887103300
-420.662888531979
-420.662889928453
-420.662882730752
-420.662884092016
-420.662885442516
-420.662886780744
-420.662888099770
-420.662889392398
-420.662890656351
-420.662891896077
-420.662893120088
-420.662894335861
-420.662887105894
-420.662888315025
-420.662889513484
-420.662890702144
-420.662891887971
-420.662893082246
-420.662894295700
-420.662895533899
-420.662896795653
-420.662898075503
-420.662890769169
-420.662892079504
-420.662893404577
-420.662894749573
-420.662896118060
-420.662897509619
-420.662898920480
-420.662900346084
-420.662901783751
-420.662903233782
-420.662896206200
-420.662897691586
-420.662899190090
-420.662900696652
-420.662902204811
-420.662903709209
-420.662905207272
-420.662906699360
-420.662908187675
-420.662909674736
-420.662901973585
-420.662903469695
-420.662904970120
-420.662906478015
-420.662907997631
-420.662909533592
-420.662911089588
-420.662912667585
-420.662914267830
-420.662915889694
-420.662906849197
-420.662908522421
-420.662910222097
-420.662911952619
-420.662913717972
-420.662915520442
-420.662917360132
-420.662919235461
-420.662921144003
-420.662923083108
-420.662913476358
-420.662915471927
-420.662917481565
-420.662919494949
-420.662921501160
-420.662923491473
-420.662925461364
-420.662927410492
-420.662929340475
-420.662931251599
-420.662922465107
-420.662924331516
-420.662926160801
-420.662927947435
-420.662929690088
-420.662931390996
-420.662933053289
-420.662934678518
-420.662936266333
-420.662937816976
-420.662930627277
-420.662932128916
-420.662933623936
-420.662935128950
-420.662936656683
-420.662938213265
-420.662939799514
-420.662941415096
-420.662943063055
-420.662944751708
-420.662938478602
-420.662940290471
-420.662942172936
-420.662944127616
-420.662946153089
-420.662948248256
-420.662950414547
-420.662952655154
-420.662954971985
-420.662957362257
-420.662950094684
-420.662952609772
-420.662955162770
-420.662957742443
-420.662960341465
-420.662962955117
-420.662965578693
-420.662968205212
-420.662970824857
-420.662973426061
-420.662963999038
-420.662966538416
-420.662969030293
-420.662971468677
-420.662973848393
-420.662976164576
-420.662978412539
-420.662980588180
-420.662982688449
-420.662984711989
-420.662973831355
-420.662975711416
-420.662977521821
-420.662979266852
-420.662980949758
-420.662982572029
-420.662984133538
-420.662985633959
-420.662987074472
-420.662988458663
-420.662977177108
-420.662978471081
-420.662979724430
-420.662980938737
-420.662982113626
-420.662983248408
-420.662984343674
-420.662985401416
-420.662986423584
-420.662987410029
-420.662976008673
-420.662976915861
-420.662977772231
-420.662978574275
-420.662979321972
-420.662980018033
-420.662980665711
-420.662981266850
-420.662981821145
-420.662982327126
-420.662971308285
-420.662971719393
-420.662972082296
-420.662972398286
-420.662972668206
-420.662972892853
-420.662973074484
-420.662973218417
-420.662973333439
-420.662973430576
-420.662963499386
-420.662963596385
-420.662963703507
-420.662963826616
-420.662963971449
-420.662964144343
-420.662964351920
-420.662964600257
-420.662964894349
-420.662965238771
-420.662955668239
-420.662956136504
-420.662956678976
-420.662957306651
-420.662958028572
-420.662958849628
-420.662959770050
-420.662960786763
-420.662961895741
-420.662963094079
-420.662952723233
-420.662954103115
-420.662955570397
-420.662957122949
-420.662958757311
-420.662960469658
-420.662962256876
-420.662964116910
-420.662966048157
-420.662968047911
-420.662956810226
-420.662958936312
-420.662961108616
-420.662963317429
-420.662965555015
-420.662967816941
-420.662970102044
-420.662972411111
-420.662974744827
-420.662977101997
-420.662965580419
-420.662967980269
-420.662970391018
-420.662972810968
-420.662975241240
-420.662977684564
-420.662980142946
-420.662982615785
-420.662985099727
-420.662987590468
-420.662976210124
-420.662978718146
-420.662981236049
-420.662983769202
-420.662986320444
-420.662988887989
-420.662991465940
-420.662994047188
-420.662996626826
-420.662999203918
-420.662988177401
-420.662990762828
-420.662993347062
-420.662995923042
-420.662998480534
-420.663001009738
-420.663003504568
-420.663005963451
-420.663008387302
-420.663010775986
-420.663000490186
-420.663002800495
-420.663005054193
-420.663007243829
-420.663009366283
-420.663011422657
-420.663013415885
-420.663015347529
-420.663017216194
-420.663019018109
-420.663010117028
-420.663011784406
-420.663013383939
-420.663014921855
-420.663016404769
-420.663017837230
-420.663019220993
-420.663020556208
-420.663021843917
-420.663023087877
-420.663015575386
-420.663016759722
-420.663017922198
-420.663019066777
-420.663020194431
-420.663021304855
-420.663022398642
-420.663023478685
-420.663024549610
-420.663025616011
-420.663017403122
-420.663018471957
-420.663019538452
-420.663020602763
-420.663021667522
-420.663022737384
-420.663023816912
-420.663024908142
-420.663026009654
-420.663027118052
-420.663016423527
-420.663017548500
-420.663018685138
-420.663019841245
-420.663021023406
-420.663022234600
-420.663023474853
-420.663024744174
-420.663026046067
-420.663027388524
-420.663015233651
-420.663016692814
-420.663018213678
-420.663019793387
-420.663021427328
-420.663023114649
-420.663024861295
-420.663026678696
-420.663028578461
-420.663030566445
-420.663018568556
-420.663020726885
-420.663022953511
-420.663025245142
-420.663027605156
-420.663030039660
-420.663032551179
-420.663035134155
-420.663037775656
-420.663040460878
-420.663028866328
-420.663031625733
-420.663034420963
-420.663037255387
-420.663040125209
-420.663043017480
-420.663045913721
-420.663048796999
-420.663051657795
-420.663054495099
-420.663043628032
-420.663046434148
-420.663049215277
-420.663051959322
-420.663054652345
-420.663057284125
-420.663059851071
-420.663062354845
-420.663064797743
-420.663067178264
-420.663058000045
-420.663060239357
-420.663062391774
-420.663064454554
-420.663066430813
-420.663068326970
-420.663070148737
-420.663071898015
-420.663073572396
-420.663075167130
-420.663067079261
-420.663068510941
-420.663069861543
-420.663071137217
-420.663072344989
-420.663073491167
-420.663074580804
-420.663075618139
-420.663076607810
-420.663077555706
-420.663069222155
-420.663070112553
-420.663070982930
-420.663071838257
-420.663072681590
-420.663073515154
-420.663074342245
-420.663075168794
-420.663076003612
-420.663076857161
-420.663068450122
-420.663069372070
-420.663070333641
-420.663071336265
-420.663072380636
-420.663073467803
-420.663074599293
-420.663075776089
-420.663076997852
-420.663078263008
-420.663070148458
-420.663071502305
-420.663072900524
-420.663074346414
-420.663075841936
-420.663077385861
-420.663078973727
-420.663080599704
-420.663082259189
-420.663083950185
-420.663075941338
-420.663077698940
-420.663079483524
-420.663081289250
-420.663083110404
-420.663084944654
-420.663086794674
-420.663088666380
-420.663090564850
-420.663092490336
-420.663085116301
-420.663087080823
-420.663089050884
-420.663091024777
-420.663093006174
-420.663095000282
-420.663097008840
-420.663099027500
-420.663101047358
-420.663103059766
-420.663096415676
-420.663098414019
-420.663100410070
-420.663102407490
-420.663104402968
-420.663106386171
-420.663108343553
-420.663110264295
-420.663112143961
-420.663113984074
-420.663106960747
-420.663108733458
-420.663110465197
-420.663112147287
-420.663113771425
-420.663115333587
-420.663116835042
-420.663118280036
-420.663119671789
-420.663121009690
-420.663113689577
-420.663114908680
-420.663116059955
-420.663117144887
-420.663118169869
-420.663119143828
-420.663120075243
-420.663120969955
-420.663121830775
-420.663122658803
-420.663116250530
-420.663117022503
-420.663117770995
-420.663118502603
-420.663119224285
-420.663119942154
-420.663120661091
-420.663121385178
-420.663122118624
-420.663122866565
-420.663117220283
-420.663118020675
-420.663118852299
-420.663119716487
-420.663120611413
-420.663121533676
-420.663122480782
-420.663123453293
-420.663124455151
-420.663125492169
-420.663119502566
-420.663120628686
-420.663121796948
-420.663123004994
-420.663124250667
-420.663125532953
-420.663126851473
-420.663128205180
-420.663129591505
-420.663131007175
-420.663124073968
-420.663125552798
-420.663127065938
-420.663128620338
-420.663130221586
-420.663131871493
-420.663133568186
-420.663135308306
-420.663137090051
-420.663138914434
-420.663130822644
-420.663132746553
-420.663134716845
-420.663136730205
-420.663138783717
-420.663140877954
-420.663143017905
-420.663145210721
-420.663147461179
-420.663149767987
-420.663140623685
-420.663143023789
-420.663145451861
-420.663147903476
-420.663150378819
-420.663152878836
-420.663155400749
-420.663157936085
-420.663160472655
-420.663162999131
-420.663153703925
-420.663156203960
-420.663158688160
-420.663161155718
-420.663163599934
-420.663166008648
-420.663168367825
-420.663170666442
-420.663172899163
-420.663175065560
-420.663167003374
-420.663169045059
-420.663171015999
-420.663172909968
-420.663174722373
-420.663176452862
-420.663178105959
-420.663179688915
-420.663181208527
-420.663182668560
-420.663176597374
-420.663177942736
-420.663179225314
-420.663180446323
-420.663181610654
-420.663182726342
-420.663183803188
-420.663184851159
-420.663185879048
-420.663186894119
-420.663182146895
-420.663183160230
-420.663184179623
-420.663185212580
-420.663186266649
-420.663187348029
-420.663188460662
-420.663189606301
-420.663190786227
-420.663192003505
-420.663187080653
-420.663188401375
-420.663189787384
-420.663191248250
-420.663192789330
-420.663194411387
-420.663196112477
-420.663197890726
-420.663199746378
-420.663201682049
-420.663195863279
-420.663197975087
-420.663200172250
-420.663202452665
-420.663204813956
-420.663207255071
-420.663209776452
-420.663212378769
-420.663215061174
-420.663217819897
-420.663211084410
-420.663213983765
-420.663216936007
-420.663219933556
-420.663222970009
-420.663226039621
-420.663229136823
-420.663232255796
-420.663235390439
-420.663238534270
-420.663230883530
-420.663234035357
-420.663237174275
-420.663240293108
-420.663243385808
-420.663246447684
-420.663249474934
-420.663252463936
-420.663255410624
-420.663258310747
-420.663250039021
-420.663252848091
-420.663255606637
-420.663258317439
-420.663260983550
-420.663263606782
-420.663266187126
-420.663268723500
-420.663271214977
-420.663273662017
-420.663265965334
-420.663268340131
-420.663270679018
-420.663272984705
-420.663275259003
-420.663277503025
-420.663279717391
-420.663281902087
-420.663284056473
-420.663286179069
-420.663280490562
-420.663282552533
-420.663284575156
-420.663286554517
-420.663288485865
-420.663290364294
-420.663292186386
-420.663293951565
-420.663295662455
-420.663297323277
-420.663293337139
-420.663294911285
-420.663296430462
-420.663297886075
-420.663299271431
-420.663300585177
-420.663301832131
-420.663303020459
-420.663304157553
-420.663305247023
-420.663301873433
-420.663302877967
-420.663303841754
-420.663304775815
-420.663305693525
-420.663306604811
-420.663307511516
-420.663308407279
-420.663309282444
-420.663310131295
-420.663307249370
-420.663308071414
-420.663308897019
-420.663309737113
-420.663310594300
-420.663311463905
-420.663312338920
-420.663313215403
-420.663314094330
-420.663314978770
-420.663312353008
-420.663313249443
-420.663314133376
-420.663314992833
-420.663315821799
-420.663316623315
-420.663317407690
-420.663318186748
-420.663318967868
-420.663319751276
-420.663316371627
-420.663317148689
-420.663317913637
-420.663318668321
-420.663319417654
-420.663320166842
-420.663320919718
-420.663321679469
-420.663322450906
-420.663323242496
-420.663318586570
-420.663319460243
-420.663320389691
-420.663321380979
-420.663322435239
-420.663323550588
-420.663324724704
-420.663325956699
-420.663327247446
-420.663328598912
-420.663322916096
-420.663324399967
-420.663325948281
-420.663327561143
-420.663329238076
-420.663330977509
-420.663332775808
-420.663334626715
-420.663336521304
-420.663338449046
-420.663332157238
-420.663334128010
-420.663336105985
-420.663338087870
-420.663340072347
-420.663342058531
-420.663344044433
-420.663346026453
-420.663348000071
-420.663349961301
-420.663344245497
-420.663346183634
-420.663348107229
-420.663350015438
-420.663351905462
-420.663353773619
-420.663355618089
-420.663357441660
-420.663359252267
-420.663361060728
-420.663357267353
-420.663359098990
-420.663360938660
-420.663362780073
-420.663364618249
-420.663366453086
-420.663368289349
-420.663370132947
-420.663371985973
-420.663373843998
-420.663370872256
-420.663372719112
-420.663374550790
-420.663376371973
-420.663378190920
-420.663380012753
-420.663381833895
-420.663383641482
-420.663385418336
-420.663387150349
-420.663382431652
-420.663384070132
-420.663385666758
-420.663387224609
-420.663388740321
-420.663390205859
-420.663391614273
-420.663392965097
-420.663394265737
-420.663395527551
-420.663388648258
-420.663389855238
-420.663391026209
-420.663392151508
-420.663393225692
-420.663394252492
-420.663395244572
-420.663396218829
-420.663397190096
-420.663398167261
-420.663390352625
-420.663391353975
-420.663392369402
-420.663393406379
-420.663394474332
-420.663395580767
-420.663396728151
-420.663397913731
-420.663399132875
-420.663400383574
-420.663391912397
-420.663393248024
-420.663394639182
-420.663396093863
-420.663397613763
-420.663399194106
-420.663400826697
-420.663402503812
-420.663404220779
-420.663405975820
-420.663396803365
-420.663398634495
-420.663400492882
-420.663402371157
-420.663404263976
-420.663406170329
-420.663408093225
-420.663410036572
-420.663412001294
-420.663413983062
-420.663404843821
-420.663406840882
-420.663408834281
-420.663410826345
-420.663412823650
-420.663414832577
-420.663416855286
-420.663418889149
-420.663420930110
-420.663422977522
-420.663413984508
-420.663416074484
-420.663418199224
-420.663420364688
-420.663422569239
-420.663424806788
-420.663427072918
-420.663429370216
-420.663431708451
-420.663434099463
-420.663425162546
-420.663427675702
-420.663430232526
-420.663432819710
-420.663435430535
-420.663438068440
-420.663440743514
-420.663443464163
-420.663446229340
-420.663449026688
-420.663441101732
-420.663443918673
-420.663446727908
-420.663449532711
-420.663452338819
-420.663455145814
-420.663457942744
-420.663460711078
-420.663463433481
-420.663466102182
-420.663459837208
-420.663462426219
-420.663464987638
-420.663467521296
-420.663470016172
-420.663472456522
-420.663474831252
-420.663477140028
-420.663479392699
-420.663481602319
-420.663476328459
-420.663478473276
-420.663480574270
-420.663482623961
-420.663484622044
-420.663486577332
-420.663488503761
-420.663490412918
-420.663492308210
-420.663494184200
-420.663488773756
-420.663490591619
-420.663492374697
-420.663494130426
-420.663495868163
-420.663497593038
-420.663499302911
-420.663500989983
-420.663502645794
-420.663504266310
-420.663498018108
-420.663499584548
-420.663501128884
-420.663502650760
-420.663504143714
-420.663505598330
-420.663507007155
-420.663508368316
-420.663509685704
-420.663510965688
-420.663504278669
-420.663505498049
-420.663506680852
-420.663507823460
-420.663508926167
-420.663509994455
-420.663511037029
-420.663512061511
-420.663513070965
-420.663514063476
-420.663508026811
-420.663508982003
-420.663509921764
-420.663510857672
-420.663511803058
-420.663512767831
-420.663513755605
-420.663514764790
-420.663515792851
-420.663516840729
-420.663511357396
-420.663512469687
-420.663513623177
-420.663514819019
-420.663516052893
-420.663517318921
-420.663518614797
-420.663519944523
-420.663521316772
-420.663522739485
-420.663517308829
-420.663518832318
-420.663520386760
-420.663521958247
-420.663523538274
-420.663525125732
-420.663526724136
-420.663528336169
-420.663529959175
-420.663531584641
-420.663526781798
-420.663528385270
-420.663529968148
-420.663531532084
-420.663533079459
-420.663534608565
-420.663536111667
-420.663537576810
-420.663538993054
-420.663540355491
-420.663536608365
-420.663537882926
-420.663539126791
-420.663540346326
-420.663541541365
-420.663542706719
-420.663543836523
-420.663544928750
-420.663545987353
-420.663547020849
-420.663543257880
-420.663544269088
-420.663545270834
-420.663546260488
-420.663547236126
-420.663548200333
-420.663549161136
-420.663550129169
-420.663551112652
-420.663552112982
-420.663547158411
-420.663548173872
-420.663549181257
-420.663550179051
-420.663551173229
-420.663552173284
-420.663553185868
-420.663554210202
-420.663555238237
-420.663556259451
-420.663550872872
-420.663551873212
-420.663552868222
-420.663553865556
-420.663554867559
-420.663555869179
-420.663556861332
-420.663557837585
-420.663558799617
-420.663559757799
-420.663555213647
-420.663556208488
-420.663557226565
-420.663558263271
-420.663559312726
-420.663560374142
-420.663561454598
-420.663562566256
-420.663563720006
-420.663564920020
-420.663561365201
-420.663562651025
-420.663563970635
-420.663565327845
-420.663566731855
-420.663568191606
-420.663569710033
-420.663571281924
-420.663572896935
-420.663574545410
-420.663571426163
-420.663573138887
-420.663574884156
-420.663576661182
-420.663578463433
-420.663580280448
-420.663582102732
-420.663583926195
-420.663585753066
-420.663587588694
-420.663584128287
-420.663585991288
-420.663587857643
-420.663589718575
-420.663591568012
-420.663593405072
-420.663595233330
-420.663597057894
-420.663598882459
-420.663600708233
-420.663596207093
-420.663598040438
-420.663599880127
-420.663601732685
-420.663603605062
-420.663605501941
-420.663607423823
-420.663609366913
-420.663611324647
-420.663613290247
-420.663607700126
-420.663609675028
-420.663611654787
-420.663613643526
-420.663615644267
-420.663617656568
-420.663619675632
-420.663621693496
-420.663623701767
-420.663625693905
-420.663619228136
-420.663621180695
-420.663623104962
-420.663624992312
-420.663626831888
-420.663628614646
-420.663630337867
-420.663632007154
-420.663633633758
-420.663635228545
-420.663627486614
-420.663629026111
-420.663630524087
-420.663631971697
-420.663633367109
-420.663634717003
-420.663636032714
-420.663637324000
-420.663638594713
-420.663639843516
-420.663631368459
-420.663632579542
-420.663633784480
-420.663634999777
-420.663636238448
-420.663637503904
-420.663638788994
-420.663640081259
-420.663641371068
-420.663642657285
-420.663635834081
-420.663637143097
-420.663638473441
-420.663639824538
-420.663641190073
-420.663642563213
-420.663643941857
-420.663645329519
-420.663646731788
-420.663648150771
-420.663644224050
-420.663645660571
-420.663647086341
-420.663648494711
-420.663649886720
-420.663651269418
-420.663652651054
-420.663654036489
-420.663655425649
-420.663656815577
-420.663654247950
-420.663655641148
-420.663657038469
-420.663658444605
-420.663659861436
-420.663661286794
-420.663662716033
-420.663664145257
-420.663665574296
-420.663667007408
-420.663663878952
-420.663665344662
-420.663666830612
-420.663668335956
-420.663669857292
-420.663671391033
-420.663672935158
-420.663674489402
-420.663676053836
-420.663677626935
-420.663673536230
-420.663675116410
-420.663676689874
-420.663678254579
-420.663679813053
-420.663681371258
-420.663682935323
-420.663684507991
-420.663686086619
-420.663687664286
-420.663682871860
-420.663684431724
-420.663685980092
-420.663687522111
-420.663689063165
-420.663690605267
-420.663692146247
-420.663693682418
-420.663695213010
-420.663696743082
-420.663691343126
-420.663692904666
-420.663694488922
-420.663696091023
-420.663697699869
-420.663699304676
-420.663700901522
-420.663702495692
-420.663704098364
-420.663705719572
-420.663700129661
-420.663701791578
-420.663703459989
-420.663705128236
-420.663706796496
-420.663708470700
-420.663710156782
-420.663711854610
-420.663713556038
-420.663715248794
-420.663710098075
-420.663711757849
-420.663713407571
-420.663715059528
-420.663716722240
-420.663718395642
-420.663720071907
-420.663721741034
-420.663723397292
-420.663725042138
-420.663720430733
-420.663722076936
-420.663723727759
-420.663725381233
-420.663727034250
-420.663728687129
-420.663730345793
-420.663732019928
-420.663733718416
-420.663735445326
-420.663731105800
-420.663732886028
-420.663734684537
-420.663736501739
-420.663738341884
-420.663740210477
-420.663742111474
-420.663744046251
-420.663746014925
-420.663748018507
-420.663743636795
-420.663745725422
-420.663747858432
-420.663750034825
-420.663752249986
-420.663754497690
-420.663756772757
-420.663759072617
-420.663761396877
-420.663763745496
-420.663758647634
-420.663761044749
-420.663763458473
-420.663765886652
-420.663768328985
-420.663770786103
-420.663773257567
-420.663775740191
-420.663778227781
-420.663780712644
-420.663774136549
-420.663776603213
-420.663779054783
-420.663781492745
-420.663783919851
-420.663786338938
-420.663788752343
-420.663791161883
-420.663793569008
-420.663795974845
-420.663787468231
-420.663789878344
-420.663792287220
-420.663794693240
-420.663797094001
-420.663799487173
-420.663801871428
-420.663804247741
-420.663806619980
-420.663808994221
-420.663798992179
-420.663801391734
-420.663803801928
-420.663806216550
-420.663808626206
-420.663811021368
-420.663813394919
-420.663815742954
-420.663818063471
-420.663820354262
-420.663810230281
-420.663812455261
-420.663814638692
-420.663816779736
-420.663818880206
-420.663820942338
-420.663822965769
-420.663824945698
-420.663826873718
-420.663828741056
-420.663819566404
-420.663821308635
-420.663822993414
-420.663824630999
-420.663826231543
-420.663827803095
-420.663829351693
-420.663830882797
-420.663832402768
-420.663833919016
-420.663826406613
-420.663827941330
-420.663829490672
-420.663831058346
-420.663832648739
-420.663834268113
-420.663835924633
-420.663837627378
-420.663839384684
-420.663841202970
-420.663835981122
-420.663837935151
-420.663839953017
-420.663842030668
-420.663844162396
-420.663846341909
-420.663848563495
-420.663850822854
-420.663853116985
-420.663855442981
-420.663852005932
-420.663854388298
-420.663856785080
-420.663859188934
-420.663861593840
-420.663863995126
-420.663866388311
-420.663868767502
-420.663871124802
-420.663873451420
-420.663869956732
-420.663872210835
-420.663874424332
-420.663876600568
-420.663878742696
-420.663880851612
-420.663882926064
-420.663884964429
-420.663886967010
-420.663888936843
-420.663884605299
-420.663886528343
-420.663888427102
-420.663890299395
-420.663892142496
-420.663893956027
-420.663895743269
-420.663897510162
-420.663899262628
-420.663901003889
-420.663896917458
-420.663898639772
-420.663900346921
-420.663902039318
-420.663903718766
-420.663905386440
-420.663907040659
-420.663908676728
-420.663910288858
-420.663911873350
-420.663908540700
-420.663910081402
-420.663911606319
-420.663913120460
-420.663914625373
-420.663916119472
-420.663917600246
-420.663919066779
-420.663920520796
-420.663921965809
-420.663918782428
-420.663920221181
-420.663921653192
-420.663923076538
-420.663924491347
-420.663925901571
-420.663927314472
-420.663928738215
-420.663930178660
-420.663931636997
-420.663928484566
-420.663929970267
-420.663931459054
-420.663932948707
-420.663934440442
-420.663935937140
-420.663937440538
-420.663938949248
-420.663940458899
-420.663941964479
-420.663939024346
-420.663940521464
-420.663942016950
-420.663943514701
-420.663945014640
-420.663946511186
-420.663947995079
-420.663949457629
-420.663950895107
-420.663952310381
-420.663949241042
-420.663950636748
-420.663952026232
-420.663953405624
-420.663954768180
-420.663956109223
-420.663957429810
-420.663958736387
-420.663960036755
-420.663961334813
-420.663958679325
-420.663959963670
-420.663961228484
-420.663962471888
-420.663963698833
-420.663964917976
-420.663966136113
-420.663967353694
-420.663968564806
-420.663969761193
-420.663968789664
-420.663969952820
-420.663971105201
-420.663972254394
-420.663973403559
-420.663974549778
-420.663975686788
-420.663976809885
-420.663977919863
-420.663979022837
-420.663979097835
-420.663980212595
-420.663981332895
-420.663982454915
-420.663983575743
-420.663984697210
-420.663985826577
-420.663986973492
-420.663988145390
-420.663989344598
-420.663988517544
-420.663989769443
-420.663991043197
-420.663992343544
-420.663993677892
-420.663995052351
-420.663996468445
-420.663997922994
-420.663999411197
-420.664000930765
-420.663998856113
-420.664000455727
-420.664002101176
-420.664003794218
-420.664005530977
-420.664007303976
-420.664009106215
-420.664010934879
-420.664012791853
-420.664014681071
-420.664012396385
-420.664014357025
-420.664016339993
-420.664018335983
-420.664020339302
-420.664022350507
-420.664024375423
-420.664026420827
-420.664028489388
-420.664030577194
-420.664029024454
-420.664031131015
-420.664033233979
-420.664035335683
-420.664037442915
-420.664039561951
-420.664041693749
-420.664043833057
-420.664045971983
-420.664048106003
-420.664047424249
-420.664049573437
-420.664051744794
-420.664053946153
-420.664056175762
-420.664058423547
-420.664060677772
-420.664062932782
-420.664065192864
-420.664067469815
-420.664066538656
-420.664068885309
-420.664071260968
-420.664073655769
-420.664076062291
-420.664078481500
-420.664080922641
-420.664083396561
-420.664085907491
-420.664088448257
-420.664086468858
-420.664089029013
-420.664091579241
-420.664094123352
-420.664096672264
-420.664099235021
-420.664101811127
-420.664104389488
-420.664106954468
-420.664109494549
-420.664107221540
-420.664109722503
-420.664112210580
-420.664114686399
-420.664117141066
-420.664119560554
-420.664121933884
-420.664124259825
-420.664126547146
-420.664128808413
-420.664127043651
-420.664129276036
-420.664131480588
-420.664133648306
-420.664135777025
-420.664137874010
-420.664139952139
-420.664142022524
-420.664144088860
-420.664146147176
-420.664144489159
-420.664146524643
-420.664148548882
-420.664150573396
-420.664152609577
-420.664154662686
-420.664156730021
-420.664158804238
-420.664160879543
-420.664162956306
-420.664160996698
-420.664163107708
-420.664165240915
-420.664167394363
-420.664169560143
-420.664171729088
-420.664173895959
-420.664176061892
-420.664178232451
-420.664180413093
-420.664178545426
-420.664180751881
-420.664182954916
-420.664185146476
-420.664187323545
-420.664189488936
-420.664191648734
-420.664193807680
-420.664195965443
-420.664198116056
-420.664196131911
-420.664198252258
-420.664200348332
-420.664202424413
-420.664204487003
-420.664206539905
-420.664208580744
-420.664210601389
-420.664212592120
-420.664214547039
-420.664211184613
-420.664213084147
-420.664214963574
-420.664216825081
-420.664218662562
-420.664220464012
-420.664222217801
-420.664223918996
-420.664225571555
-420.664227184972
-420.664222291164
-420.664223849865
-420.664225372906
-420.664226851391
-420.664228280627
-420.664229664486
-420.664231014045
-420.664232341262
-420.664233651919
-420.664234942877
-420.664230292433
-420.664231525439
-420.664232726049
-420.664233906435
-420.664235083463
-420.664236270431
-420.664237471460
-420.664238681726
-420.664239893377
-420.664241102652
-420.664238117385
-420.664239343710
-420.664240588543
-420.664241853262
-420.664243131768
-420.664244414908
-420.664245697019
-420.664246979852
-420.664248271119
-420.664249578598
-420.664247994026
-420.664249334936
-420.664250673291
-420.664251996917
-420.664253299946
-420.664254584139
-420.664255855391
-420.664257118314
-420.664258372676
-420.664259614000
-420.664258475514
-420.664259685269
-420.664260880984
-420.664262070371
-420.664263259642
-420.664264450010
-420.664265637638
-420.664266817127
-420.664267986266
-420.664269148918
-420.664267984084
-420.664269168393
-420.664270375135
-420.664271607392
-420.664272863343
-420.664274139419
-420.664275433747
-420.664276747784
-420.664278085355
-420.664279449912
-420.664278195984
-420.664279616605
-420.664281054783
-420.664282505541
-420.664283967816
-420.664285445073
-420.664286943292
-420.664288467225
-420.664290017164
-420.664291588280
-420.664289730357
-420.664291328828
-420.664292933641
-420.664294549658
-420.664296185056
-420.664297847073
-420.664299538644
-420.664301258350
-420.664303003577
-420.664304775130
-420.664301719824
-420.664303576533
-420.664305489207
-420.664307464308
-420.664309500914
-420.664311592840
-420.664313733901
-420.664315922771
-420.664318164556
-420.664320467608
-420.664317180058
-420.664319627397
-420.664322134796
-420.664324692148
-420.664327291547
-420.664329930141
-420.664332608880
-420.664335327976
-420.664338082380
-420.664340860563
-420.664338891062
-420.664341683629
-420.664344463533
-420.664347229507
-420.664349983676
-420.664352726979
-420.664355456444
-420.664358165392
-420.664360846539
-420.664363495149
-420.664362761462
-420.664365354286
-420.664367916874
-420.664370449489
-420.664372951184
-420.664375421618
-420.664377862998
-420.664380280506
-420.664382681034
-420.664385071004
-420.664385101083
-420.664387489047
-420.664389871708
-420.664392247609
-420.664394614676
-420.664396970280
-420.664399311322
-420.664401634700
-420.664403938115
-420.664406220417
-420.664407382665
-420.664409628975
-420.664411848131
-420.664414033427
-420.664416176261
-420.664418267647
-420.664420299545
-420.664422265157
-420.664424158339
-420.664425973052
-420.664428073137
-420.664429724265
-420.664431287819
-420.664432767277
-420.664434168068
-420.664435495122
-420.664436751033
-420.664437936150
-420.664439050521
-420.664440096254
-420.664442175905
-420.664443109792
-420.664443997986
-420.664444849348
-420.664445672533
-420.664446477494
-420.664447276709
-420.664448084666
-420.664448915205
-420.664449778343
-420.664451897014
-420.664452840661
-420.664453820230
-420.664454837064
-420.664455896159
-420.664457004375
-420.664458167143
-420.664459386029
-420.664460659056
-420.664461983409
-420.664465083641
-420.664466518385
-420.664468007212
-420.664469548428
-420.664471134248
-420.664472751968
-420.664474388059
-420.664476033122
-420.664477684310
-420.664479343944
-420.664482955996
-420.664484648002
-420.664486348433
-420.664488051404
-420.664489752444
-420.664491450654
-420.664493148282
-420.664494847654
-420.664496548388
-420.664498246657
-420.664500757075
-420.664502445165
-420.664504124798
-420.664505802794
-420.664507488002
-420.664509188019
-420.664510906905
-420.664512645249
-420.664514401747
-420.664516174892
-420.664517162827
-420.664518974020
-420.664520798756
-420.664522634909
-420.664524480025
-420.664526332031
-420.664528189620
-420.664530051779
-420.664531917199
-420.664533783784
-420.664533888059
-420.664535754630
-420.664537610791
-420.664539449656
-420.664541262054
-420.664543037084
-420.664544764227
-420.664546435831
-420.664548048603
-420.664549602834
-420.664549217924
-420.664550663033
-420.664552046693
-420.664553363804
-420.664554610564
-420.664555786634
-420.664556894736
-420.664557937893
-420.664558916399
-420.664559827036
-420.664559489032
-420.664560260265
-420.664560966323
-420.664561621406
-420.664562242671
-420.664562844436
-420.664563434806
-420.664564016474
-420.664564591237
-420.664565164660
-420.664565622544
-420.664566232096
-420.664566874049
-420.664567552571
-420.664568267064
-420.664569017182
-420.664569808257
-420.664570653022
-420.664571568028
-420.664572566752
-420.664573491421
-420.664574667099
-420.664575915959
-420.664577229473
-420.664578605179
-420.664580046218
-420.664581556485
-420.664583135269
-420.664584775620
-420.664586467450
-420.664586829133
-420.664588615620
-420.664590453356
-420.664592351153
-420.664594313060
-420.664596334788
-420.664598405374
-420.664600513146
-420.664602652288
-420.664604825665
-420.664604349801
-420.664606628818
-420.664608969271
-420.664611372563
-420.664613837337
-420.664616364070
-420.664618958391
-420.664621630597
-420.664624391845
-420.664627248975
-420.664626341996
-420.664629393671
-420.664632525987
-420.664635733114
-420.664639014658
-420.664642374545
-420.664645816914
-420.664649341363
-420.664652940349
-420.664656600203
-420.664655497479
-420.664659245647
-420.664663015198
-420.664666799638
-420.664670591679
-420.664674379212
-420.664678144000
-420.664681864294
-420.664685519936
-420.664689097288
-420.664687839855
-420.664691259613
-420.664694592247
-420.664697830808
-420.664700962431
-420.664703972610
-420.664706851234
-420.664709596748
-420.664712215550
-420.664714716858
-420.664713465512
-420.664715751642
-420.664717921405
-420.664719972953
-420.664721912523
-420.664723755563
-420.664725522019
-420.664727228699
-420.664728883687
-420.664730486440
-420.664728925227
-420.664730424686
-420.664731879680
-420.664733306713
-420.664734721951
-420.664736134628
-420.664737544952
-420.664738948362
-420.664740342654
-420.664741733057
-420.664739184473
-420.664740609199
-420.664742059302
-420.664743529920
-420.664745009472
-420.664746487684
-420.664747962870
-420.664749443768
-420.664750944715
-420.664752477632
-420.664749377539
-420.664750982892
-420.664752611759
-420.664754261285
-420.664755936528
-420.664757648071
-420.664759405521
-420.664761211601
-420.664763061220
-420.664764946117
-420.664762951667
-420.664764909920
-420.664766916110
-420.664768984208
-420.664771122002
-420.664773326873
-420.664775587177
-420.664777888445
-420.664780220062
-420.664782578323
-420.664781942045
-420.664784365223
-420.664786812397
-420.664789272391
-420.664791730632
-420.664794174575
-420.664796597508
-420.664798998454
-420.664801377924
-420.664803732665
-420.664802620663
-420.664804897173
-420.664807104461
-420.664809229744
-420.664811268779
-420.664813224971
-420.664815105053
-420.664816913596
-420.664818649975
-420.664820309247
-420.664817500517
-420.664819002194
-420.664820427193
-420.664821786645
-420.664823092043
-420.664824350760
-420.664825564719
-420.664826732978
-420.664827856725
-420.664828943387
-420.664825190382
-420.664826255023
-420.664827328251
-420.664828417806
-420.664829524637
-420.664830646897
-420.664831785327
-420.664832946308
-420.664834140904
-420.664835380345
-420.664832068383
-420.664833416106
-420.664834809301
-420.664836242767
-420.664837715555
-420.664839231812
-420.664840797861
-420.664842417380
-420.664844088194
-420.664845802590
-420.664843259678
-420.664845040462
-420.664846845941
-420.664848677630
-420.664850537010
-420.664852422021
-420.664854326112
-420.664856240391
-420.664858157221
-420.664860072993
-420.664858245146
-420.664860166578
-420.664862089493
-420.664864010422
-420.664865922997
-420.664867820745
-420.664869700055
-420.664871561450
-420.664873408618
-420.664875245811
-420.664874143738
-420.664875970982
-420.664877788921
-420.664879596492
-420.664881395030
-420.664883188500
-420.664884982031
-420.664886779648
-420.664888582547
-420.664890389280
-420.664889182220
-420.664890996722
-420.664892815434
-420.664894644959
-420.664896492981
-420.664898364606
-420.664900260148
-420.664902175102
-420.664904103156
-420.664906039781
-420.664903951664
-420.664905914052
-420.664907892304
-420.664909886897
-420.664911893226
-420.664913903752
-420.664915912648
-420.664917919881
-420.664919931869
-420.664921957620
-420.664919649884
-420.664921717906
-420.664923794131
-420.664925867870
-420.664927933899
-420.664929996367
-420.664932066998
-420.664934158565
-420.664936278017
-420.664938423850
-420.664936945316
-420.664939133096
-420.664941340593
-420.664943579650
-420.664945864099
-420.664948201716
-420.664950589553
-420.664953016103
-420.664955468934
-420.664957942796
-420.664956959932
-420.664959503569
-420.664962093146
-420.664964727889
-420.664967396370
-420.664970081846
-420.664972770354
-420.664975456023
-420.664978139887
-420.664980823486
-420.664979298572
-420.664981965522
-420.664984595194
-420.664987171579
-420.664989687312
-420.664992144288
-420.664994548711
-420.664996903811
-420.664999205387
-420.665001442871
-420.664998913889
-420.665000999837
-420.665003005591
-420.665004938724
-420.665006807717
-420.665008617635
-420.665010369629
-420.665012063951
-420.665013704206
-420.665015299623
-420.665011872883
-420.665013423499
-420.665014965626
-420.665016503055
-420.665018035627
-420.665019562906
-420.665021087522
-420.665022616271
-420.665024158477
-420.665025723150
-420.665021936748
-420.665023566399
-420.665025228247
-420.665026922564
-420.665028650602
-420.665030414563
-420.665032216336
-420.665034055768
-420.665035929663
-420.665037832448
-420.665034228205
-420.665036179082
-420.665038150948
-420.665040149400
-420.665042182037
-420.665044254867
-420.665046369477
-420.665048522726
-420.665050709185
-420.665052924880
-420.665049134123
-420.665051418132
-420.665053740892
-420.665056104683
-420.665058507061
-420.665060942479
-420.665063406705
-420.665065900770
-420.665068431556
-420.665071007998
-420.665066347733
-420.665069025115
-420.665071734971
-420.665074460231
-420.665077187248
-420.665079910414
-420.665082631365
-420.665085353341
-420.665088074708
-420.665090786158
-420.665085529742
-420.665088184140
-420.665090795393
-420.665093365508
-420.665095899737
-420.665098399620
-420.665100858412
-420.665103262473
-420.665105597619
-420.665107856846
-420.665102548997
-420.665104681363
-420.665106770447
-420.665108827168
-420.665110854890
-420.665112851863
-420.665114816896
-420.665116754249
-420.665118674664
-420.665120591932
-420.665115168687
-420.665117113273
-420.665119074387
-420.665121052394
-420.665123051044
-420.665125079724
-420.665127151958
-420.665129281072
-420.665131475609
-420.665133736884
-420.665128422722
-420.665130803616
-420.665133231916
-420.665135704988
-420.665138224064
-420.665140791908
-420.665143409910
-420.665146075911
-420.665148784291
-420.665151527839
-420.665147378636
-420.665150180641
-420.665153005452
-420.665155850274
-420.665158708952
-420.665161571122
-420.665164424155
-420.665167256968
-420.665170063905
-420.665172845769
-420.665170328995
-420.665173078912
-420.665175811217
-420.665178518852
-420.665181191555
-420.665183820525
-420.665186401651
-420.665188934956
-420.665191421100
-420.665193857457
-420.665192652202
-420.665194971429
-420.665197220891
-420.665199403154
-420.665201526819
-420.665203601080
-420.665205629380
-420.665207606712
-420.665209522306
-420.665211366447
-420.665211825327
-420.665213531224
-420.665215177964
-420.665216771912
-420.665218312266
-420.665219792908
-420.665221209090
-420.665222563962
-420.665223870142
-420.665225144274
-420.665227377962
-420.665228616629
-420.665229826372
-420.665230994793
-420.665232116171
-420.665233196401
-420.665234250083
-420.665235291706
-420.665236327185
-420.665237351626
-420.665239921539
-420.665240900724
-420.665241856621
-420.665242802811
-420.665243754183
-420.665244717161
-420.665245685129
-420.665246642367
-420.665247573712
-420.665248473873
-420.665250219900
-420.665251091198
-420.665251967546
-420.665252853266
-420.665253743016
-420.665254627819
-420.665255503265
-420.665256374032
-420.665257251797
-420.665258148120
-420.665260100252
-420.665261040129
-420.665261986498
-420.665262930547
-420.665263871934
-420.665264820028
-420.665265789306
-420.665266792178
-420.665267833403
-420.665268909367
-420.665272672924
-420.665273798670
-420.665274940590
-420.665276100173
-420.665277280047
-420.665278480124
-420.665279695951
-420.665280920202
-420.665282146698
-420.665283373954
-420.665288445565
-420.665289695945
-420.665290966060
-420.665292257597
-420.665293565607
-420.665294880809
-420.665296194108
-420.665297501092
-420.665298803887
-420.665300109467
-420.665305129054
-420.665306466592
-420.665307821795
-420.665309194758
-420.665310587439
-420.665312005567
-420.665313457485
-420.665314950030
-420.665316484229
-420.665318053975
-420.665323383023
-420.665324999654
-420.665326630202
-420.665328279814
-420.665329957154
-420.665331668217
-420.665333411625
-420.665335178733
-420.665336958198
-420.665338741679
-420.665345042471
-420.665346835873
-420.665348630910
-420.665350420084
-420.665352189344
-420.665353923321
-420.665355612845
-420.665357259365
-420.665358873428
-420.665360467677
-420.665366382452
-420.665367954095
-420.665369502012
-420.665371018608
-420.665372503939
-420.665373967218
-420.665375422335
-420.665376880621
-420.665378346039
-420.665379815996
-420.665383521081
-420.665385001898
-420.665386500257
-420.665388034685
-420.665389621941
-420.665391269919
-420.665392975599
-420.665394728820
-420.665396519439
-420.665398343214
-420.665400115268
-420.665402020500
-420.665403969382
-420.665405957432
-420.665407973892
-420.665410006036
-420.665412044319
-420.665414084939
-420.665416128284
-420.665418174496
-420.665419500932
-420.665421537057
-420.665423544348
-420.665425507584
-420.665427416977
-420.665429270676
-420.665431073623
-420.665432833586
-420.665434556697
-420.665436245094
-420.665437692049
-420.665439312205
-420.665440897552
-420.665442455697
-420.665443997924
-420.665445535273
-420.665447074880
-420.665448618920
-420.665450167385
-420.665451722868
-420.665453143231
-420.665454752006
-420.665456410856
-420.665458133718
-420.665459925619
-420.665461782750
-420.665463697082
-420.665465662611
-420.665467679082
-420.665469750572
-420.665471481370
-420.665473673929
-420.665475913812
-420.665478189230
-420.665480491722
-420.665482820032
-420.665485178510
-420.665487570658
-420.665489992146
-420.665492428357
-420.665494870702
-420.665497282611
-420.665499659006
-420.665501999804
-420.665504309998
-420.665506592024
-420.665508841393
-420.665511048495
-420.665513205207
-420.665515311186
-420.665518126538
-420.665520165140
-420.665522177529
-420.665524158355
-420.665526093732
-420.665527969774
-420.665529781928
-420.665531538730
-420.665533257527
-420.665534955026
-420.665538233015
-420.665539907537
-420.665541559402
-420.665543185689
-420.665544792150
-420.665546390971
-420.665547992856
-420.665549599612
-420.665551202532
-420.665552788181
-420.665557574172
-420.665559115892
-420.665560647514
-420.665562185838
-420.665563741850
-420.665565315559
-420.665566897856
-420.665568477526
-420.665570048292
-420.665571611153
-420.665577557774
-420.665579122677
-420.665580683940
-420.665582232472
-420.665583758426
-420.665585256693
-420.665586729172
-420.665588182481
-420.665589622774
-420.665591051307
-420.665595993879
-420.665597385184
-420.665598742834
-420.665600061441
-420.665601339125
-420.665602575939
-420.665603772113
-420.665604927468
-420.665606041985
-420.665607116896
-420.665609845971
-420.665610854689
-420.665611833801
-420.665612786394
-420.665613715191
-420.665614623048
-420.665615513048
-420.665616388103
-420.665617250165
-420.665618100510
-420.665619709306
-420.665620546737
-420.665621383851
-420.665622228964
-420.665623090253
-420.665623973425
-420.665624880490
-420.665625810593
-420.665626761879
-420.665627733345
-420.665630262210
-420.665631279724
-420.665632317999
-420.665633374716
-420.665634446339
-420.665635529787
-420.665636623836
-420.665637729267
-420.665638847593
-420.665639979233
-420.665644368766
-420.665645523463
-420.665646679554
-420.665647831128
-420.665648973021
-420.665650101379
-420.665651213947
-420.665652310372
-420.665653392420
-420.665654463576
-420.665660365590
-420.665661430923
-420.665662494137
-420.665663554707
-420.665664611113
-420.665665662302
-420.665666708370
-420.665667750130
-420.665668788065
-420.665669821697
-420.665676684733
-420.665677713349
-420.665678740549
-420.665679772426
-420.665680815943
-420.665681876085
-420.665682953430
-420.665684044084
-420.665685141665
-420.665686240348
-420.665693860671
-420.665694961784
-420.665696063275
-420.665697167134
-420.665698274456
-420.665699385988
-420.665700503237
-420.665701629006
-420.665702766901
-420.665703919851
-420.665712408875
-420.665713599993
-420.665714804705
-420.665716021869
-420.665717251675
-420.665718495594
-420.665719755906
-420.665721035366
-420.665722337625
-420.665723667542
-420.665732760506
-420.665734168981
-420.665735617958
-420.665737106257
-420.665738630094
-420.665740185607
-420.665741771412
-420.665743389237
-420.665745042271
-420.665746732128
-420.665755450179
-420.665757211376
-420.665758996521
-420.665760803511
-420.665762634814
-420.665764495469
-420.665766388656
-420.665768312157
-420.665770257986
-420.665772215839
-420.665780001659
-420.665781973895
-420.665783952525
-420.665785942246
-420.665787944065
-420.665789953253
-420.665791961280
-420.665793960477
-420.665795947737
-420.665797924957
-420.665804979317
-420.665806950888
-420.665808910458
-420.665810847401
-420.665812750371
-420.665814611979
-420.665816430693
-420.665818208957
-420.665819949013
-420.665821649117
-420.665828041963
-420.665829646593
-420.665831187463
-420.665832660016
-420.665834063188
-420.665835397278
-420.665836661599
-420.665837853686
-420.665838970711
-420.665840011827
-420.665845899948
-420.665846807972
-420.665847658714
-420.665848460053
-420.665849217018
-420.665849931609
-420.665850604392
-420.665851236586
-420.665851832036
-420.665852397818
-420.665858240092
-420.665858782340
-420.665859326427
-420.665859881949
-420.665860457125
-420.665861059235
-420.665861694821
-420.665862369493
-420.665863086959
-420.665863847788
-420.665870339269
-420.665871182534
-420.665872056837
-420.665872961039
-420.665873898995
-420.665874878508
-420.665875908035
-420.665876992575
-420.665878131443
-420.665879319014
-420.665886992519
-420.665888265233
-420.665889572458
-420.665890914755
-420.665892291964
-420.665893701155
-420.665895137696
-420.665896599070
-420.665898089023
-420.665899618711
-420.665907573694
-420.665909234171
-420.665910967380
-420.665912768891
-420.665914628883
-420.665916538983
-420.665918497584
-420.665920510306
-420.665922585725
-420.665924729242
-420.665931057775
-420.665933336649
-420.665935669312
-420.665938053892
-420.665940494022
-420.665942994558
-420.665945555113
-420.665948165675
-420.665950807522
-420.665953459279
-420.665957869051
-420.665960507208
-420.665963131169
-420.665965743259
-420.665968341779
-420.665970918346
-420.665973460107
-420.665975954789
-420.665978395018
-420.665980778967
-420.665985033023
-420.665987310071
-420.665989523650
-420.665991664186
-420.665993722975
-420.665995696579
-420.665997588668
-420.665999408004
-420.666001164061
-420.666002862602
-420.666008431761
-420.666010016852
-420.666011535913
-420.666012986134
-420.666014367670
-420.666015682577
-420.666016932347
-420.666018116222
-420.666019231202
-420.666020273694
-420.666027243716
-420.666028143085
-420.666028972855
-420.666029736530
-420.666030434762
-420.666031063702
-420.666031615990
-420.666032083622
-420.666032461630
-420.666032750321
-420.666040069756
-420.666040201551
-420.666040263167
-420.666040259209
-420.666040193471
-420.666040071919
-420.666039904772
-420.666039706042
-420.666039490028
-420.666039267284
-420.666046066554
-420.666045845017
-420.666045624185
-420.666045412316
-420.666045225455
-420.666045083935
-420.666045006179
-420.666045003408
-420.666045079074
-420.666045233196
-420.666051837293
-420.666052166161
-420.666052594821
-420.666053131120
-420.666053773902
-420.666054512333
-420.666055331536
-420.666056221132
-420.666057181107
-420.666058220736
-420.666065202071
-420.666066431257
-420.666067745966
-420.666069129023
-420.666070563382
-420.666072040447
-420.666073562161
-420.666075135538
-420.666076763794
-420.666078440432
-420.666086333522
-420.666088068260
-420.666089817556
-420.666091589314
-420.666093399492
-420.666095262049
-420.666097180332
-420.666099145668
-420.666101143884
-420.666103165151
-420.666112375961
-420.666114460832
-420.666116592163
-420.666118774971
-420.666121003649
-420.666123265788
-420.666125550363
-420.666127854278
-420.666130182826
-420.666132543547
-420.666142239167
-420.666144665990
-420.666147102304
-420.666149531184
-420.666151942227
-420.666154334020
-420.666156710349
-420.666159073486
-420.666161418847
-420.666163734966
-420.666172227945
-420.666174455007
-420.666176627011
-420.666178746916
-420.666180818116
-420.666182839893
-420.666184806362
-420.666186709846
-420.666188545762
-420.666190316072
-420.666197196653
-420.666198866044
-420.666200492894
-420.666202077696
-420.666203616735
-420.666205106145
-420.666206545893
-420.666207940994
-420.666209299395
-420.666210628123
-420.666217539768
-420.666218819330
-420.666220067875
-420.666221284536
-420.666222472926
-420.666223640466
-420.666224794793
-420.666225939843
-420.666227073670
-420.666228189721
-420.666236667726
-420.666237736672
-420.666238779971
-420.666239804212
-420.666240815871
-420.666241817254
-420.666242805428
-420.666243774886
-420.666244722327
-420.666245650251
-420.666254738670
-420.666255659608
-420.666256584752
-420.666257512636
-420.666258435909
-420.666259346721
-420.666260242679
-420.666261129365
-420.666262017844
-420.666262918699
-420.666270763412
-420.666271701698
-420.666272649711
-420.666273605131
-420.666274572334
-420.666275561139
-420.666276581321
-420.666277636624
-420.666278722555
-420.666279829657
-420.666286680144
-420.666287817823
-420.666288974291
-420.666290158994
-420.666291378051
-420.666292630473
-420.666293909462
-420.666295207325
-420.666296520305
-420.666297849713
-420.666304790811
-420.666306164206
-420.666307550711
-420.666308939349
-420.666310319112
-420.666311683726
-420.666313032759
-420.666314368596
-420.666315691604
-420.666316997165
-420.666323640549
-420.666324889723
-420.666326098628
-420.666327266616
-420.666328394920
-420.666329482763
-420.666330525522
-420.666331516476
-420.666332451017
-420.666333329866
-420.666338998684
-420.666339790623
-420.666340546259
-420.666341266614
-420.666341950274
-420.666342597480
-420.666343213371
-420.666343807609
-420.666344390836
-420.666344970368
-420.666350049695
-420.666350630853
-420.666351211502
-420.666351796997
-420.666352396241
-420.666353017938
-420.666353666418
-420.666354340238
-420.666355034672
-420.666355745894
-420.666360026954
-420.666360779086
-420.666361552472
-420.666362344569
-420.666363147785
-420.666363952454
-420.666364751183
-420.666365541259
-420.666366323405
-420.666367097829
-420.666369529542
-420.666370278787
-420.666371000411
-420.666371689733
-420.666372347968
-420.666372980130
-420.666373590766
-420.666374180516
-420.666374746609
-420.666375287007
-420.666376805856
-420.666377318369
-420.666377834500
-420.666378367825
-420.666378926063
-420.666379510798
-420.666380121755
-420.666380762112
-420.666381441153
-420.666382171842
-420.666385098773
-420.666385967113
-420.666386903746
-420.666387905847
-420.666388973388
-420.666390111626
-420.666391328904
-420.666392631265
-420.666394017757
-420.666395479621
-420.666400317166
-420.666401897164
-420.666403520866
-420.666405185919
-420.666406891245
-420.666408633695
-420.666410407081
-420.666412204034
-420.666414018943
-420.666415849303
-420.666421301346
-420.666423165209
-420.666425039804
-420.666426920265
-420.666428802352
-420.666430684938
-420.666432570300
-420.666434462524
-420.666436365508
-420.666438282255
-420.666443530300
-420.666445491318
-420.666447483413
-420.666449514793
-420.666451589980
-420.666453707514
-420.666455861193
-420.666458044506
-420.666460255372
-420.666462497581
-420.666467474368
-420.666469800132
-420.666472163263
-420.666474552893
-420.666476956154
-420.666479364193
-420.666481774696
-420.666484189070
-420.666486605918
-420.666489015926
-420.666493194731
-420.666495543333
-420.666497837808
-420.666500076773
-420.666502267039
-420.666504416200
-420.666506525056
-420.666508585526
-420.666510585159
-420.666512515156
-420.666515781821
-420.666517586847
-420.666519344155
-420.666521060943
-420.666522736472
-420.666524365348
-420.666525944693
-420.666527479978
-420.666528984889
-420.666530475423
-420.666534063693
-420.666535550367
-420.666537025707
-420.666538480974
-420.666539913019
-420.666541326294
-420.666542728916
-420.666544125870
-420.666545514361
-420.666546884663
-420.666551993943
-420.666553303673
-420.666554579344
-420.666555826506
-420.666557048489
-420.666558240961
-420.666559391747
-420.666560485810
-420.666561512464
-420.666562470046
-420.666568338505
-420.666569184991
-420.666569984448
-420.666570736514
-420.666571436916
-420.666572083122
-420.666572679706
-420.666573239223
-420.666573778132
-420.666574310096
-420.666579060393
-420.666579593064
-420.666580118373
-420.666580636746
-420.666581158067
-420.666581700738
-420.666582285380
-420.666582926978
-420.666583630154
-420.666584390530
-420.666587705583
-420.666588569639
-420.666589488386
-420.666590473137
-420.666591532578
-420.666592665532
-420.666593859332
-420.666595095421
-420.666596359010
-420.666597646589
-420.666600656277
-420.666602024490
-420.666603441623
-420.666604898396
-420.666606372888
-420.666607840086
-420.666609283385
-420.666610700574
-420.666612100400
-420.666613491865
-420.666617147483
-420.666618510303
-420.666619829621
-420.666621091335
-420.666622296271
-420.666623459656
-420.666624601113
-420.666625731652
-420.666626846573
-420.666627929177
-420.666632612688
-420.666633597803
-420.666634543652
-420.666635474176
-420.666636410978
-420.666637362690
-420.666638323813
-420.666639283517
-420.666640237782
-420.666641196322
-420.666646807509
-420.666647839400
-420.666648925019
-420.666650058483
-420.666651225674
-420.666652415904
-420.666653630795
-420.666654884275
-420.666656193773
-420.666657568960
-420.666663699824
-420.666665186124
-420.666666701439
-420.666668236494
-420.666669792550
-420.666671376200
-420.666672990438
-420.666674628242
-420.666676273487
-420.666677908036
-420.666683909645
-420.666685501656
-420.666687074311
-420.666688631588
-420.666690169949
-420.666691677158
-420.666693137200
-420.666694537740
-420.666695875185
-420.666697154048
-420.666702448871
-420.666703635048
-420.666704773451
-420.666705858905
-420.666706887370
-420.666707860312
-420.666708785493
-420.666709673905
-420.666710534933
-420.666711372961
-420.666716678779
-420.666717472466
-420.666718240544
-420.666718988086
-420.666719724491
-420.666720460261
-420.666721203238
-420.666721956433
-420.666722718407
-420.666723485876
-420.666730397078
-420.666731176654
-420.666731963532
-420.666732760809
-420.666733568864
-420.666734384125
-420.666735200124
-420.666736010411
-420.666736811522
-420.666737604340
-420.666746161136
-420.666746952939
-420.666747744924
-420.666748533860
-420.666749314290
-420.666750081960
-420.666750836606
-420.666751582451
-420.666752326034
-420.666753073059
-420.666761379916
-420.666762143384
-420.666762914283
-420.666763696212
-420.666764496406
-420.666765323872
-420.666766186215
-420.666767087224
-420.666768026862
-420.666769003351
-420.666775500510
-420.666776553590
-420.666777646673
-420.666778781343
-420.666779956761
-420.666781169987
-420.666782417744
-420.666783698066
-420.666785010089
-420.666786352191
-420.666791554624
-420.666792942691
-420.666794337948
-420.666795731779
-420.666797119133
-420.666798498254
-420.666799867916
-420.666801224851
-420.666802563147
-420.666803876715
-420.666809194280
-420.666810459757
-420.666811707428
-420.666812943309
-420.666814168448
-420.666815378126
-420.666816565398
-420.666817726872
-420.666818866626
-420.666819995527
-420.666825590935
-420.666826735103
-420.666827890617
-420.666829054256
-420.666830223747
-420.666831402461
-420.666832599303
-420.666833823989
-420.666835080792
-420.666836365452
-420.666841871016
-420.666843183864
-420.666844500785
-420.666845826379
-420.666847169201
-420.666848535057
-420.666849922326
-420.666851322584
-420.666852725595
-420.666854125347
-420.666860312616
-420.666861714454
-420.666863120589
-420.666864528155
-420.666865929012
-420.666867314540
-420.666868681117
-420.666870032542
-420.666871377553
-420.666872724216
-420.666880238238
-420.666881593649
-420.666882943825
-420.666884285203
-420.666885619395
-420.666886951705
-420.666888286564
-420.666889623550
-420.666890956733
-420.666892278109
-420.666900317092
-420.666901608586
-420.666902888275
-420.666904161090
-420.666905427373
-420.666906681117
-420.666907912365
-420.666909111843
-420.666910274916
-420.666911402100
-420.666919319300
-420.666920385117
-420.666921415399
-420.666922403451
-420.666923343019
-420.666924232590
-420.666925077179
-420.666925886714
-420.666926671755
-420.666927439110
-420.666935516350
-420.666936252196
-420.666936966596
-420.666937661428
-420.666938344516
-420.666939027956
-420.666939723808
-420.666940440212
-420.666941179796
-420.666941941769
-420.666949552936
-420.666950368479
-420.666951221239
-420.666952122899
-420.666953081035
-420.666954094895
-420.666955155207
-420.666956249114
-420.666957367139
-420.666958508170
-420.666964288848
-420.666965502598
-420.666966759540
-420.666968054382
-420.666969374194
-420.666970705160
-420.666972039801
-420.666973379800
-420.666974732386
-420.666976102617
-420.666980724720
-420.666982114859
-420.666983491694
-420.666984846379
-420.666986181848
-420.666987510971
-420.666988848710
-420.666990202772
-420.666991569443
-420.666992936903
-420.666998414693
-420.666999762287
-420.667001103018
-420.667002448579
-420.667003807247
-420.667005178169
-420.667006552338
-420.667007919204
-420.667009274075
-420.667010621147
-420.667016789086
-420.667018151859
-420.667019523241
-420.667020893693
-420.667022249910
-420.667023582221
-420.667024889011
-420.667026175664
-420.667027449183
-420.667028712390
-420.667034108465
-420.667035341544
-420.667036548619
-420.667037729648
-420.667038889692
-420.667040035276
-420.667041170244
-420.667042294005
-420.667043403525
-420.667044497205
-420.667049905503
-420.667050984858
-420.667052067261
-420.667053159229
-420.667054262931
-420.667055376995
-420.667056499049
-420.667057628329
-420.667058766503
-420.667059916338
-420.667066876207
-420.667068057951
-420.667069249990
-420.667070448981
-420.667071652621
-420.667072860338
-420.667074072687
-420.667075289931
-420.667076510524
-420.667077730342
-420.667085165233
-420.667086369760
-420.667087554613
-420.667088716874
-420.667089856986
-420.667090977726
-420.667092082264
-420.667093172106
-420.667094246370
-420.667095302964
-420.667101464274
-420.667102491363
-420.667103508998
-420.667104524541
-420.667105542613
-420.667106562583
-420.667107579551
-420.667108588604
-420.667109589718
-420.667110590168
-420.667116013853
-420.667117052779
-420.667118119294
-420.667119209870
-420.667120316355
-420.667121432600
-420.667122559358
-420.667123703865
-420.667124874137
-420.667126071925
-420.667132109009
-420.667133336763
-420.667134558183
-420.667135770436
-420.667136981679
-420.667138205598
-420.667139452250
-420.667140721422
-420.667142002944
-420.667143283604
-420.667149739185
-420.667151010844
-420.667152286926
-420.667153576849
-420.667154882186
-420.667156195386
-420.667157505425
-420.667158806463
-420.667160103466
-420.667161410579
-420.667167459841
-420.667168831657
-420.667170234102
-420.667171655653
-420.667173084391
-420.667174515202
-420.667175951328
-420.667177400125
-420.667178866065
-420.667180346291
-420.667186370678
-420.667187856644
-420.667189333350
-420.667190803676
-420.667192275000
-420.667193752963
-420.667195236555
-420.667196717323
-420.667198183173
-420.667199624006
-420.667206198238
-420.667207588065
-420.667208955146
-420.667210302802
-420.667211630648
-420.667212935341
-420.667214213278
-420.667215463637
-420.667216689439
-420.667217896414
-420.667224601496
-420.667225789913
-420.667226966326
-420.667228126110
-420.667229264060
-420.667230377336
-420.667231467112
-420.667232538179
-420.667233596323
-420.667234645103
-420.667241603883
-420.667242632430
-420.667243640220
-420.667244624283
-420.667245586374
-420.667246531772
-420.667247465051
-420.667248385818
-420.667249287196
-420.667250158591
-420.667258728500
-420.667259526023
-420.667260289542
-420.667261029011
-420.667261751542
-420.667262456920
-420.667263138378
-420.667263788106
-420.667264404022
-420.667264992860
-420.667275242989
-420.667275818533
-420.667276393590
-420.667276962287
-420.667277515131
-420.667278047219
-420.667278563748
-420.667279078916
-420.667279608721
-420.667280162589
-420.667290348744
-420.667290945158
-420.667291547971
-420.667292156821
-420.667292780569
-420.667293432131
-420.667294120473
-420.667294845260
-420.667295597880
-420.667296368062
-420.667306039477
-420.667306845571
-420.667307679145
-420.667308548783
-420.667309455369
-420.667310390890
-420.667311343107
-420.667312302427
-420.667313266766
-420.667314241006
-420.667324338072
-420.667325354599
-420.667326386562
-420.667327423989
-420.667328455850
-420.667329474601
-420.667330477862
-420.667331466439
-420.667332440554
-420.667333396723
-420.667343314234
-420.667344216012
-420.667345076646
-420.667345893942
-420.667346670503
-420.667347411232
-420.667348119702
-420.667348795403
-420.667349433229
-420.667350025668
-420.667358147454
-420.667358640797
-420.667359087403
-420.667359497485
-420.667359881930
-420.667360248682
-420.667360601528
-420.667360942384
-420.667361275503
-420.667361610586
-420.667368374887
-420.667368761720
-420.667369189142
-420.667369657976
-420.667370162924
-420.667370699458
-420.667371270853
-420.667371890360
-420.667372576609
-420.667373344699
-420.667380217746
-420.667381152946
-420.667382152529
-420.667383206866
-420.667384315936
-420.667385487201
-420.667386726695
-420.667388029835
-420.667389378975
-420.667390749853
-420.667397516418
-420.667398890924
-420.667400271811
-420.667401671398
-420.667403092828
-420.667404523091
-420.667405937142
-420.667407310514
-420.667408631914
-420.667409907224
-420.667416182715
-420.667417412846
-420.667418623181
-420.667419799143
-420.667420923994
-420.667421992395
-420.667423016803
-420.667424022072
-420.667425031723
-420.667426055057
-420.667432917645
-420.667433939814
-420.667434940914
-420.667435926553
-420.667436917535
-420.667437938609
-420.667439004752
-420.667440114156
-420.667441252514
-420.667442404990
-420.667450478769
-420.667451664153
-420.667452884122
-420.667454148047
-420.667455450883
-420.667456774136
-420.667458095269
-420.667459399253
-420.667460684548
-420.667461960108
-420.667470487012
-420.667471767006
-420.667473036950
-420.667474277884
-420.667475472012
-420.667476610271
-420.667477693873
-420.667478729622
-420.667479722448
-420.667480670245
-420.667489142608
-420.667489974737
-420.667490736820
-420.667491432476
-420.667492073408
-420.667492673966
-420.667493244498
-420.667493787052
-420.667494296180
-420.667494764039
-420.667503471545
-420.667503857147
-420.667504215285
-420.667504561715
-420.667504908636
-420.667505260510
-420.667505615059
-420.667505968656
-420.667506322997
-420.667506688166
-420.667516188127
-420.667516622729
-420.667517101791
-420.667517618522
-420.667518160124
-420.667518717239
-420.667519291757
-420.667519897440
-420.667520552739
-420.667521269955
-420.667532005156
-420.667532835422
-420.667533699166
-420.667534588797
-420.667535508943
-420.667536471739
-420.667537486153
-420.667538548879
-420.667539643500
-420.667540748930
-420.667552652424
-420.667553757771
-420.667554875237
-420.667556018888
-420.667557191181
-420.667558378402
-420.667559556897
-420.667560706066
-420.667561819063
-420.667562904002
-420.667575206393
-420.667576275696
-420.667577332834
-420.667578361296
-420.667579345268
-420.667580280793
-420.667581178917
-420.667582058277
-420.667582932730
-420.667583802289
-420.667595652433
-420.667596474957
-420.667597257613
-420.667598009370
-420.667598750133
-420.667599499495
-420.667600266040
-420.667601044833
-420.667601823781
-420.667602594388
-420.667614015383
-420.667614789360
-420.667615581607
-420.667616396506
-420.667617226384
-420.667618056095
-420.667618872435
-420.667619671978
-420.667620461902
-420.667621253691
-420.667632415331
-420.667633223653
-420.667634022670
-420.667634796216
-420.667635533407
-420.667636232348
-420.667636897741
-420.667637534541
-420.667638142462
-420.667638714753
-420.667648940892
-420.667649421363
-420.667649852834
-420.667650243944
-420.667650605653
-420.667650945280
-420.667651263147
-420.667651553451
-420.667651808764
-420.667652025279
-420.667660750956
-420.667660906895
-420.667661043555
-420.667661166470
-420.667661275565
-420.667661366572
-420.667661435074
-420.667661480487
-420.667661507262
-420.667661522614
-420.667669354865
-420.667669360867
-420.667669351795
-420.667669316322
-420.667669245308
-420.667669136309
-420.667668994125
-420.667668827174
-420.667668641925
-420.667668439311
-420.667676220162
-420.667675975575
-420.667675706442
-420.667675420913
-420.667675131934
-420.667674851598
-420.667674586159
-420.667674335138
-420.667674095446
-420.667673867719
-420.667681818836
-420.667681654276
-420.667681546047
-420.667681509167
-420.667681551178
-420.667681673585
-420.667681876646
-420.667682163983
-420.667682543515
-420.667683024283
-420.667691449609
-420.667692145703
-420.667692938222
-420.667693817488
-420.667694776869
-420.667695814871
-420.667696933059
-420.667698131628
-420.667699405692
-420.667700744293
-420.667710026912
-420.667711455129
-420.667712905529
-420.667714367878
-420.667715832924
-420.667717290967
-420.667718731706
-420.667720145123
-420.667721522946
-420.667722859312
-420.667733147922
-420.667734396027
-420.667735594232
-420.667736740648
-420.667737833626
-420.667738871575
-420.667739852559
-420.667740774550
-420.667741636639
-420.667742440754
-420.667753903457
-420.667754617246
-420.667755298350
-420.667755953902
-420.667756586566
-420.667757195556
-420.667757780112
-420.667758342617
-420.667758889181
-420.667759426769
-420.667771509108
-420.667772038123
-420.667772553848
-420.667773051070
-420.667773530076
-420.667773997262
-420.667774461153
-420.667774925849
-420.667775386759
-420.667775831941
-420.667786697407
-420.667787082255
-420.667787433117
-420.667787757330
-420.667788060562
-420.667788340999
-420.667788589495
-420.667788795751
-420.667788955997
-420.667789076615
-420.667797256041
-420.667797339095
-420.667797408353
-420.667797455364
-420.667797468188
-420.667797441141
-420.667797380702
-420.667797303222
-420.667797226073
-420.667797158243
-420.667803667373
-420.667803608809
-420.667803541950
-420.667803471660
-420.667803412847
-420.667803382406
-420.667803389038
-420.667803428410
-420.667803487249
-420.667803553456
-420.667810712109
-420.667810806631
-420.667810934249
-420.667811106005
-420.667811320278
-420.667811563565
-420.667811819140
-420.667812077047
-420.667812338948
-420.667812614649
-420.667820598310
-420.667820923661
-420.667821258509
-420.667821585578
-420.667821891875
-420.667822175451
-420.667822444788
-420.667822711646
-420.667822981967
-420.667823251051
-420.667830658727
-420.667830889786
-420.667831085623
-420.667831250140
-420.667831394871
-420.667831531737
-420.667831666297
-420.667831795808
-420.667831912960
-420.667832012834
-420.667839199531
-420.667839287487
-420.667839388569
-420.667839514907
-420.667839669808
-420.667839847485
-420.667840038283
-420.667840236306
-420.667840444611
-420.667840674993
-420.667849191922
-420.667849509594
-420.667849871649
-420.667850267526
-420.667850684092
-420.667851113855
-420.667851559135
-420.667852028955
-420.667852530757
-420.667853061992
-420.667863419374
-420.667863962825
-420.667864480620
-420.667864966740
-420.667865428424
-420.667865878464
-420.667866323830
-420.667866757992
-420.667867162564
-420.667867517256
-420.667879407259
-420.667879651936
-420.667879856484
-420.667880034950
-420.667880189318
-420.667880307433
-420.667880371313
-420.667880370558
-420.667880311646
-420.667880216449
-420.667893033953
-420.667892939996
-420.667892850345
-420.667892751235
-420.667892629195
-420.667892483537
-420.667892329728
-420.667892191335
-420.667892086210
-420.667892016446
-420.667904412511
-420.667904375372
-420.667904336107
-420.667904304141
-420.667904301275
-420.667904348670
-420.667904454036
-420.667904607463
-420.667904788686
-420.667904980585
-420.667915802985
-420.667916025573
-420.667916284793
-420.667916591252
-420.667916941184
-420.667917319021
-420.667917708159
-420.667918102650
-420.667918511790
-420.667918954715
-420.667929193630
-420.667929746320
-420.667930343767
-420.667930967452
-420.667931602766
-420.667932247880
-420.667932914078
-420.667933617660
-420.667934368809
-420.667935164805
-420.667946592168
-420.667947437674
-420.667948290062
-420.667949153698
-420.667950041156
-420.667950963099
-420.667951918837
-420.667952893926
-420.667953866708
-420.667954819627
-420.667966816054
-420.667967734225
-420.667968653631
-420.667969584355
-420.667970523339
-420.667971455873
-420.667972365181
-420.667973243631
-420.667974097924
-420.667974944723
-420.667985631066
-420.667986501926
-420.667987375224
-420.667988235920
-420.667989076012
-420.667989902891
-420.667990737572
-420.667991603057
-420.667992510780
-420.667993454096
-420.668003515766
-420.668004476986
-420.668005429065
-420.668006381660
-420.668007351332
-420.668008347192
-420.668009361307
-420.668010370711
-420.668011349906
-420.668012284799
-420.668024112841
-420.668024982627
-420.668025829752
-420.668026642659
-420.668027391474
-420.668028040591
-420.668028565703
-420.668028963930
-420.668029249917
-420.668029440798
-420.668042878849
-420.668042879358
-420.668042751396
-420.668042478570
-420.668042063807
-420.668041528474
-420.668040899122
-420.668040191230
-420.668039401617
-420.668038515288
-420.668051166548
-420.668050081398
-420.668048929033
-420.668047750061
-420.668046576996
-420.668045422328
-420.668044280072
-420.668043139610
-420.668042001489
-420.668040883982
-420.668051863575
-420.668050876282
-420.668049971762
-420.668049140223
-420.668048364872
-420.668047636914
-420.668046964035
-420.668046366429
-420.668045863358
-420.668045459491
-420.668056219358
-420.668055963945
-420.668055744573
-420.668055551716
-420.668055390592
-420.668055272149
-420.668055201129
-420.668055169513
-420.668055159615
-420.668055154171
-420.668066899748
-420.668066899717
-420.668066916284
-420.668066959316
-420.668067028161
-420.668067112051
-420.668067197540
-420.668067277996
-420.668067358758
-420.668067454767
-420.668079884957
-420.668080060116
-420.668080279078
-420.668080536813
-420.668080828994
-420.668081157671
-420.668081532080
-420.668081964009
-420.668082461080
-420.668083022427
-420.668095813675
-420.668096480390
-420.668097185559
-420.668097930712
-420.668098723518
-420.668099571546
-420.668100475710
-420.668101427274
-420.668102410511
-420.668103409385
-420.668117021429
-420.668118035227
-420.668119054722
-420.668120079201
-420.668121099756
-420.668122099279
-420.668123058465
-420.668123964049
-420.668124813599
-420.668125613513
-420.668140754514
-420.668141474710
-420.668142137686
-420.668142722206
-420.668143209133
-420.668143590327
-420.668143870489
-420.668144060579
-420.668144167129
-420.668144184999
-420.668161268328
-420.668161069144
-420.668160743758
-420.668160301020
-420.668159759635
-420.668159136086
-420.668158434046
-420.668157642506
-420.668156744205
-420.668155728898
-420.668174591806
-420.668173381932
-420.668172104865
-420.668170775318
-420.668169393172
-420.668167948635
-420.668166434356
-420.668164856167
-420.668163234461
-420.668161595393
-420.668181281978
-420.668179658085
-420.668178029770
-420.668176385501
-420.668174723723
-420.668173057722
-420.668171409915
-420.668169800097
-420.668168235699
-420.668166710707
-420.668185708769
-420.668184241138
-420.668182800077
-420.668181399670
-420.668180053750
-420.668178766737
-420.668177530907
-420.668176331672
-420.668175156893
-420.668174003778
-420.668191257722
-420.668190177453
-420.668189139487
-420.668188139671
-420.668187167422
-420.668186212330
-420.668185269846
-420.668184342493
-420.668183435955
-420.668182553410
-420.668198223057
-420.668197380543
-420.668196541912
-420.668195701851
-420.668194860630
-420.668194022326
-420.668193191095
-420.668192368133
-420.668191551140
-420.668190736153
-420.668205417875
-420.668204606556
-420.668203795534
-420.668202986892
-420.668202181272
-420.668201377572
-420.668200573400
-420.668199766742
-420.668198957166
-420.668198146513
-420.668212109014
-420.668211313774
-420.668210528623
-420.668209755160
-420.668208993205
-420.668208241768
-420.668207500559
-420.668206771206
-420.668206057406
-420.668205363669
-420.668219287782
-420.668218648994
-420.668218035087
-420.668217445784
-420.668216882767
-420.668216350121
-420.668215852711
-420.668215393289
-420.668214970361
-420.668214578511
-420.668229301917
-420.668228960829
-420.668228640564
-420.668228344295
-420.668228074549
-420.668227829731
-420.668227603374
-420.668227386570
-420.668227171890
-420.668226955960
-420.668242428037
-420.668242213585
-420.668241992211
-420.668241754509
-420.668241489184
-420.668241187597
-420.668240846830
-420.668240469007
-420.668240057518
-420.668239612696
-420.668255505110
-420.668254983482
-420.668254411188
-420.668253786297
-420.668253110835
-420.668252387640
-420.668251617226
-420.668250796949
-420.668249923281
-420.668248995300
-420.668265315273
-420.668264300248
-420.668263248902
-420.668262165233
-420.668261049873
-420.668259902647
-420.668258725588
-420.668257523993
-420.668256304401
-420.668255071171
-420.668271460009
-420.668270206431
-420.668268937487
-420.668267658271
-420.668266379238
-420.668265112208
-420.668263865146
-420.668262639730
-420.668261433416
-420.668260245014
-420.668275751402
-420.668274626033
-420.668273544614
-420.668272512669
-420.668271527440
-420.668270581206
-420.668269668675
-420.668268793131
-420.668267966854
-420.668267204879
-420.668281130055
-420.668280520123
-420.668279972510
-420.668279476762
-420.668279029617
-420.668278636811
-420.668278307939
-420.668278047689
-420.668277850377
-420.668277701832
-420.668290389809
-420.668290309719
-420.668290263608
-420.668290263453
-420.668290317859
-420.668290424670
-420.668290570594
-420.668290738428
-420.668290916292
-420.668291102567
-420.668303499151
-420.668303726764
-420.668303973885
-420.668304230661
-420.668304483984
-420.668304725614
-420.668304956847
-420.668305186433
-420.668305423211
-420.668305668599
-420.668318184943
-420.668318421944
-420.668318630703
-420.668318804956
-420.668318946323
-420.668319059962
-420.668319148589
-420.668319209200
-420.668319234239
-420.668319215927
-420.668331671214
-420.668331564940
-420.668331413792
-420.668331217795
-420.668330972512
-420.668330669646
-420.668330300119
-420.668329857600
-420.668329340556
-420.668328752040
-420.668341276596
-420.668340570141
-420.668339809730
-420.668338998132
-420.668338135903
-420.668337222337
-420.668336257240
-420.668335242579
-420.668334183310
-420.668333086462
-420.668346336977
-420.668345190540
-420.668344020667
-420.668342829533
-420.668341622437
-420.668340409870
-420.668339205829
-420.668338023053
-420.668336867539
-420.668335736378
-420.668350315889
-420.668349215382
-420.668348122565
-420.668347045565
-420.668345996311
-420.668344983068
-420.668344005347
-420.668343055319
-420.668342124623
-420.668341211956
-420.668356928732
-420.668356088356
-420.668355294953
-420.668354545147
-420.668353824776
-420.668353117320
-420.668352414468
-420.668351721461
-420.668351053726
-420.668350426699
-420.668366051332
-420.668365518856
-420.668365016012
-420.668364536701
-420.668364086528
-420.668363680476
-420.668363333070
-420.668363048317
-420.668362816481
-420.668362620792
-420.668377657040
-420.668377517259
-420.668377416413
-420.668377371368
-420.668377390385
-420.668377467464
-420.668377586653
-420.668377732797
-420.668377901171
-420.668378098497
-420.668393658470
-420.668393943415
-420.668394258639
-420.668394582710
-420.668394895420
-420.668395188453
-420.668395468126
-420.668395747882
-420.668396035856
-420.668396326276
-420.668412987865
-420.668413232049
-420.668413426354
-420.668413572575
-420.668413681864
-420.668413763349
-420.668413814395
-420.668413819605
-420.668413759192
-420.668413621086
-420.668430359928
-420.668430094558
-420.668429783920
-420.668429432091
-420.668429027813
-420.668428550707
-420.668427983727
-420.668427323485
-420.668426581658
-420.668425776421
-420.668441190374
-420.668440288822
-420.668439320533
-420.668438269886
-420.668437131261
-420.668435914114
-420.668434638031
-420.668433320972
-420.668431968721
-420.668430572944
-420.668444190214
-420.668442678721
-420.668441110320
-420.668439508256
-420.668437900142
-420.668436304550
-420.668434723563
-420.668433146174
-420.668431560415
-420.668429965956
-420.668442514558
-420.668440968065
-420.668439477128
-420.668438049422
-420.668436676658
-420.668435344087
-420.668434044536
-420.668432786964
-420.668431593673
-420.668430487458
-420.668443417533
-420.668442499471
-420.668441643547
-420.668440828644
-420.668440049203
-420.668439317652
-420.668438654134
-420.668438070669
-420.668437560654
-420.668437100937
-420.668451589340
-420.668451171165
-420.668450769424
-420.668450401719
-420.668450081993
-420.668449807078
-420.668449555287
-420.668449297923
-420.668449016267
-420.668448711598
-420.668464410794
-420.668464121461
-420.668463849950
-420.668463580353
-420.668463285461
-420.668462943585
-420.668462551660
-420.668462125172
-420.668461685147
-420.668461241299
-420.668476812457
-420.668476323337
-420.668475772451
-420.668475152771
-420.668474476705
-420.668473765625
-420.668473033114
-420.668472274116
-420.668471467514
-420.668470590348
-420.668485417385
-420.668484399945
-420.668483337234
-420.668482248516
-420.668481136425
-420.668479986080
-420.668478776802
-420.668477497801
-420.668476156846
-420.668474775876
-420.668489252244
-420.668487852221
-420.668486434629
-420.668484982300
-420.668483483827
-420.668481943659
-420.668480380949
-420.668478818258
-420.668477267988
-420.668475726400
-420.668490106148
-420.668488546229
-420.668486965443
-420.668485376828
-420.668483799821
-420.668482248277
-420.668480722841
-420.668479212336
-420.668477703226
-420.668476190194
-420.668489841126
-420.668488358883
-420.668486912967
-420.668485510833
-420.668484149639
-420.668482821655
-420.668481522567
-420.668480257304
-420.668479039345
-420.668477884577
-420.668490566392
-420.668489568531
-420.668488642665
-420.668487783561
-420.668486991227
-420.668486273380
-420.668485642714
-420.668485111180
-420.668484684628
-420.668484360793
-420.668497236347
-420.668497098591
-420.668497041235
-420.668497063065
-420.668497164678
-420.668497343940
-420.668497592399
-420.668497895046
-420.668498233655
-420.668498591795
-420.668512844361
-420.668513219281
-420.668513593140
-420.668513958281
-420.668514300254
-420.668514598846
-420.668514832807
-420.668514985453
-420.668515047528
-420.668515015609
-420.668530603597
-420.668530379402
-420.668530042963
-420.668529582725
-420.668528991670
-420.668528271197
-420.668527430494
-420.668526481802
-420.668525434329
-420.668524291394
-420.668540570003
-420.668539242783
-420.668537826632
-420.668536335428
-420.668534786898
-420.668533197226
-420.668531577483
-420.668529934118
-420.668528273135
-420.668526604317
-420.668543109935
-420.668541479977
-420.668539888441
-420.668538343055
-420.668536845017
-420.668535392527
-420.668533985093
-420.668532625559
-420.668531318940
-420.668530068896
-420.668546563070
-420.668545427420
-420.668544337380
-420.668543287659
-420.668542275131
-420.668541297433
-420.668540350385
-420.668539426319
-420.668538514547
-420.668537603644
-420.668554097973
-420.668553168397
-420.668552217116
-420.668551238621
-420.668550226981
-420.668549176574
-420.668548083371
-420.668546945533
-420.668545762413
-420.668544532943
-420.668561037218
-420.668559715540
-420.668558341323
-420.668556916834
-420.668555447863
-420.668553941957
-420.668552406029
-420.668550845364
-420.668549264976
-420.668547672015
-420.668563786258
-420.668562212515
-420.668560663539
-420.668559148488
-420.668557672258
-420.668556237941
-420.668554851000
-420.668553521671
-420.668552263977
-420.668551091673
-420.668566507468
-420.668565534932
-420.668564658529
-420.668563877457
-420.668563194098
-420.668562613213
-420.668562137958
-420.668561765763
-420.668561487267
-420.668561289486
-420.668576521390
-420.668576462190
-420.668576464347
-420.668576526130
-420.668576640826
-420.668576794862
-420.668576970158
-420.668577149171
-420.668577318829
-420.668577470482
-420.668593080151
-420.668593176344
-420.668593222709
-420.668593203687
-420.668593107155
-420.668592927660
-420.668592665840
-420.668592324148
-420.668591902305
-420.668591395442
-420.668607304273
-420.668606613829
-420.668605825192
-420.668604942671
-420.668603972399
-420.668602918784
-420.668601783334
-420.668600566650
-420.668599271870
-420.668597906757
-420.668613918630
-420.668612454869
-420.668610950968
-420.668609409553
-420.668607830173
-420.668606212713
-420.668604559462
-420.668602874833
-420.668601163069
-420.668599426107
-420.668615695027
-420.668613913137
-420.668612103189
-420.668610266866
-420.668608407074
-420.668606525833
-420.668604622663
-420.668602694748
-420.668600738388
-420.668598750488
-420.668615628804
-420.668613581247
-420.668611496101
-420.668609370806
-420.668607204120
-420.668604997425
-420.668602754691
-420.668600480583
-420.668598178164
-420.668595847932
-420.668613177828
-420.668610802461
-420.668608403530
-420.668605987338
-420.668603559617
-420.668601122434
-420.668598674063
-420.668596212300
-420.668593739222
-420.668591263996
-420.668608171109
-420.668605746780
-420.668603356830
-420.668601001232
-420.668598675823
-420.668596379073
-420.668594116874
-420.668591901996
-420.668589748131
-420.668587663059
-420.668603017154
-420.668601074310
-420.668599192826
-420.668597380489
-420.668595654103
-420.668594032173
-420.668592525648
-420.668591132856
-420.668589842619
-420.668588643254
-420.668602004743
-420.668600996042
-420.668600094967
-420.668599310034
-420.668598638942
-420.668598069397
-420.668597586769
-420.668597182647
-420.668596858199
-420.668596619700
-420.668608854173
-420.668608788057
-420.668608779593
-420.668608803628
-420.668608840665
-420.668608882684
-420.668608931211
-420.668608989252
-420.668609053011
-420.668609108830
-420.668621306187
-420.668621295904
-420.668621232210
-420.668621114478
-420.668620945122
-420.668620722963
-420.668620440007
-420.668620084144
-420.668619645577
-420.668619122712
-420.668631335370
-420.668630680830
-420.668629976260
-420.668629228344
-420.668628437493
-420.668627601679
-420.668626721614
-420.668625803798
-420.668624860064
-420.668623903809
-420.668635973191
-420.668635028440
-420.668634092321
-420.668633168193
-420.668632262334
-420.668631384754
-420.668630547121
-420.668629759033
-420.668629024621
-420.668628341646
-420.668640790712
-420.668640198124
-420.668639641624
-420.668639123575
-420.668638648874
-420.668638220468
-420.668637835463
-420.668637484551
-420.668637155310
-420.668636837439
-420.668649788579
-420.668649491257
-420.668649201859
-420.668648915376
-420.668648618735
-420.668648294006
-420.668647925642
-420.668647507054
-420.668647041870
-420.668646538486
-420.668659291217
-420.668658722218
-420.668658099142
-420.668657405882
-420.668656634577
-420.668655789997
-420.668654885468
-420.668653932877
-420.668652933743
-420.668651877837
-420.668664179205
-420.668662985515
-420.668661724067
-420.668660416271
-420.668659084832
-420.668657741298
-420.668656380959
-420.668654988971
-420.668653553520
-420.668652077137
-420.668664203164
-420.668662717850
-420.668661251324
-420.668659804178
-420.668658363631
-420.668656915719
-420.668655458288
-420.668654005591
-420.668652581015
-420.668651202946
-420.668662945263
-420.668661660365
-420.668660387794
-420.668659114113
-420.668657842476
-420.668656589979
-420.668655375702
-420.668654207947
-420.668653079224
-420.668651972063
-420.668663186147
-420.668662098446
-420.668661025093
-420.668659981647
-420.668658977172
-420.668658007300
-420.668657056633
-420.668656108494
-420.668655155338
-420.668654203086
-420.668665721362
-420.668664823009
-420.668663960209
-420.668663127088
-420.668662311673
-420.668661504258
-420.668660703145
-420.668659914696
-420.668659147762
-420.668658406833
-420.668671169612
-420.668670470469
-420.668669774056
-420.668669075508
-420.668668377691
-420.668667688608
-420.668667015846
-420.668666361365
-420.668665719796
-420.668665080986
-420.668678660385
-420.668678009045
-420.668677348035
-420.668676682594
-420.668676017018
-420.668675351119
-420.668674680009
-420.668673997566
-420.668673301174
-420.668672594457
-420.668685646054
-420.668684951579
-420.668684268440
-420.668683593279
-420.668682917904
-420.668682234894
-420.668681542701
-420.668680846677
-420.668680155196
-420.668679473638
-420.668691297683
-420.668690632435
-420.668689958653
-420.668689272337
-420.668688576552
-420.668687877745
-420.668687178849
-420.668686473938
-420.668685748496
-420.668684985723
-420.668695609401
-420.668694757291
-420.668693861618
-420.668692928291
-420.668691956215
-420.668690935824
-420.668689854441
-420.668688704592
-420.668687489004
-420.668686218741
-420.668696019192
-420.668694677334
-420.668693291436
-420.668691851582
-420.668690352739
-420.668688801571
-420.668687215713
-420.668685616175
-420.668684018116
-420.668682426354
-420.668692508175
-420.668690934458
-420.668689371708
-420.668687835562
-420.668686343317
-420.668684905341
-420.668683520824
-420.668682181148
-420.668680878267
-420.668679612249
-420.668691123464
-420.668689970121
-420.668688881741
-420.668687854624
-420.668686876618
-420.668685934204
-420.668685019141
-420.668684129976
-420.668683267274
-420.668682426907
-420.668695162069
-420.668694333721
-420.668693484778
-420.668692609465
-420.668691711052
-420.668690796248
-420.668689867720
-420.668688920159
-420.668687942844
-420.668686926373
-420.668699757812
-420.668698674453
-420.668697564327
-420.668696431865
-420.668695274723
-420.668694086967
-420.668692866175
-420.668691618805
-420.668690359630
-420.668689104939
-420.668701820257
-420.668700603319
-420.668699391160
-420.668698175474
-420.668696955334
-420.668695738367
-420.668694535434
-420.668693352800
-420.668692187540
-420.668691029555
-420.668704799818
-420.668703643500
-420.668702486882
-420.668701339105
-420.668700204985
-420.668699079687
-420.668697949841
-420.668696800562
-420.668695623505
-420.668694420710
-420.668709670012
-420.668708455512
-420.668707237978
-420.668706012675
-420.668704771095
-420.668703507825
-420.668702225181
-420.668700932313
-420.668699639973
-420.668698354393
-420.668713502487
-420.668712233076
-420.668710958917
-420.668709681174
-420.668708408003
-420.668707150894
-420.668705918757
-420.668704713553
-420.668703530199
-420.668702360431
-420.668715591199
-420.668714445175
-420.668713310748
-420.668712193197
-420.668711094158
-420.668710009459
-420.668708930724
-420.668707849774
-420.668706762751
-420.668705671442
-420.668716870489
-420.668715792283
-420.668714716345
-420.668713635203
-420.668712539312
-420.668711422284
-420.668710284163
-420.668709130819
-420.668707969402
-420.668706803133
-420.668717579942
-420.668716398688
-420.668715195702
-420.668713970326
-420.668712728644
-420.668711479507
-420.668710228178
-420.668708971939
-420.668707700683
-420.668706402601
-420.668718576855
-420.668717221182
-420.668715839535
-420.668714437146
-420.668713012070
-420.668711554342
-420.668710050875
-420.668708492921
-420.668706880665
-420.668705221521
-420.668719087058
-420.668717360253
-420.668715585619
-420.668713748477
-420.668711837474
-420.668709851744
-420.668707801442
-420.668705701635
-420.668703563721
-420.668701390229
-420.668715654888
-420.668713410497
-420.668711126239
-420.668708815639
-420.668706497148
-420.668704185706
-420.668701886650
-420.668699596313
-420.668697308962
-420.668695025278
-420.668708586662
-420.668706365856
-420.668704197901
-420.668702093319
-420.668700051983
-420.668698067023
-420.668696132199
-420.668694247292
-420.668692418173
-420.668690651744
-420.668703669830
-420.668702037290
-420.668700449575
-420.668698894014
-420.668697363669
-420.668695859078
-420.668694384936
-420.668692944206
-420.668691533385
-420.668690141750
-420.668703010145
-420.668701626800
-420.668700228135
-420.668698812556
-420.668697381622
-420.668695936078
-420.668694473447
-420.668692988417
-420.668691475864
-420.668689934347
-420.668702480462
-420.668700909919
-420.668699332750
-420.668697755045
-420.668696177499
-420.668694596486
-420.668693008116
-420.668691412871
-420.668689817881
-420.668688235505
-420.668700546181
-420.668699034100
-420.668697558116
-420.668696116073
-420.668694706683
-420.668693333772
-420.668692006483
-420.668690734919
-420.668689523900
-420.668688369308
-420.668700924104
-420.668699856850
-420.668698818131
-420.668697812333
-420.668696849330
-420.668695936511
-420.668695071868
-420.668694243239
-420.668693434312
-420.668692633158
-420.668705477810
-420.668704700169
-420.668703937075
-420.668703184229
-420.668702427020
-420.668701646680
-420.668700830140
-420.668699977088
-420.668699098432
-420.668698207377
-420.668710907852
-420.668710002399
-420.668709064978
-420.668708081251
-420.668707048187
-420.668705975433
-420.668704877728
-420.668703764157
-420.668702631935
-420.668701469521
-420.668713622938
-420.668712391055
-420.668711134811
-420.668709874700
-420.668708625303
-420.668707387127
-420.668706148022
-420.668704893092
-420.668703616211
-420.668702324939
-420.668713378002
-420.668712115502
-420.668710872854
-420.668709641411
-420.668708408569
-420.668707168463
-420.668705927417
-420.668704700266
-420.668703500059
-420.668702328671
-420.668712203857
-420.668711060371
-420.668709906016
-420.668708741669
-420.668707579420
-420.668706433699
-420.668705311554
-420.668704208596
-420.668703113335
-420.668702016462
-420.668711949981
-420.668710868981
-420.668709807427
-420.668708770287
-420.668707751459
-420.668706737254
-420.668705714941
-420.668704680511
-420.668703640471
-420.668702606261
-420.668713588868
-420.668712590031
-420.668711591296
-420.668710578462
-420.668709542174
-420.668708481440
-420.668707400909
-420.668706304113
-420.668705187620
-420.668704040227
-420.668715742174
-420.668714506843
-420.668713216041
-420.668711876642
-420.668710497644
-420.668709083253
-420.668707629799
-420.668706127878
-420.668704568772
-420.668702950429
-420.668714869698
-420.668713171043
-420.668711443341
-420.668709691920
-420.668707915830
-420.668706112052
-420.668704281523
-420.668702432768
-420.668700580384
-420.668698739303
-420.668711098790
-420.668709309257
-420.668707533355
-420.668705765117
-420.668704004992
-420.668702261201
-420.668700545317
-420.668698865062
-420.668697218918
-420.668695596598
-420.668708631891
-420.668707032729
-420.668705435900
-420.668703847300
-420.668702271556
-420.668700705091
-420.668699134772
-420.668697543175
-420.668695917442
-420.668694255298
-420.668707512223
-420.668705814508
-420.668704102382
-420.668702369887
-420.668700604946
-420.668698798372
-420.668696951653
-420.668695077881
-420.668693194949
-420.668691315746
-420.668704474530
-420.668702613399
-420.668700745663
-420.668698874906
-420.668697016960
-420.668695193917
-420.668693423389
-420.668691710620
-420.668690048817
-420.668688427575
-420.668701872108
-420.668700342421
-420.668698871769
-420.668697471676
-420.668696141682
-420.668694868351
-420.668693632866
-420.668692421892
-420.668691233989
-420.668690076919
-420.668703797176
-420.668702720642
-420.668701662379
-420.668700598805
-420.668699510331
-420.668698389480
-420.668697240728
-420.668696072468
-420.668694886977
-420.668693675821
-420.668707014844
-420.668705718487
-420.668704366608
-420.668702968760
-420.668701539683
-420.668700089746
-420.668698619215
-420.668697120088
-420.668695584182
-420.668694011545
-420.668706663584
-420.668705070922
-420.668703487942
-420.668701922654
-420.668700373780
-420.668698835837
-420.668697306277
-420.668695789598
-420.668694295667
-420.668692834021
-420.668704816623
-420.668703433238
-420.668702071939
-420.668700724892
-420.668699389920
-420.668698070726
-420.668696772958
-420.668695498847
-420.668694244010
-420.668692998079
-420.668703963499
-420.668702712336
-420.668701444741
-420.668700161535
-420.668698864957
-420.668697554950
-420.668696227411
-420.668694875332
-420.668693492157
-420.668692074892
-420.668701776061
-420.668700311396
-420.668698823251
-420.668697311114
-420.668695769474
-420.668694190480
-420.668692568479
-420.668690903627
-420.668689202132
-420.668687472301
-420.668696954416
-420.668695189909
-420.668693392175
-420.668691551573
-420.668689663037
-420.668687728890
-420.668685756588
-420.668683752561
-420.668681716547
-420.668679640653
-420.668690544806
-420.668688377206
-420.668686157034
-420.668683896118
-420.668681607473
-420.668679297169
-420.668676961138
-420.668674589319
-420.668672174674
-420.668669720940
-420.668682299173
-420.668679835043
-420.668677382510
-420.668674945679
-420.668672519965
-420.668670100980
-420.668667693705
-420.668665315056
-420.668662987881
-420.668660730183
-420.668674028415
-420.668671928318
-420.668669886632
-420.668667901544
-420.668665984154
-420.668664153975
-420.668662428122
-420.668660811540
-420.668659295363
-420.668657864284
-420.668671729031
-420.668670458724
-420.668669273676
-420.668668183052
-420.668667185261
-420.668666265010
-420.668665399628
-420.668664570238
-420.668663769853
-420.668663002918
-420.668677933174
-420.668677255600
-420.668676605086
-420.668675960064
-420.668675300305
-420.668674615378
-420.668673905843
-420.668673176726
-420.668672427924
-420.668671649022
-420.668687498188
-420.668686615297
-420.668685660272
-420.668684637311
-420.668683556874
-420.668682426756
-420.668681245786
-420.668680004436
-420.668678691525
-420.668677302033
-420.668693374887
-420.668691863415
-420.668690299976
-420.668688686981
-420.668687019642
-420.668685291201
-420.668683499761
-420.668681651835
-420.668679760104
-420.668677837053
-420.668693347668
-420.668691388141
-420.668689395929
-420.668687366292
-420.668685300242
-420.668683204368
-420.668681086439
-420.668678950224
-420.668676793110
-420.668674608126
-420.668689287520
-420.668687049950
-420.668684780706
-420.668682486380
-420.668680171239
-420.668677833693
-420.668675466546
-420.668673060736
-420.668670610028
-420.668668113791
-420.668682707343
-420.668680151242
-420.668677560791
-420.668674933440
-420.668672264170
-420.668669549598
-420.668666791551
-420.668663997501
-420.668661177531
-420.668658339782
-420.668673707228
-420.668670855403
-420.668667984367
-420.668665095260
-420.668662195599
-420.668659297921
-420.668656415218
-420.668653556289
-420.668650724031
-420.668647917902
-420.668663596084
-420.668660865728
-420.668658179696
-420.668655550253
-420.668652985487
-420.668650486524
-420.668648049304
-420.668645669733
-420.668643348753
-420.668641093597
-420.668655847707
-420.668653764188
-420.668651763797
-420.668649840041
-420.668647984580
-420.668646192804
-420.668644466236
-420.668642810099
-420.668641227774
-420.668639716487
-420.668653319915
-420.668651931734
-420.668650588045
-420.668649288724
-420.668648037996
-420.668646838792
-420.668645687812
-420.668644574973
-420.668643487580
-420.668642416238
-420.668655746346
-420.668654712148
-420.668653694398
-420.668652689005
-420.668651685878
-420.668650673139
-420.668649642792
-420.668648593883
-420.668647530329
-420.668646455248
-420.668660276183
-420.668659172157
-420.668658032291
-420.668656848350
-420.668655619557
-420.668654350943
-420.668653047738
-420.668651710062
-420.668650331781
-420.668648904795
-420.668663229990
-420.668661712939
-420.668660156790
-420.668658570910
-420.668656958541
-420.668655315272
-420.668653632928
-420.668651906027
-420.668650136349
-420.668648332104
-420.668662346431
-420.668660509721
-420.668658650253
-420.668656761523
-420.668654838679
-420.668652882760
-420.668650900217
-420.668648898244
-420.668646879163
-420.668644838020
-420.668658083985
-420.668655985969
-420.668653844581
-420.668651662723
-420.668649446030
-420.668647198039
-420.668644917360
-420.668642598804
-420.668640237295
-420.668637831553
-420.668651226972
-420.668648765234
-420.668646273033
-420.668643751139
-420.668641197777
-420.668638611649
-420.668635994869
-420.668633353491
-420.668630695732
-420.668628028888
-420.668642791823
-420.668640141115
-420.668637489012
-420.668634837825
-420.668632191649
-420.668629555490
-420.668626933459
-420.668624327813
-420.668621739087
-420.668619167197
-420.668635414113
-420.668632898237
-420.668630400437
-420.668627919842
-420.668625453954
-420.668622999070
-420.668620551147
-420.668618106599
-420.668615662617
-420.668613217019
-420.668630025662
-420.668627589692
-420.668625147346
-420.668622697075
-420.668620237137
-420.668617765722
-420.668615281408
-420.668612783820
-420.668610274027
-420.668607754255
-420.668623946919
-420.668621432054
-420.668618913615
-420.668616393411
-420.668613874766
-420.668611363189
-420.668608865321
-420.668606387020
-420.668603931364
-420.668601498467
-420.668616174570
-420.668613801337
-420.668611453327
-420.668609136109
-420.668606854486
-420.668604609496
-420.668602397364
-420.668600211626
-420.668598047016
-420.668595902597
-420.668609161165
-420.668607082697
-420.668605032899
-420.668603007231
-420.668600997512
-420.668598996365
-420.668597001484
-420.668595016231
-420.668593046561
-420.668591095788
-420.668603807493
-420.668601898570
-420.668599992629
-420.668598088550
-420.668596192880
-420.668594317205
-420.668592472260
-420.668590663052
-420.668588887882
-420.668587141967
-420.668599773164
-420.668598100551
-420.668596465836
-420.668594876667
-420.668593335827
-420.668591839580
-420.668590380381
-420.668588951951
-420.668587553122
-420.668586187873
-420.668598377056
-420.668597103892
-420.668595865450
-420.668594650571
-420.668593446427
-420.668592242811
-420.668591033991
-420.668589817214
-420.668588589375
-420.668587344195
-420.668598654466
-420.668597358288
-420.668596018029
-420.668594630697
-420.668593197125
-420.668591719277
-420.668590197371
-420.668588628527
-420.668587007835
-420.668585330858
-420.668595910973
-420.668594137266
-420.668592313605
-420.668590445760
-420.668588538528
-420.668586595377
-420.668584619436
-420.668582615085
-420.668580589018
-420.668578549711
-420.668588979529
-420.668586956194
-420.668584937352
-420.668582923011
-420.668580912381
-420.668578906151
-420.668576907421
-420.668574920878
-420.668572950610
-420.668570998012
-420.668581942749
-420.668580038150
-420.668578143521
-420.668576258004
-420.668574382210
-420.668572515841
-420.668570655234
-420.668568792806
-420.668566918922
-420.668565025413
-420.668577116576
-420.668575196671
-420.668573254803
-420.668571290122
-420.668569297679
-420.668567269674
-420.668565199046
-420.668563082631
-420.668560921870
-420.668558720169
-420.668572261334
-420.668570001438
-420.668567694190
-420.668565335062
-420.668562924507
-420.668560468745
-420.668557976930
-420.668555456341
-420.668552909045
-420.668550332564
-420.668564895584
-420.668562281490
-420.668559644024
-420.668556993682
-420.668554339569
-420.668551685770
-420.668549031499
-420.668546374924
-420.668543717745
-420.668541066862
-420.668555736328
-420.668553150829
-420.668550590319
-420.668548050481
-420.668545525542
-420.668543013109
-420.668540516502
-420.668538042455
-420.668535595971
-420.668533176303
-420.668547616265
-420.668545252613
-420.668542895806
-420.668540546367
-420.668538208182
-420.668535883431
-420.668533568631
-420.668531254694
-420.668528931354
-420.668526592743
-420.668541435067
-420.668539096129
-420.668536754135
-420.668534408891
-420.668532054518
-420.668529683551
-420.668527292599
-420.668524885379
-420.668522470896
-420.668520057958
-420.668535540949
-420.668533156756
-420.668530770633
-420.668528381016
-420.668525993232
-420.668523618310
-420.668521267914
-420.668518948957
-420.668516661714
-420.668514402453
-420.668529640027
-420.668527453625
-420.668525304022
-420.668523200555
-420.668521148707
-420.668519147598
-420.668517191425
-420.668515273972
-420.668513392534
-420.668511549029
-420.668525713462
-420.668523971810
-420.668522271723
-420.668520606388
-420.668518967681
-420.668517349580
-420.668515749754
-420.668514168411
-420.668512605501
-420.668511058070
-420.668524605195
-420.668523081945
-420.668521551983
-420.668520010090
-420.668518453892
-420.668516882587
-420.668515295177
-420.668513689275
-420.668512061063
-420.668510406426
-420.668524169868
-420.668522469510
-420.668520738728
-420.668518978156
-420.668517187529
-420.668515364860
-420.668513506769
-420.668511609781
-420.668509672090
-420.668507694615
-420.668521860387
-420.668519831451
-420.668517773188
-420.668515685882
-420.668513568114
-420.668511418691
-420.668509238522
-420.668507030980
-420.668504800193
-420.668502548682
-420.668517117599
-420.668514842094
-420.668512540347
-420.668510213621
-420.668507867606
-420.668505510154
-420.668503147310
-420.668500780162
-420.668498405015
-420.668496016878
-420.668511071641
-420.668508681450
-420.668506287564
-420.668503896194
-420.668501508373
-420.668499119408
-420.668496722702
-420.668494315312
-420.668491901425
-420.668489490711
-420.668504852666
-420.668502492538
-420.668500143336
-420.668497795818
-420.668495443308
-420.668493087156
-420.668490736621
-420.668488403364
-420.668486094088
-420.668483806705
-420.668498905344
-420.668496657799
-420.668494415347
-420.668492186072
-420.668489982035
-420.668487811434
-420.668485673283
-420.668483558143
-420.668481454879
-420.668479358245
-420.668493309778
-420.668491265346
-420.668489250910
-420.668487267235
-420.668485305825
-420.668483353891
-420.668481401965
-420.668479448761
-420.668477499971
-420.668475562168
-420.668487896465
-420.668485992412
-420.668484079857
-420.668482148103
-420.668480193807
-420.668478221600
-420.668476239341
-420.668474251700
-420.668472256250
-420.668470244738
-420.668482172521
-420.668480125766
-420.668478054694
-420.668475967458
-420.668473871451
-420.668471769278
-420.668469658473
-420.668467535102
-420.668465398646
-420.668463254519
-420.668476239759
-420.668474127317
-420.668472032497
-420.668469954846
-420.668467890178
-420.668465834997
-420.668463790109
-420.668461761021
-420.668459755044
-420.668457777094
-420.668471287004
-420.668469374897
-420.668467480335
-420.668465600320
-420.668463736062
-420.668461891320
-420.668460068544
-420.668458265467
-420.668456474597
-420.668454686177
-420.668467195904
-420.668465410720
-420.668463622187
-420.668461834985
-420.668460050608
-420.668458264874
-420.668456469380
-420.668454655980
-420.668452821426
-420.668450968812
-420.668462164186
-420.668460313202
-420.668458455963
-420.668456586324
-420.668454696758
-420.668452783826
-420.668450851183
-420.668448907579
-420.668446961119
-420.668445013664
-420.668456229882
-420.668454280098
-420.668452306459
-420.668450309374
-420.668448296512
-420.668446277327
-420.668444256069
-420.668442228142
-420.668440182693
-420.668438109318
-420.668451122338
-420.668449016189
-420.668446892387
-420.668444755773
-420.668442602998
-420.668440423878
-420.668438208086
-420.668435952246
-420.668433662632
-420.668431351152
-420.668446378866
-420.668444075184
-420.668441753193
-420.668439402728
-420.668437018987
-420.668434606767
-420.668432178002
-420.668429744456
-420.668427310845
-420.668424873239
-420.668440252696
-420.668437819871
-420.668435376410
-420.668432934159
-420.668430505107
-420.668428094097
-420.668425696404
-420.668423301790
-420.668420902438
-420.668418498810
-420.668432762867
-420.668430403869
-420.668428065464
-420.668425744603
-420.668423432257
-420.668421120365
-420.668418807991
-420.668416502206
-420.668414212982
-420.668411946127
-420.668425525027
-420.668423307487
-420.668421091049
-420.668418873199
-420.668416660015
-420.668414462510
-420.668412289560
-420.668410142791
-420.668408016757
-420.668405904062
-420.668420070364
-420.668418000370
-420.668415954041
-420.668413939158
-420.668411956931
-420.668410001234
-420.668408062805
-420.668406135452
-420.668404220017
-420.668402323468
-420.668417085682
-420.668415261223
-420.668413462060
-420.668411678917
-420.668409902820
-420.668408129604
-420.668406360872
-420.668404600665
-420.668402850604
-420.668401106837
-420.668415556761
-420.668413815597
-420.668412059985
-420.668410292058
-420.668408518049
-420.668406743604
-420.668404969588
-420.668403191087
-420.668401400220
-420.668399590907
-420.668412857025
-420.668411031397
-420.668409197960
-420.668407361211
-420.668405521069
-420.668403673735
-420.668401815177
-420.668399944686
-420.668398066128
-420.668396185718
-420.668407953552
-420.668406096539
-420.668404235932
-420.668402363863
-420.668400474800
-420.668398568517
-420.668396649529
-420.668394723477
-420.668392792722
-420.668390854225
-420.668401984029
-420.668400028328
-420.668398048295
-420.668396045705
-420.668394024791
-420.668391988184
-420.668389934119
-420.668387857066
-420.668385751166
-420.668383614644
-420.668395161490
-420.668393002506
-420.668390833296
-420.668388657552
-420.668386473934
-420.668384278751
-420.668382070156
-420.668379850991
-420.668377628360
-420.668375410176
-420.668387330685
-420.668385157533
-420.668382992470
-420.668380834220
-420.668378685269
-420.668376551910
-420.668374441335
-420.668372357862
-420.668370300917
-420.668368266012
-420.668380368919
-420.668378391062
-420.668376428198
-420.668374482529
-420.668372555015
-420.668370643579
-420.668368743604
-420.668366850391
-420.668364961516
-420.668363077468
-420.668375559776
-420.668373713060
-420.668371870617
-420.668370027392
-420.668368177976
-420.668366318989
-420.668364450042
-420.668362572798
-420.668360689097
-420.668358799642
-420.668371301253
-420.668369420608
-420.668367535134
-420.668365648003
-420.668363762894
-420.668361882357
-420.668360006860
-420.668358135234
-420.668356266278
-420.668354400298
-420.668366137832
-420.668364305128
-420.668362485083
-420.668360680233
-420.668358891842
-420.668357120563
-420.668355367052
-420.668353632223
-420.668351916739
-420.668350220435
-420.668361175465
-420.668359530833
-420.668357900809
-420.668356284503
-420.668354681945
-420.668353093770
-420.668351520808
-420.668349963617
-420.668348422405
-420.668346896912
-420.668357949485
-420.668356469307
-420.668355000783
-420.668353542391
-420.668352093637
-420.668350655378
-420.668349229360
-420.668347817284
-420.668346419829
-420.668345036568
-420.668356700452
-420.668355360301
-420.668354033888
-420.668352722577
-420.668351426933
-420.668350145732
-420.668348875836
-420.668347613547
-420.668346356406
-420.668345104171
-420.668356627411
-420.668355406310
-420.668354191271
-420.668352977825
-420.668351759674
-420.668350530862
-420.668349287596
-420.668348028180
-420.668346751386
-420.668345454408
-420.668355571344
-420.668354235261
-420.668352862170
-420.668351449488
-420.668349997499
-420.668348507386
-420.668346978854
-420.668345408906
-420.668343792643
-420.668342125680
-420.668351217947
-420.668349467344
-420.668347668957
-420.668345825389
-420.668343937582
-420.668342005378
-420.668340029380
-420.668338012629
-420.668335960723
-420.668333880142
-420.668343742831
-420.668341638030
-420.668339512312
-420.668337365869
-420.668335200813
-420.668333021670
-420.668330834207
-420.668328643419
-420.668326452282
-420.668324262141
-420.668335341625
-420.668333178509
-420.668331025066
-420.668328886040
-420.668326764525
-420.668324660887
-420.668322573341
-420.668320499998
-420.668318440829
-420.668316398296
-420.668327221422
-420.668325243113
-420.668323290877
-420.668321364827
-420.668319464708
-420.668317591457
-420.668315747804
-420.668313937271
-420.668312162752
-420.668310425221
-420.668320195561
-420.668318551291
-420.668316942782
-420.668315372138
-420.668313842672
-420.668312357438
-420.668310917768
-420.668309522978
-420.668308171154
-420.668306860504
-420.668316263181
-420.668315055450
-420.668313887678
-420.668312758214
-420.668311663729
-420.668310599789
-420.668309562005
-420.668308546797
-420.668307551394
-420.668306572995
-420.668315961586
-420.668315021404
-420.668314082448
-420.668313138676
-420.668312185440
-420.668311219770
-420.668310239764
-420.668309243471
-420.668308227869
-420.668307188943
-420.668316613896
-420.668315531343
-420.668314416956
-420.668313270937
-420.668312093898
-420.668310885603
-420.668309644653
-420.668308369206
-420.668307058594
-420.668305714455
-420.668315616791
-420.668314235592
-420.668312833208
-420.668311410400
-420.668309965724
-420.668308497356
-420.668307005218
-420.668305491750
-420.668303960965
-420.668302416059
-420.668312577789
-420.668311023246
-420.668309449467
-420.668307854970
-420.668306241789
-420.668304614631
-420.668302978120
-420.668301333839
-420.668299679213
-420.668298009296
-420.668307591018
-420.668305904888
-420.668304204577
-420.668302496077
-420.668300783412
-420.668299066651
-420.668297342957
-420.668295610014
-420.668293869593
-420.668292128294
-420.668301000804
-420.668299306746
-420.668297630510
-420.668295969844
-420.668294321286
-420.668292684333
-420.668291063414
-420.668289466167
-420.668287899275
-420.668286364729
-420.668295193707
-420.668293732682
-420.668292290592
-420.668290867940
-420.668289468886
-420.668288097242
-420.668286752500
-420.668285428346
-420.668284115131
-420.668282804139
-420.668292382103
-420.668291084891
-420.668289786522
-420.668288485040
-420.668287173610
-420.668285842217
-420.668284481842
-420.668283088164
-420.668281662243
-420.668280207758
-420.668290603136
-420.668289112149
-420.668287587360
-420.668286023106
-420.668284417350
-420.668282773024
-420.668281096254
-420.668279392697
-420.668277664824
-420.668275911879
-420.668286420067
-420.668284638441
-420.668282839072
-420.668281031367
-420.668279224437
-420.668277423818
-420.668275630661
-420.668273843518
-420.668272061528
-420.668270286747
-420.668280192719
-420.668278469962
-420.668276768543
-420.668275088995
-420.668273429424
-420.668271787747
-420.668270163480
-420.668268558165
-420.668266973842
-420.668265410933
-420.668274838209
-420.668273329016
-420.668271828196
-420.668270331488
-420.668268837086
-420.668267345244
-420.668265856776
-420.668264371578
-420.668262888050
-420.668261403557
-420.668270964849
-420.668269494007
-420.668268018565
-420.668266539320
-420.668265057069
-420.668263572119
-420.668262084289
-420.668260593615
-420.668259101043
-420.668257608747
-420.668267930856
-420.668266469679
-420.668265017144
-420.668263574278
-420.668262141095
-420.668260717254
-420.668259302817
-420.668257898552
-420.668256505646
-420.668255125137
-420.668266684223
-420.668265347610
-420.668264021902
-420.668262706114
-420.668261399653
-420.668260102110
-420.668258812580
-420.668257529070
-420.668256248420
-420.668254966903
-420.668266723159
-420.668265451056
-420.668264171727
-420.668262884425
-420.668261587991
-420.668260280530
-420.668258959826
-420.668257624268
-420.668256273327
-420.668254907575
-420.668264858754
-420.668263486603
-420.668262098109
-420.668260690486
-420.668259261449
-420.668257810263
-420.668256338130
-420.668254847362
-420.668253339992
-420.668251816981
-420.668259943115
-420.668258412511
-420.668256866229
-420.668255305608
-420.668253732103
-420.668252146243
-420.668250546838
-420.668248931340
-420.668247297180
-420.668245643249
-420.668253886241
-420.668252222781
-420.668250547179
-420.668248862119
-420.668247169048
-420.668245468532
-420.668243761122
-420.668242048005
-420.668240330903
-420.668238611680
-420.668247631359
-420.668245933876
-420.668244238236
-420.668242547232
-420.668240865305
-420.668239198014
-420.668237551301
-420.668235930454
-420.668234339814
-420.668232782786
-420.668241449130
-420.668239986630
-420.668238565114
-420.668237186058
-420.668235850329
-420.668234558628
-420.668233311956
-420.668232111941
-420.668230960428
-420.668229858782
-420.668237124439
-420.668236138619
-420.668235198651
-420.668234301365
-420.668233443564
-420.668232621925
-420.668231832356
-420.668231069637
-420.668230327368
-420.668229598843
-420.668235550888
-420.668234851867
-420.668234153456
-420.668233453129
-420.668232747757
-420.668232033180
-420.668231304498
-420.668230557026
-420.668229786999
-420.668228991847
-420.668234955885
-420.668234126063
-420.668233265140
-420.668232370527
-420.668231440426
-420.668230474742
-420.668229475297
-420.668228445172
-420.668227387628
-420.668226304985
-420.668233669325
-420.668232563211
-420.668231433330
-420.668230280168
-420.668229104923
-420.668227909115
-420.668226694219
-420.668225461348
-420.668224211448
-420.668222945688
-420.668231496547
-420.668230228503
-420.668228950191
-420.668227662674
-420.668226365767
-420.668225057990
-420.668223737343
-420.668222402047
-420.668221051341
-420.668219685699
-420.668228207686
-420.668226839499
-420.668225461035
-420.668224073205
-420.668222676552
-420.668221271624
-420.668219859252
-420.668218440440
-420.668217016166
-420.668215587112
-420.668223382304
-420.668221969567
-420.668220555174
-420.668219142291
-420.668217735260
-420.668216338728
-420.668214956508
-420.668213590785
-420.668212242078
-420.668210910006
-420.668218023569
-420.668216749256
-420.668215492743
-420.668214255344
-420.668213037836
-420.668211840393
-420.668210662875
-420.668209505532
-420.668208369272
-420.668207255278
-420.668214230012
-420.668213180660
-420.668212148791
-420.668211129448
-420.668210117461
-420.668209108776
-420.668208100930
-420.668207092829
-420.668206083724
-420.668205072453
-420.668212512349
-420.668211508405
-420.668210496978
-420.668209477141
-420.668208448220
-420.668207409038
-420.668206357313
-420.668205289780
-420.668204202922
-420.668203094085
-420.668210889715
-420.668209753778
-420.668208598508
-420.668207426910
-420.668206241875
-420.668205045974
-420.668203841264
-420.668202629535
-420.668201412261
-420.668200190489
-420.668207478991
-420.668206267760
-420.668205053007
-420.668203835269
-420.668202615858
-420.668201396939
-420.668200181481
-420.668198972910
-420.668197774769
-420.668196590209
-420.668203136524
-420.668202004347
-420.668200888652
-420.668199787550
-420.668198698562
-420.668197619357
-420.668196548416
-420.668195485258
-420.668194430080
-420.668193383317
-420.668199736306
-420.668198729194
-420.668197730804
-420.668196741109
-420.668195760007
-420.668194786852
-420.668193820031
-420.668192856818
-420.668191893923
-420.668190928410
-420.668197622548
-420.668196671043
-420.668195716751
-420.668194761582
-420.668193806974
-420.668192853575
-420.668191901410
-420.668190950471
-420.668190001198
-420.668189054395
-420.668196077414
-420.668195159297
-420.668194244632
-420.668193332986
-420.668192424502
-420.668191520326
-420.668190622638
-420.668189733932
-420.668188856218
-420.668187990446
-420.668194560233
-420.668193742242
-420.668192935803
-420.668192141332
-420.668191359673
-420.668190591650
-420.668189837643
-420.668189097497
-420.668188370911
-420.668187657862
-420.668192935409
-420.668192278238
-420.668191636255
-420.668191009031
-420.668190395159
-420.668189792814
-420.668189200301
-420.668188616732
-420.668188042000
-420.668187476379
-420.668191667854
-420.668191144758
-420.668190628548
-420.668190117471
-420.668189609815
-420.668189104050
-420.668188598564
-420.668188091323
-420.668187579637
-420.668187060403
-420.668190908759
-420.668190387230
-420.668189851887
-420.668189302751
-420.668188740078
-420.668188163804
-420.668187573050
-420.668186966332
-420.668186341931
-420.668185698418
-420.668189244929
-420.668188580730
-420.668187895800
-420.668187190037
-420.668186463783
-420.668185718145
-420.668184955229
-420.668184178063
-420.668183390128
-420.668182594763
-420.668185879542
-420.668185097532
-420.668184313772
-420.668183528984
-420.668182743830
-420.668181959011
-420.668181175336
-420.668180393595
-420.668179614702
-420.668178839556
-420.668182980382
-420.668182237931
-420.668181501961
-420.668180772474
-420.668180048715
-420.668179329116
-420.668178611374
-420.668177892614
-420.668177169568
-420.668176438749
-420.668182498394
-420.668181765765
-420.668181016425
-420.668180248632
-420.668179461325
-420.668178653830
-420.668177825549
-420.668176975840
-420.668176103856
-420.668175208815
-420.668182663998
-420.668181744914
-420.668180801159
-420.668179832592
-420.668178839553
-420.668177823093
-420.668176785192
-420.668175728695
-420.668174657083
-420.668173573953
-420.668181022525
-420.668179947989
-420.668178869956
-420.668177790443
-420.668176711216
-420.668175633824
-420.668174559463
-420.668173489089
-420.668172423657
-420.668171364440
-420.668177857144
-420.668176836216
-420.668175827066
-420.668174830551
-420.668173846447
-420.668172873641
-420.668171910895
-420.668170957364
-420.668170012813
-420.668169077457
-420.668174495757
-420.668173597487
-420.668172707598
-420.668171825707
-420.668170952145
-420.668170087809
-420.668169233590
-420.668168389741
-420.668167555376
-420.668166728859
-420.668171599050
-420.668170802458
-420.668170012335
-420.668169230383
-420.668168458197
-420.668167696480
-420.668166944663
-420.668166201395
-420.668165465150
-420.668164734724
-420.668169972062
-420.668169269933
-420.668168569996
-420.668167869663
-420.668167166165
-420.668166457247
-420.668165741587
-420.668165018466
-420.668164287245
-420.668163546635
-420.668169212900
-420.668168468605
-420.668167707787
-420.668166928633
-420.668166129981
-420.668165311050
-420.668164471025
-420.668163609008
-420.668162724301
-420.668161816715
-420.668167447793
-420.668166522526
-420.668165577855
-420.668164614888
-420.668163634553
-420.668162638063
-420.668161627297
-420.668160604956
-420.668159573950
-420.668158536763
-420.668164527054
-420.668163511963
-420.668162493697
-420.668161473144
-420.668160452121
-420.668159433091
-420.668158418557
-420.668157410425
-420.668156409929
-420.668155418001
-420.668162274420
-420.668161331350
-420.668160401010
-420.668159484492
-420.668158581445
-420.668157689983
-420.668156807527
-420.668155931917
-420.668155062357
-420.668154199476
-420.668161614509
-420.668160791246
-420.668159976931
-420.668159170528
-420.668158370575
-420.668157575987
-420.668156786344
-420.668156001523
-420.668155220898
-420.668154442837
-420.668161272760
-420.668160513324
-420.668159750480
-420.668158984702
-420.668158217894
-420.668157452258
-420.668156689269
-420.668155929181
-420.668155171508
-420.668154415972
-420.668159586626
-420.668158856705
-420.668158132906
-420.668157416526
-420.668156707749
-420.668156006091
-420.668155311485
-420.668154625230
-420.668153950137
-420.668153289720
-420.668157046800
-420.668156438902
-420.668155849975
-420.668155279492
-420.668154727546
-420.668154195211
-420.668153683888
-420.668153194147
-420.668152724728
-420.668152272860
-420.668155736183
-420.668155326837
-420.668154930105
-420.668154547428
-420.668154180040
-420.668153827324
-420.668153486393
-420.668153153057
-420.668152823530
-420.668152495693
-420.668155976287
-420.668155667585
-420.668155359240
-420.668155048603
-420.668154732322
-420.668154408111
-420.668154076073
-420.668153738724
-420.668153399342
-420.668153059988
-420.668156281201
-420.668155956800
-420.668155627040
-420.668155291082
-420.668154950700
-420.668154609337
-420.668154270294
-420.668153935018
-420.668153603014
-420.668153272896
-420.668156670773
-420.668156365272
-420.668156063869
-420.668155767592
-420.668155475370
-420.668155183890
-420.668154888838
-420.668154586635
-420.668154275529
-420.668153955409
-420.668158430778
-420.668158117256
-420.668157790464
-420.668157445635
-420.668157077888
-420.668156683366
-420.668156259502
-420.668155804425
-420.668155316173
-420.668154792419
-420.668160337466
-420.668159763643
-420.668159149974
-420.668158497296
-420.668157806811
-420.668157079371
-420.668156315118
-420.668155513998
-420.668154676460
-420.668153804003
-420.668159983661
-420.668159076191
-420.668158143656
-420.668157190025
-420.668156219420
-420.668155236301
-420.668154245142
-420.668153250004
-420.668152254075
-420.668151259645
-420.668157863912
-420.668156903867
-420.668155951742
-420.668155010801
-420.668154084421
-420.668153175562
-420.668152286568
-420.668151419186
-420.668150574914
-420.668149754977
-420.668156319774
-420.668155574266
-420.668154850841
-420.668154146322
-420.668153457459
-420.668152781739
-420.668152117957
-420.668151465754
-420.668150824888
-420.668150194391
-420.668156438531
-420.668155845016
-420.668155254198
-420.668154663274
-420.668154069199
-420.668153468303
-420.668152856112
-420.668152227981
-420.668151580069
-420.668150910206
-420.668156869174
-420.668156176541
-420.668155464617
-420.668154734692
-420.668153987372
-420.668153222758
-420.668152440916
-420.668151642072
-420.668150826583
-420.668149994830
-420.668155645578
-420.668154802638
-420.668153947587
-420.668153084561
-420.668152218950
-420.668151356598
-420.668150502900
-420.668149662291
-420.668148838237
-420.668148033381
-420.668153495697
-420.668152754136
-420.668152035330
-420.668151338668
-420.668150663280
-420.668150008880
-420.668149376412
-420.668148767714
-420.668148184506
-420.668147627045
-420.668153159600
-420.668152667337
-420.668152190974
-420.668151726467
-420.668151270260
-420.668150818715
-420.668150367239
-420.668149910008
-420.668149440698
-420.668148954125
-420.668154433278
-420.668153924941
-420.668153396738
-420.668152848775
-420.668152279053
-420.668151683816
-420.668151059114
-420.668150402762
-420.668149715389
-420.668148999763
-420.668154275830
-420.668153528738
-420.668152759083
-420.668151967040
-420.668151154156
-420.668150324655
-420.668149485001
-420.668148641986
-420.668147800583
-420.668146962857
-420.668152181753
-420.668151369470
-420.668150561667
-420.668149761986
-420.668148975508
-420.668148206826
-420.668147458206
-420.668146729301
-420.668146018263
-420.668145323696
-420.668150821406
-420.668150186576
-420.668149573358
-420.668148982434
-420.668148411746
-420.668147857054
-420.668147313832
-420.668146779425
-420.668146254090
-420.668145740282
-420.668151861728
-420.668151403786
-420.668150958442
-420.668150521416
-420.668150088578
-420.668149657974
-420.668149230301
-420.668148807687
-420.668148391488
-420.668147980723
-420.668154594620
-420.668154210515
-420.668153822896
-420.668153433093
-420.668153044631
-420.668152660693
-420.668152281492
-420.668151903472
-420.668151520856
-420.668151128467
-420.668157308038
-420.668156917741
-420.668156520108
-420.668156117005
-420.668155707252
-420.668155287185
-420.668154853021
-420.668154403460
-420.668153940342
-420.668153467084
-420.668158674902
-420.668158208568
-420.668157728989
-420.668157231611
-420.668156714406
-420.668156179408
-420.668155631444
-420.668155075175
-420.668154512405
-420.668153941660
-420.668159128114
-420.668158557962
-420.668157976470
-420.668157387324
-420.668156793966
-420.668156197194
-420.668155594574
-420.668154982358
-420.668154358235
-420.668153723059
-420.668160310722
-420.668159687714
-420.668159061495
-420.668158429782
-420.668157788762
-420.668157135782
-420.668156471272
-420.668155798251
-420.668155119970
-420.668154437495
-420.668162389402
-420.668161713942
-420.668161026685
-420.668160328659
-420.668159623705
-420.668158916136
-420.668158208324
-420.668157499803
-420.668156788756
-420.668156074590
-420.668164012407
-420.668163321844
-420.668162640026
-420.668161969330
-420.668161308626
-420.668160654833
-420.668160005688
-420.668159362021
-420.668158727563
-420.668158106823
-420.668165397183
-420.668164828861
-420.668164273317
-420.668163727768
-420.668163191693
-420.668162667015
-420.668162156184
-420.668161659639
-420.668161174566
-420.668160695816
-420.668167464162
-420.668167006710
-420.668166549558
-420.668166095708
-420.668165647430
-420.668165204253
-420.668164762941
-420.668164319302
-420.668163870330
-420.668163415358
-420.668169995225
-420.668169551842
-420.668169103463
-420.668168647085
-420.668168178928
-420.668167696361
-420.668167199275
-420.668166689852
-420.668166171116
-420.668165644994
-420.668172385441
-420.668171862788
-420.668171327506
-420.668170777591
-420.668170212615
-420.668169633395
-420.668169041057
-420.668168436032
-420.668167817847
-420.668167185687
-420.668174070222
-420.668173432475
-420.668172785099
-420.668172131844
-420.668171475761
-420.668170818238
-420.668170158701
-420.668169495485
-420.668168827028
-420.668168153054
-420.668175376477
-420.668174718463
-420.668174060484
-420.668173403534
-420.668172747608
-420.668172092411
-420.668171438200
-420.668170786070
-420.668170137297
-420.668169492106
-420.668177758325
-420.668177136716
-420.668176507929
-420.668175867694
-420.668175213627
-420.668174545275
-420.668173863020
-420.668173166791
-420.668172455267
-420.668171726283
-420.668180918263
-420.668180172997
-420.668179407261
-420.668178621546
-420.668177815600
-420.668176988046
-420.668176137108
-420.668175261900
-420.668174363585
-420.668173445553
-420.668182156588
-420.668181234914
-420.668180305861
-420.668179371994
-420.668178435813
-420.668177500568
-420.668176570398
-420.668175649639
-420.668174741889
-420.668173849561
-420.668180890018
-420.668180055674
-420.668179242320
-420.668178453022
-420.668177690797
-420.668176957648
-420.668176254163
-420.668175579748
-420.668174933521
-420.668174314724
-420.668179770107
-420.668179227328
-420.668178708669
-420.668178211339
-420.668177731996
-420.668177267514
-420.668176815358
-420.668176373367
-420.668175939160
-420.668175509730
-420.668180491713
-420.668180084621
-420.668179671662
-420.668179250305
-420.668178818428
-420.668178373898
-420.668177914407
-420.668177437664
-420.668176942006
-420.668176426555
-420.668182218863
-420.668181687310
-420.668181134955
-420.668180560674
-420.668179963279
-420.668179342129
-420.668178697392
-420.668178029728
-420.668177339929
-420.668176628630
-420.668183425904
-420.668182697876
-420.668181953855
-420.668181197603
-420.668180432623
-420.668179661128
-420.668178883946
-420.668178101339
-420.668177314345
-420.668176525513
-420.668183395616
-420.668182634941
-420.668181882600
-420.668181140254
-420.668180409597
-420.668179693812
-420.668178997871
-420.668178327462
-420.668177686864
-420.668177077236
-420.668183891336
-420.668183359826
-420.668182853307
-420.668182373063
-420.668181922248
-420.668181503589
-420.668181117076
-420.668180759824
-420.668180427829
-420.668180118651
-420.668187771180
-420.668187538755
-420.668187333639
-420.668187153694
-420.668186992961
-420.668186843962
-420.668186701245
-420.668186563548
-420.668186433066
-420.668186312461
-420.668194666807
-420.668194590492
-420.668194514455
-420.668194434963
-420.668194352424
-420.668194270921
-420.668194195080
-420.668194126677
-420.668194063497
-420.668194001045
-420.668201104613
-420.668201061812
-420.668201020919
-420.668200986716
-420.668200961209
-420.668200942341
-420.668200925740
-420.668200908169
-420.668200890090
-420.668200875337
-420.668205388169
-420.668205412527
-420.668205442492
-420.668205471951
-420.668205495428
-420.668205510802
-420.668205519250
-420.668205522651
-420.668205520400
-420.668205508226
-420.668208187282
-420.668208162991
-420.668208117523
-420.668208054082
-420.668207976507
-420.668207885702
-420.668207778308
-420.668207648546
-420.668207492005
-420.668207308606
-420.668210201618
-420.668210002131
-420.668209789050
-420.668209561703
-420.668209316739
-420.668209051704
-420.668208768138
-420.668208471783
-420.668208169695
-420.668207866420
-420.668212254661
-420.668211965060
-420.668211666761
-420.668211360162
-420.668211050441
-420.668210745014
-420.668210449502
-420.668210164792
-420.668209887322
-420.668209612177
-420.668214433652
-420.668214178565
-420.668213930605
-420.668213694591
-420.668213471845
-420.668213259668
-420.668213053657
-420.668212851304
-420.668212654212
-420.668212467406
-420.668216389636
-420.668216254052
-420.668216133533
-420.668216022218
-420.668215914562
-420.668215808368
-420.668215705617
-420.668215610494
-420.668215526061
-420.668215451901
-420.668218787211
-420.668218740475
-420.668218692880
-420.668218645019
-420.668218599676
-420.668218558645
-420.668218520185
-420.668218478446
-420.668218425751
-420.668218356077
-420.668222012633
-420.668221929438
-420.668221834640
-420.668221730817
-420.668221616835
-420.668221488709
-420.668221342615
-420.668221177877
-420.668220997719
-420.668220807202
-420.668224810438
-420.668224628256
-420.668224434533
-420.668224225221
-420.668224000220
-420.668223765202
-420.668223529668
-420.668223302700
-420.668223088959
-420.668222887812
-420.668226724652
-420.668226562137
-420.668226410364
-420.668226276185
-420.668226166077
-420.668226081975
-420.668226019924
-420.668225973061
-420.668225936694
-420.668225912111
-420.668229471621
-420.668229511761
-420.668229581381
-420.668229676096
-420.668229786120
-420.668229901888
-420.668230019204
-420.668230140252
-420.668230269748
-420.668230409243
-420.668233993305
-420.668234151691
-420.668234294555
-420.668234418184
-420.668234526822
-420.668234628769
-420.668234729799
-420.668234828219
-420.668234915407
-420.668234981357
-420.668238855725
-420.668238890653
-420.668238911680
-420.668238927064
-420.668238938718
-420.668238941528
-420.668238928229
-420.668238896096
-420.668238850623
-420.668238803516
-420.668243022545
-420.668243015901
-420.668243020469
-420.668243028582
-420.668243035305
-420.668243043222
-420.668243061761
-420.668243101686
-420.668243168643
-420.668243260589
-420.668247229098
-420.668247367767
-420.668247519768
-420.668247692571
-420.668247895398
-420.668248132962
-420.668248402042
-420.668248693424
-420.668248997699
-420.668249310802
-420.668252206781
-420.668252568375
-420.668252952191
-420.668253356073
-420.668253771975
-420.668254190368
-420.668254605376
-420.668255017005
-420.668255429128
-420.668255844733
-420.668257419472
-420.668257853252
-420.668258272738
-420.668258671691
-420.668259049610
-420.668259410887
-420.668259761032
-420.668260102634
-420.668260433526
-420.668260748513
-420.668261450104
-420.668261744832
-420.668262021757
-420.668262287101
-420.668262546241
-420.668262801227
-420.668263051013
-420.668263293673
-420.668263529253
-420.668263761239
-420.668264747693
-420.668265012914
-420.668265290232
-420.668265579069
-420.668265875943
-420.668266177235
-420.668266481992
-420.668266792820
-420.668267114542
-420.668267451245
-420.668269403882
-420.668269793614
-420.668270189870
-420.668270587457
-420.668270984441
-420.668271382215
-420.668271783227
-420.668272187666
-420.668272591531
-420.668272987521
-420.668275095945
-420.668275484249
-420.668275855584
-420.668276215336
-420.668276568272
-420.668276914640
-420.668277249586
-420.668277566005
-420.668277859362
-420.668278130782
-420.668279435052
-420.668279705723
-420.668279971151
-420.668280228778
-420.668280472231
-420.668280696445
-420.668280902375
-420.668281097545
-420.668281292308
-420.668281493990
-420.668282420854
-420.668282651644
-420.668282875995
-420.668283090692
-420.668283299265
-420.668283509597
-420.668283728170
-420.668283955420
-420.668284185125
-420.668284408716
-420.668285708313
-420.668285930590
-420.668286153146
-420.668286385676
-420.668286632598
-420.668286890479
-420.668287150601
-420.668287404991
-420.668287651543
-420.668287895139
-420.668289511167
-420.668289788304
-420.668290077304
-420.668290373355
-420.668290670970
-420.668290969000
-420.668291272633
-420.668291591185
-420.668291932790
-420.668292299807
-420.668293836172
-420.668294254871
-420.668294679722
-420.668295109496
-420.668295548723
-420.668296004149
-420.668296480131
-420.668296975624
-420.668297484912
-420.668298001079
-420.668299561807
-420.668300104530
-420.668300654262
-420.668301214035
-420.668301782708
-420.668302354210
-420.668302919998
-420.668303473067
-420.668304011167
-420.668304537072
-420.668306694230
-420.668307229860
-420.668307758866
-420.668308274993
-420.668308771196
-420.668309243553
-420.668309693319
-420.668310125477
-420.668310544962
-420.668310953033
-420.668313962238
-420.668314356761
-420.668314726546
-420.668315072271
-420.668315398928
-420.668315712308
-420.668316014883
-420.668316303941
-420.668316573563
-420.668316818903
-420.668319932125
-420.668320155564
-420.668320367885
-420.668320573959
-420.668320773022
-420.668320959693
-420.668321128505
-420.668321278383
-420.668321413936
-420.668321542564
-420.668323836644
-420.668323979835
-420.668324115063
-420.668324236959
-420.668324345276
-420.668324446634
-420.668324551172
-420.668324666674
-420.668324794048
-420.668324927694
-420.668326505592
-420.668326651072
-420.668326797329
-420.668326953444
-420.668327126716
-420.668327317399
-420.668327518614
-420.668327721483
-420.668327921958
-420.668328124313
-420.668329595177
-420.668329846059
-420.668330119332
-420.668330407721
-420.668330700172
-420.668330989459
-420.668331277019
-420.668331571475
-420.668331881947
-420.668332211040
-420.668333575289
-420.668333936774
-420.668334293021
-420.668334645805
-420.668335005283
-420.668335383539
-420.668335786747
-420.668336211615
-420.668336648540
-420.668337089195
-420.668338230928
-420.668338706482
-420.668339204047
-420.668339730190
-420.668340282549
-420.668340851925
-420.668341428935
-420.668342010778
-420.668342602924
-420.668343214959
-420.668345198256
-420.668345886286
-420.668346589932
-420.668347297909
-420.668348003368
-420.668348706760
-420.668349413168
-420.668350126309
-420.668350843835
-420.668351557001
-420.668355029985
-420.668355732204
-420.668356411441
-420.668357072408
-420.668357720034
-420.668358354811
-420.668358971475
-420.668359562018
-420.668360120270
-420.668360645203
-420.668364558738
-420.668365053880
-420.668365526216
-420.668365974128
-420.668366393621
-420.668366781953
-420.668367140189
-420.668367473297
-420.668367787618
-420.668368087687
-420.668370962458
-420.668371255719
-420.668371531006
-420.668371788046
-420.668372029532
-420.668372259818
-420.668372482942
-420.668372700763
-420.668372912876
-420.668373117927
-420.668374309959
-420.668374520139
-420.668374726402
-420.668374931813
-420.668375138325
-420.668375345973
-420.668375553416
-420.668375759263
-420.668375963445
-420.668376167923
-420.668376077050
-420.668376310685
-420.668376553611
-420.668376805910
-420.668377066199
-420.668377333227
-420.668377607384
-420.668377891380
-420.668378189327
-420.668378505002
-420.668377926236
-420.668378299851
-420.668378691460
-420.668379100763
-420.668379529628
-420.668379981746
-420.668380460591
-420.668380967393
-420.668381500256
-420.668382055409
-420.668381607349
-420.668382220313
-420.668382854241
-420.668383512679
-420.668384197550
-420.668384907460
-420.668385638284
-420.668386385391
-420.668387146173
-420.668387920864
-420.668388241384
-420.668389068282
-420.668389908925
-420.668390758274
-420.668391610774
-420.668392462960
-420.668393314568
-420.668394167466
-420.668395023187
-420.668395880894
-420.668397227691
-420.668398098807
-420.668398960703
-420.668399812630
-420.668400655542
-420.668401490138
-420.668402315148
-420.668403127193
-420.668403922375
-420.668404698198
-420.668406470225
-420.668407229980
-420.668407973577
-420.668408701124
-420.668409410906
-420.668410100475
-420.668410768196
-420.668411413910
-420.668412038387
-420.668412641781
-420.668414282719
-420.668414858400
-420.668415406142
-420.668415924890
-420.668416415664
-420.668416880729
-420.668417322019
-420.668417739896
-420.668418133037
-420.668418499503
-420.668419947910
-420.668420275612
-420.668420576576
-420.668420852284
-420.668421103481
-420.668421330149
-420.668421532163
-420.668421710417
-420.668421867472
-420.668422007376
-420.668423231807
-420.668423365623
-420.668423493890
-420.668423618126
-420.668423739247
-420.668423858686
-420.668423979424
-420.668424106423
-420.668424246036
-420.668424404703
-420.668425081623
-420.668425306152
-420.668425559570
-420.668425843499
-420.668426161101
-420.668426517456
-420.668426918264
-420.668427367578
-420.668427866120
-420.668428411347
-420.668428414884
-420.668429060681
-420.668429750576
-420.668430489347
-420.668431280852
-420.668432124605
-420.668433014631
-420.668433942009
-420.668434899174
-420.668435883423
-420.668435460569
-420.668436522908
-420.668437616777
-420.668438735539
-420.668439868445
-420.668441005849
-420.668442143748
-420.668443284668
-420.668444433741
-420.668445592957
-420.668445237777
-420.668446416327
-420.668447580663
-420.668448727384
-420.668449860869
-420.668450989530
-420.668452118993
-420.668453247328
-420.668454365835
-420.668455464882
-420.668455742120
-420.668456819026
-420.668457886856
-420.668458952778
-420.668460015754
-420.668461066829
-420.668462095057
-420.668463095100
-420.668464070602
-420.668465030773
-420.668466452825
-420.668467414225
-420.668468353812
-420.668469257565
-420.668470117465
-420.668470936016
-420.668471723348
-420.668472488706
-420.668473232509
-420.668473945011
-420.668476259220
-420.668476891662
-420.668477473082
-420.668478015620
-420.668478532069
-420.668479026772
-420.668479493050
-420.668479918840
-420.668480296741
-420.668480631268
-420.668482870568
-420.668483185229
-420.668483500360
-420.668483813825
-420.668484115159
-420.668484395789
-420.668484657647
-420.668484914441
-420.668485184340
-420.668485479766
-420.668487114823
-420.668487469439
-420.668487830032
-420.668488195041
-420.668488574543
-420.668488984636
-420.668489437595
-420.668489934223
-420.668490464349
-420.668491014367
-420.668491825829
-420.668492419331
-420.668493040839
-420.668493701922
-420.668494405773
-420.668495145188
-420.668495907915
-420.668496685116
-420.668497477063
-420.668498292227
-420.668498566019
-420.668499466305
-420.668500398005
-420.668501349242
-420.668502309320
-420.668503275065
-420.668504251786
-420.668505248603
-420.668506271275
-420.668507317531
-420.668507889870
-420.668508970891
-420.668510047700
-420.668511120207
-420.668512192862
-420.668513268907
-420.668514345571
-420.668515413375
-420.668516460090
-420.668517476526
-420.668518847108
-420.668519820445
-420.668520769234
-420.668521693715
-420.668522587309
-420.668523438666
-420.668524237291
-420.668524978507
-420.668525665002
-420.668526303391
-420.668527848619
-420.668528416487
-420.668528935311
-420.668529398859
-420.668529805587
-420.668530161428
-420.668530477603
-420.668530764954
-420.668531028566
-420.668531266569
-420.668531620725
-420.668531809271
-420.668531971303
-420.668532120240
-420.668532271353
-420.668532434826
-420.668532612420
-420.668532799681
-420.668532992439
-420.668533192917
-420.668532186499
-420.668532449702
-420.668532751913
-420.668533092839
-420.668533464541
-420.668533857922
-420.668534270113
-420.668534707227
-420.668535180390
-420.668535698012
-420.668534786346
-420.668535397423
-420.668536028143
-420.668536669595
-420.668537322126
-420.668537993149
-420.668538689572
-420.668539410814
-420.668540147252
-420.668540885468
-420.668541157497
-420.668541897990
-420.668542641191
-420.668543396870
-420.668544167582
-420.668544945975
-420.668545719290
-420.668546477877
-420.668547221477
-420.668547958975
-420.668549293434
-420.668550063396
-420.668550841201
-420.668551617902
-420.668552386782
-420.668553149868
-420.668553917942
-420.668554704354
-420.668555516640
-420.668556352335
-420.668557752854
-420.668558624672
-420.668559499405
-420.668560384757
-420.668561292459
-420.668562230387
-420.668563197588
-420.668564185918
-420.668565186543
-420.668566196724
-420.668566655874
-420.668567722993
-420.668568818779
-420.668569939913
-420.668571075463
-420.668572212927
-420.668573345012
-420.668574472428
-420.668575601032
-420.668576735590
-420.668575954129
-420.668577108366
-420.668578249422
-420.668579370286
-420.668580469589
-420.668581549870
-420.668582613138
-420.668583657268
-420.668584675814
-420.668585661187
-420.668584183555
-420.668585109872
-420.668586001486
-420.668586861808
-420.668587691536
-420.668588488611
-420.668589250218
-420.668589975364
-420.668590665565
-420.668591323653
-420.668590494862
-420.668591107894
-420.668591690995
-420.668592245513
-420.668592775450
-420.668593286466
-420.668593783519
-420.668594268617
-420.668594740868
-420.668595198883
-420.668595852469
-420.668596300395
-420.668596746560
-420.668597196841
-420.668597653366
-420.668598114646
-420.668598578367
-420.668599045080
-420.668599519647
-420.668600009454
-420.668601622743
-420.668602166758
-420.668602728477
-420.668603301632
-420.668603882556
-420.668604472990
-420.668605079108
-420.668605707510
-420.668606360880
-420.668607036238
-420.668608647961
-420.668609360799
-420.668610081089
-420.668610811080
-420.668611554441
-420.668612312278
-420.668613081005
-420.668613853392
-420.668614622119
-420.668615383404
-420.668617121882
-420.668617888565
-420.668618656086
-420.668619424312
-420.668620189106
-420.668620944601
-420.668621686298
-420.668622413175
-420.668623127392
-420.668623832209
-420.668626497260
-420.668627202027
-420.668627896169
-420.668628577920
-420.668629248014
-420.668629909919
-420.668630568585
-420.668631228065
-420.668631890163
-420.668632554326
-420.668636254163
-420.668636936716
-420.668637620687
-420.668638308953
-420.668639004347
-420.668639708128
-420.668640419522
-420.668641136555
-420.668641857672
-420.668642582792
-420.668646538057
-420.668647293060
-420.668648053413
-420.668648815935
-420.668649575812
-420.668650328500
-420.668651071247
-420.668651803375
-420.668652524993
-420.668653235103
-420.668656355828
-420.668657048186
-420.668657716969
-420.668658360416
-420.668658979309
-420.668659575667
-420.668660150378
-420.668660701801
-420.668661226405
-420.668661720960
-420.668663407085
-420.668663855411
-420.668664280411
-420.668664686084
-420.668665073696
-420.668665442048
-420.668665789593
-420.668666117020
-420.668666428124
-420.668666728459
-420.668667307329
-420.668667606844
-420.668667900744
-420.668668187420
-420.668668467302
-420.668668743690
-420.668669021442
-420.668669304399
-420.668669593740
-420.668669888362
-420.668670036377
-420.668670349934
-420.668670672638
-420.668671009122
-420.668671362261
-420.668671731959
-420.668672116412
-420.668672514897
-420.668672929838
-420.668673366381
-420.668673664812
-420.668674168254
-420.668674699135
-420.668675254520
-420.668675833974
-420.668676441776
-420.668677085455
-420.668677771380
-420.668678500570
-420.668679267910
-420.668680276751
-420.668681116817
-420.668681985426
-420.668682889630
-420.668683835661
-420.668684823201
-420.668685843963
-420.668686886212
-420.668687941974
-420.668689011989
-420.668690267360
-420.668691410197
-420.668692584393
-420.668693780357
-420.668694982703
-420.668696179308
-420.668697368403
-420.668698558578
-420.668699761513
-420.668700982657
-420.668700777140
-420.668702030286
-420.668703272387
-420.668704503348
-420.668705735009
-420.668706983925
-420.668708260683
-420.668709563250
-420.668710879266
-420.668712195641
-420.668709336551
-420.668710671869
-420.668712028932
-420.668713420008
-420.668714845374
-420.668716293680
-420.668717750545
-420.668719208969
-420.668720673958
-420.668722157864
-420.668717407448
-420.668718959713
-420.668720520432
-420.668722068270
-420.668723587972
-420.668725076904
-420.668726542474
-420.668727992590
-420.668729426081
-420.668730830066
-420.668725930876
-420.668727237871
-420.668728479530
-420.668729663224
-420.668730798105
-420.668731885787
-420.668732916883
-420.668733876031
-420.668734751742
-420.668735544199
-420.668732058027
-420.668732734699
-420.668733369833
-420.668733966088
-420.668734518589
-420.668735022881
-420.668735482587
-420.668735911232
-420.668736327145
-420.668736745180
-420.668735121258
-420.668735560223
-420.668736001353
-420.668736447228
-420.668736909543
-420.668737405589
-420.668737950735
-420.668738552030
-420.668739207113
-420.668739908893
-420.668739093992
-420.668739890184
-420.668740738070
-420.668741645768
-420.668742615681
-420.668743642054
-420.668744713699
-420.668745819832
-420.668746955231
-420.668748121056
-420.668747171883
-420.668748419226
-420.668749695214
-420.668750987292
-420.668752281429
-420.668753567970
-420.668754844334
-420.668756113239
-420.668757377432
-420.668758634535
-420.668757662548
-420.668758890732
-420.668760080551
-420.668761229174
-420.668762341216
-420.668763424292
-420.668764482878
-420.668765514595
-420.668766511515
-420.668767465716
-420.668766795538
-420.668767683605
-420.668768546040
-420.668769393252
-420.668770228080
-420.668771044895
-420.668771834914
-420.668772594024
-420.668773327810
-420.668774050065
-420.668773336253
-420.668774087990
-420.668774847492
-420.668775604671
-420.668776351072
-420.668777087490
-420.668777825087
-420.668778578997
-420.668779358679
-420.668780161781
-420.668778872191
-420.668779696942
-420.668780513136
-420.668781327853
-420.668782156069
-420.668783010281
-420.668783891802
-420.668784789516
-420.668785687397
-420.668786575391
-420.668785064102
-420.668785963949
-420.668786885694
-420.668787835610
-420.668788806609
-420.668789783348
-420.668790752902
-420.668791713868
-420.668792677603
-420.668793660798
-420.668792902630
-420.668793958537
-420.668795032625
-420.668796111518
-420.668797189867
-420.668798274233
-420.668799378718
-420.668800515295
-420.668801685795
-420.668802880482
-420.668802788836
-420.668804003900
-420.668805215854
-420.668806432764
-420.668807664856
-420.668808916260
-420.668810181224
-420.668811446788
-420.668812699898
-420.668813934096
-420.668813731269
-420.668814952656
-420.668816169058
-420.668817378719
-420.668818572669
-420.668819739297
-420.668820870473
-420.668821965591
-420.668823031144
-420.668824076224
-420.668823704420
-420.668824736624
-420.668825750464
-420.668826740653
-420.668827706073
-420.668828652095
-420.668829588842
-420.668830526685
-420.668831471577
-420.668832423347
-420.668832228290
-420.668833201061
-420.668834176610
-420.668835164177
-420.668836176149
-420.668837222264
-420.668838305090
-420.668839419926
-420.668840559087
-420.668841718059
-420.668841860147
-420.668843093405
-420.668844364386
-420.668845674436
-420.668847016477
-420.668848378570
-420.668849751023
-420.668851132107
-420.668852528283
-420.668853948342
-420.668854516606
-420.668856006115
-420.668857500639
-420.668858985449
-420.668860453939
-420.668861910167
-420.668863363947
-420.668864821911
-420.668866280741
-420.668867727839
-420.668868366809
-420.668869771683
-420.668871147774
-420.668872507548
-420.668873861331
-420.668875208686
-420.668876537073
-420.668877829352
-420.668879074487
-420.668880274462
-420.668879999645
-420.668881160596
-420.668882307704
-420.668883432587
-420.668884519199
-420.668885554633
-420.668886537724
-420.668887479205
-420.668888393240
-420.668889286688
-420.668887687130
-420.668888521100
-420.668889298291
-420.668890015557
-420.668890683399
-420.668891319245
-420.668891936399
-420.668892536198
-420.668893108703
-420.668893641277
-420.668891637396
-420.668892095642
-420.668892530662
-420.668892956910
-420.668893379868
-420.668893794576
-420.668894191781
-420.668894566925
-420.668894925789
-420.668895283037
-420.668894190053
-420.668894595457
-420.668895023526
-420.668895466378
-420.668895916584
-420.668896373492
-420.668896844444
-420.668897340580
-420.668897870481
-420.668898436100
-420.668898220504
-420.668898856290
-420.668899516577
-420.668900205108
-420.668900929331
-420.668901695934
-420.668902507070
-420.668903359541
-420.668904247112
-420.668905164443
-420.668905179880
-420.668906170958
-420.668907197203
-420.668908261988
-420.668909365545
-420.668910504829
-420.668911675212
-420.668912872727
-420.668914095524
-420.668915343852
-420.668916087482
-420.668917406250
-420.668918748286
-420.668920108500
-420.668921481046
-420.668922861203
-420.668924246569
-420.668925636589
-420.668927031008
-420.668928427900
-420.668930372745
-420.668931778670
-420.668933170637
-420.668934545151
-420.668935901498
-420.668937240540
-420.668938562433
-420.668939865083
-420.668941144120
-420.668942394611
-420.668944579492
-420.668945781933
-420.668946951783
-420.668948089705
-420.668949194929
-420.668950265342
-420.668951299075
-420.668952296191
-420.668953259128
-420.668954191387
-420.668955758664
-420.668956648437
-420.668957507078
-420.668958331641
-420.668959120722
-420.668959875351
-420.668960597972
-420.668961290735
-420.668961954395
-420.668962588897
-420.668963710192
-420.668964303158
-420.668964876028
-420.668965434055
-420.668965980302
-420.668966514801
-420.668967035909
-420.668967542937
-420.668968038144
-420.668968526729
-420.668969014452
-420.668969517842
-420.668970028257
-420.668970547597
-420.668971079121
-420.668971628656
-420.668972203446
-420.668972809504
-420.668973449265
-420.668974121537
-420.668973462811
-420.668974206373
-420.668974981891
-420.668975793877
-420.668976645635
-420.668977536766
-420.668978463461
-420.668979421340
-420.668980408627
-420.668981427068
-420.668980328842
-420.668981428784
-420.668982557669
-420.668983706144
-420.668984865026
-420.668986029629
-420.668987200937
-420.668988382541
-420.668989575497
-420.668990775109
-420.668990240475
-420.668991439832
-420.668992625917
-420.668993803761
-420.668994981807
-420.668996165322
-420.668997352047
-420.668998533333
-420.668999700286
-420.669000850459
-420.669000916221
-420.669002069327
-420.669003232050
-420.669004404685
-420.669005579393
-420.669006746419
-420.669007901807
-420.669009051028
-420.669010205471
-420.669011374523
-420.669011896295
-420.669013098677
-420.669014292511
-420.669015468555
-420.669016627270
-420.669017777012
-420.669018926520
-420.669020077234
-420.669021220827
-420.669022343723
-420.669022979638
-420.669024050824
-420.669025096051
-420.669026125002
-420.669027142349
-420.669028144089
-420.669029120432
-420.669030062777
-420.669030969966
-420.669031849407
-420.669032264727
-420.669033131512
-420.669033992900
-420.669034844883
-420.669035682526
-420.669036505334
-420.669037319409
-420.669038135015
-420.669038961702
-420.669039804336
-420.669039601330
-420.669040483675
-420.669041377259
-420.669042283981
-420.669043208643
-420.669044156426
-420.669045130302
-420.669046130083
-420.669047153211
-420.669048196585
-420.669046946224
-420.669048039607
-420.669049151500
-420.669050283241
-420.669051435725
-420.669052608619
-420.669053799803
-420.669055005496
-420.669056221284
-420.669057443983
-420.669055651391
-420.669056905546
-420.669058171687
-420.669059451480
-420.669060743191
-420.669062041955
-420.669063342804
-420.669064644112
-420.669065949097
-420.669067263945
-420.669066291800
-420.669067651343
-420.669069019018
-420.669070386540
-420.669071748661
-420.669073106592
-420.669074466691
-420.669075835416
-420.669077213586
-420.669078594529
-420.669078888763
-420.669080259775
-420.669081613347
-420.669082956031
-420.669084296357
-420.669085637608
-420.669086974224
-420.669088294348
-420.669089586937
-420.669090848589
-420.669091352548
-420.669092588170
-420.669093815702
-420.669095033329
-420.669096231780
-420.669097401172
-420.669098538569
-420.669099651056
-420.669100751519
-420.669101850425
-420.669101591826
-420.669102694899
-420.669103776827
-420.669104830483
-420.669105858875
-420.669106873123
-420.669107884945
-420.669108898849
-420.669109909538
-420.669110906317
-420.669109237498
-420.669110203134
-420.669111156357
-420.669112108283
-420.669113063958
-420.669114018333
-420.669114959127
-420.669115874729
-420.669116761808
-420.669117627474
-420.669114530628
-420.669115401796
-420.669116278322
-420.669117154679
-420.669118022855
-420.669118879737
-420.669119731193
-420.669120589753
-420.669121467821
-420.669122370969
-420.669118854425
-420.669119804741
-420.669120764988
-420.669121739518
-420.669122741386
-420.669123786505
-420.669124885873
-420.669126040934
-420.669127245118
-420.669128490343
-420.669125173808
-420.669126512883
-420.669127906429
-420.669129362397
-420.669130880420
-420.669132451254
-420.669134062246
-420.669135705029
-420.669137380197
-420.669139095519
-420.669135215286
-420.669137040211
-420.669138903605
-420.669140788479
-420.669142679300
-420.669144569070
-420.669146460241
-420.669148359080
-420.669150267098
-420.669152175830
-420.669147058645
-420.669148932534
-420.669150764299
-420.669152555817
-420.669154315456
-420.669156048948
-420.669157752140
-420.669159410772
-420.669161007556
-420.669162531724
-420.669157387783
-420.669158792773
-420.669160146572
-420.669161451043
-420.669162697207
-420.669163871047
-420.669164963415
-420.669165976917
-420.669166925049
-420.669167824053
-420.669164616887
-420.669165447375
-420.669166227452
-420.669166950711
-420.669167621108
-420.669168253598
-420.669168867150
-420.669169475222
-420.669170080402
-420.669170677253
-420.669169456204
-420.669170043748
-420.669170637963
-420.669171258980
-420.669171922278
-420.669172632386
-420.669173384280
-420.669174171071
-420.669174992378
-420.669175857040
-420.669174907634
-420.669175908580
-420.669176976409
-420.669178102475
-420.669179276340
-420.669180493663
-420.669181759076
-420.669183082065
-420.669184468933
-420.669185916654
-420.669183648867
-420.669185191754
-420.669186759159
-420.669188350245
-420.669189969749
-420.669191621002
-420.669193300181
-420.669194996253
-420.669196696581
-420.669198393813
-420.669194506193
-420.669196217258
-420.669197938008
-420.669199666510
-420.669201393290
-420.669203106325
-420.669204797894
-420.669206468192
-420.669208123317
-420.669209769444
-420.669205528147
-420.669207163451
-420.669208776088
-420.669210360705
-420.669211918464
-420.669213455511
-420.669214977947
-420.669216486732
-420.669217976578
-420.669219438934
-420.669216230741
-420.669217637153
-420.669219013059
-420.669220364202
-420.669221693556
-420.669222999791
-420.669224278995
-420.669225528357
-420.669226748838
-420.669227944909
-420.669226311705
-420.669227486527
-420.669228645503
-420.669229786235
-420.669230906710
-420.669232007376
-420.669233091330
-420.669234162844
-420.669235225464
-420.669236280969
-420.669235984680
-420.669237039434
-420.669238087699
-420.669239129952
-420.669240166027
-420.669241194451
-420.669242212571
-420.669243217335
-420.669244206037
-420.669245176624
-420.669245304295
-420.669246244271
-420.669247160153
-420.669248049861
-420.669248911877
-420.669249745342
-420.669250549608
-420.669251323552
-420.669252065459
-420.669252773520
-420.669252484969
-420.669253133151
-420.669253749502
-420.669254337590
-420.669254901487
-420.669255445256
-420.669255973188
-420.669256490014
-420.669257000941
-420.669257511278
-420.669256922771
-420.669257454542
-420.669257999112
-420.669258560951
-420.669259144928
-420.669259755734
-420.669260396988
-420.669261070598
-420.669261777191
-420.669262517144
-420.669262121158
-420.669262941287
-420.669263797758
-420.669264688788
-420.669265609792
-420.669266554649
-420.669267517991
-420.669268496968
-420.669269491087
-420.669270500113
-420.669270021805
-420.669271062960
-420.669272103148
-420.669273136108
-420.669274159659
-420.669275175906
-420.669276188820
-420.669277200715
-420.669278210527
-420.669279215057
-420.669277750301
-420.669278757223
-420.669279767445
-420.669280790626
-420.669281834287
-420.669282901371
-420.669283991275
-420.669285103672
-420.669286242190
-420.669287415158
-420.669284810450
-420.669286093062
-420.669287429596
-420.669288817081
-420.669290251476
-420.669291731685
-420.669293260599
-420.669294842632
-420.669296479347
-420.669298166738
-420.669295483703
-420.669297258726
-420.669299059393
-420.669300883372
-420.669302730186
-420.669304597019
-420.669306475983
-420.669308355203
-420.669310222719
-420.669312070604
-420.669310581344
-420.669312398776
-420.669314193120
-420.669315959365
-420.669317689289
-420.669319374957
-420.669321012475
-420.669322603054
-420.669324150549
-420.669325657633
-420.669326002404
-420.669327434444
-420.669328817620
-420.669330152511
-420.669331444461
-420.669332701322
-420.669333929612
-420.669335132125
-420.669336308420
-420.669337457573
-420.669338754376
-420.669339866765
-420.669340964445
-420.669342052280
-420.669343132197
-420.669344203916
-420.669345267125
-420.669346323458
-420.669347376504
-420.669348430186
-420.669348941708
-420.669350011842
-420.669351083953
-420.669352157419
-420.669353232945
-420.669354311781
-420.669355394161
-420.669356478504
-420.669357562246
-420.669358643688
-420.669358028873
-420.669359122341
-420.669360217108
-420.669361311038
-420.669362398843
-420.669363474638
-420.669364535275
-420.669365582036
-420.669366618758
-420.669367647836
-420.669367058044
-420.669368075424
-420.669369067750
-420.669370031529
-420.669370969923
-420.669371890187
-420.669372797862
-420.669373691766
-420.669374563897
-420.669375404617
-420.669375095295
-420.669375884727
-420.669376655143
-420.669377417487
-420.669378174963
-420.669378921585
-420.669379647633
-420.669380348136
-420.669381028460
-420.669381702310
-420.669381075865
-420.669381784223
-420.669382499316
-420.669383208893
-420.669383904360
-420.669384588321
-420.669385274255
-420.669385978212
-420.669386708633
-420.669387461268
-420.669386634785
-420.669387407348
-420.669388176037
-420.669388951527
-420.669389749132
-420.669390577925
-420.669391434097
-420.669392303453
-420.669393171327
-420.669394033173
-420.669393157521
-420.669394054894
-420.669394986054
-420.669395952913
-420.669396945541
-420.669397950526
-420.669398961686
-420.669399985295
-420.669401036434
-420.669402128782
-420.669400824224
-420.669402008500
-420.669403212642
-420.669404426856
-420.669405653521
-420.669406905568
-420.669408197482
-420.669409535253
-420.669410912118
-420.669412312855
-420.669410429541
-420.669411859692
-420.669413300297
-420.669414760465
-420.669416243824
-420.669417743053
-420.669419242214
-420.669420725244
-420.669422184531
-420.669423624034
-420.669421424123
-420.669422870518
-420.669424317693
-420.669425756285
-420.669427173355
-420.669428560993
-420.669429921450
-420.669431265741
-420.669432606560
-420.669433950749
-420.669431436506
-420.669432789702
-420.669434131417
-420.669435464874
-420.669436802607
-420.669438160982
-420.669439552214
-420.669440978916
-420.669442434877
-420.669443911233
-420.669440704477
-420.669442231271
-420.669443788906
-420.669445386205
-420.669447023883
-420.669448692755
-420.669450378082
-420.669452067243
-420.669453755526
-420.669455446088
-420.669451300303
-420.669453019187
-420.669454735232
-420.669456431140
-420.669458089549
-420.669459700487
-420.669461263749
-420.669462784762
-420.669464266648
-420.669465704272
-420.669461128960
-420.669462448094
-420.669463686210
-420.669464846436
-420.669465940744
-420.669466982085
-420.669467976494
-420.669468920670
-420.669469806660
-420.669470630268
-420.669466440216
-420.669467174667
-420.669467884528
-420.669468580550
-420.669469263004
-420.669469925004
-420.669470561037
-420.669471174650
-420.669471779670
-420.669472394303
-420.669468340344
-420.669469011129
-420.669469698830
-420.669470393175
-420.669471090080
-420.669471795120
-420.669472519697
-420.669473272567
-420.669474053129
-420.669474851018
-420.669469881728
-420.669470687897
-420.669471490954
-420.669472300422
-420.669473126108
-420.669473970358
-420.669474825774
-420.669475679469
-420.669476521001
-420.669477348277
-420.669471958579
-420.669472789543
-420.669473626507
-420.669474466421
-420.669475300506
-420.669476120479
-420.669476924383
-420.669477718024
-420.669478511328
-420.669479312246
-420.669475124775
-420.669475950541
-420.669476774381
-420.669477592895
-420.669478408641
-420.669479228905
-420.669480061658
-420.669480911516
-420.669481778222
-420.669482658542
-420.669480025279
-420.669480940528
-420.669481873669
-420.669482832913
-420.669483825758
-420.669484856366
-420.669485925030
-420.669487029764
-420.669488169220
-420.669489344988
-420.669487623929
-420.669488902275
-420.669490235270
-420.669491625366
-420.669493070604
-420.669494566411
-420.669496109003
-420.669497698031
-420.669499337046
-420.669501030794
-420.669499713945
-420.669501528869
-420.669503386261
-420.669505274794
-420.669507186462
-420.669509119371
-420.669511076058
-420.669513058366
-420.669515062230
-420.669517076140
-420.669515915667
-420.669517917874
-420.669519897219
-420.669521856612
-420.669523801191
-420.669525731270
-420.669527638706
-420.669529509542
-420.669531331445
-420.669533100721
-420.669532100624
-420.669533799695
-420.669535471966
-420.669537115532
-420.669538719997
-420.669540274121
-420.669541774722
-420.669543230413
-420.669544657222
-420.669546069132
-420.669545719944
-420.669547113075
-420.669548476761
-420.669549805825
-420.669551106854
-420.669552395680
-420.669553687816
-420.669554989136
-420.669556292930
-420.669557585906
-420.669557461416
-420.669558728516
-420.669559991622
-420.669561266990
-420.669562563000
-420.669563875168
-420.669565190037
-420.669566495272
-420.669567788819
-420.669569080515
-420.669567736838
-420.669569078339
-420.669570441479
-420.669571814614
-420.669573184783
-420.669574547078
-420.669575908130
-420.669577281338
-420.669578677409
-420.669580096732
-420.669577137616
-420.669578580564
-420.669580011857
-420.669581431667
-420.669582847777
-420.669584268017
-420.669585692900
-420.669587113476
-420.669588515782
-420.669589888473
-420.669586311639
-420.669587631852
-420.669588928738
-420.669590203366
-420.669591448960
-420.669592653527
-420.669593806010
-420.669594901739
-420.669595943493
-420.669596938061
-420.669593541111
-420.669594459728
-420.669595333238
-420.669596157931
-420.669596934285
-420.669597668406
-420.669598369655
-420.669599046363
-420.669599702514
-420.669600337739
-420.669597169569
-420.669597767901
-420.669598349986
-420.669598925011
-420.669599502471
-420.669600088773
-420.669600686124
-420.669601293944
-420.669601911909
-420.669602542153
-420.669600289959
-420.669600966419
-420.669601664620
-420.669602381238
-420.669603109983
-420.669603845007
-420.669604583968
-420.669605328919
-420.669606084411
-420.669606853921
-420.669606183226
-420.669606986198
-420.669607793493
-420.669608602062
-420.669609413164
-420.669610231404
-420.669611061503
-420.669611904924
-420.669612759215
-420.669613620367
-420.669613897825
-420.669614784454
-420.669615690745
-420.669616627759
-420.669617603064
-420.669618617959
-420.669619668904
-420.669620751960
-420.669621867079
-420.669623019413
-420.669623369557
-420.669624623943
-420.669625924800
-420.669627264321
-420.669628633610
-420.669630027799
-420.669631448106
-420.669632899185
-420.669634383541
-420.669635896959
-420.669636043802
-420.669637587800
-420.669639125508
-420.669640653046
-420.669642171496
-420.669643681727
-420.669645179567
-420.669646655133
-420.669648096794
-420.669649496974
-420.669649560719
-420.669650891455
-420.669652192396
-420.669653464619
-420.669654702856
-420.669655899318
-420.669657049586
-420.669658156403
-420.669659228323
-420.669660274225
-420.669660604288
-420.669661612042
-420.669662589894
-420.669663536105
-420.669664456165
-420.669665361184
-420.669666261926
-420.669667162803
-420.669668060401
-420.669668947513
-420.669669406326
-420.669670277177
-420.669671146157
-420.669672023062
-420.669672911650
-420.669673807836
-420.669674703700
-420.669675594762
-420.669676484778
-420.669677384646
-420.669677414484
-420.669678372078
-420.669679352649
-420.669680347520
-420.669681350638
-420.669682364309
-420.669683398987
-420.669684467124
-420.669685575610
-420.669686722469
-420.669686169905
-420.669687379943
-420.669688615007
-420.669689883748
-420.669691196617
-420.669692558129
-420.669693963027
-420.669695398876
-420.669696853387
-420.669698321175
-420.669697204844
-420.669698719792
-420.669700259354
-420.669701817215
-420.669703380146
-420.669704934328
-420.669706471844
-420.669707992472
-420.669709499503
-420.669710993041
-420.669709114652
-420.669710561168
-420.669711958767
-420.669713300145
-420.669714587099
-420.669715827225
-420.669717027208
-420.669718187771
-420.669719303698
-420.669720368582
-420.669717900984
-420.669718874974
-420.669719812676
-420.669720723695
-420.669721611999
-420.669722475767
-420.669723311831
-420.669724121646
-420.669724914210
-420.669725704149
-420.669723113476
-420.669723944577
-420.669724798602
-420.669725673508
-420.669726568466
-420.669727487451
-420.669728438652
-420.669729430401
-420.669730466595
-420.669731545005
-420.669728535092
-420.669729689939
-420.669730876080
-420.669732098196
-420.669733362213
-420.669734670451
-420.669736018954
-420.669737398413
-420.669738798311
-420.669740210960
-420.669736575143
-420.669738015487
-420.669739463530
-420.669740914012
-420.669742357796
-420.669743784741
-420.669745187382
-420.669746562803
-420.669747911634
-420.669749234616
-420.669745818843
-420.669747086252
-420.669748310741
-420.669749485900
-420.669750609936
-420.669751685734
-420.669752718245
-420.669753710980
-420.669754664149
-420.669755575647
-420.669753184072
-420.669754018511
-420.669754820605
-420.669755600547
-420.669756367444
-420.669757126603
-420.669757879831
-420.669758628458
-420.669759376937
-420.669760134245
-420.669758766769
-420.669759582002
-420.669760432994
-420.669761319067
-420.669762236927
-420.669763185267
-420.669764167529
-420.669765190917
-420.669766262255
-420.669767383253
-420.669767152099
-420.669768362683
-420.669769599557
-420.669770858245
-420.669772138814
-420.669773442030
-420.669774764253
-420.669776095026
-420.669777419147
-420.669778722417
-420.669779634834
-420.669780892295
-420.669782124477
-420.669783333637
-420.669784516224
-420.669785663244
-420.669786765011
-420.669787816723
-420.669788821037
-420.669789785883
-420.669791032809
-420.669791950217
-420.669792838569
-420.669793695671
-420.669794523616
-420.669795331550
-420.669796134129
-420.669796946245
-420.669797778093
-420.669798633447
-420.669799538870
-420.669800451684
-420.669801392024
-420.669802367321
-420.669803385166
-420.669804449682
-420.669805560308
-420.669806713465
-420.669807905796
-420.669809136299
-420.669809218708
-420.669810536449
-420.669811889772
-420.669813271515
-420.669814672363
-420.669816083510
-420.669817497965
-420.669818910204
-420.669820314504
-420.669821704053
-420.669820199441
-420.669821547986
-420.669822866579
-420.669824155001
-420.669825413202
-420.669826639055
-420.669827828105
-420.669828975816
-420.669830080513
-420.669831144987
-420.669828050501
-420.669829059031
-420.669830040282
-420.669830992841
-420.669831915107
-420.669832809168
-420.669833682268
-420.669834544360
-420.669835402943
-420.669836259224
-420.669832619094
-420.669833461496
-420.669834286101
-420.669835096040
-420.669835898733
-420.669836700165
-420.669837499986
-420.669838290961
-420.669839063460
-420.669839811816
-420.669836332050
-420.669837050638
-420.669837759290
-420.669838457114
-420.669839135697
-420.669839784061
-420.669840395970
-420.669840974172
-420.669841528916
-420.669842071296
-420.669839087442
-420.669839622172
-420.669840141439
-420.669840642619
-420.669841131143
-420.669841619153
-420.669842119145
-420.669842637216
-420.669843171019
-420.669843713967
-420.669841705877
-420.669842274857
-420.669842867311
-420.669843496825
-420.669844170582
-420.669844886344
-420.669845635725
-420.669846411410
-420.669847212839
-420.669848046292
-420.669847321755
-420.669848247299
-420.669849209631
-420.669850198296
-420.669851204806
-420.669852228327
-420.669853275875
-420.669854357036
-420.669855477018
-420.669856632800
-420.669856936442
-420.669858146098
-420.669859370696
-420.669860614628
-420.669861885810
-420.669863189856
-420.669864526730
-420.669865891914
-420.669867281330
-420.669868695786
-420.669869448031
-420.669870941768
-420.669872480840
-420.669874064113
-420.669875685114
-420.669877336269
-420.669879013362
-420.669880716815
-420.669882449381
-420.669884212202
-420.669884705477
-420.669886523479
-420.669888355808
-420.669890198300
-420.669892049670
-420.669893909251
-420.669895773861
-420.669897636510
-420.669899487784
-420.669901319070
-420.669900593275
-420.669902379209
-420.669904139049
-420.669905871972
-420.669907574794
-420.669909243071
-420.669910873463
-420.669912465580
-420.669914021647
-420.669915544372
-420.669913240157
-420.669914701933
-420.669916126777
-420.669917513280
-420.669918863214
-420.669920181192
-420.669921472654
-420.669922741378
-420.669923988400
-420.669925212813
-420.669922018193
-420.669923202679
-420.669924366486
-420.669925512313
-420.669926641795
-420.669927754739
-420.669928849459
-420.669929923978
-420.669930977203
-420.669932009275
-420.669928811351
-420.669929813341
-420.669930797306
-420.669931762961
-420.669932709128
-420.669933633933
-420.669934535478
-420.669935412599
-420.669936265577
-420.669937096334
-420.669934571757
-420.669935375636
-420.669936163143
-420.669936933394
-420.669937685156
-420.669938418861
-420.669939137839
-420.669939847536
-420.669940553226
-420.669941257288
-420.669939529581
-420.669940232333
-420.669940925870
-420.669941611924
-420.669942296533
-420.669942987387
-420.669943689684
-420.669944403828
-420.669945126216
-420.669945853161
-420.669943805448
-420.669944554790
-420.669945321706
-420.669946111719
-420.669946924684
-420.669947755098
-420.669948596139
-420.669949444836
-420.669950304632
-420.669951183591
-420.669947927881
-420.669948871105
-420.669949840470
-420.669950829152
-420.669951832002
-420.669952848944
-420.669953884194
-420.669954942241
-420.669956023293
-420.669957121629
-420.669953480681
-420.669954594166
-420.669955705341
-420.669956816827
-420.669957933082
-420.669959055817
-420.669960181688
-420.669961303331
-420.669962413228
-420.669963507069
-420.669960699797
-420.669961768515
-420.669962822932
-420.669963860043
-420.669964874605
-420.669965861942
-420.669966820788
-420.669967753805
-420.669968665778
-420.669969560731
-420.669967561991
-420.669968431593
-420.669969284293
-420.669970120839
-420.669970943896
-420.669971756743
-420.669972561463
-420.669973358126
-420.669974145724
-420.669974923899
-420.669973263928
-420.669974038149
-420.669974811636
-420.669975586550
-420.669976363087
-420.669977140120
-420.669977916843
-420.669978693629
-420.669979471638
-420.669980251582
-420.669978785041
-420.669979573657
-420.669980358419
-420.669981138313
-420.669981914795
-420.669982691579
-420.669983473170
-420.669984263425
-420.669985064955
-420.669985879608
-420.669984544883
-420.669985401806
-420.669986281732
-420.669987189490
-420.669988129392
-420.669989104898
-420.669990118737
-420.669991173549
-420.669992272458
-420.669993419291
-420.669992531707
-420.669993795998
-420.669995119996
-420.669996505189
-420.669997950698
-420.669999453362
-420.670001008537
-420.670002611329
-420.670004257543
-420.670005943805
-420.670005692108
-420.670007455869
-420.670009242867
-420.670011043122
-420.670012846541
-420.670014645099
-420.670016433596
-420.670018208530
-420.670019965381
-420.670021696689
-420.670021788442
-420.670023446170
-420.670025050100
-420.670026598401
-420.670028093577
-420.670029538863
-420.670030934405
-420.670032276185
-420.670033558327
-420.670034777650
-420.670034600271
-420.670035715313
-420.670036788679
-420.670037826972
-420.670038830828
-420.670039796881
-420.670040722640
-420.670041610970
-420.670042470697
-420.670043312571
-420.670042674957
-420.670043501184
-420.670044308460
-420.670045088657
-420.670045838586
-420.670046562259
-420.670047267735
-420.670047960938
-420.670048640624
-420.670049298460
-420.670048225138
-420.670048819513
-420.670049376885
-420.670049904383
-420.670050408691
-420.670050890409
-420.670051342806
-420.670051756399
-420.670052125798
-420.670052454498
-420.670050800298
-420.670051092054
-420.670051376969
-420.670051656269
-420.670051926240
-420.670052184713
-420.670052436415
-420.670052693588
-420.670052971253
-420.670053280418
-420.670051483380
-420.670051866268
-420.670052275915
-420.670052713574
-420.670053188094
-420.670053712622
-420.670054297750
-420.670054946359
-420.670055652851
-420.670056407871
-420.670054941245
-420.670055788454
-420.670056682834
-420.670057630063
-420.670058630412
-420.670059676540
-420.670060756333
-420.670061859091
-420.670062980523
-420.670064123748
-420.670062825670
-420.670064039068
-420.670065281620
-420.670066543859
-420.670067814768
-420.670069087805
-420.670070364298
-420.670071651725
-420.670072958440
-420.670074287915
-420.670072645294
-420.670074014747
-420.670075389086
-420.670076768298
-420.670078159614
-420.670079573360
-420.670081016667
-420.670082488902
-420.670083982131
-420.670085486321
-420.670083109258
-420.670084634610
-420.670086175825
-420.670087741003
-420.670089331603
-420.670090940021
-420.670092553179
-420.670094159529
-420.670095755065
-420.670097344110
-420.670094273277
-420.670095875601
-420.670097476874
-420.670099064033
-420.670100623228
-420.670102147296
-420.670103638858
-420.670105106852
-420.670106558549
-420.670107992756
-420.670105137906
-420.670106509058
-420.670107828090
-420.670109095801
-420.670110322078
-420.670111518445
-420.670112689627
-420.670113830013
-420.670114927167
-420.670115970429
-420.670114327478
-420.670115275486
-420.670116188535
-420.670117074309
-420.670117930546
-420.670118746837
-420.670119512286
-420.670120223947
-420.670120889799
-420.670121524542
-420.670120546218
-420.670121155833
-420.670121743950
-420.670122300288
-420.670122819402
-420.670123305863
-420.670123772714
-420.670124234282
-420.670124698814
-420.670125165647
-420.670123817989
-420.670124283542
-420.670124746142
-420.670125217889
-420.670125713126
-420.670126241325
-420.670126802853
-420.670127390775
-420.670127997032
-420.670128618834
-420.670127250679
-420.670127932241
-420.670128652731
-420.670129414989
-420.670130215037
-420.670131045643
-420.670131901125
-420.670132780625
-420.670133687369
-420.670134624998
-420.670133543503
-420.670134545656
-420.670135563706
-420.670136588619
-420.670137615451
-420.670138644683
-420.670139680605
-420.670140727825
-420.670141787949
-420.670142858567
-420.670141452092
-420.670142536857
-420.670143619609
-420.670144701542
-420.670145785865
-420.670146875123
-420.670147968860
-420.670149063350
-420.670150153562
-420.670151236390
-420.670149450655
-420.670150535481
-420.670151627121
-420.670152730319
-420.670153844528
-420.670154964151
-420.670156081751
-420.670157192352
-420.670158295826
-420.670159395803
-420.670157559713
-420.670158666901
-420.670159767621
-420.670160854084
-420.670161921522
-420.670162972002
-420.670164013744
-420.670165056316
-420.670166104550
-420.670167155472
-420.670164920896
-420.670165959321
-420.670166981806
-420.670167994218
-420.670169006416
-420.670170025542
-420.670171051675
-420.670172078856
-420.670173101025
-420.670174118579
-420.670170792105
-420.670171838996
-420.670172913367
-420.670174014895
-420.670175133128
-420.670176253977
-420.670177368327
-420.670178476892
-420.670179587887
-420.670180709293
-420.670176434167
-420.670177573497
-420.670178699162
-420.670179801027
-420.670180878936
-420.670181941273
-420.670182996943
-420.670184046707
-420.670185079834
-420.670186079020
-420.670181658752
-420.670182566435
-420.670183433229
-420.670184273932
-420.670185098659
-420.670185907257
-420.670186691530
-420.670187443845
-420.670188165588
-420.670188869555
-420.670184620040
-420.670185347628
-420.670186094098
-420.670186853370
-420.670187617450
-420.670188385842
-420.670189169716
-420.670189987940
-420.670190857732
-420.670191786406
-420.670187064124
-420.670188100658
-420.670189175777
-420.670190292155
-420.670191459905
-420.670192689050
-420.670193981566
-420.670195328789
-420.670196715741
-420.670198129717
-420.670192226458
-420.670193699697
-420.670195208521
-420.670196755247
-420.670198332488
-420.670199925546
-420.670201519548
-420.670203106398
-420.670204686845
-420.670206266356
-420.670199794632
-420.670201382833
-420.670202959194
-420.670204512556
-420.670206037531
-420.670207537336
-420.670209020994
-420.670210496660
-420.670211965894
-420.670213422418
-420.670207966390
-420.670209377747
-420.670210759243
-420.670212117198
-420.670213459298
-420.670214788807
-420.670216102032
-420.670217390826
-420.670218647980
-420.670219872056
-420.670216186442
-420.670217368091
-420.670218531509
-420.670219672507
-420.670220780735
-420.670221845017
-420.670222859226
-420.670223824811
-420.670224748392
-420.670225636217
-420.670223132978
-420.670223953894
-420.670224726839
-420.670225447165
-420.670226117107
-420.670226744767
-420.670227339199
-420.670227904947
-420.670228439950
-420.670228938355
-420.670226609836
-420.670227040286
-420.670227444464
-420.670227836164
-420.670228225853
-420.670228616738
-420.670229005842
-420.670229389269
-420.670229768118
-420.670230150744
-420.670227044209
-420.670227481287
-420.670227950659
-420.670228450099
-420.670228974933
-420.670229523983
-420.670230102840
-420.670230721948
-420.670231391033
-420.670232113588
-420.670228209551
-420.670229032684
-420.670229891364
-420.670230786596
-420.670231725523
-420.670232716578
-420.670233763435
-420.670234862405
-420.670236004628
-420.670237181507
-420.670234045800
-420.670235295255
-420.670236580827
-420.670237902459
-420.670239253930
-420.670240624456
-420.670242003708
-420.670243386339
-420.670244772856
-420.670246166293
-420.670245324121
-420.670246734840
-420.670248137313
-420.670249520694
-420.670250877919
-420.670252207200
-420.670253509753
-420.670254785815
-420.670256031907
-420.670257241492
-420.670257799204
-420.670258928689
-420.670260015712
-420.670261065384
-420.670262081729
-420.670263065313
-420.670264013826
-420.670264925183
-420.670265800383
-420.670266644318
-420.670266826492
-420.670267635085
-420.670268426421
-420.670269200044
-420.670269955856
-420.670270696596
-420.670271427887
-420.670272156073
-420.670272885240
-420.670273616047
-420.670273525093
-420.670274264690
-420.670275005353
-420.670275750904
-420.670276504531
-420.670277265857
-420.670278030222
-420.670278790907
-420.670279542851
-420.670280285053
-420.670280394073
-420.670281134648
-420.670281871898
-420.670282602560
-420.670283321651
-420.670284025886
-420.670284716014
-420.670285395940
-420.670286069359
-420.670286736317
-420.670286428798
-420.670287076562
-420.670287702587
-420.670288308245
-420.670288900090
-420.670289486324
-420.670290072561
-420.670290659629
-420.670291244936
-420.670291826097
-420.670290728846
-420.670291317349
-420.670291911805
-420.670292514291
-420.670293122356
-420.670293730411
-420.670294333502
-420.670294930608
-420.670295525440
-420.670296123892
-420.670294450697
-420.670295075971
-420.670295706939
-420.670296339452
-420.670296971203
-420.670297603054
-420.670298237719
-420.670298877456
-420.670299522249
-420.670300170032
-420.670297831510
-420.670298491425
-420.670299155848
-420.670299830321
-420.670300520487
-420.670301230153
-420.670301960868
-420.670302712911
-420.670303486719
-420.670304283711
-420.670301499197
-420.670302358572
-420.670303244897
-420.670304156911
-420.670305092533
-420.670306049942
-420.670307028069
-420.670308026356
-420.670309044045
-420.670310079457
-420.670308065749
-420.670309136652
-420.670310213139
-420.670311289729
-420.670312360689
-420.670313420377
-420.670314463401
-420.670315484956
-420.670316481032
-420.670317448455
-420.670317035783
-420.670317949858
-420.670318831930
-420.670319683245
-420.670320505787
-420.670321301601
-420.670322072132
-420.670322818227
-420.670323540796
-420.670324242053
-420.670324686421
-420.670325369122
-420.670326049282
-420.670326734712
-420.670327432230
-420.670328147805
-420.670328887281
-420.670329657178
-420.670330464400
-420.670331314984
-420.670331217118
-420.670332171051
-420.670333171765
-420.670334218074
-420.670335310472
-420.670336451565
-420.670337644549
-420.670338891080
-420.670340189641
-420.670341535531
-420.670340124843
-420.670341555765
-420.670343017230
-420.670344505226
-420.670346015007
-420.670347540090
-420.670349072700
-420.670350605261
-420.670352132173
-420.670353650367
-420.670351589008
-420.670353094276
-420.670354584470
-420.670356054754
-420.670357499796
-420.670358915112
-420.670360297808
-420.670361646323
-420.670362959601
-420.670364236786
-420.670362996431
-420.670364210319
-420.670365389175
-420.670366534430
-420.670367646736
-420.670368725407
-420.670369769054
-420.670370776851
-420.670371749622
-420.670372689497
-420.670372766186
-420.670373655058
-420.670374511405
-420.670375332629
-420.670376117948
-420.670376869716
-420.670377592509
-420.670378290239
-420.670378963315
-420.670379608001
-420.670380544580
-420.670381129458
-420.670381680218
-420.670382203854
-420.670382707846
-420.670383195508
-420.670383664148
-420.670384107575
-420.670384521400
-420.670384907223
-420.670386545933
-420.670386909719
-420.670387268000
-420.670387618790
-420.670387955000
-420.670388270354
-420.670388565110
-420.670388847148
-420.670389127451
-420.670389413149
-420.670391277838
-420.670391571506
-420.670391851734
-420.670392115768
-420.670392369876
-420.670392625641
-420.670392892424
-420.670393171420
-420.670393455530
-420.670393735226
-420.670394514156
-420.670394790133
-420.670395073798
-420.670395376209
-420.670395701317
-420.670396044620
-420.670396398144
-420.670396757880
-420.670397128517
-420.670397521832
-420.670396629423
-420.670397107453
-420.670397622135
-420.670398164802
-420.670398729093
-420.670399316348
-420.670399935512
-420.670400597462
-420.670401308234
-420.670402065648
-420.670399954733
-420.670400791157
-420.670401655997
-420.670402552824
-420.670403486902
-420.670404459482
-420.670405464756
-420.670406491843
-420.670407530165
-420.670408574454
-420.670406243840
-420.670407315247
-420.670408399052
-420.670409490815
-420.670410580921
-420.670411658537
-420.670412715947
-420.670413750024
-420.670414760445
-420.670415746056
-420.670414412459
-420.670415341992
-420.670416228625
-420.670417068734
-420.670417862696
-420.670418613077
-420.670419321726
-420.670419987721
-420.670420607643
-420.670421177629
-420.670421815010
-420.670422291058
-420.670422718838
-420.670423101733
-420.670423442833
-420.670423745040
-420.670424012079
-420.670424248966
-420.670424461665
-420.670424655959
-420.670426988929
-420.670427169112
-420.670427344588
-420.670427521037
-420.670427705272
-420.670427904022
-420.670428122980
-420.670428366468
-420.670428638556
-420.670428944323
-420.670431188879
-420.670431590448
-420.670432043938
-420.670432550643
-420.670433108532
-420.670433714397
-420.670434366462
-420.670435065446
-420.670435813155
-420.670436609703
-420.670437543757
-420.670438431329
-420.670439346391
-420.670440281497
-420.670441232709
-420.670442198346
-420.670443175707
-420.670444158225
-420.670445135208
-420.670446094796
-420.670445839176
-420.670446751829
-420.670447634845
-420.670448489846
-420.670449315951
-420.670450108733
-420.670450862512
-420.670451574271
-420.670452246458
-420.670452886653
-420.670451871994
-420.670452483433
-420.670453082667
-420.670453670668
-420.670454249634
-420.670454826192
-420.670455411620
-420.670456019147
-420.670456660035
-420.670457341095
-420.670455634085
-420.670456411936
-420.670457237739
-420.670458117500
-420.670459058179
-420.670460064577
-420.670461137061
-420.670462271565
-420.670463461851
-420.670464702342
-420.670462671104
-420.670464013159
-420.670465397460
-420.670466818059
-420.670468265140
-420.670469726245
-420.670471188804
-420.670472642206
-420.670474078373
-420.670475490828
-420.670474135674
-420.670475489214
-420.670476795439
-420.670478045347
-420.670479231624
-420.670480349779
-420.670481397826
-420.670482375049
-420.670483280361
-420.670484111455
-420.670484217533
-420.670484900654
-420.670485504638
-420.670486033708
-420.670486495234
-420.670486897534
-420.670487247276
-420.670487547994
-420.670487800566
-420.670488005541
-420.670489203109
-420.670489333759
-420.670489434106
-420.670489511753
-420.670489571186
-420.670489613301
-420.670489637661
-420.670489645823
-420.670489643623
-420.670489640320
-420.670490299379
-420.670490326315
-420.670490364933
-420.670490409831
-420.670490456202
-420.670490504457
-420.670490561485
-420.670490637809
-420.670490742560
-420.670490879445
-420.670489822109
-420.670490025526
-420.670490255829
-420.670490518868
-420.670490824659
-420.670491182273
-420.670491595022
-420.670492059168
-420.670492567369
-420.670493114504
-420.670490826758
-420.670491470896
-420.670492172881
-420.670492938179
-420.670493764474
-420.670494643049
-420.670495563769
-420.670496520456
-420.670497512977
-420.670498544679
-420.670495710677
-420.670496827816
-420.670497972013
-420.670499131168
-420.670500296266
-420.670501464612
-420.670502638922
-420.670503823106
-420.670505017525
-420.670506216950
-420.670502507481
-420.670503697524
-420.670504871694
-420.670506032395
-420.670507185580
-420.670508336587
-420.670509486890
-420.670510633810
-420.670511773169
-420.670512903127
-420.670508616094
-420.670509746280
-420.670510884502
-420.670512035622
-420.670513199768
-420.670514373094
-420.670515551029
-420.670516731580
-420.670517916674
-420.670519110636
-420.670515423025
-420.670516647328
-420.670517877340
-420.670519104491
-420.670520321133
-420.670521523475
-420.670522711844
-420.670523887741
-420.670525049919
-420.670526191823
-420.670523282979
-420.670524359951
-420.670525388137
-420.670526367188
-420.670527301320
-420.670528194500
-420.670529046143
-420.670529850120
-420.670530598141
-420.670531285251
-420.670528505488
-420.670529093868
-420.670529643108
-420.670530159386
-420.670530641779
-420.670531084915
-420.670531485412
-420.670531847739
-420.670532185216
-420.670532515019
-420.670530056440
-420.670530409612
-420.670530766797
-420.670531120880
-420.670531470703
-420.670531824936
-420.670532198708
-420.670532605464
-420.670533049332
-420.670533523751
-420.670532034378
-420.670532547369
-420.670533075397
-420.670533630633
-420.670534225940
-420.670534865412
-420.670535540256
-420.670536233068
-420.670536927895
-420.670537619245
-420.670536900103
-420.670537618962
-420.670538361209
-420.670539122589
-420.670539888165
-420.670540640999
-420.670541372180
-420.670542085438
-420.670542792949
-420.670543505497
-420.670542756058
-420.670543478470
-420.670544179732
-420.670544849653
-420.670545490451
-420.670546115429
-420.670546740322
-420.670547373342
-420.670548010651
-420.670548640338
-420.670547097054
-420.670547698874
-420.670548292450
-420.670548894023
-420.670549515876
-420.670550159972
-420.670550818783
-420.670551482564
-420.670552147942
-420.670552821572
-420.670550632869
-420.670551370398
-420.670552144193
-420.670552947154
-420.670553767398
-420.670554596561
-420.670555435280
-420.670556292312
-420.670557177995
-420.670558096410
-420.670556296770
-420.670557264949
-420.670558233794
-420.670559196484
-420.670560154230
-420.670561112245
-420.670562072943
-420.670563031028
-420.670563974214
-420.670564888707
-420.670564155752
-420.670565004149
-420.670565821758
-420.670566614576
-420.670567382175
-420.670568116081
-420.670568803788
-420.670569435625
-420.670570010192
-420.670570534477
-420.670570615429
-420.670571073852
-420.670571498452
-420.670571882802
-420.670572220666
-420.670572512187
-420.670572766096
-420.670572996042
-420.670573213766
-420.670573423357
-420.670573626813
-420.670573813228
-420.670573977719
-420.670574126024
-420.670574270899
-420.670574425676
-420.670574597126
-420.670574782489
-420.670574972764
-420.670575160090
-420.670574727491
-420.670574925796
-420.670575141302
-420.670575381877
-420.670575646239
-420.670575924986
-420.670576207040
-420.670576487119
-420.670576769122
-420.670577063125
-420.670575681102
-420.670576027142
-420.670576387677
-420.670576751528
-420.670577111714
-420.670577470616
-420.670577839001
-420.670578229492
-420.670578648947
-420.670579095017
-420.670577395840
-420.670577878347
-420.670578369324
-420.670578875848
-420.670579408869
-420.670579976048
-420.670580577016
-420.670581204165
-420.670581848318
-420.670582505181
-420.670581066157
-420.670581773571
-420.670582512921
-420.670583284519
-420.670584080686
-420.670584889696
-420.670585701909
-420.670586513944
-420.670587328293
-420.670588148893
-420.670586734854
-420.670587572755
-420.670588400461
-420.670589208043
-420.670589990730
-420.670590749975
-420.670591490957
-420.670592217818
-420.670592930198
-420.670593622895
-420.670591844841
-420.670592489976
-420.670593103196
-420.670593688839
-420.670594252802
-420.670594799184
-420.670595328433
-420.670595838167
-420.670596326069
-420.670596792830
-420.670594748135
-420.670595201590
-420.670595655280
-420.670596113543
-420.670596575506
-420.670597036239
-420.670597490059
-420.670597934164
-420.670598370466
-420.670598804376
-420.670596670616
-420.670597122887
-420.670597577669
-420.670598029120
-420.670598472183
-420.670598906071
-420.670599334849
-420.670599764354
-420.670600197497
-420.670600630920
-420.670598491734
-420.670598908712
-420.670599302641
-420.670599677032
-420.670600042058
-420.670600408773
-420.670600782937
-420.670601162588
-420.670601540873
-420.670601912530
-420.670600247949
-420.670600629538
-420.670601027192
-420.670601448937
-420.670601894692
-420.670602357987
-420.670602832298
-420.670603317829
-420.670603823822
-420.670604364585
-420.670603250669
-420.670603895998
-420.670604582237
-420.670605297650
-420.670606034298
-420.670606792904
-420.670607581470
-420.670608408416
-420.670609275391
-420.670610174729
-420.670608681556
-420.670609617505
-420.670610557950
-420.670611507076
-420.670612471061
-420.670613450670
-420.670614437474
-420.670615416418
-420.670616372867
-420.670617299414
-420.670615295681
-420.670616182443
-420.670617052259
-420.670617902392
-420.670618723361
-420.670619504251
-420.670620239221
-420.670620930375
-420.670621585280
-420.670622211009
-420.670620918794
-420.670621493457
-420.670622028908
-420.670622522231
-420.670622978011
-420.670623407125
-420.670623821656
-420.670624229666
-420.670624633075
-420.670625030121
-420.670624509934
-420.670624905012
-420.670625306748
-420.670625726213
-420.670626171688
-420.670626646287
-420.670627149118
-420.670627679076
-420.670628238465
-420.670628834128
-420.670627592426
-420.670628294171
-420.670629051885
-420.670629863490
-420.670630724161
-420.670631629484
-420.670632577507
-420.670633568446
-420.670634602536
-420.670635677641
-420.670633094135
-420.670634241008
-420.670635407789
-420.670636588618
-420.670637780178
-420.670638980546
-420.670640186956
-420.670641393855
-420.670642592528
-420.670643772340
-420.670640619451
-420.670641742301
-420.670642824843
-420.670643865894
-420.670644865085
-420.670645821160
-420.670646731347
-420.670647592383
-420.670648402368
-420.670649162181
-420.670646031602
-420.670646711106
-420.670647352488
-420.670647956921
-420.670648523803
-420.670649053093
-420.670649547915
-420.670650015658
-420.670650466793
-420.670650911818
-420.670647556051
-420.670648015455
-420.670648480614
-420.670648952406
-420.670649433984
-420.670649931050
-420.670650449726
-420.670650993927
-420.670651563917
-420.670652157218
-420.670648615370
-420.670649257431
-420.670649923011
-420.670650615886
-420.670651337633
-420.670652085438
-420.670652852356
-420.670653629917
-420.670654411316
-420.670655193182
-420.670651942397
-420.670652730326
-420.670653515855
-420.670654294342
-420.670655059954
-420.670655808031
-420.670656536462
-420.670657245345
-420.670657934998
-420.670658604074
-420.670655619828
-420.670656242238
-420.670656832349
-420.670657389524
-420.670657916217
-420.670658416597
-420.670658894641
-420.670659353046
-420.670659793181
-420.670660216087
-420.670657158477
-420.670657559677
-420.670657950758
-420.670658334413
-420.670658712914
-420.670659088358
-420.670659463372
-420.670659841506
-420.670660227164
-420.670660625225
-420.670657071812
-420.670657516889
-420.670657988154
-420.670658489154
-420.670659022501
-420.670659589449
-420.670660190112
-420.670660824183
-420.670661492041
-420.670662195494
-420.670658161926
-420.670658954237
-420.670659790740
-420.670660671859
-420.670661596564
-420.670662563494
-420.670663571860
-420.670664621323
-420.670665710733
-420.670666836743
-420.670662868002
-420.670664055488
-420.670665258158
-420.670666471047
-420.670667692125
-420.670668920954
-420.670670156259
-420.670671394065
-420.670672627524
-420.670673848430
-420.670670573832
-420.670671758082
-420.670672913596
-420.670674036616
-420.670675121720
-420.670676161822
-420.670677149709
-420.670678080514
-420.670678953206
-420.670679770200
-420.670677527055
-420.670678250560
-420.670678924029
-420.670679544510
-420.670680108661
-420.670680614860
-420.670681064412
-420.670681460868
-420.670681808406
-420.670682110320
-420.670680326559
-420.670680552165
-420.670680739343
-420.670680893465
-420.670681021664
-420.670681131135
-420.670681227055
-420.670681311430
-420.670681383656
-420.670681442291
-420.670679351296
-420.670679395575
-420.670679434297
-420.670679473377
-420.670679517396
-420.670679568418
-420.670679626369
-420.670679690596
-420.670679761664
-420.670679841843
-420.670677285523
-420.670677402413
-420.670677531666
-420.670677669158
-420.670677810061
-420.670677951645
-420.670678095088
-420.670678244823
-420.670678405778
-420.670678580055
-420.670675851178
-420.670676053126
-420.670676254687
-420.670676453276
-420.670676650288
-420.670676849072
-420.670677051425
-420.670677255189
-420.670677454764
-420.670677644518
-420.670674748676
-420.670674929769
-420.670675110454
-420.670675296870
-420.670675490026
-420.670675685237
-420.670675875560
-420.670676057089
-420.670676232321
-420.670676409458
-420.670673100629
-420.670673314984
-420.670673544962
-420.670673786194
-420.670674036114
-420.670674298260
-420.670674582476
-420.670674900409
-420.670675259643
-420.670675660267
-420.670672119208
-420.670672594549
-420.670673100208
-420.670673643622
-420.670674235802
-420.670674884853
-420.670675590947
-420.670676346686
-420.670677142262
-420.670677972008
-420.670674471034
-420.670675387477
-420.670676352237
-420.670677363870
-420.670678412642
-420.670679484907
-420.670680569938
-420.670681664467
-420.670682771796
-420.670683896057
-420.670680363817
-420.670681516512
-420.670682659474
-420.670683779368
-420.670684870526
-420.670685935996
-420.670686982843
-420.670688015167
-420.670689029462
-420.670690015673
-420.670686319564
-420.670687230341
-420.670688100510
-420.670688939290
-420.670689755226
-420.670690550667
-420.670691320824
-420.670692058163
-420.670692759085
-420.670693428308
-420.670689594293
-420.670690246114
-420.670690901349
-420.670691560653
-420.670692218358
-420.670692868569
-420.670693511058
-420.670694153278
-420.670694807129
-420.670695482644
-420.670690918413
-420.670691646717
-420.670692387624
-420.670693136492
-420.670693895955
-420.670694674986
-420.670695483798
-420.670696327382
-420.670697202281
-420.670698098532
-420.670692250094
-420.670693172093
-420.670694104046
-420.670695054532
-420.670696030679
-420.670697032433
-420.670698051418
-420.670699075328
-420.670700094966
-420.670701109468
-420.670695033839
-420.670696071350
-420.670697125771
-420.670698193056
-420.670699261920
-420.670700320355
-420.670701363037
-420.670702394058
-420.670703423555
-420.670704460061
-420.670699636272
-420.670700686940
-420.670701722970
-420.670702736018
-420.670703727976
-420.670704710139
-420.670705696104
-420.670706693180
-420.670707697922
-420.670708698991
-420.670704955266
-420.670705931933
-420.670706898207
-420.670707867126
-420.670708848633
-420.670709843158
-420.670710841846
-420.670711833292
-420.670712812334
-420.670713784541
-420.670710137991
-420.670711145200
-420.670712176344
-420.670713224323
-420.670714275410
-420.670715318102
-420.670716349945
-420.670717377894
-420.670718412090
-420.670719457451
-420.670715932022
-420.670716986247
-420.670718021318
-420.670719031368
-420.670720019876
-420.670720995377
-420.670721963781
-420.670722922321
-420.670723859565
-420.670724761009
-420.670721868318
-420.670722686177
-420.670723463979
-420.670724209493
-420.670724925479
-420.670725607222
-420.670726245615
-420.670726833249
-420.670727369391
-420.670727860643
-420.670725538053
-420.670725975707
-420.670726387341
-420.670726768851
-420.670727114912
-420.670727423950
-420.670727700667
-420.670727954407
-420.670728195020
-420.670728428542
-420.670726421439
-420.670726648265
-420.670726862414
-420.670727064504
-420.670727259817
-420.670727456294
-420.670727660854
-420.670727876243
-420.670728100169
-420.670728327269
-420.670726758691
-420.670726991259
-420.670727224221
-420.670727463004
-420.670727711661
-420.670727969809
-420.670728232226
-420.670728491383
-420.670728741664
-420.670728982475
-420.670727725570
-420.670727972969
-420.670728225649
-420.670728481487
-420.670728733196
-420.670728972631
-420.670729195795
-420.670729405428
-420.670729609166
-420.670729814306
-420.670728488824
-420.670728704658
-420.670728909039
-420.670729094950
-420.670729262420
-420.670729418652
-420.670729573290
-420.670729731752
-420.670729891307
-420.670730042673
-420.670728878003
-420.670728998874
-420.670729101749
-420.670729195254
-420.670729285782
-420.670729371956
-420.670729444670
-420.670729492323
-420.670729508344
-420.670729495182
-420.670728806254
-420.670728774466
-420.670728737198
-420.670728689571
-420.670728621947
-420.670728527049
-420.670728405523
-420.670728265882
-420.670728119190
-420.670727972013
-420.670727090873
-420.670726944457
-420.670726783854
-420.670726610531
-420.670726434384
-420.670726269238
-420.670726125741
-420.670726006456
-420.670725906491
-420.670725819056
-420.670724003031
-420.670723952737
-420.670723928522
-420.670723939696
-420.670723989266
-420.670724073026
-420.670724183578
-420.670724316282
-420.670724472906
-420.670724660623
-420.670722284645
-420.670722561306
-420.670722874595
-420.670723215631
-420.670723576398
-420.670723954256
-420.670724352526
-420.670724777168
-420.670725231718
-420.670725714035
-420.670723349009
-420.670723871218
-420.670724400389
-420.670724936807
-420.670725484940
-420.670726049612
-420.670726632537
-420.670727231087
-420.670727840164
-420.670728455564
-420.670725979384
-420.670726615986
-420.670727266800
-420.670727935121
-420.670728620225
-420.670729317503
-420.670730020891
-420.670730726128
-420.670731433004
-420.670732145255
-420.670729064475
-420.670729807712
-420.670730564796
-420.670731331497
-420.670732101967
-420.670732871773
-420.670733639751
-420.670734407733
-420.670735177944
-420.670735950067
-420.670732372105
-420.670733139240
-420.670733890219
-420.670734622140
-420.670735337126
-420.670736040491
-420.670736736832
-420.670737426542
-420.670738105009
-420.670738765191
-420.670735402964
-420.670736024570
-420.670736627949
-420.670737219791
-420.670737804027
-420.670738379176
-420.670738939753
-420.670739480427
-420.670740000624
-420.670740506093
-420.670737554062
-420.670738067748
-420.670738588213
-420.670739112793
-420.670739636313
-420.670740156164
-420.670740675351
-420.670741201529
-420.670741742419
-420.670742300894
-420.670739362158
-420.670739951293
-420.670740539470
-420.670741126008
-420.670741717164
-420.670742322134
-420.670742947283
-420.670743591947
-420.670744248772
-420.670744908193
-420.670741911122
-420.670742574659
-420.670743238353
-420.670743905801
-420.670744575413
-420.670745239329
-420.670745887027
-420.670746510935
-420.670747110555
-420.670747692198
-420.670744736687
-420.670745313318
-420.670745880784
-420.670746429160
-420.670746947642
-420.670747430411
-420.670747879480
-420.670748302377
-420.670748706570
-420.670749094258
-420.670746188877
-420.670746535447
-420.670746848659
-420.670747130619
-420.670747390002
-420.670747637291
-420.670747878582
-420.670748112074
-420.670748329778
-420.670748523445
-420.670746242715
-420.670746397905
-420.670746544882
-420.670746694242
-420.670746849378
-420.670747005023
-420.670747151382
-420.670747281079
-420.670747394460
-420.670747499539
-420.670746072880
-420.670746196913
-420.670746327460
-420.670746456235
-420.670746574849
-420.670746681429
-420.670746782630
-420.670746889927
-420.670747012201
-420.670747150006
-420.670745491225
-420.670745640827
-420.670745779598
-420.670745910308
-420.670746044072
-420.670746193854
-420.670746367052
-420.670746562229
-420.670746772021
-420.670746990059
-420.670743745360
-420.670743998955
-420.670744280837
-420.670744597528
-420.670744946611
-420.670745318372
-420.670745702391
-420.670746094682
-420.670746500325
-420.670746929992
-420.670742410852
-420.670742918171
-420.670743452425
-420.670744002594
-420.670744560821
-420.670745126508
-420.670745704598
-420.670746299746
-420.670746910209
-420.670747526354
-420.670743317922
-420.670743918253
-420.670744498167
-420.670745063471
-420.670745622611
-420.670746180026
-420.670746732627
-420.670747271785
-420.670747789139
-420.670748282164
-420.670744831304
-420.670745302709
-420.670745768019
-420.670746226481
-420.670746672002
-420.670747098321
-420.670747504818
-420.670747898970
-420.670748293601
-420.670748700897
-420.670745267986
-420.670745720491
-420.670746184925
-420.670746657216
-420.670747138606
-420.670747635472
-420.670748155308
-420.670748701961
-420.670749273308
-420.670749862886
-420.670746037554
-420.670746656795
-420.670747288486
-420.670747937952
-420.670748608219
-420.670749296563
-420.670749994273
-420.670750689958
-420.670751374136
-420.670752042329
-420.670748529311
-420.670749177353
-420.670749813517
-420.670750434486
-420.670751033452
-420.670751603013
-420.670752138466
-420.670752639559
-420.670753109415
-420.670753551804
-420.670751187548
-420.670751585464
-420.670751953177
-420.670752289311
-420.670752596708
-420.670752882875
-420.670753157706
-420.670753429838
-420.670753703776
-420.670753979277
-420.670752477275
-420.670752759716
-420.670753042822
-420.670753333607
-420.670753640833
-420.670753971554
-420.670754328811
-420.670754711896
-420.670755118941
-420.670755549785
-420.670753681721
-420.670754180064
-420.670754711089
-420.670755272360
-420.670755856677
-420.670756454709
-420.670757058960
-420.670757666539
-420.670758278891
-420.670758898878
-420.670755532282
-420.670756174573
-420.670756813467
-420.670757440930
-420.670758051547
-420.670758643650
-420.670759217648
-420.670759773202
-420.670760306997
-420.670760813167
-420.670755920093
-420.670756366378
-420.670756778205
-420.670757160828
-420.670757519980
-420.670757858904
-420.670758177550
-420.670758474061
-420.670758747601
-420.670759000246
-420.670753631188
-420.670753869154
-420.670754102028
-420.670754331614
-420.670754557633
-420.670754779788
-420.670754999810
-420.670755222048
-420.670755452312
-420.670755695843
-420.670750888703
-420.670751176424
-420.670751480107
-420.670751799039
-420.670752133643
-420.670752485327
-420.670752855368
-420.670753243672
-420.670753648265
-420.670754065653
-420.670749627735
-420.670750072449
-420.670750523000
-420.670750979873
-420.670751443866
-420.670751914718
-420.670752390330
-420.670752866749
-420.670753339149
-420.670753803059
-420.670749408688
-420.670749860112
-420.670750298198
-420.670750722171
-420.670751130178
-420.670751519443
-420.670751887360
-420.670752232781
-420.670752556531
-420.670752860794
-420.670749186407
-420.670749467084
-420.670749727659
-420.670749964723
-420.670750176028
-420.670750362233
-420.670750527051
-420.670750675616
-420.670750812134
-420.670750938356
-420.670748358454
-420.670748474223
-420.670748578376
-420.670748673436
-420.670748763237
-420.670748851074
-420.670748938223
-420.670749024209
-420.670749108353
-420.670749191850
-420.670746781825
-420.670746890218
-420.670747011419
-420.670747147219
-420.670747296389
-420.670747456228
-420.670747624556
-420.670747801056
-420.670747986902
-420.670748183397
-420.670744526888
-420.670744757519
-420.670744996823
-420.670745245123
-420.670745504380
-420.670745777047
-420.670746064050
-420.670746363613
-420.670746671703
-420.670746983967
-420.670741904824
-420.670742232453
-420.670742562173
-420.670742894483
-420.670743228206
-420.670743561118
-420.670743891823
-420.670744221433
-420.670744553580
-420.670744892285
-420.670739453352
-420.670739819138
-420.670740186636
-420.670740551328
-420.670740911648
-420.670741269751
-420.670741629785
-420.670741994921
-420.670742365373
-420.670742738979
-420.670737661549
-420.670738052004
-420.670738449921
-420.670738861628
-420.670739291293
-420.670739738470
-420.670740198542
-420.670740665878
-420.670741137730
-420.670741615879
-420.670736715185
-420.670737234395
-420.670737771019
-420.670738323056
-420.670738887563
-420.670739463985
-420.670740055608
-420.670740667976
-420.670741305160
-420.670741966665
-420.670737370949
-420.670738076009
-420.670738787798
-420.670739506256
-420.670740235476
-420.670740980228
-420.670741742358
-420.670742519528
-420.670743307130
-420.670744101712
-420.670740569066
-420.670741390677
-420.670742223945
-420.670743067226
-420.670743914162
-420.670744756036
-420.670745586066
-420.670746402496
-420.670747208458
-420.670748008682
-420.670745440158
-420.670746238997
-420.670747024647
-420.670747790258
-420.670748532167
-420.670749250719
-420.670749947995
-420.670750624330
-420.670751276249
-420.670751897529
-420.670749804118
-420.670750360473
-420.670750883349
-420.670751379640
-420.670751854901
-420.670752310090
-420.670752741412
-420.670753143243
-420.670753512292
-420.670753850033
-420.670752129178
-420.670752431626
-420.670752720009
-420.670752995394
-420.670753256847
-420.670753504565
-420.670753742232
-420.670753976918
-420.670754216327
-420.670754465369
-420.670752513386
-420.670752787718
-420.670753065425
-420.670753346085
-420.670753633535
-420.670753934385
-420.670754254673
-420.670754596950
-420.670754959552
-420.670755338459
-420.670752182041
-420.670752593936
-420.670753019737
-420.670753461558
-420.670753919218
-420.670754388807
-420.670754863851
-420.670755338006
-420.670755807651
-420.670756272766
-420.670751656515
-420.670752125775
-420.670752591238
-420.670753047384
-420.670753487597
-420.670753907218
-420.670754305433
-420.670754684729
-420.670755048299
-420.670755397034
-420.670750178633
-420.670750496521
-420.670750787096
-420.670751049257
-420.670751286169
-420.670751503423
-420.670751705959
-420.670751895639
-420.670752071336
-420.670752231293
-420.670747479378
-420.670747625399
-420.670747767835
-420.670747912634
-420.670748061799
-420.670748212777
-420.670748360781
-420.670748502767
-420.670748640401
-420.670748780054
-420.670744697692
-420.670744876786
-420.670745073145
-420.670745283947
-420.670745505432
-420.670745736307
-420.670745978888
-420.670746237325
-420.670746514234
-420.670746808164
-420.670742915310
-420.670743240333
-420.670743569571
-420.670743906239
-420.670744257533
-420.670744630664
-420.670745028920
-420.670745450167
-420.670745888969
-420.670746340423
-420.670742254318
-420.670742743343
-420.670743251875
-420.670743783116
-420.670744336524
-420.670744908720
-420.670745496527
-420.670746100051
-420.670746723418
-420.670747372555
-420.670742818905
-420.670743537754
-420.670744280494
-420.670745040058
-420.670745811280
-420.670746593187
-420.670747388228
-420.670748199304
-420.670749026403
-420.670749865333
-420.670744627048
-420.670745480054
-420.670746328332
-420.670747172028
-420.670748012457
-420.670748848950
-420.670749676955
-420.670750488666
-420.670751275958
-420.670752033687
-420.670746419101
-420.670747128993
-420.670747813429
-420.670748471877
-420.670749100091
-420.670749692015
-420.670750243031
-420.670750752486
-420.670751223763
-420.670751661723
-420.670746364526
-420.670746751616
-420.670747103746
-420.670747416977
-420.670747690800
-420.670747929551
-420.670748140888
-420.670748332198
-420.670748507161
-420.670748664773
-420.670743993227
-420.670744118094
-420.670744221484
-420.670744309378
-420.670744389249
-420.670744466174
-420.670744540606
-420.670744609237
-420.670744668644
-420.670744719205
-420.670740270647
-420.670740336178
-420.670740414948
-420.670740509321
-420.670740615648
-420.670740727214
-420.670740839140
-420.670740951944
-420.670741071597
-420.670741206053
-420.670736434765
-420.670736621312
-420.670736823409
-420.670737036486
-420.670737259710
-420.670737497337
-420.670737756001
-420.670738040141
-420.670738348460
-420.670738673942
-420.670733572384
-420.670733920134
-420.670734271333
-420.670734631958
-420.670735008752
-420.670735404397
-420.670735815257
-420.670736233265
-420.670736650236
-420.670737062091
-420.670732214074
-420.670732631195
-420.670733048116
-420.670733461341
-420.670733863380
-420.670734246572
-420.670734607093
-420.670734946755
-420.670735271032
-420.670735584855
-420.670731036787
-420.670731337781
-420.670731617362
-420.670731870471
-420.670732097172
-420.670732302754
-420.670732494651
-420.670732678434
-420.670732855479
-420.670733023867
-420.670728009630
-420.670728170189
-420.670728326691
-420.670728487179
-420.670728658779
-420.670728844945
-420.670729045115
-420.670729257190
-420.670729481024
-420.670729720595
-420.670724204514
-420.670724510308
-420.670724851216
-420.670725226308
-420.670725630764
-420.670726059107
-420.670726508923
-420.670726982062
-420.670727483232
-420.670728016365
-420.670722727452
-420.670723330597
-420.670723953997
-420.670724591573
-420.670725240742
-420.670725902440
-420.670726578426
-420.670727267885
-420.670727965666
-420.670728663538
-420.670723750738
-420.670724439489
-420.670725119806
-420.670725797628
-420.670726478150
-420.670727161998
-420.670727844482
-420.670728518361
-420.670729178368
-420.670729824679
-420.670724524257
-420.670725171941
-420.670725825418
-420.670726485901
-420.670727150936
-420.670727818253
-420.670728489466
-420.670729171230
-420.670729872566
-420.670730600358
-420.670724243880
-420.670725033879
-420.670725840992
-420.670726662130
-420.670727500186
-420.670728362941
-420.670729258543
-420.670730190612
-420.670731156188
-420.670732147688
-420.670724756037
-420.670725793253
-420.670726845641
-420.670727915763
-420.670729003808
-420.670730105025
-420.670731210688
-420.670732312091
-420.670733404431
-420.670734488283
-420.670726232242
-420.670727321678
-420.670728405373
-420.670729475209
-420.670730520963
-420.670731534890
-420.670732514550
-420.670733462398
-420.670734382486
-420.670735276858
-420.670726503940
-420.670727351624
-420.670728164888
-420.670728944133
-420.670729693294
-420.670730417481
-420.670731119858
-420.670731799825
-420.670732454024
-420.670733079099
-420.670724707272
-420.670725287618
-420.670725848195
-420.670726394972
-420.670726931351
-420.670727457600
-420.670727972155
-420.670728473819
-420.670728963329
-420.670729443082
-420.670722558871
-420.670723036389
-420.670723507574
-420.670723970341
-420.670724422776
-420.670724864512
-420.670725297154
-420.670725723573
-420.670726146597
-420.670726567879
-420.670721416568
-420.670721844396
-420.670722268579
-420.670722688714
-420.670723105512
-420.670723520533
-420.670723935613
-420.670724352185
-420.670724770934
-420.670725191963
-420.670720427316
-420.670720865338
-420.670721309158
-420.670721762070
-420.670722227475
-420.670722707589
-420.670723202621
-420.670723710850
-420.670724229547
-420.670724756479
-420.670718753640
-420.670719307653
-420.670719871257
-420.670720444848
-420.670721027051
-420.670721615066
-420.670722205769
-420.670722797023
-420.670723388189
-420.670723979335
-420.670716859091
-420.670717457486
-420.670718047296
-420.670718622605
-420.670719178615
-420.670719713272
-420.670720227517
-420.670720723968
-420.670721204937
-420.670721670841
-420.670714737505
-420.670715178819
-420.670715599053
-420.670715998517
-420.670716379687
-420.670716745952
-420.670717100092
-420.670717443335
-420.670717775660
-420.670718097174
-420.670712185215
-420.670712503830
-420.670712822894
-420.670713147517
-420.670713480542
-420.670713821754
-420.670714168579
-420.670714518179
-420.670714869444
-420.670715223771
-420.670710142328
-420.670710522962
-420.670710912762
-420.670711308748
-420.670711705745
-420.670712098634
-420.670712484243
-420.670712861815
-420.670713231606
-420.670713592728
-420.670709228429
-420.670709570629
-420.670709889372
-420.670710181276
-420.670710446489
-420.670710687681
-420.670710907578
-420.670711106581
-420.670711282115
-420.670711430315
-420.670708230974
-420.670708332533
-420.670708412046
-420.670708477250
-420.670708534937
-420.670708589203
-420.670708641859
-420.670708694608
-420.670708751304
-420.670708818538
-420.670706350008
-420.670706470972
-420.670706620486
-420.670706799531
-420.670707008665
-420.670707250379
-420.670707529932
-420.670707853951
-420.670708227507
-420.670708651771
-420.670705471818
-420.670705995395
-420.670706556057
-420.670707150598
-420.670707777292
-420.670708433842
-420.670709115556
-420.670709815074
-420.670710523966
-420.670711235001
-420.670706696344
-420.670707407231
-420.670708108703
-420.670708794272
-420.670709454388
-420.670710078268
-420.670710656814
-420.670711184660
-420.670711660088
-420.670712083000
-420.670707307653
-420.670707628851
-420.670707890826
-420.670708091810
-420.670708233210
-420.670708319468
-420.670708356099
-420.670708347375
-420.670708295220
-420.670708200310
-420.670704312313
-420.670704149322
-420.670703958363
-420.670703749221
-420.670703530819
-420.670703309541
-420.670703089442
-420.670702873995
-420.670702667832
-420.670702477475
-420.670699199760
-420.670699072358
-420.670698977268
-420.670698914946
-420.670698884513
-420.670698885499
-420.670698918878
-420.670698986638
-420.670699090475
-420.670699230531
-420.670695717776
-420.670695935582
-420.670696182597
-420.670696456943
-420.670696757216
-420.670697081678
-420.670697427282
-420.670697789549
-420.670698163295
-420.670698543613
-420.670694250326
-420.670694645982
-420.670695042126
-420.670695439008
-420.670695837187
-420.670696237151
-420.670696639174
-420.670697042948
-420.670697447551
-420.670697851419
-420.670692728077
-420.670693136546
-420.670693539854
-420.670693937824
-420.670694331082
-420.670694720790
-420.670695108654
-420.670695496785
-420.670695887595
-420.670696283127
-420.670690756418
-420.670691173809
-420.670691591776
-420.670692005078
-420.670692408378
-420.670692797848
-420.670693171949
-420.670693531006
-420.670693875955
-420.670694207049
-420.670689130630
-420.670689442912
-420.670689736930
-420.670690011294
-420.670690264645
-420.670690494664
-420.670690697473
-420.670690868124
-420.670691002223
-420.670691097917
-420.670687094118
-420.670687133919
-420.670687148316
-420.670687142346
-420.670687118544
-420.670687077038
-420.670687017148
-420.670686938927
-420.670686844022
-420.670686735076
-420.670683464282
-420.670683345067
-420.670683217256
-420.670683082824
-420.670682945663
-420.670682811833
-420.670682688401
-420.670682581200
-420.670682493130
-420.670682423582
-420.670679211304
-420.670679178635
-420.670679155971
-420.670679143471
-420.670679142853
-420.670679156066
-420.670679184250
-420.670679227520
-420.670679285546
-420.670679358454
-420.670676573178
-420.670676687248
-420.670676818514
-420.670676965444
-420.670677124484
-420.670677290961
-420.670677460681
-420.670677631512
-420.670677804118
-420.670677981404
-420.670676003499
-420.670676209213
-420.670676428038
-420.670676659880
-420.670676903952
-420.670677159716
-420.670677427266
-420.670677706850
-420.670677997969
-420.670678298741
-420.670675984445
-420.670676304607
-420.670676627921
-420.670676956093
-420.670677292911
-420.670677642396
-420.670678006665
-420.670678384538
-420.670678771826
-420.670679162897
-420.670675423624
-420.670675817938
-420.670676204918
-420.670676582443
-420.670676947679
-420.670677297161
-420.670677628008
-420.670677939344
-420.670678232730
-420.670678511154
-420.670674231192
-420.670674494076
-420.670674739364
-420.670674960875
-420.670675152760
-420.670675311814
-420.670675438144
-420.670675534403
-420.670675603917
-420.670675649458
-420.670672373508
-420.670672387802
-420.670672385494
-420.670672370821
-420.670672347786
-420.670672318688
-420.670672283158
-420.670672238784
-420.670672182947
-420.670672114894
-420.670669528146
-420.670669454305
-420.670669380836
-420.670669312288
-420.670669251247
-420.670669198389
-420.670669153474
-420.670669116038
-420.670669085740
-420.670669061857
-420.670665872853
-420.670665865548
-420.670665858526
-420.670665850125
-420.670665839960
-420.670665828837
-420.670665818039
-420.670665808460
-420.670665799965
-420.670665791350
-420.670662021464
-420.670662015940
-420.670662003914
-420.670661983876
-420.670661955074
-420.670661917735
-420.670661872741
-420.670661821336
-420.670661764493
-420.670661702541
-420.670658302128
-420.670658240203
-420.670658173437
-420.670658103349
-420.670658032115
-420.670657961699
-420.670657893264
-420.670657827061
-420.670657763093
-420.670657702069
-420.670654755308
-420.670654717524
-420.670654689143
-420.670654670710
-420.670654661149
-420.670654658740
-420.670654662612
-420.670654673919
-420.670654695506
-420.670654730569
-420.670651652779
-420.670651727856
-420.670651814556
-420.670651909905
-420.670652012285
-420.670652121958
-420.670652240205
-420.670652367769
-420.670652503892
-420.670652646467
-420.670649471791
-420.670649632171
-420.670649797786
-420.670649970873
-420.670650152733
-420.670650342438
-420.670650536983
-420.670650732766
-420.670650927645
-420.670651121929
-420.670648011642
-420.670648220999
-420.670648435768
-420.670648655332
-420.670648878077
-420.670649102867
-420.670649330020
-420.670649560942
-420.670649796909
-420.670650037709
-420.670646615772
-420.670646869418
-420.670647122150
-420.670647374645
-420.670647629301
-420.670647888771
-420.670648154106
-420.670648424034
-420.670648695557
-420.670648965660
-420.670645401491
-420.670645674990
-420.670645946347
-420.670646215746
-420.670646481807
-420.670646742085
-420.670646994334
-420.670647237824
-420.670647473576
-420.670647703296
-420.670644731399
-420.670644959109
-420.670645176877
-420.670645380925
-420.670645568821
-420.670645740493
-420.670645897864
-420.670646043328
-420.670646178102
-420.670646301708
-420.670643390408
-420.670643498352
-420.670643593506
-420.670643678394
-420.670643756159
-420.670643828811
-420.670643896292
-420.670643957003
-420.670644009235
-420.670644053198
-420.670639960847
-420.670640008687
-420.670640059987
-420.670640117343
-420.670640180967
-420.670640249654
-420.670640322591
-420.670640400934
-420.670640487738
-420.670640586392
-420.670635451314
-420.670635586070
-420.670635730540
-420.670635881598
-420.670636038243
-420.670636202462
-420.670636378054
-420.670636568177
-420.670636773099
-420.670636989646
-420.670632390337
-420.670632625212
-420.670632860439
-420.670633096661
-420.670633335153
-420.670633575245
-420.670633813276
-420.670634043575
-420.670634261192
-420.670634464315
-420.670631199566
-420.670631391384
-420.670631576005
-420.670631751393
-420.670631911759
-420.670632050037
-420.670632161347
-420.670632244946
-420.670632303642
-420.670632341092
-420.670629325667
-420.670629333897
-420.670629318073
-420.670629276630
-420.670629211412
-420.670629127485
-420.670629030496
-420.670628923461
-420.670628805291
-420.670628672005
-420.670624802805
-420.670624644637
-420.670624472685
-420.670624294622
-420.670624117723
-420.670623946150
-420.670623780557
-420.670623620018
-420.670623464777
-420.670623317652
-420.670618564100
-420.670618458588
-420.670618370532
-420.670618297551
-420.670618235860
-420.670618183083
-420.670618140120
-420.670618110914
-420.670618100122
-420.670618110355
-420.670612901342
-420.670612960287
-420.670613031083
-420.670613110418
-420.670613196811
-420.670613289637
-420.670613387365
-420.670613486568
-420.670613582370
-420.670613670062
-420.670608427074
-420.670608505841
-420.670608574605
-420.670608634437
-420.670608684955
-420.670608724088
-420.670608749048
-420.670608757623
-420.670608748964
-420.670608723360
-420.670603895368
-420.670603852584
-420.670603793381
-420.670603717431
-420.670603625513
-420.670603520129
-420.670603405253
-420.670603285389
-420.670603164725
-420.670603046379
-420.670598808757
-420.670598717675
-420.670598634337
-420.670598560171
-420.670598496367
-420.670598443649
-420.670598402318
-420.670598372543
-420.670598354933
-420.670598350860
-420.670594332790
-420.670594378604
-420.670594444326
-420.670594530702
-420.670594636953
-420.670594760734
-420.670594898658
-420.670595046795
-420.670595201234
-420.670595358428
-420.670591401000
-420.670591569390
-420.670591733028
-420.670591890625
-420.670592041538
-420.670592185585
-420.670592322672
-420.670592452093
-420.670592572041
-420.670592679420
-420.670589152143
-420.670589234217
-420.670589293287
-420.670589328485
-420.670589340671
-420.670589331671
-420.670589303610
-420.670589258397
-420.670589197861
-420.670589123857
-420.670585730942
-420.670585646801
-420.670585554524
-420.670585454223
-420.670585345098
-420.670585226502
-420.670585099097
-420.670584965520
-420.670584829904
-420.670584696719
-420.670580331864
-420.670580223636
-420.670580122996
-420.670580029852
-420.670579944660
-420.670579868588
-420.670579802701
-420.670579747159
-420.670579700845
-420.670579662343
-420.670574418931
-420.670574409931
-420.670574412762
-420.670574430486
-420.670574464447
-420.670574513363
-420.670574573957
-420.670574642898
-420.670574718439
-420.670574801166
-420.670570197156
-420.670570312520
-420.670570438129
-420.670570572209
-420.670570712936
-420.670570859948
-420.670571014857
-420.670571180266
-420.670571357750
-420.670571546385
-420.670568337334
-420.670568549823
-420.670568763493
-420.670568978646
-420.670569197820
-420.670569423842
-420.670569657756
-420.670569897982
-420.670570141227
-420.670570384510
-420.670567837826
-420.670568091751
-420.670568346783
-420.670568603094
-420.670568858642
-420.670569109745
-420.670569352683
-420.670569585358
-420.670569807725
-420.670570020868
-420.670567704996
-420.670567910352
-420.670568102394
-420.670568277377
-420.670568432463
-420.670568566611
-420.670568680342
-420.670568774579
-420.670568849427
-420.670568903631
-420.670567478534
-420.670567494342
-420.670567483476
-420.670567445494
-420.670567380652
-420.670567289317
-420.670567171587
-420.670567027261
-420.670566856182
-420.670566658576
-420.670566341273
-420.670566102962
-420.670565842064
-420.670565560183
-420.670565258537
-420.670564937724
-420.670564597759
-420.670564238286
-420.670563859220
-420.670563461165
-420.670563634532
-420.670563213216
-420.670562778966
-420.670562333476
-420.670561877643
-420.670561411868
-420.670560936860
-420.670560454175
-420.670559966134
-420.670559475105
-420.670559651152
-420.670559166548
-420.670558679905
-420.670558190682
-420.670557699640
-420.670557209156
-420.670556722629
-420.670556243352
-420.670555773620
-420.670555314764
-420.670555243343
-420.670554821296
-420.670554417602
-420.670554036571
-420.670553681868
-420.670553355327
-420.670553057093
-420.670552786596
-420.670552544188
-420.670552331977
-420.670551454214
-420.670551325201
-420.670551236135
-420.670551187733
-420.670551179624
-420.670551211596
-420.670551284292
-420.670551398767
-420.670551555228
-420.670551751673
-420.670549762484
-420.670550037006
-420.670550334860
-420.670550651662
-420.670550984628
-420.670551331569
-420.670551689231
-420.670552052529
-420.670552414970
-420.670552770007
-420.670550538748
-420.670550877897
-420.670551196882
-420.670551491319
-420.670551755064
-420.670551980746
-420.670552161272
-420.670552291488
-420.670552368849
-420.670552392832
-420.670550863801
-420.670550793903
-420.670550668965
-420.670550487977
-420.670550251346
-420.670549961497
-420.670549622277
-420.670549237576
-420.670548810099
-420.670548340983
-420.670547528239
-420.670546990978
-420.670546416958
-420.670545811201
-420.670545179621
-420.670544527811
-420.670543860241
-420.670543180430
-420.670542491612
-420.670541797575
-420.670541032605
-420.670540352379
-420.670539677621
-420.670539009019
-420.670538345724
-420.670537686529
-420.670537031199
-420.670536381068
-420.670535738775
-420.670535107134
-420.670533629530
-420.670533034636
-420.670532452513
-420.670531882807
-420.670531325935
-420.670530783137
-420.670530256021
-420.670529745635
-420.670529252172
-420.670528775346
-420.670526597442
-420.670526166670
-420.670525757815
-420.670525375160
-420.670525022631
-420.670524702659
-420.670524415933
-420.670524162350
-420.670523942351
-420.670523757985
-420.670521240741
-420.670521148905
-420.670521103177
-420.670521104226
-420.670521150611
-420.670521240001
-420.670521370465
-420.670521541133
-420.670521751533
-420.670522000252
-420.670518883082
-420.670519205711
-420.670519551974
-420.670519917429
-420.670520300026
-420.670520699611
-420.670521115765
-420.670521545691
-420.670521983047
-420.670522418834
-420.670518530930
-420.670518946797
-420.670519340535
-420.670519710397
-420.670520055079
-420.670520372164
-420.670520658147
-420.670520909939
-420.670521126695
-420.670521310477
-420.670517330825
-420.670517467475
-420.670517577278
-420.670517656516
-420.670517700062
-420.670517704451
-420.670517670090
-420.670517601504
-420.670517505194
-420.670517386879
-420.670513719639
-420.670513574490
-420.670513412565
-420.670513236224
-420.670513049680
-420.670512857309
-420.670512661240
-420.670512460011
-420.670512249291
-420.670512024698
-420.670508409247
-420.670508167798
-420.670507918980
-420.670507667961
-420.670507417002
-420.670507164753
-420.670506907976
-420.670506644072
-420.670506373042
-420.670506096894
-420.670502498591
-420.670502228308
-420.670501950814
-420.670501661163
-420.670501356133
-420.670501036574
-420.670500707276
-420.670500374529
-420.670500042715
-420.670499712193
-420.670496745544
-420.670496420667
-420.670496088831
-420.670495752138
-420.670495414788
-420.670495080185
-420.670494748664
-420.670494417283
-420.670494082245
-420.670493741988
-420.670491947259
-420.670491618914
-420.670491298578
-420.670490988310
-420.670490685511
-420.670490384482
-420.670490079839
-420.670489769494
-420.670489455346
-420.670489141367
-420.670487752337
-420.670487454245
-420.670487155301
-420.670486851636
-420.670486541789
-420.670486227971
-420.670485914924
-420.670485606762
-420.670485304420
-420.670485005007
-420.670482806749
-420.670482509852
-420.670482208882
-420.670481908613
-420.670481615496
-420.670481334586
-420.670481067666
-420.670480813695
-420.670480571050
-420.670480339867
-420.670476923123
-420.670476734213
-420.670476567185
-420.670476422586
-420.670476298215
-420.670476190923
-420.670476099091
-420.670476024016
-420.670475969327
-420.670475938803
-420.670471700112
-420.670471730055
-420.670471780945
-420.670471848924
-420.670471931583
-420.670472028306
-420.670472139232
-420.670472263652
-420.670472399182
-420.670472542209
-420.670467998649
-420.670468157741
-420.670468319454
-420.670468485263
-420.670468656369
-420.670468832507
-420.670469011978
-420.670469192641
-420.670469373127
-420.670469553489
-420.670464701105
-420.670464893496
-420.670465088495
-420.670465285797
-420.670465485012
-420.670465686696
-420.670465892751
-420.670466106038
-420.670466329445
-420.670466564933
-420.670461463959
-420.670461733671
-420.670462015923
-420.670462310786
-420.670462618487
-420.670462938897
-420.670463271094
-420.670463613377
-420.670463963792
-420.670464320787
-420.670459255792
-420.670459632352
-420.670460013687
-420.670460398573
-420.670460784962
-420.670461170102
-420.670461551000
-420.670461924639
-420.670462287961
-420.670462637763
-420.670457469804
-420.670457791362
-420.670458090670
-420.670458366459
-420.670458618388
-420.670458846568
-420.670459050957
-420.670459231147
-420.670459386608
-420.670459517267
-420.670454114456
-420.670454206891
-420.670454277665
-420.670454327518
-420.670454356703
-420.670454365701
-420.670454355994
-420.670454330676
-420.670454294134
-420.670454250902
-420.670449257306
-420.670449218731
-420.670449179791
-420.670449141379
-420.670449105465
-420.670449075216
-420.670449054282
-420.670449045299
-420.670449049181
-420.670449065257
-420.670444864052
-420.670444911121
-420.670444971275
-420.670445047608
-420.670445142962
-420.670445258521
-420.670445393356
-420.670445545349
-420.670445712749
-420.670445895451
-420.670441567360
-420.670441795363
-420.670442044539
-420.670442314557
-420.670442603370
-420.670442908618
-420.670443229234
-420.670443566291
-420.670443922565
-420.670444300998
-420.670439033719
-420.670439468266
-420.670439924232
-420.670440399751
-420.670440894300
-420.670441408967
-420.670441945535
-420.670442504989
-420.670443086300
-420.670443686451
-420.670438243027
-420.670438878896
-420.670439524353
-420.670440178993
-420.670440842714
-420.670441514228
-420.670442190315
-420.670442866097
-420.670443536228
-420.670444196219
-420.670439391348
-420.670440032433
-420.670440656194
-420.670441259485
-420.670441837897
-420.670442386511
-420.670442901190
-420.670443379625
-420.670443821385
-420.670444227144
-420.670439451447
-420.670439795268
-420.670440102412
-420.670440371958
-420.670440603988
-420.670440800113
-420.670440963195
-420.670441096430
-420.670441202637
-420.670441283892
-420.670435872210
-420.670435918113
-420.670435946512
-420.670435961652
-420.670435968081
-420.670435969796
-420.670435969846
-420.670435970286
-420.670435972717
-420.670435978649
-420.670430434488
-420.670430459828
-420.670430492040
-420.670430530907
-420.670430575584
-420.670430624963
-420.670430678078
-420.670430734100
-420.670430792166
-420.670430851115
-420.670425959237
-420.670426023020
-420.670426082478
-420.670426135962
-420.670426181822
-420.670426218261
-420.670426243288
-420.670426254983
-420.670426252031
-420.670426234169
-420.670421778044
-420.670421742874
-420.670421697558
-420.670421644030
-420.670421584093
-420.670421519828
-420.670421453933
-420.670421389793
-420.670421331041
-420.670421280835
-420.670416586310
-420.670416569994
-420.670416568272
-420.670416583730
-420.670416619906
-420.670416680646
-420.670416769179
-420.670416887253
-420.670417035015
-420.670417211615
-420.670412038219
-420.670412281662
-420.670412552330
-420.670412849239
-420.670413169997
-420.670413510613
-420.670413866196
-420.670414232029
-420.670414604337
-420.670414980284
-420.670409554472
-420.670409940347
-420.670410318549
-420.670410683409
-420.670411029642
-420.670411353497
-420.670411652932
-420.670411927051
-420.670412174793
-420.670412394230
-420.670407297160
-420.670407461957
-420.670407590849
-420.670407684069
-420.670407743560
-420.670407772200
-420.670407772712
-420.670407747393
-420.670407698371
-420.670407628346
-420.670403245860
-420.670403156402
-420.670403059737
-420.670402959960
-420.670402859687
-420.670402760150
-420.670402662118
-420.670402566969
-420.670402477287
-420.670402396730
-420.670398469180
-420.670398428210
-420.670398405961
-420.670398403314
-420.670398420068
-420.670398455491
-420.670398508400
-420.670398577229
-420.670398659744
-420.670398753113
-420.670394812653
-420.670394927733
-420.670395044248
-420.670395160385
-420.670395275197
-420.670395388222
-420.670395498889
-420.670395605856
-420.670395706735
-420.670395798100
-420.670391541403
-420.670391612032
-420.670391662269
-420.670391690219
-420.670391695246
-420.670391677579
-420.670391637945
-420.670391577209
-420.670391496277
-420.670391396276
-420.670386634822
-420.670386512316
-420.670386375331
-420.670386224669
-420.670386060208
-420.670385881065
-420.670385686346
-420.670385476005
-420.670385251571
-420.670385016138
-420.670379847721
-420.670379614392
-420.670379380591
-420.670379147613
-420.670378915777
-420.670378685145
-420.670378456154
-420.670378229623
-420.670378006254
-420.670377786042
-420.670372353755
-420.670372148971
-420.670371945060
-420.670371743385
-420.670371547057
-420.670371360025
-420.670371185560
-420.670371025055
-420.670370877709
-420.670370741382
-420.670365157972
-420.670365049666
-420.670364949936
-420.670364860169
-420.670364781607
-420.670364714841
-420.670364660260
-420.670364618913
-420.670364593264
-420.670364587002
-420.670359132243
-420.670359184442
-420.670359261597
-420.670359361233
-420.670359480285
-420.670359616875
-420.670359771412
-420.670359946387
-420.670360144919
-420.670360369524
-420.670355303130
-420.670355591480
-420.670355907986
-420.670356254060
-420.670356631527
-420.670357041359
-420.670357482556
-420.670357951956
-420.670358445476
-420.670358960027
-420.670353519206
-420.670354085208
-420.670354676809
-420.670355296359
-420.670355944019
-420.670356617961
-420.670357315464
-420.670358034549
-420.670358774414
-420.670359534715
-420.670352190629
-420.670352995644
-420.670353812577
-420.670354637219
-420.670355467225
-420.670356302766
-420.670357145567
-420.670357997045
-420.670358856544
-420.670359720863
-420.670350477100
-420.670351348067
-420.670352212534
-420.670353069719
-420.670353919341
-420.670354760170
-420.670355589313
-420.670356402903
-420.670357197594
-420.670357971873
-420.670348220656
-420.670348967941
-420.670349697678
-420.670350409324
-420.670351100994
-420.670351770572
-420.670352416978
-420.670353040739
-420.670353643417
-420.670354226650
-420.670344822051
-420.670345380021
-420.670345918669
-420.670346438313
-420.670346940716
-420.670347429013
-420.670347907045
-420.670348378347
-420.670348845778
-420.670349311376
-420.670340046552
-420.670340525665
-420.670341007511
-420.670341493803
-420.670341986238
-420.670342486534
-420.670342996401
-420.670343517533
-420.670344051617
-420.670344600287
-420.670335117830
-420.670335712084
-420.670336325864
-420.670336960455
-420.670337616403
-420.670338293008
-420.670338988545
-420.670339700735
-420.670340427719
-420.670341168769
-420.670331665892
-420.670332446862
-420.670333242853
-420.670334052488
-420.670334873251
-420.670335702403
-420.670336538274
-420.670337380460
-420.670338229315
-420.670339084606
-420.670329784460
-420.670330655420
-420.670331524042
-420.670332387856
-420.670333246453
-420.670334100802
-420.670334951861
-420.670335798890
-420.670336639168
-420.670337469008
-420.670328055217
-420.670328867813
-420.670329668889
-420.670330460909
-420.670331244794
-420.670332018764
-420.670332778985
-420.670333521443
-420.670334244072
-420.670334947359
-420.670325110467
-420.670325791492
-420.670326456992
-420.670327104978
-420.670327733224
-420.670328341088
-420.670328930536
-420.670329505258
-420.670330068557
-420.670330621475
-420.670320795648
-420.670321334101
-420.670321855344
-420.670322360080
-420.670322852007
-420.670323336248
-420.670323817252
-420.670324297289
-420.670324776641
-420.670325255071
-420.670315380453
-420.670315876227
-420.670316378150
-420.670316889083
-420.670317410045
-420.670317940125
-420.670318477804
-420.670319022508
-420.670319575604
-420.670320140092
-420.670309105518
-420.670309715737
-420.670310340836
-420.670310977789
-420.670311622884
-420.670312273085
-420.670312926701
-420.670313583059
-420.670314241516
-420.670314900608
-420.670302731961
-420.670303399665
-420.670304059479
-420.670304709309
-420.670305347729
-420.670305973396
-420.670306584394
-420.670307177943
-420.670307750879
-420.670308300320
-420.670296903014
-420.670297416608
-420.670297906146
-420.670298373319
-420.670298819511
-420.670299245447
-420.670299651201
-420.670300036771
-420.670300402588
-420.670300749815
-420.670291183546
-420.670291511813
-420.670291827068
-420.670292131263
-420.670292426648
-420.670292715971
-420.670293002444
-420.670293289369
-420.670293579424
-420.670293874352
-420.670284680446
-420.670284998704
-420.670285322888
-420.670285653692
-420.670285992378
-420.670286340280
-420.670286698425
-420.670287067333
-420.670287447234
-420.670287838434
-420.670277494396
-420.670277922010
-420.670278362287
-420.670278814432
-420.670279276831
-420.670279747649
-420.670280225637
-420.670280710797
-420.670281204142
-420.670281707044
-420.670270826715
-420.670271362073
-420.670271907026
-420.670272460909
-420.670273023819
-420.670273596574
-420.670274180245
-420.670274775266
-420.670275381209
-420.670275997073
-420.670265639474
-420.670266286590
-420.670266945706
-420.670267619217
-420.670268308851
-420.670269014752
-420.670269735503
-420.670270468971
-420.670271213443
-420.670271968160
-420.670261749174
-420.670262537152
-420.670263334683
-420.670264140083
-420.670264951466
-420.670265767482
-420.670266587814
-420.670267412668
-420.670268241803
-420.670269073503
-420.670258692068
-420.670259530546
-420.670260359497
-420.670261175835
-420.670261977888
-420.670262764852
-420.670263535924
-420.670264289809
-420.670265024860
-420.670265739548
-420.670255931994
-420.670256617205
-420.670257280309
-420.670257920051
-420.670258534110
-420.670259119519
-420.670259673549
-420.670260194699
-420.670260683129
-420.670261140436
-420.670251865776
-420.670252282321
-420.670252674310
-420.670253043415
-420.670253391197
-420.670253719393
-420.670254029745
-420.670254323838
-420.670254602918
-420.670254868101
-420.670245270797
-420.670245526867
-420.670245775177
-420.670246019680
-420.670246264951
-420.670246515655
-420.670246776119
-420.670247049829
-420.670247339311
-420.670247646218
-420.670238009471
-420.670238365489
-420.670238741033
-420.670239137029
-420.670239554501
-420.670239994407
-420.670240457319
-420.670240943402
-420.670241452602
-420.670241984809
-420.670233672496
-420.670234261679
-420.670234872345
-420.670235502051
-420.670236147052
-420.670236803089
-420.670237466118
-420.670238133143
-420.670238802302
-420.670239472223
-420.670232757298
-420.670233435075
-420.670234105842
-420.670234766194
-420.670235413713
-420.670236047107
-420.670236666038
-420.670237269995
-420.670237857701
-420.670238426975
-420.670231985513
-420.670232524072
-420.670233040669
-420.670233536710
-420.670234013820
-420.670234472823
-420.670234913397
-420.670235334612
-420.670235735843
-420.670236117789
-420.670228928074
-420.670229289153
-420.670229637271
-420.670229973058
-420.670230295961
-420.670230604900
-420.670230899187
-420.670231178840
-420.670231444254
-420.670231695557
-420.670224162461
-420.670224394477
-420.670224609040
-420.670224805545
-420.670224984364
-420.670225146549
-420.670225293033
-420.670225424100
-420.670225539137
-420.670225637080
-420.670218666417
-420.670218739997
-420.670218796089
-420.670218835768
-420.670218860310
-420.670218871263
-420.670218870624
-420.670218861133
-420.670218846231
-420.670218829645
-420.670212358321
-420.670212358781
-420.670212366141
-420.670212382488
-420.670212410166
-420.670212452013
-420.670212511154
-420.670212590668
-420.670212693310
-420.670212821495
-420.670206249741
-420.670206446528
-420.670206676304
-420.670206941314
-420.670207242797
-420.670207580834
-420.670207954469
-420.670208362306
-420.670208803093
-420.670209276078
-420.670202460247
-420.670203006470
-420.670203582591
-420.670204186894
-420.670204817383
-420.670205472270
-420.670206150179
-420.670206849825
-420.670207569582
-420.670208307055
-420.670201131589
-420.670201905093
-420.670202687043
-420.670203475615
-420.670204269893
-420.670205069504
-420.670205874016
-420.670206682604
-420.670207494117
-420.670208307469
-420.670200472547
-420.670201297451
-420.670202122103
-420.670202944965
-420.670203763589
-420.670204574896
-420.670205375966
-420.670206164756
-420.670206940316
-420.670207702503
-420.670199304424
-420.670200049262
-420.670200777791
-420.670201487358
-420.670202175072
-420.670202838177
-420.670203474043
-420.670204079746
-420.670204651844
-420.670205186433
-420.670196856597
-420.670197317637
-420.670197734213
-420.670198107279
-420.670198438709
-420.670198730072
-420.670198981813
-420.670199193223
-420.670199363225
-420.670199491435
-420.670191600766
-420.670191661725
-420.670191687191
-420.670191680240
-420.670191643914
-420.670191581663
-420.670191498186
-420.670191399785
-420.670191293904
-420.670191187931
-420.670183595055
-420.670183516544
-420.670183450275
-420.670183398517
-420.670183364615
-420.670183353602
-420.670183371485
-420.670183423958
-420.670183515200
-420.670183647528
-420.670176292740
-420.670176520460
-420.670176793040
-420.670177112371
-420.670177479528
-420.670177893736
-420.670178352169
-420.670178850749
-420.670179385700
-420.670179954588
-420.670173102177
-420.670173745240
-420.670174418286
-420.670175116980
-420.670175835044
-420.670176565672
-420.670177303042
-420.670178043118
-420.670178783308
-420.670179521252
-420.670173473233
-420.670174206139
-420.670174925500
-420.670175628320
-420.670176313415
-420.670176980884
-420.670177630865
-420.670178262306
-420.670178872500
-420.670179457975
-420.670174354395
-420.670174894639
-420.670175408137
-420.670175897550
-420.670176365304
-420.670176812684
-420.670177239845
-420.670177646642
-420.670178033637
-420.670178402372
-420.670174123330
-420.670174470148
-420.670174800329
-420.670175111090
-420.670175398880
-420.670175660735
-420.670175895289
-420.670176102603
-420.670176283424
-420.670176437974
-420.670172461443
-420.670172570506
-420.670172648926
-420.670172695488
-420.670172709621
-420.670172690872
-420.670172638093
-420.670172549034
-420.670172420766
-420.670172250585
-420.670167854684
-420.670167610918
-420.670167328627
-420.670167012746
-420.670166668751
-420.670166301920
-420.670165916950
-420.670165518049
-420.670165109247
-420.670164694509
-420.670159408924
-420.670159005539
-420.670158607370
-420.670158217956
-420.670157841244
-420.670157482015
-420.670157146102
-420.670156840236
-420.670156571528
-420.670156346605
-420.670150077608
-420.670149965146
-420.670149905659
-420.670149898105
-420.670149940355
-420.670150029962
-420.670150164864
-420.670150343468
-420.670150564349
-420.670150825843
-420.670143694599
-420.670144042192
-420.670144422831
-420.670144833870
-420.670145272768
-420.670145736618
-420.670146221554
-420.670146722439
-420.670147233188
-420.670147747651
-420.670140500070
-420.670141020760
-420.670141535245
-420.670142043081
-420.670142543915
-420.670143036842
-420.670143520583
-420.670143994124
-420.670144457535
-420.670144912299
-420.670138229310
-420.670138685146
-420.670139138301
-420.670139588904
-420.670140036388
-420.670140480473
-420.670140921849
-420.670141362369
-420.670141804260
-420.670142249310
-420.670135707450
-420.670136169998
-420.670136635094
-420.670137102288
-420.670137571780
-420.670138044030
-420.670138518804
-420.670138994426
-420.670139467649
-420.670139934051
-420.670133167644
-420.670133616513
-420.670134047431
-420.670134458345
-420.670134847338
-420.670135212148
-420.670135550137
-420.670135858771
-420.670136136051
-420.670136380690
-420.670129764421
-420.670129948807
-420.670130098418
-420.670130212392
-420.670130290045
-420.670130331289
-420.670130336826
-420.670130308202
-420.670130247467
-420.670130157006
-420.670124012883
-420.670123877728
-420.670123721553
-420.670123547945
-420.670123360514
-420.670123162835
-420.670122958381
-420.670122750486
-420.670122542730
-420.670122338724
-420.670116669779
-420.670116491303
-420.670116325297
-420.670116173192
-420.670116036144
-420.670115915636
-420.670115813724
-420.670115732904
-420.670115675503
-420.670115643150
-420.670110150646
-420.670110179868
-420.670110235390
-420.670110317806
-420.670110428013
-420.670110566424
-420.670110732265
-420.670110923301
-420.670111136374
-420.670111368438
-420.670105644548
-420.670105921748
-420.670106216096
-420.670106528000
-420.670106856965
-420.670107201538
-420.670107559883
-420.670107930534
-420.670108312652
-420.670108705599
-420.670103089331
-420.670103509767
-420.670103932060
-420.670104351387
-420.670104763941
-420.670105167970
-420.670105563709
-420.670105952322
-420.670106334535
-420.670106709865
-420.670101889295
-420.670102255868
-420.670102610493
-420.670102952248
-420.670103280044
-420.670103591874
-420.670103884556
-420.670104154478
-420.670104399022
-420.670104617818
-420.670099984912
-420.670100168700
-420.670100335987
-420.670100488847
-420.670100627590
-420.670100751528
-420.670100860230
-420.670100954317
-420.670101035296
-420.670101104808
-420.670095245243
-420.670095303082
-420.670095352030
-420.670095394593
-420.670095435306
-420.670095479936
-420.670095533845
-420.670095600506
-420.670095681014
-420.670095774872
-420.670088623055
-420.670088752907
-420.670088899583
-420.670089066813
-420.670089257799
-420.670089474457
-420.670089717475
-420.670089987322
-420.670090284923
-420.670090611746
-420.670083247760
-420.670083643193
-420.670084064944
-420.670084508359
-420.670084968856
-420.670085443657
-420.670085932297
-420.670086435842
-420.670086955069
-420.670087488803
-420.670080787633
-420.670081348321
-420.670081909726
-420.670082467269
-420.670083017136
-420.670083555395
-420.670084077427
-420.670084578014
-420.670085052680
-420.670085499074
-420.670079722272
-420.670080127291
-420.670080510726
-420.670080874171
-420.670081216629
-420.670081534993
-420.670081825718
-420.670082086410
-420.670082316614
-420.670082517306
-420.670077205404
-420.670077362178
-420.670077493415
-420.670077601651
-420.670077691439
-420.670077769067
-420.670077841167
-420.670077912706
-420.670077985562
-420.670078058486
-420.670072929236
-420.670073003893
-420.670073072427
-420.670073136062
-420.670073197064
-420.670073257509
-420.670073318809
-420.670073381995
-420.670073448622
-420.670073521254
-420.670068371236
-420.670068473427
-420.670068587077
-420.670068709760
-420.670068837250
-420.670068965301
-420.670069091227
-420.670069214915
-420.670069338377
-420.670069464688
-420.670063504397
-420.670063653791
-420.670063813137
-420.670063984300
-420.670064169445
-420.670064370556
-420.670064588927
-420.670064824573
-420.670065076375
-420.670065342789
-420.670058137501
-420.670058441478
-420.670058761432
-420.670059099796
-420.670059458840
-420.670059839947
-420.670060243271
-420.670060667808
-420.670061111696
-420.670061572293
-420.670053858249
-420.670054352327
-420.670054852452
-420.670055355088
-420.670055857174
-420.670056356169
-420.670056849688
-420.670057335161
-420.670057809643
-420.670058269869
-420.670051378625
-420.670051810894
-420.670052219521
-420.670052601734
-420.670052954718
-420.670053275897
-420.670053563311
-420.670053816254
-420.670054035452
-420.670054222709
-420.670048872198
-420.670049011892
-420.670049123588
-420.670049206909
-420.670049261609
-420.670049288404
-420.670049289269
-420.670049267113
-420.670049224870
-420.670049164797
-420.670045197251
-420.670045117581
-420.670045024341
-420.670044919736
-420.670044806367
-420.670044686230
-420.670044559902
-420.670044426310
-420.670044283287
-420.670044128785
-420.670041100551
-420.670040934210
-420.670040757514
-420.670040571947
-420.670040378088
-420.670040175511
-420.670039963377
-420.670039741259
-420.670039509786
-420.670039270464
-420.670036863869
-420.670036624316
-420.670036379915
-420.670036130594
-420.670035876749
-420.670035620138
-420.670035364026
-420.670035112665
-420.670034870413
-420.670034640938
-420.670032630980
-420.670032444202
-420.670032276684
-420.670032130460
-420.670032007722
-420.670031910317
-420.670031839299
-420.670031794753
-420.670031775903
-420.670031781736
-420.670030069206
-420.670030131451
-420.670030215926
-420.670030321331
-420.670030445514
-420.670030585336
-420.670030736914
-420.670030895788
-420.670031057183
-420.670031216230
-420.670029702471
-420.670029852102
-420.670029985422
-420.670030098623
-420.670030188411
-420.670030251763
-420.670030285869
-420.670030288027
-420.670030255950
-420.670030187981
-420.670028247726
-420.670028116889
-420.670027949837
-420.670027747170
-420.670027509577
-420.670027238227
-420.670026935304
-420.670026604315
-420.670026249808
-420.670025876636
-420.670022690242
-420.670022303406
-420.670021907136
-420.670021503472
-420.670021095321
-420.670020686819
-420.670020282782
-420.670019887675
-420.670019504624
-420.670019135218
-420.670015060172
-420.670014733070
-420.670014422693
-420.670014130903
-420.670013858744
-420.670013605372
-420.670013367708
-420.670013141451
-420.670012922727
-420.670012709485
-420.670008914163
-420.670008724272
-420.670008541691
-420.670008365146
-420.670008191490
-420.670008016863
-420.670007838170
-420.670007653858
-420.670007463492
-420.670007266507
-420.670004017006
-420.670003810352
-420.670003589835
-420.670003355007
-420.670003108531
-420.670002855834
-420.670002603124
-420.670002355259
-420.670002114448
-420.670001880708
-420.669998734170
-420.669998524324
-420.669998324328
-420.669998138143
-420.669997969594
-420.669997821339
-420.669997694955
-420.669997592176
-420.669997516266
-420.669997472366
-420.669993903355
-420.669993950833
-420.669994042313
-420.669994175621
-420.669994346334
-420.669994549815
-420.669994783206
-420.669995045702
-420.669995337681
-420.669995658919
-420.669991385288
-420.669991769329
-420.669992173196
-420.669992593464
-420.669993027654
-420.669993473399
-420.669993927032
-420.669994382756
-420.669994832985
-420.669995269872
-420.669990708577
-420.669991114733
-420.669991496896
-420.669991855145
-420.669992188793
-420.669992495515
-420.669992771722
-420.669993013746
-420.669993219134
-420.669993387175
-420.669989113732
-420.669989219653
-420.669989289550
-420.669989323056
-420.669989320092
-420.669989281881
-420.669989211308
-420.669989112401
-420.669988989134
-420.669988844219
-420.669984757295
-420.669984581105
-420.669984385071
-420.669984171089
-420.669983942689
-420.669983704287
-420.669983459971
-420.669983212500
-420.669982963080
-420.669982712019
-420.669978114115
-420.669977870407
-420.669977628202
-420.669977389429
-420.669977155424
-420.669976926842
-420.669976703980
-420.669976487671
-420.669976279736
-420.669976082921
-420.669970670678
-420.669970512260
-420.669970370053
-420.669970243109
-420.669970130155
-420.669970030731
-420.669969945934
-420.669969878109
-420.669969830143
-420.669969804399
-420.669964237347
-420.669964268544
-420.669964324294
-420.669964405142
-420.669964511747
-420.669964644320
-420.669964801977
-420.669964982518
-420.669965183050
-420.669965400799
-420.669960653202
-420.669960912303
-420.669961186324
-420.669961474402
-420.669961774216
-420.669962081826
-420.669962392494
-420.669962701587
-420.669963005330
-420.669963300681
-420.669959783899
-420.669960065253
-420.669960328122
-420.669960568507
-420.669960783236
-420.669960970408
-420.669961129394
-420.669961260037
-420.669961361847
-420.669961433594
-420.669958751606
-420.669958769604
-420.669958754807
-420.669958709014
-420.669958635122
-420.669958536167
-420.669958414580
-420.669958272024
-420.669958109813
-420.669957929740
-420.669954845443
-420.669954648852
-420.669954444906
-420.669954237270
-420.669954028812
-420.669953821718
-420.669953618026
-420.669953420211
-420.669953231156
-420.669953053969
-420.669948129494
-420.669947992610
-420.669947871955
-420.669947767250
-420.669947678294
-420.669947605632
-420.669947550667
-420.669947515407
-420.669947501773
-420.669947511046
-420.669940260805
-420.669940327926
-420.669940418625
-420.669940533379
-420.669940673228
-420.669940839306
-420.669941032388
-420.669941252472
-420.669941498969
-420.669941771285
-420.669932946853
-420.669933284366
-420.669933651229
-420.669934049702
-420.669934481300
-420.669934946195
-420.669935443240
-420.669935970709
-420.669936527025
-420.669937111058
-420.669928164077
-420.669928812871
-420.669929484609
-420.669930175908
-420.669930883266
-420.669931603878
-420.669932336219
-420.669933079631
-420.669933833250
-420.669934594863
-420.669926747440
-420.669927523141
-420.669928291739
-420.669929048736
-420.669929791146
-420.669930517027
-420.669931224629
-420.669931911755
-420.669932575852
-420.669933214785
-420.669926799897
-420.669927397456
-420.669927969905
-420.669928517243
-420.669929037934
-420.669929529045
-420.669929987571
-420.669930411855
-420.669930802476
-420.669931161904
-420.669925888392
-420.669926204161
-420.669926494510
-420.669926758989
-420.669926997138
-420.669927209250
-420.669927396343
-420.669927559303
-420.669927697984
-420.669927811013
-420.669923351872
-420.669923419397
-420.669923460715
-420.669923479530
-420.669923480133
-420.669923465518
-420.669923436215
-420.669923390603
-420.669923326367
-420.669923242322
-420.669918921036
-420.669918810053
-420.669918686116
-420.669918551959
-420.669918409544
-420.669918260781
-420.669918108675
-420.669917957731
-420.669917813196
-420.669917679448
-420.669912435354
-420.669912334929
-420.669912245195
-420.669912164983
-420.669912095422
-420.669912040301
-420.669912004859
-420.669911993979
-420.669912010642
-420.669912055620
-420.669905547836
-420.669905657097
-420.669905793397
-420.669905957032
-420.669906147669
-420.669906363561
-420.669906601582
-420.669906858149
-420.669907130618
-420.669907418188
-420.669900230161
-420.669900561479
-420.669900910531
-420.669901275559
-420.669901652936
-420.669902038164
-420.669902427310
-420.669902818041
-420.669903209558
-420.669903601778
-420.669896865129
-420.669897267501
-420.669897666984
-420.669898061445
-420.669898449438
-420.669898830510
-420.669899204796
-420.669899572491
-420.669899933091
-420.669900285358
-420.669895178259
-420.669895521501
-420.669895853993
-420.669896176812
-420.669896491344
-420.669896798303
-420.669897096932
-420.669897384963
-420.669897659378
-420.669897917599
-420.669894638010
-420.669894874491
-420.669895096020
-420.669895304584
-420.669895501340
-420.669895686303
-420.669895858589
-420.669896017107
-420.669896161115
-420.669896290197
-420.669893811309
-420.669893920498
-420.669894011140
-420.669894081352
-420.669894130236
-420.669894158775
-420.669894169842
-420.669894167208
-420.669894154147
-420.669894132142
-420.669891228795
-420.669891197606
-420.669891152957
-420.669891093960
-420.669891021184
-420.669890936178
-420.669890840690
-420.669890736175
-420.669890623996
-420.669890505971
-420.669886775691
-420.669886666849
-420.669886561842
-420.669886462880
-420.669886370398
-420.669886283463
-420.669886200947
-420.669886122813
-420.669886050864
-420.669885988383
-420.669881617791
-420.669881595460
-420.669881590329
-420.669881602628
-420.669881632071
-420.669881678592
-420.669881742295
-420.669881822929
-420.669881919424
-420.669882029676
-420.669877132218
-420.669877273662
-420.669877423480
-420.669877581686
-420.669877748221
-420.669877921714
-420.669878098839
-420.669878274549
-420.669878443188
-420.669878599694
-420.669873103213
-420.669873236811
-420.669873350482
-420.669873442384
-420.669873510446
-420.669873552787
-420.669873568216
-420.669873556508
-420.669873517884
-420.669873452165
-420.669867794578
-420.669867681878
-420.669867536501
-420.669867357633
-420.669867146741
-420.669866907745
-420.669866645936
-420.669866366693
-420.669866074509
-420.669865772740
-420.669860932189
-420.669860632440
-420.669860332697
-420.669860036792
-420.669859748141
-420.669859469027
-420.669859200832
-420.669858944852
-420.669858703407
-420.669858480325
-420.669854614814
-420.669854455276
-420.669854326740
-420.669854230059
-420.669854164139
-420.669854127197
-420.669854118025
-420.669854136457
-420.669854182962
-420.669854257592
-420.669850554384
-420.669850691262
-420.669850849432
-420.669851026702
-420.669851222488
-420.669851437534
-420.669851672693
-420.669851927715
-420.669852200481
-420.669852487617
-420.669848603135
-420.669848919985
-420.669849245562
-420.669849580575
-420.669849925361
-420.669850278624
-420.669850637501
-420.669850998651
-420.669851359958
-420.669851721410
-420.669848181328
-420.669848558027
-420.669848939553
-420.669849324244
-420.669849708546
-420.669850088691
-420.669850462258
-420.669850828833
-420.669851189110
-420.669851543346
-420.669848668853
-420.669849013451
-420.669849343656
-420.669849657250
-420.669849954350
-420.669850236905
-420.669850506883
-420.669850764413
-420.669851007045
-420.669851230596
-420.669848827479
-420.669849011616
-420.669849172200
-420.669849311765
-420.669849432315
-420.669849533835
-420.669849614332
-420.669849671120
-420.669849702777
-420.669849710087
-420.669847491504
-420.669847465493
-420.669847421066
-420.669847356904
-420.669847270387
-420.669847159442
-420.669847023948
-420.669846865835
-420.669846687824
-420.669846491661
-420.669844322140
-420.669844094939
-420.669843845154
-420.669843572256
-420.669843278062
-420.669842966170
-420.669842640257
-420.669842302702
-420.669841954004
-420.669841593519
-420.669839212250
-420.669838836212
-420.669838451629
-420.669838061935
-420.669837670396
-420.669837279457
-420.669836890999
-420.669836507137
-420.669836130895
-420.669835766314
-420.669832777960
-420.669832456830
-420.669832157026
-420.669831878715
-420.669831621083
-420.669831383478
-420.669831166328
-420.669830971207
-420.669830800541
-420.669830656725
-420.669827226256
-420.669827148913
-420.669827100161
-420.669827078655
-420.669827082551
-420.669827109663
-420.669827157445
-420.669827223107
-420.669827303865
-420.669827397228
-420.669823836230
-420.669823960353
-420.669824094527
-420.669824239184
-420.669824394526
-420.669824559929
-420.669824733539
-420.669824912572
-420.669825093842
-420.669825274597
-420.669821511454
-420.669821697331
-420.669821880749
-420.669822062310
-420.669822242467
-420.669822421257
-420.669822598524
-420.669822774077
-420.669822947662
-420.669823118793
-420.669819193345
-420.669819364670
-420.669819527876
-420.669819680804
-420.669819822082
-420.669819951340
-420.669820068651
-420.669820173744
-420.669820265253
-420.669820340665
-420.669816615463
-420.669816659236
-420.669816679867
-420.669816677108
-420.669816651263
-420.669816602403
-420.669816530002
-420.669816433202
-420.669816311481
-420.669816165099
-420.669812651351
-420.669812468977
-420.669812265034
-420.669812039593
-420.669811792674
-420.669811525311
-420.669811240450
-420.669810942874
-420.669810638261
-420.669810331703
-420.669806628502
-420.669806338165
-420.669806051425
-420.669805769023
-420.669805492761
-420.669805225382
-420.669804969965
-420.669804729025
-420.669804504438
-420.669804297809
-420.669800177029
-420.669800026584
-420.669799902921
-420.669799808841
-420.669799745291
-420.669799711007
-420.669799703172
-420.669799718917
-420.669799756651
-420.669799816674
-420.669795358833
-420.669795479845
-420.669795626917
-420.669795799213
-420.669795994906
-420.669796212156
-420.669796449651
-420.669796706534
-420.669796981885
-420.669797274005
-420.669793139350
-420.669793466556
-420.669793802196
-420.669794144987
-420.669794494905
-420.669794852388
-420.669795217161
-420.669795587329
-420.669795959339
-420.669796328747
-420.669793368978
-420.669793731151
-420.669794082323
-420.669794422037
-420.669794749858
-420.669795064600
-420.669795364354
-420.669795646814
-420.669795910112
-420.669796153108
-420.669794407995
-420.669794616175
-420.669794800482
-420.669794958130
-420.669795085998
-420.669795181778
-420.669795244863
-420.669795276548
-420.669795279222
-420.669795255164
-420.669794038469
-420.669793969826
-420.669793873217
-420.669793747117
-420.669793590804
-420.669793404497
-420.669793188599
-420.669792942777
-420.669792665582
-420.669792354994
-420.669791400445
-420.669791027635
-420.669790622135
-420.669790187174
-420.669789725628
-420.669789238745
-420.669788725761
-420.669788184667
-420.669787613507
-420.669787011624
-420.669786651794
-420.669785998931
-420.669785318417
-420.669784610680
-420.669783875993
-420.669783115749
-420.669782333472
-420.669781534818
-420.669780726576
-420.669779914801
-420.669780133719
-420.669779332948
-420.669778534707
-420.669777739530
-420.669776949451
-420.669776168165
-420.669775400403
-420.669774650859
-420.669773923538
-420.669773222044
-420.669773128838
-420.669772500246
-420.669771911757
-420.669771368686
-420.669770874768
-420.669770431157
-420.669770036679
-420.669769688995
-420.669769386131
-420.669769127711
-420.669767575493
-420.669767418924
-420.669767312019
-420.669767255583
-420.669767249258
-420.669767292091
-420.669767383187
-420.669767521967
-420.669767707831
-420.669767939424
-420.669764694220
-420.669765015924
-420.669765373209
-420.669765762586
-420.669766181778
-420.669766629710
-420.669767105780
-420.669767608988
-420.669768137275
-420.669768687293
-420.669764162581
-420.669764750510
-420.669765348676
-420.669765954277
-420.669766564694
-420.669767176939
-420.669767787207
-420.669768390939
-420.669768983223
-420.669769559372
-420.669764313812
-420.669764852098
-420.669765363824
-420.669765846055
-420.669766295638
-420.669766709396
-420.669767084528
-420.669767419106
-420.669767712229
-420.669767963825
-420.669763174676
-420.669763348884
-420.669763481242
-420.669763570945
-420.669763617510
-420.669763621571
-420.669763585324
-420.669763512474
-420.669763407651
-420.669763275724
-420.669760199941
-420.669760031460
-420.669759847255
-420.669759650777
-420.669759445868
-420.669759236624
-420.669759026918
-420.669758819865
-420.669758617643
-420.669758421790
-420.669757047242
-420.669756876105
-420.669756718191
-420.669756576595
-420.669756453483
-420.669756349253
-420.669756262299
-420.669756189643
-420.669756128217
-420.669756075911
-420.669754912132
-420.669754884117
-420.669754863884
-420.669754849899
-420.669754839462
-420.669754829348
-420.669754816673
-420.669754799576
-420.669754776851
-420.669754747193
-420.669752411830
-420.669752369266
-420.669752310896
-420.669752234513
-420.669752140159
-420.669752030135
-420.669751907881
-420.669751776313
-420.669751636542
-420.669751487678
-420.669748343628
-420.669748179843
-420.669748002864
-420.669747813699
-420.669747614028
-420.669747405423
-420.669747188905
-420.669746965409
-420.669746736677
-420.669746505761
-420.669743498502
-420.669743283757
-420.669743077223
-420.669742879210
-420.669742688149
-420.669742501747
-420.669742318404
-420.669742138177
-420.669741962700
-420.669741794498
-420.669738464744
-420.669738325962
-420.669738200260
-420.669738088801
-420.669737992748
-420.669737913160
-420.669737850658
-420.669737804918
-420.669737774609
-420.669737757720
-420.669733433371
-420.669733444754
-420.669733464279
-420.669733491213
-420.669733525068
-420.669733565257
-420.669733610874
-420.669733660554
-420.669733712400
-420.669733764030
-420.669729408861
-420.669729459901
-420.669729502576
-420.669729534564
-420.669729553858
-420.669729558255
-420.669729545272
-420.669729512202
-420.669729456604
-420.669729376964
-420.669726453964
-420.669726335950
-420.669726196547
-420.669726037322
-420.669725859141
-420.669725662469
-420.669725447956
-420.669725217091
-420.669724972447
-420.669724717122
-420.669723601697
-420.669723342349
-420.669723078195
-420.669722810444
-420.669722541263
-420.669722274207
-420.669722013786
-420.669721764179
-420.669721528244
-420.669721307050
-420.669721520292
-420.669721338342
-420.669721171248
-420.669721020407
-420.669720887229
-420.669720772115
-420.669720673778
-420.669720589432
-420.669720515835
-420.669720450252
-420.669721071083
-420.669721026949
-420.669720987077
-420.669720949621
-420.669720912014
-420.669720871662
-420.669720826837
-420.669720777048
-420.669720722508
-420.669720663210
-420.669720774246
-420.669720707754
-420.669720628069
-420.669720531540
-420.669720415887
-420.669720280787
-420.669720127537
-420.669719958178
-420.669719774799
-420.669719579249
-420.669718732226
-420.669718524576
-420.669718310179
-420.669718090505
-420.669717865941
-420.669717635407
-420.669717396710
-420.669717147472
-420.669716886353
-420.669716613941
-420.669714467118
-420.669714187733
-420.669713907480
-420.669713629643
-420.669713356192
-420.669713088050
-420.669712825513
-420.669712568684
-420.669712317569
-420.669712071977
-420.669708566213
-420.669708335826
-420.669708108477
-420.669707884181
-420.669707664399
-420.669707451866
-420.669707250045
-420.669707062058
-420.669706889818
-420.669706733704
-420.669702549036
-420.669702428726
-420.669702321850
-420.669702228199
-420.669702147832
-420.669702080366
-420.669702024578
-420.669701978498
-420.669701940142
-420.669701908350
-420.669697755738
-420.669697744877
-420.669697743413
-420.669697752181
-420.669697770777
-420.669697797729
-420.669697831187
-420.669697869804
-420.669697913011
-420.669697960853
-420.669694030442
-420.669694094555
-420.669694161935
-420.669694231855
-420.669694304660
-420.669694382337
-420.669694468335
-420.669694566640
-420.669694680555
-420.669694811795
-420.669690959855
-420.669691133891
-420.669691324125
-420.669691530859
-420.669691755406
-420.669691999479
-420.669692264422
-420.669692550670
-420.669692857799
-420.669693185094
-420.669689106047
-420.669689482004
-420.669689877870
-420.669690293211
-420.669690726318
-420.669691174144
-420.669691632906
-420.669692099072
-420.669692570240
-420.669693045261
-420.669688727494
-420.669689217276
-420.669689706906
-420.669690192485
-420.669690669279
-420.669691132999
-420.669691580771
-420.669692011526
-420.669692425312
-420.669692822310
-420.669688548019
-420.669688918016
-420.669689268264
-420.669689598242
-420.669689908471
-420.669690200061
-420.669690473611
-420.669690728375
-420.669690962145
-420.669691172250
-420.669686867754
-420.669687035802
-420.669687181808
-420.669687309736
-420.669687423008
-420.669687523357
-420.669687610726
-420.669687684283
-420.669687743759
-420.669687790163
-420.669683099295
-420.669683132624
-420.669683157009
-420.669683171614
-420.669683175264
-420.669683167945
-420.669683151916
-420.669683131425
-420.669683111418
-420.669683095915
-420.669677895174
-420.669677901107
-420.669677915056
-420.669677939020
-420.669677976633
-420.669678032280
-420.669678109431
-420.669678209458
-420.669678331678
-420.669678474742
-420.669672785214
-420.669672979957
-420.669673200767
-420.669673451571
-420.669673735029
-420.669674051780
-420.669674400914
-420.669674781259
-420.669675192266
-420.669675633981
